Object,Attributes,Condition
30011717,RUL_BIN=Critical,alloy_speed_meter_minute_BIN=Medium
30011717,RUL_BIN=Critical,crystallizer_movementmm_BIN=Low
30011717,RUL_BIN=Critical,resistance_tonn_BIN=Low
30011717,RUL_BIN=Critical,steel_temperature_grab1Celsius_BIN=High
30011717,RUL_BIN=Critical,steel_weighttonn_BIN=High
30011717,RUL_BIN=Critical,swing_frequency_amount_minute_BIN=High
30011717,RUL_BIN=Critical,temperature_measurement1_Celsius_BIN=Low
30011717,RUL_BIN=Critical,temperature_measurement2_Celsius_BIN=Low
30011717,RUL_BIN=Critical,water_consumption_BIN=High
30011717,RUL_BIN=Critical,water_temperature_deltaCelsius_BIN=High
30011717,alloy_type=open,alloy_speed_meter_minute_BIN=Medium
30011717,alloy_type=open,crystallizer_movementmm_BIN=Low
30011717,alloy_type=open,resistance_tonn_BIN=Low
30011717,alloy_type=open,steel_temperature_grab1Celsius_BIN=High
30011717,alloy_type=open,steel_weighttonn_BIN=High
30011717,alloy_type=open,swing_frequency_amount_minute_BIN=High
30011717,alloy_type=open,temperature_measurement1_Celsius_BIN=Low
30011717,alloy_type=open,temperature_measurement2_Celsius_BIN=Low
30011717,alloy_type=open,water_consumption_BIN=High
30011717,alloy_type=open,water_temperature_deltaCelsius_BIN=High
30011717,num_crystallizer_BIN=Low,alloy_speed_meter_minute_BIN=Medium
30011717,num_crystallizer_BIN=Low,crystallizer_movementmm_BIN=Low
30011717,num_crystallizer_BIN=Low,resistance_tonn_BIN=Low
30011717,num_crystallizer_BIN=Low,steel_temperature_grab1Celsius_BIN=High
30011717,num_crystallizer_BIN=Low,steel_weighttonn_BIN=High
30011717,num_crystallizer_BIN=Low,swing_frequency_amount_minute_BIN=High
30011717,num_crystallizer_BIN=Low,temperature_measurement1_Celsius_BIN=Low
30011717,num_crystallizer_BIN=Low,temperature_measurement2_Celsius_BIN=Low
30011717,num_crystallizer_BIN=Low,water_consumption_BIN=High
30011717,num_crystallizer_BIN=Low,water_temperature_deltaCelsius_BIN=High
30011717,num_stream_BIN=Medium,alloy_speed_meter_minute_BIN=Medium
30011717,num_stream_BIN=Medium,crystallizer_movementmm_BIN=Low
30011717,num_stream_BIN=Medium,resistance_tonn_BIN=Low
30011717,num_stream_BIN=Medium,steel_temperature_grab1Celsius_BIN=High
30011717,num_stream_BIN=Medium,steel_weighttonn_BIN=High
30011717,num_stream_BIN=Medium,swing_frequency_amount_minute_BIN=High
30011717,num_stream_BIN=Medium,temperature_measurement1_Celsius_BIN=Low
30011717,num_stream_BIN=Medium,temperature_measurement2_Celsius_BIN=Low
30011717,num_stream_BIN=Medium,water_consumption_BIN=High
30011717,num_stream_BIN=Medium,water_temperature_deltaCelsius_BIN=High
30011717,steel_type=Arm500,alloy_speed_meter_minute_BIN=Medium
30011717,steel_type=Arm500,crystallizer_movementmm_BIN=Low
30011717,steel_type=Arm500,resistance_tonn_BIN=Low
30011717,steel_type=Arm500,steel_temperature_grab1Celsius_BIN=High
30011717,steel_type=Arm500,steel_weighttonn_BIN=High
30011717,steel_type=Arm500,swing_frequency_amount_minute_BIN=High
30011717,steel_type=Arm500,temperature_measurement1_Celsius_BIN=Low
30011717,steel_type=Arm500,temperature_measurement2_Celsius_BIN=Low
30011717,steel_type=Arm500,water_consumption_BIN=High
30011717,steel_type=Arm500,water_temperature_deltaCelsius_BIN=High
30011717,workpiece_slice_geometry=180x180,alloy_speed_meter_minute_BIN=Medium
30011717,workpiece_slice_geometry=180x180,crystallizer_movementmm_BIN=Low
30011717,workpiece_slice_geometry=180x180,resistance_tonn_BIN=Low
30011717,workpiece_slice_geometry=180x180,steel_temperature_grab1Celsius_BIN=High
30011717,workpiece_slice_geometry=180x180,steel_weighttonn_BIN=High
30011717,workpiece_slice_geometry=180x180,swing_frequency_amount_minute_BIN=High
30011717,workpiece_slice_geometry=180x180,temperature_measurement1_Celsius_BIN=Low
30011717,workpiece_slice_geometry=180x180,temperature_measurement2_Celsius_BIN=Low
30011717,workpiece_slice_geometry=180x180,water_consumption_BIN=High
30011717,workpiece_slice_geometry=180x180,water_temperature_deltaCelsius_BIN=High
30012088,RUL_BIN=Critical,alloy_speed_meter_minute_BIN=Medium
30012088,RUL_BIN=Critical,crystallizer_movementmm_BIN=Low
30012088,RUL_BIN=Critical,resistance_tonn_BIN=Low
30012088,RUL_BIN=Critical,steel_temperature_grab1Celsius_BIN=High
30012088,RUL_BIN=Critical,steel_weighttonn_BIN=High
30012088,RUL_BIN=Critical,swing_frequency_amount_minute_BIN=High
30012088,RUL_BIN=Critical,temperature_measurement1_Celsius_BIN=Low
30012088,RUL_BIN=Critical,temperature_measurement2_Celsius_BIN=Low
30012088,RUL_BIN=Critical,water_consumption_BIN=High
30012088,RUL_BIN=Critical,water_temperature_deltaCelsius_BIN=High
30012088,alloy_type=open,alloy_speed_meter_minute_BIN=Medium
30012088,alloy_type=open,crystallizer_movementmm_BIN=Low
30012088,alloy_type=open,resistance_tonn_BIN=Low
30012088,alloy_type=open,steel_temperature_grab1Celsius_BIN=High
30012088,alloy_type=open,steel_weighttonn_BIN=High
30012088,alloy_type=open,swing_frequency_amount_minute_BIN=High
30012088,alloy_type=open,temperature_measurement1_Celsius_BIN=Low
30012088,alloy_type=open,temperature_measurement2_Celsius_BIN=Low
30012088,alloy_type=open,water_consumption_BIN=High
30012088,alloy_type=open,water_temperature_deltaCelsius_BIN=High
30012088,num_crystallizer_BIN=Low,alloy_speed_meter_minute_BIN=Medium
30012088,num_crystallizer_BIN=Low,crystallizer_movementmm_BIN=Low
30012088,num_crystallizer_BIN=Low,resistance_tonn_BIN=Low
30012088,num_crystallizer_BIN=Low,steel_temperature_grab1Celsius_BIN=High
30012088,num_crystallizer_BIN=Low,steel_weighttonn_BIN=High
30012088,num_crystallizer_BIN=Low,swing_frequency_amount_minute_BIN=High
30012088,num_crystallizer_BIN=Low,temperature_measurement1_Celsius_BIN=Low
30012088,num_crystallizer_BIN=Low,temperature_measurement2_Celsius_BIN=Low
30012088,num_crystallizer_BIN=Low,water_consumption_BIN=High
30012088,num_crystallizer_BIN=Low,water_temperature_deltaCelsius_BIN=High
30012088,num_stream_BIN=Medium,alloy_speed_meter_minute_BIN=Medium
30012088,num_stream_BIN=Medium,crystallizer_movementmm_BIN=Low
30012088,num_stream_BIN=Medium,resistance_tonn_BIN=Low
30012088,num_stream_BIN=Medium,steel_temperature_grab1Celsius_BIN=High
30012088,num_stream_BIN=Medium,steel_weighttonn_BIN=High
30012088,num_stream_BIN=Medium,swing_frequency_amount_minute_BIN=High
30012088,num_stream_BIN=Medium,temperature_measurement1_Celsius_BIN=Low
30012088,num_stream_BIN=Medium,temperature_measurement2_Celsius_BIN=Low
30012088,num_stream_BIN=Medium,water_consumption_BIN=High
30012088,num_stream_BIN=Medium,water_temperature_deltaCelsius_BIN=High
30012088,steel_type=Arm500,alloy_speed_meter_minute_BIN=Medium
30012088,steel_type=Arm500,crystallizer_movementmm_BIN=Low
30012088,steel_type=Arm500,resistance_tonn_BIN=Low
30012088,steel_type=Arm500,steel_temperature_grab1Celsius_BIN=High
30012088,steel_type=Arm500,steel_weighttonn_BIN=High
30012088,steel_type=Arm500,swing_frequency_amount_minute_BIN=High
30012088,steel_type=Arm500,temperature_measurement1_Celsius_BIN=Low
30012088,steel_type=Arm500,temperature_measurement2_Celsius_BIN=Low
30012088,steel_type=Arm500,water_consumption_BIN=High
30012088,steel_type=Arm500,water_temperature_deltaCelsius_BIN=High
30012088,workpiece_slice_geometry=180x180,alloy_speed_meter_minute_BIN=Medium
30012088,workpiece_slice_geometry=180x180,crystallizer_movementmm_BIN=Low
30012088,workpiece_slice_geometry=180x180,resistance_tonn_BIN=Low
30012088,workpiece_slice_geometry=180x180,steel_temperature_grab1Celsius_BIN=High
30012088,workpiece_slice_geometry=180x180,steel_weighttonn_BIN=High
30012088,workpiece_slice_geometry=180x180,swing_frequency_amount_minute_BIN=High
30012088,workpiece_slice_geometry=180x180,temperature_measurement1_Celsius_BIN=Low
30012088,workpiece_slice_geometry=180x180,temperature_measurement2_Celsius_BIN=Low
30012088,workpiece_slice_geometry=180x180,water_consumption_BIN=High
30012088,workpiece_slice_geometry=180x180,water_temperature_deltaCelsius_BIN=High
30012261,RUL_BIN=Critical,alloy_speed_meter_minute_BIN=High
30012261,RUL_BIN=Critical,crystallizer_movementmm_BIN=Medium
30012261,RUL_BIN=Critical,resistance_tonn_BIN=Low
30012261,RUL_BIN=Critical,steel_temperature_grab1Celsius_BIN=High
30012261,RUL_BIN=Critical,steel_weighttonn_BIN=High
30012261,RUL_BIN=Critical,swing_frequency_amount_minute_BIN=Medium
30012261,RUL_BIN=Critical,temperature_measurement1_Celsius_BIN=Low
30012261,RUL_BIN=Critical,temperature_measurement2_Celsius_BIN=Low
30012261,RUL_BIN=Critical,water_consumption_BIN=High
30012261,RUL_BIN=Critical,water_temperature_deltaCelsius_BIN=High
30012261,alloy_type=open,alloy_speed_meter_minute_BIN=High
30012261,alloy_type=open,crystallizer_movementmm_BIN=Medium
30012261,alloy_type=open,resistance_tonn_BIN=Low
30012261,alloy_type=open,steel_temperature_grab1Celsius_BIN=High
30012261,alloy_type=open,steel_weighttonn_BIN=High
30012261,alloy_type=open,swing_frequency_amount_minute_BIN=Medium
30012261,alloy_type=open,temperature_measurement1_Celsius_BIN=Low
30012261,alloy_type=open,temperature_measurement2_Celsius_BIN=Low
30012261,alloy_type=open,water_consumption_BIN=High
30012261,alloy_type=open,water_temperature_deltaCelsius_BIN=High
30012261,num_crystallizer_BIN=High,alloy_speed_meter_minute_BIN=High
30012261,num_crystallizer_BIN=High,crystallizer_movementmm_BIN=Medium
30012261,num_crystallizer_BIN=High,resistance_tonn_BIN=Low
30012261,num_crystallizer_BIN=High,steel_temperature_grab1Celsius_BIN=High
30012261,num_crystallizer_BIN=High,steel_weighttonn_BIN=High
30012261,num_crystallizer_BIN=High,swing_frequency_amount_minute_BIN=Medium
30012261,num_crystallizer_BIN=High,temperature_measurement1_Celsius_BIN=Low
30012261,num_crystallizer_BIN=High,temperature_measurement2_Celsius_BIN=Low
30012261,num_crystallizer_BIN=High,water_consumption_BIN=High
30012261,num_crystallizer_BIN=High,water_temperature_deltaCelsius_BIN=High
30012261,num_stream_BIN=Medium,alloy_speed_meter_minute_BIN=High
30012261,num_stream_BIN=Medium,crystallizer_movementmm_BIN=Medium
30012261,num_stream_BIN=Medium,resistance_tonn_BIN=Low
30012261,num_stream_BIN=Medium,steel_temperature_grab1Celsius_BIN=High
30012261,num_stream_BIN=Medium,steel_weighttonn_BIN=High
30012261,num_stream_BIN=Medium,swing_frequency_amount_minute_BIN=Medium
30012261,num_stream_BIN=Medium,temperature_measurement1_Celsius_BIN=Low
30012261,num_stream_BIN=Medium,temperature_measurement2_Celsius_BIN=Low
30012261,num_stream_BIN=Medium,water_consumption_BIN=High
30012261,num_stream_BIN=Medium,water_temperature_deltaCelsius_BIN=High
30012261,steel_type=St3sp,alloy_speed_meter_minute_BIN=High
30012261,steel_type=St3sp,crystallizer_movementmm_BIN=Medium
30012261,steel_type=St3sp,resistance_tonn_BIN=Low
30012261,steel_type=St3sp,steel_temperature_grab1Celsius_BIN=High
30012261,steel_type=St3sp,steel_weighttonn_BIN=High
30012261,steel_type=St3sp,swing_frequency_amount_minute_BIN=Medium
30012261,steel_type=St3sp,temperature_measurement1_Celsius_BIN=Low
30012261,steel_type=St3sp,temperature_measurement2_Celsius_BIN=Low
30012261,steel_type=St3sp,water_consumption_BIN=High
30012261,steel_type=St3sp,water_temperature_deltaCelsius_BIN=High
30012261,workpiece_slice_geometry=150x150,alloy_speed_meter_minute_BIN=High
30012261,workpiece_slice_geometry=150x150,crystallizer_movementmm_BIN=Medium
30012261,workpiece_slice_geometry=150x150,resistance_tonn_BIN=Low
30012261,workpiece_slice_geometry=150x150,steel_temperature_grab1Celsius_BIN=High
30012261,workpiece_slice_geometry=150x150,steel_weighttonn_BIN=High
30012261,workpiece_slice_geometry=150x150,swing_frequency_amount_minute_BIN=Medium
30012261,workpiece_slice_geometry=150x150,temperature_measurement1_Celsius_BIN=Low
30012261,workpiece_slice_geometry=150x150,temperature_measurement2_Celsius_BIN=Low
30012261,workpiece_slice_geometry=150x150,water_consumption_BIN=High
30012261,workpiece_slice_geometry=150x150,water_temperature_deltaCelsius_BIN=High
30012264,RUL_BIN=Critical,alloy_speed_meter_minute_BIN=Medium
30012264,RUL_BIN=Critical,crystallizer_movementmm_BIN=Low
30012264,RUL_BIN=Critical,resistance_tonn_BIN=Low
30012264,RUL_BIN=Critical,steel_temperature_grab1Celsius_BIN=High
30012264,RUL_BIN=Critical,steel_weighttonn_BIN=Medium
30012264,RUL_BIN=Critical,swing_frequency_amount_minute_BIN=High
30012264,RUL_BIN=Critical,temperature_measurement1_Celsius_BIN=Low
30012264,RUL_BIN=Critical,temperature_measurement2_Celsius_BIN=Low
30012264,RUL_BIN=Critical,water_consumption_BIN=High
30012264,RUL_BIN=Critical,water_temperature_deltaCelsius_BIN=High
30012264,alloy_type=open,alloy_speed_meter_minute_BIN=Medium
30012264,alloy_type=open,crystallizer_movementmm_BIN=Low
30012264,alloy_type=open,resistance_tonn_BIN=Low
30012264,alloy_type=open,steel_temperature_grab1Celsius_BIN=High
30012264,alloy_type=open,steel_weighttonn_BIN=Medium
30012264,alloy_type=open,swing_frequency_amount_minute_BIN=High
30012264,alloy_type=open,temperature_measurement1_Celsius_BIN=Low
30012264,alloy_type=open,temperature_measurement2_Celsius_BIN=Low
30012264,alloy_type=open,water_consumption_BIN=High
30012264,alloy_type=open,water_temperature_deltaCelsius_BIN=High
30012264,num_crystallizer_BIN=High,alloy_speed_meter_minute_BIN=Medium
30012264,num_crystallizer_BIN=High,crystallizer_movementmm_BIN=Low
30012264,num_crystallizer_BIN=High,resistance_tonn_BIN=Low
30012264,num_crystallizer_BIN=High,steel_temperature_grab1Celsius_BIN=High
30012264,num_crystallizer_BIN=High,steel_weighttonn_BIN=Medium
30012264,num_crystallizer_BIN=High,swing_frequency_amount_minute_BIN=High
30012264,num_crystallizer_BIN=High,temperature_measurement1_Celsius_BIN=Low
30012264,num_crystallizer_BIN=High,temperature_measurement2_Celsius_BIN=Low
30012264,num_crystallizer_BIN=High,water_consumption_BIN=High
30012264,num_crystallizer_BIN=High,water_temperature_deltaCelsius_BIN=High
30012264,num_stream_BIN=Low,alloy_speed_meter_minute_BIN=Medium
30012264,num_stream_BIN=Low,crystallizer_movementmm_BIN=Low
30012264,num_stream_BIN=Low,resistance_tonn_BIN=Low
30012264,num_stream_BIN=Low,steel_temperature_grab1Celsius_BIN=High
30012264,num_stream_BIN=Low,steel_weighttonn_BIN=Medium
30012264,num_stream_BIN=Low,swing_frequency_amount_minute_BIN=High
30012264,num_stream_BIN=Low,temperature_measurement1_Celsius_BIN=Low
30012264,num_stream_BIN=Low,temperature_measurement2_Celsius_BIN=Low
30012264,num_stream_BIN=Low,water_consumption_BIN=High
30012264,num_stream_BIN=Low,water_temperature_deltaCelsius_BIN=High
30012264,steel_type=Arm500,alloy_speed_meter_minute_BIN=Medium
30012264,steel_type=Arm500,crystallizer_movementmm_BIN=Low
30012264,steel_type=Arm500,resistance_tonn_BIN=Low
30012264,steel_type=Arm500,steel_temperature_grab1Celsius_BIN=High
30012264,steel_type=Arm500,steel_weighttonn_BIN=Medium
30012264,steel_type=Arm500,swing_frequency_amount_minute_BIN=High
30012264,steel_type=Arm500,temperature_measurement1_Celsius_BIN=Low
30012264,steel_type=Arm500,temperature_measurement2_Celsius_BIN=Low
30012264,steel_type=Arm500,water_consumption_BIN=High
30012264,steel_type=Arm500,water_temperature_deltaCelsius_BIN=High
30012264,workpiece_slice_geometry=180x180,alloy_speed_meter_minute_BIN=Medium
30012264,workpiece_slice_geometry=180x180,crystallizer_movementmm_BIN=Low
30012264,workpiece_slice_geometry=180x180,resistance_tonn_BIN=Low
30012264,workpiece_slice_geometry=180x180,steel_temperature_grab1Celsius_BIN=High
30012264,workpiece_slice_geometry=180x180,steel_weighttonn_BIN=Medium
30012264,workpiece_slice_geometry=180x180,swing_frequency_amount_minute_BIN=High
30012264,workpiece_slice_geometry=180x180,temperature_measurement1_Celsius_BIN=Low
30012264,workpiece_slice_geometry=180x180,temperature_measurement2_Celsius_BIN=Low
30012264,workpiece_slice_geometry=180x180,water_consumption_BIN=High
30012264,workpiece_slice_geometry=180x180,water_temperature_deltaCelsius_BIN=High
30012903,RUL_BIN=Critical,alloy_speed_meter_minute_BIN=Medium
30012903,RUL_BIN=Critical,crystallizer_movementmm_BIN=Low
30012903,RUL_BIN=Critical,resistance_tonn_BIN=Low
30012903,RUL_BIN=Critical,steel_temperature_grab1Celsius_BIN=High
30012903,RUL_BIN=Critical,steel_weighttonn_BIN=High
30012903,RUL_BIN=Critical,swing_frequency_amount_minute_BIN=High
30012903,RUL_BIN=Critical,temperature_measurement1_Celsius_BIN=Low
30012903,RUL_BIN=Critical,temperature_measurement2_Celsius_BIN=Low
30012903,RUL_BIN=Critical,water_consumption_BIN=High
30012903,RUL_BIN=Critical,water_temperature_deltaCelsius_BIN=High
30012903,alloy_type=open,alloy_speed_meter_minute_BIN=Medium
30012903,alloy_type=open,crystallizer_movementmm_BIN=Low
30012903,alloy_type=open,resistance_tonn_BIN=Low
30012903,alloy_type=open,steel_temperature_grab1Celsius_BIN=High
30012903,alloy_type=open,steel_weighttonn_BIN=High
30012903,alloy_type=open,swing_frequency_amount_minute_BIN=High
30012903,alloy_type=open,temperature_measurement1_Celsius_BIN=Low
30012903,alloy_type=open,temperature_measurement2_Celsius_BIN=Low
30012903,alloy_type=open,water_consumption_BIN=High
30012903,alloy_type=open,water_temperature_deltaCelsius_BIN=High
30012903,num_crystallizer_BIN=High,alloy_speed_meter_minute_BIN=Medium
30012903,num_crystallizer_BIN=High,crystallizer_movementmm_BIN=Low
30012903,num_crystallizer_BIN=High,resistance_tonn_BIN=Low
30012903,num_crystallizer_BIN=High,steel_temperature_grab1Celsius_BIN=High
30012903,num_crystallizer_BIN=High,steel_weighttonn_BIN=High
30012903,num_crystallizer_BIN=High,swing_frequency_amount_minute_BIN=High
30012903,num_crystallizer_BIN=High,temperature_measurement1_Celsius_BIN=Low
30012903,num_crystallizer_BIN=High,temperature_measurement2_Celsius_BIN=Low
30012903,num_crystallizer_BIN=High,water_consumption_BIN=High
30012903,num_crystallizer_BIN=High,water_temperature_deltaCelsius_BIN=High
30012903,num_stream_BIN=Low,alloy_speed_meter_minute_BIN=Medium
30012903,num_stream_BIN=Low,crystallizer_movementmm_BIN=Low
30012903,num_stream_BIN=Low,resistance_tonn_BIN=Low
30012903,num_stream_BIN=Low,steel_temperature_grab1Celsius_BIN=High
30012903,num_stream_BIN=Low,steel_weighttonn_BIN=High
30012903,num_stream_BIN=Low,swing_frequency_amount_minute_BIN=High
30012903,num_stream_BIN=Low,temperature_measurement1_Celsius_BIN=Low
30012903,num_stream_BIN=Low,temperature_measurement2_Celsius_BIN=Low
30012903,num_stream_BIN=Low,water_consumption_BIN=High
30012903,num_stream_BIN=Low,water_temperature_deltaCelsius_BIN=High
30012903,steel_type=Arm500,alloy_speed_meter_minute_BIN=Medium
30012903,steel_type=Arm500,crystallizer_movementmm_BIN=Low
30012903,steel_type=Arm500,resistance_tonn_BIN=Low
30012903,steel_type=Arm500,steel_temperature_grab1Celsius_BIN=High
30012903,steel_type=Arm500,steel_weighttonn_BIN=High
30012903,steel_type=Arm500,swing_frequency_amount_minute_BIN=High
30012903,steel_type=Arm500,temperature_measurement1_Celsius_BIN=Low
30012903,steel_type=Arm500,temperature_measurement2_Celsius_BIN=Low
30012903,steel_type=Arm500,water_consumption_BIN=High
30012903,steel_type=Arm500,water_temperature_deltaCelsius_BIN=High
30012903,workpiece_slice_geometry=180x180,alloy_speed_meter_minute_BIN=Medium
30012903,workpiece_slice_geometry=180x180,crystallizer_movementmm_BIN=Low
30012903,workpiece_slice_geometry=180x180,resistance_tonn_BIN=Low
30012903,workpiece_slice_geometry=180x180,steel_temperature_grab1Celsius_BIN=High
30012903,workpiece_slice_geometry=180x180,steel_weighttonn_BIN=High
30012903,workpiece_slice_geometry=180x180,swing_frequency_amount_minute_BIN=High
30012903,workpiece_slice_geometry=180x180,temperature_measurement1_Celsius_BIN=Low
30012903,workpiece_slice_geometry=180x180,temperature_measurement2_Celsius_BIN=Low
30012903,workpiece_slice_geometry=180x180,water_consumption_BIN=High
30012903,workpiece_slice_geometry=180x180,water_temperature_deltaCelsius_BIN=High
30012904,RUL_BIN=Critical,alloy_speed_meter_minute_BIN=Medium
30012904,RUL_BIN=Critical,crystallizer_movementmm_BIN=Low
30012904,RUL_BIN=Critical,resistance_tonn_BIN=Low
30012904,RUL_BIN=Critical,steel_temperature_grab1Celsius_BIN=High
30012904,RUL_BIN=Critical,steel_weighttonn_BIN=High
30012904,RUL_BIN=Critical,swing_frequency_amount_minute_BIN=High
30012904,RUL_BIN=Critical,temperature_measurement1_Celsius_BIN=Low
30012904,RUL_BIN=Critical,temperature_measurement2_Celsius_BIN=Low
30012904,RUL_BIN=Critical,water_consumption_BIN=High
30012904,RUL_BIN=Critical,water_temperature_deltaCelsius_BIN=High
30012904,alloy_type=open,alloy_speed_meter_minute_BIN=Medium
30012904,alloy_type=open,crystallizer_movementmm_BIN=Low
30012904,alloy_type=open,resistance_tonn_BIN=Low
30012904,alloy_type=open,steel_temperature_grab1Celsius_BIN=High
30012904,alloy_type=open,steel_weighttonn_BIN=High
30012904,alloy_type=open,swing_frequency_amount_minute_BIN=High
30012904,alloy_type=open,temperature_measurement1_Celsius_BIN=Low
30012904,alloy_type=open,temperature_measurement2_Celsius_BIN=Low
30012904,alloy_type=open,water_consumption_BIN=High
30012904,alloy_type=open,water_temperature_deltaCelsius_BIN=High
30012904,num_crystallizer_BIN=Low,alloy_speed_meter_minute_BIN=Medium
30012904,num_crystallizer_BIN=Low,crystallizer_movementmm_BIN=Low
30012904,num_crystallizer_BIN=Low,resistance_tonn_BIN=Low
30012904,num_crystallizer_BIN=Low,steel_temperature_grab1Celsius_BIN=High
30012904,num_crystallizer_BIN=Low,steel_weighttonn_BIN=High
30012904,num_crystallizer_BIN=Low,swing_frequency_amount_minute_BIN=High
30012904,num_crystallizer_BIN=Low,temperature_measurement1_Celsius_BIN=Low
30012904,num_crystallizer_BIN=Low,temperature_measurement2_Celsius_BIN=Low
30012904,num_crystallizer_BIN=Low,water_consumption_BIN=High
30012904,num_crystallizer_BIN=Low,water_temperature_deltaCelsius_BIN=High
30012904,num_stream_BIN=Medium,alloy_speed_meter_minute_BIN=Medium
30012904,num_stream_BIN=Medium,crystallizer_movementmm_BIN=Low
30012904,num_stream_BIN=Medium,resistance_tonn_BIN=Low
30012904,num_stream_BIN=Medium,steel_temperature_grab1Celsius_BIN=High
30012904,num_stream_BIN=Medium,steel_weighttonn_BIN=High
30012904,num_stream_BIN=Medium,swing_frequency_amount_minute_BIN=High
30012904,num_stream_BIN=Medium,temperature_measurement1_Celsius_BIN=Low
30012904,num_stream_BIN=Medium,temperature_measurement2_Celsius_BIN=Low
30012904,num_stream_BIN=Medium,water_consumption_BIN=High
30012904,num_stream_BIN=Medium,water_temperature_deltaCelsius_BIN=High
30012904,steel_type=Arm500,alloy_speed_meter_minute_BIN=Medium
30012904,steel_type=Arm500,crystallizer_movementmm_BIN=Low
30012904,steel_type=Arm500,resistance_tonn_BIN=Low
30012904,steel_type=Arm500,steel_temperature_grab1Celsius_BIN=High
30012904,steel_type=Arm500,steel_weighttonn_BIN=High
30012904,steel_type=Arm500,swing_frequency_amount_minute_BIN=High
30012904,steel_type=Arm500,temperature_measurement1_Celsius_BIN=Low
30012904,steel_type=Arm500,temperature_measurement2_Celsius_BIN=Low
30012904,steel_type=Arm500,water_consumption_BIN=High
30012904,steel_type=Arm500,water_temperature_deltaCelsius_BIN=High
30012904,workpiece_slice_geometry=180x180,alloy_speed_meter_minute_BIN=Medium
30012904,workpiece_slice_geometry=180x180,crystallizer_movementmm_BIN=Low
30012904,workpiece_slice_geometry=180x180,resistance_tonn_BIN=Low
30012904,workpiece_slice_geometry=180x180,steel_temperature_grab1Celsius_BIN=High
30012904,workpiece_slice_geometry=180x180,steel_weighttonn_BIN=High
30012904,workpiece_slice_geometry=180x180,swing_frequency_amount_minute_BIN=High
30012904,workpiece_slice_geometry=180x180,temperature_measurement1_Celsius_BIN=Low
30012904,workpiece_slice_geometry=180x180,temperature_measurement2_Celsius_BIN=Low
30012904,workpiece_slice_geometry=180x180,water_consumption_BIN=High
30012904,workpiece_slice_geometry=180x180,water_temperature_deltaCelsius_BIN=High
30012905,RUL_BIN=Critical,alloy_speed_meter_minute_BIN=Medium
30012905,RUL_BIN=Critical,crystallizer_movementmm_BIN=Low
30012905,RUL_BIN=Critical,resistance_tonn_BIN=Low
30012905,RUL_BIN=Critical,steel_temperature_grab1Celsius_BIN=High
30012905,RUL_BIN=Critical,steel_weighttonn_BIN=High
30012905,RUL_BIN=Critical,swing_frequency_amount_minute_BIN=High
30012905,RUL_BIN=Critical,temperature_measurement1_Celsius_BIN=Low
30012905,RUL_BIN=Critical,temperature_measurement2_Celsius_BIN=Low
30012905,RUL_BIN=Critical,water_consumption_BIN=High
30012905,RUL_BIN=Critical,water_temperature_deltaCelsius_BIN=High
30012905,alloy_type=open,alloy_speed_meter_minute_BIN=Medium
30012905,alloy_type=open,crystallizer_movementmm_BIN=Low
30012905,alloy_type=open,resistance_tonn_BIN=Low
30012905,alloy_type=open,steel_temperature_grab1Celsius_BIN=High
30012905,alloy_type=open,steel_weighttonn_BIN=High
30012905,alloy_type=open,swing_frequency_amount_minute_BIN=High
30012905,alloy_type=open,temperature_measurement1_Celsius_BIN=Low
30012905,alloy_type=open,temperature_measurement2_Celsius_BIN=Low
30012905,alloy_type=open,water_consumption_BIN=High
30012905,alloy_type=open,water_temperature_deltaCelsius_BIN=High
30012905,num_crystallizer_BIN=Low,alloy_speed_meter_minute_BIN=Medium
30012905,num_crystallizer_BIN=Low,crystallizer_movementmm_BIN=Low
30012905,num_crystallizer_BIN=Low,resistance_tonn_BIN=Low
30012905,num_crystallizer_BIN=Low,steel_temperature_grab1Celsius_BIN=High
30012905,num_crystallizer_BIN=Low,steel_weighttonn_BIN=High
30012905,num_crystallizer_BIN=Low,swing_frequency_amount_minute_BIN=High
30012905,num_crystallizer_BIN=Low,temperature_measurement1_Celsius_BIN=Low
30012905,num_crystallizer_BIN=Low,temperature_measurement2_Celsius_BIN=Low
30012905,num_crystallizer_BIN=Low,water_consumption_BIN=High
30012905,num_crystallizer_BIN=Low,water_temperature_deltaCelsius_BIN=High
30012905,num_stream_BIN=High,alloy_speed_meter_minute_BIN=Medium
30012905,num_stream_BIN=High,crystallizer_movementmm_BIN=Low
30012905,num_stream_BIN=High,resistance_tonn_BIN=Low
30012905,num_stream_BIN=High,steel_temperature_grab1Celsius_BIN=High
30012905,num_stream_BIN=High,steel_weighttonn_BIN=High
30012905,num_stream_BIN=High,swing_frequency_amount_minute_BIN=High
30012905,num_stream_BIN=High,temperature_measurement1_Celsius_BIN=Low
30012905,num_stream_BIN=High,temperature_measurement2_Celsius_BIN=Low
30012905,num_stream_BIN=High,water_consumption_BIN=High
30012905,num_stream_BIN=High,water_temperature_deltaCelsius_BIN=High
30012905,steel_type=Arm500,alloy_speed_meter_minute_BIN=Medium
30012905,steel_type=Arm500,crystallizer_movementmm_BIN=Low
30012905,steel_type=Arm500,resistance_tonn_BIN=Low
30012905,steel_type=Arm500,steel_temperature_grab1Celsius_BIN=High
30012905,steel_type=Arm500,steel_weighttonn_BIN=High
30012905,steel_type=Arm500,swing_frequency_amount_minute_BIN=High
30012905,steel_type=Arm500,temperature_measurement1_Celsius_BIN=Low
30012905,steel_type=Arm500,temperature_measurement2_Celsius_BIN=Low
30012905,steel_type=Arm500,water_consumption_BIN=High
30012905,steel_type=Arm500,water_temperature_deltaCelsius_BIN=High
30012905,workpiece_slice_geometry=180x180,alloy_speed_meter_minute_BIN=Medium
30012905,workpiece_slice_geometry=180x180,crystallizer_movementmm_BIN=Low
30012905,workpiece_slice_geometry=180x180,resistance_tonn_BIN=Low
30012905,workpiece_slice_geometry=180x180,steel_temperature_grab1Celsius_BIN=High
30012905,workpiece_slice_geometry=180x180,steel_weighttonn_BIN=High
30012905,workpiece_slice_geometry=180x180,swing_frequency_amount_minute_BIN=High
30012905,workpiece_slice_geometry=180x180,temperature_measurement1_Celsius_BIN=Low
30012905,workpiece_slice_geometry=180x180,temperature_measurement2_Celsius_BIN=Low
30012905,workpiece_slice_geometry=180x180,water_consumption_BIN=High
30012905,workpiece_slice_geometry=180x180,water_temperature_deltaCelsius_BIN=High
30012907,RUL_BIN=Critical,alloy_speed_meter_minute_BIN=Medium
30012907,RUL_BIN=Critical,crystallizer_movementmm_BIN=Low
30012907,RUL_BIN=Critical,resistance_tonn_BIN=Low
30012907,RUL_BIN=Critical,steel_temperature_grab1Celsius_BIN=High
30012907,RUL_BIN=Critical,steel_weighttonn_BIN=High
30012907,RUL_BIN=Critical,swing_frequency_amount_minute_BIN=Medium
30012907,RUL_BIN=Critical,temperature_measurement1_Celsius_BIN=Low
30012907,RUL_BIN=Critical,temperature_measurement2_Celsius_BIN=Low
30012907,RUL_BIN=Critical,water_consumption_BIN=High
30012907,RUL_BIN=Critical,water_temperature_deltaCelsius_BIN=High
30012907,alloy_type=open,alloy_speed_meter_minute_BIN=Medium
30012907,alloy_type=open,crystallizer_movementmm_BIN=Low
30012907,alloy_type=open,resistance_tonn_BIN=Low
30012907,alloy_type=open,steel_temperature_grab1Celsius_BIN=High
30012907,alloy_type=open,steel_weighttonn_BIN=High
30012907,alloy_type=open,swing_frequency_amount_minute_BIN=Medium
30012907,alloy_type=open,temperature_measurement1_Celsius_BIN=Low
30012907,alloy_type=open,temperature_measurement2_Celsius_BIN=Low
30012907,alloy_type=open,water_consumption_BIN=High
30012907,alloy_type=open,water_temperature_deltaCelsius_BIN=High
30012907,num_crystallizer_BIN=Low,alloy_speed_meter_minute_BIN=Medium
30012907,num_crystallizer_BIN=Low,crystallizer_movementmm_BIN=Low
30012907,num_crystallizer_BIN=Low,resistance_tonn_BIN=Low
30012907,num_crystallizer_BIN=Low,steel_temperature_grab1Celsius_BIN=High
30012907,num_crystallizer_BIN=Low,steel_weighttonn_BIN=High
30012907,num_crystallizer_BIN=Low,swing_frequency_amount_minute_BIN=Medium
30012907,num_crystallizer_BIN=Low,temperature_measurement1_Celsius_BIN=Low
30012907,num_crystallizer_BIN=Low,temperature_measurement2_Celsius_BIN=Low
30012907,num_crystallizer_BIN=Low,water_consumption_BIN=High
30012907,num_crystallizer_BIN=Low,water_temperature_deltaCelsius_BIN=High
30012907,num_stream_BIN=High,alloy_speed_meter_minute_BIN=Medium
30012907,num_stream_BIN=High,crystallizer_movementmm_BIN=Low
30012907,num_stream_BIN=High,resistance_tonn_BIN=Low
30012907,num_stream_BIN=High,steel_temperature_grab1Celsius_BIN=High
30012907,num_stream_BIN=High,steel_weighttonn_BIN=High
30012907,num_stream_BIN=High,swing_frequency_amount_minute_BIN=Medium
30012907,num_stream_BIN=High,temperature_measurement1_Celsius_BIN=Low
30012907,num_stream_BIN=High,temperature_measurement2_Celsius_BIN=Low
30012907,num_stream_BIN=High,water_consumption_BIN=High
30012907,num_stream_BIN=High,water_temperature_deltaCelsius_BIN=High
30012907,steel_type=Arm500,alloy_speed_meter_minute_BIN=Medium
30012907,steel_type=Arm500,crystallizer_movementmm_BIN=Low
30012907,steel_type=Arm500,resistance_tonn_BIN=Low
30012907,steel_type=Arm500,steel_temperature_grab1Celsius_BIN=High
30012907,steel_type=Arm500,steel_weighttonn_BIN=High
30012907,steel_type=Arm500,swing_frequency_amount_minute_BIN=Medium
30012907,steel_type=Arm500,temperature_measurement1_Celsius_BIN=Low
30012907,steel_type=Arm500,temperature_measurement2_Celsius_BIN=Low
30012907,steel_type=Arm500,water_consumption_BIN=High
30012907,steel_type=Arm500,water_temperature_deltaCelsius_BIN=High
30012907,workpiece_slice_geometry=180x180,alloy_speed_meter_minute_BIN=Medium
30012907,workpiece_slice_geometry=180x180,crystallizer_movementmm_BIN=Low
30012907,workpiece_slice_geometry=180x180,resistance_tonn_BIN=Low
30012907,workpiece_slice_geometry=180x180,steel_temperature_grab1Celsius_BIN=High
30012907,workpiece_slice_geometry=180x180,steel_weighttonn_BIN=High
30012907,workpiece_slice_geometry=180x180,swing_frequency_amount_minute_BIN=Medium
30012907,workpiece_slice_geometry=180x180,temperature_measurement1_Celsius_BIN=Low
30012907,workpiece_slice_geometry=180x180,temperature_measurement2_Celsius_BIN=Low
30012907,workpiece_slice_geometry=180x180,water_consumption_BIN=High
30012907,workpiece_slice_geometry=180x180,water_temperature_deltaCelsius_BIN=High
30012909,RUL_BIN=Critical,alloy_speed_meter_minute_BIN=Medium
30012909,RUL_BIN=Critical,crystallizer_movementmm_BIN=Low
30012909,RUL_BIN=Critical,resistance_tonn_BIN=Low
30012909,RUL_BIN=Critical,steel_temperature_grab1Celsius_BIN=High
30012909,RUL_BIN=Critical,steel_weighttonn_BIN=High
30012909,RUL_BIN=Critical,swing_frequency_amount_minute_BIN=High
30012909,RUL_BIN=Critical,temperature_measurement1_Celsius_BIN=Low
30012909,RUL_BIN=Critical,temperature_measurement2_Celsius_BIN=Low
30012909,RUL_BIN=Critical,water_consumption_BIN=High
30012909,RUL_BIN=Critical,water_temperature_deltaCelsius_BIN=High
30012909,alloy_type=open,alloy_speed_meter_minute_BIN=Medium
30012909,alloy_type=open,crystallizer_movementmm_BIN=Low
30012909,alloy_type=open,resistance_tonn_BIN=Low
30012909,alloy_type=open,steel_temperature_grab1Celsius_BIN=High
30012909,alloy_type=open,steel_weighttonn_BIN=High
30012909,alloy_type=open,swing_frequency_amount_minute_BIN=High
30012909,alloy_type=open,temperature_measurement1_Celsius_BIN=Low
30012909,alloy_type=open,temperature_measurement2_Celsius_BIN=Low
30012909,alloy_type=open,water_consumption_BIN=High
30012909,alloy_type=open,water_temperature_deltaCelsius_BIN=High
30012909,num_crystallizer_BIN=High,alloy_speed_meter_minute_BIN=Medium
30012909,num_crystallizer_BIN=High,crystallizer_movementmm_BIN=Low
30012909,num_crystallizer_BIN=High,resistance_tonn_BIN=Low
30012909,num_crystallizer_BIN=High,steel_temperature_grab1Celsius_BIN=High
30012909,num_crystallizer_BIN=High,steel_weighttonn_BIN=High
30012909,num_crystallizer_BIN=High,swing_frequency_amount_minute_BIN=High
30012909,num_crystallizer_BIN=High,temperature_measurement1_Celsius_BIN=Low
30012909,num_crystallizer_BIN=High,temperature_measurement2_Celsius_BIN=Low
30012909,num_crystallizer_BIN=High,water_consumption_BIN=High
30012909,num_crystallizer_BIN=High,water_temperature_deltaCelsius_BIN=High
30012909,num_stream_BIN=Medium,alloy_speed_meter_minute_BIN=Medium
30012909,num_stream_BIN=Medium,crystallizer_movementmm_BIN=Low
30012909,num_stream_BIN=Medium,resistance_tonn_BIN=Low
30012909,num_stream_BIN=Medium,steel_temperature_grab1Celsius_BIN=High
30012909,num_stream_BIN=Medium,steel_weighttonn_BIN=High
30012909,num_stream_BIN=Medium,swing_frequency_amount_minute_BIN=High
30012909,num_stream_BIN=Medium,temperature_measurement1_Celsius_BIN=Low
30012909,num_stream_BIN=Medium,temperature_measurement2_Celsius_BIN=Low
30012909,num_stream_BIN=Medium,water_consumption_BIN=High
30012909,num_stream_BIN=Medium,water_temperature_deltaCelsius_BIN=High
30012909,steel_type=Arm500,alloy_speed_meter_minute_BIN=Medium
30012909,steel_type=Arm500,crystallizer_movementmm_BIN=Low
30012909,steel_type=Arm500,resistance_tonn_BIN=Low
30012909,steel_type=Arm500,steel_temperature_grab1Celsius_BIN=High
30012909,steel_type=Arm500,steel_weighttonn_BIN=High
30012909,steel_type=Arm500,swing_frequency_amount_minute_BIN=High
30012909,steel_type=Arm500,temperature_measurement1_Celsius_BIN=Low
30012909,steel_type=Arm500,temperature_measurement2_Celsius_BIN=Low
30012909,steel_type=Arm500,water_consumption_BIN=High
30012909,steel_type=Arm500,water_temperature_deltaCelsius_BIN=High
30012909,workpiece_slice_geometry=180x180,alloy_speed_meter_minute_BIN=Medium
30012909,workpiece_slice_geometry=180x180,crystallizer_movementmm_BIN=Low
30012909,workpiece_slice_geometry=180x180,resistance_tonn_BIN=Low
30012909,workpiece_slice_geometry=180x180,steel_temperature_grab1Celsius_BIN=High
30012909,workpiece_slice_geometry=180x180,steel_weighttonn_BIN=High
30012909,workpiece_slice_geometry=180x180,swing_frequency_amount_minute_BIN=High
30012909,workpiece_slice_geometry=180x180,temperature_measurement1_Celsius_BIN=Low
30012909,workpiece_slice_geometry=180x180,temperature_measurement2_Celsius_BIN=Low
30012909,workpiece_slice_geometry=180x180,water_consumption_BIN=High
30012909,workpiece_slice_geometry=180x180,water_temperature_deltaCelsius_BIN=High
30012910,RUL_BIN=Critical,alloy_speed_meter_minute_BIN=Medium
30012910,RUL_BIN=Critical,crystallizer_movementmm_BIN=Low
30012910,RUL_BIN=Critical,resistance_tonn_BIN=Low
30012910,RUL_BIN=Critical,steel_temperature_grab1Celsius_BIN=High
30012910,RUL_BIN=Critical,steel_weighttonn_BIN=High
30012910,RUL_BIN=Critical,swing_frequency_amount_minute_BIN=High
30012910,RUL_BIN=Critical,temperature_measurement1_Celsius_BIN=Low
30012910,RUL_BIN=Critical,temperature_measurement2_Celsius_BIN=Low
30012910,RUL_BIN=Critical,water_consumption_BIN=High
30012910,RUL_BIN=Critical,water_temperature_deltaCelsius_BIN=High
30012910,alloy_type=open,alloy_speed_meter_minute_BIN=Medium
30012910,alloy_type=open,crystallizer_movementmm_BIN=Low
30012910,alloy_type=open,resistance_tonn_BIN=Low
30012910,alloy_type=open,steel_temperature_grab1Celsius_BIN=High
30012910,alloy_type=open,steel_weighttonn_BIN=High
30012910,alloy_type=open,swing_frequency_amount_minute_BIN=High
30012910,alloy_type=open,temperature_measurement1_Celsius_BIN=Low
30012910,alloy_type=open,temperature_measurement2_Celsius_BIN=Low
30012910,alloy_type=open,water_consumption_BIN=High
30012910,alloy_type=open,water_temperature_deltaCelsius_BIN=High
30012910,num_crystallizer_BIN=High,alloy_speed_meter_minute_BIN=Medium
30012910,num_crystallizer_BIN=High,crystallizer_movementmm_BIN=Low
30012910,num_crystallizer_BIN=High,resistance_tonn_BIN=Low
30012910,num_crystallizer_BIN=High,steel_temperature_grab1Celsius_BIN=High
30012910,num_crystallizer_BIN=High,steel_weighttonn_BIN=High
30012910,num_crystallizer_BIN=High,swing_frequency_amount_minute_BIN=High
30012910,num_crystallizer_BIN=High,temperature_measurement1_Celsius_BIN=Low
30012910,num_crystallizer_BIN=High,temperature_measurement2_Celsius_BIN=Low
30012910,num_crystallizer_BIN=High,water_consumption_BIN=High
30012910,num_crystallizer_BIN=High,water_temperature_deltaCelsius_BIN=High
30012910,num_stream_BIN=Medium,alloy_speed_meter_minute_BIN=Medium
30012910,num_stream_BIN=Medium,crystallizer_movementmm_BIN=Low
30012910,num_stream_BIN=Medium,resistance_tonn_BIN=Low
30012910,num_stream_BIN=Medium,steel_temperature_grab1Celsius_BIN=High
30012910,num_stream_BIN=Medium,steel_weighttonn_BIN=High
30012910,num_stream_BIN=Medium,swing_frequency_amount_minute_BIN=High
30012910,num_stream_BIN=Medium,temperature_measurement1_Celsius_BIN=Low
30012910,num_stream_BIN=Medium,temperature_measurement2_Celsius_BIN=Low
30012910,num_stream_BIN=Medium,water_consumption_BIN=High
30012910,num_stream_BIN=Medium,water_temperature_deltaCelsius_BIN=High
30012910,steel_type=Arm500,alloy_speed_meter_minute_BIN=Medium
30012910,steel_type=Arm500,crystallizer_movementmm_BIN=Low
30012910,steel_type=Arm500,resistance_tonn_BIN=Low
30012910,steel_type=Arm500,steel_temperature_grab1Celsius_BIN=High
30012910,steel_type=Arm500,steel_weighttonn_BIN=High
30012910,steel_type=Arm500,swing_frequency_amount_minute_BIN=High
30012910,steel_type=Arm500,temperature_measurement1_Celsius_BIN=Low
30012910,steel_type=Arm500,temperature_measurement2_Celsius_BIN=Low
30012910,steel_type=Arm500,water_consumption_BIN=High
30012910,steel_type=Arm500,water_temperature_deltaCelsius_BIN=High
30012910,workpiece_slice_geometry=180x180,alloy_speed_meter_minute_BIN=Medium
30012910,workpiece_slice_geometry=180x180,crystallizer_movementmm_BIN=Low
30012910,workpiece_slice_geometry=180x180,resistance_tonn_BIN=Low
30012910,workpiece_slice_geometry=180x180,steel_temperature_grab1Celsius_BIN=High
30012910,workpiece_slice_geometry=180x180,steel_weighttonn_BIN=High
30012910,workpiece_slice_geometry=180x180,swing_frequency_amount_minute_BIN=High
30012910,workpiece_slice_geometry=180x180,temperature_measurement1_Celsius_BIN=Low
30012910,workpiece_slice_geometry=180x180,temperature_measurement2_Celsius_BIN=Low
30012910,workpiece_slice_geometry=180x180,water_consumption_BIN=High
30012910,workpiece_slice_geometry=180x180,water_temperature_deltaCelsius_BIN=High
30012912,RUL_BIN=Critical,alloy_speed_meter_minute_BIN=Medium
30012912,RUL_BIN=Critical,crystallizer_movementmm_BIN=Low
30012912,RUL_BIN=Critical,resistance_tonn_BIN=Low
30012912,RUL_BIN=Critical,steel_temperature_grab1Celsius_BIN=High
30012912,RUL_BIN=Critical,steel_weighttonn_BIN=High
30012912,RUL_BIN=Critical,swing_frequency_amount_minute_BIN=High
30012912,RUL_BIN=Critical,temperature_measurement1_Celsius_BIN=Low
30012912,RUL_BIN=Critical,temperature_measurement2_Celsius_BIN=Low
30012912,RUL_BIN=Critical,water_consumption_BIN=High
30012912,RUL_BIN=Critical,water_temperature_deltaCelsius_BIN=High
30012912,alloy_type=open,alloy_speed_meter_minute_BIN=Medium
30012912,alloy_type=open,crystallizer_movementmm_BIN=Low
30012912,alloy_type=open,resistance_tonn_BIN=Low
30012912,alloy_type=open,steel_temperature_grab1Celsius_BIN=High
30012912,alloy_type=open,steel_weighttonn_BIN=High
30012912,alloy_type=open,swing_frequency_amount_minute_BIN=High
30012912,alloy_type=open,temperature_measurement1_Celsius_BIN=Low
30012912,alloy_type=open,temperature_measurement2_Celsius_BIN=Low
30012912,alloy_type=open,water_consumption_BIN=High
30012912,alloy_type=open,water_temperature_deltaCelsius_BIN=High
30012912,num_crystallizer_BIN=Low,alloy_speed_meter_minute_BIN=Medium
30012912,num_crystallizer_BIN=Low,crystallizer_movementmm_BIN=Low
30012912,num_crystallizer_BIN=Low,resistance_tonn_BIN=Low
30012912,num_crystallizer_BIN=Low,steel_temperature_grab1Celsius_BIN=High
30012912,num_crystallizer_BIN=Low,steel_weighttonn_BIN=High
30012912,num_crystallizer_BIN=Low,swing_frequency_amount_minute_BIN=High
30012912,num_crystallizer_BIN=Low,temperature_measurement1_Celsius_BIN=Low
30012912,num_crystallizer_BIN=Low,temperature_measurement2_Celsius_BIN=Low
30012912,num_crystallizer_BIN=Low,water_consumption_BIN=High
30012912,num_crystallizer_BIN=Low,water_temperature_deltaCelsius_BIN=High
30012912,num_stream_BIN=Low,alloy_speed_meter_minute_BIN=Medium
30012912,num_stream_BIN=Low,crystallizer_movementmm_BIN=Low
30012912,num_stream_BIN=Low,resistance_tonn_BIN=Low
30012912,num_stream_BIN=Low,steel_temperature_grab1Celsius_BIN=High
30012912,num_stream_BIN=Low,steel_weighttonn_BIN=High
30012912,num_stream_BIN=Low,swing_frequency_amount_minute_BIN=High
30012912,num_stream_BIN=Low,temperature_measurement1_Celsius_BIN=Low
30012912,num_stream_BIN=Low,temperature_measurement2_Celsius_BIN=Low
30012912,num_stream_BIN=Low,water_consumption_BIN=High
30012912,num_stream_BIN=Low,water_temperature_deltaCelsius_BIN=High
30012912,steel_type=Arm500,alloy_speed_meter_minute_BIN=Medium
30012912,steel_type=Arm500,crystallizer_movementmm_BIN=Low
30012912,steel_type=Arm500,resistance_tonn_BIN=Low
30012912,steel_type=Arm500,steel_temperature_grab1Celsius_BIN=High
30012912,steel_type=Arm500,steel_weighttonn_BIN=High
30012912,steel_type=Arm500,swing_frequency_amount_minute_BIN=High
30012912,steel_type=Arm500,temperature_measurement1_Celsius_BIN=Low
30012912,steel_type=Arm500,temperature_measurement2_Celsius_BIN=Low
30012912,steel_type=Arm500,water_consumption_BIN=High
30012912,steel_type=Arm500,water_temperature_deltaCelsius_BIN=High
30012912,workpiece_slice_geometry=180x180,alloy_speed_meter_minute_BIN=Medium
30012912,workpiece_slice_geometry=180x180,crystallizer_movementmm_BIN=Low
30012912,workpiece_slice_geometry=180x180,resistance_tonn_BIN=Low
30012912,workpiece_slice_geometry=180x180,steel_temperature_grab1Celsius_BIN=High
30012912,workpiece_slice_geometry=180x180,steel_weighttonn_BIN=High
30012912,workpiece_slice_geometry=180x180,swing_frequency_amount_minute_BIN=High
30012912,workpiece_slice_geometry=180x180,temperature_measurement1_Celsius_BIN=Low
30012912,workpiece_slice_geometry=180x180,temperature_measurement2_Celsius_BIN=Low
30012912,workpiece_slice_geometry=180x180,water_consumption_BIN=High
30012912,workpiece_slice_geometry=180x180,water_temperature_deltaCelsius_BIN=High
30012913,RUL_BIN=Critical,alloy_speed_meter_minute_BIN=Medium
30012913,RUL_BIN=Critical,crystallizer_movementmm_BIN=Low
30012913,RUL_BIN=Critical,resistance_tonn_BIN=Low
30012913,RUL_BIN=Critical,steel_temperature_grab1Celsius_BIN=High
30012913,RUL_BIN=Critical,steel_weighttonn_BIN=High
30012913,RUL_BIN=Critical,swing_frequency_amount_minute_BIN=High
30012913,RUL_BIN=Critical,temperature_measurement1_Celsius_BIN=Low
30012913,RUL_BIN=Critical,temperature_measurement2_Celsius_BIN=Low
30012913,RUL_BIN=Critical,water_consumption_BIN=High
30012913,RUL_BIN=Critical,water_temperature_deltaCelsius_BIN=High
30012913,alloy_type=open,alloy_speed_meter_minute_BIN=Medium
30012913,alloy_type=open,crystallizer_movementmm_BIN=Low
30012913,alloy_type=open,resistance_tonn_BIN=Low
30012913,alloy_type=open,steel_temperature_grab1Celsius_BIN=High
30012913,alloy_type=open,steel_weighttonn_BIN=High
30012913,alloy_type=open,swing_frequency_amount_minute_BIN=High
30012913,alloy_type=open,temperature_measurement1_Celsius_BIN=Low
30012913,alloy_type=open,temperature_measurement2_Celsius_BIN=Low
30012913,alloy_type=open,water_consumption_BIN=High
30012913,alloy_type=open,water_temperature_deltaCelsius_BIN=High
30012913,num_crystallizer_BIN=High,alloy_speed_meter_minute_BIN=Medium
30012913,num_crystallizer_BIN=High,crystallizer_movementmm_BIN=Low
30012913,num_crystallizer_BIN=High,resistance_tonn_BIN=Low
30012913,num_crystallizer_BIN=High,steel_temperature_grab1Celsius_BIN=High
30012913,num_crystallizer_BIN=High,steel_weighttonn_BIN=High
30012913,num_crystallizer_BIN=High,swing_frequency_amount_minute_BIN=High
30012913,num_crystallizer_BIN=High,temperature_measurement1_Celsius_BIN=Low
30012913,num_crystallizer_BIN=High,temperature_measurement2_Celsius_BIN=Low
30012913,num_crystallizer_BIN=High,water_consumption_BIN=High
30012913,num_crystallizer_BIN=High,water_temperature_deltaCelsius_BIN=High
30012913,num_stream_BIN=High,alloy_speed_meter_minute_BIN=Medium
30012913,num_stream_BIN=High,crystallizer_movementmm_BIN=Low
30012913,num_stream_BIN=High,resistance_tonn_BIN=Low
30012913,num_stream_BIN=High,steel_temperature_grab1Celsius_BIN=High
30012913,num_stream_BIN=High,steel_weighttonn_BIN=High
30012913,num_stream_BIN=High,swing_frequency_amount_minute_BIN=High
30012913,num_stream_BIN=High,temperature_measurement1_Celsius_BIN=Low
30012913,num_stream_BIN=High,temperature_measurement2_Celsius_BIN=Low
30012913,num_stream_BIN=High,water_consumption_BIN=High
30012913,num_stream_BIN=High,water_temperature_deltaCelsius_BIN=High
30012913,steel_type=Arm500,alloy_speed_meter_minute_BIN=Medium
30012913,steel_type=Arm500,crystallizer_movementmm_BIN=Low
30012913,steel_type=Arm500,resistance_tonn_BIN=Low
30012913,steel_type=Arm500,steel_temperature_grab1Celsius_BIN=High
30012913,steel_type=Arm500,steel_weighttonn_BIN=High
30012913,steel_type=Arm500,swing_frequency_amount_minute_BIN=High
30012913,steel_type=Arm500,temperature_measurement1_Celsius_BIN=Low
30012913,steel_type=Arm500,temperature_measurement2_Celsius_BIN=Low
30012913,steel_type=Arm500,water_consumption_BIN=High
30012913,steel_type=Arm500,water_temperature_deltaCelsius_BIN=High
30012913,workpiece_slice_geometry=180x180,alloy_speed_meter_minute_BIN=Medium
30012913,workpiece_slice_geometry=180x180,crystallizer_movementmm_BIN=Low
30012913,workpiece_slice_geometry=180x180,resistance_tonn_BIN=Low
30012913,workpiece_slice_geometry=180x180,steel_temperature_grab1Celsius_BIN=High
30012913,workpiece_slice_geometry=180x180,steel_weighttonn_BIN=High
30012913,workpiece_slice_geometry=180x180,swing_frequency_amount_minute_BIN=High
30012913,workpiece_slice_geometry=180x180,temperature_measurement1_Celsius_BIN=Low
30012913,workpiece_slice_geometry=180x180,temperature_measurement2_Celsius_BIN=Low
30012913,workpiece_slice_geometry=180x180,water_consumption_BIN=High
30012913,workpiece_slice_geometry=180x180,water_temperature_deltaCelsius_BIN=High
30013346,RUL_BIN=Critical,alloy_speed_meter_minute_BIN=High
30013346,RUL_BIN=Critical,crystallizer_movementmm_BIN=Medium
30013346,RUL_BIN=Critical,resistance_tonn_BIN=Low
30013346,RUL_BIN=Critical,steel_temperature_grab1Celsius_BIN=High
30013346,RUL_BIN=Critical,steel_weighttonn_BIN=High
30013346,RUL_BIN=Critical,swing_frequency_amount_minute_BIN=Medium
30013346,RUL_BIN=Critical,temperature_measurement1_Celsius_BIN=Low
30013346,RUL_BIN=Critical,temperature_measurement2_Celsius_BIN=Low
30013346,RUL_BIN=Critical,water_consumption_BIN=High
30013346,RUL_BIN=Critical,water_temperature_deltaCelsius_BIN=High
30013346,alloy_type=open,alloy_speed_meter_minute_BIN=High
30013346,alloy_type=open,crystallizer_movementmm_BIN=Medium
30013346,alloy_type=open,resistance_tonn_BIN=Low
30013346,alloy_type=open,steel_temperature_grab1Celsius_BIN=High
30013346,alloy_type=open,steel_weighttonn_BIN=High
30013346,alloy_type=open,swing_frequency_amount_minute_BIN=Medium
30013346,alloy_type=open,temperature_measurement1_Celsius_BIN=Low
30013346,alloy_type=open,temperature_measurement2_Celsius_BIN=Low
30013346,alloy_type=open,water_consumption_BIN=High
30013346,alloy_type=open,water_temperature_deltaCelsius_BIN=High
30013346,num_crystallizer_BIN=Low,alloy_speed_meter_minute_BIN=High
30013346,num_crystallizer_BIN=Low,crystallizer_movementmm_BIN=Medium
30013346,num_crystallizer_BIN=Low,resistance_tonn_BIN=Low
30013346,num_crystallizer_BIN=Low,steel_temperature_grab1Celsius_BIN=High
30013346,num_crystallizer_BIN=Low,steel_weighttonn_BIN=High
30013346,num_crystallizer_BIN=Low,swing_frequency_amount_minute_BIN=Medium
30013346,num_crystallizer_BIN=Low,temperature_measurement1_Celsius_BIN=Low
30013346,num_crystallizer_BIN=Low,temperature_measurement2_Celsius_BIN=Low
30013346,num_crystallizer_BIN=Low,water_consumption_BIN=High
30013346,num_crystallizer_BIN=Low,water_temperature_deltaCelsius_BIN=High
30013346,num_stream_BIN=Low,alloy_speed_meter_minute_BIN=High
30013346,num_stream_BIN=Low,crystallizer_movementmm_BIN=Medium
30013346,num_stream_BIN=Low,resistance_tonn_BIN=Low
30013346,num_stream_BIN=Low,steel_temperature_grab1Celsius_BIN=High
30013346,num_stream_BIN=Low,steel_weighttonn_BIN=High
30013346,num_stream_BIN=Low,swing_frequency_amount_minute_BIN=Medium
30013346,num_stream_BIN=Low,temperature_measurement1_Celsius_BIN=Low
30013346,num_stream_BIN=Low,temperature_measurement2_Celsius_BIN=Low
30013346,num_stream_BIN=Low,water_consumption_BIN=High
30013346,num_stream_BIN=Low,water_temperature_deltaCelsius_BIN=High
30013346,steel_type=St3sp,alloy_speed_meter_minute_BIN=High
30013346,steel_type=St3sp,crystallizer_movementmm_BIN=Medium
30013346,steel_type=St3sp,resistance_tonn_BIN=Low
30013346,steel_type=St3sp,steel_temperature_grab1Celsius_BIN=High
30013346,steel_type=St3sp,steel_weighttonn_BIN=High
30013346,steel_type=St3sp,swing_frequency_amount_minute_BIN=Medium
30013346,steel_type=St3sp,temperature_measurement1_Celsius_BIN=Low
30013346,steel_type=St3sp,temperature_measurement2_Celsius_BIN=Low
30013346,steel_type=St3sp,water_consumption_BIN=High
30013346,steel_type=St3sp,water_temperature_deltaCelsius_BIN=High
30013346,workpiece_slice_geometry=150x150,alloy_speed_meter_minute_BIN=High
30013346,workpiece_slice_geometry=150x150,crystallizer_movementmm_BIN=Medium
30013346,workpiece_slice_geometry=150x150,resistance_tonn_BIN=Low
30013346,workpiece_slice_geometry=150x150,steel_temperature_grab1Celsius_BIN=High
30013346,workpiece_slice_geometry=150x150,steel_weighttonn_BIN=High
30013346,workpiece_slice_geometry=150x150,swing_frequency_amount_minute_BIN=Medium
30013346,workpiece_slice_geometry=150x150,temperature_measurement1_Celsius_BIN=Low
30013346,workpiece_slice_geometry=150x150,temperature_measurement2_Celsius_BIN=Low
30013346,workpiece_slice_geometry=150x150,water_consumption_BIN=High
30013346,workpiece_slice_geometry=150x150,water_temperature_deltaCelsius_BIN=High
30013347,RUL_BIN=Critical,alloy_speed_meter_minute_BIN=Medium
30013347,RUL_BIN=Critical,crystallizer_movementmm_BIN=Low
30013347,RUL_BIN=Critical,resistance_tonn_BIN=Low
30013347,RUL_BIN=Critical,steel_temperature_grab1Celsius_BIN=High
30013347,RUL_BIN=Critical,steel_weighttonn_BIN=High
30013347,RUL_BIN=Critical,swing_frequency_amount_minute_BIN=Medium
30013347,RUL_BIN=Critical,temperature_measurement1_Celsius_BIN=Low
30013347,RUL_BIN=Critical,temperature_measurement2_Celsius_BIN=Low
30013347,RUL_BIN=Critical,water_consumption_BIN=High
30013347,RUL_BIN=Critical,water_temperature_deltaCelsius_BIN=High
30013347,alloy_type=open,alloy_speed_meter_minute_BIN=Medium
30013347,alloy_type=open,crystallizer_movementmm_BIN=Low
30013347,alloy_type=open,resistance_tonn_BIN=Low
30013347,alloy_type=open,steel_temperature_grab1Celsius_BIN=High
30013347,alloy_type=open,steel_weighttonn_BIN=High
30013347,alloy_type=open,swing_frequency_amount_minute_BIN=Medium
30013347,alloy_type=open,temperature_measurement1_Celsius_BIN=Low
30013347,alloy_type=open,temperature_measurement2_Celsius_BIN=Low
30013347,alloy_type=open,water_consumption_BIN=High
30013347,alloy_type=open,water_temperature_deltaCelsius_BIN=High
30013347,num_crystallizer_BIN=Low,alloy_speed_meter_minute_BIN=Medium
30013347,num_crystallizer_BIN=Low,crystallizer_movementmm_BIN=Low
30013347,num_crystallizer_BIN=Low,resistance_tonn_BIN=Low
30013347,num_crystallizer_BIN=Low,steel_temperature_grab1Celsius_BIN=High
30013347,num_crystallizer_BIN=Low,steel_weighttonn_BIN=High
30013347,num_crystallizer_BIN=Low,swing_frequency_amount_minute_BIN=Medium
30013347,num_crystallizer_BIN=Low,temperature_measurement1_Celsius_BIN=Low
30013347,num_crystallizer_BIN=Low,temperature_measurement2_Celsius_BIN=Low
30013347,num_crystallizer_BIN=Low,water_consumption_BIN=High
30013347,num_crystallizer_BIN=Low,water_temperature_deltaCelsius_BIN=High
30013347,num_stream_BIN=High,alloy_speed_meter_minute_BIN=Medium
30013347,num_stream_BIN=High,crystallizer_movementmm_BIN=Low
30013347,num_stream_BIN=High,resistance_tonn_BIN=Low
30013347,num_stream_BIN=High,steel_temperature_grab1Celsius_BIN=High
30013347,num_stream_BIN=High,steel_weighttonn_BIN=High
30013347,num_stream_BIN=High,swing_frequency_amount_minute_BIN=Medium
30013347,num_stream_BIN=High,temperature_measurement1_Celsius_BIN=Low
30013347,num_stream_BIN=High,temperature_measurement2_Celsius_BIN=Low
30013347,num_stream_BIN=High,water_consumption_BIN=High
30013347,num_stream_BIN=High,water_temperature_deltaCelsius_BIN=High
30013347,steel_type=Arm500,alloy_speed_meter_minute_BIN=Medium
30013347,steel_type=Arm500,crystallizer_movementmm_BIN=Low
30013347,steel_type=Arm500,resistance_tonn_BIN=Low
30013347,steel_type=Arm500,steel_temperature_grab1Celsius_BIN=High
30013347,steel_type=Arm500,steel_weighttonn_BIN=High
30013347,steel_type=Arm500,swing_frequency_amount_minute_BIN=Medium
30013347,steel_type=Arm500,temperature_measurement1_Celsius_BIN=Low
30013347,steel_type=Arm500,temperature_measurement2_Celsius_BIN=Low
30013347,steel_type=Arm500,water_consumption_BIN=High
30013347,steel_type=Arm500,water_temperature_deltaCelsius_BIN=High
30013347,workpiece_slice_geometry=180x180,alloy_speed_meter_minute_BIN=Medium
30013347,workpiece_slice_geometry=180x180,crystallizer_movementmm_BIN=Low
30013347,workpiece_slice_geometry=180x180,resistance_tonn_BIN=Low
30013347,workpiece_slice_geometry=180x180,steel_temperature_grab1Celsius_BIN=High
30013347,workpiece_slice_geometry=180x180,steel_weighttonn_BIN=High
30013347,workpiece_slice_geometry=180x180,swing_frequency_amount_minute_BIN=Medium
30013347,workpiece_slice_geometry=180x180,temperature_measurement1_Celsius_BIN=Low
30013347,workpiece_slice_geometry=180x180,temperature_measurement2_Celsius_BIN=Low
30013347,workpiece_slice_geometry=180x180,water_consumption_BIN=High
30013347,workpiece_slice_geometry=180x180,water_temperature_deltaCelsius_BIN=High
30013349,RUL_BIN=Critical,alloy_speed_meter_minute_BIN=Medium
30013349,RUL_BIN=Critical,crystallizer_movementmm_BIN=Low
30013349,RUL_BIN=Critical,resistance_tonn_BIN=Low
30013349,RUL_BIN=Critical,steel_temperature_grab1Celsius_BIN=High
30013349,RUL_BIN=Critical,steel_weighttonn_BIN=High
30013349,RUL_BIN=Critical,swing_frequency_amount_minute_BIN=High
30013349,RUL_BIN=Critical,temperature_measurement1_Celsius_BIN=Low
30013349,RUL_BIN=Critical,temperature_measurement2_Celsius_BIN=Low
30013349,RUL_BIN=Critical,water_consumption_BIN=High
30013349,RUL_BIN=Critical,water_temperature_deltaCelsius_BIN=High
30013349,alloy_type=open,alloy_speed_meter_minute_BIN=Medium
30013349,alloy_type=open,crystallizer_movementmm_BIN=Low
30013349,alloy_type=open,resistance_tonn_BIN=Low
30013349,alloy_type=open,steel_temperature_grab1Celsius_BIN=High
30013349,alloy_type=open,steel_weighttonn_BIN=High
30013349,alloy_type=open,swing_frequency_amount_minute_BIN=High
30013349,alloy_type=open,temperature_measurement1_Celsius_BIN=Low
30013349,alloy_type=open,temperature_measurement2_Celsius_BIN=Low
30013349,alloy_type=open,water_consumption_BIN=High
30013349,alloy_type=open,water_temperature_deltaCelsius_BIN=High
30013349,num_crystallizer_BIN=High,alloy_speed_meter_minute_BIN=Medium
30013349,num_crystallizer_BIN=High,crystallizer_movementmm_BIN=Low
30013349,num_crystallizer_BIN=High,resistance_tonn_BIN=Low
30013349,num_crystallizer_BIN=High,steel_temperature_grab1Celsius_BIN=High
30013349,num_crystallizer_BIN=High,steel_weighttonn_BIN=High
30013349,num_crystallizer_BIN=High,swing_frequency_amount_minute_BIN=High
30013349,num_crystallizer_BIN=High,temperature_measurement1_Celsius_BIN=Low
30013349,num_crystallizer_BIN=High,temperature_measurement2_Celsius_BIN=Low
30013349,num_crystallizer_BIN=High,water_consumption_BIN=High
30013349,num_crystallizer_BIN=High,water_temperature_deltaCelsius_BIN=High
30013349,num_stream_BIN=Medium,alloy_speed_meter_minute_BIN=Medium
30013349,num_stream_BIN=Medium,crystallizer_movementmm_BIN=Low
30013349,num_stream_BIN=Medium,resistance_tonn_BIN=Low
30013349,num_stream_BIN=Medium,steel_temperature_grab1Celsius_BIN=High
30013349,num_stream_BIN=Medium,steel_weighttonn_BIN=High
30013349,num_stream_BIN=Medium,swing_frequency_amount_minute_BIN=High
30013349,num_stream_BIN=Medium,temperature_measurement1_Celsius_BIN=Low
30013349,num_stream_BIN=Medium,temperature_measurement2_Celsius_BIN=Low
30013349,num_stream_BIN=Medium,water_consumption_BIN=High
30013349,num_stream_BIN=Medium,water_temperature_deltaCelsius_BIN=High
30013349,steel_type=Arm500,alloy_speed_meter_minute_BIN=Medium
30013349,steel_type=Arm500,crystallizer_movementmm_BIN=Low
30013349,steel_type=Arm500,resistance_tonn_BIN=Low
30013349,steel_type=Arm500,steel_temperature_grab1Celsius_BIN=High
30013349,steel_type=Arm500,steel_weighttonn_BIN=High
30013349,steel_type=Arm500,swing_frequency_amount_minute_BIN=High
30013349,steel_type=Arm500,temperature_measurement1_Celsius_BIN=Low
30013349,steel_type=Arm500,temperature_measurement2_Celsius_BIN=Low
30013349,steel_type=Arm500,water_consumption_BIN=High
30013349,steel_type=Arm500,water_temperature_deltaCelsius_BIN=High
30013349,workpiece_slice_geometry=180x180,alloy_speed_meter_minute_BIN=Medium
30013349,workpiece_slice_geometry=180x180,crystallizer_movementmm_BIN=Low
30013349,workpiece_slice_geometry=180x180,resistance_tonn_BIN=Low
30013349,workpiece_slice_geometry=180x180,steel_temperature_grab1Celsius_BIN=High
30013349,workpiece_slice_geometry=180x180,steel_weighttonn_BIN=High
30013349,workpiece_slice_geometry=180x180,swing_frequency_amount_minute_BIN=High
30013349,workpiece_slice_geometry=180x180,temperature_measurement1_Celsius_BIN=Low
30013349,workpiece_slice_geometry=180x180,temperature_measurement2_Celsius_BIN=Low
30013349,workpiece_slice_geometry=180x180,water_consumption_BIN=High
30013349,workpiece_slice_geometry=180x180,water_temperature_deltaCelsius_BIN=High
30013350,RUL_BIN=Critical,alloy_speed_meter_minute_BIN=High
30013350,RUL_BIN=Critical,crystallizer_movementmm_BIN=Medium
30013350,RUL_BIN=Critical,resistance_tonn_BIN=Low
30013350,RUL_BIN=Critical,steel_temperature_grab1Celsius_BIN=High
30013350,RUL_BIN=Critical,steel_weighttonn_BIN=High
30013350,RUL_BIN=Critical,swing_frequency_amount_minute_BIN=Medium
30013350,RUL_BIN=Critical,temperature_measurement1_Celsius_BIN=Low
30013350,RUL_BIN=Critical,temperature_measurement2_Celsius_BIN=Low
30013350,RUL_BIN=Critical,water_consumption_BIN=High
30013350,RUL_BIN=Critical,water_temperature_deltaCelsius_BIN=High
30013350,alloy_type=open,alloy_speed_meter_minute_BIN=High
30013350,alloy_type=open,crystallizer_movementmm_BIN=Medium
30013350,alloy_type=open,resistance_tonn_BIN=Low
30013350,alloy_type=open,steel_temperature_grab1Celsius_BIN=High
30013350,alloy_type=open,steel_weighttonn_BIN=High
30013350,alloy_type=open,swing_frequency_amount_minute_BIN=Medium
30013350,alloy_type=open,temperature_measurement1_Celsius_BIN=Low
30013350,alloy_type=open,temperature_measurement2_Celsius_BIN=Low
30013350,alloy_type=open,water_consumption_BIN=High
30013350,alloy_type=open,water_temperature_deltaCelsius_BIN=High
30013350,num_crystallizer_BIN=Low,alloy_speed_meter_minute_BIN=High
30013350,num_crystallizer_BIN=Low,crystallizer_movementmm_BIN=Medium
30013350,num_crystallizer_BIN=Low,resistance_tonn_BIN=Low
30013350,num_crystallizer_BIN=Low,steel_temperature_grab1Celsius_BIN=High
30013350,num_crystallizer_BIN=Low,steel_weighttonn_BIN=High
30013350,num_crystallizer_BIN=Low,swing_frequency_amount_minute_BIN=Medium
30013350,num_crystallizer_BIN=Low,temperature_measurement1_Celsius_BIN=Low
30013350,num_crystallizer_BIN=Low,temperature_measurement2_Celsius_BIN=Low
30013350,num_crystallizer_BIN=Low,water_consumption_BIN=High
30013350,num_crystallizer_BIN=Low,water_temperature_deltaCelsius_BIN=High
30013350,num_stream_BIN=Low,alloy_speed_meter_minute_BIN=High
30013350,num_stream_BIN=Low,crystallizer_movementmm_BIN=Medium
30013350,num_stream_BIN=Low,resistance_tonn_BIN=Low
30013350,num_stream_BIN=Low,steel_temperature_grab1Celsius_BIN=High
30013350,num_stream_BIN=Low,steel_weighttonn_BIN=High
30013350,num_stream_BIN=Low,swing_frequency_amount_minute_BIN=Medium
30013350,num_stream_BIN=Low,temperature_measurement1_Celsius_BIN=Low
30013350,num_stream_BIN=Low,temperature_measurement2_Celsius_BIN=Low
30013350,num_stream_BIN=Low,water_consumption_BIN=High
30013350,num_stream_BIN=Low,water_temperature_deltaCelsius_BIN=High
30013350,steel_type=St3sp,alloy_speed_meter_minute_BIN=High
30013350,steel_type=St3sp,crystallizer_movementmm_BIN=Medium
30013350,steel_type=St3sp,resistance_tonn_BIN=Low
30013350,steel_type=St3sp,steel_temperature_grab1Celsius_BIN=High
30013350,steel_type=St3sp,steel_weighttonn_BIN=High
30013350,steel_type=St3sp,swing_frequency_amount_minute_BIN=Medium
30013350,steel_type=St3sp,temperature_measurement1_Celsius_BIN=Low
30013350,steel_type=St3sp,temperature_measurement2_Celsius_BIN=Low
30013350,steel_type=St3sp,water_consumption_BIN=High
30013350,steel_type=St3sp,water_temperature_deltaCelsius_BIN=High
30013350,workpiece_slice_geometry=150x150,alloy_speed_meter_minute_BIN=High
30013350,workpiece_slice_geometry=150x150,crystallizer_movementmm_BIN=Medium
30013350,workpiece_slice_geometry=150x150,resistance_tonn_BIN=Low
30013350,workpiece_slice_geometry=150x150,steel_temperature_grab1Celsius_BIN=High
30013350,workpiece_slice_geometry=150x150,steel_weighttonn_BIN=High
30013350,workpiece_slice_geometry=150x150,swing_frequency_amount_minute_BIN=Medium
30013350,workpiece_slice_geometry=150x150,temperature_measurement1_Celsius_BIN=Low
30013350,workpiece_slice_geometry=150x150,temperature_measurement2_Celsius_BIN=Low
30013350,workpiece_slice_geometry=150x150,water_consumption_BIN=High
30013350,workpiece_slice_geometry=150x150,water_temperature_deltaCelsius_BIN=High
30013351,RUL_BIN=Critical,alloy_speed_meter_minute_BIN=Medium
30013351,RUL_BIN=Critical,crystallizer_movementmm_BIN=Low
30013351,RUL_BIN=Critical,resistance_tonn_BIN=Low
30013351,RUL_BIN=Critical,steel_temperature_grab1Celsius_BIN=High
30013351,RUL_BIN=Critical,steel_weighttonn_BIN=High
30013351,RUL_BIN=Critical,swing_frequency_amount_minute_BIN=High
30013351,RUL_BIN=Critical,temperature_measurement1_Celsius_BIN=Low
30013351,RUL_BIN=Critical,temperature_measurement2_Celsius_BIN=Low
30013351,RUL_BIN=Critical,water_consumption_BIN=High
30013351,RUL_BIN=Critical,water_temperature_deltaCelsius_BIN=High
30013351,alloy_type=open,alloy_speed_meter_minute_BIN=Medium
30013351,alloy_type=open,crystallizer_movementmm_BIN=Low
30013351,alloy_type=open,resistance_tonn_BIN=Low
30013351,alloy_type=open,steel_temperature_grab1Celsius_BIN=High
30013351,alloy_type=open,steel_weighttonn_BIN=High
30013351,alloy_type=open,swing_frequency_amount_minute_BIN=High
30013351,alloy_type=open,temperature_measurement1_Celsius_BIN=Low
30013351,alloy_type=open,temperature_measurement2_Celsius_BIN=Low
30013351,alloy_type=open,water_consumption_BIN=High
30013351,alloy_type=open,water_temperature_deltaCelsius_BIN=High
30013351,num_crystallizer_BIN=High,alloy_speed_meter_minute_BIN=Medium
30013351,num_crystallizer_BIN=High,crystallizer_movementmm_BIN=Low
30013351,num_crystallizer_BIN=High,resistance_tonn_BIN=Low
30013351,num_crystallizer_BIN=High,steel_temperature_grab1Celsius_BIN=High
30013351,num_crystallizer_BIN=High,steel_weighttonn_BIN=High
30013351,num_crystallizer_BIN=High,swing_frequency_amount_minute_BIN=High
30013351,num_crystallizer_BIN=High,temperature_measurement1_Celsius_BIN=Low
30013351,num_crystallizer_BIN=High,temperature_measurement2_Celsius_BIN=Low
30013351,num_crystallizer_BIN=High,water_consumption_BIN=High
30013351,num_crystallizer_BIN=High,water_temperature_deltaCelsius_BIN=High
30013351,num_stream_BIN=Low,alloy_speed_meter_minute_BIN=Medium
30013351,num_stream_BIN=Low,crystallizer_movementmm_BIN=Low
30013351,num_stream_BIN=Low,resistance_tonn_BIN=Low
30013351,num_stream_BIN=Low,steel_temperature_grab1Celsius_BIN=High
30013351,num_stream_BIN=Low,steel_weighttonn_BIN=High
30013351,num_stream_BIN=Low,swing_frequency_amount_minute_BIN=High
30013351,num_stream_BIN=Low,temperature_measurement1_Celsius_BIN=Low
30013351,num_stream_BIN=Low,temperature_measurement2_Celsius_BIN=Low
30013351,num_stream_BIN=Low,water_consumption_BIN=High
30013351,num_stream_BIN=Low,water_temperature_deltaCelsius_BIN=High
30013351,steel_type=Arm500,alloy_speed_meter_minute_BIN=Medium
30013351,steel_type=Arm500,crystallizer_movementmm_BIN=Low
30013351,steel_type=Arm500,resistance_tonn_BIN=Low
30013351,steel_type=Arm500,steel_temperature_grab1Celsius_BIN=High
30013351,steel_type=Arm500,steel_weighttonn_BIN=High
30013351,steel_type=Arm500,swing_frequency_amount_minute_BIN=High
30013351,steel_type=Arm500,temperature_measurement1_Celsius_BIN=Low
30013351,steel_type=Arm500,temperature_measurement2_Celsius_BIN=Low
30013351,steel_type=Arm500,water_consumption_BIN=High
30013351,steel_type=Arm500,water_temperature_deltaCelsius_BIN=High
30013351,workpiece_slice_geometry=180x180,alloy_speed_meter_minute_BIN=Medium
30013351,workpiece_slice_geometry=180x180,crystallizer_movementmm_BIN=Low
30013351,workpiece_slice_geometry=180x180,resistance_tonn_BIN=Low
30013351,workpiece_slice_geometry=180x180,steel_temperature_grab1Celsius_BIN=High
30013351,workpiece_slice_geometry=180x180,steel_weighttonn_BIN=High
30013351,workpiece_slice_geometry=180x180,swing_frequency_amount_minute_BIN=High
30013351,workpiece_slice_geometry=180x180,temperature_measurement1_Celsius_BIN=Low
30013351,workpiece_slice_geometry=180x180,temperature_measurement2_Celsius_BIN=Low
30013351,workpiece_slice_geometry=180x180,water_consumption_BIN=High
30013351,workpiece_slice_geometry=180x180,water_temperature_deltaCelsius_BIN=High
30013352,RUL_BIN=Critical,alloy_speed_meter_minute_BIN=Medium
30013352,RUL_BIN=Critical,crystallizer_movementmm_BIN=Low
30013352,RUL_BIN=Critical,resistance_tonn_BIN=Low
30013352,RUL_BIN=Critical,steel_temperature_grab1Celsius_BIN=High
30013352,RUL_BIN=Critical,steel_weighttonn_BIN=High
30013352,RUL_BIN=Critical,swing_frequency_amount_minute_BIN=High
30013352,RUL_BIN=Critical,temperature_measurement1_Celsius_BIN=Low
30013352,RUL_BIN=Critical,temperature_measurement2_Celsius_BIN=Low
30013352,RUL_BIN=Critical,water_consumption_BIN=High
30013352,RUL_BIN=Critical,water_temperature_deltaCelsius_BIN=High
30013352,alloy_type=open,alloy_speed_meter_minute_BIN=Medium
30013352,alloy_type=open,crystallizer_movementmm_BIN=Low
30013352,alloy_type=open,resistance_tonn_BIN=Low
30013352,alloy_type=open,steel_temperature_grab1Celsius_BIN=High
30013352,alloy_type=open,steel_weighttonn_BIN=High
30013352,alloy_type=open,swing_frequency_amount_minute_BIN=High
30013352,alloy_type=open,temperature_measurement1_Celsius_BIN=Low
30013352,alloy_type=open,temperature_measurement2_Celsius_BIN=Low
30013352,alloy_type=open,water_consumption_BIN=High
30013352,alloy_type=open,water_temperature_deltaCelsius_BIN=High
30013352,num_crystallizer_BIN=Low,alloy_speed_meter_minute_BIN=Medium
30013352,num_crystallizer_BIN=Low,crystallizer_movementmm_BIN=Low
30013352,num_crystallizer_BIN=Low,resistance_tonn_BIN=Low
30013352,num_crystallizer_BIN=Low,steel_temperature_grab1Celsius_BIN=High
30013352,num_crystallizer_BIN=Low,steel_weighttonn_BIN=High
30013352,num_crystallizer_BIN=Low,swing_frequency_amount_minute_BIN=High
30013352,num_crystallizer_BIN=Low,temperature_measurement1_Celsius_BIN=Low
30013352,num_crystallizer_BIN=Low,temperature_measurement2_Celsius_BIN=Low
30013352,num_crystallizer_BIN=Low,water_consumption_BIN=High
30013352,num_crystallizer_BIN=Low,water_temperature_deltaCelsius_BIN=High
30013352,num_stream_BIN=High,alloy_speed_meter_minute_BIN=Medium
30013352,num_stream_BIN=High,crystallizer_movementmm_BIN=Low
30013352,num_stream_BIN=High,resistance_tonn_BIN=Low
30013352,num_stream_BIN=High,steel_temperature_grab1Celsius_BIN=High
30013352,num_stream_BIN=High,steel_weighttonn_BIN=High
30013352,num_stream_BIN=High,swing_frequency_amount_minute_BIN=High
30013352,num_stream_BIN=High,temperature_measurement1_Celsius_BIN=Low
30013352,num_stream_BIN=High,temperature_measurement2_Celsius_BIN=Low
30013352,num_stream_BIN=High,water_consumption_BIN=High
30013352,num_stream_BIN=High,water_temperature_deltaCelsius_BIN=High
30013352,steel_type=Arm500,alloy_speed_meter_minute_BIN=Medium
30013352,steel_type=Arm500,crystallizer_movementmm_BIN=Low
30013352,steel_type=Arm500,resistance_tonn_BIN=Low
30013352,steel_type=Arm500,steel_temperature_grab1Celsius_BIN=High
30013352,steel_type=Arm500,steel_weighttonn_BIN=High
30013352,steel_type=Arm500,swing_frequency_amount_minute_BIN=High
30013352,steel_type=Arm500,temperature_measurement1_Celsius_BIN=Low
30013352,steel_type=Arm500,temperature_measurement2_Celsius_BIN=Low
30013352,steel_type=Arm500,water_consumption_BIN=High
30013352,steel_type=Arm500,water_temperature_deltaCelsius_BIN=High
30013352,workpiece_slice_geometry=180x180,alloy_speed_meter_minute_BIN=Medium
30013352,workpiece_slice_geometry=180x180,crystallizer_movementmm_BIN=Low
30013352,workpiece_slice_geometry=180x180,resistance_tonn_BIN=Low
30013352,workpiece_slice_geometry=180x180,steel_temperature_grab1Celsius_BIN=High
30013352,workpiece_slice_geometry=180x180,steel_weighttonn_BIN=High
30013352,workpiece_slice_geometry=180x180,swing_frequency_amount_minute_BIN=High
30013352,workpiece_slice_geometry=180x180,temperature_measurement1_Celsius_BIN=Low
30013352,workpiece_slice_geometry=180x180,temperature_measurement2_Celsius_BIN=Low
30013352,workpiece_slice_geometry=180x180,water_consumption_BIN=High
30013352,workpiece_slice_geometry=180x180,water_temperature_deltaCelsius_BIN=High
30013353,RUL_BIN=Critical,alloy_speed_meter_minute_BIN=Medium
30013353,RUL_BIN=Critical,crystallizer_movementmm_BIN=Low
30013353,RUL_BIN=Critical,resistance_tonn_BIN=Low
30013353,RUL_BIN=Critical,steel_temperature_grab1Celsius_BIN=High
30013353,RUL_BIN=Critical,steel_weighttonn_BIN=High
30013353,RUL_BIN=Critical,swing_frequency_amount_minute_BIN=High
30013353,RUL_BIN=Critical,temperature_measurement1_Celsius_BIN=Low
30013353,RUL_BIN=Critical,temperature_measurement2_Celsius_BIN=Low
30013353,RUL_BIN=Critical,water_consumption_BIN=High
30013353,RUL_BIN=Critical,water_temperature_deltaCelsius_BIN=High
30013353,alloy_type=open,alloy_speed_meter_minute_BIN=Medium
30013353,alloy_type=open,crystallizer_movementmm_BIN=Low
30013353,alloy_type=open,resistance_tonn_BIN=Low
30013353,alloy_type=open,steel_temperature_grab1Celsius_BIN=High
30013353,alloy_type=open,steel_weighttonn_BIN=High
30013353,alloy_type=open,swing_frequency_amount_minute_BIN=High
30013353,alloy_type=open,temperature_measurement1_Celsius_BIN=Low
30013353,alloy_type=open,temperature_measurement2_Celsius_BIN=Low
30013353,alloy_type=open,water_consumption_BIN=High
30013353,alloy_type=open,water_temperature_deltaCelsius_BIN=High
30013353,num_crystallizer_BIN=Low,alloy_speed_meter_minute_BIN=Medium
30013353,num_crystallizer_BIN=Low,crystallizer_movementmm_BIN=Low
30013353,num_crystallizer_BIN=Low,resistance_tonn_BIN=Low
30013353,num_crystallizer_BIN=Low,steel_temperature_grab1Celsius_BIN=High
30013353,num_crystallizer_BIN=Low,steel_weighttonn_BIN=High
30013353,num_crystallizer_BIN=Low,swing_frequency_amount_minute_BIN=High
30013353,num_crystallizer_BIN=Low,temperature_measurement1_Celsius_BIN=Low
30013353,num_crystallizer_BIN=Low,temperature_measurement2_Celsius_BIN=Low
30013353,num_crystallizer_BIN=Low,water_consumption_BIN=High
30013353,num_crystallizer_BIN=Low,water_temperature_deltaCelsius_BIN=High
30013353,num_stream_BIN=High,alloy_speed_meter_minute_BIN=Medium
30013353,num_stream_BIN=High,crystallizer_movementmm_BIN=Low
30013353,num_stream_BIN=High,resistance_tonn_BIN=Low
30013353,num_stream_BIN=High,steel_temperature_grab1Celsius_BIN=High
30013353,num_stream_BIN=High,steel_weighttonn_BIN=High
30013353,num_stream_BIN=High,swing_frequency_amount_minute_BIN=High
30013353,num_stream_BIN=High,temperature_measurement1_Celsius_BIN=Low
30013353,num_stream_BIN=High,temperature_measurement2_Celsius_BIN=Low
30013353,num_stream_BIN=High,water_consumption_BIN=High
30013353,num_stream_BIN=High,water_temperature_deltaCelsius_BIN=High
30013353,steel_type=Arm500,alloy_speed_meter_minute_BIN=Medium
30013353,steel_type=Arm500,crystallizer_movementmm_BIN=Low
30013353,steel_type=Arm500,resistance_tonn_BIN=Low
30013353,steel_type=Arm500,steel_temperature_grab1Celsius_BIN=High
30013353,steel_type=Arm500,steel_weighttonn_BIN=High
30013353,steel_type=Arm500,swing_frequency_amount_minute_BIN=High
30013353,steel_type=Arm500,temperature_measurement1_Celsius_BIN=Low
30013353,steel_type=Arm500,temperature_measurement2_Celsius_BIN=Low
30013353,steel_type=Arm500,water_consumption_BIN=High
30013353,steel_type=Arm500,water_temperature_deltaCelsius_BIN=High
30013353,workpiece_slice_geometry=180x180,alloy_speed_meter_minute_BIN=Medium
30013353,workpiece_slice_geometry=180x180,crystallizer_movementmm_BIN=Low
30013353,workpiece_slice_geometry=180x180,resistance_tonn_BIN=Low
30013353,workpiece_slice_geometry=180x180,steel_temperature_grab1Celsius_BIN=High
30013353,workpiece_slice_geometry=180x180,steel_weighttonn_BIN=High
30013353,workpiece_slice_geometry=180x180,swing_frequency_amount_minute_BIN=High
30013353,workpiece_slice_geometry=180x180,temperature_measurement1_Celsius_BIN=Low
30013353,workpiece_slice_geometry=180x180,temperature_measurement2_Celsius_BIN=Low
30013353,workpiece_slice_geometry=180x180,water_consumption_BIN=High
30013353,workpiece_slice_geometry=180x180,water_temperature_deltaCelsius_BIN=High
30013356,RUL_BIN=Critical,alloy_speed_meter_minute_BIN=Medium
30013356,RUL_BIN=Critical,crystallizer_movementmm_BIN=Low
30013356,RUL_BIN=Critical,resistance_tonn_BIN=Low
30013356,RUL_BIN=Critical,steel_temperature_grab1Celsius_BIN=High
30013356,RUL_BIN=Critical,steel_weighttonn_BIN=Medium
30013356,RUL_BIN=Critical,swing_frequency_amount_minute_BIN=High
30013356,RUL_BIN=Critical,temperature_measurement1_Celsius_BIN=Low
30013356,RUL_BIN=Critical,temperature_measurement2_Celsius_BIN=Low
30013356,RUL_BIN=Critical,water_consumption_BIN=High
30013356,RUL_BIN=Critical,water_temperature_deltaCelsius_BIN=High
30013356,alloy_type=open,alloy_speed_meter_minute_BIN=Medium
30013356,alloy_type=open,crystallizer_movementmm_BIN=Low
30013356,alloy_type=open,resistance_tonn_BIN=Low
30013356,alloy_type=open,steel_temperature_grab1Celsius_BIN=High
30013356,alloy_type=open,steel_weighttonn_BIN=Medium
30013356,alloy_type=open,swing_frequency_amount_minute_BIN=High
30013356,alloy_type=open,temperature_measurement1_Celsius_BIN=Low
30013356,alloy_type=open,temperature_measurement2_Celsius_BIN=Low
30013356,alloy_type=open,water_consumption_BIN=High
30013356,alloy_type=open,water_temperature_deltaCelsius_BIN=High
30013356,num_crystallizer_BIN=Medium,alloy_speed_meter_minute_BIN=Medium
30013356,num_crystallizer_BIN=Medium,crystallizer_movementmm_BIN=Low
30013356,num_crystallizer_BIN=Medium,resistance_tonn_BIN=Low
30013356,num_crystallizer_BIN=Medium,steel_temperature_grab1Celsius_BIN=High
30013356,num_crystallizer_BIN=Medium,steel_weighttonn_BIN=Medium
30013356,num_crystallizer_BIN=Medium,swing_frequency_amount_minute_BIN=High
30013356,num_crystallizer_BIN=Medium,temperature_measurement1_Celsius_BIN=Low
30013356,num_crystallizer_BIN=Medium,temperature_measurement2_Celsius_BIN=Low
30013356,num_crystallizer_BIN=Medium,water_consumption_BIN=High
30013356,num_crystallizer_BIN=Medium,water_temperature_deltaCelsius_BIN=High
30013356,num_stream_BIN=High,alloy_speed_meter_minute_BIN=Medium
30013356,num_stream_BIN=High,crystallizer_movementmm_BIN=Low
30013356,num_stream_BIN=High,resistance_tonn_BIN=Low
30013356,num_stream_BIN=High,steel_temperature_grab1Celsius_BIN=High
30013356,num_stream_BIN=High,steel_weighttonn_BIN=Medium
30013356,num_stream_BIN=High,swing_frequency_amount_minute_BIN=High
30013356,num_stream_BIN=High,temperature_measurement1_Celsius_BIN=Low
30013356,num_stream_BIN=High,temperature_measurement2_Celsius_BIN=Low
30013356,num_stream_BIN=High,water_consumption_BIN=High
30013356,num_stream_BIN=High,water_temperature_deltaCelsius_BIN=High
30013356,steel_type=Arm500,alloy_speed_meter_minute_BIN=Medium
30013356,steel_type=Arm500,crystallizer_movementmm_BIN=Low
30013356,steel_type=Arm500,resistance_tonn_BIN=Low
30013356,steel_type=Arm500,steel_temperature_grab1Celsius_BIN=High
30013356,steel_type=Arm500,steel_weighttonn_BIN=Medium
30013356,steel_type=Arm500,swing_frequency_amount_minute_BIN=High
30013356,steel_type=Arm500,temperature_measurement1_Celsius_BIN=Low
30013356,steel_type=Arm500,temperature_measurement2_Celsius_BIN=Low
30013356,steel_type=Arm500,water_consumption_BIN=High
30013356,steel_type=Arm500,water_temperature_deltaCelsius_BIN=High
30013356,workpiece_slice_geometry=180x180,alloy_speed_meter_minute_BIN=Medium
30013356,workpiece_slice_geometry=180x180,crystallizer_movementmm_BIN=Low
30013356,workpiece_slice_geometry=180x180,resistance_tonn_BIN=Low
30013356,workpiece_slice_geometry=180x180,steel_temperature_grab1Celsius_BIN=High
30013356,workpiece_slice_geometry=180x180,steel_weighttonn_BIN=Medium
30013356,workpiece_slice_geometry=180x180,swing_frequency_amount_minute_BIN=High
30013356,workpiece_slice_geometry=180x180,temperature_measurement1_Celsius_BIN=Low
30013356,workpiece_slice_geometry=180x180,temperature_measurement2_Celsius_BIN=Low
30013356,workpiece_slice_geometry=180x180,water_consumption_BIN=High
30013356,workpiece_slice_geometry=180x180,water_temperature_deltaCelsius_BIN=High
30013358,RUL_BIN=Critical,alloy_speed_meter_minute_BIN=Medium
30013358,RUL_BIN=Critical,crystallizer_movementmm_BIN=Low
30013358,RUL_BIN=Critical,resistance_tonn_BIN=Low
30013358,RUL_BIN=Critical,steel_temperature_grab1Celsius_BIN=High
30013358,RUL_BIN=Critical,steel_weighttonn_BIN=Medium
30013358,RUL_BIN=Critical,swing_frequency_amount_minute_BIN=High
30013358,RUL_BIN=Critical,temperature_measurement1_Celsius_BIN=Low
30013358,RUL_BIN=Critical,temperature_measurement2_Celsius_BIN=Low
30013358,RUL_BIN=Critical,water_consumption_BIN=High
30013358,RUL_BIN=Critical,water_temperature_deltaCelsius_BIN=High
30013358,alloy_type=open,alloy_speed_meter_minute_BIN=Medium
30013358,alloy_type=open,crystallizer_movementmm_BIN=Low
30013358,alloy_type=open,resistance_tonn_BIN=Low
30013358,alloy_type=open,steel_temperature_grab1Celsius_BIN=High
30013358,alloy_type=open,steel_weighttonn_BIN=Medium
30013358,alloy_type=open,swing_frequency_amount_minute_BIN=High
30013358,alloy_type=open,temperature_measurement1_Celsius_BIN=Low
30013358,alloy_type=open,temperature_measurement2_Celsius_BIN=Low
30013358,alloy_type=open,water_consumption_BIN=High
30013358,alloy_type=open,water_temperature_deltaCelsius_BIN=High
30013358,num_crystallizer_BIN=Medium,alloy_speed_meter_minute_BIN=Medium
30013358,num_crystallizer_BIN=Medium,crystallizer_movementmm_BIN=Low
30013358,num_crystallizer_BIN=Medium,resistance_tonn_BIN=Low
30013358,num_crystallizer_BIN=Medium,steel_temperature_grab1Celsius_BIN=High
30013358,num_crystallizer_BIN=Medium,steel_weighttonn_BIN=Medium
30013358,num_crystallizer_BIN=Medium,swing_frequency_amount_minute_BIN=High
30013358,num_crystallizer_BIN=Medium,temperature_measurement1_Celsius_BIN=Low
30013358,num_crystallizer_BIN=Medium,temperature_measurement2_Celsius_BIN=Low
30013358,num_crystallizer_BIN=Medium,water_consumption_BIN=High
30013358,num_crystallizer_BIN=Medium,water_temperature_deltaCelsius_BIN=High
30013358,num_stream_BIN=High,alloy_speed_meter_minute_BIN=Medium
30013358,num_stream_BIN=High,crystallizer_movementmm_BIN=Low
30013358,num_stream_BIN=High,resistance_tonn_BIN=Low
30013358,num_stream_BIN=High,steel_temperature_grab1Celsius_BIN=High
30013358,num_stream_BIN=High,steel_weighttonn_BIN=Medium
30013358,num_stream_BIN=High,swing_frequency_amount_minute_BIN=High
30013358,num_stream_BIN=High,temperature_measurement1_Celsius_BIN=Low
30013358,num_stream_BIN=High,temperature_measurement2_Celsius_BIN=Low
30013358,num_stream_BIN=High,water_consumption_BIN=High
30013358,num_stream_BIN=High,water_temperature_deltaCelsius_BIN=High
30013358,steel_type=Arm500,alloy_speed_meter_minute_BIN=Medium
30013358,steel_type=Arm500,crystallizer_movementmm_BIN=Low
30013358,steel_type=Arm500,resistance_tonn_BIN=Low
30013358,steel_type=Arm500,steel_temperature_grab1Celsius_BIN=High
30013358,steel_type=Arm500,steel_weighttonn_BIN=Medium
30013358,steel_type=Arm500,swing_frequency_amount_minute_BIN=High
30013358,steel_type=Arm500,temperature_measurement1_Celsius_BIN=Low
30013358,steel_type=Arm500,temperature_measurement2_Celsius_BIN=Low
30013358,steel_type=Arm500,water_consumption_BIN=High
30013358,steel_type=Arm500,water_temperature_deltaCelsius_BIN=High
30013358,workpiece_slice_geometry=180x180,alloy_speed_meter_minute_BIN=Medium
30013358,workpiece_slice_geometry=180x180,crystallizer_movementmm_BIN=Low
30013358,workpiece_slice_geometry=180x180,resistance_tonn_BIN=Low
30013358,workpiece_slice_geometry=180x180,steel_temperature_grab1Celsius_BIN=High
30013358,workpiece_slice_geometry=180x180,steel_weighttonn_BIN=Medium
30013358,workpiece_slice_geometry=180x180,swing_frequency_amount_minute_BIN=High
30013358,workpiece_slice_geometry=180x180,temperature_measurement1_Celsius_BIN=Low
30013358,workpiece_slice_geometry=180x180,temperature_measurement2_Celsius_BIN=Low
30013358,workpiece_slice_geometry=180x180,water_consumption_BIN=High
30013358,workpiece_slice_geometry=180x180,water_temperature_deltaCelsius_BIN=High
30013359,RUL_BIN=Critical,alloy_speed_meter_minute_BIN=Medium
30013359,RUL_BIN=Critical,crystallizer_movementmm_BIN=Low
30013359,RUL_BIN=Critical,resistance_tonn_BIN=Low
30013359,RUL_BIN=Critical,steel_temperature_grab1Celsius_BIN=High
30013359,RUL_BIN=Critical,steel_weighttonn_BIN=High
30013359,RUL_BIN=Critical,swing_frequency_amount_minute_BIN=Medium
30013359,RUL_BIN=Critical,temperature_measurement1_Celsius_BIN=Low
30013359,RUL_BIN=Critical,temperature_measurement2_Celsius_BIN=Low
30013359,RUL_BIN=Critical,water_consumption_BIN=High
30013359,RUL_BIN=Critical,water_temperature_deltaCelsius_BIN=High
30013359,alloy_type=open,alloy_speed_meter_minute_BIN=Medium
30013359,alloy_type=open,crystallizer_movementmm_BIN=Low
30013359,alloy_type=open,resistance_tonn_BIN=Low
30013359,alloy_type=open,steel_temperature_grab1Celsius_BIN=High
30013359,alloy_type=open,steel_weighttonn_BIN=High
30013359,alloy_type=open,swing_frequency_amount_minute_BIN=Medium
30013359,alloy_type=open,temperature_measurement1_Celsius_BIN=Low
30013359,alloy_type=open,temperature_measurement2_Celsius_BIN=Low
30013359,alloy_type=open,water_consumption_BIN=High
30013359,alloy_type=open,water_temperature_deltaCelsius_BIN=High
30013359,num_crystallizer_BIN=Medium,alloy_speed_meter_minute_BIN=Medium
30013359,num_crystallizer_BIN=Medium,crystallizer_movementmm_BIN=Low
30013359,num_crystallizer_BIN=Medium,resistance_tonn_BIN=Low
30013359,num_crystallizer_BIN=Medium,steel_temperature_grab1Celsius_BIN=High
30013359,num_crystallizer_BIN=Medium,steel_weighttonn_BIN=High
30013359,num_crystallizer_BIN=Medium,swing_frequency_amount_minute_BIN=Medium
30013359,num_crystallizer_BIN=Medium,temperature_measurement1_Celsius_BIN=Low
30013359,num_crystallizer_BIN=Medium,temperature_measurement2_Celsius_BIN=Low
30013359,num_crystallizer_BIN=Medium,water_consumption_BIN=High
30013359,num_crystallizer_BIN=Medium,water_temperature_deltaCelsius_BIN=High
30013359,num_stream_BIN=Low,alloy_speed_meter_minute_BIN=Medium
30013359,num_stream_BIN=Low,crystallizer_movementmm_BIN=Low
30013359,num_stream_BIN=Low,resistance_tonn_BIN=Low
30013359,num_stream_BIN=Low,steel_temperature_grab1Celsius_BIN=High
30013359,num_stream_BIN=Low,steel_weighttonn_BIN=High
30013359,num_stream_BIN=Low,swing_frequency_amount_minute_BIN=Medium
30013359,num_stream_BIN=Low,temperature_measurement1_Celsius_BIN=Low
30013359,num_stream_BIN=Low,temperature_measurement2_Celsius_BIN=Low
30013359,num_stream_BIN=Low,water_consumption_BIN=High
30013359,num_stream_BIN=Low,water_temperature_deltaCelsius_BIN=High
30013359,steel_type=Arm500,alloy_speed_meter_minute_BIN=Medium
30013359,steel_type=Arm500,crystallizer_movementmm_BIN=Low
30013359,steel_type=Arm500,resistance_tonn_BIN=Low
30013359,steel_type=Arm500,steel_temperature_grab1Celsius_BIN=High
30013359,steel_type=Arm500,steel_weighttonn_BIN=High
30013359,steel_type=Arm500,swing_frequency_amount_minute_BIN=Medium
30013359,steel_type=Arm500,temperature_measurement1_Celsius_BIN=Low
30013359,steel_type=Arm500,temperature_measurement2_Celsius_BIN=Low
30013359,steel_type=Arm500,water_consumption_BIN=High
30013359,steel_type=Arm500,water_temperature_deltaCelsius_BIN=High
30013359,workpiece_slice_geometry=180x180,alloy_speed_meter_minute_BIN=Medium
30013359,workpiece_slice_geometry=180x180,crystallizer_movementmm_BIN=Low
30013359,workpiece_slice_geometry=180x180,resistance_tonn_BIN=Low
30013359,workpiece_slice_geometry=180x180,steel_temperature_grab1Celsius_BIN=High
30013359,workpiece_slice_geometry=180x180,steel_weighttonn_BIN=High
30013359,workpiece_slice_geometry=180x180,swing_frequency_amount_minute_BIN=Medium
30013359,workpiece_slice_geometry=180x180,temperature_measurement1_Celsius_BIN=Low
30013359,workpiece_slice_geometry=180x180,temperature_measurement2_Celsius_BIN=Low
30013359,workpiece_slice_geometry=180x180,water_consumption_BIN=High
30013359,workpiece_slice_geometry=180x180,water_temperature_deltaCelsius_BIN=High
30013363,RUL_BIN=Critical,alloy_speed_meter_minute_BIN=Medium
30013363,RUL_BIN=Critical,crystallizer_movementmm_BIN=Low
30013363,RUL_BIN=Critical,resistance_tonn_BIN=Low
30013363,RUL_BIN=Critical,steel_temperature_grab1Celsius_BIN=High
30013363,RUL_BIN=Critical,steel_weighttonn_BIN=High
30013363,RUL_BIN=Critical,swing_frequency_amount_minute_BIN=High
30013363,RUL_BIN=Critical,temperature_measurement1_Celsius_BIN=Low
30013363,RUL_BIN=Critical,temperature_measurement2_Celsius_BIN=Low
30013363,RUL_BIN=Critical,water_consumption_BIN=High
30013363,RUL_BIN=Critical,water_temperature_deltaCelsius_BIN=High
30013363,alloy_type=open,alloy_speed_meter_minute_BIN=Medium
30013363,alloy_type=open,crystallizer_movementmm_BIN=Low
30013363,alloy_type=open,resistance_tonn_BIN=Low
30013363,alloy_type=open,steel_temperature_grab1Celsius_BIN=High
30013363,alloy_type=open,steel_weighttonn_BIN=High
30013363,alloy_type=open,swing_frequency_amount_minute_BIN=High
30013363,alloy_type=open,temperature_measurement1_Celsius_BIN=Low
30013363,alloy_type=open,temperature_measurement2_Celsius_BIN=Low
30013363,alloy_type=open,water_consumption_BIN=High
30013363,alloy_type=open,water_temperature_deltaCelsius_BIN=High
30013363,num_crystallizer_BIN=Medium,alloy_speed_meter_minute_BIN=Medium
30013363,num_crystallizer_BIN=Medium,crystallizer_movementmm_BIN=Low
30013363,num_crystallizer_BIN=Medium,resistance_tonn_BIN=Low
30013363,num_crystallizer_BIN=Medium,steel_temperature_grab1Celsius_BIN=High
30013363,num_crystallizer_BIN=Medium,steel_weighttonn_BIN=High
30013363,num_crystallizer_BIN=Medium,swing_frequency_amount_minute_BIN=High
30013363,num_crystallizer_BIN=Medium,temperature_measurement1_Celsius_BIN=Low
30013363,num_crystallizer_BIN=Medium,temperature_measurement2_Celsius_BIN=Low
30013363,num_crystallizer_BIN=Medium,water_consumption_BIN=High
30013363,num_crystallizer_BIN=Medium,water_temperature_deltaCelsius_BIN=High
30013363,num_stream_BIN=High,alloy_speed_meter_minute_BIN=Medium
30013363,num_stream_BIN=High,crystallizer_movementmm_BIN=Low
30013363,num_stream_BIN=High,resistance_tonn_BIN=Low
30013363,num_stream_BIN=High,steel_temperature_grab1Celsius_BIN=High
30013363,num_stream_BIN=High,steel_weighttonn_BIN=High
30013363,num_stream_BIN=High,swing_frequency_amount_minute_BIN=High
30013363,num_stream_BIN=High,temperature_measurement1_Celsius_BIN=Low
30013363,num_stream_BIN=High,temperature_measurement2_Celsius_BIN=Low
30013363,num_stream_BIN=High,water_consumption_BIN=High
30013363,num_stream_BIN=High,water_temperature_deltaCelsius_BIN=High
30013363,steel_type=Arm500,alloy_speed_meter_minute_BIN=Medium
30013363,steel_type=Arm500,crystallizer_movementmm_BIN=Low
30013363,steel_type=Arm500,resistance_tonn_BIN=Low
30013363,steel_type=Arm500,steel_temperature_grab1Celsius_BIN=High
30013363,steel_type=Arm500,steel_weighttonn_BIN=High
30013363,steel_type=Arm500,swing_frequency_amount_minute_BIN=High
30013363,steel_type=Arm500,temperature_measurement1_Celsius_BIN=Low
30013363,steel_type=Arm500,temperature_measurement2_Celsius_BIN=Low
30013363,steel_type=Arm500,water_consumption_BIN=High
30013363,steel_type=Arm500,water_temperature_deltaCelsius_BIN=High
30013363,workpiece_slice_geometry=180x180,alloy_speed_meter_minute_BIN=Medium
30013363,workpiece_slice_geometry=180x180,crystallizer_movementmm_BIN=Low
30013363,workpiece_slice_geometry=180x180,resistance_tonn_BIN=Low
30013363,workpiece_slice_geometry=180x180,steel_temperature_grab1Celsius_BIN=High
30013363,workpiece_slice_geometry=180x180,steel_weighttonn_BIN=High
30013363,workpiece_slice_geometry=180x180,swing_frequency_amount_minute_BIN=High
30013363,workpiece_slice_geometry=180x180,temperature_measurement1_Celsius_BIN=Low
30013363,workpiece_slice_geometry=180x180,temperature_measurement2_Celsius_BIN=Low
30013363,workpiece_slice_geometry=180x180,water_consumption_BIN=High
30013363,workpiece_slice_geometry=180x180,water_temperature_deltaCelsius_BIN=High
30013863,RUL_BIN=Critical,alloy_speed_meter_minute_BIN=Medium
30013863,RUL_BIN=Critical,crystallizer_movementmm_BIN=Low
30013863,RUL_BIN=Critical,resistance_tonn_BIN=Low
30013863,RUL_BIN=Critical,steel_temperature_grab1Celsius_BIN=High
30013863,RUL_BIN=Critical,steel_weighttonn_BIN=High
30013863,RUL_BIN=Critical,swing_frequency_amount_minute_BIN=High
30013863,RUL_BIN=Critical,temperature_measurement1_Celsius_BIN=Low
30013863,RUL_BIN=Critical,temperature_measurement2_Celsius_BIN=Low
30013863,RUL_BIN=Critical,water_consumption_BIN=High
30013863,RUL_BIN=Critical,water_temperature_deltaCelsius_BIN=High
30013863,alloy_type=open,alloy_speed_meter_minute_BIN=Medium
30013863,alloy_type=open,crystallizer_movementmm_BIN=Low
30013863,alloy_type=open,resistance_tonn_BIN=Low
30013863,alloy_type=open,steel_temperature_grab1Celsius_BIN=High
30013863,alloy_type=open,steel_weighttonn_BIN=High
30013863,alloy_type=open,swing_frequency_amount_minute_BIN=High
30013863,alloy_type=open,temperature_measurement1_Celsius_BIN=Low
30013863,alloy_type=open,temperature_measurement2_Celsius_BIN=Low
30013863,alloy_type=open,water_consumption_BIN=High
30013863,alloy_type=open,water_temperature_deltaCelsius_BIN=High
30013863,num_crystallizer_BIN=Medium,alloy_speed_meter_minute_BIN=Medium
30013863,num_crystallizer_BIN=Medium,crystallizer_movementmm_BIN=Low
30013863,num_crystallizer_BIN=Medium,resistance_tonn_BIN=Low
30013863,num_crystallizer_BIN=Medium,steel_temperature_grab1Celsius_BIN=High
30013863,num_crystallizer_BIN=Medium,steel_weighttonn_BIN=High
30013863,num_crystallizer_BIN=Medium,swing_frequency_amount_minute_BIN=High
30013863,num_crystallizer_BIN=Medium,temperature_measurement1_Celsius_BIN=Low
30013863,num_crystallizer_BIN=Medium,temperature_measurement2_Celsius_BIN=Low
30013863,num_crystallizer_BIN=Medium,water_consumption_BIN=High
30013863,num_crystallizer_BIN=Medium,water_temperature_deltaCelsius_BIN=High
30013863,num_stream_BIN=Medium,alloy_speed_meter_minute_BIN=Medium
30013863,num_stream_BIN=Medium,crystallizer_movementmm_BIN=Low
30013863,num_stream_BIN=Medium,resistance_tonn_BIN=Low
30013863,num_stream_BIN=Medium,steel_temperature_grab1Celsius_BIN=High
30013863,num_stream_BIN=Medium,steel_weighttonn_BIN=High
30013863,num_stream_BIN=Medium,swing_frequency_amount_minute_BIN=High
30013863,num_stream_BIN=Medium,temperature_measurement1_Celsius_BIN=Low
30013863,num_stream_BIN=Medium,temperature_measurement2_Celsius_BIN=Low
30013863,num_stream_BIN=Medium,water_consumption_BIN=High
30013863,num_stream_BIN=Medium,water_temperature_deltaCelsius_BIN=High
30013863,steel_type=Arm500,alloy_speed_meter_minute_BIN=Medium
30013863,steel_type=Arm500,crystallizer_movementmm_BIN=Low
30013863,steel_type=Arm500,resistance_tonn_BIN=Low
30013863,steel_type=Arm500,steel_temperature_grab1Celsius_BIN=High
30013863,steel_type=Arm500,steel_weighttonn_BIN=High
30013863,steel_type=Arm500,swing_frequency_amount_minute_BIN=High
30013863,steel_type=Arm500,temperature_measurement1_Celsius_BIN=Low
30013863,steel_type=Arm500,temperature_measurement2_Celsius_BIN=Low
30013863,steel_type=Arm500,water_consumption_BIN=High
30013863,steel_type=Arm500,water_temperature_deltaCelsius_BIN=High
30013863,workpiece_slice_geometry=180x180,alloy_speed_meter_minute_BIN=Medium
30013863,workpiece_slice_geometry=180x180,crystallizer_movementmm_BIN=Low
30013863,workpiece_slice_geometry=180x180,resistance_tonn_BIN=Low
30013863,workpiece_slice_geometry=180x180,steel_temperature_grab1Celsius_BIN=High
30013863,workpiece_slice_geometry=180x180,steel_weighttonn_BIN=High
30013863,workpiece_slice_geometry=180x180,swing_frequency_amount_minute_BIN=High
30013863,workpiece_slice_geometry=180x180,temperature_measurement1_Celsius_BIN=Low
30013863,workpiece_slice_geometry=180x180,temperature_measurement2_Celsius_BIN=Low
30013863,workpiece_slice_geometry=180x180,water_consumption_BIN=High
30013863,workpiece_slice_geometry=180x180,water_temperature_deltaCelsius_BIN=High
30013864,RUL_BIN=Critical,alloy_speed_meter_minute_BIN=Medium
30013864,RUL_BIN=Critical,crystallizer_movementmm_BIN=Low
30013864,RUL_BIN=Critical,resistance_tonn_BIN=Low
30013864,RUL_BIN=Critical,steel_temperature_grab1Celsius_BIN=High
30013864,RUL_BIN=Critical,steel_weighttonn_BIN=High
30013864,RUL_BIN=Critical,swing_frequency_amount_minute_BIN=High
30013864,RUL_BIN=Critical,temperature_measurement1_Celsius_BIN=Low
30013864,RUL_BIN=Critical,temperature_measurement2_Celsius_BIN=Low
30013864,RUL_BIN=Critical,water_consumption_BIN=High
30013864,RUL_BIN=Critical,water_temperature_deltaCelsius_BIN=High
30013864,alloy_type=open,alloy_speed_meter_minute_BIN=Medium
30013864,alloy_type=open,crystallizer_movementmm_BIN=Low
30013864,alloy_type=open,resistance_tonn_BIN=Low
30013864,alloy_type=open,steel_temperature_grab1Celsius_BIN=High
30013864,alloy_type=open,steel_weighttonn_BIN=High
30013864,alloy_type=open,swing_frequency_amount_minute_BIN=High
30013864,alloy_type=open,temperature_measurement1_Celsius_BIN=Low
30013864,alloy_type=open,temperature_measurement2_Celsius_BIN=Low
30013864,alloy_type=open,water_consumption_BIN=High
30013864,alloy_type=open,water_temperature_deltaCelsius_BIN=High
30013864,num_crystallizer_BIN=Medium,alloy_speed_meter_minute_BIN=Medium
30013864,num_crystallizer_BIN=Medium,crystallizer_movementmm_BIN=Low
30013864,num_crystallizer_BIN=Medium,resistance_tonn_BIN=Low
30013864,num_crystallizer_BIN=Medium,steel_temperature_grab1Celsius_BIN=High
30013864,num_crystallizer_BIN=Medium,steel_weighttonn_BIN=High
30013864,num_crystallizer_BIN=Medium,swing_frequency_amount_minute_BIN=High
30013864,num_crystallizer_BIN=Medium,temperature_measurement1_Celsius_BIN=Low
30013864,num_crystallizer_BIN=Medium,temperature_measurement2_Celsius_BIN=Low
30013864,num_crystallizer_BIN=Medium,water_consumption_BIN=High
30013864,num_crystallizer_BIN=Medium,water_temperature_deltaCelsius_BIN=High
30013864,num_stream_BIN=Medium,alloy_speed_meter_minute_BIN=Medium
30013864,num_stream_BIN=Medium,crystallizer_movementmm_BIN=Low
30013864,num_stream_BIN=Medium,resistance_tonn_BIN=Low
30013864,num_stream_BIN=Medium,steel_temperature_grab1Celsius_BIN=High
30013864,num_stream_BIN=Medium,steel_weighttonn_BIN=High
30013864,num_stream_BIN=Medium,swing_frequency_amount_minute_BIN=High
30013864,num_stream_BIN=Medium,temperature_measurement1_Celsius_BIN=Low
30013864,num_stream_BIN=Medium,temperature_measurement2_Celsius_BIN=Low
30013864,num_stream_BIN=Medium,water_consumption_BIN=High
30013864,num_stream_BIN=Medium,water_temperature_deltaCelsius_BIN=High
30013864,steel_type=Arm500,alloy_speed_meter_minute_BIN=Medium
30013864,steel_type=Arm500,crystallizer_movementmm_BIN=Low
30013864,steel_type=Arm500,resistance_tonn_BIN=Low
30013864,steel_type=Arm500,steel_temperature_grab1Celsius_BIN=High
30013864,steel_type=Arm500,steel_weighttonn_BIN=High
30013864,steel_type=Arm500,swing_frequency_amount_minute_BIN=High
30013864,steel_type=Arm500,temperature_measurement1_Celsius_BIN=Low
30013864,steel_type=Arm500,temperature_measurement2_Celsius_BIN=Low
30013864,steel_type=Arm500,water_consumption_BIN=High
30013864,steel_type=Arm500,water_temperature_deltaCelsius_BIN=High
30013864,workpiece_slice_geometry=180x180,alloy_speed_meter_minute_BIN=Medium
30013864,workpiece_slice_geometry=180x180,crystallizer_movementmm_BIN=Low
30013864,workpiece_slice_geometry=180x180,resistance_tonn_BIN=Low
30013864,workpiece_slice_geometry=180x180,steel_temperature_grab1Celsius_BIN=High
30013864,workpiece_slice_geometry=180x180,steel_weighttonn_BIN=High
30013864,workpiece_slice_geometry=180x180,swing_frequency_amount_minute_BIN=High
30013864,workpiece_slice_geometry=180x180,temperature_measurement1_Celsius_BIN=Low
30013864,workpiece_slice_geometry=180x180,temperature_measurement2_Celsius_BIN=Low
30013864,workpiece_slice_geometry=180x180,water_consumption_BIN=High
30013864,workpiece_slice_geometry=180x180,water_temperature_deltaCelsius_BIN=High
30013865,RUL_BIN=Critical,alloy_speed_meter_minute_BIN=Medium
30013865,RUL_BIN=Critical,crystallizer_movementmm_BIN=Low
30013865,RUL_BIN=Critical,resistance_tonn_BIN=Low
30013865,RUL_BIN=Critical,steel_temperature_grab1Celsius_BIN=High
30013865,RUL_BIN=Critical,steel_weighttonn_BIN=High
30013865,RUL_BIN=Critical,swing_frequency_amount_minute_BIN=High
30013865,RUL_BIN=Critical,temperature_measurement1_Celsius_BIN=Low
30013865,RUL_BIN=Critical,temperature_measurement2_Celsius_BIN=Low
30013865,RUL_BIN=Critical,water_consumption_BIN=High
30013865,RUL_BIN=Critical,water_temperature_deltaCelsius_BIN=High
30013865,alloy_type=open,alloy_speed_meter_minute_BIN=Medium
30013865,alloy_type=open,crystallizer_movementmm_BIN=Low
30013865,alloy_type=open,resistance_tonn_BIN=Low
30013865,alloy_type=open,steel_temperature_grab1Celsius_BIN=High
30013865,alloy_type=open,steel_weighttonn_BIN=High
30013865,alloy_type=open,swing_frequency_amount_minute_BIN=High
30013865,alloy_type=open,temperature_measurement1_Celsius_BIN=Low
30013865,alloy_type=open,temperature_measurement2_Celsius_BIN=Low
30013865,alloy_type=open,water_consumption_BIN=High
30013865,alloy_type=open,water_temperature_deltaCelsius_BIN=High
30013865,num_crystallizer_BIN=Medium,alloy_speed_meter_minute_BIN=Medium
30013865,num_crystallizer_BIN=Medium,crystallizer_movementmm_BIN=Low
30013865,num_crystallizer_BIN=Medium,resistance_tonn_BIN=Low
30013865,num_crystallizer_BIN=Medium,steel_temperature_grab1Celsius_BIN=High
30013865,num_crystallizer_BIN=Medium,steel_weighttonn_BIN=High
30013865,num_crystallizer_BIN=Medium,swing_frequency_amount_minute_BIN=High
30013865,num_crystallizer_BIN=Medium,temperature_measurement1_Celsius_BIN=Low
30013865,num_crystallizer_BIN=Medium,temperature_measurement2_Celsius_BIN=Low
30013865,num_crystallizer_BIN=Medium,water_consumption_BIN=High
30013865,num_crystallizer_BIN=Medium,water_temperature_deltaCelsius_BIN=High
30013865,num_stream_BIN=Low,alloy_speed_meter_minute_BIN=Medium
30013865,num_stream_BIN=Low,crystallizer_movementmm_BIN=Low
30013865,num_stream_BIN=Low,resistance_tonn_BIN=Low
30013865,num_stream_BIN=Low,steel_temperature_grab1Celsius_BIN=High
30013865,num_stream_BIN=Low,steel_weighttonn_BIN=High
30013865,num_stream_BIN=Low,swing_frequency_amount_minute_BIN=High
30013865,num_stream_BIN=Low,temperature_measurement1_Celsius_BIN=Low
30013865,num_stream_BIN=Low,temperature_measurement2_Celsius_BIN=Low
30013865,num_stream_BIN=Low,water_consumption_BIN=High
30013865,num_stream_BIN=Low,water_temperature_deltaCelsius_BIN=High
30013865,steel_type=Arm500,alloy_speed_meter_minute_BIN=Medium
30013865,steel_type=Arm500,crystallizer_movementmm_BIN=Low
30013865,steel_type=Arm500,resistance_tonn_BIN=Low
30013865,steel_type=Arm500,steel_temperature_grab1Celsius_BIN=High
30013865,steel_type=Arm500,steel_weighttonn_BIN=High
30013865,steel_type=Arm500,swing_frequency_amount_minute_BIN=High
30013865,steel_type=Arm500,temperature_measurement1_Celsius_BIN=Low
30013865,steel_type=Arm500,temperature_measurement2_Celsius_BIN=Low
30013865,steel_type=Arm500,water_consumption_BIN=High
30013865,steel_type=Arm500,water_temperature_deltaCelsius_BIN=High
30013865,workpiece_slice_geometry=180x180,alloy_speed_meter_minute_BIN=Medium
30013865,workpiece_slice_geometry=180x180,crystallizer_movementmm_BIN=Low
30013865,workpiece_slice_geometry=180x180,resistance_tonn_BIN=Low
30013865,workpiece_slice_geometry=180x180,steel_temperature_grab1Celsius_BIN=High
30013865,workpiece_slice_geometry=180x180,steel_weighttonn_BIN=High
30013865,workpiece_slice_geometry=180x180,swing_frequency_amount_minute_BIN=High
30013865,workpiece_slice_geometry=180x180,temperature_measurement1_Celsius_BIN=Low
30013865,workpiece_slice_geometry=180x180,temperature_measurement2_Celsius_BIN=Low
30013865,workpiece_slice_geometry=180x180,water_consumption_BIN=High
30013865,workpiece_slice_geometry=180x180,water_temperature_deltaCelsius_BIN=High
30013866,RUL_BIN=Critical,alloy_speed_meter_minute_BIN=Medium
30013866,RUL_BIN=Critical,crystallizer_movementmm_BIN=Low
30013866,RUL_BIN=Critical,resistance_tonn_BIN=Low
30013866,RUL_BIN=Critical,steel_temperature_grab1Celsius_BIN=High
30013866,RUL_BIN=Critical,steel_weighttonn_BIN=High
30013866,RUL_BIN=Critical,swing_frequency_amount_minute_BIN=High
30013866,RUL_BIN=Critical,temperature_measurement1_Celsius_BIN=Low
30013866,RUL_BIN=Critical,temperature_measurement2_Celsius_BIN=Low
30013866,RUL_BIN=Critical,water_consumption_BIN=High
30013866,RUL_BIN=Critical,water_temperature_deltaCelsius_BIN=High
30013866,alloy_type=open,alloy_speed_meter_minute_BIN=Medium
30013866,alloy_type=open,crystallizer_movementmm_BIN=Low
30013866,alloy_type=open,resistance_tonn_BIN=Low
30013866,alloy_type=open,steel_temperature_grab1Celsius_BIN=High
30013866,alloy_type=open,steel_weighttonn_BIN=High
30013866,alloy_type=open,swing_frequency_amount_minute_BIN=High
30013866,alloy_type=open,temperature_measurement1_Celsius_BIN=Low
30013866,alloy_type=open,temperature_measurement2_Celsius_BIN=Low
30013866,alloy_type=open,water_consumption_BIN=High
30013866,alloy_type=open,water_temperature_deltaCelsius_BIN=High
30013866,num_crystallizer_BIN=High,alloy_speed_meter_minute_BIN=Medium
30013866,num_crystallizer_BIN=High,crystallizer_movementmm_BIN=Low
30013866,num_crystallizer_BIN=High,resistance_tonn_BIN=Low
30013866,num_crystallizer_BIN=High,steel_temperature_grab1Celsius_BIN=High
30013866,num_crystallizer_BIN=High,steel_weighttonn_BIN=High
30013866,num_crystallizer_BIN=High,swing_frequency_amount_minute_BIN=High
30013866,num_crystallizer_BIN=High,temperature_measurement1_Celsius_BIN=Low
30013866,num_crystallizer_BIN=High,temperature_measurement2_Celsius_BIN=Low
30013866,num_crystallizer_BIN=High,water_consumption_BIN=High
30013866,num_crystallizer_BIN=High,water_temperature_deltaCelsius_BIN=High
30013866,num_stream_BIN=High,alloy_speed_meter_minute_BIN=Medium
30013866,num_stream_BIN=High,crystallizer_movementmm_BIN=Low
30013866,num_stream_BIN=High,resistance_tonn_BIN=Low
30013866,num_stream_BIN=High,steel_temperature_grab1Celsius_BIN=High
30013866,num_stream_BIN=High,steel_weighttonn_BIN=High
30013866,num_stream_BIN=High,swing_frequency_amount_minute_BIN=High
30013866,num_stream_BIN=High,temperature_measurement1_Celsius_BIN=Low
30013866,num_stream_BIN=High,temperature_measurement2_Celsius_BIN=Low
30013866,num_stream_BIN=High,water_consumption_BIN=High
30013866,num_stream_BIN=High,water_temperature_deltaCelsius_BIN=High
30013866,steel_type=Arm500,alloy_speed_meter_minute_BIN=Medium
30013866,steel_type=Arm500,crystallizer_movementmm_BIN=Low
30013866,steel_type=Arm500,resistance_tonn_BIN=Low
30013866,steel_type=Arm500,steel_temperature_grab1Celsius_BIN=High
30013866,steel_type=Arm500,steel_weighttonn_BIN=High
30013866,steel_type=Arm500,swing_frequency_amount_minute_BIN=High
30013866,steel_type=Arm500,temperature_measurement1_Celsius_BIN=Low
30013866,steel_type=Arm500,temperature_measurement2_Celsius_BIN=Low
30013866,steel_type=Arm500,water_consumption_BIN=High
30013866,steel_type=Arm500,water_temperature_deltaCelsius_BIN=High
30013866,workpiece_slice_geometry=180x180,alloy_speed_meter_minute_BIN=Medium
30013866,workpiece_slice_geometry=180x180,crystallizer_movementmm_BIN=Low
30013866,workpiece_slice_geometry=180x180,resistance_tonn_BIN=Low
30013866,workpiece_slice_geometry=180x180,steel_temperature_grab1Celsius_BIN=High
30013866,workpiece_slice_geometry=180x180,steel_weighttonn_BIN=High
30013866,workpiece_slice_geometry=180x180,swing_frequency_amount_minute_BIN=High
30013866,workpiece_slice_geometry=180x180,temperature_measurement1_Celsius_BIN=Low
30013866,workpiece_slice_geometry=180x180,temperature_measurement2_Celsius_BIN=Low
30013866,workpiece_slice_geometry=180x180,water_consumption_BIN=High
30013866,workpiece_slice_geometry=180x180,water_temperature_deltaCelsius_BIN=High
30013867,RUL_BIN=Critical,alloy_speed_meter_minute_BIN=Medium
30013867,RUL_BIN=Critical,crystallizer_movementmm_BIN=Low
30013867,RUL_BIN=Critical,resistance_tonn_BIN=Low
30013867,RUL_BIN=Critical,steel_temperature_grab1Celsius_BIN=High
30013867,RUL_BIN=Critical,steel_weighttonn_BIN=High
30013867,RUL_BIN=Critical,swing_frequency_amount_minute_BIN=Medium
30013867,RUL_BIN=Critical,temperature_measurement1_Celsius_BIN=Low
30013867,RUL_BIN=Critical,temperature_measurement2_Celsius_BIN=Low
30013867,RUL_BIN=Critical,water_consumption_BIN=High
30013867,RUL_BIN=Critical,water_temperature_deltaCelsius_BIN=High
30013867,alloy_type=open,alloy_speed_meter_minute_BIN=Medium
30013867,alloy_type=open,crystallizer_movementmm_BIN=Low
30013867,alloy_type=open,resistance_tonn_BIN=Low
30013867,alloy_type=open,steel_temperature_grab1Celsius_BIN=High
30013867,alloy_type=open,steel_weighttonn_BIN=High
30013867,alloy_type=open,swing_frequency_amount_minute_BIN=Medium
30013867,alloy_type=open,temperature_measurement1_Celsius_BIN=Low
30013867,alloy_type=open,temperature_measurement2_Celsius_BIN=Low
30013867,alloy_type=open,water_consumption_BIN=High
30013867,alloy_type=open,water_temperature_deltaCelsius_BIN=High
30013867,num_crystallizer_BIN=Medium,alloy_speed_meter_minute_BIN=Medium
30013867,num_crystallizer_BIN=Medium,crystallizer_movementmm_BIN=Low
30013867,num_crystallizer_BIN=Medium,resistance_tonn_BIN=Low
30013867,num_crystallizer_BIN=Medium,steel_temperature_grab1Celsius_BIN=High
30013867,num_crystallizer_BIN=Medium,steel_weighttonn_BIN=High
30013867,num_crystallizer_BIN=Medium,swing_frequency_amount_minute_BIN=Medium
30013867,num_crystallizer_BIN=Medium,temperature_measurement1_Celsius_BIN=Low
30013867,num_crystallizer_BIN=Medium,temperature_measurement2_Celsius_BIN=Low
30013867,num_crystallizer_BIN=Medium,water_consumption_BIN=High
30013867,num_crystallizer_BIN=Medium,water_temperature_deltaCelsius_BIN=High
30013867,num_stream_BIN=Low,alloy_speed_meter_minute_BIN=Medium
30013867,num_stream_BIN=Low,crystallizer_movementmm_BIN=Low
30013867,num_stream_BIN=Low,resistance_tonn_BIN=Low
30013867,num_stream_BIN=Low,steel_temperature_grab1Celsius_BIN=High
30013867,num_stream_BIN=Low,steel_weighttonn_BIN=High
30013867,num_stream_BIN=Low,swing_frequency_amount_minute_BIN=Medium
30013867,num_stream_BIN=Low,temperature_measurement1_Celsius_BIN=Low
30013867,num_stream_BIN=Low,temperature_measurement2_Celsius_BIN=Low
30013867,num_stream_BIN=Low,water_consumption_BIN=High
30013867,num_stream_BIN=Low,water_temperature_deltaCelsius_BIN=High
30013867,steel_type=Arm500,alloy_speed_meter_minute_BIN=Medium
30013867,steel_type=Arm500,crystallizer_movementmm_BIN=Low
30013867,steel_type=Arm500,resistance_tonn_BIN=Low
30013867,steel_type=Arm500,steel_temperature_grab1Celsius_BIN=High
30013867,steel_type=Arm500,steel_weighttonn_BIN=High
30013867,steel_type=Arm500,swing_frequency_amount_minute_BIN=Medium
30013867,steel_type=Arm500,temperature_measurement1_Celsius_BIN=Low
30013867,steel_type=Arm500,temperature_measurement2_Celsius_BIN=Low
30013867,steel_type=Arm500,water_consumption_BIN=High
30013867,steel_type=Arm500,water_temperature_deltaCelsius_BIN=High
30013867,workpiece_slice_geometry=180x180,alloy_speed_meter_minute_BIN=Medium
30013867,workpiece_slice_geometry=180x180,crystallizer_movementmm_BIN=Low
30013867,workpiece_slice_geometry=180x180,resistance_tonn_BIN=Low
30013867,workpiece_slice_geometry=180x180,steel_temperature_grab1Celsius_BIN=High
30013867,workpiece_slice_geometry=180x180,steel_weighttonn_BIN=High
30013867,workpiece_slice_geometry=180x180,swing_frequency_amount_minute_BIN=Medium
30013867,workpiece_slice_geometry=180x180,temperature_measurement1_Celsius_BIN=Low
30013867,workpiece_slice_geometry=180x180,temperature_measurement2_Celsius_BIN=Low
30013867,workpiece_slice_geometry=180x180,water_consumption_BIN=High
30013867,workpiece_slice_geometry=180x180,water_temperature_deltaCelsius_BIN=High
30013868,RUL_BIN=Critical,alloy_speed_meter_minute_BIN=Medium
30013868,RUL_BIN=Critical,crystallizer_movementmm_BIN=Low
30013868,RUL_BIN=Critical,resistance_tonn_BIN=Low
30013868,RUL_BIN=Critical,steel_temperature_grab1Celsius_BIN=High
30013868,RUL_BIN=Critical,steel_weighttonn_BIN=High
30013868,RUL_BIN=Critical,swing_frequency_amount_minute_BIN=High
30013868,RUL_BIN=Critical,temperature_measurement1_Celsius_BIN=Low
30013868,RUL_BIN=Critical,temperature_measurement2_Celsius_BIN=Low
30013868,RUL_BIN=Critical,water_consumption_BIN=High
30013868,RUL_BIN=Critical,water_temperature_deltaCelsius_BIN=High
30013868,alloy_type=open,alloy_speed_meter_minute_BIN=Medium
30013868,alloy_type=open,crystallizer_movementmm_BIN=Low
30013868,alloy_type=open,resistance_tonn_BIN=Low
30013868,alloy_type=open,steel_temperature_grab1Celsius_BIN=High
30013868,alloy_type=open,steel_weighttonn_BIN=High
30013868,alloy_type=open,swing_frequency_amount_minute_BIN=High
30013868,alloy_type=open,temperature_measurement1_Celsius_BIN=Low
30013868,alloy_type=open,temperature_measurement2_Celsius_BIN=Low
30013868,alloy_type=open,water_consumption_BIN=High
30013868,alloy_type=open,water_temperature_deltaCelsius_BIN=High
30013868,num_crystallizer_BIN=Medium,alloy_speed_meter_minute_BIN=Medium
30013868,num_crystallizer_BIN=Medium,crystallizer_movementmm_BIN=Low
30013868,num_crystallizer_BIN=Medium,resistance_tonn_BIN=Low
30013868,num_crystallizer_BIN=Medium,steel_temperature_grab1Celsius_BIN=High
30013868,num_crystallizer_BIN=Medium,steel_weighttonn_BIN=High
30013868,num_crystallizer_BIN=Medium,swing_frequency_amount_minute_BIN=High
30013868,num_crystallizer_BIN=Medium,temperature_measurement1_Celsius_BIN=Low
30013868,num_crystallizer_BIN=Medium,temperature_measurement2_Celsius_BIN=Low
30013868,num_crystallizer_BIN=Medium,water_consumption_BIN=High
30013868,num_crystallizer_BIN=Medium,water_temperature_deltaCelsius_BIN=High
30013868,num_stream_BIN=Low,alloy_speed_meter_minute_BIN=Medium
30013868,num_stream_BIN=Low,crystallizer_movementmm_BIN=Low
30013868,num_stream_BIN=Low,resistance_tonn_BIN=Low
30013868,num_stream_BIN=Low,steel_temperature_grab1Celsius_BIN=High
30013868,num_stream_BIN=Low,steel_weighttonn_BIN=High
30013868,num_stream_BIN=Low,swing_frequency_amount_minute_BIN=High
30013868,num_stream_BIN=Low,temperature_measurement1_Celsius_BIN=Low
30013868,num_stream_BIN=Low,temperature_measurement2_Celsius_BIN=Low
30013868,num_stream_BIN=Low,water_consumption_BIN=High
30013868,num_stream_BIN=Low,water_temperature_deltaCelsius_BIN=High
30013868,steel_type=Arm500,alloy_speed_meter_minute_BIN=Medium
30013868,steel_type=Arm500,crystallizer_movementmm_BIN=Low
30013868,steel_type=Arm500,resistance_tonn_BIN=Low
30013868,steel_type=Arm500,steel_temperature_grab1Celsius_BIN=High
30013868,steel_type=Arm500,steel_weighttonn_BIN=High
30013868,steel_type=Arm500,swing_frequency_amount_minute_BIN=High
30013868,steel_type=Arm500,temperature_measurement1_Celsius_BIN=Low
30013868,steel_type=Arm500,temperature_measurement2_Celsius_BIN=Low
30013868,steel_type=Arm500,water_consumption_BIN=High
30013868,steel_type=Arm500,water_temperature_deltaCelsius_BIN=High
30013868,workpiece_slice_geometry=180x180,alloy_speed_meter_minute_BIN=Medium
30013868,workpiece_slice_geometry=180x180,crystallizer_movementmm_BIN=Low
30013868,workpiece_slice_geometry=180x180,resistance_tonn_BIN=Low
30013868,workpiece_slice_geometry=180x180,steel_temperature_grab1Celsius_BIN=High
30013868,workpiece_slice_geometry=180x180,steel_weighttonn_BIN=High
30013868,workpiece_slice_geometry=180x180,swing_frequency_amount_minute_BIN=High
30013868,workpiece_slice_geometry=180x180,temperature_measurement1_Celsius_BIN=Low
30013868,workpiece_slice_geometry=180x180,temperature_measurement2_Celsius_BIN=Low
30013868,workpiece_slice_geometry=180x180,water_consumption_BIN=High
30013868,workpiece_slice_geometry=180x180,water_temperature_deltaCelsius_BIN=High
30013870,RUL_BIN=Critical,alloy_speed_meter_minute_BIN=Medium
30013870,RUL_BIN=Critical,crystallizer_movementmm_BIN=Low
30013870,RUL_BIN=Critical,resistance_tonn_BIN=Low
30013870,RUL_BIN=Critical,steel_temperature_grab1Celsius_BIN=High
30013870,RUL_BIN=Critical,steel_weighttonn_BIN=High
30013870,RUL_BIN=Critical,swing_frequency_amount_minute_BIN=High
30013870,RUL_BIN=Critical,temperature_measurement1_Celsius_BIN=Low
30013870,RUL_BIN=Critical,temperature_measurement2_Celsius_BIN=Low
30013870,RUL_BIN=Critical,water_consumption_BIN=High
30013870,RUL_BIN=Critical,water_temperature_deltaCelsius_BIN=High
30013870,alloy_type=open,alloy_speed_meter_minute_BIN=Medium
30013870,alloy_type=open,crystallizer_movementmm_BIN=Low
30013870,alloy_type=open,resistance_tonn_BIN=Low
30013870,alloy_type=open,steel_temperature_grab1Celsius_BIN=High
30013870,alloy_type=open,steel_weighttonn_BIN=High
30013870,alloy_type=open,swing_frequency_amount_minute_BIN=High
30013870,alloy_type=open,temperature_measurement1_Celsius_BIN=Low
30013870,alloy_type=open,temperature_measurement2_Celsius_BIN=Low
30013870,alloy_type=open,water_consumption_BIN=High
30013870,alloy_type=open,water_temperature_deltaCelsius_BIN=High
30013870,num_crystallizer_BIN=High,alloy_speed_meter_minute_BIN=Medium
30013870,num_crystallizer_BIN=High,crystallizer_movementmm_BIN=Low
30013870,num_crystallizer_BIN=High,resistance_tonn_BIN=Low
30013870,num_crystallizer_BIN=High,steel_temperature_grab1Celsius_BIN=High
30013870,num_crystallizer_BIN=High,steel_weighttonn_BIN=High
30013870,num_crystallizer_BIN=High,swing_frequency_amount_minute_BIN=High
30013870,num_crystallizer_BIN=High,temperature_measurement1_Celsius_BIN=Low
30013870,num_crystallizer_BIN=High,temperature_measurement2_Celsius_BIN=Low
30013870,num_crystallizer_BIN=High,water_consumption_BIN=High
30013870,num_crystallizer_BIN=High,water_temperature_deltaCelsius_BIN=High
30013870,num_stream_BIN=High,alloy_speed_meter_minute_BIN=Medium
30013870,num_stream_BIN=High,crystallizer_movementmm_BIN=Low
30013870,num_stream_BIN=High,resistance_tonn_BIN=Low
30013870,num_stream_BIN=High,steel_temperature_grab1Celsius_BIN=High
30013870,num_stream_BIN=High,steel_weighttonn_BIN=High
30013870,num_stream_BIN=High,swing_frequency_amount_minute_BIN=High
30013870,num_stream_BIN=High,temperature_measurement1_Celsius_BIN=Low
30013870,num_stream_BIN=High,temperature_measurement2_Celsius_BIN=Low
30013870,num_stream_BIN=High,water_consumption_BIN=High
30013870,num_stream_BIN=High,water_temperature_deltaCelsius_BIN=High
30013870,steel_type=Arm500,alloy_speed_meter_minute_BIN=Medium
30013870,steel_type=Arm500,crystallizer_movementmm_BIN=Low
30013870,steel_type=Arm500,resistance_tonn_BIN=Low
30013870,steel_type=Arm500,steel_temperature_grab1Celsius_BIN=High
30013870,steel_type=Arm500,steel_weighttonn_BIN=High
30013870,steel_type=Arm500,swing_frequency_amount_minute_BIN=High
30013870,steel_type=Arm500,temperature_measurement1_Celsius_BIN=Low
30013870,steel_type=Arm500,temperature_measurement2_Celsius_BIN=Low
30013870,steel_type=Arm500,water_consumption_BIN=High
30013870,steel_type=Arm500,water_temperature_deltaCelsius_BIN=High
30013870,workpiece_slice_geometry=180x180,alloy_speed_meter_minute_BIN=Medium
30013870,workpiece_slice_geometry=180x180,crystallizer_movementmm_BIN=Low
30013870,workpiece_slice_geometry=180x180,resistance_tonn_BIN=Low
30013870,workpiece_slice_geometry=180x180,steel_temperature_grab1Celsius_BIN=High
30013870,workpiece_slice_geometry=180x180,steel_weighttonn_BIN=High
30013870,workpiece_slice_geometry=180x180,swing_frequency_amount_minute_BIN=High
30013870,workpiece_slice_geometry=180x180,temperature_measurement1_Celsius_BIN=Low
30013870,workpiece_slice_geometry=180x180,temperature_measurement2_Celsius_BIN=Low
30013870,workpiece_slice_geometry=180x180,water_consumption_BIN=High
30013870,workpiece_slice_geometry=180x180,water_temperature_deltaCelsius_BIN=High
30013871,RUL_BIN=Critical,alloy_speed_meter_minute_BIN=Medium
30013871,RUL_BIN=Critical,crystallizer_movementmm_BIN=Low
30013871,RUL_BIN=Critical,resistance_tonn_BIN=Low
30013871,RUL_BIN=Critical,steel_temperature_grab1Celsius_BIN=High
30013871,RUL_BIN=Critical,steel_weighttonn_BIN=High
30013871,RUL_BIN=Critical,swing_frequency_amount_minute_BIN=Medium
30013871,RUL_BIN=Critical,temperature_measurement1_Celsius_BIN=Low
30013871,RUL_BIN=Critical,temperature_measurement2_Celsius_BIN=Low
30013871,RUL_BIN=Critical,water_consumption_BIN=High
30013871,RUL_BIN=Critical,water_temperature_deltaCelsius_BIN=High
30013871,alloy_type=open,alloy_speed_meter_minute_BIN=Medium
30013871,alloy_type=open,crystallizer_movementmm_BIN=Low
30013871,alloy_type=open,resistance_tonn_BIN=Low
30013871,alloy_type=open,steel_temperature_grab1Celsius_BIN=High
30013871,alloy_type=open,steel_weighttonn_BIN=High
30013871,alloy_type=open,swing_frequency_amount_minute_BIN=Medium
30013871,alloy_type=open,temperature_measurement1_Celsius_BIN=Low
30013871,alloy_type=open,temperature_measurement2_Celsius_BIN=Low
30013871,alloy_type=open,water_consumption_BIN=High
30013871,alloy_type=open,water_temperature_deltaCelsius_BIN=High
30013871,num_crystallizer_BIN=Medium,alloy_speed_meter_minute_BIN=Medium
30013871,num_crystallizer_BIN=Medium,crystallizer_movementmm_BIN=Low
30013871,num_crystallizer_BIN=Medium,resistance_tonn_BIN=Low
30013871,num_crystallizer_BIN=Medium,steel_temperature_grab1Celsius_BIN=High
30013871,num_crystallizer_BIN=Medium,steel_weighttonn_BIN=High
30013871,num_crystallizer_BIN=Medium,swing_frequency_amount_minute_BIN=Medium
30013871,num_crystallizer_BIN=Medium,temperature_measurement1_Celsius_BIN=Low
30013871,num_crystallizer_BIN=Medium,temperature_measurement2_Celsius_BIN=Low
30013871,num_crystallizer_BIN=Medium,water_consumption_BIN=High
30013871,num_crystallizer_BIN=Medium,water_temperature_deltaCelsius_BIN=High
30013871,num_stream_BIN=Medium,alloy_speed_meter_minute_BIN=Medium
30013871,num_stream_BIN=Medium,crystallizer_movementmm_BIN=Low
30013871,num_stream_BIN=Medium,resistance_tonn_BIN=Low
30013871,num_stream_BIN=Medium,steel_temperature_grab1Celsius_BIN=High
30013871,num_stream_BIN=Medium,steel_weighttonn_BIN=High
30013871,num_stream_BIN=Medium,swing_frequency_amount_minute_BIN=Medium
30013871,num_stream_BIN=Medium,temperature_measurement1_Celsius_BIN=Low
30013871,num_stream_BIN=Medium,temperature_measurement2_Celsius_BIN=Low
30013871,num_stream_BIN=Medium,water_consumption_BIN=High
30013871,num_stream_BIN=Medium,water_temperature_deltaCelsius_BIN=High
30013871,steel_type=Arm500,alloy_speed_meter_minute_BIN=Medium
30013871,steel_type=Arm500,crystallizer_movementmm_BIN=Low
30013871,steel_type=Arm500,resistance_tonn_BIN=Low
30013871,steel_type=Arm500,steel_temperature_grab1Celsius_BIN=High
30013871,steel_type=Arm500,steel_weighttonn_BIN=High
30013871,steel_type=Arm500,swing_frequency_amount_minute_BIN=Medium
30013871,steel_type=Arm500,temperature_measurement1_Celsius_BIN=Low
30013871,steel_type=Arm500,temperature_measurement2_Celsius_BIN=Low
30013871,steel_type=Arm500,water_consumption_BIN=High
30013871,steel_type=Arm500,water_temperature_deltaCelsius_BIN=High
30013871,workpiece_slice_geometry=180x180,alloy_speed_meter_minute_BIN=Medium
30013871,workpiece_slice_geometry=180x180,crystallizer_movementmm_BIN=Low
30013871,workpiece_slice_geometry=180x180,resistance_tonn_BIN=Low
30013871,workpiece_slice_geometry=180x180,steel_temperature_grab1Celsius_BIN=High
30013871,workpiece_slice_geometry=180x180,steel_weighttonn_BIN=High
30013871,workpiece_slice_geometry=180x180,swing_frequency_amount_minute_BIN=Medium
30013871,workpiece_slice_geometry=180x180,temperature_measurement1_Celsius_BIN=Low
30013871,workpiece_slice_geometry=180x180,temperature_measurement2_Celsius_BIN=Low
30013871,workpiece_slice_geometry=180x180,water_consumption_BIN=High
30013871,workpiece_slice_geometry=180x180,water_temperature_deltaCelsius_BIN=High
30013872,RUL_BIN=Critical,alloy_speed_meter_minute_BIN=Medium
30013872,RUL_BIN=Critical,crystallizer_movementmm_BIN=Low
30013872,RUL_BIN=Critical,resistance_tonn_BIN=Low
30013872,RUL_BIN=Critical,steel_temperature_grab1Celsius_BIN=High
30013872,RUL_BIN=Critical,steel_weighttonn_BIN=High
30013872,RUL_BIN=Critical,swing_frequency_amount_minute_BIN=High
30013872,RUL_BIN=Critical,temperature_measurement1_Celsius_BIN=Low
30013872,RUL_BIN=Critical,temperature_measurement2_Celsius_BIN=Low
30013872,RUL_BIN=Critical,water_consumption_BIN=High
30013872,RUL_BIN=Critical,water_temperature_deltaCelsius_BIN=High
30013872,alloy_type=open,alloy_speed_meter_minute_BIN=Medium
30013872,alloy_type=open,crystallizer_movementmm_BIN=Low
30013872,alloy_type=open,resistance_tonn_BIN=Low
30013872,alloy_type=open,steel_temperature_grab1Celsius_BIN=High
30013872,alloy_type=open,steel_weighttonn_BIN=High
30013872,alloy_type=open,swing_frequency_amount_minute_BIN=High
30013872,alloy_type=open,temperature_measurement1_Celsius_BIN=Low
30013872,alloy_type=open,temperature_measurement2_Celsius_BIN=Low
30013872,alloy_type=open,water_consumption_BIN=High
30013872,alloy_type=open,water_temperature_deltaCelsius_BIN=High
30013872,num_crystallizer_BIN=High,alloy_speed_meter_minute_BIN=Medium
30013872,num_crystallizer_BIN=High,crystallizer_movementmm_BIN=Low
30013872,num_crystallizer_BIN=High,resistance_tonn_BIN=Low
30013872,num_crystallizer_BIN=High,steel_temperature_grab1Celsius_BIN=High
30013872,num_crystallizer_BIN=High,steel_weighttonn_BIN=High
30013872,num_crystallizer_BIN=High,swing_frequency_amount_minute_BIN=High
30013872,num_crystallizer_BIN=High,temperature_measurement1_Celsius_BIN=Low
30013872,num_crystallizer_BIN=High,temperature_measurement2_Celsius_BIN=Low
30013872,num_crystallizer_BIN=High,water_consumption_BIN=High
30013872,num_crystallizer_BIN=High,water_temperature_deltaCelsius_BIN=High
30013872,num_stream_BIN=High,alloy_speed_meter_minute_BIN=Medium
30013872,num_stream_BIN=High,crystallizer_movementmm_BIN=Low
30013872,num_stream_BIN=High,resistance_tonn_BIN=Low
30013872,num_stream_BIN=High,steel_temperature_grab1Celsius_BIN=High
30013872,num_stream_BIN=High,steel_weighttonn_BIN=High
30013872,num_stream_BIN=High,swing_frequency_amount_minute_BIN=High
30013872,num_stream_BIN=High,temperature_measurement1_Celsius_BIN=Low
30013872,num_stream_BIN=High,temperature_measurement2_Celsius_BIN=Low
30013872,num_stream_BIN=High,water_consumption_BIN=High
30013872,num_stream_BIN=High,water_temperature_deltaCelsius_BIN=High
30013872,steel_type=Arm500,alloy_speed_meter_minute_BIN=Medium
30013872,steel_type=Arm500,crystallizer_movementmm_BIN=Low
30013872,steel_type=Arm500,resistance_tonn_BIN=Low
30013872,steel_type=Arm500,steel_temperature_grab1Celsius_BIN=High
30013872,steel_type=Arm500,steel_weighttonn_BIN=High
30013872,steel_type=Arm500,swing_frequency_amount_minute_BIN=High
30013872,steel_type=Arm500,temperature_measurement1_Celsius_BIN=Low
30013872,steel_type=Arm500,temperature_measurement2_Celsius_BIN=Low
30013872,steel_type=Arm500,water_consumption_BIN=High
30013872,steel_type=Arm500,water_temperature_deltaCelsius_BIN=High
30013872,workpiece_slice_geometry=180x180,alloy_speed_meter_minute_BIN=Medium
30013872,workpiece_slice_geometry=180x180,crystallizer_movementmm_BIN=Low
30013872,workpiece_slice_geometry=180x180,resistance_tonn_BIN=Low
30013872,workpiece_slice_geometry=180x180,steel_temperature_grab1Celsius_BIN=High
30013872,workpiece_slice_geometry=180x180,steel_weighttonn_BIN=High
30013872,workpiece_slice_geometry=180x180,swing_frequency_amount_minute_BIN=High
30013872,workpiece_slice_geometry=180x180,temperature_measurement1_Celsius_BIN=Low
30013872,workpiece_slice_geometry=180x180,temperature_measurement2_Celsius_BIN=Low
30013872,workpiece_slice_geometry=180x180,water_consumption_BIN=High
30013872,workpiece_slice_geometry=180x180,water_temperature_deltaCelsius_BIN=High
30013873,RUL_BIN=Critical,alloy_speed_meter_minute_BIN=Medium
30013873,RUL_BIN=Critical,crystallizer_movementmm_BIN=Low
30013873,RUL_BIN=Critical,resistance_tonn_BIN=Low
30013873,RUL_BIN=Critical,steel_temperature_grab1Celsius_BIN=High
30013873,RUL_BIN=Critical,steel_weighttonn_BIN=High
30013873,RUL_BIN=Critical,swing_frequency_amount_minute_BIN=High
30013873,RUL_BIN=Critical,temperature_measurement1_Celsius_BIN=Low
30013873,RUL_BIN=Critical,temperature_measurement2_Celsius_BIN=Low
30013873,RUL_BIN=Critical,water_consumption_BIN=High
30013873,RUL_BIN=Critical,water_temperature_deltaCelsius_BIN=High
30013873,alloy_type=open,alloy_speed_meter_minute_BIN=Medium
30013873,alloy_type=open,crystallizer_movementmm_BIN=Low
30013873,alloy_type=open,resistance_tonn_BIN=Low
30013873,alloy_type=open,steel_temperature_grab1Celsius_BIN=High
30013873,alloy_type=open,steel_weighttonn_BIN=High
30013873,alloy_type=open,swing_frequency_amount_minute_BIN=High
30013873,alloy_type=open,temperature_measurement1_Celsius_BIN=Low
30013873,alloy_type=open,temperature_measurement2_Celsius_BIN=Low
30013873,alloy_type=open,water_consumption_BIN=High
30013873,alloy_type=open,water_temperature_deltaCelsius_BIN=High
30013873,num_crystallizer_BIN=Medium,alloy_speed_meter_minute_BIN=Medium
30013873,num_crystallizer_BIN=Medium,crystallizer_movementmm_BIN=Low
30013873,num_crystallizer_BIN=Medium,resistance_tonn_BIN=Low
30013873,num_crystallizer_BIN=Medium,steel_temperature_grab1Celsius_BIN=High
30013873,num_crystallizer_BIN=Medium,steel_weighttonn_BIN=High
30013873,num_crystallizer_BIN=Medium,swing_frequency_amount_minute_BIN=High
30013873,num_crystallizer_BIN=Medium,temperature_measurement1_Celsius_BIN=Low
30013873,num_crystallizer_BIN=Medium,temperature_measurement2_Celsius_BIN=Low
30013873,num_crystallizer_BIN=Medium,water_consumption_BIN=High
30013873,num_crystallizer_BIN=Medium,water_temperature_deltaCelsius_BIN=High
30013873,num_stream_BIN=High,alloy_speed_meter_minute_BIN=Medium
30013873,num_stream_BIN=High,crystallizer_movementmm_BIN=Low
30013873,num_stream_BIN=High,resistance_tonn_BIN=Low
30013873,num_stream_BIN=High,steel_temperature_grab1Celsius_BIN=High
30013873,num_stream_BIN=High,steel_weighttonn_BIN=High
30013873,num_stream_BIN=High,swing_frequency_amount_minute_BIN=High
30013873,num_stream_BIN=High,temperature_measurement1_Celsius_BIN=Low
30013873,num_stream_BIN=High,temperature_measurement2_Celsius_BIN=Low
30013873,num_stream_BIN=High,water_consumption_BIN=High
30013873,num_stream_BIN=High,water_temperature_deltaCelsius_BIN=High
30013873,steel_type=Arm500,alloy_speed_meter_minute_BIN=Medium
30013873,steel_type=Arm500,crystallizer_movementmm_BIN=Low
30013873,steel_type=Arm500,resistance_tonn_BIN=Low
30013873,steel_type=Arm500,steel_temperature_grab1Celsius_BIN=High
30013873,steel_type=Arm500,steel_weighttonn_BIN=High
30013873,steel_type=Arm500,swing_frequency_amount_minute_BIN=High
30013873,steel_type=Arm500,temperature_measurement1_Celsius_BIN=Low
30013873,steel_type=Arm500,temperature_measurement2_Celsius_BIN=Low
30013873,steel_type=Arm500,water_consumption_BIN=High
30013873,steel_type=Arm500,water_temperature_deltaCelsius_BIN=High
30013873,workpiece_slice_geometry=180x180,alloy_speed_meter_minute_BIN=Medium
30013873,workpiece_slice_geometry=180x180,crystallizer_movementmm_BIN=Low
30013873,workpiece_slice_geometry=180x180,resistance_tonn_BIN=Low
30013873,workpiece_slice_geometry=180x180,steel_temperature_grab1Celsius_BIN=High
30013873,workpiece_slice_geometry=180x180,steel_weighttonn_BIN=High
30013873,workpiece_slice_geometry=180x180,swing_frequency_amount_minute_BIN=High
30013873,workpiece_slice_geometry=180x180,temperature_measurement1_Celsius_BIN=Low
30013873,workpiece_slice_geometry=180x180,temperature_measurement2_Celsius_BIN=Low
30013873,workpiece_slice_geometry=180x180,water_consumption_BIN=High
30013873,workpiece_slice_geometry=180x180,water_temperature_deltaCelsius_BIN=High
30013874,RUL_BIN=Critical,alloy_speed_meter_minute_BIN=Medium
30013874,RUL_BIN=Critical,crystallizer_movementmm_BIN=Low
30013874,RUL_BIN=Critical,resistance_tonn_BIN=Low
30013874,RUL_BIN=Critical,steel_temperature_grab1Celsius_BIN=High
30013874,RUL_BIN=Critical,steel_weighttonn_BIN=High
30013874,RUL_BIN=Critical,swing_frequency_amount_minute_BIN=High
30013874,RUL_BIN=Critical,temperature_measurement1_Celsius_BIN=Low
30013874,RUL_BIN=Critical,temperature_measurement2_Celsius_BIN=Low
30013874,RUL_BIN=Critical,water_consumption_BIN=High
30013874,RUL_BIN=Critical,water_temperature_deltaCelsius_BIN=High
30013874,alloy_type=open,alloy_speed_meter_minute_BIN=Medium
30013874,alloy_type=open,crystallizer_movementmm_BIN=Low
30013874,alloy_type=open,resistance_tonn_BIN=Low
30013874,alloy_type=open,steel_temperature_grab1Celsius_BIN=High
30013874,alloy_type=open,steel_weighttonn_BIN=High
30013874,alloy_type=open,swing_frequency_amount_minute_BIN=High
30013874,alloy_type=open,temperature_measurement1_Celsius_BIN=Low
30013874,alloy_type=open,temperature_measurement2_Celsius_BIN=Low
30013874,alloy_type=open,water_consumption_BIN=High
30013874,alloy_type=open,water_temperature_deltaCelsius_BIN=High
30013874,num_crystallizer_BIN=Low,alloy_speed_meter_minute_BIN=Medium
30013874,num_crystallizer_BIN=Low,crystallizer_movementmm_BIN=Low
30013874,num_crystallizer_BIN=Low,resistance_tonn_BIN=Low
30013874,num_crystallizer_BIN=Low,steel_temperature_grab1Celsius_BIN=High
30013874,num_crystallizer_BIN=Low,steel_weighttonn_BIN=High
30013874,num_crystallizer_BIN=Low,swing_frequency_amount_minute_BIN=High
30013874,num_crystallizer_BIN=Low,temperature_measurement1_Celsius_BIN=Low
30013874,num_crystallizer_BIN=Low,temperature_measurement2_Celsius_BIN=Low
30013874,num_crystallizer_BIN=Low,water_consumption_BIN=High
30013874,num_crystallizer_BIN=Low,water_temperature_deltaCelsius_BIN=High
30013874,num_stream_BIN=Low,alloy_speed_meter_minute_BIN=Medium
30013874,num_stream_BIN=Low,crystallizer_movementmm_BIN=Low
30013874,num_stream_BIN=Low,resistance_tonn_BIN=Low
30013874,num_stream_BIN=Low,steel_temperature_grab1Celsius_BIN=High
30013874,num_stream_BIN=Low,steel_weighttonn_BIN=High
30013874,num_stream_BIN=Low,swing_frequency_amount_minute_BIN=High
30013874,num_stream_BIN=Low,temperature_measurement1_Celsius_BIN=Low
30013874,num_stream_BIN=Low,temperature_measurement2_Celsius_BIN=Low
30013874,num_stream_BIN=Low,water_consumption_BIN=High
30013874,num_stream_BIN=Low,water_temperature_deltaCelsius_BIN=High
30013874,steel_type=Arm500,alloy_speed_meter_minute_BIN=Medium
30013874,steel_type=Arm500,crystallizer_movementmm_BIN=Low
30013874,steel_type=Arm500,resistance_tonn_BIN=Low
30013874,steel_type=Arm500,steel_temperature_grab1Celsius_BIN=High
30013874,steel_type=Arm500,steel_weighttonn_BIN=High
30013874,steel_type=Arm500,swing_frequency_amount_minute_BIN=High
30013874,steel_type=Arm500,temperature_measurement1_Celsius_BIN=Low
30013874,steel_type=Arm500,temperature_measurement2_Celsius_BIN=Low
30013874,steel_type=Arm500,water_consumption_BIN=High
30013874,steel_type=Arm500,water_temperature_deltaCelsius_BIN=High
30013874,workpiece_slice_geometry=180x180,alloy_speed_meter_minute_BIN=Medium
30013874,workpiece_slice_geometry=180x180,crystallizer_movementmm_BIN=Low
30013874,workpiece_slice_geometry=180x180,resistance_tonn_BIN=Low
30013874,workpiece_slice_geometry=180x180,steel_temperature_grab1Celsius_BIN=High
30013874,workpiece_slice_geometry=180x180,steel_weighttonn_BIN=High
30013874,workpiece_slice_geometry=180x180,swing_frequency_amount_minute_BIN=High
30013874,workpiece_slice_geometry=180x180,temperature_measurement1_Celsius_BIN=Low
30013874,workpiece_slice_geometry=180x180,temperature_measurement2_Celsius_BIN=Low
30013874,workpiece_slice_geometry=180x180,water_consumption_BIN=High
30013874,workpiece_slice_geometry=180x180,water_temperature_deltaCelsius_BIN=High
30013875,RUL_BIN=Critical,alloy_speed_meter_minute_BIN=Medium
30013875,RUL_BIN=Critical,crystallizer_movementmm_BIN=Low
30013875,RUL_BIN=Critical,resistance_tonn_BIN=Low
30013875,RUL_BIN=Critical,steel_temperature_grab1Celsius_BIN=High
30013875,RUL_BIN=Critical,steel_weighttonn_BIN=High
30013875,RUL_BIN=Critical,swing_frequency_amount_minute_BIN=High
30013875,RUL_BIN=Critical,temperature_measurement1_Celsius_BIN=Low
30013875,RUL_BIN=Critical,temperature_measurement2_Celsius_BIN=Low
30013875,RUL_BIN=Critical,water_consumption_BIN=High
30013875,RUL_BIN=Critical,water_temperature_deltaCelsius_BIN=High
30013875,alloy_type=open,alloy_speed_meter_minute_BIN=Medium
30013875,alloy_type=open,crystallizer_movementmm_BIN=Low
30013875,alloy_type=open,resistance_tonn_BIN=Low
30013875,alloy_type=open,steel_temperature_grab1Celsius_BIN=High
30013875,alloy_type=open,steel_weighttonn_BIN=High
30013875,alloy_type=open,swing_frequency_amount_minute_BIN=High
30013875,alloy_type=open,temperature_measurement1_Celsius_BIN=Low
30013875,alloy_type=open,temperature_measurement2_Celsius_BIN=Low
30013875,alloy_type=open,water_consumption_BIN=High
30013875,alloy_type=open,water_temperature_deltaCelsius_BIN=High
30013875,num_crystallizer_BIN=Medium,alloy_speed_meter_minute_BIN=Medium
30013875,num_crystallizer_BIN=Medium,crystallizer_movementmm_BIN=Low
30013875,num_crystallizer_BIN=Medium,resistance_tonn_BIN=Low
30013875,num_crystallizer_BIN=Medium,steel_temperature_grab1Celsius_BIN=High
30013875,num_crystallizer_BIN=Medium,steel_weighttonn_BIN=High
30013875,num_crystallizer_BIN=Medium,swing_frequency_amount_minute_BIN=High
30013875,num_crystallizer_BIN=Medium,temperature_measurement1_Celsius_BIN=Low
30013875,num_crystallizer_BIN=Medium,temperature_measurement2_Celsius_BIN=Low
30013875,num_crystallizer_BIN=Medium,water_consumption_BIN=High
30013875,num_crystallizer_BIN=Medium,water_temperature_deltaCelsius_BIN=High
30013875,num_stream_BIN=Low,alloy_speed_meter_minute_BIN=Medium
30013875,num_stream_BIN=Low,crystallizer_movementmm_BIN=Low
30013875,num_stream_BIN=Low,resistance_tonn_BIN=Low
30013875,num_stream_BIN=Low,steel_temperature_grab1Celsius_BIN=High
30013875,num_stream_BIN=Low,steel_weighttonn_BIN=High
30013875,num_stream_BIN=Low,swing_frequency_amount_minute_BIN=High
30013875,num_stream_BIN=Low,temperature_measurement1_Celsius_BIN=Low
30013875,num_stream_BIN=Low,temperature_measurement2_Celsius_BIN=Low
30013875,num_stream_BIN=Low,water_consumption_BIN=High
30013875,num_stream_BIN=Low,water_temperature_deltaCelsius_BIN=High
30013875,steel_type=Arm500,alloy_speed_meter_minute_BIN=Medium
30013875,steel_type=Arm500,crystallizer_movementmm_BIN=Low
30013875,steel_type=Arm500,resistance_tonn_BIN=Low
30013875,steel_type=Arm500,steel_temperature_grab1Celsius_BIN=High
30013875,steel_type=Arm500,steel_weighttonn_BIN=High
30013875,steel_type=Arm500,swing_frequency_amount_minute_BIN=High
30013875,steel_type=Arm500,temperature_measurement1_Celsius_BIN=Low
30013875,steel_type=Arm500,temperature_measurement2_Celsius_BIN=Low
30013875,steel_type=Arm500,water_consumption_BIN=High
30013875,steel_type=Arm500,water_temperature_deltaCelsius_BIN=High
30013875,workpiece_slice_geometry=180x180,alloy_speed_meter_minute_BIN=Medium
30013875,workpiece_slice_geometry=180x180,crystallizer_movementmm_BIN=Low
30013875,workpiece_slice_geometry=180x180,resistance_tonn_BIN=Low
30013875,workpiece_slice_geometry=180x180,steel_temperature_grab1Celsius_BIN=High
30013875,workpiece_slice_geometry=180x180,steel_weighttonn_BIN=High
30013875,workpiece_slice_geometry=180x180,swing_frequency_amount_minute_BIN=High
30013875,workpiece_slice_geometry=180x180,temperature_measurement1_Celsius_BIN=Low
30013875,workpiece_slice_geometry=180x180,temperature_measurement2_Celsius_BIN=Low
30013875,workpiece_slice_geometry=180x180,water_consumption_BIN=High
30013875,workpiece_slice_geometry=180x180,water_temperature_deltaCelsius_BIN=High
30013876,RUL_BIN=Critical,alloy_speed_meter_minute_BIN=Medium
30013876,RUL_BIN=Critical,crystallizer_movementmm_BIN=High
30013876,RUL_BIN=Critical,resistance_tonn_BIN=High
30013876,RUL_BIN=Critical,steel_temperature_grab1Celsius_BIN=High
30013876,RUL_BIN=Critical,steel_weighttonn_BIN=Medium
30013876,RUL_BIN=Critical,swing_frequency_amount_minute_BIN=Medium
30013876,RUL_BIN=Critical,temperature_measurement1_Celsius_BIN=Low
30013876,RUL_BIN=Critical,temperature_measurement2_Celsius_BIN=Low
30013876,RUL_BIN=Critical,water_consumption_BIN=High
30013876,RUL_BIN=Critical,water_temperature_deltaCelsius_BIN=High
30013876,alloy_type=open,alloy_speed_meter_minute_BIN=Medium
30013876,alloy_type=open,crystallizer_movementmm_BIN=High
30013876,alloy_type=open,resistance_tonn_BIN=High
30013876,alloy_type=open,steel_temperature_grab1Celsius_BIN=High
30013876,alloy_type=open,steel_weighttonn_BIN=Medium
30013876,alloy_type=open,swing_frequency_amount_minute_BIN=Medium
30013876,alloy_type=open,temperature_measurement1_Celsius_BIN=Low
30013876,alloy_type=open,temperature_measurement2_Celsius_BIN=Low
30013876,alloy_type=open,water_consumption_BIN=High
30013876,alloy_type=open,water_temperature_deltaCelsius_BIN=High
30013876,num_crystallizer_BIN=High,alloy_speed_meter_minute_BIN=Medium
30013876,num_crystallizer_BIN=High,crystallizer_movementmm_BIN=High
30013876,num_crystallizer_BIN=High,resistance_tonn_BIN=High
30013876,num_crystallizer_BIN=High,steel_temperature_grab1Celsius_BIN=High
30013876,num_crystallizer_BIN=High,steel_weighttonn_BIN=Medium
30013876,num_crystallizer_BIN=High,swing_frequency_amount_minute_BIN=Medium
30013876,num_crystallizer_BIN=High,temperature_measurement1_Celsius_BIN=Low
30013876,num_crystallizer_BIN=High,temperature_measurement2_Celsius_BIN=Low
30013876,num_crystallizer_BIN=High,water_consumption_BIN=High
30013876,num_crystallizer_BIN=High,water_temperature_deltaCelsius_BIN=High
30013876,num_stream_BIN=High,alloy_speed_meter_minute_BIN=Medium
30013876,num_stream_BIN=High,crystallizer_movementmm_BIN=High
30013876,num_stream_BIN=High,resistance_tonn_BIN=High
30013876,num_stream_BIN=High,steel_temperature_grab1Celsius_BIN=High
30013876,num_stream_BIN=High,steel_weighttonn_BIN=Medium
30013876,num_stream_BIN=High,swing_frequency_amount_minute_BIN=Medium
30013876,num_stream_BIN=High,temperature_measurement1_Celsius_BIN=Low
30013876,num_stream_BIN=High,temperature_measurement2_Celsius_BIN=Low
30013876,num_stream_BIN=High,water_consumption_BIN=High
30013876,num_stream_BIN=High,water_temperature_deltaCelsius_BIN=High
30013876,steel_type=1015,alloy_speed_meter_minute_BIN=Medium
30013876,steel_type=1015,crystallizer_movementmm_BIN=High
30013876,steel_type=1015,resistance_tonn_BIN=High
30013876,steel_type=1015,steel_temperature_grab1Celsius_BIN=High
30013876,steel_type=1015,steel_weighttonn_BIN=Medium
30013876,steel_type=1015,swing_frequency_amount_minute_BIN=Medium
30013876,steel_type=1015,temperature_measurement1_Celsius_BIN=Low
30013876,steel_type=1015,temperature_measurement2_Celsius_BIN=Low
30013876,steel_type=1015,water_consumption_BIN=High
30013876,steel_type=1015,water_temperature_deltaCelsius_BIN=High
30013876,workpiece_slice_geometry=180x180,alloy_speed_meter_minute_BIN=Medium
30013876,workpiece_slice_geometry=180x180,crystallizer_movementmm_BIN=High
30013876,workpiece_slice_geometry=180x180,resistance_tonn_BIN=High
30013876,workpiece_slice_geometry=180x180,steel_temperature_grab1Celsius_BIN=High
30013876,workpiece_slice_geometry=180x180,steel_weighttonn_BIN=Medium
30013876,workpiece_slice_geometry=180x180,swing_frequency_amount_minute_BIN=Medium
30013876,workpiece_slice_geometry=180x180,temperature_measurement1_Celsius_BIN=Low
30013876,workpiece_slice_geometry=180x180,temperature_measurement2_Celsius_BIN=Low
30013876,workpiece_slice_geometry=180x180,water_consumption_BIN=High
30013876,workpiece_slice_geometry=180x180,water_temperature_deltaCelsius_BIN=High
30014077,RUL_BIN=Critical,alloy_speed_meter_minute_BIN=Medium
30014077,RUL_BIN=Critical,crystallizer_movementmm_BIN=Low
30014077,RUL_BIN=Critical,resistance_tonn_BIN=Low
30014077,RUL_BIN=Critical,steel_temperature_grab1Celsius_BIN=High
30014077,RUL_BIN=Critical,steel_weighttonn_BIN=High
30014077,RUL_BIN=Critical,swing_frequency_amount_minute_BIN=High
30014077,RUL_BIN=Critical,temperature_measurement1_Celsius_BIN=Low
30014077,RUL_BIN=Critical,temperature_measurement2_Celsius_BIN=Low
30014077,RUL_BIN=Critical,water_consumption_BIN=High
30014077,RUL_BIN=Critical,water_temperature_deltaCelsius_BIN=High
30014077,alloy_type=open,alloy_speed_meter_minute_BIN=Medium
30014077,alloy_type=open,crystallizer_movementmm_BIN=Low
30014077,alloy_type=open,resistance_tonn_BIN=Low
30014077,alloy_type=open,steel_temperature_grab1Celsius_BIN=High
30014077,alloy_type=open,steel_weighttonn_BIN=High
30014077,alloy_type=open,swing_frequency_amount_minute_BIN=High
30014077,alloy_type=open,temperature_measurement1_Celsius_BIN=Low
30014077,alloy_type=open,temperature_measurement2_Celsius_BIN=Low
30014077,alloy_type=open,water_consumption_BIN=High
30014077,alloy_type=open,water_temperature_deltaCelsius_BIN=High
30014077,num_crystallizer_BIN=High,alloy_speed_meter_minute_BIN=Medium
30014077,num_crystallizer_BIN=High,crystallizer_movementmm_BIN=Low
30014077,num_crystallizer_BIN=High,resistance_tonn_BIN=Low
30014077,num_crystallizer_BIN=High,steel_temperature_grab1Celsius_BIN=High
30014077,num_crystallizer_BIN=High,steel_weighttonn_BIN=High
30014077,num_crystallizer_BIN=High,swing_frequency_amount_minute_BIN=High
30014077,num_crystallizer_BIN=High,temperature_measurement1_Celsius_BIN=Low
30014077,num_crystallizer_BIN=High,temperature_measurement2_Celsius_BIN=Low
30014077,num_crystallizer_BIN=High,water_consumption_BIN=High
30014077,num_crystallizer_BIN=High,water_temperature_deltaCelsius_BIN=High
30014077,num_stream_BIN=Low,alloy_speed_meter_minute_BIN=Medium
30014077,num_stream_BIN=Low,crystallizer_movementmm_BIN=Low
30014077,num_stream_BIN=Low,resistance_tonn_BIN=Low
30014077,num_stream_BIN=Low,steel_temperature_grab1Celsius_BIN=High
30014077,num_stream_BIN=Low,steel_weighttonn_BIN=High
30014077,num_stream_BIN=Low,swing_frequency_amount_minute_BIN=High
30014077,num_stream_BIN=Low,temperature_measurement1_Celsius_BIN=Low
30014077,num_stream_BIN=Low,temperature_measurement2_Celsius_BIN=Low
30014077,num_stream_BIN=Low,water_consumption_BIN=High
30014077,num_stream_BIN=Low,water_temperature_deltaCelsius_BIN=High
30014077,steel_type=Arm500,alloy_speed_meter_minute_BIN=Medium
30014077,steel_type=Arm500,crystallizer_movementmm_BIN=Low
30014077,steel_type=Arm500,resistance_tonn_BIN=Low
30014077,steel_type=Arm500,steel_temperature_grab1Celsius_BIN=High
30014077,steel_type=Arm500,steel_weighttonn_BIN=High
30014077,steel_type=Arm500,swing_frequency_amount_minute_BIN=High
30014077,steel_type=Arm500,temperature_measurement1_Celsius_BIN=Low
30014077,steel_type=Arm500,temperature_measurement2_Celsius_BIN=Low
30014077,steel_type=Arm500,water_consumption_BIN=High
30014077,steel_type=Arm500,water_temperature_deltaCelsius_BIN=High
30014077,workpiece_slice_geometry=180x180,alloy_speed_meter_minute_BIN=Medium
30014077,workpiece_slice_geometry=180x180,crystallizer_movementmm_BIN=Low
30014077,workpiece_slice_geometry=180x180,resistance_tonn_BIN=Low
30014077,workpiece_slice_geometry=180x180,steel_temperature_grab1Celsius_BIN=High
30014077,workpiece_slice_geometry=180x180,steel_weighttonn_BIN=High
30014077,workpiece_slice_geometry=180x180,swing_frequency_amount_minute_BIN=High
30014077,workpiece_slice_geometry=180x180,temperature_measurement1_Celsius_BIN=Low
30014077,workpiece_slice_geometry=180x180,temperature_measurement2_Celsius_BIN=Low
30014077,workpiece_slice_geometry=180x180,water_consumption_BIN=High
30014077,workpiece_slice_geometry=180x180,water_temperature_deltaCelsius_BIN=High
30014078,RUL_BIN=Critical,alloy_speed_meter_minute_BIN=High
30014078,RUL_BIN=Critical,crystallizer_movementmm_BIN=High
30014078,RUL_BIN=Critical,resistance_tonn_BIN=Low
30014078,RUL_BIN=Critical,steel_temperature_grab1Celsius_BIN=High
30014078,RUL_BIN=Critical,steel_weighttonn_BIN=High
30014078,RUL_BIN=Critical,swing_frequency_amount_minute_BIN=Low
30014078,RUL_BIN=Critical,temperature_measurement1_Celsius_BIN=Low
30014078,RUL_BIN=Critical,temperature_measurement2_Celsius_BIN=Low
30014078,RUL_BIN=Critical,water_consumption_BIN=High
30014078,RUL_BIN=Critical,water_temperature_deltaCelsius_BIN=High
30014078,alloy_type=open,alloy_speed_meter_minute_BIN=High
30014078,alloy_type=open,crystallizer_movementmm_BIN=High
30014078,alloy_type=open,resistance_tonn_BIN=Low
30014078,alloy_type=open,steel_temperature_grab1Celsius_BIN=High
30014078,alloy_type=open,steel_weighttonn_BIN=High
30014078,alloy_type=open,swing_frequency_amount_minute_BIN=Low
30014078,alloy_type=open,temperature_measurement1_Celsius_BIN=Low
30014078,alloy_type=open,temperature_measurement2_Celsius_BIN=Low
30014078,alloy_type=open,water_consumption_BIN=High
30014078,alloy_type=open,water_temperature_deltaCelsius_BIN=High
30014078,num_crystallizer_BIN=Low,alloy_speed_meter_minute_BIN=High
30014078,num_crystallizer_BIN=Low,crystallizer_movementmm_BIN=High
30014078,num_crystallizer_BIN=Low,resistance_tonn_BIN=Low
30014078,num_crystallizer_BIN=Low,steel_temperature_grab1Celsius_BIN=High
30014078,num_crystallizer_BIN=Low,steel_weighttonn_BIN=High
30014078,num_crystallizer_BIN=Low,swing_frequency_amount_minute_BIN=Low
30014078,num_crystallizer_BIN=Low,temperature_measurement1_Celsius_BIN=Low
30014078,num_crystallizer_BIN=Low,temperature_measurement2_Celsius_BIN=Low
30014078,num_crystallizer_BIN=Low,water_consumption_BIN=High
30014078,num_crystallizer_BIN=Low,water_temperature_deltaCelsius_BIN=High
30014078,num_stream_BIN=Low,alloy_speed_meter_minute_BIN=High
30014078,num_stream_BIN=Low,crystallizer_movementmm_BIN=High
30014078,num_stream_BIN=Low,resistance_tonn_BIN=Low
30014078,num_stream_BIN=Low,steel_temperature_grab1Celsius_BIN=High
30014078,num_stream_BIN=Low,steel_weighttonn_BIN=High
30014078,num_stream_BIN=Low,swing_frequency_amount_minute_BIN=Low
30014078,num_stream_BIN=Low,temperature_measurement1_Celsius_BIN=Low
30014078,num_stream_BIN=Low,temperature_measurement2_Celsius_BIN=Low
30014078,num_stream_BIN=Low,water_consumption_BIN=High
30014078,num_stream_BIN=Low,water_temperature_deltaCelsius_BIN=High
30014078,steel_type=St4sp,alloy_speed_meter_minute_BIN=High
30014078,steel_type=St4sp,crystallizer_movementmm_BIN=High
30014078,steel_type=St4sp,resistance_tonn_BIN=Low
30014078,steel_type=St4sp,steel_temperature_grab1Celsius_BIN=High
30014078,steel_type=St4sp,steel_weighttonn_BIN=High
30014078,steel_type=St4sp,swing_frequency_amount_minute_BIN=Low
30014078,steel_type=St4sp,temperature_measurement1_Celsius_BIN=Low
30014078,steel_type=St4sp,temperature_measurement2_Celsius_BIN=Low
30014078,steel_type=St4sp,water_consumption_BIN=High
30014078,steel_type=St4sp,water_temperature_deltaCelsius_BIN=High
30014078,workpiece_slice_geometry=150x150,alloy_speed_meter_minute_BIN=High
30014078,workpiece_slice_geometry=150x150,crystallizer_movementmm_BIN=High
30014078,workpiece_slice_geometry=150x150,resistance_tonn_BIN=Low
30014078,workpiece_slice_geometry=150x150,steel_temperature_grab1Celsius_BIN=High
30014078,workpiece_slice_geometry=150x150,steel_weighttonn_BIN=High
30014078,workpiece_slice_geometry=150x150,swing_frequency_amount_minute_BIN=Low
30014078,workpiece_slice_geometry=150x150,temperature_measurement1_Celsius_BIN=Low
30014078,workpiece_slice_geometry=150x150,temperature_measurement2_Celsius_BIN=Low
30014078,workpiece_slice_geometry=150x150,water_consumption_BIN=High
30014078,workpiece_slice_geometry=150x150,water_temperature_deltaCelsius_BIN=High
30014079,RUL_BIN=Critical,alloy_speed_meter_minute_BIN=Medium
30014079,RUL_BIN=Critical,crystallizer_movementmm_BIN=Low
30014079,RUL_BIN=Critical,resistance_tonn_BIN=Low
30014079,RUL_BIN=Critical,steel_temperature_grab1Celsius_BIN=High
30014079,RUL_BIN=Critical,steel_weighttonn_BIN=High
30014079,RUL_BIN=Critical,swing_frequency_amount_minute_BIN=High
30014079,RUL_BIN=Critical,temperature_measurement1_Celsius_BIN=Low
30014079,RUL_BIN=Critical,temperature_measurement2_Celsius_BIN=Low
30014079,RUL_BIN=Critical,water_consumption_BIN=High
30014079,RUL_BIN=Critical,water_temperature_deltaCelsius_BIN=High
30014079,alloy_type=open,alloy_speed_meter_minute_BIN=Medium
30014079,alloy_type=open,crystallizer_movementmm_BIN=Low
30014079,alloy_type=open,resistance_tonn_BIN=Low
30014079,alloy_type=open,steel_temperature_grab1Celsius_BIN=High
30014079,alloy_type=open,steel_weighttonn_BIN=High
30014079,alloy_type=open,swing_frequency_amount_minute_BIN=High
30014079,alloy_type=open,temperature_measurement1_Celsius_BIN=Low
30014079,alloy_type=open,temperature_measurement2_Celsius_BIN=Low
30014079,alloy_type=open,water_consumption_BIN=High
30014079,alloy_type=open,water_temperature_deltaCelsius_BIN=High
30014079,num_crystallizer_BIN=High,alloy_speed_meter_minute_BIN=Medium
30014079,num_crystallizer_BIN=High,crystallizer_movementmm_BIN=Low
30014079,num_crystallizer_BIN=High,resistance_tonn_BIN=Low
30014079,num_crystallizer_BIN=High,steel_temperature_grab1Celsius_BIN=High
30014079,num_crystallizer_BIN=High,steel_weighttonn_BIN=High
30014079,num_crystallizer_BIN=High,swing_frequency_amount_minute_BIN=High
30014079,num_crystallizer_BIN=High,temperature_measurement1_Celsius_BIN=Low
30014079,num_crystallizer_BIN=High,temperature_measurement2_Celsius_BIN=Low
30014079,num_crystallizer_BIN=High,water_consumption_BIN=High
30014079,num_crystallizer_BIN=High,water_temperature_deltaCelsius_BIN=High
30014079,num_stream_BIN=Low,alloy_speed_meter_minute_BIN=Medium
30014079,num_stream_BIN=Low,crystallizer_movementmm_BIN=Low
30014079,num_stream_BIN=Low,resistance_tonn_BIN=Low
30014079,num_stream_BIN=Low,steel_temperature_grab1Celsius_BIN=High
30014079,num_stream_BIN=Low,steel_weighttonn_BIN=High
30014079,num_stream_BIN=Low,swing_frequency_amount_minute_BIN=High
30014079,num_stream_BIN=Low,temperature_measurement1_Celsius_BIN=Low
30014079,num_stream_BIN=Low,temperature_measurement2_Celsius_BIN=Low
30014079,num_stream_BIN=Low,water_consumption_BIN=High
30014079,num_stream_BIN=Low,water_temperature_deltaCelsius_BIN=High
30014079,steel_type=Arm500,alloy_speed_meter_minute_BIN=Medium
30014079,steel_type=Arm500,crystallizer_movementmm_BIN=Low
30014079,steel_type=Arm500,resistance_tonn_BIN=Low
30014079,steel_type=Arm500,steel_temperature_grab1Celsius_BIN=High
30014079,steel_type=Arm500,steel_weighttonn_BIN=High
30014079,steel_type=Arm500,swing_frequency_amount_minute_BIN=High
30014079,steel_type=Arm500,temperature_measurement1_Celsius_BIN=Low
30014079,steel_type=Arm500,temperature_measurement2_Celsius_BIN=Low
30014079,steel_type=Arm500,water_consumption_BIN=High
30014079,steel_type=Arm500,water_temperature_deltaCelsius_BIN=High
30014079,workpiece_slice_geometry=180x180,alloy_speed_meter_minute_BIN=Medium
30014079,workpiece_slice_geometry=180x180,crystallizer_movementmm_BIN=Low
30014079,workpiece_slice_geometry=180x180,resistance_tonn_BIN=Low
30014079,workpiece_slice_geometry=180x180,steel_temperature_grab1Celsius_BIN=High
30014079,workpiece_slice_geometry=180x180,steel_weighttonn_BIN=High
30014079,workpiece_slice_geometry=180x180,swing_frequency_amount_minute_BIN=High
30014079,workpiece_slice_geometry=180x180,temperature_measurement1_Celsius_BIN=Low
30014079,workpiece_slice_geometry=180x180,temperature_measurement2_Celsius_BIN=Low
30014079,workpiece_slice_geometry=180x180,water_consumption_BIN=High
30014079,workpiece_slice_geometry=180x180,water_temperature_deltaCelsius_BIN=High
30014080,RUL_BIN=Critical,alloy_speed_meter_minute_BIN=Medium
30014080,RUL_BIN=Critical,crystallizer_movementmm_BIN=Low
30014080,RUL_BIN=Critical,resistance_tonn_BIN=Low
30014080,RUL_BIN=Critical,steel_temperature_grab1Celsius_BIN=High
30014080,RUL_BIN=Critical,steel_weighttonn_BIN=High
30014080,RUL_BIN=Critical,swing_frequency_amount_minute_BIN=High
30014080,RUL_BIN=Critical,temperature_measurement1_Celsius_BIN=Low
30014080,RUL_BIN=Critical,temperature_measurement2_Celsius_BIN=Low
30014080,RUL_BIN=Critical,water_consumption_BIN=High
30014080,RUL_BIN=Critical,water_temperature_deltaCelsius_BIN=High
30014080,alloy_type=open,alloy_speed_meter_minute_BIN=Medium
30014080,alloy_type=open,crystallizer_movementmm_BIN=Low
30014080,alloy_type=open,resistance_tonn_BIN=Low
30014080,alloy_type=open,steel_temperature_grab1Celsius_BIN=High
30014080,alloy_type=open,steel_weighttonn_BIN=High
30014080,alloy_type=open,swing_frequency_amount_minute_BIN=High
30014080,alloy_type=open,temperature_measurement1_Celsius_BIN=Low
30014080,alloy_type=open,temperature_measurement2_Celsius_BIN=Low
30014080,alloy_type=open,water_consumption_BIN=High
30014080,alloy_type=open,water_temperature_deltaCelsius_BIN=High
30014080,num_crystallizer_BIN=Low,alloy_speed_meter_minute_BIN=Medium
30014080,num_crystallizer_BIN=Low,crystallizer_movementmm_BIN=Low
30014080,num_crystallizer_BIN=Low,resistance_tonn_BIN=Low
30014080,num_crystallizer_BIN=Low,steel_temperature_grab1Celsius_BIN=High
30014080,num_crystallizer_BIN=Low,steel_weighttonn_BIN=High
30014080,num_crystallizer_BIN=Low,swing_frequency_amount_minute_BIN=High
30014080,num_crystallizer_BIN=Low,temperature_measurement1_Celsius_BIN=Low
30014080,num_crystallizer_BIN=Low,temperature_measurement2_Celsius_BIN=Low
30014080,num_crystallizer_BIN=Low,water_consumption_BIN=High
30014080,num_crystallizer_BIN=Low,water_temperature_deltaCelsius_BIN=High
30014080,num_stream_BIN=Low,alloy_speed_meter_minute_BIN=Medium
30014080,num_stream_BIN=Low,crystallizer_movementmm_BIN=Low
30014080,num_stream_BIN=Low,resistance_tonn_BIN=Low
30014080,num_stream_BIN=Low,steel_temperature_grab1Celsius_BIN=High
30014080,num_stream_BIN=Low,steel_weighttonn_BIN=High
30014080,num_stream_BIN=Low,swing_frequency_amount_minute_BIN=High
30014080,num_stream_BIN=Low,temperature_measurement1_Celsius_BIN=Low
30014080,num_stream_BIN=Low,temperature_measurement2_Celsius_BIN=Low
30014080,num_stream_BIN=Low,water_consumption_BIN=High
30014080,num_stream_BIN=Low,water_temperature_deltaCelsius_BIN=High
30014080,steel_type=Arm500,alloy_speed_meter_minute_BIN=Medium
30014080,steel_type=Arm500,crystallizer_movementmm_BIN=Low
30014080,steel_type=Arm500,resistance_tonn_BIN=Low
30014080,steel_type=Arm500,steel_temperature_grab1Celsius_BIN=High
30014080,steel_type=Arm500,steel_weighttonn_BIN=High
30014080,steel_type=Arm500,swing_frequency_amount_minute_BIN=High
30014080,steel_type=Arm500,temperature_measurement1_Celsius_BIN=Low
30014080,steel_type=Arm500,temperature_measurement2_Celsius_BIN=Low
30014080,steel_type=Arm500,water_consumption_BIN=High
30014080,steel_type=Arm500,water_temperature_deltaCelsius_BIN=High
30014080,workpiece_slice_geometry=180x180,alloy_speed_meter_minute_BIN=Medium
30014080,workpiece_slice_geometry=180x180,crystallizer_movementmm_BIN=Low
30014080,workpiece_slice_geometry=180x180,resistance_tonn_BIN=Low
30014080,workpiece_slice_geometry=180x180,steel_temperature_grab1Celsius_BIN=High
30014080,workpiece_slice_geometry=180x180,steel_weighttonn_BIN=High
30014080,workpiece_slice_geometry=180x180,swing_frequency_amount_minute_BIN=High
30014080,workpiece_slice_geometry=180x180,temperature_measurement1_Celsius_BIN=Low
30014080,workpiece_slice_geometry=180x180,temperature_measurement2_Celsius_BIN=Low
30014080,workpiece_slice_geometry=180x180,water_consumption_BIN=High
30014080,workpiece_slice_geometry=180x180,water_temperature_deltaCelsius_BIN=High
30014082,RUL_BIN=Critical,alloy_speed_meter_minute_BIN=Medium
30014082,RUL_BIN=Critical,crystallizer_movementmm_BIN=Low
30014082,RUL_BIN=Critical,resistance_tonn_BIN=Low
30014082,RUL_BIN=Critical,steel_temperature_grab1Celsius_BIN=High
30014082,RUL_BIN=Critical,steel_weighttonn_BIN=High
30014082,RUL_BIN=Critical,swing_frequency_amount_minute_BIN=High
30014082,RUL_BIN=Critical,temperature_measurement1_Celsius_BIN=Low
30014082,RUL_BIN=Critical,temperature_measurement2_Celsius_BIN=Low
30014082,RUL_BIN=Critical,water_consumption_BIN=High
30014082,RUL_BIN=Critical,water_temperature_deltaCelsius_BIN=High
30014082,alloy_type=open,alloy_speed_meter_minute_BIN=Medium
30014082,alloy_type=open,crystallizer_movementmm_BIN=Low
30014082,alloy_type=open,resistance_tonn_BIN=Low
30014082,alloy_type=open,steel_temperature_grab1Celsius_BIN=High
30014082,alloy_type=open,steel_weighttonn_BIN=High
30014082,alloy_type=open,swing_frequency_amount_minute_BIN=High
30014082,alloy_type=open,temperature_measurement1_Celsius_BIN=Low
30014082,alloy_type=open,temperature_measurement2_Celsius_BIN=Low
30014082,alloy_type=open,water_consumption_BIN=High
30014082,alloy_type=open,water_temperature_deltaCelsius_BIN=High
30014082,num_crystallizer_BIN=High,alloy_speed_meter_minute_BIN=Medium
30014082,num_crystallizer_BIN=High,crystallizer_movementmm_BIN=Low
30014082,num_crystallizer_BIN=High,resistance_tonn_BIN=Low
30014082,num_crystallizer_BIN=High,steel_temperature_grab1Celsius_BIN=High
30014082,num_crystallizer_BIN=High,steel_weighttonn_BIN=High
30014082,num_crystallizer_BIN=High,swing_frequency_amount_minute_BIN=High
30014082,num_crystallizer_BIN=High,temperature_measurement1_Celsius_BIN=Low
30014082,num_crystallizer_BIN=High,temperature_measurement2_Celsius_BIN=Low
30014082,num_crystallizer_BIN=High,water_consumption_BIN=High
30014082,num_crystallizer_BIN=High,water_temperature_deltaCelsius_BIN=High
30014082,num_stream_BIN=High,alloy_speed_meter_minute_BIN=Medium
30014082,num_stream_BIN=High,crystallizer_movementmm_BIN=Low
30014082,num_stream_BIN=High,resistance_tonn_BIN=Low
30014082,num_stream_BIN=High,steel_temperature_grab1Celsius_BIN=High
30014082,num_stream_BIN=High,steel_weighttonn_BIN=High
30014082,num_stream_BIN=High,swing_frequency_amount_minute_BIN=High
30014082,num_stream_BIN=High,temperature_measurement1_Celsius_BIN=Low
30014082,num_stream_BIN=High,temperature_measurement2_Celsius_BIN=Low
30014082,num_stream_BIN=High,water_consumption_BIN=High
30014082,num_stream_BIN=High,water_temperature_deltaCelsius_BIN=High
30014082,steel_type=Arm500,alloy_speed_meter_minute_BIN=Medium
30014082,steel_type=Arm500,crystallizer_movementmm_BIN=Low
30014082,steel_type=Arm500,resistance_tonn_BIN=Low
30014082,steel_type=Arm500,steel_temperature_grab1Celsius_BIN=High
30014082,steel_type=Arm500,steel_weighttonn_BIN=High
30014082,steel_type=Arm500,swing_frequency_amount_minute_BIN=High
30014082,steel_type=Arm500,temperature_measurement1_Celsius_BIN=Low
30014082,steel_type=Arm500,temperature_measurement2_Celsius_BIN=Low
30014082,steel_type=Arm500,water_consumption_BIN=High
30014082,steel_type=Arm500,water_temperature_deltaCelsius_BIN=High
30014082,workpiece_slice_geometry=180x180,alloy_speed_meter_minute_BIN=Medium
30014082,workpiece_slice_geometry=180x180,crystallizer_movementmm_BIN=Low
30014082,workpiece_slice_geometry=180x180,resistance_tonn_BIN=Low
30014082,workpiece_slice_geometry=180x180,steel_temperature_grab1Celsius_BIN=High
30014082,workpiece_slice_geometry=180x180,steel_weighttonn_BIN=High
30014082,workpiece_slice_geometry=180x180,swing_frequency_amount_minute_BIN=High
30014082,workpiece_slice_geometry=180x180,temperature_measurement1_Celsius_BIN=Low
30014082,workpiece_slice_geometry=180x180,temperature_measurement2_Celsius_BIN=Low
30014082,workpiece_slice_geometry=180x180,water_consumption_BIN=High
30014082,workpiece_slice_geometry=180x180,water_temperature_deltaCelsius_BIN=High
30014083,RUL_BIN=Critical,alloy_speed_meter_minute_BIN=Medium
30014083,RUL_BIN=Critical,crystallizer_movementmm_BIN=Low
30014083,RUL_BIN=Critical,resistance_tonn_BIN=Low
30014083,RUL_BIN=Critical,steel_temperature_grab1Celsius_BIN=High
30014083,RUL_BIN=Critical,steel_weighttonn_BIN=High
30014083,RUL_BIN=Critical,swing_frequency_amount_minute_BIN=High
30014083,RUL_BIN=Critical,temperature_measurement1_Celsius_BIN=Low
30014083,RUL_BIN=Critical,temperature_measurement2_Celsius_BIN=Low
30014083,RUL_BIN=Critical,water_consumption_BIN=High
30014083,RUL_BIN=Critical,water_temperature_deltaCelsius_BIN=High
30014083,alloy_type=open,alloy_speed_meter_minute_BIN=Medium
30014083,alloy_type=open,crystallizer_movementmm_BIN=Low
30014083,alloy_type=open,resistance_tonn_BIN=Low
30014083,alloy_type=open,steel_temperature_grab1Celsius_BIN=High
30014083,alloy_type=open,steel_weighttonn_BIN=High
30014083,alloy_type=open,swing_frequency_amount_minute_BIN=High
30014083,alloy_type=open,temperature_measurement1_Celsius_BIN=Low
30014083,alloy_type=open,temperature_measurement2_Celsius_BIN=Low
30014083,alloy_type=open,water_consumption_BIN=High
30014083,alloy_type=open,water_temperature_deltaCelsius_BIN=High
30014083,num_crystallizer_BIN=High,alloy_speed_meter_minute_BIN=Medium
30014083,num_crystallizer_BIN=High,crystallizer_movementmm_BIN=Low
30014083,num_crystallizer_BIN=High,resistance_tonn_BIN=Low
30014083,num_crystallizer_BIN=High,steel_temperature_grab1Celsius_BIN=High
30014083,num_crystallizer_BIN=High,steel_weighttonn_BIN=High
30014083,num_crystallizer_BIN=High,swing_frequency_amount_minute_BIN=High
30014083,num_crystallizer_BIN=High,temperature_measurement1_Celsius_BIN=Low
30014083,num_crystallizer_BIN=High,temperature_measurement2_Celsius_BIN=Low
30014083,num_crystallizer_BIN=High,water_consumption_BIN=High
30014083,num_crystallizer_BIN=High,water_temperature_deltaCelsius_BIN=High
30014083,num_stream_BIN=Medium,alloy_speed_meter_minute_BIN=Medium
30014083,num_stream_BIN=Medium,crystallizer_movementmm_BIN=Low
30014083,num_stream_BIN=Medium,resistance_tonn_BIN=Low
30014083,num_stream_BIN=Medium,steel_temperature_grab1Celsius_BIN=High
30014083,num_stream_BIN=Medium,steel_weighttonn_BIN=High
30014083,num_stream_BIN=Medium,swing_frequency_amount_minute_BIN=High
30014083,num_stream_BIN=Medium,temperature_measurement1_Celsius_BIN=Low
30014083,num_stream_BIN=Medium,temperature_measurement2_Celsius_BIN=Low
30014083,num_stream_BIN=Medium,water_consumption_BIN=High
30014083,num_stream_BIN=Medium,water_temperature_deltaCelsius_BIN=High
30014083,steel_type=Arm500,alloy_speed_meter_minute_BIN=Medium
30014083,steel_type=Arm500,crystallizer_movementmm_BIN=Low
30014083,steel_type=Arm500,resistance_tonn_BIN=Low
30014083,steel_type=Arm500,steel_temperature_grab1Celsius_BIN=High
30014083,steel_type=Arm500,steel_weighttonn_BIN=High
30014083,steel_type=Arm500,swing_frequency_amount_minute_BIN=High
30014083,steel_type=Arm500,temperature_measurement1_Celsius_BIN=Low
30014083,steel_type=Arm500,temperature_measurement2_Celsius_BIN=Low
30014083,steel_type=Arm500,water_consumption_BIN=High
30014083,steel_type=Arm500,water_temperature_deltaCelsius_BIN=High
30014083,workpiece_slice_geometry=180x180,alloy_speed_meter_minute_BIN=Medium
30014083,workpiece_slice_geometry=180x180,crystallizer_movementmm_BIN=Low
30014083,workpiece_slice_geometry=180x180,resistance_tonn_BIN=Low
30014083,workpiece_slice_geometry=180x180,steel_temperature_grab1Celsius_BIN=High
30014083,workpiece_slice_geometry=180x180,steel_weighttonn_BIN=High
30014083,workpiece_slice_geometry=180x180,swing_frequency_amount_minute_BIN=High
30014083,workpiece_slice_geometry=180x180,temperature_measurement1_Celsius_BIN=Low
30014083,workpiece_slice_geometry=180x180,temperature_measurement2_Celsius_BIN=Low
30014083,workpiece_slice_geometry=180x180,water_consumption_BIN=High
30014083,workpiece_slice_geometry=180x180,water_temperature_deltaCelsius_BIN=High
30014084,RUL_BIN=Critical,alloy_speed_meter_minute_BIN=Medium
30014084,RUL_BIN=Critical,crystallizer_movementmm_BIN=Low
30014084,RUL_BIN=Critical,resistance_tonn_BIN=Low
30014084,RUL_BIN=Critical,steel_temperature_grab1Celsius_BIN=High
30014084,RUL_BIN=Critical,steel_weighttonn_BIN=High
30014084,RUL_BIN=Critical,swing_frequency_amount_minute_BIN=High
30014084,RUL_BIN=Critical,temperature_measurement1_Celsius_BIN=Low
30014084,RUL_BIN=Critical,temperature_measurement2_Celsius_BIN=Low
30014084,RUL_BIN=Critical,water_consumption_BIN=High
30014084,RUL_BIN=Critical,water_temperature_deltaCelsius_BIN=High
30014084,alloy_type=open,alloy_speed_meter_minute_BIN=Medium
30014084,alloy_type=open,crystallizer_movementmm_BIN=Low
30014084,alloy_type=open,resistance_tonn_BIN=Low
30014084,alloy_type=open,steel_temperature_grab1Celsius_BIN=High
30014084,alloy_type=open,steel_weighttonn_BIN=High
30014084,alloy_type=open,swing_frequency_amount_minute_BIN=High
30014084,alloy_type=open,temperature_measurement1_Celsius_BIN=Low
30014084,alloy_type=open,temperature_measurement2_Celsius_BIN=Low
30014084,alloy_type=open,water_consumption_BIN=High
30014084,alloy_type=open,water_temperature_deltaCelsius_BIN=High
30014084,num_crystallizer_BIN=High,alloy_speed_meter_minute_BIN=Medium
30014084,num_crystallizer_BIN=High,crystallizer_movementmm_BIN=Low
30014084,num_crystallizer_BIN=High,resistance_tonn_BIN=Low
30014084,num_crystallizer_BIN=High,steel_temperature_grab1Celsius_BIN=High
30014084,num_crystallizer_BIN=High,steel_weighttonn_BIN=High
30014084,num_crystallizer_BIN=High,swing_frequency_amount_minute_BIN=High
30014084,num_crystallizer_BIN=High,temperature_measurement1_Celsius_BIN=Low
30014084,num_crystallizer_BIN=High,temperature_measurement2_Celsius_BIN=Low
30014084,num_crystallizer_BIN=High,water_consumption_BIN=High
30014084,num_crystallizer_BIN=High,water_temperature_deltaCelsius_BIN=High
30014084,num_stream_BIN=High,alloy_speed_meter_minute_BIN=Medium
30014084,num_stream_BIN=High,crystallizer_movementmm_BIN=Low
30014084,num_stream_BIN=High,resistance_tonn_BIN=Low
30014084,num_stream_BIN=High,steel_temperature_grab1Celsius_BIN=High
30014084,num_stream_BIN=High,steel_weighttonn_BIN=High
30014084,num_stream_BIN=High,swing_frequency_amount_minute_BIN=High
30014084,num_stream_BIN=High,temperature_measurement1_Celsius_BIN=Low
30014084,num_stream_BIN=High,temperature_measurement2_Celsius_BIN=Low
30014084,num_stream_BIN=High,water_consumption_BIN=High
30014084,num_stream_BIN=High,water_temperature_deltaCelsius_BIN=High
30014084,steel_type=Arm500,alloy_speed_meter_minute_BIN=Medium
30014084,steel_type=Arm500,crystallizer_movementmm_BIN=Low
30014084,steel_type=Arm500,resistance_tonn_BIN=Low
30014084,steel_type=Arm500,steel_temperature_grab1Celsius_BIN=High
30014084,steel_type=Arm500,steel_weighttonn_BIN=High
30014084,steel_type=Arm500,swing_frequency_amount_minute_BIN=High
30014084,steel_type=Arm500,temperature_measurement1_Celsius_BIN=Low
30014084,steel_type=Arm500,temperature_measurement2_Celsius_BIN=Low
30014084,steel_type=Arm500,water_consumption_BIN=High
30014084,steel_type=Arm500,water_temperature_deltaCelsius_BIN=High
30014084,workpiece_slice_geometry=180x180,alloy_speed_meter_minute_BIN=Medium
30014084,workpiece_slice_geometry=180x180,crystallizer_movementmm_BIN=Low
30014084,workpiece_slice_geometry=180x180,resistance_tonn_BIN=Low
30014084,workpiece_slice_geometry=180x180,steel_temperature_grab1Celsius_BIN=High
30014084,workpiece_slice_geometry=180x180,steel_weighttonn_BIN=High
30014084,workpiece_slice_geometry=180x180,swing_frequency_amount_minute_BIN=High
30014084,workpiece_slice_geometry=180x180,temperature_measurement1_Celsius_BIN=Low
30014084,workpiece_slice_geometry=180x180,temperature_measurement2_Celsius_BIN=Low
30014084,workpiece_slice_geometry=180x180,water_consumption_BIN=High
30014084,workpiece_slice_geometry=180x180,water_temperature_deltaCelsius_BIN=High
30014085,RUL_BIN=Critical,alloy_speed_meter_minute_BIN=Medium
30014085,RUL_BIN=Critical,crystallizer_movementmm_BIN=Low
30014085,RUL_BIN=Critical,resistance_tonn_BIN=Low
30014085,RUL_BIN=Critical,steel_temperature_grab1Celsius_BIN=High
30014085,RUL_BIN=Critical,steel_weighttonn_BIN=High
30014085,RUL_BIN=Critical,swing_frequency_amount_minute_BIN=High
30014085,RUL_BIN=Critical,temperature_measurement1_Celsius_BIN=Low
30014085,RUL_BIN=Critical,temperature_measurement2_Celsius_BIN=Low
30014085,RUL_BIN=Critical,water_consumption_BIN=High
30014085,RUL_BIN=Critical,water_temperature_deltaCelsius_BIN=High
30014085,alloy_type=open,alloy_speed_meter_minute_BIN=Medium
30014085,alloy_type=open,crystallizer_movementmm_BIN=Low
30014085,alloy_type=open,resistance_tonn_BIN=Low
30014085,alloy_type=open,steel_temperature_grab1Celsius_BIN=High
30014085,alloy_type=open,steel_weighttonn_BIN=High
30014085,alloy_type=open,swing_frequency_amount_minute_BIN=High
30014085,alloy_type=open,temperature_measurement1_Celsius_BIN=Low
30014085,alloy_type=open,temperature_measurement2_Celsius_BIN=Low
30014085,alloy_type=open,water_consumption_BIN=High
30014085,alloy_type=open,water_temperature_deltaCelsius_BIN=High
30014085,num_crystallizer_BIN=Low,alloy_speed_meter_minute_BIN=Medium
30014085,num_crystallizer_BIN=Low,crystallizer_movementmm_BIN=Low
30014085,num_crystallizer_BIN=Low,resistance_tonn_BIN=Low
30014085,num_crystallizer_BIN=Low,steel_temperature_grab1Celsius_BIN=High
30014085,num_crystallizer_BIN=Low,steel_weighttonn_BIN=High
30014085,num_crystallizer_BIN=Low,swing_frequency_amount_minute_BIN=High
30014085,num_crystallizer_BIN=Low,temperature_measurement1_Celsius_BIN=Low
30014085,num_crystallizer_BIN=Low,temperature_measurement2_Celsius_BIN=Low
30014085,num_crystallizer_BIN=Low,water_consumption_BIN=High
30014085,num_crystallizer_BIN=Low,water_temperature_deltaCelsius_BIN=High
30014085,num_stream_BIN=Medium,alloy_speed_meter_minute_BIN=Medium
30014085,num_stream_BIN=Medium,crystallizer_movementmm_BIN=Low
30014085,num_stream_BIN=Medium,resistance_tonn_BIN=Low
30014085,num_stream_BIN=Medium,steel_temperature_grab1Celsius_BIN=High
30014085,num_stream_BIN=Medium,steel_weighttonn_BIN=High
30014085,num_stream_BIN=Medium,swing_frequency_amount_minute_BIN=High
30014085,num_stream_BIN=Medium,temperature_measurement1_Celsius_BIN=Low
30014085,num_stream_BIN=Medium,temperature_measurement2_Celsius_BIN=Low
30014085,num_stream_BIN=Medium,water_consumption_BIN=High
30014085,num_stream_BIN=Medium,water_temperature_deltaCelsius_BIN=High
30014085,steel_type=Arm500,alloy_speed_meter_minute_BIN=Medium
30014085,steel_type=Arm500,crystallizer_movementmm_BIN=Low
30014085,steel_type=Arm500,resistance_tonn_BIN=Low
30014085,steel_type=Arm500,steel_temperature_grab1Celsius_BIN=High
30014085,steel_type=Arm500,steel_weighttonn_BIN=High
30014085,steel_type=Arm500,swing_frequency_amount_minute_BIN=High
30014085,steel_type=Arm500,temperature_measurement1_Celsius_BIN=Low
30014085,steel_type=Arm500,temperature_measurement2_Celsius_BIN=Low
30014085,steel_type=Arm500,water_consumption_BIN=High
30014085,steel_type=Arm500,water_temperature_deltaCelsius_BIN=High
30014085,workpiece_slice_geometry=180x180,alloy_speed_meter_minute_BIN=Medium
30014085,workpiece_slice_geometry=180x180,crystallizer_movementmm_BIN=Low
30014085,workpiece_slice_geometry=180x180,resistance_tonn_BIN=Low
30014085,workpiece_slice_geometry=180x180,steel_temperature_grab1Celsius_BIN=High
30014085,workpiece_slice_geometry=180x180,steel_weighttonn_BIN=High
30014085,workpiece_slice_geometry=180x180,swing_frequency_amount_minute_BIN=High
30014085,workpiece_slice_geometry=180x180,temperature_measurement1_Celsius_BIN=Low
30014085,workpiece_slice_geometry=180x180,temperature_measurement2_Celsius_BIN=Low
30014085,workpiece_slice_geometry=180x180,water_consumption_BIN=High
30014085,workpiece_slice_geometry=180x180,water_temperature_deltaCelsius_BIN=High
30014134,RUL_BIN=Critical,alloy_speed_meter_minute_BIN=Medium
30014134,RUL_BIN=Critical,crystallizer_movementmm_BIN=Low
30014134,RUL_BIN=Critical,resistance_tonn_BIN=Low
30014134,RUL_BIN=Critical,steel_temperature_grab1Celsius_BIN=High
30014134,RUL_BIN=Critical,steel_weighttonn_BIN=High
30014134,RUL_BIN=Critical,swing_frequency_amount_minute_BIN=High
30014134,RUL_BIN=Critical,temperature_measurement1_Celsius_BIN=Low
30014134,RUL_BIN=Critical,temperature_measurement2_Celsius_BIN=Low
30014134,RUL_BIN=Critical,water_consumption_BIN=High
30014134,RUL_BIN=Critical,water_temperature_deltaCelsius_BIN=High
30014134,alloy_type=open,alloy_speed_meter_minute_BIN=Medium
30014134,alloy_type=open,crystallizer_movementmm_BIN=Low
30014134,alloy_type=open,resistance_tonn_BIN=Low
30014134,alloy_type=open,steel_temperature_grab1Celsius_BIN=High
30014134,alloy_type=open,steel_weighttonn_BIN=High
30014134,alloy_type=open,swing_frequency_amount_minute_BIN=High
30014134,alloy_type=open,temperature_measurement1_Celsius_BIN=Low
30014134,alloy_type=open,temperature_measurement2_Celsius_BIN=Low
30014134,alloy_type=open,water_consumption_BIN=High
30014134,alloy_type=open,water_temperature_deltaCelsius_BIN=High
30014134,num_crystallizer_BIN=Low,alloy_speed_meter_minute_BIN=Medium
30014134,num_crystallizer_BIN=Low,crystallizer_movementmm_BIN=Low
30014134,num_crystallizer_BIN=Low,resistance_tonn_BIN=Low
30014134,num_crystallizer_BIN=Low,steel_temperature_grab1Celsius_BIN=High
30014134,num_crystallizer_BIN=Low,steel_weighttonn_BIN=High
30014134,num_crystallizer_BIN=Low,swing_frequency_amount_minute_BIN=High
30014134,num_crystallizer_BIN=Low,temperature_measurement1_Celsius_BIN=Low
30014134,num_crystallizer_BIN=Low,temperature_measurement2_Celsius_BIN=Low
30014134,num_crystallizer_BIN=Low,water_consumption_BIN=High
30014134,num_crystallizer_BIN=Low,water_temperature_deltaCelsius_BIN=High
30014134,num_stream_BIN=Low,alloy_speed_meter_minute_BIN=Medium
30014134,num_stream_BIN=Low,crystallizer_movementmm_BIN=Low
30014134,num_stream_BIN=Low,resistance_tonn_BIN=Low
30014134,num_stream_BIN=Low,steel_temperature_grab1Celsius_BIN=High
30014134,num_stream_BIN=Low,steel_weighttonn_BIN=High
30014134,num_stream_BIN=Low,swing_frequency_amount_minute_BIN=High
30014134,num_stream_BIN=Low,temperature_measurement1_Celsius_BIN=Low
30014134,num_stream_BIN=Low,temperature_measurement2_Celsius_BIN=Low
30014134,num_stream_BIN=Low,water_consumption_BIN=High
30014134,num_stream_BIN=Low,water_temperature_deltaCelsius_BIN=High
30014134,steel_type=Arm500,alloy_speed_meter_minute_BIN=Medium
30014134,steel_type=Arm500,crystallizer_movementmm_BIN=Low
30014134,steel_type=Arm500,resistance_tonn_BIN=Low
30014134,steel_type=Arm500,steel_temperature_grab1Celsius_BIN=High
30014134,steel_type=Arm500,steel_weighttonn_BIN=High
30014134,steel_type=Arm500,swing_frequency_amount_minute_BIN=High
30014134,steel_type=Arm500,temperature_measurement1_Celsius_BIN=Low
30014134,steel_type=Arm500,temperature_measurement2_Celsius_BIN=Low
30014134,steel_type=Arm500,water_consumption_BIN=High
30014134,steel_type=Arm500,water_temperature_deltaCelsius_BIN=High
30014134,workpiece_slice_geometry=180x180,alloy_speed_meter_minute_BIN=Medium
30014134,workpiece_slice_geometry=180x180,crystallizer_movementmm_BIN=Low
30014134,workpiece_slice_geometry=180x180,resistance_tonn_BIN=Low
30014134,workpiece_slice_geometry=180x180,steel_temperature_grab1Celsius_BIN=High
30014134,workpiece_slice_geometry=180x180,steel_weighttonn_BIN=High
30014134,workpiece_slice_geometry=180x180,swing_frequency_amount_minute_BIN=High
30014134,workpiece_slice_geometry=180x180,temperature_measurement1_Celsius_BIN=Low
30014134,workpiece_slice_geometry=180x180,temperature_measurement2_Celsius_BIN=Low
30014134,workpiece_slice_geometry=180x180,water_consumption_BIN=High
30014134,workpiece_slice_geometry=180x180,water_temperature_deltaCelsius_BIN=High
30014135,RUL_BIN=Critical,alloy_speed_meter_minute_BIN=Medium
30014135,RUL_BIN=Critical,crystallizer_movementmm_BIN=Low
30014135,RUL_BIN=Critical,resistance_tonn_BIN=Low
30014135,RUL_BIN=Critical,steel_temperature_grab1Celsius_BIN=High
30014135,RUL_BIN=Critical,steel_weighttonn_BIN=High
30014135,RUL_BIN=Critical,swing_frequency_amount_minute_BIN=High
30014135,RUL_BIN=Critical,temperature_measurement1_Celsius_BIN=Low
30014135,RUL_BIN=Critical,temperature_measurement2_Celsius_BIN=Low
30014135,RUL_BIN=Critical,water_consumption_BIN=High
30014135,RUL_BIN=Critical,water_temperature_deltaCelsius_BIN=High
30014135,alloy_type=open,alloy_speed_meter_minute_BIN=Medium
30014135,alloy_type=open,crystallizer_movementmm_BIN=Low
30014135,alloy_type=open,resistance_tonn_BIN=Low
30014135,alloy_type=open,steel_temperature_grab1Celsius_BIN=High
30014135,alloy_type=open,steel_weighttonn_BIN=High
30014135,alloy_type=open,swing_frequency_amount_minute_BIN=High
30014135,alloy_type=open,temperature_measurement1_Celsius_BIN=Low
30014135,alloy_type=open,temperature_measurement2_Celsius_BIN=Low
30014135,alloy_type=open,water_consumption_BIN=High
30014135,alloy_type=open,water_temperature_deltaCelsius_BIN=High
30014135,num_crystallizer_BIN=Medium,alloy_speed_meter_minute_BIN=Medium
30014135,num_crystallizer_BIN=Medium,crystallizer_movementmm_BIN=Low
30014135,num_crystallizer_BIN=Medium,resistance_tonn_BIN=Low
30014135,num_crystallizer_BIN=Medium,steel_temperature_grab1Celsius_BIN=High
30014135,num_crystallizer_BIN=Medium,steel_weighttonn_BIN=High
30014135,num_crystallizer_BIN=Medium,swing_frequency_amount_minute_BIN=High
30014135,num_crystallizer_BIN=Medium,temperature_measurement1_Celsius_BIN=Low
30014135,num_crystallizer_BIN=Medium,temperature_measurement2_Celsius_BIN=Low
30014135,num_crystallizer_BIN=Medium,water_consumption_BIN=High
30014135,num_crystallizer_BIN=Medium,water_temperature_deltaCelsius_BIN=High
30014135,num_stream_BIN=High,alloy_speed_meter_minute_BIN=Medium
30014135,num_stream_BIN=High,crystallizer_movementmm_BIN=Low
30014135,num_stream_BIN=High,resistance_tonn_BIN=Low
30014135,num_stream_BIN=High,steel_temperature_grab1Celsius_BIN=High
30014135,num_stream_BIN=High,steel_weighttonn_BIN=High
30014135,num_stream_BIN=High,swing_frequency_amount_minute_BIN=High
30014135,num_stream_BIN=High,temperature_measurement1_Celsius_BIN=Low
30014135,num_stream_BIN=High,temperature_measurement2_Celsius_BIN=Low
30014135,num_stream_BIN=High,water_consumption_BIN=High
30014135,num_stream_BIN=High,water_temperature_deltaCelsius_BIN=High
30014135,steel_type=Arm500,alloy_speed_meter_minute_BIN=Medium
30014135,steel_type=Arm500,crystallizer_movementmm_BIN=Low
30014135,steel_type=Arm500,resistance_tonn_BIN=Low
30014135,steel_type=Arm500,steel_temperature_grab1Celsius_BIN=High
30014135,steel_type=Arm500,steel_weighttonn_BIN=High
30014135,steel_type=Arm500,swing_frequency_amount_minute_BIN=High
30014135,steel_type=Arm500,temperature_measurement1_Celsius_BIN=Low
30014135,steel_type=Arm500,temperature_measurement2_Celsius_BIN=Low
30014135,steel_type=Arm500,water_consumption_BIN=High
30014135,steel_type=Arm500,water_temperature_deltaCelsius_BIN=High
30014135,workpiece_slice_geometry=180x180,alloy_speed_meter_minute_BIN=Medium
30014135,workpiece_slice_geometry=180x180,crystallizer_movementmm_BIN=Low
30014135,workpiece_slice_geometry=180x180,resistance_tonn_BIN=Low
30014135,workpiece_slice_geometry=180x180,steel_temperature_grab1Celsius_BIN=High
30014135,workpiece_slice_geometry=180x180,steel_weighttonn_BIN=High
30014135,workpiece_slice_geometry=180x180,swing_frequency_amount_minute_BIN=High
30014135,workpiece_slice_geometry=180x180,temperature_measurement1_Celsius_BIN=Low
30014135,workpiece_slice_geometry=180x180,temperature_measurement2_Celsius_BIN=Low
30014135,workpiece_slice_geometry=180x180,water_consumption_BIN=High
30014135,workpiece_slice_geometry=180x180,water_temperature_deltaCelsius_BIN=High
30014136,RUL_BIN=Medium,alloy_speed_meter_minute_BIN=Medium
30014136,RUL_BIN=Medium,crystallizer_movementmm_BIN=Low
30014136,RUL_BIN=Medium,resistance_tonn_BIN=Low
30014136,RUL_BIN=Medium,steel_temperature_grab1Celsius_BIN=High
30014136,RUL_BIN=Medium,steel_weighttonn_BIN=High
30014136,RUL_BIN=Medium,swing_frequency_amount_minute_BIN=Medium
30014136,RUL_BIN=Medium,temperature_measurement1_Celsius_BIN=Low
30014136,RUL_BIN=Medium,temperature_measurement2_Celsius_BIN=Low
30014136,RUL_BIN=Medium,water_consumption_BIN=High
30014136,RUL_BIN=Medium,water_temperature_deltaCelsius_BIN=High
30014136,alloy_type=open,alloy_speed_meter_minute_BIN=Medium
30014136,alloy_type=open,crystallizer_movementmm_BIN=Low
30014136,alloy_type=open,resistance_tonn_BIN=Low
30014136,alloy_type=open,steel_temperature_grab1Celsius_BIN=High
30014136,alloy_type=open,steel_weighttonn_BIN=High
30014136,alloy_type=open,swing_frequency_amount_minute_BIN=Medium
30014136,alloy_type=open,temperature_measurement1_Celsius_BIN=Low
30014136,alloy_type=open,temperature_measurement2_Celsius_BIN=Low
30014136,alloy_type=open,water_consumption_BIN=High
30014136,alloy_type=open,water_temperature_deltaCelsius_BIN=High
30014136,num_crystallizer_BIN=Medium,alloy_speed_meter_minute_BIN=Medium
30014136,num_crystallizer_BIN=Medium,crystallizer_movementmm_BIN=Low
30014136,num_crystallizer_BIN=Medium,resistance_tonn_BIN=Low
30014136,num_crystallizer_BIN=Medium,steel_temperature_grab1Celsius_BIN=High
30014136,num_crystallizer_BIN=Medium,steel_weighttonn_BIN=High
30014136,num_crystallizer_BIN=Medium,swing_frequency_amount_minute_BIN=Medium
30014136,num_crystallizer_BIN=Medium,temperature_measurement1_Celsius_BIN=Low
30014136,num_crystallizer_BIN=Medium,temperature_measurement2_Celsius_BIN=Low
30014136,num_crystallizer_BIN=Medium,water_consumption_BIN=High
30014136,num_crystallizer_BIN=Medium,water_temperature_deltaCelsius_BIN=High
30014136,num_stream_BIN=Medium,alloy_speed_meter_minute_BIN=Medium
30014136,num_stream_BIN=Medium,crystallizer_movementmm_BIN=Low
30014136,num_stream_BIN=Medium,resistance_tonn_BIN=Low
30014136,num_stream_BIN=Medium,steel_temperature_grab1Celsius_BIN=High
30014136,num_stream_BIN=Medium,steel_weighttonn_BIN=High
30014136,num_stream_BIN=Medium,swing_frequency_amount_minute_BIN=Medium
30014136,num_stream_BIN=Medium,temperature_measurement1_Celsius_BIN=Low
30014136,num_stream_BIN=Medium,temperature_measurement2_Celsius_BIN=Low
30014136,num_stream_BIN=Medium,water_consumption_BIN=High
30014136,num_stream_BIN=Medium,water_temperature_deltaCelsius_BIN=High
30014136,steel_type=Arm500,alloy_speed_meter_minute_BIN=Medium
30014136,steel_type=Arm500,crystallizer_movementmm_BIN=Low
30014136,steel_type=Arm500,resistance_tonn_BIN=Low
30014136,steel_type=Arm500,steel_temperature_grab1Celsius_BIN=High
30014136,steel_type=Arm500,steel_weighttonn_BIN=High
30014136,steel_type=Arm500,swing_frequency_amount_minute_BIN=Medium
30014136,steel_type=Arm500,temperature_measurement1_Celsius_BIN=Low
30014136,steel_type=Arm500,temperature_measurement2_Celsius_BIN=Low
30014136,steel_type=Arm500,water_consumption_BIN=High
30014136,steel_type=Arm500,water_temperature_deltaCelsius_BIN=High
30014136,workpiece_slice_geometry=180x180,alloy_speed_meter_minute_BIN=Medium
30014136,workpiece_slice_geometry=180x180,crystallizer_movementmm_BIN=Low
30014136,workpiece_slice_geometry=180x180,resistance_tonn_BIN=Low
30014136,workpiece_slice_geometry=180x180,steel_temperature_grab1Celsius_BIN=High
30014136,workpiece_slice_geometry=180x180,steel_weighttonn_BIN=High
30014136,workpiece_slice_geometry=180x180,swing_frequency_amount_minute_BIN=Medium
30014136,workpiece_slice_geometry=180x180,temperature_measurement1_Celsius_BIN=Low
30014136,workpiece_slice_geometry=180x180,temperature_measurement2_Celsius_BIN=Low
30014136,workpiece_slice_geometry=180x180,water_consumption_BIN=High
30014136,workpiece_slice_geometry=180x180,water_temperature_deltaCelsius_BIN=High
30014138,RUL_BIN=Critical,alloy_speed_meter_minute_BIN=Medium
30014138,RUL_BIN=Critical,crystallizer_movementmm_BIN=Low
30014138,RUL_BIN=Critical,resistance_tonn_BIN=Low
30014138,RUL_BIN=Critical,steel_temperature_grab1Celsius_BIN=High
30014138,RUL_BIN=Critical,steel_weighttonn_BIN=High
30014138,RUL_BIN=Critical,swing_frequency_amount_minute_BIN=Medium
30014138,RUL_BIN=Critical,temperature_measurement1_Celsius_BIN=Low
30014138,RUL_BIN=Critical,temperature_measurement2_Celsius_BIN=Low
30014138,RUL_BIN=Critical,water_consumption_BIN=High
30014138,RUL_BIN=Critical,water_temperature_deltaCelsius_BIN=High
30014138,alloy_type=open,alloy_speed_meter_minute_BIN=Medium
30014138,alloy_type=open,crystallizer_movementmm_BIN=Low
30014138,alloy_type=open,resistance_tonn_BIN=Low
30014138,alloy_type=open,steel_temperature_grab1Celsius_BIN=High
30014138,alloy_type=open,steel_weighttonn_BIN=High
30014138,alloy_type=open,swing_frequency_amount_minute_BIN=Medium
30014138,alloy_type=open,temperature_measurement1_Celsius_BIN=Low
30014138,alloy_type=open,temperature_measurement2_Celsius_BIN=Low
30014138,alloy_type=open,water_consumption_BIN=High
30014138,alloy_type=open,water_temperature_deltaCelsius_BIN=High
30014138,num_crystallizer_BIN=High,alloy_speed_meter_minute_BIN=Medium
30014138,num_crystallizer_BIN=High,crystallizer_movementmm_BIN=Low
30014138,num_crystallizer_BIN=High,resistance_tonn_BIN=Low
30014138,num_crystallizer_BIN=High,steel_temperature_grab1Celsius_BIN=High
30014138,num_crystallizer_BIN=High,steel_weighttonn_BIN=High
30014138,num_crystallizer_BIN=High,swing_frequency_amount_minute_BIN=Medium
30014138,num_crystallizer_BIN=High,temperature_measurement1_Celsius_BIN=Low
30014138,num_crystallizer_BIN=High,temperature_measurement2_Celsius_BIN=Low
30014138,num_crystallizer_BIN=High,water_consumption_BIN=High
30014138,num_crystallizer_BIN=High,water_temperature_deltaCelsius_BIN=High
30014138,num_stream_BIN=Low,alloy_speed_meter_minute_BIN=Medium
30014138,num_stream_BIN=Low,crystallizer_movementmm_BIN=Low
30014138,num_stream_BIN=Low,resistance_tonn_BIN=Low
30014138,num_stream_BIN=Low,steel_temperature_grab1Celsius_BIN=High
30014138,num_stream_BIN=Low,steel_weighttonn_BIN=High
30014138,num_stream_BIN=Low,swing_frequency_amount_minute_BIN=Medium
30014138,num_stream_BIN=Low,temperature_measurement1_Celsius_BIN=Low
30014138,num_stream_BIN=Low,temperature_measurement2_Celsius_BIN=Low
30014138,num_stream_BIN=Low,water_consumption_BIN=High
30014138,num_stream_BIN=Low,water_temperature_deltaCelsius_BIN=High
30014138,steel_type=Arm500,alloy_speed_meter_minute_BIN=Medium
30014138,steel_type=Arm500,crystallizer_movementmm_BIN=Low
30014138,steel_type=Arm500,resistance_tonn_BIN=Low
30014138,steel_type=Arm500,steel_temperature_grab1Celsius_BIN=High
30014138,steel_type=Arm500,steel_weighttonn_BIN=High
30014138,steel_type=Arm500,swing_frequency_amount_minute_BIN=Medium
30014138,steel_type=Arm500,temperature_measurement1_Celsius_BIN=Low
30014138,steel_type=Arm500,temperature_measurement2_Celsius_BIN=Low
30014138,steel_type=Arm500,water_consumption_BIN=High
30014138,steel_type=Arm500,water_temperature_deltaCelsius_BIN=High
30014138,workpiece_slice_geometry=180x180,alloy_speed_meter_minute_BIN=Medium
30014138,workpiece_slice_geometry=180x180,crystallizer_movementmm_BIN=Low
30014138,workpiece_slice_geometry=180x180,resistance_tonn_BIN=Low
30014138,workpiece_slice_geometry=180x180,steel_temperature_grab1Celsius_BIN=High
30014138,workpiece_slice_geometry=180x180,steel_weighttonn_BIN=High
30014138,workpiece_slice_geometry=180x180,swing_frequency_amount_minute_BIN=Medium
30014138,workpiece_slice_geometry=180x180,temperature_measurement1_Celsius_BIN=Low
30014138,workpiece_slice_geometry=180x180,temperature_measurement2_Celsius_BIN=Low
30014138,workpiece_slice_geometry=180x180,water_consumption_BIN=High
30014138,workpiece_slice_geometry=180x180,water_temperature_deltaCelsius_BIN=High
30014139,RUL_BIN=Critical,alloy_speed_meter_minute_BIN=Medium
30014139,RUL_BIN=Critical,crystallizer_movementmm_BIN=Low
30014139,RUL_BIN=Critical,resistance_tonn_BIN=Low
30014139,RUL_BIN=Critical,steel_temperature_grab1Celsius_BIN=High
30014139,RUL_BIN=Critical,steel_weighttonn_BIN=High
30014139,RUL_BIN=Critical,swing_frequency_amount_minute_BIN=High
30014139,RUL_BIN=Critical,temperature_measurement1_Celsius_BIN=Low
30014139,RUL_BIN=Critical,temperature_measurement2_Celsius_BIN=Low
30014139,RUL_BIN=Critical,water_consumption_BIN=High
30014139,RUL_BIN=Critical,water_temperature_deltaCelsius_BIN=High
30014139,alloy_type=open,alloy_speed_meter_minute_BIN=Medium
30014139,alloy_type=open,crystallizer_movementmm_BIN=Low
30014139,alloy_type=open,resistance_tonn_BIN=Low
30014139,alloy_type=open,steel_temperature_grab1Celsius_BIN=High
30014139,alloy_type=open,steel_weighttonn_BIN=High
30014139,alloy_type=open,swing_frequency_amount_minute_BIN=High
30014139,alloy_type=open,temperature_measurement1_Celsius_BIN=Low
30014139,alloy_type=open,temperature_measurement2_Celsius_BIN=Low
30014139,alloy_type=open,water_consumption_BIN=High
30014139,alloy_type=open,water_temperature_deltaCelsius_BIN=High
30014139,num_crystallizer_BIN=Medium,alloy_speed_meter_minute_BIN=Medium
30014139,num_crystallizer_BIN=Medium,crystallizer_movementmm_BIN=Low
30014139,num_crystallizer_BIN=Medium,resistance_tonn_BIN=Low
30014139,num_crystallizer_BIN=Medium,steel_temperature_grab1Celsius_BIN=High
30014139,num_crystallizer_BIN=Medium,steel_weighttonn_BIN=High
30014139,num_crystallizer_BIN=Medium,swing_frequency_amount_minute_BIN=High
30014139,num_crystallizer_BIN=Medium,temperature_measurement1_Celsius_BIN=Low
30014139,num_crystallizer_BIN=Medium,temperature_measurement2_Celsius_BIN=Low
30014139,num_crystallizer_BIN=Medium,water_consumption_BIN=High
30014139,num_crystallizer_BIN=Medium,water_temperature_deltaCelsius_BIN=High
30014139,num_stream_BIN=Medium,alloy_speed_meter_minute_BIN=Medium
30014139,num_stream_BIN=Medium,crystallizer_movementmm_BIN=Low
30014139,num_stream_BIN=Medium,resistance_tonn_BIN=Low
30014139,num_stream_BIN=Medium,steel_temperature_grab1Celsius_BIN=High
30014139,num_stream_BIN=Medium,steel_weighttonn_BIN=High
30014139,num_stream_BIN=Medium,swing_frequency_amount_minute_BIN=High
30014139,num_stream_BIN=Medium,temperature_measurement1_Celsius_BIN=Low
30014139,num_stream_BIN=Medium,temperature_measurement2_Celsius_BIN=Low
30014139,num_stream_BIN=Medium,water_consumption_BIN=High
30014139,num_stream_BIN=Medium,water_temperature_deltaCelsius_BIN=High
30014139,steel_type=Arm500,alloy_speed_meter_minute_BIN=Medium
30014139,steel_type=Arm500,crystallizer_movementmm_BIN=Low
30014139,steel_type=Arm500,resistance_tonn_BIN=Low
30014139,steel_type=Arm500,steel_temperature_grab1Celsius_BIN=High
30014139,steel_type=Arm500,steel_weighttonn_BIN=High
30014139,steel_type=Arm500,swing_frequency_amount_minute_BIN=High
30014139,steel_type=Arm500,temperature_measurement1_Celsius_BIN=Low
30014139,steel_type=Arm500,temperature_measurement2_Celsius_BIN=Low
30014139,steel_type=Arm500,water_consumption_BIN=High
30014139,steel_type=Arm500,water_temperature_deltaCelsius_BIN=High
30014139,workpiece_slice_geometry=180x180,alloy_speed_meter_minute_BIN=Medium
30014139,workpiece_slice_geometry=180x180,crystallizer_movementmm_BIN=Low
30014139,workpiece_slice_geometry=180x180,resistance_tonn_BIN=Low
30014139,workpiece_slice_geometry=180x180,steel_temperature_grab1Celsius_BIN=High
30014139,workpiece_slice_geometry=180x180,steel_weighttonn_BIN=High
30014139,workpiece_slice_geometry=180x180,swing_frequency_amount_minute_BIN=High
30014139,workpiece_slice_geometry=180x180,temperature_measurement1_Celsius_BIN=Low
30014139,workpiece_slice_geometry=180x180,temperature_measurement2_Celsius_BIN=Low
30014139,workpiece_slice_geometry=180x180,water_consumption_BIN=High
30014139,workpiece_slice_geometry=180x180,water_temperature_deltaCelsius_BIN=High
30014140,RUL_BIN=Critical,alloy_speed_meter_minute_BIN=Medium
30014140,RUL_BIN=Critical,crystallizer_movementmm_BIN=Low
30014140,RUL_BIN=Critical,resistance_tonn_BIN=Low
30014140,RUL_BIN=Critical,steel_temperature_grab1Celsius_BIN=High
30014140,RUL_BIN=Critical,steel_weighttonn_BIN=High
30014140,RUL_BIN=Critical,swing_frequency_amount_minute_BIN=High
30014140,RUL_BIN=Critical,temperature_measurement1_Celsius_BIN=Low
30014140,RUL_BIN=Critical,temperature_measurement2_Celsius_BIN=Low
30014140,RUL_BIN=Critical,water_consumption_BIN=High
30014140,RUL_BIN=Critical,water_temperature_deltaCelsius_BIN=High
30014140,alloy_type=open,alloy_speed_meter_minute_BIN=Medium
30014140,alloy_type=open,crystallizer_movementmm_BIN=Low
30014140,alloy_type=open,resistance_tonn_BIN=Low
30014140,alloy_type=open,steel_temperature_grab1Celsius_BIN=High
30014140,alloy_type=open,steel_weighttonn_BIN=High
30014140,alloy_type=open,swing_frequency_amount_minute_BIN=High
30014140,alloy_type=open,temperature_measurement1_Celsius_BIN=Low
30014140,alloy_type=open,temperature_measurement2_Celsius_BIN=Low
30014140,alloy_type=open,water_consumption_BIN=High
30014140,alloy_type=open,water_temperature_deltaCelsius_BIN=High
30014140,num_crystallizer_BIN=Medium,alloy_speed_meter_minute_BIN=Medium
30014140,num_crystallizer_BIN=Medium,crystallizer_movementmm_BIN=Low
30014140,num_crystallizer_BIN=Medium,resistance_tonn_BIN=Low
30014140,num_crystallizer_BIN=Medium,steel_temperature_grab1Celsius_BIN=High
30014140,num_crystallizer_BIN=Medium,steel_weighttonn_BIN=High
30014140,num_crystallizer_BIN=Medium,swing_frequency_amount_minute_BIN=High
30014140,num_crystallizer_BIN=Medium,temperature_measurement1_Celsius_BIN=Low
30014140,num_crystallizer_BIN=Medium,temperature_measurement2_Celsius_BIN=Low
30014140,num_crystallizer_BIN=Medium,water_consumption_BIN=High
30014140,num_crystallizer_BIN=Medium,water_temperature_deltaCelsius_BIN=High
30014140,num_stream_BIN=Medium,alloy_speed_meter_minute_BIN=Medium
30014140,num_stream_BIN=Medium,crystallizer_movementmm_BIN=Low
30014140,num_stream_BIN=Medium,resistance_tonn_BIN=Low
30014140,num_stream_BIN=Medium,steel_temperature_grab1Celsius_BIN=High
30014140,num_stream_BIN=Medium,steel_weighttonn_BIN=High
30014140,num_stream_BIN=Medium,swing_frequency_amount_minute_BIN=High
30014140,num_stream_BIN=Medium,temperature_measurement1_Celsius_BIN=Low
30014140,num_stream_BIN=Medium,temperature_measurement2_Celsius_BIN=Low
30014140,num_stream_BIN=Medium,water_consumption_BIN=High
30014140,num_stream_BIN=Medium,water_temperature_deltaCelsius_BIN=High
30014140,steel_type=Arm500,alloy_speed_meter_minute_BIN=Medium
30014140,steel_type=Arm500,crystallizer_movementmm_BIN=Low
30014140,steel_type=Arm500,resistance_tonn_BIN=Low
30014140,steel_type=Arm500,steel_temperature_grab1Celsius_BIN=High
30014140,steel_type=Arm500,steel_weighttonn_BIN=High
30014140,steel_type=Arm500,swing_frequency_amount_minute_BIN=High
30014140,steel_type=Arm500,temperature_measurement1_Celsius_BIN=Low
30014140,steel_type=Arm500,temperature_measurement2_Celsius_BIN=Low
30014140,steel_type=Arm500,water_consumption_BIN=High
30014140,steel_type=Arm500,water_temperature_deltaCelsius_BIN=High
30014140,workpiece_slice_geometry=180x180,alloy_speed_meter_minute_BIN=Medium
30014140,workpiece_slice_geometry=180x180,crystallizer_movementmm_BIN=Low
30014140,workpiece_slice_geometry=180x180,resistance_tonn_BIN=Low
30014140,workpiece_slice_geometry=180x180,steel_temperature_grab1Celsius_BIN=High
30014140,workpiece_slice_geometry=180x180,steel_weighttonn_BIN=High
30014140,workpiece_slice_geometry=180x180,swing_frequency_amount_minute_BIN=High
30014140,workpiece_slice_geometry=180x180,temperature_measurement1_Celsius_BIN=Low
30014140,workpiece_slice_geometry=180x180,temperature_measurement2_Celsius_BIN=Low
30014140,workpiece_slice_geometry=180x180,water_consumption_BIN=High
30014140,workpiece_slice_geometry=180x180,water_temperature_deltaCelsius_BIN=High
30014141,RUL_BIN=Critical,alloy_speed_meter_minute_BIN=Medium
30014141,RUL_BIN=Critical,crystallizer_movementmm_BIN=Low
30014141,RUL_BIN=Critical,resistance_tonn_BIN=Low
30014141,RUL_BIN=Critical,steel_temperature_grab1Celsius_BIN=High
30014141,RUL_BIN=Critical,steel_weighttonn_BIN=High
30014141,RUL_BIN=Critical,swing_frequency_amount_minute_BIN=Medium
30014141,RUL_BIN=Critical,temperature_measurement1_Celsius_BIN=Low
30014141,RUL_BIN=Critical,temperature_measurement2_Celsius_BIN=Low
30014141,RUL_BIN=Critical,water_consumption_BIN=High
30014141,RUL_BIN=Critical,water_temperature_deltaCelsius_BIN=High
30014141,alloy_type=open,alloy_speed_meter_minute_BIN=Medium
30014141,alloy_type=open,crystallizer_movementmm_BIN=Low
30014141,alloy_type=open,resistance_tonn_BIN=Low
30014141,alloy_type=open,steel_temperature_grab1Celsius_BIN=High
30014141,alloy_type=open,steel_weighttonn_BIN=High
30014141,alloy_type=open,swing_frequency_amount_minute_BIN=Medium
30014141,alloy_type=open,temperature_measurement1_Celsius_BIN=Low
30014141,alloy_type=open,temperature_measurement2_Celsius_BIN=Low
30014141,alloy_type=open,water_consumption_BIN=High
30014141,alloy_type=open,water_temperature_deltaCelsius_BIN=High
30014141,num_crystallizer_BIN=Medium,alloy_speed_meter_minute_BIN=Medium
30014141,num_crystallizer_BIN=Medium,crystallizer_movementmm_BIN=Low
30014141,num_crystallizer_BIN=Medium,resistance_tonn_BIN=Low
30014141,num_crystallizer_BIN=Medium,steel_temperature_grab1Celsius_BIN=High
30014141,num_crystallizer_BIN=Medium,steel_weighttonn_BIN=High
30014141,num_crystallizer_BIN=Medium,swing_frequency_amount_minute_BIN=Medium
30014141,num_crystallizer_BIN=Medium,temperature_measurement1_Celsius_BIN=Low
30014141,num_crystallizer_BIN=Medium,temperature_measurement2_Celsius_BIN=Low
30014141,num_crystallizer_BIN=Medium,water_consumption_BIN=High
30014141,num_crystallizer_BIN=Medium,water_temperature_deltaCelsius_BIN=High
30014141,num_stream_BIN=Medium,alloy_speed_meter_minute_BIN=Medium
30014141,num_stream_BIN=Medium,crystallizer_movementmm_BIN=Low
30014141,num_stream_BIN=Medium,resistance_tonn_BIN=Low
30014141,num_stream_BIN=Medium,steel_temperature_grab1Celsius_BIN=High
30014141,num_stream_BIN=Medium,steel_weighttonn_BIN=High
30014141,num_stream_BIN=Medium,swing_frequency_amount_minute_BIN=Medium
30014141,num_stream_BIN=Medium,temperature_measurement1_Celsius_BIN=Low
30014141,num_stream_BIN=Medium,temperature_measurement2_Celsius_BIN=Low
30014141,num_stream_BIN=Medium,water_consumption_BIN=High
30014141,num_stream_BIN=Medium,water_temperature_deltaCelsius_BIN=High
30014141,steel_type=Arm500,alloy_speed_meter_minute_BIN=Medium
30014141,steel_type=Arm500,crystallizer_movementmm_BIN=Low
30014141,steel_type=Arm500,resistance_tonn_BIN=Low
30014141,steel_type=Arm500,steel_temperature_grab1Celsius_BIN=High
30014141,steel_type=Arm500,steel_weighttonn_BIN=High
30014141,steel_type=Arm500,swing_frequency_amount_minute_BIN=Medium
30014141,steel_type=Arm500,temperature_measurement1_Celsius_BIN=Low
30014141,steel_type=Arm500,temperature_measurement2_Celsius_BIN=Low
30014141,steel_type=Arm500,water_consumption_BIN=High
30014141,steel_type=Arm500,water_temperature_deltaCelsius_BIN=High
30014141,workpiece_slice_geometry=180x180,alloy_speed_meter_minute_BIN=Medium
30014141,workpiece_slice_geometry=180x180,crystallizer_movementmm_BIN=Low
30014141,workpiece_slice_geometry=180x180,resistance_tonn_BIN=Low
30014141,workpiece_slice_geometry=180x180,steel_temperature_grab1Celsius_BIN=High
30014141,workpiece_slice_geometry=180x180,steel_weighttonn_BIN=High
30014141,workpiece_slice_geometry=180x180,swing_frequency_amount_minute_BIN=Medium
30014141,workpiece_slice_geometry=180x180,temperature_measurement1_Celsius_BIN=Low
30014141,workpiece_slice_geometry=180x180,temperature_measurement2_Celsius_BIN=Low
30014141,workpiece_slice_geometry=180x180,water_consumption_BIN=High
30014141,workpiece_slice_geometry=180x180,water_temperature_deltaCelsius_BIN=High
30014142,RUL_BIN=Critical,alloy_speed_meter_minute_BIN=Medium
30014142,RUL_BIN=Critical,crystallizer_movementmm_BIN=Low
30014142,RUL_BIN=Critical,resistance_tonn_BIN=Low
30014142,RUL_BIN=Critical,steel_temperature_grab1Celsius_BIN=High
30014142,RUL_BIN=Critical,steel_weighttonn_BIN=High
30014142,RUL_BIN=Critical,swing_frequency_amount_minute_BIN=Medium
30014142,RUL_BIN=Critical,temperature_measurement1_Celsius_BIN=Low
30014142,RUL_BIN=Critical,temperature_measurement2_Celsius_BIN=Low
30014142,RUL_BIN=Critical,water_consumption_BIN=High
30014142,RUL_BIN=Critical,water_temperature_deltaCelsius_BIN=High
30014142,alloy_type=open,alloy_speed_meter_minute_BIN=Medium
30014142,alloy_type=open,crystallizer_movementmm_BIN=Low
30014142,alloy_type=open,resistance_tonn_BIN=Low
30014142,alloy_type=open,steel_temperature_grab1Celsius_BIN=High
30014142,alloy_type=open,steel_weighttonn_BIN=High
30014142,alloy_type=open,swing_frequency_amount_minute_BIN=Medium
30014142,alloy_type=open,temperature_measurement1_Celsius_BIN=Low
30014142,alloy_type=open,temperature_measurement2_Celsius_BIN=Low
30014142,alloy_type=open,water_consumption_BIN=High
30014142,alloy_type=open,water_temperature_deltaCelsius_BIN=High
30014142,num_crystallizer_BIN=Low,alloy_speed_meter_minute_BIN=Medium
30014142,num_crystallizer_BIN=Low,crystallizer_movementmm_BIN=Low
30014142,num_crystallizer_BIN=Low,resistance_tonn_BIN=Low
30014142,num_crystallizer_BIN=Low,steel_temperature_grab1Celsius_BIN=High
30014142,num_crystallizer_BIN=Low,steel_weighttonn_BIN=High
30014142,num_crystallizer_BIN=Low,swing_frequency_amount_minute_BIN=Medium
30014142,num_crystallizer_BIN=Low,temperature_measurement1_Celsius_BIN=Low
30014142,num_crystallizer_BIN=Low,temperature_measurement2_Celsius_BIN=Low
30014142,num_crystallizer_BIN=Low,water_consumption_BIN=High
30014142,num_crystallizer_BIN=Low,water_temperature_deltaCelsius_BIN=High
30014142,num_stream_BIN=High,alloy_speed_meter_minute_BIN=Medium
30014142,num_stream_BIN=High,crystallizer_movementmm_BIN=Low
30014142,num_stream_BIN=High,resistance_tonn_BIN=Low
30014142,num_stream_BIN=High,steel_temperature_grab1Celsius_BIN=High
30014142,num_stream_BIN=High,steel_weighttonn_BIN=High
30014142,num_stream_BIN=High,swing_frequency_amount_minute_BIN=Medium
30014142,num_stream_BIN=High,temperature_measurement1_Celsius_BIN=Low
30014142,num_stream_BIN=High,temperature_measurement2_Celsius_BIN=Low
30014142,num_stream_BIN=High,water_consumption_BIN=High
30014142,num_stream_BIN=High,water_temperature_deltaCelsius_BIN=High
30014142,steel_type=Arm500,alloy_speed_meter_minute_BIN=Medium
30014142,steel_type=Arm500,crystallizer_movementmm_BIN=Low
30014142,steel_type=Arm500,resistance_tonn_BIN=Low
30014142,steel_type=Arm500,steel_temperature_grab1Celsius_BIN=High
30014142,steel_type=Arm500,steel_weighttonn_BIN=High
30014142,steel_type=Arm500,swing_frequency_amount_minute_BIN=Medium
30014142,steel_type=Arm500,temperature_measurement1_Celsius_BIN=Low
30014142,steel_type=Arm500,temperature_measurement2_Celsius_BIN=Low
30014142,steel_type=Arm500,water_consumption_BIN=High
30014142,steel_type=Arm500,water_temperature_deltaCelsius_BIN=High
30014142,workpiece_slice_geometry=180x180,alloy_speed_meter_minute_BIN=Medium
30014142,workpiece_slice_geometry=180x180,crystallizer_movementmm_BIN=Low
30014142,workpiece_slice_geometry=180x180,resistance_tonn_BIN=Low
30014142,workpiece_slice_geometry=180x180,steel_temperature_grab1Celsius_BIN=High
30014142,workpiece_slice_geometry=180x180,steel_weighttonn_BIN=High
30014142,workpiece_slice_geometry=180x180,swing_frequency_amount_minute_BIN=Medium
30014142,workpiece_slice_geometry=180x180,temperature_measurement1_Celsius_BIN=Low
30014142,workpiece_slice_geometry=180x180,temperature_measurement2_Celsius_BIN=Low
30014142,workpiece_slice_geometry=180x180,water_consumption_BIN=High
30014142,workpiece_slice_geometry=180x180,water_temperature_deltaCelsius_BIN=High
30014143,RUL_BIN=Critical,alloy_speed_meter_minute_BIN=Medium
30014143,RUL_BIN=Critical,crystallizer_movementmm_BIN=High
30014143,RUL_BIN=Critical,resistance_tonn_BIN=High
30014143,RUL_BIN=Critical,steel_temperature_grab1Celsius_BIN=High
30014143,RUL_BIN=Critical,steel_weighttonn_BIN=Medium
30014143,RUL_BIN=Critical,swing_frequency_amount_minute_BIN=Medium
30014143,RUL_BIN=Critical,temperature_measurement1_Celsius_BIN=Low
30014143,RUL_BIN=Critical,temperature_measurement2_Celsius_BIN=Low
30014143,RUL_BIN=Critical,water_consumption_BIN=High
30014143,RUL_BIN=Critical,water_temperature_deltaCelsius_BIN=High
30014143,alloy_type=open,alloy_speed_meter_minute_BIN=Medium
30014143,alloy_type=open,crystallizer_movementmm_BIN=High
30014143,alloy_type=open,resistance_tonn_BIN=High
30014143,alloy_type=open,steel_temperature_grab1Celsius_BIN=High
30014143,alloy_type=open,steel_weighttonn_BIN=Medium
30014143,alloy_type=open,swing_frequency_amount_minute_BIN=Medium
30014143,alloy_type=open,temperature_measurement1_Celsius_BIN=Low
30014143,alloy_type=open,temperature_measurement2_Celsius_BIN=Low
30014143,alloy_type=open,water_consumption_BIN=High
30014143,alloy_type=open,water_temperature_deltaCelsius_BIN=High
30014143,num_crystallizer_BIN=Medium,alloy_speed_meter_minute_BIN=Medium
30014143,num_crystallizer_BIN=Medium,crystallizer_movementmm_BIN=High
30014143,num_crystallizer_BIN=Medium,resistance_tonn_BIN=High
30014143,num_crystallizer_BIN=Medium,steel_temperature_grab1Celsius_BIN=High
30014143,num_crystallizer_BIN=Medium,steel_weighttonn_BIN=Medium
30014143,num_crystallizer_BIN=Medium,swing_frequency_amount_minute_BIN=Medium
30014143,num_crystallizer_BIN=Medium,temperature_measurement1_Celsius_BIN=Low
30014143,num_crystallizer_BIN=Medium,temperature_measurement2_Celsius_BIN=Low
30014143,num_crystallizer_BIN=Medium,water_consumption_BIN=High
30014143,num_crystallizer_BIN=Medium,water_temperature_deltaCelsius_BIN=High
30014143,num_stream_BIN=High,alloy_speed_meter_minute_BIN=Medium
30014143,num_stream_BIN=High,crystallizer_movementmm_BIN=High
30014143,num_stream_BIN=High,resistance_tonn_BIN=High
30014143,num_stream_BIN=High,steel_temperature_grab1Celsius_BIN=High
30014143,num_stream_BIN=High,steel_weighttonn_BIN=Medium
30014143,num_stream_BIN=High,swing_frequency_amount_minute_BIN=Medium
30014143,num_stream_BIN=High,temperature_measurement1_Celsius_BIN=Low
30014143,num_stream_BIN=High,temperature_measurement2_Celsius_BIN=Low
30014143,num_stream_BIN=High,water_consumption_BIN=High
30014143,num_stream_BIN=High,water_temperature_deltaCelsius_BIN=High
30014143,steel_type=1015,alloy_speed_meter_minute_BIN=Medium
30014143,steel_type=1015,crystallizer_movementmm_BIN=High
30014143,steel_type=1015,resistance_tonn_BIN=High
30014143,steel_type=1015,steel_temperature_grab1Celsius_BIN=High
30014143,steel_type=1015,steel_weighttonn_BIN=Medium
30014143,steel_type=1015,swing_frequency_amount_minute_BIN=Medium
30014143,steel_type=1015,temperature_measurement1_Celsius_BIN=Low
30014143,steel_type=1015,temperature_measurement2_Celsius_BIN=Low
30014143,steel_type=1015,water_consumption_BIN=High
30014143,steel_type=1015,water_temperature_deltaCelsius_BIN=High
30014143,workpiece_slice_geometry=180x180,alloy_speed_meter_minute_BIN=Medium
30014143,workpiece_slice_geometry=180x180,crystallizer_movementmm_BIN=High
30014143,workpiece_slice_geometry=180x180,resistance_tonn_BIN=High
30014143,workpiece_slice_geometry=180x180,steel_temperature_grab1Celsius_BIN=High
30014143,workpiece_slice_geometry=180x180,steel_weighttonn_BIN=Medium
30014143,workpiece_slice_geometry=180x180,swing_frequency_amount_minute_BIN=Medium
30014143,workpiece_slice_geometry=180x180,temperature_measurement1_Celsius_BIN=Low
30014143,workpiece_slice_geometry=180x180,temperature_measurement2_Celsius_BIN=Low
30014143,workpiece_slice_geometry=180x180,water_consumption_BIN=High
30014143,workpiece_slice_geometry=180x180,water_temperature_deltaCelsius_BIN=High
30014144,RUL_BIN=Critical,alloy_speed_meter_minute_BIN=Medium
30014144,RUL_BIN=Critical,crystallizer_movementmm_BIN=Low
30014144,RUL_BIN=Critical,resistance_tonn_BIN=Low
30014144,RUL_BIN=Critical,steel_temperature_grab1Celsius_BIN=High
30014144,RUL_BIN=Critical,steel_weighttonn_BIN=High
30014144,RUL_BIN=Critical,swing_frequency_amount_minute_BIN=High
30014144,RUL_BIN=Critical,temperature_measurement1_Celsius_BIN=Low
30014144,RUL_BIN=Critical,temperature_measurement2_Celsius_BIN=Low
30014144,RUL_BIN=Critical,water_consumption_BIN=High
30014144,RUL_BIN=Critical,water_temperature_deltaCelsius_BIN=High
30014144,alloy_type=open,alloy_speed_meter_minute_BIN=Medium
30014144,alloy_type=open,crystallizer_movementmm_BIN=Low
30014144,alloy_type=open,resistance_tonn_BIN=Low
30014144,alloy_type=open,steel_temperature_grab1Celsius_BIN=High
30014144,alloy_type=open,steel_weighttonn_BIN=High
30014144,alloy_type=open,swing_frequency_amount_minute_BIN=High
30014144,alloy_type=open,temperature_measurement1_Celsius_BIN=Low
30014144,alloy_type=open,temperature_measurement2_Celsius_BIN=Low
30014144,alloy_type=open,water_consumption_BIN=High
30014144,alloy_type=open,water_temperature_deltaCelsius_BIN=High
30014144,num_crystallizer_BIN=Medium,alloy_speed_meter_minute_BIN=Medium
30014144,num_crystallizer_BIN=Medium,crystallizer_movementmm_BIN=Low
30014144,num_crystallizer_BIN=Medium,resistance_tonn_BIN=Low
30014144,num_crystallizer_BIN=Medium,steel_temperature_grab1Celsius_BIN=High
30014144,num_crystallizer_BIN=Medium,steel_weighttonn_BIN=High
30014144,num_crystallizer_BIN=Medium,swing_frequency_amount_minute_BIN=High
30014144,num_crystallizer_BIN=Medium,temperature_measurement1_Celsius_BIN=Low
30014144,num_crystallizer_BIN=Medium,temperature_measurement2_Celsius_BIN=Low
30014144,num_crystallizer_BIN=Medium,water_consumption_BIN=High
30014144,num_crystallizer_BIN=Medium,water_temperature_deltaCelsius_BIN=High
30014144,num_stream_BIN=Medium,alloy_speed_meter_minute_BIN=Medium
30014144,num_stream_BIN=Medium,crystallizer_movementmm_BIN=Low
30014144,num_stream_BIN=Medium,resistance_tonn_BIN=Low
30014144,num_stream_BIN=Medium,steel_temperature_grab1Celsius_BIN=High
30014144,num_stream_BIN=Medium,steel_weighttonn_BIN=High
30014144,num_stream_BIN=Medium,swing_frequency_amount_minute_BIN=High
30014144,num_stream_BIN=Medium,temperature_measurement1_Celsius_BIN=Low
30014144,num_stream_BIN=Medium,temperature_measurement2_Celsius_BIN=Low
30014144,num_stream_BIN=Medium,water_consumption_BIN=High
30014144,num_stream_BIN=Medium,water_temperature_deltaCelsius_BIN=High
30014144,steel_type=Arm500,alloy_speed_meter_minute_BIN=Medium
30014144,steel_type=Arm500,crystallizer_movementmm_BIN=Low
30014144,steel_type=Arm500,resistance_tonn_BIN=Low
30014144,steel_type=Arm500,steel_temperature_grab1Celsius_BIN=High
30014144,steel_type=Arm500,steel_weighttonn_BIN=High
30014144,steel_type=Arm500,swing_frequency_amount_minute_BIN=High
30014144,steel_type=Arm500,temperature_measurement1_Celsius_BIN=Low
30014144,steel_type=Arm500,temperature_measurement2_Celsius_BIN=Low
30014144,steel_type=Arm500,water_consumption_BIN=High
30014144,steel_type=Arm500,water_temperature_deltaCelsius_BIN=High
30014144,workpiece_slice_geometry=180x180,alloy_speed_meter_minute_BIN=Medium
30014144,workpiece_slice_geometry=180x180,crystallizer_movementmm_BIN=Low
30014144,workpiece_slice_geometry=180x180,resistance_tonn_BIN=Low
30014144,workpiece_slice_geometry=180x180,steel_temperature_grab1Celsius_BIN=High
30014144,workpiece_slice_geometry=180x180,steel_weighttonn_BIN=High
30014144,workpiece_slice_geometry=180x180,swing_frequency_amount_minute_BIN=High
30014144,workpiece_slice_geometry=180x180,temperature_measurement1_Celsius_BIN=Low
30014144,workpiece_slice_geometry=180x180,temperature_measurement2_Celsius_BIN=Low
30014144,workpiece_slice_geometry=180x180,water_consumption_BIN=High
30014144,workpiece_slice_geometry=180x180,water_temperature_deltaCelsius_BIN=High
30014183,RUL_BIN=Critical,alloy_speed_meter_minute_BIN=Medium
30014183,RUL_BIN=Critical,crystallizer_movementmm_BIN=Low
30014183,RUL_BIN=Critical,resistance_tonn_BIN=Low
30014183,RUL_BIN=Critical,steel_temperature_grab1Celsius_BIN=High
30014183,RUL_BIN=Critical,steel_weighttonn_BIN=High
30014183,RUL_BIN=Critical,swing_frequency_amount_minute_BIN=High
30014183,RUL_BIN=Critical,temperature_measurement1_Celsius_BIN=Low
30014183,RUL_BIN=Critical,temperature_measurement2_Celsius_BIN=Low
30014183,RUL_BIN=Critical,water_consumption_BIN=High
30014183,RUL_BIN=Critical,water_temperature_deltaCelsius_BIN=High
30014183,alloy_type=open,alloy_speed_meter_minute_BIN=Medium
30014183,alloy_type=open,crystallizer_movementmm_BIN=Low
30014183,alloy_type=open,resistance_tonn_BIN=Low
30014183,alloy_type=open,steel_temperature_grab1Celsius_BIN=High
30014183,alloy_type=open,steel_weighttonn_BIN=High
30014183,alloy_type=open,swing_frequency_amount_minute_BIN=High
30014183,alloy_type=open,temperature_measurement1_Celsius_BIN=Low
30014183,alloy_type=open,temperature_measurement2_Celsius_BIN=Low
30014183,alloy_type=open,water_consumption_BIN=High
30014183,alloy_type=open,water_temperature_deltaCelsius_BIN=High
30014183,num_crystallizer_BIN=High,alloy_speed_meter_minute_BIN=Medium
30014183,num_crystallizer_BIN=High,crystallizer_movementmm_BIN=Low
30014183,num_crystallizer_BIN=High,resistance_tonn_BIN=Low
30014183,num_crystallizer_BIN=High,steel_temperature_grab1Celsius_BIN=High
30014183,num_crystallizer_BIN=High,steel_weighttonn_BIN=High
30014183,num_crystallizer_BIN=High,swing_frequency_amount_minute_BIN=High
30014183,num_crystallizer_BIN=High,temperature_measurement1_Celsius_BIN=Low
30014183,num_crystallizer_BIN=High,temperature_measurement2_Celsius_BIN=Low
30014183,num_crystallizer_BIN=High,water_consumption_BIN=High
30014183,num_crystallizer_BIN=High,water_temperature_deltaCelsius_BIN=High
30014183,num_stream_BIN=Medium,alloy_speed_meter_minute_BIN=Medium
30014183,num_stream_BIN=Medium,crystallizer_movementmm_BIN=Low
30014183,num_stream_BIN=Medium,resistance_tonn_BIN=Low
30014183,num_stream_BIN=Medium,steel_temperature_grab1Celsius_BIN=High
30014183,num_stream_BIN=Medium,steel_weighttonn_BIN=High
30014183,num_stream_BIN=Medium,swing_frequency_amount_minute_BIN=High
30014183,num_stream_BIN=Medium,temperature_measurement1_Celsius_BIN=Low
30014183,num_stream_BIN=Medium,temperature_measurement2_Celsius_BIN=Low
30014183,num_stream_BIN=Medium,water_consumption_BIN=High
30014183,num_stream_BIN=Medium,water_temperature_deltaCelsius_BIN=High
30014183,steel_type=Arm500,alloy_speed_meter_minute_BIN=Medium
30014183,steel_type=Arm500,crystallizer_movementmm_BIN=Low
30014183,steel_type=Arm500,resistance_tonn_BIN=Low
30014183,steel_type=Arm500,steel_temperature_grab1Celsius_BIN=High
30014183,steel_type=Arm500,steel_weighttonn_BIN=High
30014183,steel_type=Arm500,swing_frequency_amount_minute_BIN=High
30014183,steel_type=Arm500,temperature_measurement1_Celsius_BIN=Low
30014183,steel_type=Arm500,temperature_measurement2_Celsius_BIN=Low
30014183,steel_type=Arm500,water_consumption_BIN=High
30014183,steel_type=Arm500,water_temperature_deltaCelsius_BIN=High
30014183,workpiece_slice_geometry=180x180,alloy_speed_meter_minute_BIN=Medium
30014183,workpiece_slice_geometry=180x180,crystallizer_movementmm_BIN=Low
30014183,workpiece_slice_geometry=180x180,resistance_tonn_BIN=Low
30014183,workpiece_slice_geometry=180x180,steel_temperature_grab1Celsius_BIN=High
30014183,workpiece_slice_geometry=180x180,steel_weighttonn_BIN=High
30014183,workpiece_slice_geometry=180x180,swing_frequency_amount_minute_BIN=High
30014183,workpiece_slice_geometry=180x180,temperature_measurement1_Celsius_BIN=Low
30014183,workpiece_slice_geometry=180x180,temperature_measurement2_Celsius_BIN=Low
30014183,workpiece_slice_geometry=180x180,water_consumption_BIN=High
30014183,workpiece_slice_geometry=180x180,water_temperature_deltaCelsius_BIN=High
30014184,RUL_BIN=Critical,alloy_speed_meter_minute_BIN=Medium
30014184,RUL_BIN=Critical,crystallizer_movementmm_BIN=Low
30014184,RUL_BIN=Critical,resistance_tonn_BIN=Low
30014184,RUL_BIN=Critical,steel_temperature_grab1Celsius_BIN=High
30014184,RUL_BIN=Critical,steel_weighttonn_BIN=High
30014184,RUL_BIN=Critical,swing_frequency_amount_minute_BIN=High
30014184,RUL_BIN=Critical,temperature_measurement1_Celsius_BIN=Low
30014184,RUL_BIN=Critical,temperature_measurement2_Celsius_BIN=Low
30014184,RUL_BIN=Critical,water_consumption_BIN=High
30014184,RUL_BIN=Critical,water_temperature_deltaCelsius_BIN=High
30014184,alloy_type=open,alloy_speed_meter_minute_BIN=Medium
30014184,alloy_type=open,crystallizer_movementmm_BIN=Low
30014184,alloy_type=open,resistance_tonn_BIN=Low
30014184,alloy_type=open,steel_temperature_grab1Celsius_BIN=High
30014184,alloy_type=open,steel_weighttonn_BIN=High
30014184,alloy_type=open,swing_frequency_amount_minute_BIN=High
30014184,alloy_type=open,temperature_measurement1_Celsius_BIN=Low
30014184,alloy_type=open,temperature_measurement2_Celsius_BIN=Low
30014184,alloy_type=open,water_consumption_BIN=High
30014184,alloy_type=open,water_temperature_deltaCelsius_BIN=High
30014184,num_crystallizer_BIN=High,alloy_speed_meter_minute_BIN=Medium
30014184,num_crystallizer_BIN=High,crystallizer_movementmm_BIN=Low
30014184,num_crystallizer_BIN=High,resistance_tonn_BIN=Low
30014184,num_crystallizer_BIN=High,steel_temperature_grab1Celsius_BIN=High
30014184,num_crystallizer_BIN=High,steel_weighttonn_BIN=High
30014184,num_crystallizer_BIN=High,swing_frequency_amount_minute_BIN=High
30014184,num_crystallizer_BIN=High,temperature_measurement1_Celsius_BIN=Low
30014184,num_crystallizer_BIN=High,temperature_measurement2_Celsius_BIN=Low
30014184,num_crystallizer_BIN=High,water_consumption_BIN=High
30014184,num_crystallizer_BIN=High,water_temperature_deltaCelsius_BIN=High
30014184,num_stream_BIN=Low,alloy_speed_meter_minute_BIN=Medium
30014184,num_stream_BIN=Low,crystallizer_movementmm_BIN=Low
30014184,num_stream_BIN=Low,resistance_tonn_BIN=Low
30014184,num_stream_BIN=Low,steel_temperature_grab1Celsius_BIN=High
30014184,num_stream_BIN=Low,steel_weighttonn_BIN=High
30014184,num_stream_BIN=Low,swing_frequency_amount_minute_BIN=High
30014184,num_stream_BIN=Low,temperature_measurement1_Celsius_BIN=Low
30014184,num_stream_BIN=Low,temperature_measurement2_Celsius_BIN=Low
30014184,num_stream_BIN=Low,water_consumption_BIN=High
30014184,num_stream_BIN=Low,water_temperature_deltaCelsius_BIN=High
30014184,steel_type=Arm500,alloy_speed_meter_minute_BIN=Medium
30014184,steel_type=Arm500,crystallizer_movementmm_BIN=Low
30014184,steel_type=Arm500,resistance_tonn_BIN=Low
30014184,steel_type=Arm500,steel_temperature_grab1Celsius_BIN=High
30014184,steel_type=Arm500,steel_weighttonn_BIN=High
30014184,steel_type=Arm500,swing_frequency_amount_minute_BIN=High
30014184,steel_type=Arm500,temperature_measurement1_Celsius_BIN=Low
30014184,steel_type=Arm500,temperature_measurement2_Celsius_BIN=Low
30014184,steel_type=Arm500,water_consumption_BIN=High
30014184,steel_type=Arm500,water_temperature_deltaCelsius_BIN=High
30014184,workpiece_slice_geometry=180x180,alloy_speed_meter_minute_BIN=Medium
30014184,workpiece_slice_geometry=180x180,crystallizer_movementmm_BIN=Low
30014184,workpiece_slice_geometry=180x180,resistance_tonn_BIN=Low
30014184,workpiece_slice_geometry=180x180,steel_temperature_grab1Celsius_BIN=High
30014184,workpiece_slice_geometry=180x180,steel_weighttonn_BIN=High
30014184,workpiece_slice_geometry=180x180,swing_frequency_amount_minute_BIN=High
30014184,workpiece_slice_geometry=180x180,temperature_measurement1_Celsius_BIN=Low
30014184,workpiece_slice_geometry=180x180,temperature_measurement2_Celsius_BIN=Low
30014184,workpiece_slice_geometry=180x180,water_consumption_BIN=High
30014184,workpiece_slice_geometry=180x180,water_temperature_deltaCelsius_BIN=High
30014185,RUL_BIN=Critical,alloy_speed_meter_minute_BIN=Medium
30014185,RUL_BIN=Critical,crystallizer_movementmm_BIN=Low
30014185,RUL_BIN=Critical,resistance_tonn_BIN=Low
30014185,RUL_BIN=Critical,steel_temperature_grab1Celsius_BIN=High
30014185,RUL_BIN=Critical,steel_weighttonn_BIN=High
30014185,RUL_BIN=Critical,swing_frequency_amount_minute_BIN=High
30014185,RUL_BIN=Critical,temperature_measurement1_Celsius_BIN=Low
30014185,RUL_BIN=Critical,temperature_measurement2_Celsius_BIN=Low
30014185,RUL_BIN=Critical,water_consumption_BIN=High
30014185,RUL_BIN=Critical,water_temperature_deltaCelsius_BIN=High
30014185,alloy_type=open,alloy_speed_meter_minute_BIN=Medium
30014185,alloy_type=open,crystallizer_movementmm_BIN=Low
30014185,alloy_type=open,resistance_tonn_BIN=Low
30014185,alloy_type=open,steel_temperature_grab1Celsius_BIN=High
30014185,alloy_type=open,steel_weighttonn_BIN=High
30014185,alloy_type=open,swing_frequency_amount_minute_BIN=High
30014185,alloy_type=open,temperature_measurement1_Celsius_BIN=Low
30014185,alloy_type=open,temperature_measurement2_Celsius_BIN=Low
30014185,alloy_type=open,water_consumption_BIN=High
30014185,alloy_type=open,water_temperature_deltaCelsius_BIN=High
30014185,num_crystallizer_BIN=Low,alloy_speed_meter_minute_BIN=Medium
30014185,num_crystallizer_BIN=Low,crystallizer_movementmm_BIN=Low
30014185,num_crystallizer_BIN=Low,resistance_tonn_BIN=Low
30014185,num_crystallizer_BIN=Low,steel_temperature_grab1Celsius_BIN=High
30014185,num_crystallizer_BIN=Low,steel_weighttonn_BIN=High
30014185,num_crystallizer_BIN=Low,swing_frequency_amount_minute_BIN=High
30014185,num_crystallizer_BIN=Low,temperature_measurement1_Celsius_BIN=Low
30014185,num_crystallizer_BIN=Low,temperature_measurement2_Celsius_BIN=Low
30014185,num_crystallizer_BIN=Low,water_consumption_BIN=High
30014185,num_crystallizer_BIN=Low,water_temperature_deltaCelsius_BIN=High
30014185,num_stream_BIN=High,alloy_speed_meter_minute_BIN=Medium
30014185,num_stream_BIN=High,crystallizer_movementmm_BIN=Low
30014185,num_stream_BIN=High,resistance_tonn_BIN=Low
30014185,num_stream_BIN=High,steel_temperature_grab1Celsius_BIN=High
30014185,num_stream_BIN=High,steel_weighttonn_BIN=High
30014185,num_stream_BIN=High,swing_frequency_amount_minute_BIN=High
30014185,num_stream_BIN=High,temperature_measurement1_Celsius_BIN=Low
30014185,num_stream_BIN=High,temperature_measurement2_Celsius_BIN=Low
30014185,num_stream_BIN=High,water_consumption_BIN=High
30014185,num_stream_BIN=High,water_temperature_deltaCelsius_BIN=High
30014185,steel_type=Arm500,alloy_speed_meter_minute_BIN=Medium
30014185,steel_type=Arm500,crystallizer_movementmm_BIN=Low
30014185,steel_type=Arm500,resistance_tonn_BIN=Low
30014185,steel_type=Arm500,steel_temperature_grab1Celsius_BIN=High
30014185,steel_type=Arm500,steel_weighttonn_BIN=High
30014185,steel_type=Arm500,swing_frequency_amount_minute_BIN=High
30014185,steel_type=Arm500,temperature_measurement1_Celsius_BIN=Low
30014185,steel_type=Arm500,temperature_measurement2_Celsius_BIN=Low
30014185,steel_type=Arm500,water_consumption_BIN=High
30014185,steel_type=Arm500,water_temperature_deltaCelsius_BIN=High
30014185,workpiece_slice_geometry=180x180,alloy_speed_meter_minute_BIN=Medium
30014185,workpiece_slice_geometry=180x180,crystallizer_movementmm_BIN=Low
30014185,workpiece_slice_geometry=180x180,resistance_tonn_BIN=Low
30014185,workpiece_slice_geometry=180x180,steel_temperature_grab1Celsius_BIN=High
30014185,workpiece_slice_geometry=180x180,steel_weighttonn_BIN=High
30014185,workpiece_slice_geometry=180x180,swing_frequency_amount_minute_BIN=High
30014185,workpiece_slice_geometry=180x180,temperature_measurement1_Celsius_BIN=Low
30014185,workpiece_slice_geometry=180x180,temperature_measurement2_Celsius_BIN=Low
30014185,workpiece_slice_geometry=180x180,water_consumption_BIN=High
30014185,workpiece_slice_geometry=180x180,water_temperature_deltaCelsius_BIN=High
30014186,RUL_BIN=Critical,alloy_speed_meter_minute_BIN=Medium
30014186,RUL_BIN=Critical,crystallizer_movementmm_BIN=Low
30014186,RUL_BIN=Critical,resistance_tonn_BIN=Low
30014186,RUL_BIN=Critical,steel_temperature_grab1Celsius_BIN=High
30014186,RUL_BIN=Critical,steel_weighttonn_BIN=High
30014186,RUL_BIN=Critical,swing_frequency_amount_minute_BIN=High
30014186,RUL_BIN=Critical,temperature_measurement1_Celsius_BIN=Low
30014186,RUL_BIN=Critical,temperature_measurement2_Celsius_BIN=Low
30014186,RUL_BIN=Critical,water_consumption_BIN=High
30014186,RUL_BIN=Critical,water_temperature_deltaCelsius_BIN=High
30014186,alloy_type=open,alloy_speed_meter_minute_BIN=Medium
30014186,alloy_type=open,crystallizer_movementmm_BIN=Low
30014186,alloy_type=open,resistance_tonn_BIN=Low
30014186,alloy_type=open,steel_temperature_grab1Celsius_BIN=High
30014186,alloy_type=open,steel_weighttonn_BIN=High
30014186,alloy_type=open,swing_frequency_amount_minute_BIN=High
30014186,alloy_type=open,temperature_measurement1_Celsius_BIN=Low
30014186,alloy_type=open,temperature_measurement2_Celsius_BIN=Low
30014186,alloy_type=open,water_consumption_BIN=High
30014186,alloy_type=open,water_temperature_deltaCelsius_BIN=High
30014186,num_crystallizer_BIN=Low,alloy_speed_meter_minute_BIN=Medium
30014186,num_crystallizer_BIN=Low,crystallizer_movementmm_BIN=Low
30014186,num_crystallizer_BIN=Low,resistance_tonn_BIN=Low
30014186,num_crystallizer_BIN=Low,steel_temperature_grab1Celsius_BIN=High
30014186,num_crystallizer_BIN=Low,steel_weighttonn_BIN=High
30014186,num_crystallizer_BIN=Low,swing_frequency_amount_minute_BIN=High
30014186,num_crystallizer_BIN=Low,temperature_measurement1_Celsius_BIN=Low
30014186,num_crystallizer_BIN=Low,temperature_measurement2_Celsius_BIN=Low
30014186,num_crystallizer_BIN=Low,water_consumption_BIN=High
30014186,num_crystallizer_BIN=Low,water_temperature_deltaCelsius_BIN=High
30014186,num_stream_BIN=Low,alloy_speed_meter_minute_BIN=Medium
30014186,num_stream_BIN=Low,crystallizer_movementmm_BIN=Low
30014186,num_stream_BIN=Low,resistance_tonn_BIN=Low
30014186,num_stream_BIN=Low,steel_temperature_grab1Celsius_BIN=High
30014186,num_stream_BIN=Low,steel_weighttonn_BIN=High
30014186,num_stream_BIN=Low,swing_frequency_amount_minute_BIN=High
30014186,num_stream_BIN=Low,temperature_measurement1_Celsius_BIN=Low
30014186,num_stream_BIN=Low,temperature_measurement2_Celsius_BIN=Low
30014186,num_stream_BIN=Low,water_consumption_BIN=High
30014186,num_stream_BIN=Low,water_temperature_deltaCelsius_BIN=High
30014186,steel_type=Arm500,alloy_speed_meter_minute_BIN=Medium
30014186,steel_type=Arm500,crystallizer_movementmm_BIN=Low
30014186,steel_type=Arm500,resistance_tonn_BIN=Low
30014186,steel_type=Arm500,steel_temperature_grab1Celsius_BIN=High
30014186,steel_type=Arm500,steel_weighttonn_BIN=High
30014186,steel_type=Arm500,swing_frequency_amount_minute_BIN=High
30014186,steel_type=Arm500,temperature_measurement1_Celsius_BIN=Low
30014186,steel_type=Arm500,temperature_measurement2_Celsius_BIN=Low
30014186,steel_type=Arm500,water_consumption_BIN=High
30014186,steel_type=Arm500,water_temperature_deltaCelsius_BIN=High
30014186,workpiece_slice_geometry=180x180,alloy_speed_meter_minute_BIN=Medium
30014186,workpiece_slice_geometry=180x180,crystallizer_movementmm_BIN=Low
30014186,workpiece_slice_geometry=180x180,resistance_tonn_BIN=Low
30014186,workpiece_slice_geometry=180x180,steel_temperature_grab1Celsius_BIN=High
30014186,workpiece_slice_geometry=180x180,steel_weighttonn_BIN=High
30014186,workpiece_slice_geometry=180x180,swing_frequency_amount_minute_BIN=High
30014186,workpiece_slice_geometry=180x180,temperature_measurement1_Celsius_BIN=Low
30014186,workpiece_slice_geometry=180x180,temperature_measurement2_Celsius_BIN=Low
30014186,workpiece_slice_geometry=180x180,water_consumption_BIN=High
30014186,workpiece_slice_geometry=180x180,water_temperature_deltaCelsius_BIN=High
30014187,RUL_BIN=Critical,alloy_speed_meter_minute_BIN=High
30014187,RUL_BIN=Critical,crystallizer_movementmm_BIN=High
30014187,RUL_BIN=Critical,resistance_tonn_BIN=Low
30014187,RUL_BIN=Critical,steel_temperature_grab1Celsius_BIN=High
30014187,RUL_BIN=Critical,steel_weighttonn_BIN=High
30014187,RUL_BIN=Critical,swing_frequency_amount_minute_BIN=High
30014187,RUL_BIN=Critical,temperature_measurement1_Celsius_BIN=Low
30014187,RUL_BIN=Critical,temperature_measurement2_Celsius_BIN=Low
30014187,RUL_BIN=Critical,water_consumption_BIN=High
30014187,RUL_BIN=Critical,water_temperature_deltaCelsius_BIN=High
30014187,alloy_type=open,alloy_speed_meter_minute_BIN=High
30014187,alloy_type=open,crystallizer_movementmm_BIN=High
30014187,alloy_type=open,resistance_tonn_BIN=Low
30014187,alloy_type=open,steel_temperature_grab1Celsius_BIN=High
30014187,alloy_type=open,steel_weighttonn_BIN=High
30014187,alloy_type=open,swing_frequency_amount_minute_BIN=High
30014187,alloy_type=open,temperature_measurement1_Celsius_BIN=Low
30014187,alloy_type=open,temperature_measurement2_Celsius_BIN=Low
30014187,alloy_type=open,water_consumption_BIN=High
30014187,alloy_type=open,water_temperature_deltaCelsius_BIN=High
30014187,num_crystallizer_BIN=High,alloy_speed_meter_minute_BIN=High
30014187,num_crystallizer_BIN=High,crystallizer_movementmm_BIN=High
30014187,num_crystallizer_BIN=High,resistance_tonn_BIN=Low
30014187,num_crystallizer_BIN=High,steel_temperature_grab1Celsius_BIN=High
30014187,num_crystallizer_BIN=High,steel_weighttonn_BIN=High
30014187,num_crystallizer_BIN=High,swing_frequency_amount_minute_BIN=High
30014187,num_crystallizer_BIN=High,temperature_measurement1_Celsius_BIN=Low
30014187,num_crystallizer_BIN=High,temperature_measurement2_Celsius_BIN=Low
30014187,num_crystallizer_BIN=High,water_consumption_BIN=High
30014187,num_crystallizer_BIN=High,water_temperature_deltaCelsius_BIN=High
30014187,num_stream_BIN=Medium,alloy_speed_meter_minute_BIN=High
30014187,num_stream_BIN=Medium,crystallizer_movementmm_BIN=High
30014187,num_stream_BIN=Medium,resistance_tonn_BIN=Low
30014187,num_stream_BIN=Medium,steel_temperature_grab1Celsius_BIN=High
30014187,num_stream_BIN=Medium,steel_weighttonn_BIN=High
30014187,num_stream_BIN=Medium,swing_frequency_amount_minute_BIN=High
30014187,num_stream_BIN=Medium,temperature_measurement1_Celsius_BIN=Low
30014187,num_stream_BIN=Medium,temperature_measurement2_Celsius_BIN=Low
30014187,num_stream_BIN=Medium,water_consumption_BIN=High
30014187,num_stream_BIN=Medium,water_temperature_deltaCelsius_BIN=High
30014187,steel_type=Arm500,alloy_speed_meter_minute_BIN=High
30014187,steel_type=Arm500,crystallizer_movementmm_BIN=High
30014187,steel_type=Arm500,resistance_tonn_BIN=Low
30014187,steel_type=Arm500,steel_temperature_grab1Celsius_BIN=High
30014187,steel_type=Arm500,steel_weighttonn_BIN=High
30014187,steel_type=Arm500,swing_frequency_amount_minute_BIN=High
30014187,steel_type=Arm500,temperature_measurement1_Celsius_BIN=Low
30014187,steel_type=Arm500,temperature_measurement2_Celsius_BIN=Low
30014187,steel_type=Arm500,water_consumption_BIN=High
30014187,steel_type=Arm500,water_temperature_deltaCelsius_BIN=High
30014187,workpiece_slice_geometry=150x150,alloy_speed_meter_minute_BIN=High
30014187,workpiece_slice_geometry=150x150,crystallizer_movementmm_BIN=High
30014187,workpiece_slice_geometry=150x150,resistance_tonn_BIN=Low
30014187,workpiece_slice_geometry=150x150,steel_temperature_grab1Celsius_BIN=High
30014187,workpiece_slice_geometry=150x150,steel_weighttonn_BIN=High
30014187,workpiece_slice_geometry=150x150,swing_frequency_amount_minute_BIN=High
30014187,workpiece_slice_geometry=150x150,temperature_measurement1_Celsius_BIN=Low
30014187,workpiece_slice_geometry=150x150,temperature_measurement2_Celsius_BIN=Low
30014187,workpiece_slice_geometry=150x150,water_consumption_BIN=High
30014187,workpiece_slice_geometry=150x150,water_temperature_deltaCelsius_BIN=High
30014188,RUL_BIN=Critical,alloy_speed_meter_minute_BIN=High
30014188,RUL_BIN=Critical,crystallizer_movementmm_BIN=High
30014188,RUL_BIN=Critical,resistance_tonn_BIN=Low
30014188,RUL_BIN=Critical,steel_temperature_grab1Celsius_BIN=High
30014188,RUL_BIN=Critical,steel_weighttonn_BIN=High
30014188,RUL_BIN=Critical,swing_frequency_amount_minute_BIN=Low
30014188,RUL_BIN=Critical,temperature_measurement1_Celsius_BIN=Low
30014188,RUL_BIN=Critical,temperature_measurement2_Celsius_BIN=Low
30014188,RUL_BIN=Critical,water_consumption_BIN=High
30014188,RUL_BIN=Critical,water_temperature_deltaCelsius_BIN=High
30014188,alloy_type=open,alloy_speed_meter_minute_BIN=High
30014188,alloy_type=open,crystallizer_movementmm_BIN=High
30014188,alloy_type=open,resistance_tonn_BIN=Low
30014188,alloy_type=open,steel_temperature_grab1Celsius_BIN=High
30014188,alloy_type=open,steel_weighttonn_BIN=High
30014188,alloy_type=open,swing_frequency_amount_minute_BIN=Low
30014188,alloy_type=open,temperature_measurement1_Celsius_BIN=Low
30014188,alloy_type=open,temperature_measurement2_Celsius_BIN=Low
30014188,alloy_type=open,water_consumption_BIN=High
30014188,alloy_type=open,water_temperature_deltaCelsius_BIN=High
30014188,num_crystallizer_BIN=Low,alloy_speed_meter_minute_BIN=High
30014188,num_crystallizer_BIN=Low,crystallizer_movementmm_BIN=High
30014188,num_crystallizer_BIN=Low,resistance_tonn_BIN=Low
30014188,num_crystallizer_BIN=Low,steel_temperature_grab1Celsius_BIN=High
30014188,num_crystallizer_BIN=Low,steel_weighttonn_BIN=High
30014188,num_crystallizer_BIN=Low,swing_frequency_amount_minute_BIN=Low
30014188,num_crystallizer_BIN=Low,temperature_measurement1_Celsius_BIN=Low
30014188,num_crystallizer_BIN=Low,temperature_measurement2_Celsius_BIN=Low
30014188,num_crystallizer_BIN=Low,water_consumption_BIN=High
30014188,num_crystallizer_BIN=Low,water_temperature_deltaCelsius_BIN=High
30014188,num_stream_BIN=High,alloy_speed_meter_minute_BIN=High
30014188,num_stream_BIN=High,crystallizer_movementmm_BIN=High
30014188,num_stream_BIN=High,resistance_tonn_BIN=Low
30014188,num_stream_BIN=High,steel_temperature_grab1Celsius_BIN=High
30014188,num_stream_BIN=High,steel_weighttonn_BIN=High
30014188,num_stream_BIN=High,swing_frequency_amount_minute_BIN=Low
30014188,num_stream_BIN=High,temperature_measurement1_Celsius_BIN=Low
30014188,num_stream_BIN=High,temperature_measurement2_Celsius_BIN=Low
30014188,num_stream_BIN=High,water_consumption_BIN=High
30014188,num_stream_BIN=High,water_temperature_deltaCelsius_BIN=High
30014188,steel_type=St4sp,alloy_speed_meter_minute_BIN=High
30014188,steel_type=St4sp,crystallizer_movementmm_BIN=High
30014188,steel_type=St4sp,resistance_tonn_BIN=Low
30014188,steel_type=St4sp,steel_temperature_grab1Celsius_BIN=High
30014188,steel_type=St4sp,steel_weighttonn_BIN=High
30014188,steel_type=St4sp,swing_frequency_amount_minute_BIN=Low
30014188,steel_type=St4sp,temperature_measurement1_Celsius_BIN=Low
30014188,steel_type=St4sp,temperature_measurement2_Celsius_BIN=Low
30014188,steel_type=St4sp,water_consumption_BIN=High
30014188,steel_type=St4sp,water_temperature_deltaCelsius_BIN=High
30014188,workpiece_slice_geometry=150x150,alloy_speed_meter_minute_BIN=High
30014188,workpiece_slice_geometry=150x150,crystallizer_movementmm_BIN=High
30014188,workpiece_slice_geometry=150x150,resistance_tonn_BIN=Low
30014188,workpiece_slice_geometry=150x150,steel_temperature_grab1Celsius_BIN=High
30014188,workpiece_slice_geometry=150x150,steel_weighttonn_BIN=High
30014188,workpiece_slice_geometry=150x150,swing_frequency_amount_minute_BIN=Low
30014188,workpiece_slice_geometry=150x150,temperature_measurement1_Celsius_BIN=Low
30014188,workpiece_slice_geometry=150x150,temperature_measurement2_Celsius_BIN=Low
30014188,workpiece_slice_geometry=150x150,water_consumption_BIN=High
30014188,workpiece_slice_geometry=150x150,water_temperature_deltaCelsius_BIN=High
30014189,RUL_BIN=Critical,alloy_speed_meter_minute_BIN=Medium
30014189,RUL_BIN=Critical,crystallizer_movementmm_BIN=High
30014189,RUL_BIN=Critical,resistance_tonn_BIN=Low
30014189,RUL_BIN=Critical,steel_temperature_grab1Celsius_BIN=High
30014189,RUL_BIN=Critical,steel_weighttonn_BIN=Medium
30014189,RUL_BIN=Critical,swing_frequency_amount_minute_BIN=High
30014189,RUL_BIN=Critical,temperature_measurement1_Celsius_BIN=Low
30014189,RUL_BIN=Critical,temperature_measurement2_Celsius_BIN=Low
30014189,RUL_BIN=Critical,water_consumption_BIN=High
30014189,RUL_BIN=Critical,water_temperature_deltaCelsius_BIN=High
30014189,alloy_type=open,alloy_speed_meter_minute_BIN=Medium
30014189,alloy_type=open,crystallizer_movementmm_BIN=High
30014189,alloy_type=open,resistance_tonn_BIN=Low
30014189,alloy_type=open,steel_temperature_grab1Celsius_BIN=High
30014189,alloy_type=open,steel_weighttonn_BIN=Medium
30014189,alloy_type=open,swing_frequency_amount_minute_BIN=High
30014189,alloy_type=open,temperature_measurement1_Celsius_BIN=Low
30014189,alloy_type=open,temperature_measurement2_Celsius_BIN=Low
30014189,alloy_type=open,water_consumption_BIN=High
30014189,alloy_type=open,water_temperature_deltaCelsius_BIN=High
30014189,num_crystallizer_BIN=High,alloy_speed_meter_minute_BIN=Medium
30014189,num_crystallizer_BIN=High,crystallizer_movementmm_BIN=High
30014189,num_crystallizer_BIN=High,resistance_tonn_BIN=Low
30014189,num_crystallizer_BIN=High,steel_temperature_grab1Celsius_BIN=High
30014189,num_crystallizer_BIN=High,steel_weighttonn_BIN=Medium
30014189,num_crystallizer_BIN=High,swing_frequency_amount_minute_BIN=High
30014189,num_crystallizer_BIN=High,temperature_measurement1_Celsius_BIN=Low
30014189,num_crystallizer_BIN=High,temperature_measurement2_Celsius_BIN=Low
30014189,num_crystallizer_BIN=High,water_consumption_BIN=High
30014189,num_crystallizer_BIN=High,water_temperature_deltaCelsius_BIN=High
30014189,num_stream_BIN=High,alloy_speed_meter_minute_BIN=Medium
30014189,num_stream_BIN=High,crystallizer_movementmm_BIN=High
30014189,num_stream_BIN=High,resistance_tonn_BIN=Low
30014189,num_stream_BIN=High,steel_temperature_grab1Celsius_BIN=High
30014189,num_stream_BIN=High,steel_weighttonn_BIN=Medium
30014189,num_stream_BIN=High,swing_frequency_amount_minute_BIN=High
30014189,num_stream_BIN=High,temperature_measurement1_Celsius_BIN=Low
30014189,num_stream_BIN=High,temperature_measurement2_Celsius_BIN=Low
30014189,num_stream_BIN=High,water_consumption_BIN=High
30014189,num_stream_BIN=High,water_temperature_deltaCelsius_BIN=High
30014189,steel_type=Arm500,alloy_speed_meter_minute_BIN=Medium
30014189,steel_type=Arm500,crystallizer_movementmm_BIN=High
30014189,steel_type=Arm500,resistance_tonn_BIN=Low
30014189,steel_type=Arm500,steel_temperature_grab1Celsius_BIN=High
30014189,steel_type=Arm500,steel_weighttonn_BIN=Medium
30014189,steel_type=Arm500,swing_frequency_amount_minute_BIN=High
30014189,steel_type=Arm500,temperature_measurement1_Celsius_BIN=Low
30014189,steel_type=Arm500,temperature_measurement2_Celsius_BIN=Low
30014189,steel_type=Arm500,water_consumption_BIN=High
30014189,steel_type=Arm500,water_temperature_deltaCelsius_BIN=High
30014189,workpiece_slice_geometry=180x180,alloy_speed_meter_minute_BIN=Medium
30014189,workpiece_slice_geometry=180x180,crystallizer_movementmm_BIN=High
30014189,workpiece_slice_geometry=180x180,resistance_tonn_BIN=Low
30014189,workpiece_slice_geometry=180x180,steel_temperature_grab1Celsius_BIN=High
30014189,workpiece_slice_geometry=180x180,steel_weighttonn_BIN=Medium
30014189,workpiece_slice_geometry=180x180,swing_frequency_amount_minute_BIN=High
30014189,workpiece_slice_geometry=180x180,temperature_measurement1_Celsius_BIN=Low
30014189,workpiece_slice_geometry=180x180,temperature_measurement2_Celsius_BIN=Low
30014189,workpiece_slice_geometry=180x180,water_consumption_BIN=High
30014189,workpiece_slice_geometry=180x180,water_temperature_deltaCelsius_BIN=High
30014190,RUL_BIN=Critical,alloy_speed_meter_minute_BIN=High
30014190,RUL_BIN=Critical,crystallizer_movementmm_BIN=High
30014190,RUL_BIN=Critical,resistance_tonn_BIN=Low
30014190,RUL_BIN=Critical,steel_temperature_grab1Celsius_BIN=High
30014190,RUL_BIN=Critical,steel_weighttonn_BIN=High
30014190,RUL_BIN=Critical,swing_frequency_amount_minute_BIN=Low
30014190,RUL_BIN=Critical,temperature_measurement1_Celsius_BIN=Low
30014190,RUL_BIN=Critical,temperature_measurement2_Celsius_BIN=Low
30014190,RUL_BIN=Critical,water_consumption_BIN=High
30014190,RUL_BIN=Critical,water_temperature_deltaCelsius_BIN=High
30014190,alloy_type=open,alloy_speed_meter_minute_BIN=High
30014190,alloy_type=open,crystallizer_movementmm_BIN=High
30014190,alloy_type=open,resistance_tonn_BIN=Low
30014190,alloy_type=open,steel_temperature_grab1Celsius_BIN=High
30014190,alloy_type=open,steel_weighttonn_BIN=High
30014190,alloy_type=open,swing_frequency_amount_minute_BIN=Low
30014190,alloy_type=open,temperature_measurement1_Celsius_BIN=Low
30014190,alloy_type=open,temperature_measurement2_Celsius_BIN=Low
30014190,alloy_type=open,water_consumption_BIN=High
30014190,alloy_type=open,water_temperature_deltaCelsius_BIN=High
30014190,num_crystallizer_BIN=High,alloy_speed_meter_minute_BIN=High
30014190,num_crystallizer_BIN=High,crystallizer_movementmm_BIN=High
30014190,num_crystallizer_BIN=High,resistance_tonn_BIN=Low
30014190,num_crystallizer_BIN=High,steel_temperature_grab1Celsius_BIN=High
30014190,num_crystallizer_BIN=High,steel_weighttonn_BIN=High
30014190,num_crystallizer_BIN=High,swing_frequency_amount_minute_BIN=Low
30014190,num_crystallizer_BIN=High,temperature_measurement1_Celsius_BIN=Low
30014190,num_crystallizer_BIN=High,temperature_measurement2_Celsius_BIN=Low
30014190,num_crystallizer_BIN=High,water_consumption_BIN=High
30014190,num_crystallizer_BIN=High,water_temperature_deltaCelsius_BIN=High
30014190,num_stream_BIN=Low,alloy_speed_meter_minute_BIN=High
30014190,num_stream_BIN=Low,crystallizer_movementmm_BIN=High
30014190,num_stream_BIN=Low,resistance_tonn_BIN=Low
30014190,num_stream_BIN=Low,steel_temperature_grab1Celsius_BIN=High
30014190,num_stream_BIN=Low,steel_weighttonn_BIN=High
30014190,num_stream_BIN=Low,swing_frequency_amount_minute_BIN=Low
30014190,num_stream_BIN=Low,temperature_measurement1_Celsius_BIN=Low
30014190,num_stream_BIN=Low,temperature_measurement2_Celsius_BIN=Low
30014190,num_stream_BIN=Low,water_consumption_BIN=High
30014190,num_stream_BIN=Low,water_temperature_deltaCelsius_BIN=High
30014190,steel_type=St4sp,alloy_speed_meter_minute_BIN=High
30014190,steel_type=St4sp,crystallizer_movementmm_BIN=High
30014190,steel_type=St4sp,resistance_tonn_BIN=Low
30014190,steel_type=St4sp,steel_temperature_grab1Celsius_BIN=High
30014190,steel_type=St4sp,steel_weighttonn_BIN=High
30014190,steel_type=St4sp,swing_frequency_amount_minute_BIN=Low
30014190,steel_type=St4sp,temperature_measurement1_Celsius_BIN=Low
30014190,steel_type=St4sp,temperature_measurement2_Celsius_BIN=Low
30014190,steel_type=St4sp,water_consumption_BIN=High
30014190,steel_type=St4sp,water_temperature_deltaCelsius_BIN=High
30014190,workpiece_slice_geometry=150x150,alloy_speed_meter_minute_BIN=High
30014190,workpiece_slice_geometry=150x150,crystallizer_movementmm_BIN=High
30014190,workpiece_slice_geometry=150x150,resistance_tonn_BIN=Low
30014190,workpiece_slice_geometry=150x150,steel_temperature_grab1Celsius_BIN=High
30014190,workpiece_slice_geometry=150x150,steel_weighttonn_BIN=High
30014190,workpiece_slice_geometry=150x150,swing_frequency_amount_minute_BIN=Low
30014190,workpiece_slice_geometry=150x150,temperature_measurement1_Celsius_BIN=Low
30014190,workpiece_slice_geometry=150x150,temperature_measurement2_Celsius_BIN=Low
30014190,workpiece_slice_geometry=150x150,water_consumption_BIN=High
30014190,workpiece_slice_geometry=150x150,water_temperature_deltaCelsius_BIN=High
30014191,RUL_BIN=Critical,alloy_speed_meter_minute_BIN=High
30014191,RUL_BIN=Critical,crystallizer_movementmm_BIN=High
30014191,RUL_BIN=Critical,resistance_tonn_BIN=Low
30014191,RUL_BIN=Critical,steel_temperature_grab1Celsius_BIN=High
30014191,RUL_BIN=Critical,steel_weighttonn_BIN=High
30014191,RUL_BIN=Critical,swing_frequency_amount_minute_BIN=Low
30014191,RUL_BIN=Critical,temperature_measurement1_Celsius_BIN=Low
30014191,RUL_BIN=Critical,temperature_measurement2_Celsius_BIN=Low
30014191,RUL_BIN=Critical,water_consumption_BIN=High
30014191,RUL_BIN=Critical,water_temperature_deltaCelsius_BIN=High
30014191,alloy_type=open,alloy_speed_meter_minute_BIN=High
30014191,alloy_type=open,crystallizer_movementmm_BIN=High
30014191,alloy_type=open,resistance_tonn_BIN=Low
30014191,alloy_type=open,steel_temperature_grab1Celsius_BIN=High
30014191,alloy_type=open,steel_weighttonn_BIN=High
30014191,alloy_type=open,swing_frequency_amount_minute_BIN=Low
30014191,alloy_type=open,temperature_measurement1_Celsius_BIN=Low
30014191,alloy_type=open,temperature_measurement2_Celsius_BIN=Low
30014191,alloy_type=open,water_consumption_BIN=High
30014191,alloy_type=open,water_temperature_deltaCelsius_BIN=High
30014191,num_crystallizer_BIN=Low,alloy_speed_meter_minute_BIN=High
30014191,num_crystallizer_BIN=Low,crystallizer_movementmm_BIN=High
30014191,num_crystallizer_BIN=Low,resistance_tonn_BIN=Low
30014191,num_crystallizer_BIN=Low,steel_temperature_grab1Celsius_BIN=High
30014191,num_crystallizer_BIN=Low,steel_weighttonn_BIN=High
30014191,num_crystallizer_BIN=Low,swing_frequency_amount_minute_BIN=Low
30014191,num_crystallizer_BIN=Low,temperature_measurement1_Celsius_BIN=Low
30014191,num_crystallizer_BIN=Low,temperature_measurement2_Celsius_BIN=Low
30014191,num_crystallizer_BIN=Low,water_consumption_BIN=High
30014191,num_crystallizer_BIN=Low,water_temperature_deltaCelsius_BIN=High
30014191,num_stream_BIN=High,alloy_speed_meter_minute_BIN=High
30014191,num_stream_BIN=High,crystallizer_movementmm_BIN=High
30014191,num_stream_BIN=High,resistance_tonn_BIN=Low
30014191,num_stream_BIN=High,steel_temperature_grab1Celsius_BIN=High
30014191,num_stream_BIN=High,steel_weighttonn_BIN=High
30014191,num_stream_BIN=High,swing_frequency_amount_minute_BIN=Low
30014191,num_stream_BIN=High,temperature_measurement1_Celsius_BIN=Low
30014191,num_stream_BIN=High,temperature_measurement2_Celsius_BIN=Low
30014191,num_stream_BIN=High,water_consumption_BIN=High
30014191,num_stream_BIN=High,water_temperature_deltaCelsius_BIN=High
30014191,steel_type=St4sp,alloy_speed_meter_minute_BIN=High
30014191,steel_type=St4sp,crystallizer_movementmm_BIN=High
30014191,steel_type=St4sp,resistance_tonn_BIN=Low
30014191,steel_type=St4sp,steel_temperature_grab1Celsius_BIN=High
30014191,steel_type=St4sp,steel_weighttonn_BIN=High
30014191,steel_type=St4sp,swing_frequency_amount_minute_BIN=Low
30014191,steel_type=St4sp,temperature_measurement1_Celsius_BIN=Low
30014191,steel_type=St4sp,temperature_measurement2_Celsius_BIN=Low
30014191,steel_type=St4sp,water_consumption_BIN=High
30014191,steel_type=St4sp,water_temperature_deltaCelsius_BIN=High
30014191,workpiece_slice_geometry=150x150,alloy_speed_meter_minute_BIN=High
30014191,workpiece_slice_geometry=150x150,crystallizer_movementmm_BIN=High
30014191,workpiece_slice_geometry=150x150,resistance_tonn_BIN=Low
30014191,workpiece_slice_geometry=150x150,steel_temperature_grab1Celsius_BIN=High
30014191,workpiece_slice_geometry=150x150,steel_weighttonn_BIN=High
30014191,workpiece_slice_geometry=150x150,swing_frequency_amount_minute_BIN=Low
30014191,workpiece_slice_geometry=150x150,temperature_measurement1_Celsius_BIN=Low
30014191,workpiece_slice_geometry=150x150,temperature_measurement2_Celsius_BIN=Low
30014191,workpiece_slice_geometry=150x150,water_consumption_BIN=High
30014191,workpiece_slice_geometry=150x150,water_temperature_deltaCelsius_BIN=High
30014192,RUL_BIN=Critical,alloy_speed_meter_minute_BIN=High
30014192,RUL_BIN=Critical,crystallizer_movementmm_BIN=High
30014192,RUL_BIN=Critical,resistance_tonn_BIN=Low
30014192,RUL_BIN=Critical,steel_temperature_grab1Celsius_BIN=High
30014192,RUL_BIN=Critical,steel_weighttonn_BIN=High
30014192,RUL_BIN=Critical,swing_frequency_amount_minute_BIN=Low
30014192,RUL_BIN=Critical,temperature_measurement1_Celsius_BIN=Low
30014192,RUL_BIN=Critical,temperature_measurement2_Celsius_BIN=Low
30014192,RUL_BIN=Critical,water_consumption_BIN=High
30014192,RUL_BIN=Critical,water_temperature_deltaCelsius_BIN=High
30014192,alloy_type=open,alloy_speed_meter_minute_BIN=High
30014192,alloy_type=open,crystallizer_movementmm_BIN=High
30014192,alloy_type=open,resistance_tonn_BIN=Low
30014192,alloy_type=open,steel_temperature_grab1Celsius_BIN=High
30014192,alloy_type=open,steel_weighttonn_BIN=High
30014192,alloy_type=open,swing_frequency_amount_minute_BIN=Low
30014192,alloy_type=open,temperature_measurement1_Celsius_BIN=Low
30014192,alloy_type=open,temperature_measurement2_Celsius_BIN=Low
30014192,alloy_type=open,water_consumption_BIN=High
30014192,alloy_type=open,water_temperature_deltaCelsius_BIN=High
30014192,num_crystallizer_BIN=High,alloy_speed_meter_minute_BIN=High
30014192,num_crystallizer_BIN=High,crystallizer_movementmm_BIN=High
30014192,num_crystallizer_BIN=High,resistance_tonn_BIN=Low
30014192,num_crystallizer_BIN=High,steel_temperature_grab1Celsius_BIN=High
30014192,num_crystallizer_BIN=High,steel_weighttonn_BIN=High
30014192,num_crystallizer_BIN=High,swing_frequency_amount_minute_BIN=Low
30014192,num_crystallizer_BIN=High,temperature_measurement1_Celsius_BIN=Low
30014192,num_crystallizer_BIN=High,temperature_measurement2_Celsius_BIN=Low
30014192,num_crystallizer_BIN=High,water_consumption_BIN=High
30014192,num_crystallizer_BIN=High,water_temperature_deltaCelsius_BIN=High
30014192,num_stream_BIN=Medium,alloy_speed_meter_minute_BIN=High
30014192,num_stream_BIN=Medium,crystallizer_movementmm_BIN=High
30014192,num_stream_BIN=Medium,resistance_tonn_BIN=Low
30014192,num_stream_BIN=Medium,steel_temperature_grab1Celsius_BIN=High
30014192,num_stream_BIN=Medium,steel_weighttonn_BIN=High
30014192,num_stream_BIN=Medium,swing_frequency_amount_minute_BIN=Low
30014192,num_stream_BIN=Medium,temperature_measurement1_Celsius_BIN=Low
30014192,num_stream_BIN=Medium,temperature_measurement2_Celsius_BIN=Low
30014192,num_stream_BIN=Medium,water_consumption_BIN=High
30014192,num_stream_BIN=Medium,water_temperature_deltaCelsius_BIN=High
30014192,steel_type=St4sp,alloy_speed_meter_minute_BIN=High
30014192,steel_type=St4sp,crystallizer_movementmm_BIN=High
30014192,steel_type=St4sp,resistance_tonn_BIN=Low
30014192,steel_type=St4sp,steel_temperature_grab1Celsius_BIN=High
30014192,steel_type=St4sp,steel_weighttonn_BIN=High
30014192,steel_type=St4sp,swing_frequency_amount_minute_BIN=Low
30014192,steel_type=St4sp,temperature_measurement1_Celsius_BIN=Low
30014192,steel_type=St4sp,temperature_measurement2_Celsius_BIN=Low
30014192,steel_type=St4sp,water_consumption_BIN=High
30014192,steel_type=St4sp,water_temperature_deltaCelsius_BIN=High
30014192,workpiece_slice_geometry=150x150,alloy_speed_meter_minute_BIN=High
30014192,workpiece_slice_geometry=150x150,crystallizer_movementmm_BIN=High
30014192,workpiece_slice_geometry=150x150,resistance_tonn_BIN=Low
30014192,workpiece_slice_geometry=150x150,steel_temperature_grab1Celsius_BIN=High
30014192,workpiece_slice_geometry=150x150,steel_weighttonn_BIN=High
30014192,workpiece_slice_geometry=150x150,swing_frequency_amount_minute_BIN=Low
30014192,workpiece_slice_geometry=150x150,temperature_measurement1_Celsius_BIN=Low
30014192,workpiece_slice_geometry=150x150,temperature_measurement2_Celsius_BIN=Low
30014192,workpiece_slice_geometry=150x150,water_consumption_BIN=High
30014192,workpiece_slice_geometry=150x150,water_temperature_deltaCelsius_BIN=High
30014193,RUL_BIN=Critical,alloy_speed_meter_minute_BIN=High
30014193,RUL_BIN=Critical,crystallizer_movementmm_BIN=High
30014193,RUL_BIN=Critical,resistance_tonn_BIN=Low
30014193,RUL_BIN=Critical,steel_temperature_grab1Celsius_BIN=High
30014193,RUL_BIN=Critical,steel_weighttonn_BIN=High
30014193,RUL_BIN=Critical,swing_frequency_amount_minute_BIN=Low
30014193,RUL_BIN=Critical,temperature_measurement1_Celsius_BIN=Low
30014193,RUL_BIN=Critical,temperature_measurement2_Celsius_BIN=Low
30014193,RUL_BIN=Critical,water_consumption_BIN=High
30014193,RUL_BIN=Critical,water_temperature_deltaCelsius_BIN=High
30014193,alloy_type=open,alloy_speed_meter_minute_BIN=High
30014193,alloy_type=open,crystallizer_movementmm_BIN=High
30014193,alloy_type=open,resistance_tonn_BIN=Low
30014193,alloy_type=open,steel_temperature_grab1Celsius_BIN=High
30014193,alloy_type=open,steel_weighttonn_BIN=High
30014193,alloy_type=open,swing_frequency_amount_minute_BIN=Low
30014193,alloy_type=open,temperature_measurement1_Celsius_BIN=Low
30014193,alloy_type=open,temperature_measurement2_Celsius_BIN=Low
30014193,alloy_type=open,water_consumption_BIN=High
30014193,alloy_type=open,water_temperature_deltaCelsius_BIN=High
30014193,num_crystallizer_BIN=Low,alloy_speed_meter_minute_BIN=High
30014193,num_crystallizer_BIN=Low,crystallizer_movementmm_BIN=High
30014193,num_crystallizer_BIN=Low,resistance_tonn_BIN=Low
30014193,num_crystallizer_BIN=Low,steel_temperature_grab1Celsius_BIN=High
30014193,num_crystallizer_BIN=Low,steel_weighttonn_BIN=High
30014193,num_crystallizer_BIN=Low,swing_frequency_amount_minute_BIN=Low
30014193,num_crystallizer_BIN=Low,temperature_measurement1_Celsius_BIN=Low
30014193,num_crystallizer_BIN=Low,temperature_measurement2_Celsius_BIN=Low
30014193,num_crystallizer_BIN=Low,water_consumption_BIN=High
30014193,num_crystallizer_BIN=Low,water_temperature_deltaCelsius_BIN=High
30014193,num_stream_BIN=High,alloy_speed_meter_minute_BIN=High
30014193,num_stream_BIN=High,crystallizer_movementmm_BIN=High
30014193,num_stream_BIN=High,resistance_tonn_BIN=Low
30014193,num_stream_BIN=High,steel_temperature_grab1Celsius_BIN=High
30014193,num_stream_BIN=High,steel_weighttonn_BIN=High
30014193,num_stream_BIN=High,swing_frequency_amount_minute_BIN=Low
30014193,num_stream_BIN=High,temperature_measurement1_Celsius_BIN=Low
30014193,num_stream_BIN=High,temperature_measurement2_Celsius_BIN=Low
30014193,num_stream_BIN=High,water_consumption_BIN=High
30014193,num_stream_BIN=High,water_temperature_deltaCelsius_BIN=High
30014193,steel_type=St4sp,alloy_speed_meter_minute_BIN=High
30014193,steel_type=St4sp,crystallizer_movementmm_BIN=High
30014193,steel_type=St4sp,resistance_tonn_BIN=Low
30014193,steel_type=St4sp,steel_temperature_grab1Celsius_BIN=High
30014193,steel_type=St4sp,steel_weighttonn_BIN=High
30014193,steel_type=St4sp,swing_frequency_amount_minute_BIN=Low
30014193,steel_type=St4sp,temperature_measurement1_Celsius_BIN=Low
30014193,steel_type=St4sp,temperature_measurement2_Celsius_BIN=Low
30014193,steel_type=St4sp,water_consumption_BIN=High
30014193,steel_type=St4sp,water_temperature_deltaCelsius_BIN=High
30014193,workpiece_slice_geometry=150x150,alloy_speed_meter_minute_BIN=High
30014193,workpiece_slice_geometry=150x150,crystallizer_movementmm_BIN=High
30014193,workpiece_slice_geometry=150x150,resistance_tonn_BIN=Low
30014193,workpiece_slice_geometry=150x150,steel_temperature_grab1Celsius_BIN=High
30014193,workpiece_slice_geometry=150x150,steel_weighttonn_BIN=High
30014193,workpiece_slice_geometry=150x150,swing_frequency_amount_minute_BIN=Low
30014193,workpiece_slice_geometry=150x150,temperature_measurement1_Celsius_BIN=Low
30014193,workpiece_slice_geometry=150x150,temperature_measurement2_Celsius_BIN=Low
30014193,workpiece_slice_geometry=150x150,water_consumption_BIN=High
30014193,workpiece_slice_geometry=150x150,water_temperature_deltaCelsius_BIN=High
30014803,RUL_BIN=Critical,alloy_speed_meter_minute_BIN=Medium
30014803,RUL_BIN=Critical,crystallizer_movementmm_BIN=Low
30014803,RUL_BIN=Critical,resistance_tonn_BIN=Low
30014803,RUL_BIN=Critical,steel_temperature_grab1Celsius_BIN=High
30014803,RUL_BIN=Critical,steel_weighttonn_BIN=High
30014803,RUL_BIN=Critical,swing_frequency_amount_minute_BIN=High
30014803,RUL_BIN=Critical,temperature_measurement1_Celsius_BIN=Low
30014803,RUL_BIN=Critical,temperature_measurement2_Celsius_BIN=Low
30014803,RUL_BIN=Critical,water_consumption_BIN=High
30014803,RUL_BIN=Critical,water_temperature_deltaCelsius_BIN=High
30014803,alloy_type=open,alloy_speed_meter_minute_BIN=Medium
30014803,alloy_type=open,crystallizer_movementmm_BIN=Low
30014803,alloy_type=open,resistance_tonn_BIN=Low
30014803,alloy_type=open,steel_temperature_grab1Celsius_BIN=High
30014803,alloy_type=open,steel_weighttonn_BIN=High
30014803,alloy_type=open,swing_frequency_amount_minute_BIN=High
30014803,alloy_type=open,temperature_measurement1_Celsius_BIN=Low
30014803,alloy_type=open,temperature_measurement2_Celsius_BIN=Low
30014803,alloy_type=open,water_consumption_BIN=High
30014803,alloy_type=open,water_temperature_deltaCelsius_BIN=High
30014803,num_crystallizer_BIN=Medium,alloy_speed_meter_minute_BIN=Medium
30014803,num_crystallizer_BIN=Medium,crystallizer_movementmm_BIN=Low
30014803,num_crystallizer_BIN=Medium,resistance_tonn_BIN=Low
30014803,num_crystallizer_BIN=Medium,steel_temperature_grab1Celsius_BIN=High
30014803,num_crystallizer_BIN=Medium,steel_weighttonn_BIN=High
30014803,num_crystallizer_BIN=Medium,swing_frequency_amount_minute_BIN=High
30014803,num_crystallizer_BIN=Medium,temperature_measurement1_Celsius_BIN=Low
30014803,num_crystallizer_BIN=Medium,temperature_measurement2_Celsius_BIN=Low
30014803,num_crystallizer_BIN=Medium,water_consumption_BIN=High
30014803,num_crystallizer_BIN=Medium,water_temperature_deltaCelsius_BIN=High
30014803,num_stream_BIN=Low,alloy_speed_meter_minute_BIN=Medium
30014803,num_stream_BIN=Low,crystallizer_movementmm_BIN=Low
30014803,num_stream_BIN=Low,resistance_tonn_BIN=Low
30014803,num_stream_BIN=Low,steel_temperature_grab1Celsius_BIN=High
30014803,num_stream_BIN=Low,steel_weighttonn_BIN=High
30014803,num_stream_BIN=Low,swing_frequency_amount_minute_BIN=High
30014803,num_stream_BIN=Low,temperature_measurement1_Celsius_BIN=Low
30014803,num_stream_BIN=Low,temperature_measurement2_Celsius_BIN=Low
30014803,num_stream_BIN=Low,water_consumption_BIN=High
30014803,num_stream_BIN=Low,water_temperature_deltaCelsius_BIN=High
30014803,steel_type=Arm500,alloy_speed_meter_minute_BIN=Medium
30014803,steel_type=Arm500,crystallizer_movementmm_BIN=Low
30014803,steel_type=Arm500,resistance_tonn_BIN=Low
30014803,steel_type=Arm500,steel_temperature_grab1Celsius_BIN=High
30014803,steel_type=Arm500,steel_weighttonn_BIN=High
30014803,steel_type=Arm500,swing_frequency_amount_minute_BIN=High
30014803,steel_type=Arm500,temperature_measurement1_Celsius_BIN=Low
30014803,steel_type=Arm500,temperature_measurement2_Celsius_BIN=Low
30014803,steel_type=Arm500,water_consumption_BIN=High
30014803,steel_type=Arm500,water_temperature_deltaCelsius_BIN=High
30014803,workpiece_slice_geometry=180x180,alloy_speed_meter_minute_BIN=Medium
30014803,workpiece_slice_geometry=180x180,crystallizer_movementmm_BIN=Low
30014803,workpiece_slice_geometry=180x180,resistance_tonn_BIN=Low
30014803,workpiece_slice_geometry=180x180,steel_temperature_grab1Celsius_BIN=High
30014803,workpiece_slice_geometry=180x180,steel_weighttonn_BIN=High
30014803,workpiece_slice_geometry=180x180,swing_frequency_amount_minute_BIN=High
30014803,workpiece_slice_geometry=180x180,temperature_measurement1_Celsius_BIN=Low
30014803,workpiece_slice_geometry=180x180,temperature_measurement2_Celsius_BIN=Low
30014803,workpiece_slice_geometry=180x180,water_consumption_BIN=High
30014803,workpiece_slice_geometry=180x180,water_temperature_deltaCelsius_BIN=High
30014804,RUL_BIN=Critical,alloy_speed_meter_minute_BIN=Medium
30014804,RUL_BIN=Critical,crystallizer_movementmm_BIN=Low
30014804,RUL_BIN=Critical,resistance_tonn_BIN=Low
30014804,RUL_BIN=Critical,steel_temperature_grab1Celsius_BIN=High
30014804,RUL_BIN=Critical,steel_weighttonn_BIN=High
30014804,RUL_BIN=Critical,swing_frequency_amount_minute_BIN=High
30014804,RUL_BIN=Critical,temperature_measurement1_Celsius_BIN=Low
30014804,RUL_BIN=Critical,temperature_measurement2_Celsius_BIN=Low
30014804,RUL_BIN=Critical,water_consumption_BIN=High
30014804,RUL_BIN=Critical,water_temperature_deltaCelsius_BIN=High
30014804,alloy_type=open,alloy_speed_meter_minute_BIN=Medium
30014804,alloy_type=open,crystallizer_movementmm_BIN=Low
30014804,alloy_type=open,resistance_tonn_BIN=Low
30014804,alloy_type=open,steel_temperature_grab1Celsius_BIN=High
30014804,alloy_type=open,steel_weighttonn_BIN=High
30014804,alloy_type=open,swing_frequency_amount_minute_BIN=High
30014804,alloy_type=open,temperature_measurement1_Celsius_BIN=Low
30014804,alloy_type=open,temperature_measurement2_Celsius_BIN=Low
30014804,alloy_type=open,water_consumption_BIN=High
30014804,alloy_type=open,water_temperature_deltaCelsius_BIN=High
30014804,num_crystallizer_BIN=Medium,alloy_speed_meter_minute_BIN=Medium
30014804,num_crystallizer_BIN=Medium,crystallizer_movementmm_BIN=Low
30014804,num_crystallizer_BIN=Medium,resistance_tonn_BIN=Low
30014804,num_crystallizer_BIN=Medium,steel_temperature_grab1Celsius_BIN=High
30014804,num_crystallizer_BIN=Medium,steel_weighttonn_BIN=High
30014804,num_crystallizer_BIN=Medium,swing_frequency_amount_minute_BIN=High
30014804,num_crystallizer_BIN=Medium,temperature_measurement1_Celsius_BIN=Low
30014804,num_crystallizer_BIN=Medium,temperature_measurement2_Celsius_BIN=Low
30014804,num_crystallizer_BIN=Medium,water_consumption_BIN=High
30014804,num_crystallizer_BIN=Medium,water_temperature_deltaCelsius_BIN=High
30014804,num_stream_BIN=High,alloy_speed_meter_minute_BIN=Medium
30014804,num_stream_BIN=High,crystallizer_movementmm_BIN=Low
30014804,num_stream_BIN=High,resistance_tonn_BIN=Low
30014804,num_stream_BIN=High,steel_temperature_grab1Celsius_BIN=High
30014804,num_stream_BIN=High,steel_weighttonn_BIN=High
30014804,num_stream_BIN=High,swing_frequency_amount_minute_BIN=High
30014804,num_stream_BIN=High,temperature_measurement1_Celsius_BIN=Low
30014804,num_stream_BIN=High,temperature_measurement2_Celsius_BIN=Low
30014804,num_stream_BIN=High,water_consumption_BIN=High
30014804,num_stream_BIN=High,water_temperature_deltaCelsius_BIN=High
30014804,steel_type=Arm500,alloy_speed_meter_minute_BIN=Medium
30014804,steel_type=Arm500,crystallizer_movementmm_BIN=Low
30014804,steel_type=Arm500,resistance_tonn_BIN=Low
30014804,steel_type=Arm500,steel_temperature_grab1Celsius_BIN=High
30014804,steel_type=Arm500,steel_weighttonn_BIN=High
30014804,steel_type=Arm500,swing_frequency_amount_minute_BIN=High
30014804,steel_type=Arm500,temperature_measurement1_Celsius_BIN=Low
30014804,steel_type=Arm500,temperature_measurement2_Celsius_BIN=Low
30014804,steel_type=Arm500,water_consumption_BIN=High
30014804,steel_type=Arm500,water_temperature_deltaCelsius_BIN=High
30014804,workpiece_slice_geometry=180x180,alloy_speed_meter_minute_BIN=Medium
30014804,workpiece_slice_geometry=180x180,crystallizer_movementmm_BIN=Low
30014804,workpiece_slice_geometry=180x180,resistance_tonn_BIN=Low
30014804,workpiece_slice_geometry=180x180,steel_temperature_grab1Celsius_BIN=High
30014804,workpiece_slice_geometry=180x180,steel_weighttonn_BIN=High
30014804,workpiece_slice_geometry=180x180,swing_frequency_amount_minute_BIN=High
30014804,workpiece_slice_geometry=180x180,temperature_measurement1_Celsius_BIN=Low
30014804,workpiece_slice_geometry=180x180,temperature_measurement2_Celsius_BIN=Low
30014804,workpiece_slice_geometry=180x180,water_consumption_BIN=High
30014804,workpiece_slice_geometry=180x180,water_temperature_deltaCelsius_BIN=High
30014806,RUL_BIN=Critical,alloy_speed_meter_minute_BIN=Medium
30014806,RUL_BIN=Critical,crystallizer_movementmm_BIN=Low
30014806,RUL_BIN=Critical,resistance_tonn_BIN=Low
30014806,RUL_BIN=Critical,steel_temperature_grab1Celsius_BIN=High
30014806,RUL_BIN=Critical,steel_weighttonn_BIN=High
30014806,RUL_BIN=Critical,swing_frequency_amount_minute_BIN=High
30014806,RUL_BIN=Critical,temperature_measurement1_Celsius_BIN=Low
30014806,RUL_BIN=Critical,temperature_measurement2_Celsius_BIN=Low
30014806,RUL_BIN=Critical,water_consumption_BIN=High
30014806,RUL_BIN=Critical,water_temperature_deltaCelsius_BIN=High
30014806,alloy_type=open,alloy_speed_meter_minute_BIN=Medium
30014806,alloy_type=open,crystallizer_movementmm_BIN=Low
30014806,alloy_type=open,resistance_tonn_BIN=Low
30014806,alloy_type=open,steel_temperature_grab1Celsius_BIN=High
30014806,alloy_type=open,steel_weighttonn_BIN=High
30014806,alloy_type=open,swing_frequency_amount_minute_BIN=High
30014806,alloy_type=open,temperature_measurement1_Celsius_BIN=Low
30014806,alloy_type=open,temperature_measurement2_Celsius_BIN=Low
30014806,alloy_type=open,water_consumption_BIN=High
30014806,alloy_type=open,water_temperature_deltaCelsius_BIN=High
30014806,num_crystallizer_BIN=Low,alloy_speed_meter_minute_BIN=Medium
30014806,num_crystallizer_BIN=Low,crystallizer_movementmm_BIN=Low
30014806,num_crystallizer_BIN=Low,resistance_tonn_BIN=Low
30014806,num_crystallizer_BIN=Low,steel_temperature_grab1Celsius_BIN=High
30014806,num_crystallizer_BIN=Low,steel_weighttonn_BIN=High
30014806,num_crystallizer_BIN=Low,swing_frequency_amount_minute_BIN=High
30014806,num_crystallizer_BIN=Low,temperature_measurement1_Celsius_BIN=Low
30014806,num_crystallizer_BIN=Low,temperature_measurement2_Celsius_BIN=Low
30014806,num_crystallizer_BIN=Low,water_consumption_BIN=High
30014806,num_crystallizer_BIN=Low,water_temperature_deltaCelsius_BIN=High
30014806,num_stream_BIN=Low,alloy_speed_meter_minute_BIN=Medium
30014806,num_stream_BIN=Low,crystallizer_movementmm_BIN=Low
30014806,num_stream_BIN=Low,resistance_tonn_BIN=Low
30014806,num_stream_BIN=Low,steel_temperature_grab1Celsius_BIN=High
30014806,num_stream_BIN=Low,steel_weighttonn_BIN=High
30014806,num_stream_BIN=Low,swing_frequency_amount_minute_BIN=High
30014806,num_stream_BIN=Low,temperature_measurement1_Celsius_BIN=Low
30014806,num_stream_BIN=Low,temperature_measurement2_Celsius_BIN=Low
30014806,num_stream_BIN=Low,water_consumption_BIN=High
30014806,num_stream_BIN=Low,water_temperature_deltaCelsius_BIN=High
30014806,steel_type=Arm500,alloy_speed_meter_minute_BIN=Medium
30014806,steel_type=Arm500,crystallizer_movementmm_BIN=Low
30014806,steel_type=Arm500,resistance_tonn_BIN=Low
30014806,steel_type=Arm500,steel_temperature_grab1Celsius_BIN=High
30014806,steel_type=Arm500,steel_weighttonn_BIN=High
30014806,steel_type=Arm500,swing_frequency_amount_minute_BIN=High
30014806,steel_type=Arm500,temperature_measurement1_Celsius_BIN=Low
30014806,steel_type=Arm500,temperature_measurement2_Celsius_BIN=Low
30014806,steel_type=Arm500,water_consumption_BIN=High
30014806,steel_type=Arm500,water_temperature_deltaCelsius_BIN=High
30014806,workpiece_slice_geometry=180x180,alloy_speed_meter_minute_BIN=Medium
30014806,workpiece_slice_geometry=180x180,crystallizer_movementmm_BIN=Low
30014806,workpiece_slice_geometry=180x180,resistance_tonn_BIN=Low
30014806,workpiece_slice_geometry=180x180,steel_temperature_grab1Celsius_BIN=High
30014806,workpiece_slice_geometry=180x180,steel_weighttonn_BIN=High
30014806,workpiece_slice_geometry=180x180,swing_frequency_amount_minute_BIN=High
30014806,workpiece_slice_geometry=180x180,temperature_measurement1_Celsius_BIN=Low
30014806,workpiece_slice_geometry=180x180,temperature_measurement2_Celsius_BIN=Low
30014806,workpiece_slice_geometry=180x180,water_consumption_BIN=High
30014806,workpiece_slice_geometry=180x180,water_temperature_deltaCelsius_BIN=High
30014807,RUL_BIN=Critical,alloy_speed_meter_minute_BIN=Medium
30014807,RUL_BIN=Critical,crystallizer_movementmm_BIN=Low
30014807,RUL_BIN=Critical,resistance_tonn_BIN=Low
30014807,RUL_BIN=Critical,steel_temperature_grab1Celsius_BIN=High
30014807,RUL_BIN=Critical,steel_weighttonn_BIN=High
30014807,RUL_BIN=Critical,swing_frequency_amount_minute_BIN=High
30014807,RUL_BIN=Critical,temperature_measurement1_Celsius_BIN=Low
30014807,RUL_BIN=Critical,temperature_measurement2_Celsius_BIN=Low
30014807,RUL_BIN=Critical,water_consumption_BIN=High
30014807,RUL_BIN=Critical,water_temperature_deltaCelsius_BIN=High
30014807,alloy_type=open,alloy_speed_meter_minute_BIN=Medium
30014807,alloy_type=open,crystallizer_movementmm_BIN=Low
30014807,alloy_type=open,resistance_tonn_BIN=Low
30014807,alloy_type=open,steel_temperature_grab1Celsius_BIN=High
30014807,alloy_type=open,steel_weighttonn_BIN=High
30014807,alloy_type=open,swing_frequency_amount_minute_BIN=High
30014807,alloy_type=open,temperature_measurement1_Celsius_BIN=Low
30014807,alloy_type=open,temperature_measurement2_Celsius_BIN=Low
30014807,alloy_type=open,water_consumption_BIN=High
30014807,alloy_type=open,water_temperature_deltaCelsius_BIN=High
30014807,num_crystallizer_BIN=Medium,alloy_speed_meter_minute_BIN=Medium
30014807,num_crystallizer_BIN=Medium,crystallizer_movementmm_BIN=Low
30014807,num_crystallizer_BIN=Medium,resistance_tonn_BIN=Low
30014807,num_crystallizer_BIN=Medium,steel_temperature_grab1Celsius_BIN=High
30014807,num_crystallizer_BIN=Medium,steel_weighttonn_BIN=High
30014807,num_crystallizer_BIN=Medium,swing_frequency_amount_minute_BIN=High
30014807,num_crystallizer_BIN=Medium,temperature_measurement1_Celsius_BIN=Low
30014807,num_crystallizer_BIN=Medium,temperature_measurement2_Celsius_BIN=Low
30014807,num_crystallizer_BIN=Medium,water_consumption_BIN=High
30014807,num_crystallizer_BIN=Medium,water_temperature_deltaCelsius_BIN=High
30014807,num_stream_BIN=Low,alloy_speed_meter_minute_BIN=Medium
30014807,num_stream_BIN=Low,crystallizer_movementmm_BIN=Low
30014807,num_stream_BIN=Low,resistance_tonn_BIN=Low
30014807,num_stream_BIN=Low,steel_temperature_grab1Celsius_BIN=High
30014807,num_stream_BIN=Low,steel_weighttonn_BIN=High
30014807,num_stream_BIN=Low,swing_frequency_amount_minute_BIN=High
30014807,num_stream_BIN=Low,temperature_measurement1_Celsius_BIN=Low
30014807,num_stream_BIN=Low,temperature_measurement2_Celsius_BIN=Low
30014807,num_stream_BIN=Low,water_consumption_BIN=High
30014807,num_stream_BIN=Low,water_temperature_deltaCelsius_BIN=High
30014807,steel_type=Arm500,alloy_speed_meter_minute_BIN=Medium
30014807,steel_type=Arm500,crystallizer_movementmm_BIN=Low
30014807,steel_type=Arm500,resistance_tonn_BIN=Low
30014807,steel_type=Arm500,steel_temperature_grab1Celsius_BIN=High
30014807,steel_type=Arm500,steel_weighttonn_BIN=High
30014807,steel_type=Arm500,swing_frequency_amount_minute_BIN=High
30014807,steel_type=Arm500,temperature_measurement1_Celsius_BIN=Low
30014807,steel_type=Arm500,temperature_measurement2_Celsius_BIN=Low
30014807,steel_type=Arm500,water_consumption_BIN=High
30014807,steel_type=Arm500,water_temperature_deltaCelsius_BIN=High
30014807,workpiece_slice_geometry=180x180,alloy_speed_meter_minute_BIN=Medium
30014807,workpiece_slice_geometry=180x180,crystallizer_movementmm_BIN=Low
30014807,workpiece_slice_geometry=180x180,resistance_tonn_BIN=Low
30014807,workpiece_slice_geometry=180x180,steel_temperature_grab1Celsius_BIN=High
30014807,workpiece_slice_geometry=180x180,steel_weighttonn_BIN=High
30014807,workpiece_slice_geometry=180x180,swing_frequency_amount_minute_BIN=High
30014807,workpiece_slice_geometry=180x180,temperature_measurement1_Celsius_BIN=Low
30014807,workpiece_slice_geometry=180x180,temperature_measurement2_Celsius_BIN=Low
30014807,workpiece_slice_geometry=180x180,water_consumption_BIN=High
30014807,workpiece_slice_geometry=180x180,water_temperature_deltaCelsius_BIN=High
30014808,RUL_BIN=Low,alloy_speed_meter_minute_BIN=Medium
30014808,RUL_BIN=Low,crystallizer_movementmm_BIN=Low
30014808,RUL_BIN=Low,resistance_tonn_BIN=Low
30014808,RUL_BIN=Low,steel_temperature_grab1Celsius_BIN=High
30014808,RUL_BIN=Low,steel_weighttonn_BIN=High
30014808,RUL_BIN=Low,swing_frequency_amount_minute_BIN=High
30014808,RUL_BIN=Low,temperature_measurement1_Celsius_BIN=Low
30014808,RUL_BIN=Low,temperature_measurement2_Celsius_BIN=Low
30014808,RUL_BIN=Low,water_consumption_BIN=High
30014808,RUL_BIN=Low,water_temperature_deltaCelsius_BIN=High
30014808,alloy_type=open,alloy_speed_meter_minute_BIN=Medium
30014808,alloy_type=open,crystallizer_movementmm_BIN=Low
30014808,alloy_type=open,resistance_tonn_BIN=Low
30014808,alloy_type=open,steel_temperature_grab1Celsius_BIN=High
30014808,alloy_type=open,steel_weighttonn_BIN=High
30014808,alloy_type=open,swing_frequency_amount_minute_BIN=High
30014808,alloy_type=open,temperature_measurement1_Celsius_BIN=Low
30014808,alloy_type=open,temperature_measurement2_Celsius_BIN=Low
30014808,alloy_type=open,water_consumption_BIN=High
30014808,alloy_type=open,water_temperature_deltaCelsius_BIN=High
30014808,num_crystallizer_BIN=Medium,alloy_speed_meter_minute_BIN=Medium
30014808,num_crystallizer_BIN=Medium,crystallizer_movementmm_BIN=Low
30014808,num_crystallizer_BIN=Medium,resistance_tonn_BIN=Low
30014808,num_crystallizer_BIN=Medium,steel_temperature_grab1Celsius_BIN=High
30014808,num_crystallizer_BIN=Medium,steel_weighttonn_BIN=High
30014808,num_crystallizer_BIN=Medium,swing_frequency_amount_minute_BIN=High
30014808,num_crystallizer_BIN=Medium,temperature_measurement1_Celsius_BIN=Low
30014808,num_crystallizer_BIN=Medium,temperature_measurement2_Celsius_BIN=Low
30014808,num_crystallizer_BIN=Medium,water_consumption_BIN=High
30014808,num_crystallizer_BIN=Medium,water_temperature_deltaCelsius_BIN=High
30014808,num_stream_BIN=Medium,alloy_speed_meter_minute_BIN=Medium
30014808,num_stream_BIN=Medium,crystallizer_movementmm_BIN=Low
30014808,num_stream_BIN=Medium,resistance_tonn_BIN=Low
30014808,num_stream_BIN=Medium,steel_temperature_grab1Celsius_BIN=High
30014808,num_stream_BIN=Medium,steel_weighttonn_BIN=High
30014808,num_stream_BIN=Medium,swing_frequency_amount_minute_BIN=High
30014808,num_stream_BIN=Medium,temperature_measurement1_Celsius_BIN=Low
30014808,num_stream_BIN=Medium,temperature_measurement2_Celsius_BIN=Low
30014808,num_stream_BIN=Medium,water_consumption_BIN=High
30014808,num_stream_BIN=Medium,water_temperature_deltaCelsius_BIN=High
30014808,steel_type=Arm500,alloy_speed_meter_minute_BIN=Medium
30014808,steel_type=Arm500,crystallizer_movementmm_BIN=Low
30014808,steel_type=Arm500,resistance_tonn_BIN=Low
30014808,steel_type=Arm500,steel_temperature_grab1Celsius_BIN=High
30014808,steel_type=Arm500,steel_weighttonn_BIN=High
30014808,steel_type=Arm500,swing_frequency_amount_minute_BIN=High
30014808,steel_type=Arm500,temperature_measurement1_Celsius_BIN=Low
30014808,steel_type=Arm500,temperature_measurement2_Celsius_BIN=Low
30014808,steel_type=Arm500,water_consumption_BIN=High
30014808,steel_type=Arm500,water_temperature_deltaCelsius_BIN=High
30014808,workpiece_slice_geometry=180x180,alloy_speed_meter_minute_BIN=Medium
30014808,workpiece_slice_geometry=180x180,crystallizer_movementmm_BIN=Low
30014808,workpiece_slice_geometry=180x180,resistance_tonn_BIN=Low
30014808,workpiece_slice_geometry=180x180,steel_temperature_grab1Celsius_BIN=High
30014808,workpiece_slice_geometry=180x180,steel_weighttonn_BIN=High
30014808,workpiece_slice_geometry=180x180,swing_frequency_amount_minute_BIN=High
30014808,workpiece_slice_geometry=180x180,temperature_measurement1_Celsius_BIN=Low
30014808,workpiece_slice_geometry=180x180,temperature_measurement2_Celsius_BIN=Low
30014808,workpiece_slice_geometry=180x180,water_consumption_BIN=High
30014808,workpiece_slice_geometry=180x180,water_temperature_deltaCelsius_BIN=High
30014809,RUL_BIN=Critical,alloy_speed_meter_minute_BIN=Medium
30014809,RUL_BIN=Critical,crystallizer_movementmm_BIN=Low
30014809,RUL_BIN=Critical,resistance_tonn_BIN=Low
30014809,RUL_BIN=Critical,steel_temperature_grab1Celsius_BIN=High
30014809,RUL_BIN=Critical,steel_weighttonn_BIN=High
30014809,RUL_BIN=Critical,swing_frequency_amount_minute_BIN=High
30014809,RUL_BIN=Critical,temperature_measurement1_Celsius_BIN=Low
30014809,RUL_BIN=Critical,temperature_measurement2_Celsius_BIN=Low
30014809,RUL_BIN=Critical,water_consumption_BIN=High
30014809,RUL_BIN=Critical,water_temperature_deltaCelsius_BIN=High
30014809,alloy_type=open,alloy_speed_meter_minute_BIN=Medium
30014809,alloy_type=open,crystallizer_movementmm_BIN=Low
30014809,alloy_type=open,resistance_tonn_BIN=Low
30014809,alloy_type=open,steel_temperature_grab1Celsius_BIN=High
30014809,alloy_type=open,steel_weighttonn_BIN=High
30014809,alloy_type=open,swing_frequency_amount_minute_BIN=High
30014809,alloy_type=open,temperature_measurement1_Celsius_BIN=Low
30014809,alloy_type=open,temperature_measurement2_Celsius_BIN=Low
30014809,alloy_type=open,water_consumption_BIN=High
30014809,alloy_type=open,water_temperature_deltaCelsius_BIN=High
30014809,num_crystallizer_BIN=High,alloy_speed_meter_minute_BIN=Medium
30014809,num_crystallizer_BIN=High,crystallizer_movementmm_BIN=Low
30014809,num_crystallizer_BIN=High,resistance_tonn_BIN=Low
30014809,num_crystallizer_BIN=High,steel_temperature_grab1Celsius_BIN=High
30014809,num_crystallizer_BIN=High,steel_weighttonn_BIN=High
30014809,num_crystallizer_BIN=High,swing_frequency_amount_minute_BIN=High
30014809,num_crystallizer_BIN=High,temperature_measurement1_Celsius_BIN=Low
30014809,num_crystallizer_BIN=High,temperature_measurement2_Celsius_BIN=Low
30014809,num_crystallizer_BIN=High,water_consumption_BIN=High
30014809,num_crystallizer_BIN=High,water_temperature_deltaCelsius_BIN=High
30014809,num_stream_BIN=High,alloy_speed_meter_minute_BIN=Medium
30014809,num_stream_BIN=High,crystallizer_movementmm_BIN=Low
30014809,num_stream_BIN=High,resistance_tonn_BIN=Low
30014809,num_stream_BIN=High,steel_temperature_grab1Celsius_BIN=High
30014809,num_stream_BIN=High,steel_weighttonn_BIN=High
30014809,num_stream_BIN=High,swing_frequency_amount_minute_BIN=High
30014809,num_stream_BIN=High,temperature_measurement1_Celsius_BIN=Low
30014809,num_stream_BIN=High,temperature_measurement2_Celsius_BIN=Low
30014809,num_stream_BIN=High,water_consumption_BIN=High
30014809,num_stream_BIN=High,water_temperature_deltaCelsius_BIN=High
30014809,steel_type=Arm500,alloy_speed_meter_minute_BIN=Medium
30014809,steel_type=Arm500,crystallizer_movementmm_BIN=Low
30014809,steel_type=Arm500,resistance_tonn_BIN=Low
30014809,steel_type=Arm500,steel_temperature_grab1Celsius_BIN=High
30014809,steel_type=Arm500,steel_weighttonn_BIN=High
30014809,steel_type=Arm500,swing_frequency_amount_minute_BIN=High
30014809,steel_type=Arm500,temperature_measurement1_Celsius_BIN=Low
30014809,steel_type=Arm500,temperature_measurement2_Celsius_BIN=Low
30014809,steel_type=Arm500,water_consumption_BIN=High
30014809,steel_type=Arm500,water_temperature_deltaCelsius_BIN=High
30014809,workpiece_slice_geometry=180x180,alloy_speed_meter_minute_BIN=Medium
30014809,workpiece_slice_geometry=180x180,crystallizer_movementmm_BIN=Low
30014809,workpiece_slice_geometry=180x180,resistance_tonn_BIN=Low
30014809,workpiece_slice_geometry=180x180,steel_temperature_grab1Celsius_BIN=High
30014809,workpiece_slice_geometry=180x180,steel_weighttonn_BIN=High
30014809,workpiece_slice_geometry=180x180,swing_frequency_amount_minute_BIN=High
30014809,workpiece_slice_geometry=180x180,temperature_measurement1_Celsius_BIN=Low
30014809,workpiece_slice_geometry=180x180,temperature_measurement2_Celsius_BIN=Low
30014809,workpiece_slice_geometry=180x180,water_consumption_BIN=High
30014809,workpiece_slice_geometry=180x180,water_temperature_deltaCelsius_BIN=High
30014810,RUL_BIN=Critical,alloy_speed_meter_minute_BIN=Medium
30014810,RUL_BIN=Critical,crystallizer_movementmm_BIN=Low
30014810,RUL_BIN=Critical,resistance_tonn_BIN=Low
30014810,RUL_BIN=Critical,steel_temperature_grab1Celsius_BIN=High
30014810,RUL_BIN=Critical,steel_weighttonn_BIN=High
30014810,RUL_BIN=Critical,swing_frequency_amount_minute_BIN=High
30014810,RUL_BIN=Critical,temperature_measurement1_Celsius_BIN=Low
30014810,RUL_BIN=Critical,temperature_measurement2_Celsius_BIN=Low
30014810,RUL_BIN=Critical,water_consumption_BIN=High
30014810,RUL_BIN=Critical,water_temperature_deltaCelsius_BIN=High
30014810,alloy_type=open,alloy_speed_meter_minute_BIN=Medium
30014810,alloy_type=open,crystallizer_movementmm_BIN=Low
30014810,alloy_type=open,resistance_tonn_BIN=Low
30014810,alloy_type=open,steel_temperature_grab1Celsius_BIN=High
30014810,alloy_type=open,steel_weighttonn_BIN=High
30014810,alloy_type=open,swing_frequency_amount_minute_BIN=High
30014810,alloy_type=open,temperature_measurement1_Celsius_BIN=Low
30014810,alloy_type=open,temperature_measurement2_Celsius_BIN=Low
30014810,alloy_type=open,water_consumption_BIN=High
30014810,alloy_type=open,water_temperature_deltaCelsius_BIN=High
30014810,num_crystallizer_BIN=Medium,alloy_speed_meter_minute_BIN=Medium
30014810,num_crystallizer_BIN=Medium,crystallizer_movementmm_BIN=Low
30014810,num_crystallizer_BIN=Medium,resistance_tonn_BIN=Low
30014810,num_crystallizer_BIN=Medium,steel_temperature_grab1Celsius_BIN=High
30014810,num_crystallizer_BIN=Medium,steel_weighttonn_BIN=High
30014810,num_crystallizer_BIN=Medium,swing_frequency_amount_minute_BIN=High
30014810,num_crystallizer_BIN=Medium,temperature_measurement1_Celsius_BIN=Low
30014810,num_crystallizer_BIN=Medium,temperature_measurement2_Celsius_BIN=Low
30014810,num_crystallizer_BIN=Medium,water_consumption_BIN=High
30014810,num_crystallizer_BIN=Medium,water_temperature_deltaCelsius_BIN=High
30014810,num_stream_BIN=Medium,alloy_speed_meter_minute_BIN=Medium
30014810,num_stream_BIN=Medium,crystallizer_movementmm_BIN=Low
30014810,num_stream_BIN=Medium,resistance_tonn_BIN=Low
30014810,num_stream_BIN=Medium,steel_temperature_grab1Celsius_BIN=High
30014810,num_stream_BIN=Medium,steel_weighttonn_BIN=High
30014810,num_stream_BIN=Medium,swing_frequency_amount_minute_BIN=High
30014810,num_stream_BIN=Medium,temperature_measurement1_Celsius_BIN=Low
30014810,num_stream_BIN=Medium,temperature_measurement2_Celsius_BIN=Low
30014810,num_stream_BIN=Medium,water_consumption_BIN=High
30014810,num_stream_BIN=Medium,water_temperature_deltaCelsius_BIN=High
30014810,steel_type=Arm500,alloy_speed_meter_minute_BIN=Medium
30014810,steel_type=Arm500,crystallizer_movementmm_BIN=Low
30014810,steel_type=Arm500,resistance_tonn_BIN=Low
30014810,steel_type=Arm500,steel_temperature_grab1Celsius_BIN=High
30014810,steel_type=Arm500,steel_weighttonn_BIN=High
30014810,steel_type=Arm500,swing_frequency_amount_minute_BIN=High
30014810,steel_type=Arm500,temperature_measurement1_Celsius_BIN=Low
30014810,steel_type=Arm500,temperature_measurement2_Celsius_BIN=Low
30014810,steel_type=Arm500,water_consumption_BIN=High
30014810,steel_type=Arm500,water_temperature_deltaCelsius_BIN=High
30014810,workpiece_slice_geometry=180x180,alloy_speed_meter_minute_BIN=Medium
30014810,workpiece_slice_geometry=180x180,crystallizer_movementmm_BIN=Low
30014810,workpiece_slice_geometry=180x180,resistance_tonn_BIN=Low
30014810,workpiece_slice_geometry=180x180,steel_temperature_grab1Celsius_BIN=High
30014810,workpiece_slice_geometry=180x180,steel_weighttonn_BIN=High
30014810,workpiece_slice_geometry=180x180,swing_frequency_amount_minute_BIN=High
30014810,workpiece_slice_geometry=180x180,temperature_measurement1_Celsius_BIN=Low
30014810,workpiece_slice_geometry=180x180,temperature_measurement2_Celsius_BIN=Low
30014810,workpiece_slice_geometry=180x180,water_consumption_BIN=High
30014810,workpiece_slice_geometry=180x180,water_temperature_deltaCelsius_BIN=High
30014811,RUL_BIN=Critical,alloy_speed_meter_minute_BIN=Medium
30014811,RUL_BIN=Critical,crystallizer_movementmm_BIN=High
30014811,RUL_BIN=Critical,resistance_tonn_BIN=Low
30014811,RUL_BIN=Critical,steel_temperature_grab1Celsius_BIN=High
30014811,RUL_BIN=Critical,steel_weighttonn_BIN=High
30014811,RUL_BIN=Critical,swing_frequency_amount_minute_BIN=High
30014811,RUL_BIN=Critical,temperature_measurement1_Celsius_BIN=Low
30014811,RUL_BIN=Critical,temperature_measurement2_Celsius_BIN=Low
30014811,RUL_BIN=Critical,water_consumption_BIN=High
30014811,RUL_BIN=Critical,water_temperature_deltaCelsius_BIN=High
30014811,alloy_type=open,alloy_speed_meter_minute_BIN=Medium
30014811,alloy_type=open,crystallizer_movementmm_BIN=High
30014811,alloy_type=open,resistance_tonn_BIN=Low
30014811,alloy_type=open,steel_temperature_grab1Celsius_BIN=High
30014811,alloy_type=open,steel_weighttonn_BIN=High
30014811,alloy_type=open,swing_frequency_amount_minute_BIN=High
30014811,alloy_type=open,temperature_measurement1_Celsius_BIN=Low
30014811,alloy_type=open,temperature_measurement2_Celsius_BIN=Low
30014811,alloy_type=open,water_consumption_BIN=High
30014811,alloy_type=open,water_temperature_deltaCelsius_BIN=High
30014811,num_crystallizer_BIN=Low,alloy_speed_meter_minute_BIN=Medium
30014811,num_crystallizer_BIN=Low,crystallizer_movementmm_BIN=High
30014811,num_crystallizer_BIN=Low,resistance_tonn_BIN=Low
30014811,num_crystallizer_BIN=Low,steel_temperature_grab1Celsius_BIN=High
30014811,num_crystallizer_BIN=Low,steel_weighttonn_BIN=High
30014811,num_crystallizer_BIN=Low,swing_frequency_amount_minute_BIN=High
30014811,num_crystallizer_BIN=Low,temperature_measurement1_Celsius_BIN=Low
30014811,num_crystallizer_BIN=Low,temperature_measurement2_Celsius_BIN=Low
30014811,num_crystallizer_BIN=Low,water_consumption_BIN=High
30014811,num_crystallizer_BIN=Low,water_temperature_deltaCelsius_BIN=High
30014811,num_stream_BIN=High,alloy_speed_meter_minute_BIN=Medium
30014811,num_stream_BIN=High,crystallizer_movementmm_BIN=High
30014811,num_stream_BIN=High,resistance_tonn_BIN=Low
30014811,num_stream_BIN=High,steel_temperature_grab1Celsius_BIN=High
30014811,num_stream_BIN=High,steel_weighttonn_BIN=High
30014811,num_stream_BIN=High,swing_frequency_amount_minute_BIN=High
30014811,num_stream_BIN=High,temperature_measurement1_Celsius_BIN=Low
30014811,num_stream_BIN=High,temperature_measurement2_Celsius_BIN=Low
30014811,num_stream_BIN=High,water_consumption_BIN=High
30014811,num_stream_BIN=High,water_temperature_deltaCelsius_BIN=High
30014811,steel_type=Arm500,alloy_speed_meter_minute_BIN=Medium
30014811,steel_type=Arm500,crystallizer_movementmm_BIN=High
30014811,steel_type=Arm500,resistance_tonn_BIN=Low
30014811,steel_type=Arm500,steel_temperature_grab1Celsius_BIN=High
30014811,steel_type=Arm500,steel_weighttonn_BIN=High
30014811,steel_type=Arm500,swing_frequency_amount_minute_BIN=High
30014811,steel_type=Arm500,temperature_measurement1_Celsius_BIN=Low
30014811,steel_type=Arm500,temperature_measurement2_Celsius_BIN=Low
30014811,steel_type=Arm500,water_consumption_BIN=High
30014811,steel_type=Arm500,water_temperature_deltaCelsius_BIN=High
30014811,workpiece_slice_geometry=180x180,alloy_speed_meter_minute_BIN=Medium
30014811,workpiece_slice_geometry=180x180,crystallizer_movementmm_BIN=High
30014811,workpiece_slice_geometry=180x180,resistance_tonn_BIN=Low
30014811,workpiece_slice_geometry=180x180,steel_temperature_grab1Celsius_BIN=High
30014811,workpiece_slice_geometry=180x180,steel_weighttonn_BIN=High
30014811,workpiece_slice_geometry=180x180,swing_frequency_amount_minute_BIN=High
30014811,workpiece_slice_geometry=180x180,temperature_measurement1_Celsius_BIN=Low
30014811,workpiece_slice_geometry=180x180,temperature_measurement2_Celsius_BIN=Low
30014811,workpiece_slice_geometry=180x180,water_consumption_BIN=High
30014811,workpiece_slice_geometry=180x180,water_temperature_deltaCelsius_BIN=High
30014812,RUL_BIN=Medium,alloy_speed_meter_minute_BIN=Medium
30014812,RUL_BIN=Medium,crystallizer_movementmm_BIN=Low
30014812,RUL_BIN=Medium,resistance_tonn_BIN=Low
30014812,RUL_BIN=Medium,steel_temperature_grab1Celsius_BIN=High
30014812,RUL_BIN=Medium,steel_weighttonn_BIN=High
30014812,RUL_BIN=Medium,swing_frequency_amount_minute_BIN=High
30014812,RUL_BIN=Medium,temperature_measurement1_Celsius_BIN=Low
30014812,RUL_BIN=Medium,temperature_measurement2_Celsius_BIN=Low
30014812,RUL_BIN=Medium,water_consumption_BIN=High
30014812,RUL_BIN=Medium,water_temperature_deltaCelsius_BIN=High
30014812,alloy_type=open,alloy_speed_meter_minute_BIN=Medium
30014812,alloy_type=open,crystallizer_movementmm_BIN=Low
30014812,alloy_type=open,resistance_tonn_BIN=Low
30014812,alloy_type=open,steel_temperature_grab1Celsius_BIN=High
30014812,alloy_type=open,steel_weighttonn_BIN=High
30014812,alloy_type=open,swing_frequency_amount_minute_BIN=High
30014812,alloy_type=open,temperature_measurement1_Celsius_BIN=Low
30014812,alloy_type=open,temperature_measurement2_Celsius_BIN=Low
30014812,alloy_type=open,water_consumption_BIN=High
30014812,alloy_type=open,water_temperature_deltaCelsius_BIN=High
30014812,num_crystallizer_BIN=Low,alloy_speed_meter_minute_BIN=Medium
30014812,num_crystallizer_BIN=Low,crystallizer_movementmm_BIN=Low
30014812,num_crystallizer_BIN=Low,resistance_tonn_BIN=Low
30014812,num_crystallizer_BIN=Low,steel_temperature_grab1Celsius_BIN=High
30014812,num_crystallizer_BIN=Low,steel_weighttonn_BIN=High
30014812,num_crystallizer_BIN=Low,swing_frequency_amount_minute_BIN=High
30014812,num_crystallizer_BIN=Low,temperature_measurement1_Celsius_BIN=Low
30014812,num_crystallizer_BIN=Low,temperature_measurement2_Celsius_BIN=Low
30014812,num_crystallizer_BIN=Low,water_consumption_BIN=High
30014812,num_crystallizer_BIN=Low,water_temperature_deltaCelsius_BIN=High
30014812,num_stream_BIN=Medium,alloy_speed_meter_minute_BIN=Medium
30014812,num_stream_BIN=Medium,crystallizer_movementmm_BIN=Low
30014812,num_stream_BIN=Medium,resistance_tonn_BIN=Low
30014812,num_stream_BIN=Medium,steel_temperature_grab1Celsius_BIN=High
30014812,num_stream_BIN=Medium,steel_weighttonn_BIN=High
30014812,num_stream_BIN=Medium,swing_frequency_amount_minute_BIN=High
30014812,num_stream_BIN=Medium,temperature_measurement1_Celsius_BIN=Low
30014812,num_stream_BIN=Medium,temperature_measurement2_Celsius_BIN=Low
30014812,num_stream_BIN=Medium,water_consumption_BIN=High
30014812,num_stream_BIN=Medium,water_temperature_deltaCelsius_BIN=High
30014812,steel_type=Arm500,alloy_speed_meter_minute_BIN=Medium
30014812,steel_type=Arm500,crystallizer_movementmm_BIN=Low
30014812,steel_type=Arm500,resistance_tonn_BIN=Low
30014812,steel_type=Arm500,steel_temperature_grab1Celsius_BIN=High
30014812,steel_type=Arm500,steel_weighttonn_BIN=High
30014812,steel_type=Arm500,swing_frequency_amount_minute_BIN=High
30014812,steel_type=Arm500,temperature_measurement1_Celsius_BIN=Low
30014812,steel_type=Arm500,temperature_measurement2_Celsius_BIN=Low
30014812,steel_type=Arm500,water_consumption_BIN=High
30014812,steel_type=Arm500,water_temperature_deltaCelsius_BIN=High
30014812,workpiece_slice_geometry=180x180,alloy_speed_meter_minute_BIN=Medium
30014812,workpiece_slice_geometry=180x180,crystallizer_movementmm_BIN=Low
30014812,workpiece_slice_geometry=180x180,resistance_tonn_BIN=Low
30014812,workpiece_slice_geometry=180x180,steel_temperature_grab1Celsius_BIN=High
30014812,workpiece_slice_geometry=180x180,steel_weighttonn_BIN=High
30014812,workpiece_slice_geometry=180x180,swing_frequency_amount_minute_BIN=High
30014812,workpiece_slice_geometry=180x180,temperature_measurement1_Celsius_BIN=Low
30014812,workpiece_slice_geometry=180x180,temperature_measurement2_Celsius_BIN=Low
30014812,workpiece_slice_geometry=180x180,water_consumption_BIN=High
30014812,workpiece_slice_geometry=180x180,water_temperature_deltaCelsius_BIN=High
30014814,RUL_BIN=Critical,alloy_speed_meter_minute_BIN=Medium
30014814,RUL_BIN=Critical,crystallizer_movementmm_BIN=Low
30014814,RUL_BIN=Critical,resistance_tonn_BIN=Low
30014814,RUL_BIN=Critical,steel_temperature_grab1Celsius_BIN=High
30014814,RUL_BIN=Critical,steel_weighttonn_BIN=High
30014814,RUL_BIN=Critical,swing_frequency_amount_minute_BIN=High
30014814,RUL_BIN=Critical,temperature_measurement1_Celsius_BIN=Low
30014814,RUL_BIN=Critical,temperature_measurement2_Celsius_BIN=Low
30014814,RUL_BIN=Critical,water_consumption_BIN=High
30014814,RUL_BIN=Critical,water_temperature_deltaCelsius_BIN=High
30014814,alloy_type=open,alloy_speed_meter_minute_BIN=Medium
30014814,alloy_type=open,crystallizer_movementmm_BIN=Low
30014814,alloy_type=open,resistance_tonn_BIN=Low
30014814,alloy_type=open,steel_temperature_grab1Celsius_BIN=High
30014814,alloy_type=open,steel_weighttonn_BIN=High
30014814,alloy_type=open,swing_frequency_amount_minute_BIN=High
30014814,alloy_type=open,temperature_measurement1_Celsius_BIN=Low
30014814,alloy_type=open,temperature_measurement2_Celsius_BIN=Low
30014814,alloy_type=open,water_consumption_BIN=High
30014814,alloy_type=open,water_temperature_deltaCelsius_BIN=High
30014814,num_crystallizer_BIN=Medium,alloy_speed_meter_minute_BIN=Medium
30014814,num_crystallizer_BIN=Medium,crystallizer_movementmm_BIN=Low
30014814,num_crystallizer_BIN=Medium,resistance_tonn_BIN=Low
30014814,num_crystallizer_BIN=Medium,steel_temperature_grab1Celsius_BIN=High
30014814,num_crystallizer_BIN=Medium,steel_weighttonn_BIN=High
30014814,num_crystallizer_BIN=Medium,swing_frequency_amount_minute_BIN=High
30014814,num_crystallizer_BIN=Medium,temperature_measurement1_Celsius_BIN=Low
30014814,num_crystallizer_BIN=Medium,temperature_measurement2_Celsius_BIN=Low
30014814,num_crystallizer_BIN=Medium,water_consumption_BIN=High
30014814,num_crystallizer_BIN=Medium,water_temperature_deltaCelsius_BIN=High
30014814,num_stream_BIN=Medium,alloy_speed_meter_minute_BIN=Medium
30014814,num_stream_BIN=Medium,crystallizer_movementmm_BIN=Low
30014814,num_stream_BIN=Medium,resistance_tonn_BIN=Low
30014814,num_stream_BIN=Medium,steel_temperature_grab1Celsius_BIN=High
30014814,num_stream_BIN=Medium,steel_weighttonn_BIN=High
30014814,num_stream_BIN=Medium,swing_frequency_amount_minute_BIN=High
30014814,num_stream_BIN=Medium,temperature_measurement1_Celsius_BIN=Low
30014814,num_stream_BIN=Medium,temperature_measurement2_Celsius_BIN=Low
30014814,num_stream_BIN=Medium,water_consumption_BIN=High
30014814,num_stream_BIN=Medium,water_temperature_deltaCelsius_BIN=High
30014814,steel_type=Arm500,alloy_speed_meter_minute_BIN=Medium
30014814,steel_type=Arm500,crystallizer_movementmm_BIN=Low
30014814,steel_type=Arm500,resistance_tonn_BIN=Low
30014814,steel_type=Arm500,steel_temperature_grab1Celsius_BIN=High
30014814,steel_type=Arm500,steel_weighttonn_BIN=High
30014814,steel_type=Arm500,swing_frequency_amount_minute_BIN=High
30014814,steel_type=Arm500,temperature_measurement1_Celsius_BIN=Low
30014814,steel_type=Arm500,temperature_measurement2_Celsius_BIN=Low
30014814,steel_type=Arm500,water_consumption_BIN=High
30014814,steel_type=Arm500,water_temperature_deltaCelsius_BIN=High
30014814,workpiece_slice_geometry=180x180,alloy_speed_meter_minute_BIN=Medium
30014814,workpiece_slice_geometry=180x180,crystallizer_movementmm_BIN=Low
30014814,workpiece_slice_geometry=180x180,resistance_tonn_BIN=Low
30014814,workpiece_slice_geometry=180x180,steel_temperature_grab1Celsius_BIN=High
30014814,workpiece_slice_geometry=180x180,steel_weighttonn_BIN=High
30014814,workpiece_slice_geometry=180x180,swing_frequency_amount_minute_BIN=High
30014814,workpiece_slice_geometry=180x180,temperature_measurement1_Celsius_BIN=Low
30014814,workpiece_slice_geometry=180x180,temperature_measurement2_Celsius_BIN=Low
30014814,workpiece_slice_geometry=180x180,water_consumption_BIN=High
30014814,workpiece_slice_geometry=180x180,water_temperature_deltaCelsius_BIN=High
30014815,RUL_BIN=Critical,alloy_speed_meter_minute_BIN=Medium
30014815,RUL_BIN=Critical,crystallizer_movementmm_BIN=Low
30014815,RUL_BIN=Critical,resistance_tonn_BIN=Low
30014815,RUL_BIN=Critical,steel_temperature_grab1Celsius_BIN=High
30014815,RUL_BIN=Critical,steel_weighttonn_BIN=High
30014815,RUL_BIN=Critical,swing_frequency_amount_minute_BIN=High
30014815,RUL_BIN=Critical,temperature_measurement1_Celsius_BIN=Low
30014815,RUL_BIN=Critical,temperature_measurement2_Celsius_BIN=Low
30014815,RUL_BIN=Critical,water_consumption_BIN=High
30014815,RUL_BIN=Critical,water_temperature_deltaCelsius_BIN=High
30014815,alloy_type=open,alloy_speed_meter_minute_BIN=Medium
30014815,alloy_type=open,crystallizer_movementmm_BIN=Low
30014815,alloy_type=open,resistance_tonn_BIN=Low
30014815,alloy_type=open,steel_temperature_grab1Celsius_BIN=High
30014815,alloy_type=open,steel_weighttonn_BIN=High
30014815,alloy_type=open,swing_frequency_amount_minute_BIN=High
30014815,alloy_type=open,temperature_measurement1_Celsius_BIN=Low
30014815,alloy_type=open,temperature_measurement2_Celsius_BIN=Low
30014815,alloy_type=open,water_consumption_BIN=High
30014815,alloy_type=open,water_temperature_deltaCelsius_BIN=High
30014815,num_crystallizer_BIN=Medium,alloy_speed_meter_minute_BIN=Medium
30014815,num_crystallizer_BIN=Medium,crystallizer_movementmm_BIN=Low
30014815,num_crystallizer_BIN=Medium,resistance_tonn_BIN=Low
30014815,num_crystallizer_BIN=Medium,steel_temperature_grab1Celsius_BIN=High
30014815,num_crystallizer_BIN=Medium,steel_weighttonn_BIN=High
30014815,num_crystallizer_BIN=Medium,swing_frequency_amount_minute_BIN=High
30014815,num_crystallizer_BIN=Medium,temperature_measurement1_Celsius_BIN=Low
30014815,num_crystallizer_BIN=Medium,temperature_measurement2_Celsius_BIN=Low
30014815,num_crystallizer_BIN=Medium,water_consumption_BIN=High
30014815,num_crystallizer_BIN=Medium,water_temperature_deltaCelsius_BIN=High
30014815,num_stream_BIN=Medium,alloy_speed_meter_minute_BIN=Medium
30014815,num_stream_BIN=Medium,crystallizer_movementmm_BIN=Low
30014815,num_stream_BIN=Medium,resistance_tonn_BIN=Low
30014815,num_stream_BIN=Medium,steel_temperature_grab1Celsius_BIN=High
30014815,num_stream_BIN=Medium,steel_weighttonn_BIN=High
30014815,num_stream_BIN=Medium,swing_frequency_amount_minute_BIN=High
30014815,num_stream_BIN=Medium,temperature_measurement1_Celsius_BIN=Low
30014815,num_stream_BIN=Medium,temperature_measurement2_Celsius_BIN=Low
30014815,num_stream_BIN=Medium,water_consumption_BIN=High
30014815,num_stream_BIN=Medium,water_temperature_deltaCelsius_BIN=High
30014815,steel_type=Arm500,alloy_speed_meter_minute_BIN=Medium
30014815,steel_type=Arm500,crystallizer_movementmm_BIN=Low
30014815,steel_type=Arm500,resistance_tonn_BIN=Low
30014815,steel_type=Arm500,steel_temperature_grab1Celsius_BIN=High
30014815,steel_type=Arm500,steel_weighttonn_BIN=High
30014815,steel_type=Arm500,swing_frequency_amount_minute_BIN=High
30014815,steel_type=Arm500,temperature_measurement1_Celsius_BIN=Low
30014815,steel_type=Arm500,temperature_measurement2_Celsius_BIN=Low
30014815,steel_type=Arm500,water_consumption_BIN=High
30014815,steel_type=Arm500,water_temperature_deltaCelsius_BIN=High
30014815,workpiece_slice_geometry=180x180,alloy_speed_meter_minute_BIN=Medium
30014815,workpiece_slice_geometry=180x180,crystallizer_movementmm_BIN=Low
30014815,workpiece_slice_geometry=180x180,resistance_tonn_BIN=Low
30014815,workpiece_slice_geometry=180x180,steel_temperature_grab1Celsius_BIN=High
30014815,workpiece_slice_geometry=180x180,steel_weighttonn_BIN=High
30014815,workpiece_slice_geometry=180x180,swing_frequency_amount_minute_BIN=High
30014815,workpiece_slice_geometry=180x180,temperature_measurement1_Celsius_BIN=Low
30014815,workpiece_slice_geometry=180x180,temperature_measurement2_Celsius_BIN=Low
30014815,workpiece_slice_geometry=180x180,water_consumption_BIN=High
30014815,workpiece_slice_geometry=180x180,water_temperature_deltaCelsius_BIN=High
30014816,RUL_BIN=Low,alloy_speed_meter_minute_BIN=Medium
30014816,RUL_BIN=Low,crystallizer_movementmm_BIN=Low
30014816,RUL_BIN=Low,resistance_tonn_BIN=Low
30014816,RUL_BIN=Low,steel_temperature_grab1Celsius_BIN=High
30014816,RUL_BIN=Low,steel_weighttonn_BIN=High
30014816,RUL_BIN=Low,swing_frequency_amount_minute_BIN=High
30014816,RUL_BIN=Low,temperature_measurement1_Celsius_BIN=Low
30014816,RUL_BIN=Low,temperature_measurement2_Celsius_BIN=Low
30014816,RUL_BIN=Low,water_consumption_BIN=High
30014816,RUL_BIN=Low,water_temperature_deltaCelsius_BIN=High
30014816,alloy_type=open,alloy_speed_meter_minute_BIN=Medium
30014816,alloy_type=open,crystallizer_movementmm_BIN=Low
30014816,alloy_type=open,resistance_tonn_BIN=Low
30014816,alloy_type=open,steel_temperature_grab1Celsius_BIN=High
30014816,alloy_type=open,steel_weighttonn_BIN=High
30014816,alloy_type=open,swing_frequency_amount_minute_BIN=High
30014816,alloy_type=open,temperature_measurement1_Celsius_BIN=Low
30014816,alloy_type=open,temperature_measurement2_Celsius_BIN=Low
30014816,alloy_type=open,water_consumption_BIN=High
30014816,alloy_type=open,water_temperature_deltaCelsius_BIN=High
30014816,num_crystallizer_BIN=High,alloy_speed_meter_minute_BIN=Medium
30014816,num_crystallizer_BIN=High,crystallizer_movementmm_BIN=Low
30014816,num_crystallizer_BIN=High,resistance_tonn_BIN=Low
30014816,num_crystallizer_BIN=High,steel_temperature_grab1Celsius_BIN=High
30014816,num_crystallizer_BIN=High,steel_weighttonn_BIN=High
30014816,num_crystallizer_BIN=High,swing_frequency_amount_minute_BIN=High
30014816,num_crystallizer_BIN=High,temperature_measurement1_Celsius_BIN=Low
30014816,num_crystallizer_BIN=High,temperature_measurement2_Celsius_BIN=Low
30014816,num_crystallizer_BIN=High,water_consumption_BIN=High
30014816,num_crystallizer_BIN=High,water_temperature_deltaCelsius_BIN=High
30014816,num_stream_BIN=Medium,alloy_speed_meter_minute_BIN=Medium
30014816,num_stream_BIN=Medium,crystallizer_movementmm_BIN=Low
30014816,num_stream_BIN=Medium,resistance_tonn_BIN=Low
30014816,num_stream_BIN=Medium,steel_temperature_grab1Celsius_BIN=High
30014816,num_stream_BIN=Medium,steel_weighttonn_BIN=High
30014816,num_stream_BIN=Medium,swing_frequency_amount_minute_BIN=High
30014816,num_stream_BIN=Medium,temperature_measurement1_Celsius_BIN=Low
30014816,num_stream_BIN=Medium,temperature_measurement2_Celsius_BIN=Low
30014816,num_stream_BIN=Medium,water_consumption_BIN=High
30014816,num_stream_BIN=Medium,water_temperature_deltaCelsius_BIN=High
30014816,steel_type=Arm500,alloy_speed_meter_minute_BIN=Medium
30014816,steel_type=Arm500,crystallizer_movementmm_BIN=Low
30014816,steel_type=Arm500,resistance_tonn_BIN=Low
30014816,steel_type=Arm500,steel_temperature_grab1Celsius_BIN=High
30014816,steel_type=Arm500,steel_weighttonn_BIN=High
30014816,steel_type=Arm500,swing_frequency_amount_minute_BIN=High
30014816,steel_type=Arm500,temperature_measurement1_Celsius_BIN=Low
30014816,steel_type=Arm500,temperature_measurement2_Celsius_BIN=Low
30014816,steel_type=Arm500,water_consumption_BIN=High
30014816,steel_type=Arm500,water_temperature_deltaCelsius_BIN=High
30014816,workpiece_slice_geometry=180x180,alloy_speed_meter_minute_BIN=Medium
30014816,workpiece_slice_geometry=180x180,crystallizer_movementmm_BIN=Low
30014816,workpiece_slice_geometry=180x180,resistance_tonn_BIN=Low
30014816,workpiece_slice_geometry=180x180,steel_temperature_grab1Celsius_BIN=High
30014816,workpiece_slice_geometry=180x180,steel_weighttonn_BIN=High
30014816,workpiece_slice_geometry=180x180,swing_frequency_amount_minute_BIN=High
30014816,workpiece_slice_geometry=180x180,temperature_measurement1_Celsius_BIN=Low
30014816,workpiece_slice_geometry=180x180,temperature_measurement2_Celsius_BIN=Low
30014816,workpiece_slice_geometry=180x180,water_consumption_BIN=High
30014816,workpiece_slice_geometry=180x180,water_temperature_deltaCelsius_BIN=High
30014817,RUL_BIN=Low,alloy_speed_meter_minute_BIN=Medium
30014817,RUL_BIN=Low,crystallizer_movementmm_BIN=Low
30014817,RUL_BIN=Low,resistance_tonn_BIN=Low
30014817,RUL_BIN=Low,steel_temperature_grab1Celsius_BIN=High
30014817,RUL_BIN=Low,steel_weighttonn_BIN=High
30014817,RUL_BIN=Low,swing_frequency_amount_minute_BIN=High
30014817,RUL_BIN=Low,temperature_measurement1_Celsius_BIN=Low
30014817,RUL_BIN=Low,temperature_measurement2_Celsius_BIN=Low
30014817,RUL_BIN=Low,water_consumption_BIN=High
30014817,RUL_BIN=Low,water_temperature_deltaCelsius_BIN=High
30014817,alloy_type=open,alloy_speed_meter_minute_BIN=Medium
30014817,alloy_type=open,crystallizer_movementmm_BIN=Low
30014817,alloy_type=open,resistance_tonn_BIN=Low
30014817,alloy_type=open,steel_temperature_grab1Celsius_BIN=High
30014817,alloy_type=open,steel_weighttonn_BIN=High
30014817,alloy_type=open,swing_frequency_amount_minute_BIN=High
30014817,alloy_type=open,temperature_measurement1_Celsius_BIN=Low
30014817,alloy_type=open,temperature_measurement2_Celsius_BIN=Low
30014817,alloy_type=open,water_consumption_BIN=High
30014817,alloy_type=open,water_temperature_deltaCelsius_BIN=High
30014817,num_crystallizer_BIN=Low,alloy_speed_meter_minute_BIN=Medium
30014817,num_crystallizer_BIN=Low,crystallizer_movementmm_BIN=Low
30014817,num_crystallizer_BIN=Low,resistance_tonn_BIN=Low
30014817,num_crystallizer_BIN=Low,steel_temperature_grab1Celsius_BIN=High
30014817,num_crystallizer_BIN=Low,steel_weighttonn_BIN=High
30014817,num_crystallizer_BIN=Low,swing_frequency_amount_minute_BIN=High
30014817,num_crystallizer_BIN=Low,temperature_measurement1_Celsius_BIN=Low
30014817,num_crystallizer_BIN=Low,temperature_measurement2_Celsius_BIN=Low
30014817,num_crystallizer_BIN=Low,water_consumption_BIN=High
30014817,num_crystallizer_BIN=Low,water_temperature_deltaCelsius_BIN=High
30014817,num_stream_BIN=Low,alloy_speed_meter_minute_BIN=Medium
30014817,num_stream_BIN=Low,crystallizer_movementmm_BIN=Low
30014817,num_stream_BIN=Low,resistance_tonn_BIN=Low
30014817,num_stream_BIN=Low,steel_temperature_grab1Celsius_BIN=High
30014817,num_stream_BIN=Low,steel_weighttonn_BIN=High
30014817,num_stream_BIN=Low,swing_frequency_amount_minute_BIN=High
30014817,num_stream_BIN=Low,temperature_measurement1_Celsius_BIN=Low
30014817,num_stream_BIN=Low,temperature_measurement2_Celsius_BIN=Low
30014817,num_stream_BIN=Low,water_consumption_BIN=High
30014817,num_stream_BIN=Low,water_temperature_deltaCelsius_BIN=High
30014817,steel_type=Arm500,alloy_speed_meter_minute_BIN=Medium
30014817,steel_type=Arm500,crystallizer_movementmm_BIN=Low
30014817,steel_type=Arm500,resistance_tonn_BIN=Low
30014817,steel_type=Arm500,steel_temperature_grab1Celsius_BIN=High
30014817,steel_type=Arm500,steel_weighttonn_BIN=High
30014817,steel_type=Arm500,swing_frequency_amount_minute_BIN=High
30014817,steel_type=Arm500,temperature_measurement1_Celsius_BIN=Low
30014817,steel_type=Arm500,temperature_measurement2_Celsius_BIN=Low
30014817,steel_type=Arm500,water_consumption_BIN=High
30014817,steel_type=Arm500,water_temperature_deltaCelsius_BIN=High
30014817,workpiece_slice_geometry=180x180,alloy_speed_meter_minute_BIN=Medium
30014817,workpiece_slice_geometry=180x180,crystallizer_movementmm_BIN=Low
30014817,workpiece_slice_geometry=180x180,resistance_tonn_BIN=Low
30014817,workpiece_slice_geometry=180x180,steel_temperature_grab1Celsius_BIN=High
30014817,workpiece_slice_geometry=180x180,steel_weighttonn_BIN=High
30014817,workpiece_slice_geometry=180x180,swing_frequency_amount_minute_BIN=High
30014817,workpiece_slice_geometry=180x180,temperature_measurement1_Celsius_BIN=Low
30014817,workpiece_slice_geometry=180x180,temperature_measurement2_Celsius_BIN=Low
30014817,workpiece_slice_geometry=180x180,water_consumption_BIN=High
30014817,workpiece_slice_geometry=180x180,water_temperature_deltaCelsius_BIN=High
30014818,RUL_BIN=Critical,alloy_speed_meter_minute_BIN=Medium
30014818,RUL_BIN=Critical,crystallizer_movementmm_BIN=Low
30014818,RUL_BIN=Critical,resistance_tonn_BIN=Low
30014818,RUL_BIN=Critical,steel_temperature_grab1Celsius_BIN=High
30014818,RUL_BIN=Critical,steel_weighttonn_BIN=High
30014818,RUL_BIN=Critical,swing_frequency_amount_minute_BIN=High
30014818,RUL_BIN=Critical,temperature_measurement1_Celsius_BIN=Low
30014818,RUL_BIN=Critical,temperature_measurement2_Celsius_BIN=Low
30014818,RUL_BIN=Critical,water_consumption_BIN=High
30014818,RUL_BIN=Critical,water_temperature_deltaCelsius_BIN=High
30014818,alloy_type=open,alloy_speed_meter_minute_BIN=Medium
30014818,alloy_type=open,crystallizer_movementmm_BIN=Low
30014818,alloy_type=open,resistance_tonn_BIN=Low
30014818,alloy_type=open,steel_temperature_grab1Celsius_BIN=High
30014818,alloy_type=open,steel_weighttonn_BIN=High
30014818,alloy_type=open,swing_frequency_amount_minute_BIN=High
30014818,alloy_type=open,temperature_measurement1_Celsius_BIN=Low
30014818,alloy_type=open,temperature_measurement2_Celsius_BIN=Low
30014818,alloy_type=open,water_consumption_BIN=High
30014818,alloy_type=open,water_temperature_deltaCelsius_BIN=High
30014818,num_crystallizer_BIN=High,alloy_speed_meter_minute_BIN=Medium
30014818,num_crystallizer_BIN=High,crystallizer_movementmm_BIN=Low
30014818,num_crystallizer_BIN=High,resistance_tonn_BIN=Low
30014818,num_crystallizer_BIN=High,steel_temperature_grab1Celsius_BIN=High
30014818,num_crystallizer_BIN=High,steel_weighttonn_BIN=High
30014818,num_crystallizer_BIN=High,swing_frequency_amount_minute_BIN=High
30014818,num_crystallizer_BIN=High,temperature_measurement1_Celsius_BIN=Low
30014818,num_crystallizer_BIN=High,temperature_measurement2_Celsius_BIN=Low
30014818,num_crystallizer_BIN=High,water_consumption_BIN=High
30014818,num_crystallizer_BIN=High,water_temperature_deltaCelsius_BIN=High
30014818,num_stream_BIN=High,alloy_speed_meter_minute_BIN=Medium
30014818,num_stream_BIN=High,crystallizer_movementmm_BIN=Low
30014818,num_stream_BIN=High,resistance_tonn_BIN=Low
30014818,num_stream_BIN=High,steel_temperature_grab1Celsius_BIN=High
30014818,num_stream_BIN=High,steel_weighttonn_BIN=High
30014818,num_stream_BIN=High,swing_frequency_amount_minute_BIN=High
30014818,num_stream_BIN=High,temperature_measurement1_Celsius_BIN=Low
30014818,num_stream_BIN=High,temperature_measurement2_Celsius_BIN=Low
30014818,num_stream_BIN=High,water_consumption_BIN=High
30014818,num_stream_BIN=High,water_temperature_deltaCelsius_BIN=High
30014818,steel_type=Arm500,alloy_speed_meter_minute_BIN=Medium
30014818,steel_type=Arm500,crystallizer_movementmm_BIN=Low
30014818,steel_type=Arm500,resistance_tonn_BIN=Low
30014818,steel_type=Arm500,steel_temperature_grab1Celsius_BIN=High
30014818,steel_type=Arm500,steel_weighttonn_BIN=High
30014818,steel_type=Arm500,swing_frequency_amount_minute_BIN=High
30014818,steel_type=Arm500,temperature_measurement1_Celsius_BIN=Low
30014818,steel_type=Arm500,temperature_measurement2_Celsius_BIN=Low
30014818,steel_type=Arm500,water_consumption_BIN=High
30014818,steel_type=Arm500,water_temperature_deltaCelsius_BIN=High
30014818,workpiece_slice_geometry=180x180,alloy_speed_meter_minute_BIN=Medium
30014818,workpiece_slice_geometry=180x180,crystallizer_movementmm_BIN=Low
30014818,workpiece_slice_geometry=180x180,resistance_tonn_BIN=Low
30014818,workpiece_slice_geometry=180x180,steel_temperature_grab1Celsius_BIN=High
30014818,workpiece_slice_geometry=180x180,steel_weighttonn_BIN=High
30014818,workpiece_slice_geometry=180x180,swing_frequency_amount_minute_BIN=High
30014818,workpiece_slice_geometry=180x180,temperature_measurement1_Celsius_BIN=Low
30014818,workpiece_slice_geometry=180x180,temperature_measurement2_Celsius_BIN=Low
30014818,workpiece_slice_geometry=180x180,water_consumption_BIN=High
30014818,workpiece_slice_geometry=180x180,water_temperature_deltaCelsius_BIN=High
30014819,RUL_BIN=Critical,alloy_speed_meter_minute_BIN=Medium
30014819,RUL_BIN=Critical,crystallizer_movementmm_BIN=Low
30014819,RUL_BIN=Critical,resistance_tonn_BIN=Low
30014819,RUL_BIN=Critical,steel_temperature_grab1Celsius_BIN=High
30014819,RUL_BIN=Critical,steel_weighttonn_BIN=High
30014819,RUL_BIN=Critical,swing_frequency_amount_minute_BIN=High
30014819,RUL_BIN=Critical,temperature_measurement1_Celsius_BIN=Low
30014819,RUL_BIN=Critical,temperature_measurement2_Celsius_BIN=Low
30014819,RUL_BIN=Critical,water_consumption_BIN=High
30014819,RUL_BIN=Critical,water_temperature_deltaCelsius_BIN=High
30014819,alloy_type=open,alloy_speed_meter_minute_BIN=Medium
30014819,alloy_type=open,crystallizer_movementmm_BIN=Low
30014819,alloy_type=open,resistance_tonn_BIN=Low
30014819,alloy_type=open,steel_temperature_grab1Celsius_BIN=High
30014819,alloy_type=open,steel_weighttonn_BIN=High
30014819,alloy_type=open,swing_frequency_amount_minute_BIN=High
30014819,alloy_type=open,temperature_measurement1_Celsius_BIN=Low
30014819,alloy_type=open,temperature_measurement2_Celsius_BIN=Low
30014819,alloy_type=open,water_consumption_BIN=High
30014819,alloy_type=open,water_temperature_deltaCelsius_BIN=High
30014819,num_crystallizer_BIN=Medium,alloy_speed_meter_minute_BIN=Medium
30014819,num_crystallizer_BIN=Medium,crystallizer_movementmm_BIN=Low
30014819,num_crystallizer_BIN=Medium,resistance_tonn_BIN=Low
30014819,num_crystallizer_BIN=Medium,steel_temperature_grab1Celsius_BIN=High
30014819,num_crystallizer_BIN=Medium,steel_weighttonn_BIN=High
30014819,num_crystallizer_BIN=Medium,swing_frequency_amount_minute_BIN=High
30014819,num_crystallizer_BIN=Medium,temperature_measurement1_Celsius_BIN=Low
30014819,num_crystallizer_BIN=Medium,temperature_measurement2_Celsius_BIN=Low
30014819,num_crystallizer_BIN=Medium,water_consumption_BIN=High
30014819,num_crystallizer_BIN=Medium,water_temperature_deltaCelsius_BIN=High
30014819,num_stream_BIN=Medium,alloy_speed_meter_minute_BIN=Medium
30014819,num_stream_BIN=Medium,crystallizer_movementmm_BIN=Low
30014819,num_stream_BIN=Medium,resistance_tonn_BIN=Low
30014819,num_stream_BIN=Medium,steel_temperature_grab1Celsius_BIN=High
30014819,num_stream_BIN=Medium,steel_weighttonn_BIN=High
30014819,num_stream_BIN=Medium,swing_frequency_amount_minute_BIN=High
30014819,num_stream_BIN=Medium,temperature_measurement1_Celsius_BIN=Low
30014819,num_stream_BIN=Medium,temperature_measurement2_Celsius_BIN=Low
30014819,num_stream_BIN=Medium,water_consumption_BIN=High
30014819,num_stream_BIN=Medium,water_temperature_deltaCelsius_BIN=High
30014819,steel_type=Arm500,alloy_speed_meter_minute_BIN=Medium
30014819,steel_type=Arm500,crystallizer_movementmm_BIN=Low
30014819,steel_type=Arm500,resistance_tonn_BIN=Low
30014819,steel_type=Arm500,steel_temperature_grab1Celsius_BIN=High
30014819,steel_type=Arm500,steel_weighttonn_BIN=High
30014819,steel_type=Arm500,swing_frequency_amount_minute_BIN=High
30014819,steel_type=Arm500,temperature_measurement1_Celsius_BIN=Low
30014819,steel_type=Arm500,temperature_measurement2_Celsius_BIN=Low
30014819,steel_type=Arm500,water_consumption_BIN=High
30014819,steel_type=Arm500,water_temperature_deltaCelsius_BIN=High
30014819,workpiece_slice_geometry=180x180,alloy_speed_meter_minute_BIN=Medium
30014819,workpiece_slice_geometry=180x180,crystallizer_movementmm_BIN=Low
30014819,workpiece_slice_geometry=180x180,resistance_tonn_BIN=Low
30014819,workpiece_slice_geometry=180x180,steel_temperature_grab1Celsius_BIN=High
30014819,workpiece_slice_geometry=180x180,steel_weighttonn_BIN=High
30014819,workpiece_slice_geometry=180x180,swing_frequency_amount_minute_BIN=High
30014819,workpiece_slice_geometry=180x180,temperature_measurement1_Celsius_BIN=Low
30014819,workpiece_slice_geometry=180x180,temperature_measurement2_Celsius_BIN=Low
30014819,workpiece_slice_geometry=180x180,water_consumption_BIN=High
30014819,workpiece_slice_geometry=180x180,water_temperature_deltaCelsius_BIN=High
30014820,RUL_BIN=Low,alloy_speed_meter_minute_BIN=Medium
30014820,RUL_BIN=Low,crystallizer_movementmm_BIN=Low
30014820,RUL_BIN=Low,resistance_tonn_BIN=Low
30014820,RUL_BIN=Low,steel_temperature_grab1Celsius_BIN=High
30014820,RUL_BIN=Low,steel_weighttonn_BIN=High
30014820,RUL_BIN=Low,swing_frequency_amount_minute_BIN=High
30014820,RUL_BIN=Low,temperature_measurement1_Celsius_BIN=Low
30014820,RUL_BIN=Low,temperature_measurement2_Celsius_BIN=Low
30014820,RUL_BIN=Low,water_consumption_BIN=High
30014820,RUL_BIN=Low,water_temperature_deltaCelsius_BIN=High
30014820,alloy_type=open,alloy_speed_meter_minute_BIN=Medium
30014820,alloy_type=open,crystallizer_movementmm_BIN=Low
30014820,alloy_type=open,resistance_tonn_BIN=Low
30014820,alloy_type=open,steel_temperature_grab1Celsius_BIN=High
30014820,alloy_type=open,steel_weighttonn_BIN=High
30014820,alloy_type=open,swing_frequency_amount_minute_BIN=High
30014820,alloy_type=open,temperature_measurement1_Celsius_BIN=Low
30014820,alloy_type=open,temperature_measurement2_Celsius_BIN=Low
30014820,alloy_type=open,water_consumption_BIN=High
30014820,alloy_type=open,water_temperature_deltaCelsius_BIN=High
30014820,num_crystallizer_BIN=Medium,alloy_speed_meter_minute_BIN=Medium
30014820,num_crystallizer_BIN=Medium,crystallizer_movementmm_BIN=Low
30014820,num_crystallizer_BIN=Medium,resistance_tonn_BIN=Low
30014820,num_crystallizer_BIN=Medium,steel_temperature_grab1Celsius_BIN=High
30014820,num_crystallizer_BIN=Medium,steel_weighttonn_BIN=High
30014820,num_crystallizer_BIN=Medium,swing_frequency_amount_minute_BIN=High
30014820,num_crystallizer_BIN=Medium,temperature_measurement1_Celsius_BIN=Low
30014820,num_crystallizer_BIN=Medium,temperature_measurement2_Celsius_BIN=Low
30014820,num_crystallizer_BIN=Medium,water_consumption_BIN=High
30014820,num_crystallizer_BIN=Medium,water_temperature_deltaCelsius_BIN=High
30014820,num_stream_BIN=Low,alloy_speed_meter_minute_BIN=Medium
30014820,num_stream_BIN=Low,crystallizer_movementmm_BIN=Low
30014820,num_stream_BIN=Low,resistance_tonn_BIN=Low
30014820,num_stream_BIN=Low,steel_temperature_grab1Celsius_BIN=High
30014820,num_stream_BIN=Low,steel_weighttonn_BIN=High
30014820,num_stream_BIN=Low,swing_frequency_amount_minute_BIN=High
30014820,num_stream_BIN=Low,temperature_measurement1_Celsius_BIN=Low
30014820,num_stream_BIN=Low,temperature_measurement2_Celsius_BIN=Low
30014820,num_stream_BIN=Low,water_consumption_BIN=High
30014820,num_stream_BIN=Low,water_temperature_deltaCelsius_BIN=High
30014820,steel_type=Arm500,alloy_speed_meter_minute_BIN=Medium
30014820,steel_type=Arm500,crystallizer_movementmm_BIN=Low
30014820,steel_type=Arm500,resistance_tonn_BIN=Low
30014820,steel_type=Arm500,steel_temperature_grab1Celsius_BIN=High
30014820,steel_type=Arm500,steel_weighttonn_BIN=High
30014820,steel_type=Arm500,swing_frequency_amount_minute_BIN=High
30014820,steel_type=Arm500,temperature_measurement1_Celsius_BIN=Low
30014820,steel_type=Arm500,temperature_measurement2_Celsius_BIN=Low
30014820,steel_type=Arm500,water_consumption_BIN=High
30014820,steel_type=Arm500,water_temperature_deltaCelsius_BIN=High
30014820,workpiece_slice_geometry=180x180,alloy_speed_meter_minute_BIN=Medium
30014820,workpiece_slice_geometry=180x180,crystallizer_movementmm_BIN=Low
30014820,workpiece_slice_geometry=180x180,resistance_tonn_BIN=Low
30014820,workpiece_slice_geometry=180x180,steel_temperature_grab1Celsius_BIN=High
30014820,workpiece_slice_geometry=180x180,steel_weighttonn_BIN=High
30014820,workpiece_slice_geometry=180x180,swing_frequency_amount_minute_BIN=High
30014820,workpiece_slice_geometry=180x180,temperature_measurement1_Celsius_BIN=Low
30014820,workpiece_slice_geometry=180x180,temperature_measurement2_Celsius_BIN=Low
30014820,workpiece_slice_geometry=180x180,water_consumption_BIN=High
30014820,workpiece_slice_geometry=180x180,water_temperature_deltaCelsius_BIN=High
30014821,RUL_BIN=Critical,alloy_speed_meter_minute_BIN=Medium
30014821,RUL_BIN=Critical,crystallizer_movementmm_BIN=High
30014821,RUL_BIN=Critical,resistance_tonn_BIN=Low
30014821,RUL_BIN=Critical,steel_temperature_grab1Celsius_BIN=High
30014821,RUL_BIN=Critical,steel_weighttonn_BIN=High
30014821,RUL_BIN=Critical,swing_frequency_amount_minute_BIN=High
30014821,RUL_BIN=Critical,temperature_measurement1_Celsius_BIN=Low
30014821,RUL_BIN=Critical,temperature_measurement2_Celsius_BIN=Low
30014821,RUL_BIN=Critical,water_consumption_BIN=High
30014821,RUL_BIN=Critical,water_temperature_deltaCelsius_BIN=High
30014821,alloy_type=open,alloy_speed_meter_minute_BIN=Medium
30014821,alloy_type=open,crystallizer_movementmm_BIN=High
30014821,alloy_type=open,resistance_tonn_BIN=Low
30014821,alloy_type=open,steel_temperature_grab1Celsius_BIN=High
30014821,alloy_type=open,steel_weighttonn_BIN=High
30014821,alloy_type=open,swing_frequency_amount_minute_BIN=High
30014821,alloy_type=open,temperature_measurement1_Celsius_BIN=Low
30014821,alloy_type=open,temperature_measurement2_Celsius_BIN=Low
30014821,alloy_type=open,water_consumption_BIN=High
30014821,alloy_type=open,water_temperature_deltaCelsius_BIN=High
30014821,num_crystallizer_BIN=Medium,alloy_speed_meter_minute_BIN=Medium
30014821,num_crystallizer_BIN=Medium,crystallizer_movementmm_BIN=High
30014821,num_crystallizer_BIN=Medium,resistance_tonn_BIN=Low
30014821,num_crystallizer_BIN=Medium,steel_temperature_grab1Celsius_BIN=High
30014821,num_crystallizer_BIN=Medium,steel_weighttonn_BIN=High
30014821,num_crystallizer_BIN=Medium,swing_frequency_amount_minute_BIN=High
30014821,num_crystallizer_BIN=Medium,temperature_measurement1_Celsius_BIN=Low
30014821,num_crystallizer_BIN=Medium,temperature_measurement2_Celsius_BIN=Low
30014821,num_crystallizer_BIN=Medium,water_consumption_BIN=High
30014821,num_crystallizer_BIN=Medium,water_temperature_deltaCelsius_BIN=High
30014821,num_stream_BIN=High,alloy_speed_meter_minute_BIN=Medium
30014821,num_stream_BIN=High,crystallizer_movementmm_BIN=High
30014821,num_stream_BIN=High,resistance_tonn_BIN=Low
30014821,num_stream_BIN=High,steel_temperature_grab1Celsius_BIN=High
30014821,num_stream_BIN=High,steel_weighttonn_BIN=High
30014821,num_stream_BIN=High,swing_frequency_amount_minute_BIN=High
30014821,num_stream_BIN=High,temperature_measurement1_Celsius_BIN=Low
30014821,num_stream_BIN=High,temperature_measurement2_Celsius_BIN=Low
30014821,num_stream_BIN=High,water_consumption_BIN=High
30014821,num_stream_BIN=High,water_temperature_deltaCelsius_BIN=High
30014821,steel_type=Arm500,alloy_speed_meter_minute_BIN=Medium
30014821,steel_type=Arm500,crystallizer_movementmm_BIN=High
30014821,steel_type=Arm500,resistance_tonn_BIN=Low
30014821,steel_type=Arm500,steel_temperature_grab1Celsius_BIN=High
30014821,steel_type=Arm500,steel_weighttonn_BIN=High
30014821,steel_type=Arm500,swing_frequency_amount_minute_BIN=High
30014821,steel_type=Arm500,temperature_measurement1_Celsius_BIN=Low
30014821,steel_type=Arm500,temperature_measurement2_Celsius_BIN=Low
30014821,steel_type=Arm500,water_consumption_BIN=High
30014821,steel_type=Arm500,water_temperature_deltaCelsius_BIN=High
30014821,workpiece_slice_geometry=180x180,alloy_speed_meter_minute_BIN=Medium
30014821,workpiece_slice_geometry=180x180,crystallizer_movementmm_BIN=High
30014821,workpiece_slice_geometry=180x180,resistance_tonn_BIN=Low
30014821,workpiece_slice_geometry=180x180,steel_temperature_grab1Celsius_BIN=High
30014821,workpiece_slice_geometry=180x180,steel_weighttonn_BIN=High
30014821,workpiece_slice_geometry=180x180,swing_frequency_amount_minute_BIN=High
30014821,workpiece_slice_geometry=180x180,temperature_measurement1_Celsius_BIN=Low
30014821,workpiece_slice_geometry=180x180,temperature_measurement2_Celsius_BIN=Low
30014821,workpiece_slice_geometry=180x180,water_consumption_BIN=High
30014821,workpiece_slice_geometry=180x180,water_temperature_deltaCelsius_BIN=High
30014824,RUL_BIN=Critical,alloy_speed_meter_minute_BIN=Medium
30014824,RUL_BIN=Critical,crystallizer_movementmm_BIN=Low
30014824,RUL_BIN=Critical,resistance_tonn_BIN=Low
30014824,RUL_BIN=Critical,steel_temperature_grab1Celsius_BIN=High
30014824,RUL_BIN=Critical,steel_weighttonn_BIN=High
30014824,RUL_BIN=Critical,swing_frequency_amount_minute_BIN=High
30014824,RUL_BIN=Critical,temperature_measurement1_Celsius_BIN=Low
30014824,RUL_BIN=Critical,temperature_measurement2_Celsius_BIN=Low
30014824,RUL_BIN=Critical,water_consumption_BIN=High
30014824,RUL_BIN=Critical,water_temperature_deltaCelsius_BIN=High
30014824,alloy_type=open,alloy_speed_meter_minute_BIN=Medium
30014824,alloy_type=open,crystallizer_movementmm_BIN=Low
30014824,alloy_type=open,resistance_tonn_BIN=Low
30014824,alloy_type=open,steel_temperature_grab1Celsius_BIN=High
30014824,alloy_type=open,steel_weighttonn_BIN=High
30014824,alloy_type=open,swing_frequency_amount_minute_BIN=High
30014824,alloy_type=open,temperature_measurement1_Celsius_BIN=Low
30014824,alloy_type=open,temperature_measurement2_Celsius_BIN=Low
30014824,alloy_type=open,water_consumption_BIN=High
30014824,alloy_type=open,water_temperature_deltaCelsius_BIN=High
30014824,num_crystallizer_BIN=Medium,alloy_speed_meter_minute_BIN=Medium
30014824,num_crystallizer_BIN=Medium,crystallizer_movementmm_BIN=Low
30014824,num_crystallizer_BIN=Medium,resistance_tonn_BIN=Low
30014824,num_crystallizer_BIN=Medium,steel_temperature_grab1Celsius_BIN=High
30014824,num_crystallizer_BIN=Medium,steel_weighttonn_BIN=High
30014824,num_crystallizer_BIN=Medium,swing_frequency_amount_minute_BIN=High
30014824,num_crystallizer_BIN=Medium,temperature_measurement1_Celsius_BIN=Low
30014824,num_crystallizer_BIN=Medium,temperature_measurement2_Celsius_BIN=Low
30014824,num_crystallizer_BIN=Medium,water_consumption_BIN=High
30014824,num_crystallizer_BIN=Medium,water_temperature_deltaCelsius_BIN=High
30014824,num_stream_BIN=High,alloy_speed_meter_minute_BIN=Medium
30014824,num_stream_BIN=High,crystallizer_movementmm_BIN=Low
30014824,num_stream_BIN=High,resistance_tonn_BIN=Low
30014824,num_stream_BIN=High,steel_temperature_grab1Celsius_BIN=High
30014824,num_stream_BIN=High,steel_weighttonn_BIN=High
30014824,num_stream_BIN=High,swing_frequency_amount_minute_BIN=High
30014824,num_stream_BIN=High,temperature_measurement1_Celsius_BIN=Low
30014824,num_stream_BIN=High,temperature_measurement2_Celsius_BIN=Low
30014824,num_stream_BIN=High,water_consumption_BIN=High
30014824,num_stream_BIN=High,water_temperature_deltaCelsius_BIN=High
30014824,steel_type=Arm500,alloy_speed_meter_minute_BIN=Medium
30014824,steel_type=Arm500,crystallizer_movementmm_BIN=Low
30014824,steel_type=Arm500,resistance_tonn_BIN=Low
30014824,steel_type=Arm500,steel_temperature_grab1Celsius_BIN=High
30014824,steel_type=Arm500,steel_weighttonn_BIN=High
30014824,steel_type=Arm500,swing_frequency_amount_minute_BIN=High
30014824,steel_type=Arm500,temperature_measurement1_Celsius_BIN=Low
30014824,steel_type=Arm500,temperature_measurement2_Celsius_BIN=Low
30014824,steel_type=Arm500,water_consumption_BIN=High
30014824,steel_type=Arm500,water_temperature_deltaCelsius_BIN=High
30014824,workpiece_slice_geometry=180x180,alloy_speed_meter_minute_BIN=Medium
30014824,workpiece_slice_geometry=180x180,crystallizer_movementmm_BIN=Low
30014824,workpiece_slice_geometry=180x180,resistance_tonn_BIN=Low
30014824,workpiece_slice_geometry=180x180,steel_temperature_grab1Celsius_BIN=High
30014824,workpiece_slice_geometry=180x180,steel_weighttonn_BIN=High
30014824,workpiece_slice_geometry=180x180,swing_frequency_amount_minute_BIN=High
30014824,workpiece_slice_geometry=180x180,temperature_measurement1_Celsius_BIN=Low
30014824,workpiece_slice_geometry=180x180,temperature_measurement2_Celsius_BIN=Low
30014824,workpiece_slice_geometry=180x180,water_consumption_BIN=High
30014824,workpiece_slice_geometry=180x180,water_temperature_deltaCelsius_BIN=High
30014825,RUL_BIN=Critical,alloy_speed_meter_minute_BIN=Medium
30014825,RUL_BIN=Critical,crystallizer_movementmm_BIN=Low
30014825,RUL_BIN=Critical,resistance_tonn_BIN=Low
30014825,RUL_BIN=Critical,steel_temperature_grab1Celsius_BIN=High
30014825,RUL_BIN=Critical,steel_weighttonn_BIN=High
30014825,RUL_BIN=Critical,swing_frequency_amount_minute_BIN=High
30014825,RUL_BIN=Critical,temperature_measurement1_Celsius_BIN=Low
30014825,RUL_BIN=Critical,temperature_measurement2_Celsius_BIN=Low
30014825,RUL_BIN=Critical,water_consumption_BIN=High
30014825,RUL_BIN=Critical,water_temperature_deltaCelsius_BIN=High
30014825,alloy_type=open,alloy_speed_meter_minute_BIN=Medium
30014825,alloy_type=open,crystallizer_movementmm_BIN=Low
30014825,alloy_type=open,resistance_tonn_BIN=Low
30014825,alloy_type=open,steel_temperature_grab1Celsius_BIN=High
30014825,alloy_type=open,steel_weighttonn_BIN=High
30014825,alloy_type=open,swing_frequency_amount_minute_BIN=High
30014825,alloy_type=open,temperature_measurement1_Celsius_BIN=Low
30014825,alloy_type=open,temperature_measurement2_Celsius_BIN=Low
30014825,alloy_type=open,water_consumption_BIN=High
30014825,alloy_type=open,water_temperature_deltaCelsius_BIN=High
30014825,num_crystallizer_BIN=High,alloy_speed_meter_minute_BIN=Medium
30014825,num_crystallizer_BIN=High,crystallizer_movementmm_BIN=Low
30014825,num_crystallizer_BIN=High,resistance_tonn_BIN=Low
30014825,num_crystallizer_BIN=High,steel_temperature_grab1Celsius_BIN=High
30014825,num_crystallizer_BIN=High,steel_weighttonn_BIN=High
30014825,num_crystallizer_BIN=High,swing_frequency_amount_minute_BIN=High
30014825,num_crystallizer_BIN=High,temperature_measurement1_Celsius_BIN=Low
30014825,num_crystallizer_BIN=High,temperature_measurement2_Celsius_BIN=Low
30014825,num_crystallizer_BIN=High,water_consumption_BIN=High
30014825,num_crystallizer_BIN=High,water_temperature_deltaCelsius_BIN=High
30014825,num_stream_BIN=High,alloy_speed_meter_minute_BIN=Medium
30014825,num_stream_BIN=High,crystallizer_movementmm_BIN=Low
30014825,num_stream_BIN=High,resistance_tonn_BIN=Low
30014825,num_stream_BIN=High,steel_temperature_grab1Celsius_BIN=High
30014825,num_stream_BIN=High,steel_weighttonn_BIN=High
30014825,num_stream_BIN=High,swing_frequency_amount_minute_BIN=High
30014825,num_stream_BIN=High,temperature_measurement1_Celsius_BIN=Low
30014825,num_stream_BIN=High,temperature_measurement2_Celsius_BIN=Low
30014825,num_stream_BIN=High,water_consumption_BIN=High
30014825,num_stream_BIN=High,water_temperature_deltaCelsius_BIN=High
30014825,steel_type=Arm500,alloy_speed_meter_minute_BIN=Medium
30014825,steel_type=Arm500,crystallizer_movementmm_BIN=Low
30014825,steel_type=Arm500,resistance_tonn_BIN=Low
30014825,steel_type=Arm500,steel_temperature_grab1Celsius_BIN=High
30014825,steel_type=Arm500,steel_weighttonn_BIN=High
30014825,steel_type=Arm500,swing_frequency_amount_minute_BIN=High
30014825,steel_type=Arm500,temperature_measurement1_Celsius_BIN=Low
30014825,steel_type=Arm500,temperature_measurement2_Celsius_BIN=Low
30014825,steel_type=Arm500,water_consumption_BIN=High
30014825,steel_type=Arm500,water_temperature_deltaCelsius_BIN=High
30014825,workpiece_slice_geometry=180x180,alloy_speed_meter_minute_BIN=Medium
30014825,workpiece_slice_geometry=180x180,crystallizer_movementmm_BIN=Low
30014825,workpiece_slice_geometry=180x180,resistance_tonn_BIN=Low
30014825,workpiece_slice_geometry=180x180,steel_temperature_grab1Celsius_BIN=High
30014825,workpiece_slice_geometry=180x180,steel_weighttonn_BIN=High
30014825,workpiece_slice_geometry=180x180,swing_frequency_amount_minute_BIN=High
30014825,workpiece_slice_geometry=180x180,temperature_measurement1_Celsius_BIN=Low
30014825,workpiece_slice_geometry=180x180,temperature_measurement2_Celsius_BIN=Low
30014825,workpiece_slice_geometry=180x180,water_consumption_BIN=High
30014825,workpiece_slice_geometry=180x180,water_temperature_deltaCelsius_BIN=High
530314 К,RUL_BIN=Low,alloy_speed_meter_minute_BIN=Medium
530314 К,RUL_BIN=Low,crystallizer_movementmm_BIN=Low
530314 К,RUL_BIN=Low,resistance_tonn_BIN=Low
530314 К,RUL_BIN=Low,steel_temperature_grab1Celsius_BIN=High
530314 К,RUL_BIN=Low,steel_weighttonn_BIN=High
530314 К,RUL_BIN=Low,swing_frequency_amount_minute_BIN=High
530314 К,RUL_BIN=Low,temperature_measurement1_Celsius_BIN=Low
530314 К,RUL_BIN=Low,temperature_measurement2_Celsius_BIN=Low
530314 К,RUL_BIN=Low,water_consumption_BIN=High
530314 К,RUL_BIN=Low,water_temperature_deltaCelsius_BIN=High
530314 К,alloy_type=open,alloy_speed_meter_minute_BIN=Medium
530314 К,alloy_type=open,crystallizer_movementmm_BIN=Low
530314 К,alloy_type=open,resistance_tonn_BIN=Low
530314 К,alloy_type=open,steel_temperature_grab1Celsius_BIN=High
530314 К,alloy_type=open,steel_weighttonn_BIN=High
530314 К,alloy_type=open,swing_frequency_amount_minute_BIN=High
530314 К,alloy_type=open,temperature_measurement1_Celsius_BIN=Low
530314 К,alloy_type=open,temperature_measurement2_Celsius_BIN=Low
530314 К,alloy_type=open,water_consumption_BIN=High
530314 К,alloy_type=open,water_temperature_deltaCelsius_BIN=High
530314 К,num_crystallizer_BIN=High,alloy_speed_meter_minute_BIN=Medium
530314 К,num_crystallizer_BIN=High,crystallizer_movementmm_BIN=Low
530314 К,num_crystallizer_BIN=High,resistance_tonn_BIN=Low
530314 К,num_crystallizer_BIN=High,steel_temperature_grab1Celsius_BIN=High
530314 К,num_crystallizer_BIN=High,steel_weighttonn_BIN=High
530314 К,num_crystallizer_BIN=High,swing_frequency_amount_minute_BIN=High
530314 К,num_crystallizer_BIN=High,temperature_measurement1_Celsius_BIN=Low
530314 К,num_crystallizer_BIN=High,temperature_measurement2_Celsius_BIN=Low
530314 К,num_crystallizer_BIN=High,water_consumption_BIN=High
530314 К,num_crystallizer_BIN=High,water_temperature_deltaCelsius_BIN=High
530314 К,num_stream_BIN=Low,alloy_speed_meter_minute_BIN=Medium
530314 К,num_stream_BIN=Low,crystallizer_movementmm_BIN=Low
530314 К,num_stream_BIN=Low,resistance_tonn_BIN=Low
530314 К,num_stream_BIN=Low,steel_temperature_grab1Celsius_BIN=High
530314 К,num_stream_BIN=Low,steel_weighttonn_BIN=High
530314 К,num_stream_BIN=Low,swing_frequency_amount_minute_BIN=High
530314 К,num_stream_BIN=Low,temperature_measurement1_Celsius_BIN=Low
530314 К,num_stream_BIN=Low,temperature_measurement2_Celsius_BIN=Low
530314 К,num_stream_BIN=Low,water_consumption_BIN=High
530314 К,num_stream_BIN=Low,water_temperature_deltaCelsius_BIN=High
530314 К,steel_type=Arm500,alloy_speed_meter_minute_BIN=Medium
530314 К,steel_type=Arm500,crystallizer_movementmm_BIN=Low
530314 К,steel_type=Arm500,resistance_tonn_BIN=Low
530314 К,steel_type=Arm500,steel_temperature_grab1Celsius_BIN=High
530314 К,steel_type=Arm500,steel_weighttonn_BIN=High
530314 К,steel_type=Arm500,swing_frequency_amount_minute_BIN=High
530314 К,steel_type=Arm500,temperature_measurement1_Celsius_BIN=Low
530314 К,steel_type=Arm500,temperature_measurement2_Celsius_BIN=Low
530314 К,steel_type=Arm500,water_consumption_BIN=High
530314 К,steel_type=Arm500,water_temperature_deltaCelsius_BIN=High
530314 К,workpiece_slice_geometry=180x180,alloy_speed_meter_minute_BIN=Medium
530314 К,workpiece_slice_geometry=180x180,crystallizer_movementmm_BIN=Low
530314 К,workpiece_slice_geometry=180x180,resistance_tonn_BIN=Low
530314 К,workpiece_slice_geometry=180x180,steel_temperature_grab1Celsius_BIN=High
530314 К,workpiece_slice_geometry=180x180,steel_weighttonn_BIN=High
530314 К,workpiece_slice_geometry=180x180,swing_frequency_amount_minute_BIN=High
530314 К,workpiece_slice_geometry=180x180,temperature_measurement1_Celsius_BIN=Low
530314 К,workpiece_slice_geometry=180x180,temperature_measurement2_Celsius_BIN=Low
530314 К,workpiece_slice_geometry=180x180,water_consumption_BIN=High
530314 К,workpiece_slice_geometry=180x180,water_temperature_deltaCelsius_BIN=High
83898,RUL_BIN=Critical,alloy_speed_meter_minute_BIN=Medium
83898,RUL_BIN=Critical,crystallizer_movementmm_BIN=Low
83898,RUL_BIN=Critical,resistance_tonn_BIN=Low
83898,RUL_BIN=Critical,steel_temperature_grab1Celsius_BIN=High
83898,RUL_BIN=Critical,steel_weighttonn_BIN=High
83898,RUL_BIN=Critical,swing_frequency_amount_minute_BIN=High
83898,RUL_BIN=Critical,temperature_measurement1_Celsius_BIN=Low
83898,RUL_BIN=Critical,temperature_measurement2_Celsius_BIN=Low
83898,RUL_BIN=Critical,water_consumption_BIN=High
83898,RUL_BIN=Critical,water_temperature_deltaCelsius_BIN=High
83898,alloy_type=open,alloy_speed_meter_minute_BIN=Medium
83898,alloy_type=open,crystallizer_movementmm_BIN=Low
83898,alloy_type=open,resistance_tonn_BIN=Low
83898,alloy_type=open,steel_temperature_grab1Celsius_BIN=High
83898,alloy_type=open,steel_weighttonn_BIN=High
83898,alloy_type=open,swing_frequency_amount_minute_BIN=High
83898,alloy_type=open,temperature_measurement1_Celsius_BIN=Low
83898,alloy_type=open,temperature_measurement2_Celsius_BIN=Low
83898,alloy_type=open,water_consumption_BIN=High
83898,alloy_type=open,water_temperature_deltaCelsius_BIN=High
83898,num_crystallizer_BIN=Low,alloy_speed_meter_minute_BIN=Medium
83898,num_crystallizer_BIN=Low,crystallizer_movementmm_BIN=Low
83898,num_crystallizer_BIN=Low,resistance_tonn_BIN=Low
83898,num_crystallizer_BIN=Low,steel_temperature_grab1Celsius_BIN=High
83898,num_crystallizer_BIN=Low,steel_weighttonn_BIN=High
83898,num_crystallizer_BIN=Low,swing_frequency_amount_minute_BIN=High
83898,num_crystallizer_BIN=Low,temperature_measurement1_Celsius_BIN=Low
83898,num_crystallizer_BIN=Low,temperature_measurement2_Celsius_BIN=Low
83898,num_crystallizer_BIN=Low,water_consumption_BIN=High
83898,num_crystallizer_BIN=Low,water_temperature_deltaCelsius_BIN=High
83898,num_stream_BIN=Low,alloy_speed_meter_minute_BIN=Medium
83898,num_stream_BIN=Low,crystallizer_movementmm_BIN=Low
83898,num_stream_BIN=Low,resistance_tonn_BIN=Low
83898,num_stream_BIN=Low,steel_temperature_grab1Celsius_BIN=High
83898,num_stream_BIN=Low,steel_weighttonn_BIN=High
83898,num_stream_BIN=Low,swing_frequency_amount_minute_BIN=High
83898,num_stream_BIN=Low,temperature_measurement1_Celsius_BIN=Low
83898,num_stream_BIN=Low,temperature_measurement2_Celsius_BIN=Low
83898,num_stream_BIN=Low,water_consumption_BIN=High
83898,num_stream_BIN=Low,water_temperature_deltaCelsius_BIN=High
83898,steel_type=Arm500,alloy_speed_meter_minute_BIN=Medium
83898,steel_type=Arm500,crystallizer_movementmm_BIN=Low
83898,steel_type=Arm500,resistance_tonn_BIN=Low
83898,steel_type=Arm500,steel_temperature_grab1Celsius_BIN=High
83898,steel_type=Arm500,steel_weighttonn_BIN=High
83898,steel_type=Arm500,swing_frequency_amount_minute_BIN=High
83898,steel_type=Arm500,temperature_measurement1_Celsius_BIN=Low
83898,steel_type=Arm500,temperature_measurement2_Celsius_BIN=Low
83898,steel_type=Arm500,water_consumption_BIN=High
83898,steel_type=Arm500,water_temperature_deltaCelsius_BIN=High
83898,workpiece_slice_geometry=180x180,alloy_speed_meter_minute_BIN=Medium
83898,workpiece_slice_geometry=180x180,crystallizer_movementmm_BIN=Low
83898,workpiece_slice_geometry=180x180,resistance_tonn_BIN=Low
83898,workpiece_slice_geometry=180x180,steel_temperature_grab1Celsius_BIN=High
83898,workpiece_slice_geometry=180x180,steel_weighttonn_BIN=High
83898,workpiece_slice_geometry=180x180,swing_frequency_amount_minute_BIN=High
83898,workpiece_slice_geometry=180x180,temperature_measurement1_Celsius_BIN=Low
83898,workpiece_slice_geometry=180x180,temperature_measurement2_Celsius_BIN=Low
83898,workpiece_slice_geometry=180x180,water_consumption_BIN=High
83898,workpiece_slice_geometry=180x180,water_temperature_deltaCelsius_BIN=High
