record_type,intent_str,intent_size,lifespan,lifespan_pct,classification,birth_day,last_alive_day,still_alive_at_end,alive_days,avg_extent_size,date,n_births,n_deaths,n_alive,attribute,level,prevalence_pct,n_concepts,context_id,n_objects,n_attributes,density,avg_intent_size,max_intent_size,max_extent_size,Metric,Value
life_track,alloy_speed_meter_minute_BIN=Medium | alloy_type=open | cast_in_row_BIN=Low | crystallizer_movementmm_BIN=Low | resistance_tonn_BIN=Low | steel_temperature_grab1Celsius_BIN=High | steel_type=Arm500 | steel_weighttonn_BIN=High | swing_frequency_amount_minute_BIN=High | temperature_measurement1_Celsius_BIN=Low | temperature_measurement2_Celsius_BIN=Low | water_consumption_BIN=High | water_temperature_deltaCelsius_BIN=High | workpiece_slice_geometry=180x180,14.0,20.0,23.26,Short-lived,2020-02-07,2020-08-24,False,2020-02-07 | 2020-05-14 | 2020-05-20 | 2020-05-24 | 2020-05-25 | 2020-06-07 | 2020-07-16 | 2020-07-18 | 2020-07-20 | 2020-07-21 | 2020-07-24 | 2020-07-26 | 2020-07-28 | 2020-07-30 | 2020-08-08 | 2020-08-13 | 2020-08-19 | 2020-08-20 | 2020-08-23 | 2020-08-24,6.25,,,,,,,,,,,,,,,,,
life_track,alloy_speed_meter_minute_BIN=Medium | alloy_type=open | cast_in_row_BIN=Low | crystallizer_movementmm_BIN=Low | num_crystallizer_BIN=Medium | resistance_tonn_BIN=Low | steel_temperature_grab1Celsius_BIN=High | steel_type=Arm500 | steel_weighttonn_BIN=High | swing_frequency_amount_minute_BIN=High | temperature_measurement1_Celsius_BIN=Low | temperature_measurement2_Celsius_BIN=Low | water_consumption_BIN=High | water_temperature_deltaCelsius_BIN=High | workpiece_slice_geometry=180x180,15.0,15.0,17.44,Short-lived,2020-05-14,2020-08-13,False,2020-05-14 | 2020-05-20 | 2020-05-24 | 2020-05-25 | 2020-05-29 | 2020-06-07 | 2020-07-16 | 2020-07-18 | 2020-07-20 | 2020-07-24 | 2020-07-26 | 2020-07-28 | 2020-07-30 | 2020-08-08 | 2020-08-13,4.27,,,,,,,,,,,,,,,,,
life_track,RUL_BIN=Medium | alloy_speed_meter_minute_BIN=Medium | alloy_type=open | cast_in_row_BIN=Low | crystallizer_movementmm_BIN=Low | num_crystallizer_BIN=Medium | num_stream_BIN=Medium | resistance_tonn_BIN=Low | steel_temperature_grab1Celsius_BIN=High | steel_type=Arm500 | steel_weighttonn_BIN=High | swing_frequency_amount_minute_BIN=High | temperature_measurement1_Celsius_BIN=Low | temperature_measurement2_Celsius_BIN=Low | water_consumption_BIN=High | water_temperature_deltaCelsius_BIN=High | workpiece_slice_geometry=180x180,17.0,10.0,11.63,Short-lived,2020-01-08,2020-08-13,False,2020-01-08 | 2020-05-14 | 2020-05-20 | 2020-05-24 | 2020-05-25 | 2020-06-07 | 2020-07-18 | 2020-07-20 | 2020-08-08 | 2020-08-13,1.3,,,,,,,,,,,,,,,,,
life_track,RUL_BIN=Low | alloy_speed_meter_minute_BIN=Medium | alloy_type=open | cast_in_row_BIN=Low | crystallizer_movementmm_BIN=Low | num_crystallizer_BIN=Medium | num_stream_BIN=Medium | resistance_tonn_BIN=Low | steel_temperature_grab1Celsius_BIN=High | steel_type=Arm500 | steel_weighttonn_BIN=High | swing_frequency_amount_minute_BIN=High | temperature_measurement1_Celsius_BIN=Low | temperature_measurement2_Celsius_BIN=Low | water_consumption_BIN=High | water_temperature_deltaCelsius_BIN=High | workpiece_slice_geometry=180x180,17.0,10.0,11.63,Short-lived,2020-01-09,2020-08-22,False,2020-01-09 | 2020-05-20 | 2020-05-24 | 2020-05-25 | 2020-05-29 | 2020-07-20 | 2020-07-21 | 2020-07-24 | 2020-07-26 | 2020-08-22,1.3,,,,,,,,,,,,,,,,,
life_track,alloy_speed_meter_minute_BIN=Medium | alloy_type=open | cast_in_row_BIN=Medium | crystallizer_movementmm_BIN=Low | resistance_tonn_BIN=Low | steel_temperature_grab1Celsius_BIN=High | steel_type=Arm500 | steel_weighttonn_BIN=High | swing_frequency_amount_minute_BIN=High | temperature_measurement1_Celsius_BIN=Low | temperature_measurement2_Celsius_BIN=Low | water_consumption_BIN=High | water_temperature_deltaCelsius_BIN=High | workpiece_slice_geometry=180x180,14.0,9.0,10.47,Short-lived,2020-02-09,2020-08-22,False,2020-02-09 | 2020-05-08 | 2020-05-09 | 2020-07-22 | 2020-08-09 | 2020-08-14 | 2020-08-15 | 2020-08-21 | 2020-08-22,6.11,,,,,,,,,,,,,,,,,
life_track,alloy_speed_meter_minute_BIN=Medium | alloy_type=open | cast_in_row_BIN=Low | crystallizer_movementmm_BIN=Low | num_stream_BIN=Low | resistance_tonn_BIN=Low | steel_temperature_grab1Celsius_BIN=High | steel_type=Arm500 | steel_weighttonn_BIN=High | swing_frequency_amount_minute_BIN=High | temperature_measurement1_Celsius_BIN=Low | temperature_measurement2_Celsius_BIN=Low | water_consumption_BIN=High | water_temperature_deltaCelsius_BIN=High | workpiece_slice_geometry=180x180,15.0,9.0,10.47,Short-lived,2020-02-07,2020-08-08,False,2020-02-07 | 2020-05-20 | 2020-05-24 | 2020-05-25 | 2020-07-20 | 2020-07-24 | 2020-07-26 | 2020-07-28 | 2020-08-08,3.0,,,,,,,,,,,,,,,,,
life_track,alloy_speed_meter_minute_BIN=Medium | alloy_type=open | cast_in_row_BIN=Low | crystallizer_movementmm_BIN=Low | num_stream_BIN=High | resistance_tonn_BIN=Low | steel_temperature_grab1Celsius_BIN=High | steel_type=Arm500 | steel_weighttonn_BIN=High | swing_frequency_amount_minute_BIN=High | temperature_measurement1_Celsius_BIN=Low | temperature_measurement2_Celsius_BIN=Low | water_consumption_BIN=High | water_temperature_deltaCelsius_BIN=High | workpiece_slice_geometry=180x180,15.0,9.0,10.47,Short-lived,2020-02-07,2020-08-23,False,2020-02-07 | 2020-05-14 | 2020-05-24 | 2020-05-25 | 2020-07-20 | 2020-07-24 | 2020-07-26 | 2020-08-08 | 2020-08-23,2.44,,,,,,,,,,,,,,,,,
life_track,RUL_BIN=Medium | alloy_speed_meter_minute_BIN=Medium | alloy_type=open | cast_in_row_BIN=Low | crystallizer_movementmm_BIN=Low | resistance_tonn_BIN=Low | steel_temperature_grab1Celsius_BIN=High | steel_type=Arm500 | steel_weighttonn_BIN=High | swing_frequency_amount_minute_BIN=High | temperature_measurement1_Celsius_BIN=Low | temperature_measurement2_Celsius_BIN=Low | water_consumption_BIN=High | water_temperature_deltaCelsius_BIN=High | workpiece_slice_geometry=180x180,15.0,8.0,9.3,Ephemeral,2020-01-08,2020-08-13,False,2020-01-08 | 2020-02-07 | 2020-05-14 | 2020-06-07 | 2020-07-16 | 2020-07-18 | 2020-07-20 | 2020-08-13,3.38,,,,,,,,,,,,,,,,,
life_track,RUL_BIN=Low | alloy_speed_meter_minute_BIN=Medium | alloy_type=open | cast_in_row_BIN=Low | crystallizer_movementmm_BIN=Low | resistance_tonn_BIN=Low | steel_temperature_grab1Celsius_BIN=High | steel_type=Arm500 | steel_weighttonn_BIN=High | swing_frequency_amount_minute_BIN=High | temperature_measurement1_Celsius_BIN=Low | temperature_measurement2_Celsius_BIN=Low | water_consumption_BIN=High | water_temperature_deltaCelsius_BIN=High | workpiece_slice_geometry=180x180,15.0,8.0,9.3,Ephemeral,2020-01-09,2020-08-08,False,2020-01-09 | 2020-05-20 | 2020-05-24 | 2020-05-25 | 2020-07-21 | 2020-07-24 | 2020-07-26 | 2020-08-08,4.5,,,,,,,,,,,,,,,,,
life_track,RUL_BIN=Critical | alloy_speed_meter_minute_BIN=Medium | alloy_type=open | cast_in_row_BIN=Low | crystallizer_movementmm_BIN=Low | resistance_tonn_BIN=Low | steel_temperature_grab1Celsius_BIN=High | steel_type=Arm500 | steel_weighttonn_BIN=High | swing_frequency_amount_minute_BIN=High | temperature_measurement1_Celsius_BIN=Low | temperature_measurement2_Celsius_BIN=Low | water_consumption_BIN=High | water_temperature_deltaCelsius_BIN=High | workpiece_slice_geometry=180x180,15.0,8.0,9.3,Ephemeral,2020-03-09,2020-08-25,False,2020-03-09 | 2020-05-25 | 2020-07-24 | 2020-07-26 | 2020-07-28 | 2020-07-30 | 2020-08-08 | 2020-08-25,4.0,,,,,,,,,,,,,,,,,
life_track,alloy_speed_meter_minute_BIN=Medium | alloy_type=open | cast_in_row_BIN=Low | crystallizer_movementmm_BIN=Low | num_stream_BIN=Medium | resistance_tonn_BIN=Low | steel_temperature_grab1Celsius_BIN=High | steel_type=Arm500 | steel_weighttonn_BIN=High | swing_frequency_amount_minute_BIN=High | temperature_measurement1_Celsius_BIN=Low | temperature_measurement2_Celsius_BIN=Low | water_consumption_BIN=High | water_temperature_deltaCelsius_BIN=High | workpiece_slice_geometry=180x180,15.0,8.0,9.3,Ephemeral,2020-05-25,2020-08-20,False,2020-05-25 | 2020-06-07 | 2020-07-20 | 2020-07-21 | 2020-08-08 | 2020-08-13 | 2020-08-19 | 2020-08-20,2.5,,,,,,,,,,,,,,,,,
life_track,alloy_speed_meter_minute_BIN=Medium | alloy_type=open | cast_in_row_BIN=Low | crystallizer_movementmm_BIN=Low | num_crystallizer_BIN=Medium | num_stream_BIN=Medium | resistance_tonn_BIN=Low | steel_temperature_grab1Celsius_BIN=High | steel_type=Arm500 | steel_weighttonn_BIN=High | swing_frequency_amount_minute_BIN=High | temperature_measurement1_Celsius_BIN=Low | temperature_measurement2_Celsius_BIN=Low | water_consumption_BIN=High | water_temperature_deltaCelsius_BIN=High | workpiece_slice_geometry=180x180,16.0,7.0,8.14,Ephemeral,2020-05-14,2020-07-20,False,2020-05-14 | 2020-05-20 | 2020-05-24 | 2020-05-25 | 2020-05-29 | 2020-06-07 | 2020-07-20,2.29,,,,,,,,,,,,,,,,,
life_track,RUL_BIN=Critical | alloy_speed_meter_minute_BIN=Medium | alloy_type=open | cast_in_row_BIN=Low | crystallizer_movementmm_BIN=Low | num_crystallizer_BIN=Low | num_stream_BIN=Low | resistance_tonn_BIN=Low | steel_temperature_grab1Celsius_BIN=High | steel_type=Arm500 | steel_weighttonn_BIN=High | swing_frequency_amount_minute_BIN=High | temperature_measurement1_Celsius_BIN=Low | temperature_measurement2_Celsius_BIN=Low | water_consumption_BIN=High | water_temperature_deltaCelsius_BIN=High | workpiece_slice_geometry=180x180,17.0,7.0,8.14,Ephemeral,2020-03-09,2020-08-25,False,2020-03-09 | 2020-05-20 | 2020-05-25 | 2020-07-28 | 2020-07-30 | 2020-08-24 | 2020-08-25,1.14,,,,,,,,,,,,,,,,,
life_track,RUL_BIN=Critical | alloy_speed_meter_minute_BIN=Medium | alloy_type=open | cast_in_row_BIN=Low | crystallizer_movementmm_BIN=Low | num_crystallizer_BIN=Medium | num_stream_BIN=High | resistance_tonn_BIN=Low | steel_temperature_grab1Celsius_BIN=High | steel_type=Arm500 | steel_weighttonn_BIN=High | swing_frequency_amount_minute_BIN=High | temperature_measurement1_Celsius_BIN=Low | temperature_measurement2_Celsius_BIN=Low | water_consumption_BIN=High | water_temperature_deltaCelsius_BIN=High | workpiece_slice_geometry=180x180,17.0,7.0,8.14,Ephemeral,2020-05-24,2020-08-25,False,2020-05-24 | 2020-05-25 | 2020-07-24 | 2020-07-26 | 2020-07-30 | 2020-08-13 | 2020-08-25,1.14,,,,,,,,,,,,,,,,,
life_track,alloy_speed_meter_minute_BIN=Medium | alloy_type=open | cast_in_row_BIN=Low | crystallizer_movementmm_BIN=Low | resistance_tonn_BIN=Low | steel_temperature_grab1Celsius_BIN=High | steel_type=Arm500 | steel_weighttonn_BIN=High | swing_frequency_amount_minute_BIN=Medium | temperature_measurement1_Celsius_BIN=Low | temperature_measurement2_Celsius_BIN=Low | water_consumption_BIN=High | water_temperature_deltaCelsius_BIN=High | workpiece_slice_geometry=180x180,14.0,6.0,6.98,Ephemeral,2020-02-05,2020-05-23,False,2020-02-05 | 2020-03-05 | 2020-05-17 | 2020-05-19 | 2020-05-21 | 2020-05-23,9.17,,,,,,,,,,,,,,,,,
life_track,alloy_speed_meter_minute_BIN=Medium | alloy_type=open | cast_in_row_BIN=Low | crystallizer_movementmm_BIN=Low | num_stream_BIN=High | resistance_tonn_BIN=Low | steel_temperature_grab1Celsius_BIN=High | steel_type=Arm500 | steel_weighttonn_BIN=High | swing_frequency_amount_minute_BIN=Medium | temperature_measurement1_Celsius_BIN=Low | temperature_measurement2_Celsius_BIN=Low | water_consumption_BIN=High | water_temperature_deltaCelsius_BIN=High | workpiece_slice_geometry=180x180,15.0,6.0,6.98,Ephemeral,2020-02-05,2020-05-23,False,2020-02-05 | 2020-03-05 | 2020-05-17 | 2020-05-19 | 2020-05-21 | 2020-05-23,2.83,,,,,,,,,,,,,,,,,
life_track,alloy_speed_meter_minute_BIN=Medium | alloy_type=open | cast_in_row_BIN=Medium | crystallizer_movementmm_BIN=Low | num_stream_BIN=Medium | resistance_tonn_BIN=Low | steel_temperature_grab1Celsius_BIN=High | steel_type=Arm500 | steel_weighttonn_BIN=High | swing_frequency_amount_minute_BIN=High | temperature_measurement1_Celsius_BIN=Low | temperature_measurement2_Celsius_BIN=Low | water_consumption_BIN=High | water_temperature_deltaCelsius_BIN=High | workpiece_slice_geometry=180x180,15.0,6.0,6.98,Ephemeral,2020-02-09,2020-08-21,False,2020-02-09 | 2020-05-09 | 2020-07-22 | 2020-08-14 | 2020-08-15 | 2020-08-21,2.5,,,,,,,,,,,,,,,,,
life_track,RUL_BIN=Low | alloy_speed_meter_minute_BIN=Medium | alloy_type=open | cast_in_row_BIN=Medium | crystallizer_movementmm_BIN=Low | resistance_tonn_BIN=Low | steel_temperature_grab1Celsius_BIN=High | steel_type=Arm500 | steel_weighttonn_BIN=High | swing_frequency_amount_minute_BIN=High | temperature_measurement1_Celsius_BIN=Low | temperature_measurement2_Celsius_BIN=Low | water_consumption_BIN=High | water_temperature_deltaCelsius_BIN=High | workpiece_slice_geometry=180x180,15.0,6.0,6.98,Ephemeral,2020-05-08,2020-08-21,False,2020-05-08 | 2020-07-22 | 2020-08-09 | 2020-08-14 | 2020-08-15 | 2020-08-21,3.17,,,,,,,,,,,,,,,,,
life_track,RUL_BIN=Low | alloy_speed_meter_minute_BIN=Medium | alloy_type=open | cast_in_row_BIN=Low | crystallizer_movementmm_BIN=Low | num_crystallizer_BIN=Medium | resistance_tonn_BIN=Low | steel_temperature_grab1Celsius_BIN=High | steel_type=Arm500 | steel_weighttonn_BIN=High | swing_frequency_amount_minute_BIN=High | temperature_measurement1_Celsius_BIN=Low | temperature_measurement2_Celsius_BIN=Low | water_consumption_BIN=High | water_temperature_deltaCelsius_BIN=High | workpiece_slice_geometry=180x180,16.0,6.0,6.98,Ephemeral,2020-01-09,2020-07-24,False,2020-01-09 | 2020-05-20 | 2020-05-29 | 2020-07-20 | 2020-07-21 | 2020-07-24,3.67,,,,,,,,,,,,,,,,,
life_track,RUL_BIN=Low | alloy_speed_meter_minute_BIN=Medium | alloy_type=open | cast_in_row_BIN=Low | crystallizer_movementmm_BIN=Low | num_crystallizer_BIN=Medium | num_stream_BIN=Low | resistance_tonn_BIN=Low | steel_temperature_grab1Celsius_BIN=High | steel_type=Arm500 | steel_weighttonn_BIN=High | swing_frequency_amount_minute_BIN=High | temperature_measurement1_Celsius_BIN=Low | temperature_measurement2_Celsius_BIN=Low | water_consumption_BIN=High | water_temperature_deltaCelsius_BIN=High | workpiece_slice_geometry=180x180,17.0,6.0,6.98,Ephemeral,2020-01-09,2020-07-24,False,2020-01-09 | 2020-05-20 | 2020-05-29 | 2020-07-20 | 2020-07-21 | 2020-07-24,2.0,,,,,,,,,,,,,,,,,
life_track,RUL_BIN=Low | alloy_speed_meter_minute_BIN=Medium | alloy_type=open | cast_in_row_BIN=Low | crystallizer_movementmm_BIN=Low | num_crystallizer_BIN=High | num_stream_BIN=High | resistance_tonn_BIN=Low | steel_temperature_grab1Celsius_BIN=High | steel_type=Arm500 | steel_weighttonn_BIN=High | swing_frequency_amount_minute_BIN=High | temperature_measurement1_Celsius_BIN=Low | temperature_measurement2_Celsius_BIN=Low | water_consumption_BIN=High | water_temperature_deltaCelsius_BIN=High | workpiece_slice_geometry=180x180,17.0,6.0,6.98,Ephemeral,2020-01-09,2020-08-24,False,2020-01-09 | 2020-05-20 | 2020-05-24 | 2020-07-18 | 2020-08-23 | 2020-08-24,1.17,,,,,,,,,,,,,,,,,
life_track,RUL_BIN=Critical | alloy_speed_meter_minute_BIN=Medium | alloy_type=open | cast_in_row_BIN=Low | crystallizer_movementmm_BIN=Low | num_crystallizer_BIN=Medium | num_stream_BIN=Medium | resistance_tonn_BIN=Low | steel_temperature_grab1Celsius_BIN=High | steel_type=Arm500 | steel_weighttonn_BIN=High | swing_frequency_amount_minute_BIN=High | temperature_measurement1_Celsius_BIN=Low | temperature_measurement2_Celsius_BIN=Low | water_consumption_BIN=High | water_temperature_deltaCelsius_BIN=High | workpiece_slice_geometry=180x180,17.0,6.0,6.98,Ephemeral,2020-05-29,2020-08-25,False,2020-05-29 | 2020-06-07 | 2020-07-28 | 2020-07-30 | 2020-08-19 | 2020-08-25,1.33,,,,,,,,,,,,,,,,,
life_track,RUL_BIN=Low | alloy_speed_meter_minute_BIN=Medium | alloy_type=open | cast_in_row_BIN=Low | crystallizer_movementmm_BIN=Low | num_crystallizer_BIN=Medium | num_stream_BIN=High | resistance_tonn_BIN=Low | steel_temperature_grab1Celsius_BIN=High | steel_type=Arm500 | steel_weighttonn_BIN=High | swing_frequency_amount_minute_BIN=High | temperature_measurement1_Celsius_BIN=Low | temperature_measurement2_Celsius_BIN=Low | water_consumption_BIN=High | water_temperature_deltaCelsius_BIN=High | workpiece_slice_geometry=180x180,17.0,6.0,6.98,Ephemeral,2020-06-07,2020-08-24,False,2020-06-07 | 2020-07-18 | 2020-07-20 | 2020-07-21 | 2020-08-08 | 2020-08-24,1.0,,,,,,,,,,,,,,,,,
life_track,alloy_speed_meter_minute_BIN=Medium | alloy_type=open | cast_in_row_BIN=Low | crystallizer_movementmm_BIN=Low | num_crystallizer_BIN=Low | resistance_tonn_BIN=Low | steel_temperature_grab1Celsius_BIN=High | steel_type=Arm500 | steel_weighttonn_BIN=High | swing_frequency_amount_minute_BIN=Medium | temperature_measurement1_Celsius_BIN=Low | temperature_measurement2_Celsius_BIN=Low | water_consumption_BIN=High | water_temperature_deltaCelsius_BIN=High | workpiece_slice_geometry=180x180,15.0,5.0,5.81,Ephemeral,2020-02-05,2020-05-21,False,2020-02-05 | 2020-03-05 | 2020-05-17 | 2020-05-19 | 2020-05-21,4.4,,,,,,,,,,,,,,,,,
life_track,alloy_speed_meter_minute_BIN=Medium | alloy_type=open | cast_in_row_BIN=Low | crystallizer_movementmm_BIN=Low | num_crystallizer_BIN=High | resistance_tonn_BIN=Low | steel_temperature_grab1Celsius_BIN=High | steel_type=Arm500 | steel_weighttonn_BIN=High | swing_frequency_amount_minute_BIN=High | temperature_measurement1_Celsius_BIN=Low | temperature_measurement2_Celsius_BIN=Low | water_consumption_BIN=High | water_temperature_deltaCelsius_BIN=High | workpiece_slice_geometry=180x180,15.0,5.0,5.81,Ephemeral,2020-02-07,2020-08-08,False,2020-02-07 | 2020-05-25 | 2020-07-16 | 2020-07-24 | 2020-08-08,3.0,,,,,,,,,,,,,,,,,
life_track,alloy_speed_meter_minute_BIN=Medium | alloy_type=open | cast_in_row_BIN=Medium | crystallizer_movementmm_BIN=Low | num_stream_BIN=High | resistance_tonn_BIN=Low | steel_temperature_grab1Celsius_BIN=High | steel_type=Arm500 | steel_weighttonn_BIN=High | swing_frequency_amount_minute_BIN=High | temperature_measurement1_Celsius_BIN=Low | temperature_measurement2_Celsius_BIN=Low | water_consumption_BIN=High | water_temperature_deltaCelsius_BIN=High | workpiece_slice_geometry=180x180,15.0,5.0,5.81,Ephemeral,2020-02-09,2020-08-21,False,2020-02-09 | 2020-05-09 | 2020-08-09 | 2020-08-15 | 2020-08-21,2.8,,,,,,,,,,,,,,,,,
life_track,alloy_speed_meter_minute_BIN=Medium | alloy_type=open | cast_in_row_BIN=Medium | crystallizer_movementmm_BIN=Low | num_crystallizer_BIN=Low | resistance_tonn_BIN=Low | steel_temperature_grab1Celsius_BIN=High | steel_type=Arm500 | steel_weighttonn_BIN=High | swing_frequency_amount_minute_BIN=High | temperature_measurement1_Celsius_BIN=Low | temperature_measurement2_Celsius_BIN=Low | water_consumption_BIN=High | water_temperature_deltaCelsius_BIN=High | workpiece_slice_geometry=180x180,15.0,5.0,5.81,Ephemeral,2020-02-09,2020-08-15,False,2020-02-09 | 2020-05-09 | 2020-08-09 | 2020-08-14 | 2020-08-15,2.8,,,,,,,,,,,,,,,,,
life_track,alloy_speed_meter_minute_BIN=Medium | alloy_type=open | cast_in_row_BIN=Medium | crystallizer_movementmm_BIN=Low | num_crystallizer_BIN=High | resistance_tonn_BIN=Low | steel_temperature_grab1Celsius_BIN=High | steel_type=Arm500 | steel_weighttonn_BIN=High | swing_frequency_amount_minute_BIN=High | temperature_measurement1_Celsius_BIN=Low | temperature_measurement2_Celsius_BIN=Low | water_consumption_BIN=High | water_temperature_deltaCelsius_BIN=High | workpiece_slice_geometry=180x180,15.0,5.0,5.81,Ephemeral,2020-02-09,2020-08-21,False,2020-02-09 | 2020-05-08 | 2020-05-09 | 2020-08-09 | 2020-08-21,2.8,,,,,,,,,,,,,,,,,
life_track,alloy_speed_meter_minute_BIN=Medium | alloy_type=open | cast_in_row_BIN=Low | crystallizer_movementmm_BIN=Low | num_stream_BIN=Low | resistance_tonn_BIN=Low | steel_temperature_grab1Celsius_BIN=High | steel_type=Arm500 | steel_weighttonn_BIN=High | swing_frequency_amount_minute_BIN=Medium | temperature_measurement1_Celsius_BIN=Low | temperature_measurement2_Celsius_BIN=Low | water_consumption_BIN=High | water_temperature_deltaCelsius_BIN=High | workpiece_slice_geometry=180x180,15.0,5.0,5.81,Ephemeral,2020-03-05,2020-05-23,False,2020-03-05 | 2020-05-17 | 2020-05-19 | 2020-05-21 | 2020-05-23,3.0,,,,,,,,,,,,,,,,,
life_track,alloy_speed_meter_minute_BIN=Medium | alloy_type=open | cast_in_row_BIN=Medium | crystallizer_movementmm_BIN=Low | num_crystallizer_BIN=Medium | resistance_tonn_BIN=Low | steel_temperature_grab1Celsius_BIN=High | steel_type=Arm500 | steel_weighttonn_BIN=High | swing_frequency_amount_minute_BIN=High | temperature_measurement1_Celsius_BIN=Low | temperature_measurement2_Celsius_BIN=Low | water_consumption_BIN=High | water_temperature_deltaCelsius_BIN=High | workpiece_slice_geometry=180x180,15.0,5.0,5.81,Ephemeral,2020-05-09,2020-08-21,False,2020-05-09 | 2020-08-09 | 2020-08-14 | 2020-08-15 | 2020-08-21,3.0,,,,,,,,,,,,,,,,,
life_track,RUL_BIN=Medium | alloy_speed_meter_minute_BIN=Medium | alloy_type=open | cast_in_row_BIN=Low | crystallizer_movementmm_BIN=Low | num_crystallizer_BIN=Medium | resistance_tonn_BIN=Low | steel_temperature_grab1Celsius_BIN=High | steel_type=Arm500 | steel_weighttonn_BIN=High | swing_frequency_amount_minute_BIN=High | temperature_measurement1_Celsius_BIN=Low | temperature_measurement2_Celsius_BIN=Low | water_consumption_BIN=High | water_temperature_deltaCelsius_BIN=High | workpiece_slice_geometry=180x180,16.0,5.0,5.81,Ephemeral,2020-01-08,2020-08-13,False,2020-01-08 | 2020-05-25 | 2020-07-16 | 2020-07-18 | 2020-08-13,2.8,,,,,,,,,,,,,,,,,
life_track,RUL_BIN=Critical | alloy_speed_meter_minute_BIN=Medium | alloy_type=open | cast_in_row_BIN=Low | crystallizer_movementmm_BIN=Low | num_stream_BIN=High | resistance_tonn_BIN=Low | steel_temperature_grab1Celsius_BIN=High | steel_type=Arm500 | steel_weighttonn_BIN=High | swing_frequency_amount_minute_BIN=High | temperature_measurement1_Celsius_BIN=Low | temperature_measurement2_Celsius_BIN=Low | water_consumption_BIN=High | water_temperature_deltaCelsius_BIN=High | workpiece_slice_geometry=180x180,16.0,5.0,5.81,Ephemeral,2020-03-09,2020-08-25,False,2020-03-09 | 2020-05-25 | 2020-07-24 | 2020-07-26 | 2020-08-25,2.0,,,,,,,,,,,,,,,,,
life_track,RUL_BIN=Critical | alloy_speed_meter_minute_BIN=Medium | alloy_type=open | cast_in_row_BIN=Low | crystallizer_movementmm_BIN=Low | num_crystallizer_BIN=Medium | resistance_tonn_BIN=Low | steel_temperature_grab1Celsius_BIN=High | steel_type=Arm500 | steel_weighttonn_BIN=High | swing_frequency_amount_minute_BIN=High | temperature_measurement1_Celsius_BIN=Low | temperature_measurement2_Celsius_BIN=Low | water_consumption_BIN=High | water_temperature_deltaCelsius_BIN=High | workpiece_slice_geometry=180x180,16.0,5.0,5.81,Ephemeral,2020-07-24,2020-08-25,False,2020-07-24 | 2020-07-26 | 2020-07-28 | 2020-07-30 | 2020-08-25,2.6,,,,,,,,,,,,,,,,,
life_track,RUL_BIN=Healthy | alloy_speed_meter_minute_BIN=Medium | alloy_type=open | cast_in_row_BIN=Low | crystallizer_movementmm_BIN=Low | num_crystallizer_BIN=High | num_stream_BIN=High | resistance_tonn_BIN=Low | steel_temperature_grab1Celsius_BIN=High | steel_type=Arm500 | steel_weighttonn_BIN=High | swing_frequency_amount_minute_BIN=High | temperature_measurement1_Celsius_BIN=Low | temperature_measurement2_Celsius_BIN=Low | water_consumption_BIN=High | water_temperature_deltaCelsius_BIN=High | workpiece_slice_geometry=180x180,17.0,5.0,5.81,Ephemeral,2020-02-07,2020-08-19,False,2020-02-07 | 2020-07-08 | 2020-07-26 | 2020-07-28 | 2020-08-19,1.0,,,,,,,,,,,,,,,,,
life_track,RUL_BIN=Critical | alloy_speed_meter_minute_BIN=Medium | alloy_type=open | cast_in_row_BIN=Low | crystallizer_movementmm_BIN=Low | num_crystallizer_BIN=High | num_stream_BIN=High | resistance_tonn_BIN=Low | steel_temperature_grab1Celsius_BIN=High | steel_type=Arm500 | steel_weighttonn_BIN=High | swing_frequency_amount_minute_BIN=High | temperature_measurement1_Celsius_BIN=Low | temperature_measurement2_Celsius_BIN=Low | water_consumption_BIN=High | water_temperature_deltaCelsius_BIN=High | workpiece_slice_geometry=180x180,17.0,5.0,5.81,Ephemeral,2020-03-09,2020-08-25,False,2020-03-09 | 2020-05-25 | 2020-07-24 | 2020-08-08 | 2020-08-25,1.0,,,,,,,,,,,,,,,,,
life_track,RUL_BIN=Medium | alloy_speed_meter_minute_BIN=Medium | alloy_type=open | cast_in_row_BIN=Low | crystallizer_movementmm_BIN=Low | num_crystallizer_BIN=Medium | num_stream_BIN=High | resistance_tonn_BIN=Low | steel_temperature_grab1Celsius_BIN=High | steel_type=Arm500 | steel_weighttonn_BIN=High | swing_frequency_amount_minute_BIN=High | temperature_measurement1_Celsius_BIN=Low | temperature_measurement2_Celsius_BIN=Low | water_consumption_BIN=High | water_temperature_deltaCelsius_BIN=High | workpiece_slice_geometry=180x180,17.0,5.0,5.81,Ephemeral,2020-05-29,2020-08-23,False,2020-05-29 | 2020-07-16 | 2020-07-30 | 2020-08-13 | 2020-08-23,1.0,,,,,,,,,,,,,,,,,
life_track,RUL_BIN=Critical | alloy_speed_meter_minute_BIN=Medium | alloy_type=open | cast_in_row_BIN=Low | crystallizer_movementmm_BIN=Low | num_crystallizer_BIN=Medium | num_stream_BIN=Low | resistance_tonn_BIN=Low | steel_temperature_grab1Celsius_BIN=High | steel_type=Arm500 | steel_weighttonn_BIN=High | swing_frequency_amount_minute_BIN=High | temperature_measurement1_Celsius_BIN=Low | temperature_measurement2_Celsius_BIN=Low | water_consumption_BIN=High | water_temperature_deltaCelsius_BIN=High | workpiece_slice_geometry=180x180,17.0,5.0,5.81,Ephemeral,2020-07-24,2020-08-08,False,2020-07-24 | 2020-07-26 | 2020-07-28 | 2020-07-30 | 2020-08-08,1.2,,,,,,,,,,,,,,,,,
life_track,alloy_speed_meter_minute_BIN=Medium | alloy_type=open | cast_in_row_BIN=Low | crystallizer_movementmm_BIN=Low | resistance_tonn_BIN=Low | steel_temperature_grab1Celsius_BIN=High | steel_type=Arm500 | steel_weighttonn_BIN=Medium | swing_frequency_amount_minute_BIN=High | temperature_measurement1_Celsius_BIN=Low | temperature_measurement2_Celsius_BIN=Low | water_consumption_BIN=High | water_temperature_deltaCelsius_BIN=High | workpiece_slice_geometry=180x180,14.0,4.0,4.65,Ephemeral,2020-02-10,2020-08-17,False,2020-02-10 | 2020-07-31 | 2020-08-16 | 2020-08-17,6.0,,,,,,,,,,,,,,,,,
life_track,alloy_speed_meter_minute_BIN=Medium | alloy_type=open | cast_in_row_BIN=Low | crystallizer_movementmm_BIN=High | resistance_tonn_BIN=Low | steel_temperature_grab1Celsius_BIN=High | steel_type=Arm500 | steel_weighttonn_BIN=High | swing_frequency_amount_minute_BIN=High | temperature_measurement1_Celsius_BIN=Low | temperature_measurement2_Celsius_BIN=Low | water_consumption_BIN=High | water_temperature_deltaCelsius_BIN=High | workpiece_slice_geometry=180x180,14.0,4.0,4.65,Ephemeral,2020-03-07,2020-07-27,False,2020-03-07 | 2020-05-07 | 2020-06-08 | 2020-07-27,5.75,,,,,,,,,,,,,,,,,
life_track,alloy_speed_meter_minute_BIN=Medium | alloy_type=open | cast_in_row_BIN=Medium | crystallizer_movementmm_BIN=High | resistance_tonn_BIN=Low | steel_temperature_grab1Celsius_BIN=High | steel_type=Arm500 | steel_weighttonn_BIN=High | swing_frequency_amount_minute_BIN=High | temperature_measurement1_Celsius_BIN=Low | temperature_measurement2_Celsius_BIN=Low | water_consumption_BIN=High | water_temperature_deltaCelsius_BIN=High | workpiece_slice_geometry=180x180,14.0,4.0,4.65,Ephemeral,2020-07-13,2020-07-29,False,2020-07-13 | 2020-07-15 | 2020-07-19 | 2020-07-29,7.75,,,,,,,,,,,,,,,,,
life_track,RUL_BIN=Healthy | alloy_speed_meter_minute_BIN=Medium | alloy_type=open | cast_in_row_BIN=Low | crystallizer_movementmm_BIN=Low | resistance_tonn_BIN=Low | steel_temperature_grab1Celsius_BIN=High | steel_type=Arm500 | steel_weighttonn_BIN=High | swing_frequency_amount_minute_BIN=Medium | temperature_measurement1_Celsius_BIN=Low | temperature_measurement2_Celsius_BIN=Low | water_consumption_BIN=High | water_temperature_deltaCelsius_BIN=High | workpiece_slice_geometry=180x180,15.0,4.0,4.65,Ephemeral,2020-02-05,2020-05-17,False,2020-02-05 | 2020-03-05 | 2020-05-13 | 2020-05-17,5.25,,,,,,,,,,,,,,,,,
life_track,alloy_speed_meter_minute_BIN=Medium | alloy_type=open | cast_in_row_BIN=Low | crystallizer_movementmm_BIN=Low | num_crystallizer_BIN=Low | resistance_tonn_BIN=Low | steel_temperature_grab1Celsius_BIN=High | steel_type=Arm500 | steel_weighttonn_BIN=High | swing_frequency_amount_minute_BIN=High | temperature_measurement1_Celsius_BIN=Low | temperature_measurement2_Celsius_BIN=Low | water_consumption_BIN=High | water_temperature_deltaCelsius_BIN=High | workpiece_slice_geometry=180x180,15.0,4.0,4.65,Ephemeral,2020-02-07,2020-08-13,False,2020-02-07 | 2020-05-25 | 2020-07-26 | 2020-08-13,2.5,,,,,,,,,,,,,,,,,
life_track,RUL_BIN=Healthy | alloy_speed_meter_minute_BIN=Medium | alloy_type=open | cast_in_row_BIN=Low | crystallizer_movementmm_BIN=Low | resistance_tonn_BIN=Low | steel_temperature_grab1Celsius_BIN=High | steel_type=Arm500 | steel_weighttonn_BIN=High | swing_frequency_amount_minute_BIN=High | temperature_measurement1_Celsius_BIN=Low | temperature_measurement2_Celsius_BIN=Low | water_consumption_BIN=High | water_temperature_deltaCelsius_BIN=High | workpiece_slice_geometry=180x180,15.0,4.0,4.65,Ephemeral,2020-02-07,2020-07-28,False,2020-02-07 | 2020-05-14 | 2020-07-08 | 2020-07-28,4.25,,,,,,,,,,,,,,,,,
life_track,RUL_BIN=Critical | alloy_speed_meter_minute_BIN=Medium | alloy_type=open | cast_in_row_BIN=Low | crystallizer_movementmm_BIN=Low | resistance_tonn_BIN=Low | steel_temperature_grab1Celsius_BIN=High | steel_type=Arm500 | steel_weighttonn_BIN=Medium | swing_frequency_amount_minute_BIN=High | temperature_measurement1_Celsius_BIN=Low | temperature_measurement2_Celsius_BIN=Low | water_consumption_BIN=High | water_temperature_deltaCelsius_BIN=High | workpiece_slice_geometry=180x180,15.0,4.0,4.65,Ephemeral,2020-02-10,2020-08-17,False,2020-02-10 | 2020-07-31 | 2020-08-16 | 2020-08-17,4.25,,,,,,,,,,,,,,,,,
life_track,alloy_speed_meter_minute_BIN=Medium | alloy_type=open | cast_in_row_BIN=Low | crystallizer_movementmm_BIN=Low | num_stream_BIN=Medium | resistance_tonn_BIN=Low | steel_temperature_grab1Celsius_BIN=High | steel_type=Arm500 | steel_weighttonn_BIN=High | swing_frequency_amount_minute_BIN=Medium | temperature_measurement1_Celsius_BIN=Low | temperature_measurement2_Celsius_BIN=Low | water_consumption_BIN=High | water_temperature_deltaCelsius_BIN=High | workpiece_slice_geometry=180x180,15.0,4.0,4.65,Ephemeral,2020-03-05,2020-05-21,False,2020-03-05 | 2020-05-17 | 2020-05-19 | 2020-05-21,4.25,,,,,,,,,,,,,,,,,
life_track,alloy_speed_meter_minute_BIN=Medium | alloy_type=open | cast_in_row_BIN=Low | crystallizer_movementmm_BIN=Low | num_crystallizer_BIN=High | resistance_tonn_BIN=Low | steel_temperature_grab1Celsius_BIN=High | steel_type=Arm500 | steel_weighttonn_BIN=High | swing_frequency_amount_minute_BIN=Medium | temperature_measurement1_Celsius_BIN=Low | temperature_measurement2_Celsius_BIN=Low | water_consumption_BIN=High | water_temperature_deltaCelsius_BIN=High | workpiece_slice_geometry=180x180,15.0,4.0,4.65,Ephemeral,2020-03-05,2020-05-21,False,2020-03-05 | 2020-05-17 | 2020-05-19 | 2020-05-21,3.25,,,,,,,,,,,,,,,,,
life_track,RUL_BIN=Low | alloy_speed_meter_minute_BIN=Medium | alloy_type=open | cast_in_row_BIN=Low | crystallizer_movementmm_BIN=Low | resistance_tonn_BIN=Low | steel_temperature_grab1Celsius_BIN=High | steel_type=Arm500 | steel_weighttonn_BIN=High | swing_frequency_amount_minute_BIN=Medium | temperature_measurement1_Celsius_BIN=Low | temperature_measurement2_Celsius_BIN=Low | water_consumption_BIN=High | water_temperature_deltaCelsius_BIN=High | workpiece_slice_geometry=180x180,15.0,4.0,4.65,Ephemeral,2020-03-05,2020-05-21,False,2020-03-05 | 2020-05-17 | 2020-05-19 | 2020-05-21,2.5,,,,,,,,,,,,,,,,,
life_track,alloy_speed_meter_minute_BIN=Medium | alloy_type=open | cast_in_row_BIN=Low | crystallizer_movementmm_BIN=Low | num_crystallizer_BIN=Medium | resistance_tonn_BIN=Low | steel_temperature_grab1Celsius_BIN=High | steel_type=Arm500 | steel_weighttonn_BIN=High | swing_frequency_amount_minute_BIN=Medium | temperature_measurement1_Celsius_BIN=Low | temperature_measurement2_Celsius_BIN=Low | water_consumption_BIN=High | water_temperature_deltaCelsius_BIN=High | workpiece_slice_geometry=180x180,15.0,4.0,4.65,Ephemeral,2020-05-17,2020-05-23,False,2020-05-17 | 2020-05-19 | 2020-05-21 | 2020-05-23,3.75,,,,,,,,,,,,,,,,,
life_track,RUL_BIN=Medium | alloy_speed_meter_minute_BIN=Medium | alloy_type=open | cast_in_row_BIN=Low | crystallizer_movementmm_BIN=Low | resistance_tonn_BIN=Low | steel_temperature_grab1Celsius_BIN=High | steel_type=Arm500 | steel_weighttonn_BIN=High | swing_frequency_amount_minute_BIN=Medium | temperature_measurement1_Celsius_BIN=Low | temperature_measurement2_Celsius_BIN=Low | water_consumption_BIN=High | water_temperature_deltaCelsius_BIN=High | workpiece_slice_geometry=180x180,15.0,4.0,4.65,Ephemeral,2020-05-17,2020-05-23,False,2020-05-17 | 2020-05-19 | 2020-05-21 | 2020-05-23,4.25,,,,,,,,,,,,,,,,,
life_track,alloy_speed_meter_minute_BIN=Medium | alloy_type=open | cast_in_row_BIN=Medium | crystallizer_movementmm_BIN=High | num_crystallizer_BIN=Medium | resistance_tonn_BIN=Low | steel_temperature_grab1Celsius_BIN=High | steel_type=Arm500 | steel_weighttonn_BIN=High | swing_frequency_amount_minute_BIN=High | temperature_measurement1_Celsius_BIN=Low | temperature_measurement2_Celsius_BIN=Low | water_consumption_BIN=High | water_temperature_deltaCelsius_BIN=High | workpiece_slice_geometry=180x180,15.0,4.0,4.65,Ephemeral,2020-07-13,2020-07-29,False,2020-07-13 | 2020-07-15 | 2020-07-19 | 2020-07-29,5.0,,,,,,,,,,,,,,,,,
life_track,RUL_BIN=Critical | alloy_speed_meter_minute_BIN=Medium | alloy_type=open | cast_in_row_BIN=Low | crystallizer_movementmm_BIN=Low | num_stream_BIN=Low | resistance_tonn_BIN=Low | steel_temperature_grab1Celsius_BIN=High | steel_type=Arm500 | steel_weighttonn_BIN=High | swing_frequency_amount_minute_BIN=High | temperature_measurement1_Celsius_BIN=Low | temperature_measurement2_Celsius_BIN=Low | water_consumption_BIN=High | water_temperature_deltaCelsius_BIN=High | workpiece_slice_geometry=180x180,16.0,4.0,4.65,Ephemeral,2020-03-09,2020-08-25,False,2020-03-09 | 2020-07-28 | 2020-07-30 | 2020-08-25,2.25,,,,,,,,,,,,,,,,,
life_track,alloy_speed_meter_minute_BIN=Medium | alloy_type=open | cast_in_row_BIN=Low | crystallizer_movementmm_BIN=Low | num_crystallizer_BIN=Medium | num_stream_BIN=Medium | resistance_tonn_BIN=Low | steel_temperature_grab1Celsius_BIN=High | steel_type=Arm500 | steel_weighttonn_BIN=High | swing_frequency_amount_minute_BIN=Medium | temperature_measurement1_Celsius_BIN=Low | temperature_measurement2_Celsius_BIN=Low | water_consumption_BIN=High | water_temperature_deltaCelsius_BIN=High | workpiece_slice_geometry=180x180,16.0,4.0,4.65,Ephemeral,2020-05-17,2020-05-23,False,2020-05-17 | 2020-05-19 | 2020-05-21 | 2020-05-23,2.5,,,,,,,,,,,,,,,,,
life_track,RUL_BIN=Medium | alloy_speed_meter_minute_BIN=Medium | alloy_type=open | cast_in_row_BIN=Low | crystallizer_movementmm_BIN=Low | num_crystallizer_BIN=Medium | num_stream_BIN=Low | resistance_tonn_BIN=Low | steel_temperature_grab1Celsius_BIN=High | steel_type=Arm500 | steel_weighttonn_BIN=High | swing_frequency_amount_minute_BIN=High | temperature_measurement1_Celsius_BIN=Low | temperature_measurement2_Celsius_BIN=Low | water_consumption_BIN=High | water_temperature_deltaCelsius_BIN=High | workpiece_slice_geometry=180x180,17.0,4.0,4.65,Ephemeral,2020-01-08,2020-07-18,False,2020-01-08 | 2020-05-25 | 2020-07-16 | 2020-07-18,1.5,,,,,,,,,,,,,,,,,
life_track,RUL_BIN=Healthy | alloy_speed_meter_minute_BIN=Medium | alloy_type=open | cast_in_row_BIN=Low | crystallizer_movementmm_BIN=Low | num_crystallizer_BIN=Medium | num_stream_BIN=Medium | resistance_tonn_BIN=Low | steel_temperature_grab1Celsius_BIN=High | steel_type=Arm500 | steel_weighttonn_BIN=High | swing_frequency_amount_minute_BIN=Medium | temperature_measurement1_Celsius_BIN=Low | temperature_measurement2_Celsius_BIN=Low | water_consumption_BIN=High | water_temperature_deltaCelsius_BIN=High | workpiece_slice_geometry=180x180,17.0,4.0,4.65,Ephemeral,2020-05-13,2020-05-23,False,2020-05-13 | 2020-05-17 | 2020-05-19 | 2020-05-23,1.25,,,,,,,,,,,,,,,,,
life_track,RUL_BIN=Healthy | alloy_speed_meter_minute_BIN=Medium | alloy_type=open | cast_in_row_BIN=Low | crystallizer_movementmm_BIN=Low | num_crystallizer_BIN=Medium | num_stream_BIN=Medium | resistance_tonn_BIN=Low | steel_temperature_grab1Celsius_BIN=High | steel_type=Arm500 | steel_weighttonn_BIN=High | swing_frequency_amount_minute_BIN=High | temperature_measurement1_Celsius_BIN=Low | temperature_measurement2_Celsius_BIN=Low | water_consumption_BIN=High | water_temperature_deltaCelsius_BIN=High | workpiece_slice_geometry=180x180,17.0,4.0,4.65,Ephemeral,2020-05-14,2020-08-20,False,2020-05-14 | 2020-07-08 | 2020-07-16 | 2020-08-20,1.0,,,,,,,,,,,,,,,,,
life_track,RUL_BIN=Low | alloy_speed_meter_minute_BIN=Medium | alloy_type=open | cast_in_row_BIN=Low | crystallizer_movementmm_BIN=Low | num_crystallizer_BIN=Low | num_stream_BIN=Low | resistance_tonn_BIN=Low | steel_temperature_grab1Celsius_BIN=High | steel_type=Arm500 | steel_weighttonn_BIN=High | swing_frequency_amount_minute_BIN=High | temperature_measurement1_Celsius_BIN=Low | temperature_measurement2_Celsius_BIN=Low | water_consumption_BIN=High | water_temperature_deltaCelsius_BIN=High | workpiece_slice_geometry=180x180,17.0,4.0,4.65,Ephemeral,2020-05-24,2020-07-26,False,2020-05-24 | 2020-05-25 | 2020-07-24 | 2020-07-26,1.0,,,,,,,,,,,,,,,,,
life_track,RUL_BIN=Medium | alloy_speed_meter_minute_BIN=Medium | alloy_type=open | cast_in_row_BIN=Low | crystallizer_movementmm_BIN=Low | num_crystallizer_BIN=Low | num_stream_BIN=Low | resistance_tonn_BIN=Low | steel_temperature_grab1Celsius_BIN=High | steel_type=Arm500 | steel_weighttonn_BIN=High | swing_frequency_amount_minute_BIN=High | temperature_measurement1_Celsius_BIN=Low | temperature_measurement2_Celsius_BIN=Low | water_consumption_BIN=High | water_temperature_deltaCelsius_BIN=High | workpiece_slice_geometry=180x180,17.0,4.0,4.65,Ephemeral,2020-06-07,2020-08-13,False,2020-06-07 | 2020-07-18 | 2020-07-20 | 2020-08-13,1.0,,,,,,,,,,,,,,,,,
life_track,RUL_BIN=Healthy | alloy_speed_meter_minute_BIN=Medium | alloy_type=open | cast_in_row_BIN=Medium | crystallizer_movementmm_BIN=High | num_crystallizer_BIN=Medium | num_stream_BIN=High | resistance_tonn_BIN=Low | steel_temperature_grab1Celsius_BIN=High | steel_type=Arm500 | steel_weighttonn_BIN=High | swing_frequency_amount_minute_BIN=High | temperature_measurement1_Celsius_BIN=Low | temperature_measurement2_Celsius_BIN=Low | water_consumption_BIN=High | water_temperature_deltaCelsius_BIN=High | workpiece_slice_geometry=180x180,17.0,4.0,4.65,Ephemeral,2020-07-07,2020-07-29,False,2020-07-07 | 2020-07-13 | 2020-07-15 | 2020-07-29,1.0,,,,,,,,,,,,,,,,,
life_track,RUL_BIN=Low | alloy_speed_meter_minute_BIN=Medium | alloy_type=open | cast_in_row_BIN=Medium | crystallizer_movementmm_BIN=Low | num_crystallizer_BIN=Medium | num_stream_BIN=High | resistance_tonn_BIN=Low | steel_temperature_grab1Celsius_BIN=High | steel_type=Arm500 | steel_weighttonn_BIN=High | swing_frequency_amount_minute_BIN=High | temperature_measurement1_Celsius_BIN=Low | temperature_measurement2_Celsius_BIN=Low | water_consumption_BIN=High | water_temperature_deltaCelsius_BIN=High | workpiece_slice_geometry=180x180,17.0,4.0,4.65,Ephemeral,2020-07-22,2020-08-15,False,2020-07-22 | 2020-08-09 | 2020-08-14 | 2020-08-15,1.0,,,,,,,,,,,,,,,,,
life_track,alloy_speed_meter_minute_BIN=High | alloy_type=open | cast_in_row_BIN=Medium | crystallizer_movementmm_BIN=High | resistance_tonn_BIN=Low | steel_temperature_grab1Celsius_BIN=High | steel_type=St4sp | steel_weighttonn_BIN=High | swing_frequency_amount_minute_BIN=Low | temperature_measurement1_Celsius_BIN=Low | temperature_measurement2_Celsius_BIN=Low | water_consumption_BIN=High | water_temperature_deltaCelsius_BIN=High | workpiece_slice_geometry=150x150,14.0,3.0,3.49,Ephemeral,2020-05-18,2020-05-26,False,2020-05-18 | 2020-05-22 | 2020-05-26,8.67,,,,,,,,,,,,,,,,,
life_track,RUL_BIN=Critical | alloy_speed_meter_minute_BIN=Medium | alloy_type=open | cast_in_row_BIN=Medium | crystallizer_movementmm_BIN=Low | resistance_tonn_BIN=Low | steel_temperature_grab1Celsius_BIN=High | steel_type=Arm500 | steel_weighttonn_BIN=Medium | swing_frequency_amount_minute_BIN=High | temperature_measurement1_Celsius_BIN=Low | temperature_measurement2_Celsius_BIN=Low | water_consumption_BIN=High | water_temperature_deltaCelsius_BIN=High | workpiece_slice_geometry=180x180,15.0,3.0,3.49,Ephemeral,2020-01-10,2020-04-09,False,2020-01-10 | 2020-03-08 | 2020-04-09,5.33,,,,,,,,,,,,,,,,,
life_track,alloy_speed_meter_minute_BIN=Medium | alloy_type=open | cast_in_row_BIN=Low | crystallizer_movementmm_BIN=Low | num_crystallizer_BIN=Low | resistance_tonn_BIN=Low | steel_temperature_grab1Celsius_BIN=High | steel_type=Arm500 | steel_weighttonn_BIN=Medium | swing_frequency_amount_minute_BIN=High | temperature_measurement1_Celsius_BIN=Low | temperature_measurement2_Celsius_BIN=Low | water_consumption_BIN=High | water_temperature_deltaCelsius_BIN=High | workpiece_slice_geometry=180x180,15.0,3.0,3.49,Ephemeral,2020-02-10,2020-08-17,False,2020-02-10 | 2020-08-16 | 2020-08-17,2.67,,,,,,,,,,,,,,,,,
life_track,RUL_BIN=Low | alloy_speed_meter_minute_BIN=Medium | alloy_type=open | cast_in_row_BIN=Low | crystallizer_movementmm_BIN=High | resistance_tonn_BIN=Low | steel_temperature_grab1Celsius_BIN=High | steel_type=Arm500 | steel_weighttonn_BIN=High | swing_frequency_amount_minute_BIN=High | temperature_measurement1_Celsius_BIN=Low | temperature_measurement2_Celsius_BIN=Low | water_consumption_BIN=High | water_temperature_deltaCelsius_BIN=High | workpiece_slice_geometry=180x180,15.0,3.0,3.49,Ephemeral,2020-03-07,2020-07-27,False,2020-03-07 | 2020-06-08 | 2020-07-27,3.0,,,,,,,,,,,,,,,,,
life_track,RUL_BIN=Healthy | alloy_speed_meter_minute_BIN=Medium | alloy_type=open | cast_in_row_BIN=Medium | crystallizer_movementmm_BIN=Low | resistance_tonn_BIN=Low | steel_temperature_grab1Celsius_BIN=High | steel_type=Arm500 | steel_weighttonn_BIN=High | swing_frequency_amount_minute_BIN=High | temperature_measurement1_Celsius_BIN=Low | temperature_measurement2_Celsius_BIN=Low | water_consumption_BIN=High | water_temperature_deltaCelsius_BIN=High | workpiece_slice_geometry=180x180,15.0,3.0,3.49,Ephemeral,2020-04-07,2020-08-09,False,2020-04-07 | 2020-05-09 | 2020-08-09,4.0,,,,,,,,,,,,,,,,,
life_track,alloy_speed_meter_minute_BIN=High | alloy_type=open | cast_in_row_BIN=Medium | crystallizer_movementmm_BIN=High | num_stream_BIN=Low | resistance_tonn_BIN=Low | steel_temperature_grab1Celsius_BIN=High | steel_type=St4sp | steel_weighttonn_BIN=High | swing_frequency_amount_minute_BIN=Low | temperature_measurement1_Celsius_BIN=Low | temperature_measurement2_Celsius_BIN=Low | water_consumption_BIN=High | water_temperature_deltaCelsius_BIN=High | workpiece_slice_geometry=150x150,15.0,3.0,3.49,Ephemeral,2020-05-18,2020-05-26,False,2020-05-18 | 2020-05-22 | 2020-05-26,2.67,,,,,,,,,,,,,,,,,
life_track,alloy_speed_meter_minute_BIN=High | alloy_type=open | cast_in_row_BIN=Medium | crystallizer_movementmm_BIN=High | num_crystallizer_BIN=Low | resistance_tonn_BIN=Low | steel_temperature_grab1Celsius_BIN=High | steel_type=St4sp | steel_weighttonn_BIN=High | swing_frequency_amount_minute_BIN=Low | temperature_measurement1_Celsius_BIN=Low | temperature_measurement2_Celsius_BIN=Low | water_consumption_BIN=High | water_temperature_deltaCelsius_BIN=High | workpiece_slice_geometry=150x150,15.0,3.0,3.49,Ephemeral,2020-05-18,2020-05-26,False,2020-05-18 | 2020-05-22 | 2020-05-26,3.67,,,,,,,,,,,,,,,,,
life_track,RUL_BIN=Critical | alloy_speed_meter_minute_BIN=Medium | alloy_type=open | cast_in_row_BIN=Low | crystallizer_movementmm_BIN=High | resistance_tonn_BIN=Low | steel_temperature_grab1Celsius_BIN=High | steel_type=Arm500 | steel_weighttonn_BIN=High | swing_frequency_amount_minute_BIN=High | temperature_measurement1_Celsius_BIN=Low | temperature_measurement2_Celsius_BIN=Low | water_consumption_BIN=High | water_temperature_deltaCelsius_BIN=High | workpiece_slice_geometry=180x180,15.0,3.0,3.49,Ephemeral,2020-06-08,2020-08-26,True,2020-06-08 | 2020-07-27 | 2020-08-26,3.67,,,,,,,,,,,,,,,,,
life_track,RUL_BIN=Healthy | alloy_speed_meter_minute_BIN=Medium | alloy_type=open | cast_in_row_BIN=Medium | crystallizer_movementmm_BIN=High | resistance_tonn_BIN=Low | steel_temperature_grab1Celsius_BIN=High | steel_type=Arm500 | steel_weighttonn_BIN=High | swing_frequency_amount_minute_BIN=High | temperature_measurement1_Celsius_BIN=Low | temperature_measurement2_Celsius_BIN=Low | water_consumption_BIN=High | water_temperature_deltaCelsius_BIN=High | workpiece_slice_geometry=180x180,15.0,3.0,3.49,Ephemeral,2020-07-07,2020-07-15,False,2020-07-07 | 2020-07-13 | 2020-07-15,4.33,,,,,,,,,,,,,,,,,
life_track,alloy_speed_meter_minute_BIN=Medium | alloy_type=open | cast_in_row_BIN=Medium | crystallizer_movementmm_BIN=High | num_stream_BIN=High | resistance_tonn_BIN=Low | steel_temperature_grab1Celsius_BIN=High | steel_type=Arm500 | steel_weighttonn_BIN=High | swing_frequency_amount_minute_BIN=High | temperature_measurement1_Celsius_BIN=Low | temperature_measurement2_Celsius_BIN=Low | water_consumption_BIN=High | water_temperature_deltaCelsius_BIN=High | workpiece_slice_geometry=180x180,15.0,3.0,3.49,Ephemeral,2020-07-15,2020-07-29,False,2020-07-15 | 2020-07-19 | 2020-07-29,3.67,,,,,,,,,,,,,,,,,
life_track,RUL_BIN=Medium | alloy_speed_meter_minute_BIN=Medium | alloy_type=open | cast_in_row_BIN=Medium | crystallizer_movementmm_BIN=High | resistance_tonn_BIN=Low | steel_temperature_grab1Celsius_BIN=High | steel_type=Arm500 | steel_weighttonn_BIN=High | swing_frequency_amount_minute_BIN=High | temperature_measurement1_Celsius_BIN=Low | temperature_measurement2_Celsius_BIN=Low | water_consumption_BIN=High | water_temperature_deltaCelsius_BIN=High | workpiece_slice_geometry=180x180,15.0,3.0,3.49,Ephemeral,2020-07-15,2020-07-29,False,2020-07-15 | 2020-07-19 | 2020-07-29,4.0,,,,,,,,,,,,,,,,,
life_track,RUL_BIN=Healthy | alloy_speed_meter_minute_BIN=Medium | alloy_type=open | cast_in_row_BIN=Low | crystallizer_movementmm_BIN=Low | num_crystallizer_BIN=Low | resistance_tonn_BIN=Low | steel_temperature_grab1Celsius_BIN=High | steel_type=Arm500 | steel_weighttonn_BIN=High | swing_frequency_amount_minute_BIN=Medium | temperature_measurement1_Celsius_BIN=Low | temperature_measurement2_Celsius_BIN=Low | water_consumption_BIN=High | water_temperature_deltaCelsius_BIN=High | workpiece_slice_geometry=180x180,16.0,3.0,3.49,Ephemeral,2020-02-05,2020-05-17,False,2020-02-05 | 2020-03-05 | 2020-05-17,3.0,,,,,,,,,,,,,,,,,
life_track,RUL_BIN=Healthy | alloy_speed_meter_minute_BIN=Medium | alloy_type=open | cast_in_row_BIN=Low | crystallizer_movementmm_BIN=Low | num_crystallizer_BIN=Medium | resistance_tonn_BIN=Low | steel_temperature_grab1Celsius_BIN=High | steel_type=Arm500 | steel_weighttonn_BIN=High | swing_frequency_amount_minute_BIN=Medium | temperature_measurement1_Celsius_BIN=Low | temperature_measurement2_Celsius_BIN=Low | water_consumption_BIN=High | water_temperature_deltaCelsius_BIN=High | workpiece_slice_geometry=180x180,16.0,3.0,3.49,Ephemeral,2020-05-13,2020-05-23,False,2020-05-13 | 2020-05-19 | 2020-05-23,2.33,,,,,,,,,,,,,,,,,
life_track,RUL_BIN=Healthy | alloy_speed_meter_minute_BIN=Medium | alloy_type=open | cast_in_row_BIN=Medium | crystallizer_movementmm_BIN=High | num_crystallizer_BIN=Medium | resistance_tonn_BIN=Low | steel_temperature_grab1Celsius_BIN=High | steel_type=Arm500 | steel_weighttonn_BIN=High | swing_frequency_amount_minute_BIN=High | temperature_measurement1_Celsius_BIN=Low | temperature_measurement2_Celsius_BIN=Low | water_consumption_BIN=High | water_temperature_deltaCelsius_BIN=High | workpiece_slice_geometry=180x180,16.0,3.0,3.49,Ephemeral,2020-07-07,2020-07-15,False,2020-07-07 | 2020-07-13 | 2020-07-15,3.0,,,,,,,,,,,,,,,,,
life_track,alloy_speed_meter_minute_BIN=Medium | alloy_type=open | cast_in_row_BIN=Medium | crystallizer_movementmm_BIN=High | num_crystallizer_BIN=Medium | num_stream_BIN=Medium | resistance_tonn_BIN=Low | steel_temperature_grab1Celsius_BIN=High | steel_type=Arm500 | steel_weighttonn_BIN=High | swing_frequency_amount_minute_BIN=High | temperature_measurement1_Celsius_BIN=Low | temperature_measurement2_Celsius_BIN=Low | water_consumption_BIN=High | water_temperature_deltaCelsius_BIN=High | workpiece_slice_geometry=180x180,16.0,3.0,3.49,Ephemeral,2020-07-13,2020-07-19,False,2020-07-13 | 2020-07-15 | 2020-07-19,2.33,,,,,,,,,,,,,,,,,
life_track,RUL_BIN=Low | alloy_speed_meter_minute_BIN=Medium | alloy_type=open | cast_in_row_BIN=Low | crystallizer_movementmm_BIN=Low | num_stream_BIN=High | resistance_tonn_BIN=Low | steel_temperature_grab1Celsius_BIN=High | steel_type=Arm500 | steel_weighttonn_BIN=High | swing_frequency_amount_minute_BIN=High | temperature_measurement1_Celsius_BIN=Low | temperature_measurement2_Celsius_BIN=Low | water_consumption_BIN=High | water_temperature_deltaCelsius_BIN=High | workpiece_slice_geometry=180x180,16.0,3.0,3.49,Ephemeral,2020-07-18,2020-08-24,False,2020-07-18 | 2020-07-21 | 2020-08-24,2.0,,,,,,,,,,,,,,,,,
life_track,RUL_BIN=Low | alloy_speed_meter_minute_BIN=Medium | alloy_type=open | cast_in_row_BIN=Medium | crystallizer_movementmm_BIN=Low | num_crystallizer_BIN=Medium | resistance_tonn_BIN=Low | steel_temperature_grab1Celsius_BIN=High | steel_type=Arm500 | steel_weighttonn_BIN=High | swing_frequency_amount_minute_BIN=High | temperature_measurement1_Celsius_BIN=Low | temperature_measurement2_Celsius_BIN=Low | water_consumption_BIN=High | water_temperature_deltaCelsius_BIN=High | workpiece_slice_geometry=180x180,16.0,3.0,3.49,Ephemeral,2020-07-22,2020-08-15,False,2020-07-22 | 2020-08-14 | 2020-08-15,2.67,,,,,,,,,,,,,,,,,
life_track,alloy_speed_meter_minute_BIN=Medium | alloy_type=open | cast_in_row_BIN=Medium | crystallizer_movementmm_BIN=Low | num_crystallizer_BIN=Medium | num_stream_BIN=High | resistance_tonn_BIN=Low | steel_temperature_grab1Celsius_BIN=High | steel_type=Arm500 | steel_weighttonn_BIN=High | swing_frequency_amount_minute_BIN=High | temperature_measurement1_Celsius_BIN=Low | temperature_measurement2_Celsius_BIN=Low | water_consumption_BIN=High | water_temperature_deltaCelsius_BIN=High | workpiece_slice_geometry=180x180,16.0,3.0,3.49,Ephemeral,2020-08-09,2020-08-15,False,2020-08-09 | 2020-08-14 | 2020-08-15,2.0,,,,,,,,,,,,,,,,,
life_track,RUL_BIN=Medium | alloy_speed_meter_minute_BIN=Medium | alloy_type=open | cast_in_row_BIN=Low | crystallizer_movementmm_BIN=Low | num_crystallizer_BIN=High | num_stream_BIN=High | resistance_tonn_BIN=Low | steel_temperature_grab1Celsius_BIN=High | steel_type=Arm500 | steel_weighttonn_BIN=High | swing_frequency_amount_minute_BIN=High | temperature_measurement1_Celsius_BIN=Low | temperature_measurement2_Celsius_BIN=Low | water_consumption_BIN=High | water_temperature_deltaCelsius_BIN=High | workpiece_slice_geometry=180x180,17.0,3.0,3.49,Ephemeral,2020-01-08,2020-08-20,False,2020-01-08 | 2020-07-16 | 2020-08-20,1.33,,,,,,,,,,,,,,,,,
life_track,RUL_BIN=Healthy | alloy_speed_meter_minute_BIN=Medium | alloy_type=open | cast_in_row_BIN=Low | crystallizer_movementmm_BIN=Low | num_crystallizer_BIN=Low | num_stream_BIN=Medium | resistance_tonn_BIN=Low | steel_temperature_grab1Celsius_BIN=High | steel_type=Arm500 | steel_weighttonn_BIN=High | swing_frequency_amount_minute_BIN=Medium | temperature_measurement1_Celsius_BIN=Low | temperature_measurement2_Celsius_BIN=Low | water_consumption_BIN=High | water_temperature_deltaCelsius_BIN=High | workpiece_slice_geometry=180x180,17.0,3.0,3.49,Ephemeral,2020-02-05,2020-05-17,False,2020-02-05 | 2020-03-05 | 2020-05-17,1.0,,,,,,,,,,,,,,,,,
life_track,RUL_BIN=Healthy | alloy_speed_meter_minute_BIN=Medium | alloy_type=open | cast_in_row_BIN=Low | crystallizer_movementmm_BIN=Low | num_crystallizer_BIN=Low | num_stream_BIN=Low | resistance_tonn_BIN=Low | steel_temperature_grab1Celsius_BIN=High | steel_type=Arm500 | steel_weighttonn_BIN=High | swing_frequency_amount_minute_BIN=Medium | temperature_measurement1_Celsius_BIN=Low | temperature_measurement2_Celsius_BIN=Low | water_consumption_BIN=High | water_temperature_deltaCelsius_BIN=High | workpiece_slice_geometry=180x180,17.0,3.0,3.49,Ephemeral,2020-02-05,2020-05-17,False,2020-02-05 | 2020-03-05 | 2020-05-17,1.0,,,,,,,,,,,,,,,,,
life_track,RUL_BIN=Healthy | alloy_speed_meter_minute_BIN=Medium | alloy_type=open | cast_in_row_BIN=Low | crystallizer_movementmm_BIN=Low | num_crystallizer_BIN=High | num_stream_BIN=Low | resistance_tonn_BIN=Low | steel_temperature_grab1Celsius_BIN=High | steel_type=Arm500 | steel_weighttonn_BIN=High | swing_frequency_amount_minute_BIN=Medium | temperature_measurement1_Celsius_BIN=Low | temperature_measurement2_Celsius_BIN=Low | water_consumption_BIN=High | water_temperature_deltaCelsius_BIN=High | workpiece_slice_geometry=180x180,17.0,3.0,3.49,Ephemeral,2020-02-05,2020-05-17,False,2020-02-05 | 2020-05-13 | 2020-05-17,1.0,,,,,,,,,,,,,,,,,
life_track,RUL_BIN=Medium | alloy_speed_meter_minute_BIN=Medium | alloy_type=open | cast_in_row_BIN=Low | crystallizer_movementmm_BIN=Low | num_crystallizer_BIN=Low | num_stream_BIN=High | resistance_tonn_BIN=Low | steel_temperature_grab1Celsius_BIN=High | steel_type=Arm500 | steel_weighttonn_BIN=High | swing_frequency_amount_minute_BIN=High | temperature_measurement1_Celsius_BIN=Low | temperature_measurement2_Celsius_BIN=Low | water_consumption_BIN=High | water_temperature_deltaCelsius_BIN=High | workpiece_slice_geometry=180x180,17.0,3.0,3.49,Ephemeral,2020-02-07,2020-07-20,False,2020-02-07 | 2020-05-14 | 2020-07-20,1.0,,,,,,,,,,,,,,,,,
life_track,RUL_BIN=Medium | alloy_speed_meter_minute_BIN=Medium | alloy_type=open | cast_in_row_BIN=Low | crystallizer_movementmm_BIN=Low | num_crystallizer_BIN=High | num_stream_BIN=Medium | resistance_tonn_BIN=Low | steel_temperature_grab1Celsius_BIN=High | steel_type=Arm500 | steel_weighttonn_BIN=High | swing_frequency_amount_minute_BIN=High | temperature_measurement1_Celsius_BIN=Low | temperature_measurement2_Celsius_BIN=Low | water_consumption_BIN=High | water_temperature_deltaCelsius_BIN=High | workpiece_slice_geometry=180x180,17.0,3.0,3.49,Ephemeral,2020-02-07,2020-07-21,False,2020-02-07 | 2020-07-20 | 2020-07-21,1.0,,,,,,,,,,,,,,,,,
life_track,RUL_BIN=Healthy | alloy_speed_meter_minute_BIN=Medium | alloy_type=open | cast_in_row_BIN=Low | crystallizer_movementmm_BIN=Low | num_crystallizer_BIN=High | num_stream_BIN=Low | resistance_tonn_BIN=Low | steel_temperature_grab1Celsius_BIN=High | steel_type=Arm500 | steel_weighttonn_BIN=High | swing_frequency_amount_minute_BIN=High | temperature_measurement1_Celsius_BIN=Low | temperature_measurement2_Celsius_BIN=Low | water_consumption_BIN=High | water_temperature_deltaCelsius_BIN=High | workpiece_slice_geometry=180x180,17.0,3.0,3.49,Ephemeral,2020-02-07,2020-08-19,False,2020-02-07 | 2020-05-14 | 2020-08-19,1.0,,,,,,,,,,,,,,,,,
life_track,RUL_BIN=Critical | alloy_speed_meter_minute_BIN=Medium | alloy_type=open | cast_in_row_BIN=Low | crystallizer_movementmm_BIN=Low | num_crystallizer_BIN=High | num_stream_BIN=Low | resistance_tonn_BIN=Low | steel_temperature_grab1Celsius_BIN=High | steel_type=Arm500 | steel_weighttonn_BIN=High | swing_frequency_amount_minute_BIN=High | temperature_measurement1_Celsius_BIN=Low | temperature_measurement2_Celsius_BIN=Low | water_consumption_BIN=High | water_temperature_deltaCelsius_BIN=High | workpiece_slice_geometry=180x180,17.0,3.0,3.49,Ephemeral,2020-02-07,2020-08-25,False,2020-02-07 | 2020-03-09 | 2020-08-25,1.0,,,,,,,,,,,,,,,,,
life_track,RUL_BIN=Low | alloy_speed_meter_minute_BIN=Medium | alloy_type=open | cast_in_row_BIN=Medium | crystallizer_movementmm_BIN=Low | num_crystallizer_BIN=Low | num_stream_BIN=High | resistance_tonn_BIN=Low | steel_temperature_grab1Celsius_BIN=High | steel_type=Arm500 | steel_weighttonn_BIN=High | swing_frequency_amount_minute_BIN=High | temperature_measurement1_Celsius_BIN=Low | temperature_measurement2_Celsius_BIN=Low | water_consumption_BIN=High | water_temperature_deltaCelsius_BIN=High | workpiece_slice_geometry=180x180,17.0,3.0,3.49,Ephemeral,2020-02-09,2020-07-22,False,2020-02-09 | 2020-05-08 | 2020-07-22,1.0,,,,,,,,,,,,,,,,,
life_track,RUL_BIN=Medium | alloy_speed_meter_minute_BIN=Medium | alloy_type=open | cast_in_row_BIN=Low | crystallizer_movementmm_BIN=Low | num_crystallizer_BIN=High | num_stream_BIN=Medium | resistance_tonn_BIN=Low | steel_temperature_grab1Celsius_BIN=High | steel_type=Arm500 | steel_weighttonn_BIN=High | swing_frequency_amount_minute_BIN=Medium | temperature_measurement1_Celsius_BIN=Low | temperature_measurement2_Celsius_BIN=Low | water_consumption_BIN=High | water_temperature_deltaCelsius_BIN=High | workpiece_slice_geometry=180x180,17.0,3.0,3.49,Ephemeral,2020-03-05,2020-05-21,False,2020-03-05 | 2020-05-19 | 2020-05-21,1.0,,,,,,,,,,,,,,,,,
life_track,RUL_BIN=Healthy | alloy_speed_meter_minute_BIN=Medium | alloy_type=open | cast_in_row_BIN=Low | crystallizer_movementmm_BIN=Low | num_crystallizer_BIN=Low | num_stream_BIN=High | resistance_tonn_BIN=Low | steel_temperature_grab1Celsius_BIN=High | steel_type=Arm500 | steel_weighttonn_BIN=High | swing_frequency_amount_minute_BIN=Medium | temperature_measurement1_Celsius_BIN=Low | temperature_measurement2_Celsius_BIN=Low | water_consumption_BIN=High | water_temperature_deltaCelsius_BIN=High | workpiece_slice_geometry=180x180,17.0,3.0,3.49,Ephemeral,2020-03-05,2020-05-17,False,2020-03-05 | 2020-05-13 | 2020-05-17,1.33,,,,,,,,,,,,,,,,,
life_track,RUL_BIN=Low | alloy_speed_meter_minute_BIN=Medium | alloy_type=open | cast_in_row_BIN=Low | crystallizer_movementmm_BIN=High | num_crystallizer_BIN=Low | num_stream_BIN=Low | resistance_tonn_BIN=Low | steel_temperature_grab1Celsius_BIN=High | steel_type=Arm500 | steel_weighttonn_BIN=High | swing_frequency_amount_minute_BIN=High | temperature_measurement1_Celsius_BIN=Low | temperature_measurement2_Celsius_BIN=Low | water_consumption_BIN=High | water_temperature_deltaCelsius_BIN=High | workpiece_slice_geometry=180x180,17.0,3.0,3.49,Ephemeral,2020-03-07,2020-07-27,False,2020-03-07 | 2020-06-08 | 2020-07-27,1.0,,,,,,,,,,,,,,,,,
life_track,RUL_BIN=Medium | alloy_speed_meter_minute_BIN=Medium | alloy_type=open | cast_in_row_BIN=Medium | crystallizer_movementmm_BIN=Low | num_crystallizer_BIN=High | num_stream_BIN=Medium | resistance_tonn_BIN=Low | steel_temperature_grab1Celsius_BIN=High | steel_type=Arm500 | steel_weighttonn_BIN=High | swing_frequency_amount_minute_BIN=High | temperature_measurement1_Celsius_BIN=Low | temperature_measurement2_Celsius_BIN=Low | water_consumption_BIN=High | water_temperature_deltaCelsius_BIN=High | workpiece_slice_geometry=180x180,17.0,3.0,3.49,Ephemeral,2020-05-08,2020-07-22,False,2020-05-08 | 2020-05-09 | 2020-07-22,1.0,,,,,,,,,,,,,,,,,
life_track,RUL_BIN=Low | alloy_speed_meter_minute_BIN=Medium | alloy_type=open | cast_in_row_BIN=Medium | crystallizer_movementmm_BIN=Low | num_crystallizer_BIN=Low | num_stream_BIN=Low | resistance_tonn_BIN=Low | steel_temperature_grab1Celsius_BIN=High | steel_type=Arm500 | steel_weighttonn_BIN=High | swing_frequency_amount_minute_BIN=High | temperature_measurement1_Celsius_BIN=Low | temperature_measurement2_Celsius_BIN=Low | water_consumption_BIN=High | water_temperature_deltaCelsius_BIN=High | workpiece_slice_geometry=180x180,17.0,3.0,3.49,Ephemeral,2020-05-08,2020-08-15,False,2020-05-08 | 2020-08-14 | 2020-08-15,1.0,,,,,,,,,,,,,,,,,
life_track,RUL_BIN=Low | alloy_speed_meter_minute_BIN=Medium | alloy_type=open | cast_in_row_BIN=Medium | crystallizer_movementmm_BIN=Low | num_crystallizer_BIN=High | num_stream_BIN=Low | resistance_tonn_BIN=Low | steel_temperature_grab1Celsius_BIN=High | steel_type=Arm500 | steel_weighttonn_BIN=High | swing_frequency_amount_minute_BIN=High | temperature_measurement1_Celsius_BIN=Low | temperature_measurement2_Celsius_BIN=Low | water_consumption_BIN=High | water_temperature_deltaCelsius_BIN=High | workpiece_slice_geometry=180x180,17.0,3.0,3.49,Ephemeral,2020-05-08,2020-08-21,False,2020-05-08 | 2020-08-09 | 2020-08-21,1.0,,,,,,,,,,,,,,,,,
life_track,RUL_BIN=Critical | alloy_speed_meter_minute_BIN=Medium | alloy_type=open | cast_in_row_BIN=Medium | crystallizer_movementmm_BIN=Low | num_crystallizer_BIN=Medium | num_stream_BIN=High | resistance_tonn_BIN=Low | steel_temperature_grab1Celsius_BIN=High | steel_type=Arm500 | steel_weighttonn_BIN=High | swing_frequency_amount_minute_BIN=High | temperature_measurement1_Celsius_BIN=Low | temperature_measurement2_Celsius_BIN=Low | water_consumption_BIN=High | water_temperature_deltaCelsius_BIN=High | workpiece_slice_geometry=180x180,17.0,3.0,3.49,Ephemeral,2020-05-09,2020-08-15,False,2020-05-09 | 2020-08-14 | 2020-08-15,1.0,,,,,,,,,,,,,,,,,
life_track,RUL_BIN=Healthy | alloy_speed_meter_minute_BIN=Medium | alloy_type=open | cast_in_row_BIN=Low | crystallizer_movementmm_BIN=Low | num_crystallizer_BIN=Medium | num_stream_BIN=High | resistance_tonn_BIN=Low | steel_temperature_grab1Celsius_BIN=High | steel_type=Arm500 | steel_weighttonn_BIN=High | swing_frequency_amount_minute_BIN=High | temperature_measurement1_Celsius_BIN=Low | temperature_measurement2_Celsius_BIN=Low | water_consumption_BIN=High | water_temperature_deltaCelsius_BIN=High | workpiece_slice_geometry=180x180,17.0,3.0,3.49,Ephemeral,2020-05-14,2020-07-28,False,2020-05-14 | 2020-07-08 | 2020-07-28,1.33,,,,,,,,,,,,,,,,,
life_track,RUL_BIN=Medium | alloy_speed_meter_minute_BIN=Medium | alloy_type=open | cast_in_row_BIN=Low | crystallizer_movementmm_BIN=Low | num_crystallizer_BIN=High | num_stream_BIN=Low | resistance_tonn_BIN=Low | steel_temperature_grab1Celsius_BIN=High | steel_type=Arm500 | steel_weighttonn_BIN=High | swing_frequency_amount_minute_BIN=Medium | temperature_measurement1_Celsius_BIN=Low | temperature_measurement2_Celsius_BIN=Low | water_consumption_BIN=High | water_temperature_deltaCelsius_BIN=High | workpiece_slice_geometry=180x180,17.0,3.0,3.49,Ephemeral,2020-05-17,2020-05-21,False,2020-05-17 | 2020-05-19 | 2020-05-21,1.0,,,,,,,,,,,,,,,,,
life_track,RUL_BIN=Medium | alloy_speed_meter_minute_BIN=Medium | alloy_type=open | cast_in_row_BIN=Low | crystallizer_movementmm_BIN=Low | num_crystallizer_BIN=Medium | num_stream_BIN=Medium | resistance_tonn_BIN=Low | steel_temperature_grab1Celsius_BIN=High | steel_type=Arm500 | steel_weighttonn_BIN=High | swing_frequency_amount_minute_BIN=Medium | temperature_measurement1_Celsius_BIN=Low | temperature_measurement2_Celsius_BIN=Low | water_consumption_BIN=High | water_temperature_deltaCelsius_BIN=High | workpiece_slice_geometry=180x180,17.0,3.0,3.49,Ephemeral,2020-05-19,2020-05-23,False,2020-05-19 | 2020-05-21 | 2020-05-23,1.67,,,,,,,,,,,,,,,,,
life_track,RUL_BIN=Low | alloy_speed_meter_minute_BIN=Medium | alloy_type=open | cast_in_row_BIN=Low | crystallizer_movementmm_BIN=Low | num_crystallizer_BIN=Low | num_stream_BIN=Low | resistance_tonn_BIN=Low | steel_temperature_grab1Celsius_BIN=High | steel_type=Arm500 | steel_weighttonn_BIN=High | swing_frequency_amount_minute_BIN=Medium | temperature_measurement1_Celsius_BIN=Low | temperature_measurement2_Celsius_BIN=Low | water_consumption_BIN=High | water_temperature_deltaCelsius_BIN=High | workpiece_slice_geometry=180x180,17.0,3.0,3.49,Ephemeral,2020-05-19,2020-05-23,False,2020-05-19 | 2020-05-21 | 2020-05-23,1.0,,,,,,,,,,,,,,,,,
life_track,RUL_BIN=Low | alloy_speed_meter_minute_BIN=Medium | alloy_type=open | cast_in_row_BIN=Low | crystallizer_movementmm_BIN=Low | num_crystallizer_BIN=Low | num_stream_BIN=High | resistance_tonn_BIN=Low | steel_temperature_grab1Celsius_BIN=High | steel_type=Arm500 | steel_weighttonn_BIN=High | swing_frequency_amount_minute_BIN=High | temperature_measurement1_Celsius_BIN=Low | temperature_measurement2_Celsius_BIN=Low | water_consumption_BIN=High | water_temperature_deltaCelsius_BIN=High | workpiece_slice_geometry=180x180,17.0,3.0,3.49,Ephemeral,2020-05-25,2020-07-24,False,2020-05-25 | 2020-07-21 | 2020-07-24,1.33,,,,,,,,,,,,,,,,,
life_track,RUL_BIN=Healthy | alloy_speed_meter_minute_BIN=Medium | alloy_type=open | cast_in_row_BIN=Medium | crystallizer_movementmm_BIN=High | num_crystallizer_BIN=Medium | num_stream_BIN=Medium | resistance_tonn_BIN=Low | steel_temperature_grab1Celsius_BIN=High | steel_type=Arm500 | steel_weighttonn_BIN=High | swing_frequency_amount_minute_BIN=High | temperature_measurement1_Celsius_BIN=Low | temperature_measurement2_Celsius_BIN=Low | water_consumption_BIN=High | water_temperature_deltaCelsius_BIN=High | workpiece_slice_geometry=180x180,17.0,3.0,3.49,Ephemeral,2020-07-07,2020-07-15,False,2020-07-07 | 2020-07-13 | 2020-07-15,1.0,,,,,,,,,,,,,,,,,
life_track,RUL_BIN=Medium | alloy_speed_meter_minute_BIN=Medium | alloy_type=open | cast_in_row_BIN=Medium | crystallizer_movementmm_BIN=High | num_crystallizer_BIN=Medium | num_stream_BIN=Medium | resistance_tonn_BIN=Low | steel_temperature_grab1Celsius_BIN=High | steel_type=Arm500 | steel_weighttonn_BIN=High | swing_frequency_amount_minute_BIN=High | temperature_measurement1_Celsius_BIN=Low | temperature_measurement2_Celsius_BIN=Low | water_consumption_BIN=High | water_temperature_deltaCelsius_BIN=High | workpiece_slice_geometry=180x180,17.0,3.0,3.49,Ephemeral,2020-07-13,2020-07-19,False,2020-07-13 | 2020-07-15 | 2020-07-19,1.33,,,,,,,,,,,,,,,,,
life_track,RUL_BIN=Low | alloy_speed_meter_minute_BIN=Medium | alloy_type=open | cast_in_row_BIN=Medium | crystallizer_movementmm_BIN=Low | num_crystallizer_BIN=Medium | num_stream_BIN=Medium | resistance_tonn_BIN=Low | steel_temperature_grab1Celsius_BIN=High | steel_type=Arm500 | steel_weighttonn_BIN=High | swing_frequency_amount_minute_BIN=High | temperature_measurement1_Celsius_BIN=Low | temperature_measurement2_Celsius_BIN=Low | water_consumption_BIN=High | water_temperature_deltaCelsius_BIN=High | workpiece_slice_geometry=180x180,17.0,3.0,3.49,Ephemeral,2020-07-22,2020-08-15,False,2020-07-22 | 2020-08-14 | 2020-08-15,1.0,,,,,,,,,,,,,,,,,
life_track,RUL_BIN=Critical | alloy_speed_meter_minute_BIN=Medium | alloy_type=open | cast_in_row_BIN=Low | crystallizer_movementmm_BIN=Low | num_crystallizer_BIN=Medium | num_stream_BIN=Medium | resistance_tonn_BIN=Low | steel_temperature_grab1Celsius_BIN=High | steel_type=Arm500 | steel_weighttonn_BIN=Medium | swing_frequency_amount_minute_BIN=High | temperature_measurement1_Celsius_BIN=Low | temperature_measurement2_Celsius_BIN=Low | water_consumption_BIN=High | water_temperature_deltaCelsius_BIN=High | workpiece_slice_geometry=180x180,17.0,3.0,3.49,Ephemeral,2020-07-31,2020-08-17,False,2020-07-31 | 2020-08-16 | 2020-08-17,1.33,,,,,,,,,,,,,,,,,
life_track,RUL_BIN=Critical | alloy_speed_meter_minute_BIN=Medium | alloy_type=open | cast_in_row_BIN=Low | crystallizer_movementmm_BIN=Low | num_crystallizer_BIN=Low | num_stream_BIN=Low | resistance_tonn_BIN=Low | steel_temperature_grab1Celsius_BIN=High | steel_type=Arm500 | steel_weighttonn_BIN=Medium | swing_frequency_amount_minute_BIN=High | temperature_measurement1_Celsius_BIN=Low | temperature_measurement2_Celsius_BIN=Low | water_consumption_BIN=High | water_temperature_deltaCelsius_BIN=High | workpiece_slice_geometry=180x180,17.0,3.0,3.49,Ephemeral,2020-07-31,2020-08-17,False,2020-07-31 | 2020-08-16 | 2020-08-17,1.0,,,,,,,,,,,,,,,,,
life_track,RUL_BIN=Medium | alloy_speed_meter_minute_BIN=Medium | alloy_type=open | cast_in_row_BIN=Medium | crystallizer_movementmm_BIN=Low | num_crystallizer_BIN=Low | num_stream_BIN=Medium | resistance_tonn_BIN=Low | steel_temperature_grab1Celsius_BIN=High | steel_type=Arm500 | steel_weighttonn_BIN=High | swing_frequency_amount_minute_BIN=High | temperature_measurement1_Celsius_BIN=Low | temperature_measurement2_Celsius_BIN=Low | water_consumption_BIN=High | water_temperature_deltaCelsius_BIN=High | workpiece_slice_geometry=180x180,17.0,3.0,3.49,Ephemeral,2020-08-09,2020-08-15,False,2020-08-09 | 2020-08-14 | 2020-08-15,1.0,,,,,,,,,,,,,,,,,
life_track,RUL_BIN=Low | RUL_BIN=Medium | alloy_speed_meter_minute_BIN=Medium | alloy_type=open | cast_in_row_BIN=Low | crystallizer_movementmm_BIN=Low | num_crystallizer_BIN=High | num_crystallizer_BIN=Low | num_crystallizer_BIN=Medium | num_stream_BIN=High | num_stream_BIN=Low | num_stream_BIN=Medium | resistance_tonn_BIN=Low | steel_temperature_grab1Celsius_BIN=High | steel_type=Arm500 | steel_weighttonn_BIN=High | swing_frequency_amount_minute_BIN=High | temperature_measurement1_Celsius_BIN=Low | temperature_measurement2_Celsius_BIN=Low | water_consumption_BIN=High | water_temperature_deltaCelsius_BIN=High | workpiece_slice_geometry=180x180,22.0,3.0,3.49,Ephemeral,2020-07-18,2020-07-21,False,2020-07-18 | 2020-07-20 | 2020-07-21,1.0,,,,,,,,,,,,,,,,,
life_track,RUL_BIN=Critical | RUL_BIN=Low | RUL_BIN=Medium | alloy_speed_meter_minute_BIN=Medium | alloy_type=open | cast_in_row_BIN=Low | crystallizer_movementmm_BIN=Low | num_crystallizer_BIN=High | num_crystallizer_BIN=Low | num_crystallizer_BIN=Medium | num_stream_BIN=High | num_stream_BIN=Low | num_stream_BIN=Medium | resistance_tonn_BIN=Low | steel_temperature_grab1Celsius_BIN=High | steel_type=Arm500 | steel_weighttonn_BIN=High | swing_frequency_amount_minute_BIN=High | temperature_measurement1_Celsius_BIN=Low | temperature_measurement2_Celsius_BIN=Low | water_consumption_BIN=High | water_temperature_deltaCelsius_BIN=High | workpiece_slice_geometry=180x180,23.0,3.0,3.49,Ephemeral,2020-05-20,2020-06-07,False,2020-05-20 | 2020-05-25 | 2020-06-07,1.0,,,,,,,,,,,,,,,,,
life_track,alloy_speed_meter_minute_BIN=Medium | alloy_type=open | cast_in_row_BIN=Medium | crystallizer_movementmm_BIN=Low | resistance_tonn_BIN=Low | steel_temperature_grab1Celsius_BIN=High | steel_type=Arm500 | steel_weighttonn_BIN=Medium | swing_frequency_amount_minute_BIN=High | temperature_measurement1_Celsius_BIN=Low | temperature_measurement2_Celsius_BIN=Low | water_consumption_BIN=High | water_temperature_deltaCelsius_BIN=High | workpiece_slice_geometry=180x180,14.0,2.0,2.33,Ephemeral,2020-02-08,2020-03-08,False,2020-02-08 | 2020-03-08,7.5,,,,,,,,,,,,,,,,,
life_track,alloy_speed_meter_minute_BIN=Medium | alloy_type=open | cast_in_row_BIN=High | crystallizer_movementmm_BIN=High | resistance_tonn_BIN=Low | steel_temperature_grab1Celsius_BIN=High | steel_type=Arm500 | steel_weighttonn_BIN=High | swing_frequency_amount_minute_BIN=High | temperature_measurement1_Celsius_BIN=Low | temperature_measurement2_Celsius_BIN=Low | water_consumption_BIN=High | water_temperature_deltaCelsius_BIN=High | workpiece_slice_geometry=180x180,14.0,2.0,2.33,Ephemeral,2020-07-17,2020-08-18,False,2020-07-17 | 2020-08-18,6.5,,,,,,,,,,,,,,,,,
life_track,alloy_speed_meter_minute_BIN=Medium | alloy_type=open | cast_in_row_BIN=Medium | crystallizer_movementmm_BIN=High | resistance_tonn_BIN=Low | steel_temperature_grab1Celsius_BIN=High | steel_type=Arm500 | steel_weighttonn_BIN=Medium | swing_frequency_amount_minute_BIN=High | temperature_measurement1_Celsius_BIN=Low | temperature_measurement2_Celsius_BIN=Low | water_consumption_BIN=High | water_temperature_deltaCelsius_BIN=High | workpiece_slice_geometry=180x180,14.0,2.0,2.33,Ephemeral,2020-07-23,2020-07-25,False,2020-07-23 | 2020-07-25,7.5,,,,,,,,,,,,,,,,,
life_track,alloy_speed_meter_minute_BIN=Medium | alloy_type=open | cast_in_row_BIN=Medium | crystallizer_movementmm_BIN=Low | num_crystallizer_BIN=Low | resistance_tonn_BIN=Low | steel_temperature_grab1Celsius_BIN=High | steel_type=Arm500 | steel_weighttonn_BIN=Medium | swing_frequency_amount_minute_BIN=High | temperature_measurement1_Celsius_BIN=Low | temperature_measurement2_Celsius_BIN=Low | water_consumption_BIN=High | water_temperature_deltaCelsius_BIN=High | workpiece_slice_geometry=180x180,15.0,2.0,2.33,Ephemeral,2020-02-08,2020-03-08,False,2020-02-08 | 2020-03-08,3.5,,,,,,,,,,,,,,,,,
life_track,alloy_speed_meter_minute_BIN=Medium | alloy_type=open | cast_in_row_BIN=Medium | crystallizer_movementmm_BIN=Low | num_crystallizer_BIN=High | resistance_tonn_BIN=Low | steel_temperature_grab1Celsius_BIN=High | steel_type=Arm500 | steel_weighttonn_BIN=Medium | swing_frequency_amount_minute_BIN=High | temperature_measurement1_Celsius_BIN=Low | temperature_measurement2_Celsius_BIN=Low | water_consumption_BIN=High | water_temperature_deltaCelsius_BIN=High | workpiece_slice_geometry=180x180,15.0,2.0,2.33,Ephemeral,2020-02-08,2020-03-08,False,2020-02-08 | 2020-03-08,4.0,,,,,,,,,,,,,,,,,
life_track,RUL_BIN=Low | alloy_speed_meter_minute_BIN=Medium | alloy_type=open | cast_in_row_BIN=Medium | crystallizer_movementmm_BIN=Low | resistance_tonn_BIN=Low | steel_temperature_grab1Celsius_BIN=High | steel_type=Arm500 | steel_weighttonn_BIN=Medium | swing_frequency_amount_minute_BIN=High | temperature_measurement1_Celsius_BIN=Low | temperature_measurement2_Celsius_BIN=Low | water_consumption_BIN=High | water_temperature_deltaCelsius_BIN=High | workpiece_slice_geometry=180x180,15.0,2.0,2.33,Ephemeral,2020-02-08,2020-03-08,False,2020-02-08 | 2020-03-08,3.0,,,,,,,,,,,,,,,,,
life_track,RUL_BIN=Medium | alloy_speed_meter_minute_BIN=Medium | alloy_type=open | cast_in_row_BIN=Medium | crystallizer_movementmm_BIN=Low | resistance_tonn_BIN=Low | steel_temperature_grab1Celsius_BIN=High | steel_type=Arm500 | steel_weighttonn_BIN=High | swing_frequency_amount_minute_BIN=High | temperature_measurement1_Celsius_BIN=Low | temperature_measurement2_Celsius_BIN=Low | water_consumption_BIN=High | water_temperature_deltaCelsius_BIN=High | workpiece_slice_geometry=180x180,15.0,2.0,2.33,Ephemeral,2020-02-09,2020-08-21,False,2020-02-09 | 2020-08-21,2.5,,,,,,,,,,,,,,,,,
life_track,RUL_BIN=Critical | alloy_speed_meter_minute_BIN=Medium | alloy_type=open | cast_in_row_BIN=Medium | crystallizer_movementmm_BIN=Low | resistance_tonn_BIN=Low | steel_temperature_grab1Celsius_BIN=High | steel_type=Arm500 | steel_weighttonn_BIN=High | swing_frequency_amount_minute_BIN=High | temperature_measurement1_Celsius_BIN=Low | temperature_measurement2_Celsius_BIN=Low | water_consumption_BIN=High | water_temperature_deltaCelsius_BIN=High | workpiece_slice_geometry=180x180,15.0,2.0,2.33,Ephemeral,2020-02-09,2020-05-09,False,2020-02-09 | 2020-05-09,4.0,,,,,,,,,,,,,,,,,
life_track,alloy_speed_meter_minute_BIN=Medium | alloy_type=open | cast_in_row_BIN=Low | crystallizer_movementmm_BIN=Low | num_crystallizer_BIN=High | resistance_tonn_BIN=Low | steel_temperature_grab1Celsius_BIN=High | steel_type=Arm500 | steel_weighttonn_BIN=Medium | swing_frequency_amount_minute_BIN=High | temperature_measurement1_Celsius_BIN=Low | temperature_measurement2_Celsius_BIN=Low | water_consumption_BIN=High | water_temperature_deltaCelsius_BIN=High | workpiece_slice_geometry=180x180,15.0,2.0,2.33,Ephemeral,2020-02-10,2020-07-31,False,2020-02-10 | 2020-07-31,2.0,,,,,,,,,,,,,,,,,
life_track,alloy_speed_meter_minute_BIN=Medium | alloy_type=open | cast_in_row_BIN=Low | crystallizer_movementmm_BIN=High | num_crystallizer_BIN=Low | resistance_tonn_BIN=Low | steel_temperature_grab1Celsius_BIN=High | steel_type=Arm500 | steel_weighttonn_BIN=High | swing_frequency_amount_minute_BIN=High | temperature_measurement1_Celsius_BIN=Low | temperature_measurement2_Celsius_BIN=Low | water_consumption_BIN=High | water_temperature_deltaCelsius_BIN=High | workpiece_slice_geometry=180x180,15.0,2.0,2.33,Ephemeral,2020-03-07,2020-07-27,False,2020-03-07 | 2020-07-27,2.5,,,,,,,,,,,,,,,,,
life_track,alloy_speed_meter_minute_BIN=Medium | alloy_type=open | cast_in_row_BIN=Low | crystallizer_movementmm_BIN=High | num_crystallizer_BIN=High | resistance_tonn_BIN=Low | steel_temperature_grab1Celsius_BIN=High | steel_type=Arm500 | steel_weighttonn_BIN=High | swing_frequency_amount_minute_BIN=High | temperature_measurement1_Celsius_BIN=Low | temperature_measurement2_Celsius_BIN=Low | water_consumption_BIN=High | water_temperature_deltaCelsius_BIN=High | workpiece_slice_geometry=180x180,15.0,2.0,2.33,Ephemeral,2020-03-07,2020-05-07,False,2020-03-07 | 2020-05-07,3.0,,,,,,,,,,,,,,,,,
life_track,alloy_speed_meter_minute_BIN=Medium | alloy_type=open | cast_in_row_BIN=Medium | crystallizer_movementmm_BIN=Low | num_stream_BIN=Low | resistance_tonn_BIN=Low | steel_temperature_grab1Celsius_BIN=High | steel_type=Arm500 | steel_weighttonn_BIN=High | swing_frequency_amount_minute_BIN=High | temperature_measurement1_Celsius_BIN=Low | temperature_measurement2_Celsius_BIN=Low | water_consumption_BIN=High | water_temperature_deltaCelsius_BIN=High | workpiece_slice_geometry=180x180,15.0,2.0,2.33,Ephemeral,2020-05-09,2020-08-09,False,2020-05-09 | 2020-08-09,3.0,,,,,,,,,,,,,,,,,
life_track,RUL_BIN=Healthy | alloy_speed_meter_minute_BIN=High | alloy_type=open | cast_in_row_BIN=Medium | crystallizer_movementmm_BIN=High | resistance_tonn_BIN=Low | steel_temperature_grab1Celsius_BIN=High | steel_type=St4sp | steel_weighttonn_BIN=High | swing_frequency_amount_minute_BIN=Low | temperature_measurement1_Celsius_BIN=Low | temperature_measurement2_Celsius_BIN=Low | water_consumption_BIN=High | water_temperature_deltaCelsius_BIN=High | workpiece_slice_geometry=150x150,15.0,2.0,2.33,Ephemeral,2020-05-18,2020-05-22,False,2020-05-18 | 2020-05-22,4.0,,,,,,,,,,,,,,,,,
life_track,alloy_speed_meter_minute_BIN=High | alloy_type=open | cast_in_row_BIN=Medium | crystallizer_movementmm_BIN=High | num_stream_BIN=Medium | resistance_tonn_BIN=Low | steel_temperature_grab1Celsius_BIN=High | steel_type=St4sp | steel_weighttonn_BIN=High | swing_frequency_amount_minute_BIN=Low | temperature_measurement1_Celsius_BIN=Low | temperature_measurement2_Celsius_BIN=Low | water_consumption_BIN=High | water_temperature_deltaCelsius_BIN=High | workpiece_slice_geometry=150x150,15.0,2.0,2.33,Ephemeral,2020-05-22,2020-05-26,False,2020-05-22 | 2020-05-26,3.5,,,,,,,,,,,,,,,,,
life_track,alloy_speed_meter_minute_BIN=High | alloy_type=open | cast_in_row_BIN=Medium | crystallizer_movementmm_BIN=High | num_crystallizer_BIN=High | resistance_tonn_BIN=Low | steel_temperature_grab1Celsius_BIN=High | steel_type=St4sp | steel_weighttonn_BIN=High | swing_frequency_amount_minute_BIN=Low | temperature_measurement1_Celsius_BIN=Low | temperature_measurement2_Celsius_BIN=Low | water_consumption_BIN=High | water_temperature_deltaCelsius_BIN=High | workpiece_slice_geometry=150x150,15.0,2.0,2.33,Ephemeral,2020-05-22,2020-05-26,False,2020-05-22 | 2020-05-26,3.5,,,,,,,,,,,,,,,,,
life_track,RUL_BIN=Low | alloy_speed_meter_minute_BIN=High | alloy_type=open | cast_in_row_BIN=Medium | crystallizer_movementmm_BIN=High | resistance_tonn_BIN=Low | steel_temperature_grab1Celsius_BIN=High | steel_type=St4sp | steel_weighttonn_BIN=High | swing_frequency_amount_minute_BIN=Low | temperature_measurement1_Celsius_BIN=Low | temperature_measurement2_Celsius_BIN=Low | water_consumption_BIN=High | water_temperature_deltaCelsius_BIN=High | workpiece_slice_geometry=150x150,15.0,2.0,2.33,Ephemeral,2020-05-22,2020-05-26,False,2020-05-22 | 2020-05-26,5.5,,,,,,,,,,,,,,,,,
life_track,alloy_speed_meter_minute_BIN=Medium | alloy_type=open | cast_in_row_BIN=Medium | crystallizer_movementmm_BIN=Low | num_crystallizer_BIN=Medium | resistance_tonn_BIN=Low | steel_temperature_grab1Celsius_BIN=High | steel_type=Arm500 | steel_weighttonn_BIN=High | swing_frequency_amount_minute_BIN=Medium | temperature_measurement1_Celsius_BIN=Low | temperature_measurement2_Celsius_BIN=Low | water_consumption_BIN=High | water_temperature_deltaCelsius_BIN=High | workpiece_slice_geometry=180x180,15.0,2.0,2.33,Ephemeral,2020-05-28,2020-05-31,False,2020-05-28 | 2020-05-31,6.5,,,,,,,,,,,,,,,,,
life_track,alloy_speed_meter_minute_BIN=Medium | alloy_type=open | cast_in_row_BIN=Low | crystallizer_movementmm_BIN=High | num_crystallizer_BIN=Medium | resistance_tonn_BIN=Low | steel_temperature_grab1Celsius_BIN=High | steel_type=Arm500 | steel_weighttonn_BIN=High | swing_frequency_amount_minute_BIN=High | temperature_measurement1_Celsius_BIN=Low | temperature_measurement2_Celsius_BIN=Low | water_consumption_BIN=High | water_temperature_deltaCelsius_BIN=High | workpiece_slice_geometry=180x180,15.0,2.0,2.33,Ephemeral,2020-06-08,2020-07-27,False,2020-06-08 | 2020-07-27,4.0,,,,,,,,,,,,,,,,,
life_track,alloy_speed_meter_minute_BIN=Medium | alloy_type=open | cast_in_row_BIN=High | crystallizer_movementmm_BIN=High | num_stream_BIN=High | resistance_tonn_BIN=Low | steel_temperature_grab1Celsius_BIN=High | steel_type=Arm500 | steel_weighttonn_BIN=High | swing_frequency_amount_minute_BIN=High | temperature_measurement1_Celsius_BIN=Low | temperature_measurement2_Celsius_BIN=Low | water_consumption_BIN=High | water_temperature_deltaCelsius_BIN=High | workpiece_slice_geometry=180x180,15.0,2.0,2.33,Ephemeral,2020-07-17,2020-08-18,False,2020-07-17 | 2020-08-18,2.0,,,,,,,,,,,,,,,,,
life_track,alloy_speed_meter_minute_BIN=Medium | alloy_type=open | cast_in_row_BIN=Medium | crystallizer_movementmm_BIN=High | num_stream_BIN=Low | resistance_tonn_BIN=Low | steel_temperature_grab1Celsius_BIN=High | steel_type=Arm500 | steel_weighttonn_BIN=High | swing_frequency_amount_minute_BIN=High | temperature_measurement1_Celsius_BIN=Low | temperature_measurement2_Celsius_BIN=Low | water_consumption_BIN=High | water_temperature_deltaCelsius_BIN=High | workpiece_slice_geometry=180x180,15.0,2.0,2.33,Ephemeral,2020-07-19,2020-07-29,False,2020-07-19 | 2020-07-29,2.5,,,,,,,,,,,,,,,,,
life_track,alloy_speed_meter_minute_BIN=Medium | alloy_type=open | cast_in_row_BIN=Medium | crystallizer_movementmm_BIN=High | num_crystallizer_BIN=Medium | resistance_tonn_BIN=Low | steel_temperature_grab1Celsius_BIN=High | steel_type=Arm500 | steel_weighttonn_BIN=Medium | swing_frequency_amount_minute_BIN=High | temperature_measurement1_Celsius_BIN=Low | temperature_measurement2_Celsius_BIN=Low | water_consumption_BIN=High | water_temperature_deltaCelsius_BIN=High | workpiece_slice_geometry=180x180,15.0,2.0,2.33,Ephemeral,2020-07-23,2020-07-25,False,2020-07-23 | 2020-07-25,5.0,,,,,,,,,,,,,,,,,
life_track,RUL_BIN=Low | alloy_speed_meter_minute_BIN=Medium | alloy_type=open | cast_in_row_BIN=Medium | crystallizer_movementmm_BIN=High | resistance_tonn_BIN=Low | steel_temperature_grab1Celsius_BIN=High | steel_type=Arm500 | steel_weighttonn_BIN=Medium | swing_frequency_amount_minute_BIN=High | temperature_measurement1_Celsius_BIN=Low | temperature_measurement2_Celsius_BIN=Low | water_consumption_BIN=High | water_temperature_deltaCelsius_BIN=High | workpiece_slice_geometry=180x180,15.0,2.0,2.33,Ephemeral,2020-07-23,2020-07-25,False,2020-07-23 | 2020-07-25,5.0,,,,,,,,,,,,,,,,,
life_track,alloy_speed_meter_minute_BIN=Medium | alloy_type=open | cast_in_row_BIN=Low | crystallizer_movementmm_BIN=Low | num_stream_BIN=Medium | resistance_tonn_BIN=Low | steel_temperature_grab1Celsius_BIN=High | steel_type=Arm500 | steel_weighttonn_BIN=Medium | swing_frequency_amount_minute_BIN=High | temperature_measurement1_Celsius_BIN=Low | temperature_measurement2_Celsius_BIN=Low | water_consumption_BIN=High | water_temperature_deltaCelsius_BIN=High | workpiece_slice_geometry=180x180,15.0,2.0,2.33,Ephemeral,2020-08-16,2020-08-17,False,2020-08-16 | 2020-08-17,2.5,,,,,,,,,,,,,,,,,
life_track,RUL_BIN=Healthy | alloy_speed_meter_minute_BIN=Medium | alloy_type=open | cast_in_row_BIN=Low | crystallizer_movementmm_BIN=Low | num_stream_BIN=Medium | resistance_tonn_BIN=Low | steel_temperature_grab1Celsius_BIN=High | steel_type=Arm500 | steel_weighttonn_BIN=High | swing_frequency_amount_minute_BIN=Medium | temperature_measurement1_Celsius_BIN=Low | temperature_measurement2_Celsius_BIN=Low | water_consumption_BIN=High | water_temperature_deltaCelsius_BIN=High | workpiece_slice_geometry=180x180,16.0,2.0,2.33,Ephemeral,2020-02-05,2020-05-17,False,2020-02-05 | 2020-05-17,2.5,,,,,,,,,,,,,,,,,
life_track,RUL_BIN=Healthy | alloy_speed_meter_minute_BIN=Medium | alloy_type=open | cast_in_row_BIN=Low | crystallizer_movementmm_BIN=Low | num_stream_BIN=Low | resistance_tonn_BIN=Low | steel_temperature_grab1Celsius_BIN=High | steel_type=Arm500 | steel_weighttonn_BIN=High | swing_frequency_amount_minute_BIN=Medium | temperature_measurement1_Celsius_BIN=Low | temperature_measurement2_Celsius_BIN=Low | water_consumption_BIN=High | water_temperature_deltaCelsius_BIN=High | workpiece_slice_geometry=180x180,16.0,2.0,2.33,Ephemeral,2020-02-05,2020-05-17,False,2020-02-05 | 2020-05-17,2.0,,,,,,,,,,,,,,,,,
life_track,RUL_BIN=Healthy | alloy_speed_meter_minute_BIN=Medium | alloy_type=open | cast_in_row_BIN=Low | crystallizer_movementmm_BIN=Low | num_crystallizer_BIN=High | resistance_tonn_BIN=Low | steel_temperature_grab1Celsius_BIN=High | steel_type=Arm500 | steel_weighttonn_BIN=High | swing_frequency_amount_minute_BIN=Medium | temperature_measurement1_Celsius_BIN=Low | temperature_measurement2_Celsius_BIN=Low | water_consumption_BIN=High | water_temperature_deltaCelsius_BIN=High | workpiece_slice_geometry=180x180,16.0,2.0,2.33,Ephemeral,2020-02-05,2020-05-17,False,2020-02-05 | 2020-05-17,2.5,,,,,,,,,,,,,,,,,
life_track,RUL_BIN=Healthy | alloy_speed_meter_minute_BIN=Medium | alloy_type=open | cast_in_row_BIN=Low | crystallizer_movementmm_BIN=Low | num_crystallizer_BIN=High | resistance_tonn_BIN=Low | steel_temperature_grab1Celsius_BIN=High | steel_type=Arm500 | steel_weighttonn_BIN=High | swing_frequency_amount_minute_BIN=High | temperature_measurement1_Celsius_BIN=Low | temperature_measurement2_Celsius_BIN=Low | water_consumption_BIN=High | water_temperature_deltaCelsius_BIN=High | workpiece_slice_geometry=180x180,16.0,2.0,2.33,Ephemeral,2020-02-07,2020-08-19,False,2020-02-07 | 2020-08-19,2.5,,,,,,,,,,,,,,,,,
life_track,alloy_speed_meter_minute_BIN=Medium | alloy_type=open | cast_in_row_BIN=Medium | crystallizer_movementmm_BIN=Low | num_crystallizer_BIN=Low | num_stream_BIN=High | resistance_tonn_BIN=Low | steel_temperature_grab1Celsius_BIN=High | steel_type=Arm500 | steel_weighttonn_BIN=High | swing_frequency_amount_minute_BIN=High | temperature_measurement1_Celsius_BIN=Low | temperature_measurement2_Celsius_BIN=Low | water_consumption_BIN=High | water_temperature_deltaCelsius_BIN=High | workpiece_slice_geometry=180x180,16.0,2.0,2.33,Ephemeral,2020-02-09,2020-05-09,False,2020-02-09 | 2020-05-09,2.0,,,,,,,,,,,,,,,,,
life_track,alloy_speed_meter_minute_BIN=Medium | alloy_type=open | cast_in_row_BIN=Low | crystallizer_movementmm_BIN=Low | num_crystallizer_BIN=Low | num_stream_BIN=High | resistance_tonn_BIN=Low | steel_temperature_grab1Celsius_BIN=High | steel_type=Arm500 | steel_weighttonn_BIN=High | swing_frequency_amount_minute_BIN=Medium | temperature_measurement1_Celsius_BIN=Low | temperature_measurement2_Celsius_BIN=Low | water_consumption_BIN=High | water_temperature_deltaCelsius_BIN=High | workpiece_slice_geometry=180x180,16.0,2.0,2.33,Ephemeral,2020-03-05,2020-05-17,False,2020-03-05 | 2020-05-17,2.5,,,,,,,,,,,,,,,,,
life_track,RUL_BIN=Healthy | alloy_speed_meter_minute_BIN=Medium | alloy_type=open | cast_in_row_BIN=Low | crystallizer_movementmm_BIN=Low | num_stream_BIN=High | resistance_tonn_BIN=Low | steel_temperature_grab1Celsius_BIN=High | steel_type=Arm500 | steel_weighttonn_BIN=High | swing_frequency_amount_minute_BIN=Medium | temperature_measurement1_Celsius_BIN=Low | temperature_measurement2_Celsius_BIN=Low | water_consumption_BIN=High | water_temperature_deltaCelsius_BIN=High | workpiece_slice_geometry=180x180,16.0,2.0,2.33,Ephemeral,2020-03-05,2020-05-13,False,2020-03-05 | 2020-05-13,2.0,,,,,,,,,,,,,,,,,
life_track,RUL_BIN=Critical | alloy_speed_meter_minute_BIN=Medium | alloy_type=open | cast_in_row_BIN=Medium | crystallizer_movementmm_BIN=Low | num_stream_BIN=Medium | resistance_tonn_BIN=Low | steel_temperature_grab1Celsius_BIN=High | steel_type=Arm500 | steel_weighttonn_BIN=Medium | swing_frequency_amount_minute_BIN=High | temperature_measurement1_Celsius_BIN=Low | temperature_measurement2_Celsius_BIN=Low | water_consumption_BIN=High | water_temperature_deltaCelsius_BIN=High | workpiece_slice_geometry=180x180,16.0,2.0,2.33,Ephemeral,2020-03-08,2020-04-09,False,2020-03-08 | 2020-04-09,2.0,,,,,,,,,,,,,,,,,
life_track,RUL_BIN=Critical | alloy_speed_meter_minute_BIN=Medium | alloy_type=open | cast_in_row_BIN=Medium | crystallizer_movementmm_BIN=Low | num_crystallizer_BIN=High | resistance_tonn_BIN=Low | steel_temperature_grab1Celsius_BIN=High | steel_type=Arm500 | steel_weighttonn_BIN=Medium | swing_frequency_amount_minute_BIN=High | temperature_measurement1_Celsius_BIN=Low | temperature_measurement2_Celsius_BIN=Low | water_consumption_BIN=High | water_temperature_deltaCelsius_BIN=High | workpiece_slice_geometry=180x180,16.0,2.0,2.33,Ephemeral,2020-03-08,2020-04-09,False,2020-03-08 | 2020-04-09,3.0,,,,,,,,,,,,,,,,,
life_track,RUL_BIN=Critical | alloy_speed_meter_minute_BIN=Medium | alloy_type=open | cast_in_row_BIN=Low | crystallizer_movementmm_BIN=Low | num_stream_BIN=Medium | resistance_tonn_BIN=Low | steel_temperature_grab1Celsius_BIN=High | steel_type=Arm500 | steel_weighttonn_BIN=High | swing_frequency_amount_minute_BIN=High | temperature_measurement1_Celsius_BIN=Low | temperature_measurement2_Celsius_BIN=Low | water_consumption_BIN=High | water_temperature_deltaCelsius_BIN=High | workpiece_slice_geometry=180x180,16.0,2.0,2.33,Ephemeral,2020-03-09,2020-06-07,False,2020-03-09 | 2020-06-07,2.0,,,,,,,,,,,,,,,,,
life_track,RUL_BIN=Critical | alloy_speed_meter_minute_BIN=Medium | alloy_type=open | cast_in_row_BIN=Low | crystallizer_movementmm_BIN=Low | num_crystallizer_BIN=High | resistance_tonn_BIN=Low | steel_temperature_grab1Celsius_BIN=High | steel_type=Arm500 | steel_weighttonn_BIN=High | swing_frequency_amount_minute_BIN=High | temperature_measurement1_Celsius_BIN=Low | temperature_measurement2_Celsius_BIN=Low | water_consumption_BIN=High | water_temperature_deltaCelsius_BIN=High | workpiece_slice_geometry=180x180,16.0,2.0,2.33,Ephemeral,2020-03-09,2020-08-25,False,2020-03-09 | 2020-08-25,2.5,,,,,,,,,,,,,,,,,
life_track,alloy_speed_meter_minute_BIN=Medium | alloy_type=open | cast_in_row_BIN=Medium | crystallizer_movementmm_BIN=Low | num_crystallizer_BIN=High | num_stream_BIN=Medium | resistance_tonn_BIN=Low | steel_temperature_grab1Celsius_BIN=High | steel_type=Arm500 | steel_weighttonn_BIN=High | swing_frequency_amount_minute_BIN=High | temperature_measurement1_Celsius_BIN=Low | temperature_measurement2_Celsius_BIN=Low | water_consumption_BIN=High | water_temperature_deltaCelsius_BIN=High | workpiece_slice_geometry=180x180,16.0,2.0,2.33,Ephemeral,2020-05-08,2020-05-09,False,2020-05-08 | 2020-05-09,2.0,,,,,,,,,,,,,,,,,
life_track,RUL_BIN=Critical | alloy_speed_meter_minute_BIN=Medium | alloy_type=open | cast_in_row_BIN=Medium | crystallizer_movementmm_BIN=Low | num_stream_BIN=High | resistance_tonn_BIN=Low | steel_temperature_grab1Celsius_BIN=High | steel_type=Arm500 | steel_weighttonn_BIN=High | swing_frequency_amount_minute_BIN=High | temperature_measurement1_Celsius_BIN=Low | temperature_measurement2_Celsius_BIN=Low | water_consumption_BIN=High | water_temperature_deltaCelsius_BIN=High | workpiece_slice_geometry=180x180,16.0,2.0,2.33,Ephemeral,2020-05-09,2020-08-15,False,2020-05-09 | 2020-08-15,2.0,,,,,,,,,,,,,,,,,
life_track,RUL_BIN=Healthy | alloy_speed_meter_minute_BIN=Medium | alloy_type=open | cast_in_row_BIN=Low | crystallizer_movementmm_BIN=Low | num_crystallizer_BIN=Medium | resistance_tonn_BIN=Low | steel_temperature_grab1Celsius_BIN=High | steel_type=Arm500 | steel_weighttonn_BIN=High | swing_frequency_amount_minute_BIN=High | temperature_measurement1_Celsius_BIN=Low | temperature_measurement2_Celsius_BIN=Low | water_consumption_BIN=High | water_temperature_deltaCelsius_BIN=High | workpiece_slice_geometry=180x180,16.0,2.0,2.33,Ephemeral,2020-05-14,2020-07-08,False,2020-05-14 | 2020-07-08,3.5,,,,,,,,,,,,,,,,,
life_track,alloy_speed_meter_minute_BIN=Medium | alloy_type=open | cast_in_row_BIN=Low | crystallizer_movementmm_BIN=Low | num_crystallizer_BIN=Low | num_stream_BIN=Low | resistance_tonn_BIN=Low | steel_temperature_grab1Celsius_BIN=High | steel_type=Arm500 | steel_weighttonn_BIN=High | swing_frequency_amount_minute_BIN=Medium | temperature_measurement1_Celsius_BIN=Low | temperature_measurement2_Celsius_BIN=Low | water_consumption_BIN=High | water_temperature_deltaCelsius_BIN=High | workpiece_slice_geometry=180x180,16.0,2.0,2.33,Ephemeral,2020-05-19,2020-05-21,False,2020-05-19 | 2020-05-21,2.0,,,,,,,,,,,,,,,,,
life_track,RUL_BIN=Medium | alloy_speed_meter_minute_BIN=Medium | alloy_type=open | cast_in_row_BIN=Low | crystallizer_movementmm_BIN=Low | num_stream_BIN=Medium | resistance_tonn_BIN=Low | steel_temperature_grab1Celsius_BIN=High | steel_type=Arm500 | steel_weighttonn_BIN=High | swing_frequency_amount_minute_BIN=Medium | temperature_measurement1_Celsius_BIN=Low | temperature_measurement2_Celsius_BIN=Low | water_consumption_BIN=High | water_temperature_deltaCelsius_BIN=High | workpiece_slice_geometry=180x180,16.0,2.0,2.33,Ephemeral,2020-05-19,2020-05-21,False,2020-05-19 | 2020-05-21,3.5,,,,,,,,,,,,,,,,,
life_track,RUL_BIN=Medium | alloy_speed_meter_minute_BIN=Medium | alloy_type=open | cast_in_row_BIN=Low | crystallizer_movementmm_BIN=Low | num_crystallizer_BIN=High | resistance_tonn_BIN=Low | steel_temperature_grab1Celsius_BIN=High | steel_type=Arm500 | steel_weighttonn_BIN=High | swing_frequency_amount_minute_BIN=Medium | temperature_measurement1_Celsius_BIN=Low | temperature_measurement2_Celsius_BIN=Low | water_consumption_BIN=High | water_temperature_deltaCelsius_BIN=High | workpiece_slice_geometry=180x180,16.0,2.0,2.33,Ephemeral,2020-05-19,2020-05-21,False,2020-05-19 | 2020-05-21,2.0,,,,,,,,,,,,,,,,,
life_track,RUL_BIN=Low | alloy_speed_meter_minute_BIN=High | alloy_type=open | cast_in_row_BIN=Medium | crystallizer_movementmm_BIN=High | num_crystallizer_BIN=High | resistance_tonn_BIN=Low | steel_temperature_grab1Celsius_BIN=High | steel_type=St4sp | steel_weighttonn_BIN=High | swing_frequency_amount_minute_BIN=Low | temperature_measurement1_Celsius_BIN=Low | temperature_measurement2_Celsius_BIN=Low | water_consumption_BIN=High | water_temperature_deltaCelsius_BIN=High | workpiece_slice_geometry=150x150,16.0,2.0,2.33,Ephemeral,2020-05-22,2020-05-26,False,2020-05-22 | 2020-05-26,2.5,,,,,,,,,,,,,,,,,
life_track,alloy_speed_meter_minute_BIN=Medium | alloy_type=open | cast_in_row_BIN=Low | crystallizer_movementmm_BIN=Low | num_crystallizer_BIN=Low | num_stream_BIN=Low | resistance_tonn_BIN=Low | steel_temperature_grab1Celsius_BIN=High | steel_type=Arm500 | steel_weighttonn_BIN=High | swing_frequency_amount_minute_BIN=High | temperature_measurement1_Celsius_BIN=Low | temperature_measurement2_Celsius_BIN=Low | water_consumption_BIN=High | water_temperature_deltaCelsius_BIN=High | workpiece_slice_geometry=180x180,16.0,2.0,2.33,Ephemeral,2020-05-25,2020-07-28,False,2020-05-25 | 2020-07-28,2.0,,,,,,,,,,,,,,,,,
life_track,RUL_BIN=Low | alloy_speed_meter_minute_BIN=Medium | alloy_type=open | cast_in_row_BIN=Low | crystallizer_movementmm_BIN=Low | num_stream_BIN=Medium | resistance_tonn_BIN=Low | steel_temperature_grab1Celsius_BIN=High | steel_type=Arm500 | steel_weighttonn_BIN=High | swing_frequency_amount_minute_BIN=High | temperature_measurement1_Celsius_BIN=Low | temperature_measurement2_Celsius_BIN=Low | water_consumption_BIN=High | water_temperature_deltaCelsius_BIN=High | workpiece_slice_geometry=180x180,16.0,2.0,2.33,Ephemeral,2020-05-25,2020-07-24,False,2020-05-25 | 2020-07-24,3.0,,,,,,,,,,,,,,,,,
life_track,RUL_BIN=Low | alloy_speed_meter_minute_BIN=Medium | alloy_type=open | cast_in_row_BIN=Low | crystallizer_movementmm_BIN=Low | num_stream_BIN=Low | resistance_tonn_BIN=Low | steel_temperature_grab1Celsius_BIN=High | steel_type=Arm500 | steel_weighttonn_BIN=High | swing_frequency_amount_minute_BIN=High | temperature_measurement1_Celsius_BIN=Low | temperature_measurement2_Celsius_BIN=Low | water_consumption_BIN=High | water_temperature_deltaCelsius_BIN=High | workpiece_slice_geometry=180x180,16.0,2.0,2.33,Ephemeral,2020-05-25,2020-07-24,False,2020-05-25 | 2020-07-24,2.5,,,,,,,,,,,,,,,,,
life_track,RUL_BIN=Low | alloy_speed_meter_minute_BIN=Medium | alloy_type=open | cast_in_row_BIN=Low | crystallizer_movementmm_BIN=Low | num_crystallizer_BIN=Low | resistance_tonn_BIN=Low | steel_temperature_grab1Celsius_BIN=High | steel_type=Arm500 | steel_weighttonn_BIN=High | swing_frequency_amount_minute_BIN=High | temperature_measurement1_Celsius_BIN=Low | temperature_measurement2_Celsius_BIN=Low | water_consumption_BIN=High | water_temperature_deltaCelsius_BIN=High | workpiece_slice_geometry=180x180,16.0,2.0,2.33,Ephemeral,2020-05-25,2020-07-24,False,2020-05-25 | 2020-07-24,2.5,,,,,,,,,,,,,,,,,
life_track,RUL_BIN=Critical | alloy_speed_meter_minute_BIN=Medium | alloy_type=open | cast_in_row_BIN=Low | crystallizer_movementmm_BIN=High | num_crystallizer_BIN=Medium | resistance_tonn_BIN=Low | steel_temperature_grab1Celsius_BIN=High | steel_type=Arm500 | steel_weighttonn_BIN=High | swing_frequency_amount_minute_BIN=High | temperature_measurement1_Celsius_BIN=Low | temperature_measurement2_Celsius_BIN=Low | water_consumption_BIN=High | water_temperature_deltaCelsius_BIN=High | workpiece_slice_geometry=180x180,16.0,2.0,2.33,Ephemeral,2020-06-08,2020-08-26,True,2020-06-08 | 2020-08-26,2.5,,,,,,,,,,,,,,,,,
life_track,RUL_BIN=Healthy | alloy_speed_meter_minute_BIN=Medium | alloy_type=open | cast_in_row_BIN=Medium | crystallizer_movementmm_BIN=High | num_stream_BIN=High | resistance_tonn_BIN=Low | steel_temperature_grab1Celsius_BIN=High | steel_type=Arm500 | steel_weighttonn_BIN=High | swing_frequency_amount_minute_BIN=High | temperature_measurement1_Celsius_BIN=Low | temperature_measurement2_Celsius_BIN=Low | water_consumption_BIN=High | water_temperature_deltaCelsius_BIN=High | workpiece_slice_geometry=180x180,16.0,2.0,2.33,Ephemeral,2020-07-07,2020-07-13,False,2020-07-07 | 2020-07-13,2.0,,,,,,,,,,,,,,,,,
life_track,RUL_BIN=Healthy | alloy_speed_meter_minute_BIN=Medium | alloy_type=open | cast_in_row_BIN=Low | crystallizer_movementmm_BIN=Low | num_stream_BIN=High | resistance_tonn_BIN=Low | steel_temperature_grab1Celsius_BIN=High | steel_type=Arm500 | steel_weighttonn_BIN=High | swing_frequency_amount_minute_BIN=High | temperature_measurement1_Celsius_BIN=Low | temperature_measurement2_Celsius_BIN=Low | water_consumption_BIN=High | water_temperature_deltaCelsius_BIN=High | workpiece_slice_geometry=180x180,16.0,2.0,2.33,Ephemeral,2020-07-08,2020-07-28,False,2020-07-08 | 2020-07-28,3.0,,,,,,,,,,,,,,,,,
life_track,alloy_speed_meter_minute_BIN=Medium | alloy_type=open | cast_in_row_BIN=Medium | crystallizer_movementmm_BIN=High | num_crystallizer_BIN=Medium | num_stream_BIN=High | resistance_tonn_BIN=Low | steel_temperature_grab1Celsius_BIN=High | steel_type=Arm500 | steel_weighttonn_BIN=High | swing_frequency_amount_minute_BIN=High | temperature_measurement1_Celsius_BIN=Low | temperature_measurement2_Celsius_BIN=Low | water_consumption_BIN=High | water_temperature_deltaCelsius_BIN=High | workpiece_slice_geometry=180x180,16.0,2.0,2.33,Ephemeral,2020-07-15,2020-07-29,False,2020-07-15 | 2020-07-29,2.0,,,,,,,,,,,,,,,,,
life_track,alloy_speed_meter_minute_BIN=Medium | alloy_type=open | cast_in_row_BIN=Low | crystallizer_movementmm_BIN=Low | num_crystallizer_BIN=Medium | num_stream_BIN=High | resistance_tonn_BIN=Low | steel_temperature_grab1Celsius_BIN=High | steel_type=Arm500 | steel_weighttonn_BIN=High | swing_frequency_amount_minute_BIN=High | temperature_measurement1_Celsius_BIN=Low | temperature_measurement2_Celsius_BIN=Low | water_consumption_BIN=High | water_temperature_deltaCelsius_BIN=High | workpiece_slice_geometry=180x180,16.0,2.0,2.33,Ephemeral,2020-07-30,2020-08-13,False,2020-07-30 | 2020-08-13,2.5,,,,,,,,,,,,,,,,,
life_track,RUL_BIN=Critical | alloy_speed_meter_minute_BIN=Medium | alloy_type=open | cast_in_row_BIN=Low | crystallizer_movementmm_BIN=Low | num_crystallizer_BIN=Medium | resistance_tonn_BIN=Low | steel_temperature_grab1Celsius_BIN=High | steel_type=Arm500 | steel_weighttonn_BIN=Medium | swing_frequency_amount_minute_BIN=High | temperature_measurement1_Celsius_BIN=Low | temperature_measurement2_Celsius_BIN=Low | water_consumption_BIN=High | water_temperature_deltaCelsius_BIN=High | workpiece_slice_geometry=180x180,16.0,2.0,2.33,Ephemeral,2020-07-31,2020-08-17,False,2020-07-31 | 2020-08-17,3.5,,,,,,,,,,,,,,,,,
life_track,RUL_BIN=Critical | alloy_speed_meter_minute_BIN=Medium | alloy_type=open | cast_in_row_BIN=Medium | crystallizer_movementmm_BIN=Low | num_crystallizer_BIN=High | num_stream_BIN=High | resistance_tonn_BIN=Low | steel_temperature_grab1Celsius_BIN=High | steel_type=Arm500 | steel_weighttonn_BIN=Medium | swing_frequency_amount_minute_BIN=High | temperature_measurement1_Celsius_BIN=Low | temperature_measurement2_Celsius_BIN=Low | water_consumption_BIN=High | water_temperature_deltaCelsius_BIN=High | workpiece_slice_geometry=180x180,17.0,2.0,2.33,Ephemeral,2020-01-10,2020-04-09,False,2020-01-10 | 2020-04-09,2.0,,,,,,,,,,,,,,,,,
life_track,RUL_BIN=Healthy | alloy_speed_meter_minute_BIN=Medium | alloy_type=open | cast_in_row_BIN=Low | crystallizer_movementmm_BIN=Low | num_crystallizer_BIN=High | num_stream_BIN=Medium | resistance_tonn_BIN=Low | steel_temperature_grab1Celsius_BIN=High | steel_type=Arm500 | steel_weighttonn_BIN=High | swing_frequency_amount_minute_BIN=Medium | temperature_measurement1_Celsius_BIN=Low | temperature_measurement2_Celsius_BIN=Low | water_consumption_BIN=High | water_temperature_deltaCelsius_BIN=High | workpiece_slice_geometry=180x180,17.0,2.0,2.33,Ephemeral,2020-02-05,2020-05-17,False,2020-02-05 | 2020-05-17,1.0,,,,,,,,,,,,,,,,,
life_track,RUL_BIN=Healthy | alloy_speed_meter_minute_BIN=Medium | alloy_type=open | cast_in_row_BIN=Low | crystallizer_movementmm_BIN=Low | num_crystallizer_BIN=High | num_stream_BIN=High | resistance_tonn_BIN=Low | steel_temperature_grab1Celsius_BIN=High | steel_type=Arm500 | steel_weighttonn_BIN=High | swing_frequency_amount_minute_BIN=Medium | temperature_measurement1_Celsius_BIN=Low | temperature_measurement2_Celsius_BIN=Low | water_consumption_BIN=High | water_temperature_deltaCelsius_BIN=High | workpiece_slice_geometry=180x180,17.0,2.0,2.33,Ephemeral,2020-02-05,2020-03-05,False,2020-02-05 | 2020-03-05,1.0,,,,,,,,,,,,,,,,,
life_track,RUL_BIN=Critical | alloy_speed_meter_minute_BIN=Medium | alloy_type=open | cast_in_row_BIN=Low | crystallizer_movementmm_BIN=Low | num_crystallizer_BIN=Low | num_stream_BIN=High | resistance_tonn_BIN=Low | steel_temperature_grab1Celsius_BIN=High | steel_type=Arm500 | steel_weighttonn_BIN=High | swing_frequency_amount_minute_BIN=Medium | temperature_measurement1_Celsius_BIN=Low | temperature_measurement2_Celsius_BIN=Low | water_consumption_BIN=High | water_temperature_deltaCelsius_BIN=High | workpiece_slice_geometry=180x180,17.0,2.0,2.33,Ephemeral,2020-02-05,2020-03-05,False,2020-02-05 | 2020-03-05,1.0,,,,,,,,,,,,,,,,,
life_track,RUL_BIN=Healthy | alloy_speed_meter_minute_BIN=Medium | alloy_type=open | cast_in_row_BIN=Low | crystallizer_movementmm_BIN=Low | num_crystallizer_BIN=Low | num_stream_BIN=Low | resistance_tonn_BIN=Low | steel_temperature_grab1Celsius_BIN=High | steel_type=Arm500 | steel_weighttonn_BIN=High | swing_frequency_amount_minute_BIN=High | temperature_measurement1_Celsius_BIN=Low | temperature_measurement2_Celsius_BIN=Low | water_consumption_BIN=High | water_temperature_deltaCelsius_BIN=High | workpiece_slice_geometry=180x180,17.0,2.0,2.33,Ephemeral,2020-02-07,2020-07-28,False,2020-02-07 | 2020-07-28,1.0,,,,,,,,,,,,,,,,,
life_track,RUL_BIN=Healthy | alloy_speed_meter_minute_BIN=Medium | alloy_type=open | cast_in_row_BIN=Low | crystallizer_movementmm_BIN=Low | num_crystallizer_BIN=High | num_stream_BIN=Medium | resistance_tonn_BIN=Low | steel_temperature_grab1Celsius_BIN=High | steel_type=Arm500 | steel_weighttonn_BIN=High | swing_frequency_amount_minute_BIN=High | temperature_measurement1_Celsius_BIN=Low | temperature_measurement2_Celsius_BIN=Low | water_consumption_BIN=High | water_temperature_deltaCelsius_BIN=High | workpiece_slice_geometry=180x180,17.0,2.0,2.33,Ephemeral,2020-02-07,2020-07-16,False,2020-02-07 | 2020-07-16,1.0,,,,,,,,,,,,,,,,,
life_track,RUL_BIN=Low | alloy_speed_meter_minute_BIN=Medium | alloy_type=open | cast_in_row_BIN=Medium | crystallizer_movementmm_BIN=Low | num_crystallizer_BIN=Low | num_stream_BIN=High | resistance_tonn_BIN=Low | steel_temperature_grab1Celsius_BIN=High | steel_type=Arm500 | steel_weighttonn_BIN=Medium | swing_frequency_amount_minute_BIN=High | temperature_measurement1_Celsius_BIN=Low | temperature_measurement2_Celsius_BIN=Low | water_consumption_BIN=High | water_temperature_deltaCelsius_BIN=High | workpiece_slice_geometry=180x180,17.0,2.0,2.33,Ephemeral,2020-02-08,2020-03-08,False,2020-02-08 | 2020-03-08,1.0,,,,,,,,,,,,,,,,,
life_track,RUL_BIN=Medium | alloy_speed_meter_minute_BIN=Medium | alloy_type=open | cast_in_row_BIN=Medium | crystallizer_movementmm_BIN=Low | num_crystallizer_BIN=High | num_stream_BIN=High | resistance_tonn_BIN=Low | steel_temperature_grab1Celsius_BIN=High | steel_type=Arm500 | steel_weighttonn_BIN=High | swing_frequency_amount_minute_BIN=High | temperature_measurement1_Celsius_BIN=Low | temperature_measurement2_Celsius_BIN=Low | water_consumption_BIN=High | water_temperature_deltaCelsius_BIN=High | workpiece_slice_geometry=180x180,17.0,2.0,2.33,Ephemeral,2020-02-09,2020-08-21,False,2020-02-09 | 2020-08-21,1.0,,,,,,,,,,,,,,,,,
life_track,RUL_BIN=Healthy | alloy_speed_meter_minute_BIN=Medium | alloy_type=open | cast_in_row_BIN=Medium | crystallizer_movementmm_BIN=Low | num_crystallizer_BIN=Low | num_stream_BIN=Medium | resistance_tonn_BIN=Low | steel_temperature_grab1Celsius_BIN=High | steel_type=Arm500 | steel_weighttonn_BIN=High | swing_frequency_amount_minute_BIN=High | temperature_measurement1_Celsius_BIN=Low | temperature_measurement2_Celsius_BIN=Low | water_consumption_BIN=High | water_temperature_deltaCelsius_BIN=High | workpiece_slice_geometry=180x180,17.0,2.0,2.33,Ephemeral,2020-02-09,2020-04-07,False,2020-02-09 | 2020-04-07,1.0,,,,,,,,,,,,,,,,,
life_track,RUL_BIN=Critical | alloy_speed_meter_minute_BIN=Medium | alloy_type=open | cast_in_row_BIN=Medium | crystallizer_movementmm_BIN=Low | num_crystallizer_BIN=Low | num_stream_BIN=High | resistance_tonn_BIN=Low | steel_temperature_grab1Celsius_BIN=High | steel_type=Arm500 | steel_weighttonn_BIN=High | swing_frequency_amount_minute_BIN=High | temperature_measurement1_Celsius_BIN=Low | temperature_measurement2_Celsius_BIN=Low | water_consumption_BIN=High | water_temperature_deltaCelsius_BIN=High | workpiece_slice_geometry=180x180,17.0,2.0,2.33,Ephemeral,2020-02-09,2020-05-09,False,2020-02-09 | 2020-05-09,1.0,,,,,,,,,,,,,,,,,
life_track,RUL_BIN=Critical | alloy_speed_meter_minute_BIN=Medium | alloy_type=open | cast_in_row_BIN=Medium | crystallizer_movementmm_BIN=Low | num_crystallizer_BIN=High | num_stream_BIN=Medium | resistance_tonn_BIN=Low | steel_temperature_grab1Celsius_BIN=High | steel_type=Arm500 | steel_weighttonn_BIN=High | swing_frequency_amount_minute_BIN=High | temperature_measurement1_Celsius_BIN=Low | temperature_measurement2_Celsius_BIN=Low | water_consumption_BIN=High | water_temperature_deltaCelsius_BIN=High | workpiece_slice_geometry=180x180,17.0,2.0,2.33,Ephemeral,2020-02-09,2020-05-09,False,2020-02-09 | 2020-05-09,1.5,,,,,,,,,,,,,,,,,
life_track,RUL_BIN=Medium | alloy_speed_meter_minute_BIN=Medium | alloy_type=open | cast_in_row_BIN=Low | crystallizer_movementmm_BIN=High | num_crystallizer_BIN=Low | num_stream_BIN=High | resistance_tonn_BIN=Low | steel_temperature_grab1Celsius_BIN=High | steel_type=Arm500 | steel_weighttonn_BIN=High | swing_frequency_amount_minute_BIN=High | temperature_measurement1_Celsius_BIN=Low | temperature_measurement2_Celsius_BIN=Low | water_consumption_BIN=High | water_temperature_deltaCelsius_BIN=High | workpiece_slice_geometry=180x180,17.0,2.0,2.33,Ephemeral,2020-03-07,2020-05-07,False,2020-03-07 | 2020-05-07,1.0,,,,,,,,,,,,,,,,,
life_track,RUL_BIN=Low | alloy_speed_meter_minute_BIN=Medium | alloy_type=open | cast_in_row_BIN=Low | crystallizer_movementmm_BIN=High | num_crystallizer_BIN=High | num_stream_BIN=Low | resistance_tonn_BIN=Low | steel_temperature_grab1Celsius_BIN=High | steel_type=Arm500 | steel_weighttonn_BIN=High | swing_frequency_amount_minute_BIN=High | temperature_measurement1_Celsius_BIN=Low | temperature_measurement2_Celsius_BIN=Low | water_consumption_BIN=High | water_temperature_deltaCelsius_BIN=High | workpiece_slice_geometry=180x180,17.0,2.0,2.33,Ephemeral,2020-03-07,2020-08-24,False,2020-03-07 | 2020-08-24,1.0,,,,,,,,,,,,,,,,,
life_track,RUL_BIN=Critical | alloy_speed_meter_minute_BIN=Medium | alloy_type=open | cast_in_row_BIN=Medium | crystallizer_movementmm_BIN=Low | num_crystallizer_BIN=Low | num_stream_BIN=Medium | resistance_tonn_BIN=Low | steel_temperature_grab1Celsius_BIN=High | steel_type=Arm500 | steel_weighttonn_BIN=Medium | swing_frequency_amount_minute_BIN=High | temperature_measurement1_Celsius_BIN=Low | temperature_measurement2_Celsius_BIN=Low | water_consumption_BIN=High | water_temperature_deltaCelsius_BIN=High | workpiece_slice_geometry=180x180,17.0,2.0,2.33,Ephemeral,2020-03-08,2020-04-09,False,2020-03-08 | 2020-04-09,1.0,,,,,,,,,,,,,,,,,
life_track,RUL_BIN=Critical | alloy_speed_meter_minute_BIN=Medium | alloy_type=open | cast_in_row_BIN=Medium | crystallizer_movementmm_BIN=Low | num_crystallizer_BIN=High | num_stream_BIN=Medium | resistance_tonn_BIN=Low | steel_temperature_grab1Celsius_BIN=High | steel_type=Arm500 | steel_weighttonn_BIN=Medium | swing_frequency_amount_minute_BIN=High | temperature_measurement1_Celsius_BIN=Low | temperature_measurement2_Celsius_BIN=Low | water_consumption_BIN=High | water_temperature_deltaCelsius_BIN=High | workpiece_slice_geometry=180x180,17.0,2.0,2.33,Ephemeral,2020-03-08,2020-04-09,False,2020-03-08 | 2020-04-09,1.0,,,,,,,,,,,,,,,,,
life_track,RUL_BIN=Critical | alloy_speed_meter_minute_BIN=Medium | alloy_type=open | cast_in_row_BIN=Medium | crystallizer_movementmm_BIN=Low | num_crystallizer_BIN=High | num_stream_BIN=Low | resistance_tonn_BIN=Low | steel_temperature_grab1Celsius_BIN=High | steel_type=Arm500 | steel_weighttonn_BIN=Medium | swing_frequency_amount_minute_BIN=High | temperature_measurement1_Celsius_BIN=Low | temperature_measurement2_Celsius_BIN=Low | water_consumption_BIN=High | water_temperature_deltaCelsius_BIN=High | workpiece_slice_geometry=180x180,17.0,2.0,2.33,Ephemeral,2020-03-08,2020-04-09,False,2020-03-08 | 2020-04-09,1.0,,,,,,,,,,,,,,,,,
life_track,RUL_BIN=Critical | alloy_speed_meter_minute_BIN=Medium | alloy_type=open | cast_in_row_BIN=Low | crystallizer_movementmm_BIN=Low | num_crystallizer_BIN=Low | num_stream_BIN=Medium | resistance_tonn_BIN=Low | steel_temperature_grab1Celsius_BIN=High | steel_type=Arm500 | steel_weighttonn_BIN=High | swing_frequency_amount_minute_BIN=High | temperature_measurement1_Celsius_BIN=Low | temperature_measurement2_Celsius_BIN=Low | water_consumption_BIN=High | water_temperature_deltaCelsius_BIN=High | workpiece_slice_geometry=180x180,17.0,2.0,2.33,Ephemeral,2020-03-09,2020-08-23,False,2020-03-09 | 2020-08-23,1.0,,,,,,,,,,,,,,,,,
life_track,RUL_BIN=Critical | alloy_speed_meter_minute_BIN=Medium | alloy_type=open | cast_in_row_BIN=Low | crystallizer_movementmm_BIN=Low | num_crystallizer_BIN=Low | num_stream_BIN=High | resistance_tonn_BIN=Low | steel_temperature_grab1Celsius_BIN=High | steel_type=Arm500 | steel_weighttonn_BIN=High | swing_frequency_amount_minute_BIN=High | temperature_measurement1_Celsius_BIN=Low | temperature_measurement2_Celsius_BIN=Low | water_consumption_BIN=High | water_temperature_deltaCelsius_BIN=High | workpiece_slice_geometry=180x180,17.0,2.0,2.33,Ephemeral,2020-03-09,2020-07-26,False,2020-03-09 | 2020-07-26,1.0,,,,,,,,,,,,,,,,,
life_track,RUL_BIN=Critical | alloy_speed_meter_minute_BIN=Medium | alloy_type=open | cast_in_row_BIN=Low | crystallizer_movementmm_BIN=Low | num_crystallizer_BIN=High | num_stream_BIN=Medium | resistance_tonn_BIN=Low | steel_temperature_grab1Celsius_BIN=High | steel_type=Arm500 | steel_weighttonn_BIN=High | swing_frequency_amount_minute_BIN=High | temperature_measurement1_Celsius_BIN=Low | temperature_measurement2_Celsius_BIN=Low | water_consumption_BIN=High | water_temperature_deltaCelsius_BIN=High | workpiece_slice_geometry=180x180,17.0,2.0,2.33,Ephemeral,2020-03-09,2020-06-07,False,2020-03-09 | 2020-06-07,1.0,,,,,,,,,,,,,,,,,
life_track,RUL_BIN=Healthy | alloy_speed_meter_minute_BIN=Medium | alloy_type=open | cast_in_row_BIN=Medium | crystallizer_movementmm_BIN=Low | num_crystallizer_BIN=Low | num_stream_BIN=Low | resistance_tonn_BIN=Low | steel_temperature_grab1Celsius_BIN=High | steel_type=Arm500 | steel_weighttonn_BIN=High | swing_frequency_amount_minute_BIN=High | temperature_measurement1_Celsius_BIN=Low | temperature_measurement2_Celsius_BIN=Low | water_consumption_BIN=High | water_temperature_deltaCelsius_BIN=High | workpiece_slice_geometry=180x180,17.0,2.0,2.33,Ephemeral,2020-05-09,2020-08-09,False,2020-05-09 | 2020-08-09,1.0,,,,,,,,,,,,,,,,,
life_track,RUL_BIN=Low | alloy_speed_meter_minute_BIN=Medium | alloy_type=open | cast_in_row_BIN=Low | crystallizer_movementmm_BIN=Low | num_crystallizer_BIN=Medium | num_stream_BIN=Medium | resistance_tonn_BIN=Low | steel_temperature_grab1Celsius_BIN=High | steel_type=Arm500 | steel_weighttonn_BIN=High | swing_frequency_amount_minute_BIN=Medium | temperature_measurement1_Celsius_BIN=Low | temperature_measurement2_Celsius_BIN=Low | water_consumption_BIN=High | water_temperature_deltaCelsius_BIN=High | workpiece_slice_geometry=180x180,17.0,2.0,2.33,Ephemeral,2020-05-17,2020-05-21,False,2020-05-17 | 2020-05-21,1.0,,,,,,,,,,,,,,,,,
life_track,RUL_BIN=Medium | alloy_speed_meter_minute_BIN=High | alloy_type=open | cast_in_row_BIN=Medium | crystallizer_movementmm_BIN=High | num_crystallizer_BIN=Low | num_stream_BIN=Low | resistance_tonn_BIN=Low | steel_temperature_grab1Celsius_BIN=High | steel_type=St4sp | steel_weighttonn_BIN=High | swing_frequency_amount_minute_BIN=Low | temperature_measurement1_Celsius_BIN=Low | temperature_measurement2_Celsius_BIN=Low | water_consumption_BIN=High | water_temperature_deltaCelsius_BIN=High | workpiece_slice_geometry=150x150,17.0,2.0,2.33,Ephemeral,2020-05-18,2020-05-22,False,2020-05-18 | 2020-05-22,1.0,,,,,,,,,,,,,,,,,
life_track,RUL_BIN=Healthy | alloy_speed_meter_minute_BIN=High | alloy_type=open | cast_in_row_BIN=Medium | crystallizer_movementmm_BIN=High | num_crystallizer_BIN=Medium | num_stream_BIN=Medium | resistance_tonn_BIN=Low | steel_temperature_grab1Celsius_BIN=High | steel_type=St4sp | steel_weighttonn_BIN=High | swing_frequency_amount_minute_BIN=Low | temperature_measurement1_Celsius_BIN=Low | temperature_measurement2_Celsius_BIN=Low | water_consumption_BIN=High | water_temperature_deltaCelsius_BIN=High | workpiece_slice_geometry=150x150,17.0,2.0,2.33,Ephemeral,2020-05-18,2020-05-22,False,2020-05-18 | 2020-05-22,1.0,,,,,,,,,,,,,,,,,
life_track,RUL_BIN=Medium | alloy_speed_meter_minute_BIN=Medium | alloy_type=open | cast_in_row_BIN=Low | crystallizer_movementmm_BIN=Low | num_crystallizer_BIN=Low | num_stream_BIN=High | resistance_tonn_BIN=Low | steel_temperature_grab1Celsius_BIN=High | steel_type=Arm500 | steel_weighttonn_BIN=High | swing_frequency_amount_minute_BIN=Medium | temperature_measurement1_Celsius_BIN=Low | temperature_measurement2_Celsius_BIN=Low | water_consumption_BIN=High | water_temperature_deltaCelsius_BIN=High | workpiece_slice_geometry=180x180,17.0,2.0,2.33,Ephemeral,2020-05-19,2020-05-21,False,2020-05-19 | 2020-05-21,2.0,,,,,,,,,,,,,,,,,
life_track,RUL_BIN=Low | alloy_speed_meter_minute_BIN=Medium | alloy_type=open | cast_in_row_BIN=Low | crystallizer_movementmm_BIN=Low | num_crystallizer_BIN=High | num_stream_BIN=High | resistance_tonn_BIN=Low | steel_temperature_grab1Celsius_BIN=High | steel_type=Arm500 | steel_weighttonn_BIN=High | swing_frequency_amount_minute_BIN=Medium | temperature_measurement1_Celsius_BIN=Low | temperature_measurement2_Celsius_BIN=Low | water_consumption_BIN=High | water_temperature_deltaCelsius_BIN=High | workpiece_slice_geometry=180x180,17.0,2.0,2.33,Ephemeral,2020-05-19,2020-05-21,False,2020-05-19 | 2020-05-21,1.0,,,,,,,,,,,,,,,,,
life_track,RUL_BIN=Healthy | alloy_speed_meter_minute_BIN=Medium | alloy_type=open | cast_in_row_BIN=Low | crystallizer_movementmm_BIN=Low | num_crystallizer_BIN=Medium | num_stream_BIN=Low | resistance_tonn_BIN=Low | steel_temperature_grab1Celsius_BIN=High | steel_type=Arm500 | steel_weighttonn_BIN=High | swing_frequency_amount_minute_BIN=Medium | temperature_measurement1_Celsius_BIN=Low | temperature_measurement2_Celsius_BIN=Low | water_consumption_BIN=High | water_temperature_deltaCelsius_BIN=High | workpiece_slice_geometry=180x180,17.0,2.0,2.33,Ephemeral,2020-05-19,2020-05-23,False,2020-05-19 | 2020-05-23,1.0,,,,,,,,,,,,,,,,,
life_track,RUL_BIN=Critical | alloy_speed_meter_minute_BIN=Medium | alloy_type=open | cast_in_row_BIN=Low | crystallizer_movementmm_BIN=Low | num_crystallizer_BIN=Low | num_stream_BIN=Low | resistance_tonn_BIN=Low | steel_temperature_grab1Celsius_BIN=High | steel_type=Arm500 | steel_weighttonn_BIN=High | swing_frequency_amount_minute_BIN=Medium | temperature_measurement1_Celsius_BIN=Low | temperature_measurement2_Celsius_BIN=Low | water_consumption_BIN=High | water_temperature_deltaCelsius_BIN=High | workpiece_slice_geometry=180x180,17.0,2.0,2.33,Ephemeral,2020-05-19,2020-05-21,False,2020-05-19 | 2020-05-21,1.0,,,,,,,,,,,,,,,,,
life_track,RUL_BIN=Low | alloy_speed_meter_minute_BIN=High | alloy_type=open | cast_in_row_BIN=Medium | crystallizer_movementmm_BIN=High | num_crystallizer_BIN=Low | num_stream_BIN=High | resistance_tonn_BIN=Low | steel_temperature_grab1Celsius_BIN=High | steel_type=St4sp | steel_weighttonn_BIN=High | swing_frequency_amount_minute_BIN=Low | temperature_measurement1_Celsius_BIN=Low | temperature_measurement2_Celsius_BIN=Low | water_consumption_BIN=High | water_temperature_deltaCelsius_BIN=High | workpiece_slice_geometry=150x150,17.0,2.0,2.33,Ephemeral,2020-05-22,2020-05-26,False,2020-05-22 | 2020-05-26,2.0,,,,,,,,,,,,,,,,,
life_track,RUL_BIN=Low | alloy_speed_meter_minute_BIN=High | alloy_type=open | cast_in_row_BIN=Medium | crystallizer_movementmm_BIN=High | num_crystallizer_BIN=High | num_stream_BIN=Medium | resistance_tonn_BIN=Low | steel_temperature_grab1Celsius_BIN=High | steel_type=St4sp | steel_weighttonn_BIN=High | swing_frequency_amount_minute_BIN=Low | temperature_measurement1_Celsius_BIN=Low | temperature_measurement2_Celsius_BIN=Low | water_consumption_BIN=High | water_temperature_deltaCelsius_BIN=High | workpiece_slice_geometry=150x150,17.0,2.0,2.33,Ephemeral,2020-05-22,2020-05-26,False,2020-05-22 | 2020-05-26,1.5,,,,,,,,,,,,,,,,,
life_track,RUL_BIN=Low | alloy_speed_meter_minute_BIN=High | alloy_type=open | cast_in_row_BIN=Medium | crystallizer_movementmm_BIN=High | num_crystallizer_BIN=High | num_stream_BIN=Low | resistance_tonn_BIN=Low | steel_temperature_grab1Celsius_BIN=High | steel_type=St4sp | steel_weighttonn_BIN=High | swing_frequency_amount_minute_BIN=Low | temperature_measurement1_Celsius_BIN=Low | temperature_measurement2_Celsius_BIN=Low | water_consumption_BIN=High | water_temperature_deltaCelsius_BIN=High | workpiece_slice_geometry=150x150,17.0,2.0,2.33,Ephemeral,2020-05-22,2020-05-26,False,2020-05-22 | 2020-05-26,1.0,,,,,,,,,,,,,,,,,
life_track,RUL_BIN=Critical | alloy_speed_meter_minute_BIN=High | alloy_type=open | cast_in_row_BIN=Medium | crystallizer_movementmm_BIN=High | num_crystallizer_BIN=Low | num_stream_BIN=Low | resistance_tonn_BIN=Low | steel_temperature_grab1Celsius_BIN=High | steel_type=St4sp | steel_weighttonn_BIN=High | swing_frequency_amount_minute_BIN=Low | temperature_measurement1_Celsius_BIN=Low | temperature_measurement2_Celsius_BIN=Low | water_consumption_BIN=High | water_temperature_deltaCelsius_BIN=High | workpiece_slice_geometry=150x150,17.0,2.0,2.33,Ephemeral,2020-05-22,2020-05-26,False,2020-05-22 | 2020-05-26,1.0,,,,,,,,,,,,,,,,,
life_track,RUL_BIN=Healthy | alloy_speed_meter_minute_BIN=Medium | alloy_type=open | cast_in_row_BIN=Low | crystallizer_movementmm_BIN=Low | num_crystallizer_BIN=Medium | num_stream_BIN=Low | resistance_tonn_BIN=Low | steel_temperature_grab1Celsius_BIN=High | steel_type=Arm500 | steel_weighttonn_BIN=High | swing_frequency_amount_minute_BIN=High | temperature_measurement1_Celsius_BIN=Low | temperature_measurement2_Celsius_BIN=Low | water_consumption_BIN=High | water_temperature_deltaCelsius_BIN=High | workpiece_slice_geometry=180x180,17.0,2.0,2.33,Ephemeral,2020-05-24,2020-07-08,False,2020-05-24 | 2020-07-08,1.5,,,,,,,,,,,,,,,,,
life_track,RUL_BIN=Low | alloy_speed_meter_minute_BIN=Medium | alloy_type=open | cast_in_row_BIN=Low | crystallizer_movementmm_BIN=Low | num_crystallizer_BIN=High | num_stream_BIN=Medium | resistance_tonn_BIN=Low | steel_temperature_grab1Celsius_BIN=High | steel_type=Arm500 | steel_weighttonn_BIN=High | swing_frequency_amount_minute_BIN=High | temperature_measurement1_Celsius_BIN=Low | temperature_measurement2_Celsius_BIN=Low | water_consumption_BIN=High | water_temperature_deltaCelsius_BIN=High | workpiece_slice_geometry=180x180,17.0,2.0,2.33,Ephemeral,2020-05-25,2020-07-24,False,2020-05-25 | 2020-07-24,1.5,,,,,,,,,,,,,,,,,
life_track,RUL_BIN=Low | alloy_speed_meter_minute_BIN=Medium | alloy_type=open | cast_in_row_BIN=Low | crystallizer_movementmm_BIN=Low | num_crystallizer_BIN=High | num_stream_BIN=Low | resistance_tonn_BIN=Low | steel_temperature_grab1Celsius_BIN=High | steel_type=Arm500 | steel_weighttonn_BIN=High | swing_frequency_amount_minute_BIN=High | temperature_measurement1_Celsius_BIN=Low | temperature_measurement2_Celsius_BIN=Low | water_consumption_BIN=High | water_temperature_deltaCelsius_BIN=High | workpiece_slice_geometry=180x180,17.0,2.0,2.33,Ephemeral,2020-05-25,2020-08-08,False,2020-05-25 | 2020-08-08,1.0,,,,,,,,,,,,,,,,,
life_track,RUL_BIN=Low | alloy_speed_meter_minute_BIN=Medium | alloy_type=open | cast_in_row_BIN=Low | crystallizer_movementmm_BIN=High | num_crystallizer_BIN=Medium | num_stream_BIN=Medium | resistance_tonn_BIN=Low | steel_temperature_grab1Celsius_BIN=High | steel_type=Arm500 | steel_weighttonn_BIN=High | swing_frequency_amount_minute_BIN=High | temperature_measurement1_Celsius_BIN=Low | temperature_measurement2_Celsius_BIN=Low | water_consumption_BIN=High | water_temperature_deltaCelsius_BIN=High | workpiece_slice_geometry=180x180,17.0,2.0,2.33,Ephemeral,2020-06-08,2020-07-27,False,2020-06-08 | 2020-07-27,1.5,,,,,,,,,,,,,,,,,
life_track,RUL_BIN=Critical | alloy_speed_meter_minute_BIN=Medium | alloy_type=open | cast_in_row_BIN=Low | crystallizer_movementmm_BIN=High | num_crystallizer_BIN=Medium | num_stream_BIN=Medium | resistance_tonn_BIN=Low | steel_temperature_grab1Celsius_BIN=High | steel_type=Arm500 | steel_weighttonn_BIN=High | swing_frequency_amount_minute_BIN=High | temperature_measurement1_Celsius_BIN=Low | temperature_measurement2_Celsius_BIN=Low | water_consumption_BIN=High | water_temperature_deltaCelsius_BIN=High | workpiece_slice_geometry=180x180,17.0,2.0,2.33,Ephemeral,2020-06-08,2020-08-26,True,2020-06-08 | 2020-08-26,1.5,,,,,,,,,,,,,,,,,
life_track,RUL_BIN=Critical | alloy_speed_meter_minute_BIN=Medium | alloy_type=open | cast_in_row_BIN=Low | crystallizer_movementmm_BIN=High | num_crystallizer_BIN=Medium | num_stream_BIN=High | resistance_tonn_BIN=Low | steel_temperature_grab1Celsius_BIN=High | steel_type=Arm500 | steel_weighttonn_BIN=High | swing_frequency_amount_minute_BIN=High | temperature_measurement1_Celsius_BIN=Low | temperature_measurement2_Celsius_BIN=Low | water_consumption_BIN=High | water_temperature_deltaCelsius_BIN=High | workpiece_slice_geometry=180x180,17.0,2.0,2.33,Ephemeral,2020-06-08,2020-08-26,True,2020-06-08 | 2020-08-26,1.0,,,,,,,,,,,,,,,,,
life_track,RUL_BIN=Healthy | alloy_speed_meter_minute_BIN=Medium | alloy_type=open | cast_in_row_BIN=Medium | crystallizer_movementmm_BIN=High | num_crystallizer_BIN=Medium | num_stream_BIN=Low | resistance_tonn_BIN=Low | steel_temperature_grab1Celsius_BIN=High | steel_type=Arm500 | steel_weighttonn_BIN=High | swing_frequency_amount_minute_BIN=High | temperature_measurement1_Celsius_BIN=Low | temperature_measurement2_Celsius_BIN=Low | water_consumption_BIN=High | water_temperature_deltaCelsius_BIN=High | workpiece_slice_geometry=180x180,17.0,2.0,2.33,Ephemeral,2020-07-07,2020-07-13,False,2020-07-07 | 2020-07-13,1.5,,,,,,,,,,,,,,,,,
life_track,RUL_BIN=Healthy | alloy_speed_meter_minute_BIN=Medium | alloy_type=open | cast_in_row_BIN=Medium | crystallizer_movementmm_BIN=High | num_crystallizer_BIN=Low | num_stream_BIN=High | resistance_tonn_BIN=Low | steel_temperature_grab1Celsius_BIN=High | steel_type=Arm500 | steel_weighttonn_BIN=High | swing_frequency_amount_minute_BIN=High | temperature_measurement1_Celsius_BIN=Low | temperature_measurement2_Celsius_BIN=Low | water_consumption_BIN=High | water_temperature_deltaCelsius_BIN=High | workpiece_slice_geometry=180x180,17.0,2.0,2.33,Ephemeral,2020-07-07,2020-07-13,False,2020-07-07 | 2020-07-13,1.0,,,,,,,,,,,,,,,,,
life_track,RUL_BIN=Medium | alloy_speed_meter_minute_BIN=Medium | alloy_type=open | cast_in_row_BIN=Medium | crystallizer_movementmm_BIN=High | num_crystallizer_BIN=Low | num_stream_BIN=High | resistance_tonn_BIN=Low | steel_temperature_grab1Celsius_BIN=High | steel_type=Arm500 | steel_weighttonn_BIN=High | swing_frequency_amount_minute_BIN=High | temperature_measurement1_Celsius_BIN=Low | temperature_measurement2_Celsius_BIN=Low | water_consumption_BIN=High | water_temperature_deltaCelsius_BIN=High | workpiece_slice_geometry=180x180,17.0,2.0,2.33,Ephemeral,2020-07-15,2020-07-19,False,2020-07-15 | 2020-07-19,1.0,,,,,,,,,,,,,,,,,
life_track,RUL_BIN=Medium | alloy_speed_meter_minute_BIN=Medium | alloy_type=open | cast_in_row_BIN=Medium | crystallizer_movementmm_BIN=High | num_crystallizer_BIN=High | num_stream_BIN=High | resistance_tonn_BIN=Low | steel_temperature_grab1Celsius_BIN=High | steel_type=Arm500 | steel_weighttonn_BIN=High | swing_frequency_amount_minute_BIN=High | temperature_measurement1_Celsius_BIN=Low | temperature_measurement2_Celsius_BIN=Low | water_consumption_BIN=High | water_temperature_deltaCelsius_BIN=High | workpiece_slice_geometry=180x180,17.0,2.0,2.33,Ephemeral,2020-07-15,2020-07-29,False,2020-07-15 | 2020-07-29,1.0,,,,,,,,,,,,,,,,,
life_track,RUL_BIN=Medium | alloy_speed_meter_minute_BIN=Medium | alloy_type=open | cast_in_row_BIN=Medium | crystallizer_movementmm_BIN=High | num_crystallizer_BIN=Low | num_stream_BIN=Low | resistance_tonn_BIN=Low | steel_temperature_grab1Celsius_BIN=High | steel_type=Arm500 | steel_weighttonn_BIN=High | swing_frequency_amount_minute_BIN=High | temperature_measurement1_Celsius_BIN=Low | temperature_measurement2_Celsius_BIN=Low | water_consumption_BIN=High | water_temperature_deltaCelsius_BIN=High | workpiece_slice_geometry=180x180,17.0,2.0,2.33,Ephemeral,2020-07-19,2020-07-29,False,2020-07-19 | 2020-07-29,1.0,,,,,,,,,,,,,,,,,
life_track,RUL_BIN=Low | alloy_speed_meter_minute_BIN=Medium | alloy_type=open | cast_in_row_BIN=Medium | crystallizer_movementmm_BIN=High | num_crystallizer_BIN=Medium | num_stream_BIN=Medium | resistance_tonn_BIN=Low | steel_temperature_grab1Celsius_BIN=High | steel_type=Arm500 | steel_weighttonn_BIN=Medium | swing_frequency_amount_minute_BIN=High | temperature_measurement1_Celsius_BIN=Low | temperature_measurement2_Celsius_BIN=Low | water_consumption_BIN=High | water_temperature_deltaCelsius_BIN=High | workpiece_slice_geometry=180x180,17.0,2.0,2.33,Ephemeral,2020-07-23,2020-07-25,False,2020-07-23 | 2020-07-25,1.5,,,,,,,,,,,,,,,,,
life_track,RUL_BIN=Critical | alloy_speed_meter_minute_BIN=Medium | alloy_type=open | cast_in_row_BIN=Low | crystallizer_movementmm_BIN=Low | num_crystallizer_BIN=Medium | num_stream_BIN=High | resistance_tonn_BIN=Low | steel_temperature_grab1Celsius_BIN=High | steel_type=Arm500 | steel_weighttonn_BIN=Medium | swing_frequency_amount_minute_BIN=High | temperature_measurement1_Celsius_BIN=Low | temperature_measurement2_Celsius_BIN=Low | water_consumption_BIN=High | water_temperature_deltaCelsius_BIN=High | workpiece_slice_geometry=180x180,17.0,2.0,2.33,Ephemeral,2020-07-31,2020-08-17,False,2020-07-31 | 2020-08-17,1.0,,,,,,,,,,,,,,,,,
life_track,RUL_BIN=Healthy | alloy_speed_meter_minute_BIN=Medium | alloy_type=open | cast_in_row_BIN=Low | crystallizer_movementmm_BIN=Low | num_crystallizer_BIN=Low | num_stream_BIN=Medium | resistance_tonn_BIN=Low | steel_temperature_grab1Celsius_BIN=High | steel_type=Arm500 | steel_weighttonn_BIN=High | swing_frequency_amount_minute_BIN=High | temperature_measurement1_Celsius_BIN=Low | temperature_measurement2_Celsius_BIN=Low | water_consumption_BIN=High | water_temperature_deltaCelsius_BIN=High | workpiece_slice_geometry=180x180,17.0,2.0,2.33,Ephemeral,2020-08-08,2020-08-13,False,2020-08-08 | 2020-08-13,1.0,,,,,,,,,,,,,,,,,
life_track,RUL_BIN=Medium | alloy_speed_meter_minute_BIN=Medium | alloy_type=open | cast_in_row_BIN=Medium | crystallizer_movementmm_BIN=Low | num_crystallizer_BIN=Medium | num_stream_BIN=Medium | resistance_tonn_BIN=Low | steel_temperature_grab1Celsius_BIN=High | steel_type=Arm500 | steel_weighttonn_BIN=High | swing_frequency_amount_minute_BIN=High | temperature_measurement1_Celsius_BIN=Low | temperature_measurement2_Celsius_BIN=Low | water_consumption_BIN=High | water_temperature_deltaCelsius_BIN=High | workpiece_slice_geometry=180x180,17.0,2.0,2.33,Ephemeral,2020-08-09,2020-08-21,False,2020-08-09 | 2020-08-21,1.0,,,,,,,,,,,,,,,,,
life_track,RUL_BIN=Healthy | alloy_speed_meter_minute_BIN=Medium | alloy_type=open | cast_in_row_BIN=Medium | crystallizer_movementmm_BIN=Low | num_crystallizer_BIN=Medium | num_stream_BIN=High | resistance_tonn_BIN=Low | steel_temperature_grab1Celsius_BIN=High | steel_type=Arm500 | steel_weighttonn_BIN=High | swing_frequency_amount_minute_BIN=High | temperature_measurement1_Celsius_BIN=Low | temperature_measurement2_Celsius_BIN=Low | water_consumption_BIN=High | water_temperature_deltaCelsius_BIN=High | workpiece_slice_geometry=180x180,17.0,2.0,2.33,Ephemeral,2020-08-09,2020-08-21,False,2020-08-09 | 2020-08-21,1.0,,,,,,,,,,,,,,,,,
life_track,RUL_BIN=Critical | alloy_speed_meter_minute_BIN=Medium | alloy_type=open | cast_in_row_BIN=Medium | crystallizer_movementmm_BIN=Low | num_crystallizer_BIN=High | num_stream_BIN=High | resistance_tonn_BIN=Low | steel_temperature_grab1Celsius_BIN=High | steel_type=Arm500 | steel_weighttonn_BIN=High | swing_frequency_amount_minute_BIN=High | temperature_measurement1_Celsius_BIN=Low | temperature_measurement2_Celsius_BIN=Low | water_consumption_BIN=High | water_temperature_deltaCelsius_BIN=High | workpiece_slice_geometry=180x180,17.0,2.0,2.33,Ephemeral,2020-08-09,2020-08-15,False,2020-08-09 | 2020-08-15,1.0,,,,,,,,,,,,,,,,,
life_track,RUL_BIN=Medium | alloy_speed_meter_minute_BIN=Medium | alloy_type=open | cast_in_row_BIN=Low | crystallizer_movementmm_BIN=Low | num_crystallizer_BIN=Low | num_stream_BIN=Medium | resistance_tonn_BIN=Low | steel_temperature_grab1Celsius_BIN=High | steel_type=Arm500 | steel_weighttonn_BIN=Medium | swing_frequency_amount_minute_BIN=High | temperature_measurement1_Celsius_BIN=Low | temperature_measurement2_Celsius_BIN=Low | water_consumption_BIN=High | water_temperature_deltaCelsius_BIN=High | workpiece_slice_geometry=180x180,17.0,2.0,2.33,Ephemeral,2020-08-16,2020-08-17,False,2020-08-16 | 2020-08-17,1.0,,,,,,,,,,,,,,,,,
life_track,RUL_BIN=Critical | alloy_speed_meter_minute_BIN=Medium | alloy_type=open | cast_in_row_BIN=Low | crystallizer_movementmm_BIN=Low | num_crystallizer_BIN=High | num_stream_BIN=High | resistance_tonn_BIN=Low | steel_temperature_grab1Celsius_BIN=High | steel_type=Arm500 | steel_weighttonn_BIN=Medium | swing_frequency_amount_minute_BIN=High | temperature_measurement1_Celsius_BIN=Low | temperature_measurement2_Celsius_BIN=Low | water_consumption_BIN=High | water_temperature_deltaCelsius_BIN=High | workpiece_slice_geometry=180x180,17.0,2.0,2.33,Ephemeral,2020-08-16,2020-08-17,False,2020-08-16 | 2020-08-17,1.0,,,,,,,,,,,,,,,,,
life_track,RUL_BIN=Low | alloy_speed_meter_minute_BIN=Medium | alloy_type=open | cast_in_row_BIN=Low | crystallizer_movementmm_BIN=Low | num_crystallizer_BIN=Low | num_stream_BIN=Medium | resistance_tonn_BIN=Low | steel_temperature_grab1Celsius_BIN=High | steel_type=Arm500 | steel_weighttonn_BIN=High | swing_frequency_amount_minute_BIN=High | temperature_measurement1_Celsius_BIN=Low | temperature_measurement2_Celsius_BIN=Low | water_consumption_BIN=High | water_temperature_deltaCelsius_BIN=High | workpiece_slice_geometry=180x180,17.0,2.0,2.33,Ephemeral,2020-08-19,2020-08-20,False,2020-08-19 | 2020-08-20,1.0,,,,,,,,,,,,,,,,,
life_track,RUL_BIN=Low | alloy_speed_meter_minute_BIN=Medium | alloy_type=open | cast_in_row_BIN=Medium | crystallizer_movementmm_BIN=Low | num_crystallizer_BIN=Low | num_stream_BIN=Medium | resistance_tonn_BIN=Low | steel_temperature_grab1Celsius_BIN=High | steel_type=Arm500 | steel_weighttonn_BIN=High | swing_frequency_amount_minute_BIN=High | temperature_measurement1_Celsius_BIN=Low | temperature_measurement2_Celsius_BIN=Low | water_consumption_BIN=High | water_temperature_deltaCelsius_BIN=High | workpiece_slice_geometry=180x180,17.0,2.0,2.33,Ephemeral,2020-08-21,2020-08-22,False,2020-08-21 | 2020-08-22,1.0,,,,,,,,,,,,,,,,,
life_track,RUL_BIN=Critical | RUL_BIN=Medium | alloy_speed_meter_minute_BIN=Medium | alloy_type=open | cast_in_row_BIN=Low | crystallizer_movementmm_BIN=Low | num_crystallizer_BIN=High | num_crystallizer_BIN=Low | num_crystallizer_BIN=Medium | num_stream_BIN=High | num_stream_BIN=Low | num_stream_BIN=Medium | resistance_tonn_BIN=Low | steel_temperature_grab1Celsius_BIN=High | steel_type=Arm500 | steel_weighttonn_BIN=Medium | swing_frequency_amount_minute_BIN=High | temperature_measurement1_Celsius_BIN=Low | temperature_measurement2_Celsius_BIN=Low | water_consumption_BIN=High | water_temperature_deltaCelsius_BIN=High | workpiece_slice_geometry=180x180,22.0,2.0,2.33,Ephemeral,2020-08-16,2020-08-17,False,2020-08-16 | 2020-08-17,1.0,,,,,,,,,,,,,,,,,
life_track,RUL_BIN=Critical | RUL_BIN=Healthy | RUL_BIN=Low | alloy_speed_meter_minute_BIN=Medium | alloy_type=open | cast_in_row_BIN=Low | crystallizer_movementmm_BIN=Low | num_crystallizer_BIN=High | num_crystallizer_BIN=Low | num_crystallizer_BIN=Medium | num_stream_BIN=High | num_stream_BIN=Low | num_stream_BIN=Medium | resistance_tonn_BIN=Low | steel_temperature_grab1Celsius_BIN=High | steel_type=Arm500 | steel_weighttonn_BIN=High | swing_frequency_amount_minute_BIN=High | temperature_measurement1_Celsius_BIN=Low | temperature_measurement2_Celsius_BIN=Low | water_consumption_BIN=High | water_temperature_deltaCelsius_BIN=High | workpiece_slice_geometry=180x180,23.0,2.0,2.33,Ephemeral,2020-07-26,2020-08-19,False,2020-07-26 | 2020-08-19,1.0,,,,,,,,,,,,,,,,,
life_track,RUL_BIN=Critical | RUL_BIN=Healthy | RUL_BIN=Low | RUL_BIN=Medium | alloy_speed_meter_minute_BIN=Medium | alloy_type=open | cast_in_row_BIN=Low | crystallizer_movementmm_BIN=Low | num_crystallizer_BIN=High | num_crystallizer_BIN=Low | num_crystallizer_BIN=Medium | num_stream_BIN=High | num_stream_BIN=Low | num_stream_BIN=Medium | resistance_tonn_BIN=Low | steel_temperature_grab1Celsius_BIN=High | steel_type=Arm500 | steel_weighttonn_BIN=High | swing_frequency_amount_minute_BIN=Medium | temperature_measurement1_Celsius_BIN=Low | temperature_measurement2_Celsius_BIN=Low | water_consumption_BIN=High | water_temperature_deltaCelsius_BIN=High | workpiece_slice_geometry=180x180,24.0,2.0,2.33,Ephemeral,2020-05-19,2020-05-23,False,2020-05-19 | 2020-05-23,1.0,,,,,,,,,,,,,,,,,
life_track,RUL_BIN=Critical | RUL_BIN=Healthy | RUL_BIN=Low | RUL_BIN=Medium | alloy_speed_meter_minute_BIN=Medium | alloy_type=open | cast_in_row_BIN=Low | crystallizer_movementmm_BIN=Low | num_crystallizer_BIN=High | num_crystallizer_BIN=Low | num_crystallizer_BIN=Medium | num_stream_BIN=High | num_stream_BIN=Low | num_stream_BIN=Medium | resistance_tonn_BIN=Low | steel_temperature_grab1Celsius_BIN=High | steel_type=Arm500 | steel_weighttonn_BIN=High | swing_frequency_amount_minute_BIN=High | temperature_measurement1_Celsius_BIN=Low | temperature_measurement2_Celsius_BIN=Low | water_consumption_BIN=High | water_temperature_deltaCelsius_BIN=High | workpiece_slice_geometry=180x180,24.0,2.0,2.33,Ephemeral,2020-05-24,2020-08-08,False,2020-05-24 | 2020-08-08,1.0,,,,,,,,,,,,,,,,,
life_track,alloy_speed_meter_minute_BIN=Medium | alloy_type=open | resistance_tonn_BIN=Low | steel_temperature_grab1Celsius_BIN=High | steel_type=Arm500 | steel_weighttonn_BIN=Medium | swing_frequency_amount_minute_BIN=High | temperature_measurement1_Celsius_BIN=Low | temperature_measurement2_Celsius_BIN=Low | water_consumption_BIN=High | water_temperature_deltaCelsius_BIN=High | workpiece_slice_geometry=180x180,12.0,1.0,1.16,Ephemeral,2020-07-31,2020-07-31,False,2020-07-31,9.0,,,,,,,,,,,,,,,,,
life_track,alloy_speed_meter_minute_BIN=Medium | alloy_type=open | cast_in_row_BIN=Low | resistance_tonn_BIN=Low | steel_temperature_grab1Celsius_BIN=High | steel_type=Arm500 | swing_frequency_amount_minute_BIN=High | temperature_measurement1_Celsius_BIN=Low | temperature_measurement2_Celsius_BIN=Low | water_consumption_BIN=High | water_temperature_deltaCelsius_BIN=High | workpiece_slice_geometry=180x180,12.0,1.0,1.16,Ephemeral,2020-08-24,2020-08-24,False,2020-08-24,5.0,,,,,,,,,,,,,,,,,
life_track,alloy_speed_meter_minute_BIN=Medium | alloy_type=open | crystallizer_movementmm_BIN=Low | resistance_tonn_BIN=Low | steel_temperature_grab1Celsius_BIN=High | steel_type=Arm500 | steel_weighttonn_BIN=Medium | swing_frequency_amount_minute_BIN=High | temperature_measurement1_Celsius_BIN=Low | temperature_measurement2_Celsius_BIN=Low | water_consumption_BIN=High | water_temperature_deltaCelsius_BIN=High | workpiece_slice_geometry=180x180,13.0,1.0,1.16,Ephemeral,2020-04-08,2020-04-08,False,2020-04-08,6.0,,,,,,,,,,,,,,,,,
life_track,alloy_speed_meter_minute_BIN=Medium | alloy_type=open | cast_in_row_BIN=Low | crystallizer_movementmm_BIN=High | resistance_tonn_BIN=Low | steel_temperature_grab1Celsius_BIN=High | steel_type=Arm500 | swing_frequency_amount_minute_BIN=High | temperature_measurement1_Celsius_BIN=Low | temperature_measurement2_Celsius_BIN=Low | water_consumption_BIN=High | water_temperature_deltaCelsius_BIN=High | workpiece_slice_geometry=180x180,13.0,1.0,1.16,Ephemeral,2020-05-07,2020-05-07,False,2020-05-07,6.0,,,,,,,,,,,,,,,,,
life_track,alloy_speed_meter_minute_BIN=Medium | alloy_type=open | cast_in_row_BIN=Low | crystallizer_movementmm_BIN=High | steel_temperature_grab1Celsius_BIN=High | steel_type=1015 | steel_weighttonn_BIN=Medium | swing_frequency_amount_minute_BIN=Medium | temperature_measurement1_Celsius_BIN=Low | temperature_measurement2_Celsius_BIN=Low | water_consumption_BIN=High | water_temperature_deltaCelsius_BIN=High | workpiece_slice_geometry=180x180,13.0,1.0,1.16,Ephemeral,2020-05-30,2020-05-30,False,2020-05-30,8.0,,,,,,,,,,,,,,,,,
life_track,alloy_speed_meter_minute_BIN=Medium | alloy_type=open | crystallizer_movementmm_BIN=High | resistance_tonn_BIN=Low | steel_temperature_grab1Celsius_BIN=High | steel_type=Arm500 | steel_weighttonn_BIN=High | swing_frequency_amount_minute_BIN=High | temperature_measurement1_Celsius_BIN=Low | temperature_measurement2_Celsius_BIN=Low | water_consumption_BIN=High | water_temperature_deltaCelsius_BIN=High | workpiece_slice_geometry=180x180,13.0,1.0,1.16,Ephemeral,2020-07-27,2020-07-27,False,2020-07-27,7.0,,,,,,,,,,,,,,,,,
life_track,alloy_speed_meter_minute_BIN=Medium | alloy_type=open | num_crystallizer_BIN=Medium | resistance_tonn_BIN=Low | steel_temperature_grab1Celsius_BIN=High | steel_type=Arm500 | steel_weighttonn_BIN=Medium | swing_frequency_amount_minute_BIN=High | temperature_measurement1_Celsius_BIN=Low | temperature_measurement2_Celsius_BIN=Low | water_consumption_BIN=High | water_temperature_deltaCelsius_BIN=High | workpiece_slice_geometry=180x180,13.0,1.0,1.16,Ephemeral,2020-07-31,2020-07-31,False,2020-07-31,6.0,,,,,,,,,,,,,,,,,
life_track,RUL_BIN=Critical | alloy_speed_meter_minute_BIN=Medium | alloy_type=open | resistance_tonn_BIN=Low | steel_temperature_grab1Celsius_BIN=High | steel_type=Arm500 | steel_weighttonn_BIN=Medium | swing_frequency_amount_minute_BIN=High | temperature_measurement1_Celsius_BIN=Low | temperature_measurement2_Celsius_BIN=Low | water_consumption_BIN=High | water_temperature_deltaCelsius_BIN=High | workpiece_slice_geometry=180x180,13.0,1.0,1.16,Ephemeral,2020-07-31,2020-07-31,False,2020-07-31,6.0,,,,,,,,,,,,,,,,,
life_track,alloy_speed_meter_minute_BIN=Medium | alloy_type=open | crystallizer_movementmm_BIN=Low | resistance_tonn_BIN=Low | steel_temperature_grab1Celsius_BIN=High | steel_type=Arm500 | steel_weighttonn_BIN=High | swing_frequency_amount_minute_BIN=High | temperature_measurement1_Celsius_BIN=Low | temperature_measurement2_Celsius_BIN=Low | water_consumption_BIN=High | water_temperature_deltaCelsius_BIN=High | workpiece_slice_geometry=180x180,13.0,1.0,1.16,Ephemeral,2020-08-22,2020-08-22,False,2020-08-22,3.0,,,,,,,,,,,,,,,,,
life_track,alloy_speed_meter_minute_BIN=Medium | alloy_type=open | cast_in_row_BIN=Low | crystallizer_movementmm_BIN=Low | resistance_tonn_BIN=Low | steel_temperature_grab1Celsius_BIN=High | steel_type=Arm500 | swing_frequency_amount_minute_BIN=High | temperature_measurement1_Celsius_BIN=Low | temperature_measurement2_Celsius_BIN=Low | water_consumption_BIN=High | water_temperature_deltaCelsius_BIN=High | workpiece_slice_geometry=180x180,13.0,1.0,1.16,Ephemeral,2020-08-24,2020-08-24,False,2020-08-24,4.0,,,,,,,,,,,,,,,,,
life_track,alloy_speed_meter_minute_BIN=Medium | alloy_type=open | cast_in_row_BIN=Low | resistance_tonn_BIN=Low | steel_temperature_grab1Celsius_BIN=High | steel_type=Arm500 | steel_weighttonn_BIN=High | swing_frequency_amount_minute_BIN=High | temperature_measurement1_Celsius_BIN=Low | temperature_measurement2_Celsius_BIN=Low | water_consumption_BIN=High | water_temperature_deltaCelsius_BIN=High | workpiece_slice_geometry=180x180,13.0,1.0,1.16,Ephemeral,2020-08-24,2020-08-24,False,2020-08-24,4.0,,,,,,,,,,,,,,,,,
life_track,RUL_BIN=Low | alloy_speed_meter_minute_BIN=Medium | alloy_type=open | cast_in_row_BIN=Low | resistance_tonn_BIN=Low | steel_temperature_grab1Celsius_BIN=High | steel_type=Arm500 | swing_frequency_amount_minute_BIN=High | temperature_measurement1_Celsius_BIN=Low | temperature_measurement2_Celsius_BIN=Low | water_consumption_BIN=High | water_temperature_deltaCelsius_BIN=High | workpiece_slice_geometry=180x180,13.0,1.0,1.16,Ephemeral,2020-08-24,2020-08-24,False,2020-08-24,4.0,,,,,,,,,,,,,,,,,
life_track,alloy_speed_meter_minute_BIN=High | alloy_type=open | cast_in_row_BIN=Low | crystallizer_movementmm_BIN=Medium | resistance_tonn_BIN=Low | steel_temperature_grab1Celsius_BIN=High | steel_type=St3sp | steel_weighttonn_BIN=High | swing_frequency_amount_minute_BIN=Medium | temperature_measurement1_Celsius_BIN=Low | temperature_measurement2_Celsius_BIN=Low | water_consumption_BIN=High | water_temperature_deltaCelsius_BIN=High | workpiece_slice_geometry=150x150,14.0,1.0,1.16,Ephemeral,2020-01-05,2020-01-05,False,2020-01-05,3.0,,,,,,,,,,,,,,,,,
life_track,alloy_speed_meter_minute_BIN=Medium | alloy_type=open | cast_in_row_BIN=Low | crystallizer_movementmm_BIN=High | resistance_tonn_BIN=Low | steel_temperature_grab1Celsius_BIN=High | steel_type=Arm500 | steel_weighttonn_BIN=Medium | swing_frequency_amount_minute_BIN=Medium | temperature_measurement1_Celsius_BIN=Low | temperature_measurement2_Celsius_BIN=Low | water_consumption_BIN=High | water_temperature_deltaCelsius_BIN=High | workpiece_slice_geometry=180x180,14.0,1.0,1.16,Ephemeral,2020-01-06,2020-01-06,False,2020-01-06,9.0,,,,,,,,,,,,,,,,,
life_track,RUL_BIN=Critical | alloy_speed_meter_minute_BIN=Medium | alloy_type=open | cast_in_row_BIN=Medium | crystallizer_movementmm_BIN=Low | resistance_tonn_BIN=Low | steel_temperature_grab1Celsius_BIN=High | steel_type=Arm500 | swing_frequency_amount_minute_BIN=High | temperature_measurement1_Celsius_BIN=Low | temperature_measurement2_Celsius_BIN=Low | water_consumption_BIN=High | water_temperature_deltaCelsius_BIN=High | workpiece_slice_geometry=180x180,14.0,1.0,1.16,Ephemeral,2020-01-10,2020-01-10,False,2020-01-10,8.0,,,,,,,,,,,,,,,,,
life_track,alloy_speed_meter_minute_BIN=Medium | alloy_type=open | crystallizer_movementmm_BIN=Low | num_crystallizer_BIN=High | resistance_tonn_BIN=Low | steel_temperature_grab1Celsius_BIN=High | steel_type=Arm500 | steel_weighttonn_BIN=Medium | swing_frequency_amount_minute_BIN=High | temperature_measurement1_Celsius_BIN=Low | temperature_measurement2_Celsius_BIN=Low | water_consumption_BIN=High | water_temperature_deltaCelsius_BIN=High | workpiece_slice_geometry=180x180,14.0,1.0,1.16,Ephemeral,2020-04-08,2020-04-08,False,2020-04-08,5.0,,,,,,,,,,,,,,,,,
life_track,alloy_speed_meter_minute_BIN=Medium | alloy_type=open | cast_in_row_BIN=Low | crystallizer_movementmm_BIN=High | num_stream_BIN=High | resistance_tonn_BIN=Low | steel_temperature_grab1Celsius_BIN=High | steel_type=Arm500 | swing_frequency_amount_minute_BIN=High | temperature_measurement1_Celsius_BIN=Low | temperature_measurement2_Celsius_BIN=Low | water_consumption_BIN=High | water_temperature_deltaCelsius_BIN=High | workpiece_slice_geometry=180x180,14.0,1.0,1.16,Ephemeral,2020-05-07,2020-05-07,False,2020-05-07,2.0,,,,,,,,,,,,,,,,,
life_track,alloy_speed_meter_minute_BIN=Medium | alloy_type=open | cast_in_row_BIN=Low | crystallizer_movementmm_BIN=High | num_crystallizer_BIN=High | resistance_tonn_BIN=Low | steel_temperature_grab1Celsius_BIN=High | steel_type=Arm500 | swing_frequency_amount_minute_BIN=High | temperature_measurement1_Celsius_BIN=Low | temperature_measurement2_Celsius_BIN=Low | water_consumption_BIN=High | water_temperature_deltaCelsius_BIN=High | workpiece_slice_geometry=180x180,14.0,1.0,1.16,Ephemeral,2020-05-07,2020-05-07,False,2020-05-07,4.0,,,,,,,,,,,,,,,,,
life_track,alloy_speed_meter_minute_BIN=Medium | alloy_type=open | cast_in_row_BIN=Low | crystallizer_movementmm_BIN=Low | resistance_tonn_BIN=Low | steel_temperature_grab1Celsius_BIN=High | steel_type=25G2S | steel_weighttonn_BIN=High | swing_frequency_amount_minute_BIN=Medium | temperature_measurement1_Celsius_BIN=Low | temperature_measurement2_Celsius_BIN=Low | water_consumption_BIN=High | water_temperature_deltaCelsius_BIN=High | workpiece_slice_geometry=180x180,14.0,1.0,1.16,Ephemeral,2020-05-15,2020-05-15,False,2020-05-15,5.0,,,,,,,,,,,,,,,,,
life_track,alloy_speed_meter_minute_BIN=Medium | alloy_type=open | cast_in_row_BIN=Low | crystallizer_movementmm_BIN=Low | resistance_tonn_BIN=Low | steel_temperature_grab1Celsius_BIN=High | steel_type=1018 | steel_weighttonn_BIN=High | swing_frequency_amount_minute_BIN=Medium | temperature_measurement1_Celsius_BIN=Low | temperature_measurement2_Celsius_BIN=Low | water_consumption_BIN=High | water_temperature_deltaCelsius_BIN=High | workpiece_slice_geometry=180x180,14.0,1.0,1.16,Ephemeral,2020-05-16,2020-05-16,False,2020-05-16,5.0,,,,,,,,,,,,,,,,,
life_track,alloy_speed_meter_minute_BIN=High | alloy_type=open | cast_in_row_BIN=High | crystallizer_movementmm_BIN=Low | resistance_tonn_BIN=Low | steel_temperature_grab1Celsius_BIN=High | steel_type=Arm500 | steel_weighttonn_BIN=High | swing_frequency_amount_minute_BIN=Low | temperature_measurement1_Celsius_BIN=Low | temperature_measurement2_Celsius_BIN=Low | water_consumption_BIN=High | water_temperature_deltaCelsius_BIN=High | workpiece_slice_geometry=150x150,14.0,1.0,1.16,Ephemeral,2020-05-27,2020-05-27,False,2020-05-27,12.0,,,,,,,,,,,,,,,,,
life_track,alloy_speed_meter_minute_BIN=Medium | alloy_type=open | cast_in_row_BIN=Low | crystallizer_movementmm_BIN=High | num_stream_BIN=High | steel_temperature_grab1Celsius_BIN=High | steel_type=1015 | steel_weighttonn_BIN=Medium | swing_frequency_amount_minute_BIN=Medium | temperature_measurement1_Celsius_BIN=Low | temperature_measurement2_Celsius_BIN=Low | water_consumption_BIN=High | water_temperature_deltaCelsius_BIN=High | workpiece_slice_geometry=180x180,14.0,1.0,1.16,Ephemeral,2020-05-30,2020-05-30,False,2020-05-30,3.0,,,,,,,,,,,,,,,,,
life_track,alloy_speed_meter_minute_BIN=Medium | alloy_type=open | cast_in_row_BIN=Low | crystallizer_movementmm_BIN=High | num_crystallizer_BIN=Medium | steel_temperature_grab1Celsius_BIN=High | steel_type=1015 | steel_weighttonn_BIN=Medium | swing_frequency_amount_minute_BIN=Medium | temperature_measurement1_Celsius_BIN=Low | temperature_measurement2_Celsius_BIN=Low | water_consumption_BIN=High | water_temperature_deltaCelsius_BIN=High | workpiece_slice_geometry=180x180,14.0,1.0,1.16,Ephemeral,2020-05-30,2020-05-30,False,2020-05-30,7.0,,,,,,,,,,,,,,,,,
life_track,RUL_BIN=Critical | alloy_speed_meter_minute_BIN=Medium | alloy_type=open | cast_in_row_BIN=Low | crystallizer_movementmm_BIN=High | steel_temperature_grab1Celsius_BIN=High | steel_type=1015 | steel_weighttonn_BIN=Medium | swing_frequency_amount_minute_BIN=Medium | temperature_measurement1_Celsius_BIN=Low | temperature_measurement2_Celsius_BIN=Low | water_consumption_BIN=High | water_temperature_deltaCelsius_BIN=High | workpiece_slice_geometry=180x180,14.0,1.0,1.16,Ephemeral,2020-05-30,2020-05-30,False,2020-05-30,6.0,,,,,,,,,,,,,,,,,
life_track,alloy_speed_meter_minute_BIN=Medium | alloy_type=open | cast_in_row_BIN=Medium | crystallizer_movementmm_BIN=Low | resistance_tonn_BIN=Low | steel_temperature_grab1Celsius_BIN=High | steel_type=Arm500 | steel_weighttonn_BIN=High | swing_frequency_amount_minute_BIN=Medium | temperature_measurement1_Celsius_BIN=Low | temperature_measurement2_Celsius_BIN=Low | water_consumption_BIN=High | water_temperature_deltaCelsius_BIN=High | workpiece_slice_geometry=180x180,14.0,1.0,1.16,Ephemeral,2020-05-31,2020-05-31,False,2020-05-31,8.0,,,,,,,,,,,,,,,,,
life_track,alloy_speed_meter_minute_BIN=High | alloy_type=open | cast_in_row_BIN=Low | crystallizer_movementmm_BIN=High | resistance_tonn_BIN=Low | steel_temperature_grab1Celsius_BIN=High | steel_type=St3sp | steel_weighttonn_BIN=High | swing_frequency_amount_minute_BIN=Low | temperature_measurement1_Celsius_BIN=Low | temperature_measurement2_Celsius_BIN=Low | water_consumption_BIN=High | water_temperature_deltaCelsius_BIN=High | workpiece_slice_geometry=150x150,14.0,1.0,1.16,Ephemeral,2020-06-05,2020-06-05,False,2020-06-05,10.0,,,,,,,,,,,,,,,,,
life_track,RUL_BIN=Healthy | alloy_speed_meter_minute_BIN=High | alloy_type=close | cast_in_row_BIN=Low | crystallizer_movementmm_BIN=Low | resistance_tonn_BIN=Low | steel_temperature_grab1Celsius_BIN=High | steel_type=1010 | steel_weighttonn_BIN=High | swing_frequency_amount_minute_BIN=Medium | temperature_measurement1_Celsius_BIN=Low | temperature_measurement2_Celsius_BIN=Low | water_consumption_BIN=High | workpiece_slice_geometry=150x150,14.0,1.0,1.16,Ephemeral,2020-07-05,2020-07-05,False,2020-07-05,9.0,,,,,,,,,,,,,,,,,
life_track,alloy_speed_meter_minute_BIN=Medium | alloy_type=open | cast_in_row_BIN=High | crystallizer_movementmm_BIN=Low | resistance_tonn_BIN=Low | steel_temperature_grab1Celsius_BIN=High | steel_type=Arm500 | steel_weighttonn_BIN=High | swing_frequency_amount_minute_BIN=High | temperature_measurement1_Celsius_BIN=Low | temperature_measurement2_Celsius_BIN=Low | water_consumption_BIN=High | water_temperature_deltaCelsius_BIN=High | workpiece_slice_geometry=180x180,14.0,1.0,1.16,Ephemeral,2020-07-14,2020-07-14,False,2020-07-14,9.0,,,,,,,,,,,,,,,,,
life_track,alloy_speed_meter_minute_BIN=Medium | alloy_type=open | crystallizer_movementmm_BIN=High | num_stream_BIN=High | resistance_tonn_BIN=Low | steel_temperature_grab1Celsius_BIN=High | steel_type=Arm500 | steel_weighttonn_BIN=High | swing_frequency_amount_minute_BIN=High | temperature_measurement1_Celsius_BIN=Low | temperature_measurement2_Celsius_BIN=Low | water_consumption_BIN=High | water_temperature_deltaCelsius_BIN=High | workpiece_slice_geometry=180x180,14.0,1.0,1.16,Ephemeral,2020-07-27,2020-07-27,False,2020-07-27,3.0,,,,,,,,,,,,,,,,,
life_track,RUL_BIN=Critical | alloy_speed_meter_minute_BIN=Medium | alloy_type=open | num_crystallizer_BIN=Medium | resistance_tonn_BIN=Low | steel_temperature_grab1Celsius_BIN=High | steel_type=Arm500 | steel_weighttonn_BIN=Medium | swing_frequency_amount_minute_BIN=High | temperature_measurement1_Celsius_BIN=Low | temperature_measurement2_Celsius_BIN=Low | water_consumption_BIN=High | water_temperature_deltaCelsius_BIN=High | workpiece_slice_geometry=180x180,14.0,1.0,1.16,Ephemeral,2020-07-31,2020-07-31,False,2020-07-31,5.0,,,,,,,,,,,,,,,,,
life_track,alloy_speed_meter_minute_BIN=High | alloy_type=open | cast_in_row_BIN=Low | crystallizer_movementmm_BIN=Medium | resistance_tonn_BIN=Low | steel_temperature_grab1Celsius_BIN=High | steel_type=St4sp | steel_weighttonn_BIN=High | swing_frequency_amount_minute_BIN=Low | temperature_measurement1_Celsius_BIN=Low | temperature_measurement2_Celsius_BIN=Low | water_consumption_BIN=High | water_temperature_deltaCelsius_BIN=High | workpiece_slice_geometry=150x150,14.0,1.0,1.16,Ephemeral,2020-08-05,2020-08-05,False,2020-08-05,6.0,,,,,,,,,,,,,,,,,
life_track,alloy_speed_meter_minute_BIN=Medium | alloy_type=open | cast_in_row_BIN=Low | crystallizer_movementmm_BIN=Low | resistance_tonn_BIN=Low | steel_temperature_grab1Celsius_BIN=High | steel_type=25G2S | steel_weighttonn_BIN=High | swing_frequency_amount_minute_BIN=High | temperature_measurement1_Celsius_BIN=Low | temperature_measurement2_Celsius_BIN=Low | water_consumption_BIN=High | water_temperature_deltaCelsius_BIN=High | workpiece_slice_geometry=180x180,14.0,1.0,1.16,Ephemeral,2020-08-07,2020-08-07,False,2020-08-07,7.0,,,,,,,,,,,,,,,,,
life_track,alloy_speed_meter_minute_BIN=Medium | alloy_type=open | crystallizer_movementmm_BIN=Low | num_crystallizer_BIN=Medium | resistance_tonn_BIN=Low | steel_temperature_grab1Celsius_BIN=High | steel_type=Arm500 | steel_weighttonn_BIN=High | swing_frequency_amount_minute_BIN=High | temperature_measurement1_Celsius_BIN=Low | temperature_measurement2_Celsius_BIN=Low | water_consumption_BIN=High | water_temperature_deltaCelsius_BIN=High | workpiece_slice_geometry=180x180,14.0,1.0,1.16,Ephemeral,2020-08-22,2020-08-22,False,2020-08-22,2.0,,,,,,,,,,,,,,,,,
life_track,alloy_speed_meter_minute_BIN=Medium | alloy_type=open | cast_in_row_BIN=Low | num_stream_BIN=Low | resistance_tonn_BIN=Low | steel_temperature_grab1Celsius_BIN=High | steel_type=Arm500 | steel_weighttonn_BIN=High | swing_frequency_amount_minute_BIN=High | temperature_measurement1_Celsius_BIN=Low | temperature_measurement2_Celsius_BIN=Low | water_consumption_BIN=High | water_temperature_deltaCelsius_BIN=High | workpiece_slice_geometry=180x180,14.0,1.0,1.16,Ephemeral,2020-08-24,2020-08-24,False,2020-08-24,2.0,,,,,,,,,,,,,,,,,
life_track,RUL_BIN=Low | alloy_speed_meter_minute_BIN=Medium | alloy_type=open | cast_in_row_BIN=Low | crystallizer_movementmm_BIN=Low | resistance_tonn_BIN=Low | steel_temperature_grab1Celsius_BIN=High | steel_type=Arm500 | swing_frequency_amount_minute_BIN=High | temperature_measurement1_Celsius_BIN=Low | temperature_measurement2_Celsius_BIN=Low | water_consumption_BIN=High | water_temperature_deltaCelsius_BIN=High | workpiece_slice_geometry=180x180,14.0,1.0,1.16,Ephemeral,2020-08-24,2020-08-24,False,2020-08-24,3.0,,,,,,,,,,,,,,,,,
life_track,RUL_BIN=Low | alloy_speed_meter_minute_BIN=Medium | alloy_type=open | cast_in_row_BIN=Low | resistance_tonn_BIN=Low | steel_temperature_grab1Celsius_BIN=High | steel_type=Arm500 | steel_weighttonn_BIN=High | swing_frequency_amount_minute_BIN=High | temperature_measurement1_Celsius_BIN=Low | temperature_measurement2_Celsius_BIN=Low | water_consumption_BIN=High | water_temperature_deltaCelsius_BIN=High | workpiece_slice_geometry=180x180,14.0,1.0,1.16,Ephemeral,2020-08-24,2020-08-24,False,2020-08-24,3.0,,,,,,,,,,,,,,,,,
life_track,RUL_BIN=Medium | alloy_speed_meter_minute_BIN=High | alloy_type=open | cast_in_row_BIN=Low | crystallizer_movementmm_BIN=Medium | resistance_tonn_BIN=Low | steel_temperature_grab1Celsius_BIN=High | steel_type=St3sp | steel_weighttonn_BIN=High | swing_frequency_amount_minute_BIN=Medium | temperature_measurement1_Celsius_BIN=Low | temperature_measurement2_Celsius_BIN=Low | water_consumption_BIN=High | water_temperature_deltaCelsius_BIN=High | workpiece_slice_geometry=150x150,15.0,1.0,1.16,Ephemeral,2020-01-05,2020-01-05,False,2020-01-05,2.0,,,,,,,,,,,,,,,,,
life_track,alloy_speed_meter_minute_BIN=Medium | alloy_type=open | cast_in_row_BIN=Low | crystallizer_movementmm_BIN=High | num_stream_BIN=Medium | resistance_tonn_BIN=Low | steel_temperature_grab1Celsius_BIN=High | steel_type=Arm500 | steel_weighttonn_BIN=Medium | swing_frequency_amount_minute_BIN=Medium | temperature_measurement1_Celsius_BIN=Low | temperature_measurement2_Celsius_BIN=Low | water_consumption_BIN=High | water_temperature_deltaCelsius_BIN=High | workpiece_slice_geometry=180x180,15.0,1.0,1.16,Ephemeral,2020-01-06,2020-01-06,False,2020-01-06,3.0,,,,,,,,,,,,,,,,,
life_track,alloy_speed_meter_minute_BIN=Medium | alloy_type=open | cast_in_row_BIN=Low | crystallizer_movementmm_BIN=High | num_stream_BIN=Low | resistance_tonn_BIN=Low | steel_temperature_grab1Celsius_BIN=High | steel_type=Arm500 | steel_weighttonn_BIN=Medium | swing_frequency_amount_minute_BIN=Medium | temperature_measurement1_Celsius_BIN=Low | temperature_measurement2_Celsius_BIN=Low | water_consumption_BIN=High | water_temperature_deltaCelsius_BIN=High | workpiece_slice_geometry=180x180,15.0,1.0,1.16,Ephemeral,2020-01-06,2020-01-06,False,2020-01-06,4.0,,,,,,,,,,,,,,,,,
life_track,alloy_speed_meter_minute_BIN=Medium | alloy_type=open | cast_in_row_BIN=Low | crystallizer_movementmm_BIN=High | num_crystallizer_BIN=High | resistance_tonn_BIN=Low | steel_temperature_grab1Celsius_BIN=High | steel_type=Arm500 | steel_weighttonn_BIN=Medium | swing_frequency_amount_minute_BIN=Medium | temperature_measurement1_Celsius_BIN=Low | temperature_measurement2_Celsius_BIN=Low | water_consumption_BIN=High | water_temperature_deltaCelsius_BIN=High | workpiece_slice_geometry=180x180,15.0,1.0,1.16,Ephemeral,2020-01-06,2020-01-06,False,2020-01-06,3.0,,,,,,,,,,,,,,,,,
life_track,RUL_BIN=Healthy | alloy_speed_meter_minute_BIN=Medium | alloy_type=open | cast_in_row_BIN=Low | crystallizer_movementmm_BIN=High | resistance_tonn_BIN=Low | steel_temperature_grab1Celsius_BIN=High | steel_type=Arm500 | steel_weighttonn_BIN=Medium | swing_frequency_amount_minute_BIN=Medium | temperature_measurement1_Celsius_BIN=Low | temperature_measurement2_Celsius_BIN=Low | water_consumption_BIN=High | water_temperature_deltaCelsius_BIN=High | workpiece_slice_geometry=180x180,15.0,1.0,1.16,Ephemeral,2020-01-06,2020-01-06,False,2020-01-06,6.0,,,,,,,,,,,,,,,,,
life_track,RUL_BIN=Critical | alloy_speed_meter_minute_BIN=Medium | alloy_type=open | cast_in_row_BIN=Low | crystallizer_movementmm_BIN=High | resistance_tonn_BIN=Low | steel_temperature_grab1Celsius_BIN=High | steel_type=Arm500 | steel_weighttonn_BIN=Medium | swing_frequency_amount_minute_BIN=Medium | temperature_measurement1_Celsius_BIN=Low | temperature_measurement2_Celsius_BIN=Low | water_consumption_BIN=High | water_temperature_deltaCelsius_BIN=High | workpiece_slice_geometry=180x180,15.0,1.0,1.16,Ephemeral,2020-01-06,2020-01-06,False,2020-01-06,3.0,,,,,,,,,,,,,,,,,
life_track,RUL_BIN=Healthy | alloy_speed_meter_minute_BIN=Medium | alloy_type=open | cast_in_row_BIN=Low | crystallizer_movementmm_BIN=High | resistance_tonn_BIN=Low | steel_temperature_grab1Celsius_BIN=High | steel_type=Arm500 | steel_weighttonn_BIN=High | swing_frequency_amount_minute_BIN=High | temperature_measurement1_Celsius_BIN=Low | temperature_measurement2_Celsius_BIN=Low | water_consumption_BIN=High | water_temperature_deltaCelsius_BIN=High | workpiece_slice_geometry=180x180,15.0,1.0,1.16,Ephemeral,2020-01-07,2020-01-07,False,2020-01-07,6.0,,,,,,,,,,,,,,,,,
life_track,RUL_BIN=Critical | alloy_speed_meter_minute_BIN=Medium | alloy_type=open | cast_in_row_BIN=Medium | crystallizer_movementmm_BIN=Low | num_crystallizer_BIN=Medium | resistance_tonn_BIN=Low | steel_temperature_grab1Celsius_BIN=High | steel_type=Arm500 | swing_frequency_amount_minute_BIN=High | temperature_measurement1_Celsius_BIN=Low | temperature_measurement2_Celsius_BIN=Low | water_consumption_BIN=High | water_temperature_deltaCelsius_BIN=High | workpiece_slice_geometry=180x180,15.0,1.0,1.16,Ephemeral,2020-01-10,2020-01-10,False,2020-01-10,6.0,,,,,,,,,,,,,,,,,
life_track,alloy_speed_meter_minute_BIN=Medium | alloy_type=open | cast_in_row_BIN=Medium | crystallizer_movementmm_BIN=Low | num_stream_BIN=High | resistance_tonn_BIN=Low | steel_temperature_grab1Celsius_BIN=High | steel_type=Arm500 | steel_weighttonn_BIN=Medium | swing_frequency_amount_minute_BIN=High | temperature_measurement1_Celsius_BIN=Low | temperature_measurement2_Celsius_BIN=Low | water_consumption_BIN=High | water_temperature_deltaCelsius_BIN=High | workpiece_slice_geometry=180x180,15.0,1.0,1.16,Ephemeral,2020-02-08,2020-02-08,False,2020-02-08,2.0,,,,,,,,,,,,,,,,,
life_track,RUL_BIN=Healthy | alloy_speed_meter_minute_BIN=Medium | alloy_type=open | cast_in_row_BIN=Medium | crystallizer_movementmm_BIN=Low | resistance_tonn_BIN=Low | steel_temperature_grab1Celsius_BIN=High | steel_type=Arm500 | steel_weighttonn_BIN=Medium | swing_frequency_amount_minute_BIN=High | temperature_measurement1_Celsius_BIN=Low | temperature_measurement2_Celsius_BIN=Low | water_consumption_BIN=High | water_temperature_deltaCelsius_BIN=High | workpiece_slice_geometry=180x180,15.0,1.0,1.16,Ephemeral,2020-02-08,2020-02-08,False,2020-02-08,3.0,,,,,,,,,,,,,,,,,
life_track,alloy_speed_meter_minute_BIN=Medium | alloy_type=open | cast_in_row_BIN=Medium | crystallizer_movementmm_BIN=Low | num_stream_BIN=Medium | resistance_tonn_BIN=Low | steel_temperature_grab1Celsius_BIN=High | steel_type=Arm500 | steel_weighttonn_BIN=Medium | swing_frequency_amount_minute_BIN=High | temperature_measurement1_Celsius_BIN=Low | temperature_measurement2_Celsius_BIN=Low | water_consumption_BIN=High | water_temperature_deltaCelsius_BIN=High | workpiece_slice_geometry=180x180,15.0,1.0,1.16,Ephemeral,2020-03-08,2020-03-08,False,2020-03-08,3.0,,,,,,,,,,,,,,,,,
life_track,alloy_speed_meter_minute_BIN=Medium | alloy_type=open | cast_in_row_BIN=Medium | crystallizer_movementmm_BIN=Low | num_stream_BIN=Low | resistance_tonn_BIN=Low | steel_temperature_grab1Celsius_BIN=High | steel_type=Arm500 | steel_weighttonn_BIN=Medium | swing_frequency_amount_minute_BIN=High | temperature_measurement1_Celsius_BIN=Low | temperature_measurement2_Celsius_BIN=Low | water_consumption_BIN=High | water_temperature_deltaCelsius_BIN=High | workpiece_slice_geometry=180x180,15.0,1.0,1.16,Ephemeral,2020-03-08,2020-03-08,False,2020-03-08,4.0,,,,,,,,,,,,,,,,,
life_track,alloy_speed_meter_minute_BIN=Medium | alloy_type=open | crystallizer_movementmm_BIN=Low | num_crystallizer_BIN=High | num_stream_BIN=Low | resistance_tonn_BIN=Low | steel_temperature_grab1Celsius_BIN=High | steel_type=Arm500 | steel_weighttonn_BIN=Medium | swing_frequency_amount_minute_BIN=High | temperature_measurement1_Celsius_BIN=Low | temperature_measurement2_Celsius_BIN=Low | water_consumption_BIN=High | water_temperature_deltaCelsius_BIN=High | workpiece_slice_geometry=180x180,15.0,1.0,1.16,Ephemeral,2020-04-08,2020-04-08,False,2020-04-08,2.0,,,,,,,,,,,,,,,,,
life_track,RUL_BIN=Low | alloy_speed_meter_minute_BIN=Medium | alloy_type=open | cast_in_row_BIN=High | crystallizer_movementmm_BIN=Low | resistance_tonn_BIN=Low | steel_temperature_grab1Celsius_BIN=High | steel_type=Arm500 | steel_weighttonn_BIN=Medium | swing_frequency_amount_minute_BIN=High | temperature_measurement1_Celsius_BIN=Low | temperature_measurement2_Celsius_BIN=Low | water_consumption_BIN=High | water_temperature_deltaCelsius_BIN=High | workpiece_slice_geometry=180x180,15.0,1.0,1.16,Ephemeral,2020-04-08,2020-04-08,False,2020-04-08,5.0,,,,,,,,,,,,,,,,,
life_track,RUL_BIN=Healthy | alloy_speed_meter_minute_BIN=High | alloy_type=open | cast_in_row_BIN=Low | crystallizer_movementmm_BIN=High | resistance_tonn_BIN=Low | steel_temperature_grab1Celsius_BIN=High | steel_type=St3sp | steel_weighttonn_BIN=High | swing_frequency_amount_minute_BIN=Medium | temperature_measurement1_Celsius_BIN=Low | temperature_measurement2_Celsius_BIN=Low | water_consumption_BIN=High | water_temperature_deltaCelsius_BIN=High | workpiece_slice_geometry=150x150,15.0,1.0,1.16,Ephemeral,2020-05-05,2020-05-05,False,2020-05-05,5.0,,,,,,,,,,,,,,,,,
life_track,RUL_BIN=Medium | alloy_speed_meter_minute_BIN=Medium | alloy_type=open | cast_in_row_BIN=Low | crystallizer_movementmm_BIN=High | resistance_tonn_BIN=Low | steel_temperature_grab1Celsius_BIN=High | steel_type=Arm500 | steel_weighttonn_BIN=High | swing_frequency_amount_minute_BIN=High | temperature_measurement1_Celsius_BIN=Low | temperature_measurement2_Celsius_BIN=Low | water_consumption_BIN=High | water_temperature_deltaCelsius_BIN=High | workpiece_slice_geometry=180x180,15.0,1.0,1.16,Ephemeral,2020-05-07,2020-05-07,False,2020-05-07,4.0,,,,,,,,,,,,,,,,,
life_track,alloy_speed_meter_minute_BIN=Medium | alloy_type=open | cast_in_row_BIN=Low | crystallizer_movementmm_BIN=Low | num_stream_BIN=High | resistance_tonn_BIN=Low | steel_temperature_grab1Celsius_BIN=High | steel_type=25G2S | steel_weighttonn_BIN=High | swing_frequency_amount_minute_BIN=Medium | temperature_measurement1_Celsius_BIN=Low | temperature_measurement2_Celsius_BIN=Low | water_consumption_BIN=High | water_temperature_deltaCelsius_BIN=High | workpiece_slice_geometry=180x180,15.0,1.0,1.16,Ephemeral,2020-05-15,2020-05-15,False,2020-05-15,2.0,,,,,,,,,,,,,,,,,
life_track,alloy_speed_meter_minute_BIN=Medium | alloy_type=open | cast_in_row_BIN=Low | crystallizer_movementmm_BIN=Low | num_crystallizer_BIN=Medium | resistance_tonn_BIN=Low | steel_temperature_grab1Celsius_BIN=High | steel_type=25G2S | steel_weighttonn_BIN=High | swing_frequency_amount_minute_BIN=Medium | temperature_measurement1_Celsius_BIN=Low | temperature_measurement2_Celsius_BIN=Low | water_consumption_BIN=High | water_temperature_deltaCelsius_BIN=High | workpiece_slice_geometry=180x180,15.0,1.0,1.16,Ephemeral,2020-05-15,2020-05-15,False,2020-05-15,3.0,,,,,,,,,,,,,,,,,
life_track,RUL_BIN=Medium | alloy_speed_meter_minute_BIN=Medium | alloy_type=open | cast_in_row_BIN=Low | crystallizer_movementmm_BIN=Low | resistance_tonn_BIN=Low | steel_temperature_grab1Celsius_BIN=High | steel_type=25G2S | steel_weighttonn_BIN=High | swing_frequency_amount_minute_BIN=Medium | temperature_measurement1_Celsius_BIN=Low | temperature_measurement2_Celsius_BIN=Low | water_consumption_BIN=High | water_temperature_deltaCelsius_BIN=High | workpiece_slice_geometry=180x180,15.0,1.0,1.16,Ephemeral,2020-05-15,2020-05-15,False,2020-05-15,3.0,,,,,,,,,,,,,,,,,
life_track,alloy_speed_meter_minute_BIN=Medium | alloy_type=open | cast_in_row_BIN=Low | crystallizer_movementmm_BIN=Low | num_stream_BIN=High | resistance_tonn_BIN=Low | steel_temperature_grab1Celsius_BIN=High | steel_type=1018 | steel_weighttonn_BIN=High | swing_frequency_amount_minute_BIN=Medium | temperature_measurement1_Celsius_BIN=Low | temperature_measurement2_Celsius_BIN=Low | water_consumption_BIN=High | water_temperature_deltaCelsius_BIN=High | workpiece_slice_geometry=180x180,15.0,1.0,1.16,Ephemeral,2020-05-16,2020-05-16,False,2020-05-16,2.0,,,,,,,,,,,,,,,,,
life_track,alloy_speed_meter_minute_BIN=Medium | alloy_type=open | cast_in_row_BIN=Low | crystallizer_movementmm_BIN=Low | num_crystallizer_BIN=Medium | resistance_tonn_BIN=Low | steel_temperature_grab1Celsius_BIN=High | steel_type=1018 | steel_weighttonn_BIN=High | swing_frequency_amount_minute_BIN=Medium | temperature_measurement1_Celsius_BIN=Low | temperature_measurement2_Celsius_BIN=Low | water_consumption_BIN=High | water_temperature_deltaCelsius_BIN=High | workpiece_slice_geometry=180x180,15.0,1.0,1.16,Ephemeral,2020-05-16,2020-05-16,False,2020-05-16,3.0,,,,,,,,,,,,,,,,,
life_track,RUL_BIN=Medium | alloy_speed_meter_minute_BIN=Medium | alloy_type=open | cast_in_row_BIN=Low | crystallizer_movementmm_BIN=Low | resistance_tonn_BIN=Low | steel_temperature_grab1Celsius_BIN=High | steel_type=1018 | steel_weighttonn_BIN=High | swing_frequency_amount_minute_BIN=Medium | temperature_measurement1_Celsius_BIN=Low | temperature_measurement2_Celsius_BIN=Low | water_consumption_BIN=High | water_temperature_deltaCelsius_BIN=High | workpiece_slice_geometry=180x180,15.0,1.0,1.16,Ephemeral,2020-05-16,2020-05-16,False,2020-05-16,3.0,,,,,,,,,,,,,,,,,
life_track,alloy_speed_meter_minute_BIN=High | alloy_type=open | cast_in_row_BIN=Medium | crystallizer_movementmm_BIN=High | num_stream_BIN=High | resistance_tonn_BIN=Low | steel_temperature_grab1Celsius_BIN=High | steel_type=St4sp | steel_weighttonn_BIN=High | swing_frequency_amount_minute_BIN=Low | temperature_measurement1_Celsius_BIN=Low | temperature_measurement2_Celsius_BIN=Low | water_consumption_BIN=High | water_temperature_deltaCelsius_BIN=High | workpiece_slice_geometry=150x150,15.0,1.0,1.16,Ephemeral,2020-05-22,2020-05-22,False,2020-05-22,4.0,,,,,,,,,,,,,,,,,
life_track,alloy_speed_meter_minute_BIN=High | alloy_type=open | cast_in_row_BIN=Medium | crystallizer_movementmm_BIN=High | num_crystallizer_BIN=Medium | resistance_tonn_BIN=Low | steel_temperature_grab1Celsius_BIN=High | steel_type=St4sp | steel_weighttonn_BIN=High | swing_frequency_amount_minute_BIN=Low | temperature_measurement1_Celsius_BIN=Low | temperature_measurement2_Celsius_BIN=Low | water_consumption_BIN=High | water_temperature_deltaCelsius_BIN=High | workpiece_slice_geometry=150x150,15.0,1.0,1.16,Ephemeral,2020-05-22,2020-05-22,False,2020-05-22,4.0,,,,,,,,,,,,,,,,,
life_track,RUL_BIN=Medium | alloy_speed_meter_minute_BIN=High | alloy_type=open | cast_in_row_BIN=Medium | crystallizer_movementmm_BIN=High | resistance_tonn_BIN=Low | steel_temperature_grab1Celsius_BIN=High | steel_type=St4sp | steel_weighttonn_BIN=High | swing_frequency_amount_minute_BIN=Low | temperature_measurement1_Celsius_BIN=Low | temperature_measurement2_Celsius_BIN=Low | water_consumption_BIN=High | water_temperature_deltaCelsius_BIN=High | workpiece_slice_geometry=150x150,15.0,1.0,1.16,Ephemeral,2020-05-22,2020-05-22,False,2020-05-22,2.0,,,,,,,,,,,,,,,,,
life_track,RUL_BIN=Critical | alloy_speed_meter_minute_BIN=High | alloy_type=open | cast_in_row_BIN=Medium | crystallizer_movementmm_BIN=High | resistance_tonn_BIN=Low | steel_temperature_grab1Celsius_BIN=High | steel_type=St4sp | steel_weighttonn_BIN=High | swing_frequency_amount_minute_BIN=Low | temperature_measurement1_Celsius_BIN=Low | temperature_measurement2_Celsius_BIN=Low | water_consumption_BIN=High | water_temperature_deltaCelsius_BIN=High | workpiece_slice_geometry=150x150,15.0,1.0,1.16,Ephemeral,2020-05-26,2020-05-26,False,2020-05-26,2.0,,,,,,,,,,,,,,,,,
life_track,alloy_speed_meter_minute_BIN=High | alloy_type=open | cast_in_row_BIN=High | crystallizer_movementmm_BIN=Low | num_stream_BIN=Medium | resistance_tonn_BIN=Low | steel_temperature_grab1Celsius_BIN=High | steel_type=Arm500 | steel_weighttonn_BIN=High | swing_frequency_amount_minute_BIN=Low | temperature_measurement1_Celsius_BIN=Low | temperature_measurement2_Celsius_BIN=Low | water_consumption_BIN=High | water_temperature_deltaCelsius_BIN=High | workpiece_slice_geometry=150x150,15.0,1.0,1.16,Ephemeral,2020-05-27,2020-05-27,False,2020-05-27,5.0,,,,,,,,,,,,,,,,,
life_track,alloy_speed_meter_minute_BIN=High | alloy_type=open | cast_in_row_BIN=High | crystallizer_movementmm_BIN=Low | num_stream_BIN=Low | resistance_tonn_BIN=Low | steel_temperature_grab1Celsius_BIN=High | steel_type=Arm500 | steel_weighttonn_BIN=High | swing_frequency_amount_minute_BIN=Low | temperature_measurement1_Celsius_BIN=Low | temperature_measurement2_Celsius_BIN=Low | water_consumption_BIN=High | water_temperature_deltaCelsius_BIN=High | workpiece_slice_geometry=150x150,15.0,1.0,1.16,Ephemeral,2020-05-27,2020-05-27,False,2020-05-27,4.0,,,,,,,,,,,,,,,,,
life_track,alloy_speed_meter_minute_BIN=High | alloy_type=open | cast_in_row_BIN=High | crystallizer_movementmm_BIN=Low | num_stream_BIN=High | resistance_tonn_BIN=Low | steel_temperature_grab1Celsius_BIN=High | steel_type=Arm500 | steel_weighttonn_BIN=High | swing_frequency_amount_minute_BIN=Low | temperature_measurement1_Celsius_BIN=Low | temperature_measurement2_Celsius_BIN=Low | water_consumption_BIN=High | water_temperature_deltaCelsius_BIN=High | workpiece_slice_geometry=150x150,15.0,1.0,1.16,Ephemeral,2020-05-27,2020-05-27,False,2020-05-27,3.0,,,,,,,,,,,,,,,,,
life_track,alloy_speed_meter_minute_BIN=High | alloy_type=open | cast_in_row_BIN=High | crystallizer_movementmm_BIN=Low | num_crystallizer_BIN=Medium | resistance_tonn_BIN=Low | steel_temperature_grab1Celsius_BIN=High | steel_type=Arm500 | steel_weighttonn_BIN=High | swing_frequency_amount_minute_BIN=Low | temperature_measurement1_Celsius_BIN=Low | temperature_measurement2_Celsius_BIN=Low | water_consumption_BIN=High | water_temperature_deltaCelsius_BIN=High | workpiece_slice_geometry=150x150,15.0,1.0,1.16,Ephemeral,2020-05-27,2020-05-27,False,2020-05-27,6.0,,,,,,,,,,,,,,,,,
life_track,RUL_BIN=Critical | alloy_speed_meter_minute_BIN=High | alloy_type=open | cast_in_row_BIN=High | crystallizer_movementmm_BIN=Low | resistance_tonn_BIN=Low | steel_temperature_grab1Celsius_BIN=High | steel_type=Arm500 | steel_weighttonn_BIN=High | swing_frequency_amount_minute_BIN=Low | temperature_measurement1_Celsius_BIN=Low | temperature_measurement2_Celsius_BIN=Low | water_consumption_BIN=High | water_temperature_deltaCelsius_BIN=High | workpiece_slice_geometry=150x150,15.0,1.0,1.16,Ephemeral,2020-05-27,2020-05-27,False,2020-05-27,6.0,,,,,,,,,,,,,,,,,
life_track,alloy_speed_meter_minute_BIN=Medium | alloy_type=open | cast_in_row_BIN=Low | crystallizer_movementmm_BIN=High | num_crystallizer_BIN=Medium | num_stream_BIN=High | steel_temperature_grab1Celsius_BIN=High | steel_type=1015 | steel_weighttonn_BIN=Medium | swing_frequency_amount_minute_BIN=Medium | temperature_measurement1_Celsius_BIN=Low | temperature_measurement2_Celsius_BIN=Low | water_consumption_BIN=High | water_temperature_deltaCelsius_BIN=High | workpiece_slice_geometry=180x180,15.0,1.0,1.16,Ephemeral,2020-05-30,2020-05-30,False,2020-05-30,2.0,,,,,,,,,,,,,,,,,
life_track,alloy_speed_meter_minute_BIN=Medium | alloy_type=open | cast_in_row_BIN=Low | crystallizer_movementmm_BIN=High | num_crystallizer_BIN=Medium | resistance_tonn_BIN=Low | steel_temperature_grab1Celsius_BIN=High | steel_type=1015 | steel_weighttonn_BIN=Medium | swing_frequency_amount_minute_BIN=Medium | temperature_measurement1_Celsius_BIN=Low | temperature_measurement2_Celsius_BIN=Low | water_consumption_BIN=High | water_temperature_deltaCelsius_BIN=High | workpiece_slice_geometry=180x180,15.0,1.0,1.16,Ephemeral,2020-05-30,2020-05-30,False,2020-05-30,6.0,,,,,,,,,,,,,,,,,
life_track,RUL_BIN=Critical | alloy_speed_meter_minute_BIN=Medium | alloy_type=open | cast_in_row_BIN=Low | crystallizer_movementmm_BIN=High | num_crystallizer_BIN=Medium | steel_temperature_grab1Celsius_BIN=High | steel_type=1015 | steel_weighttonn_BIN=Medium | swing_frequency_amount_minute_BIN=Medium | temperature_measurement1_Celsius_BIN=Low | temperature_measurement2_Celsius_BIN=Low | water_consumption_BIN=High | water_temperature_deltaCelsius_BIN=High | workpiece_slice_geometry=180x180,15.0,1.0,1.16,Ephemeral,2020-05-30,2020-05-30,False,2020-05-30,5.0,,,,,,,,,,,,,,,,,
life_track,alloy_speed_meter_minute_BIN=Medium | alloy_type=open | cast_in_row_BIN=Medium | crystallizer_movementmm_BIN=Low | num_stream_BIN=Low | resistance_tonn_BIN=Low | steel_temperature_grab1Celsius_BIN=High | steel_type=Arm500 | steel_weighttonn_BIN=High | swing_frequency_amount_minute_BIN=Medium | temperature_measurement1_Celsius_BIN=Low | temperature_measurement2_Celsius_BIN=Low | water_consumption_BIN=High | water_temperature_deltaCelsius_BIN=High | workpiece_slice_geometry=180x180,15.0,1.0,1.16,Ephemeral,2020-05-31,2020-05-31,False,2020-05-31,3.0,,,,,,,,,,,,,,,,,
life_track,RUL_BIN=Healthy | alloy_speed_meter_minute_BIN=Medium | alloy_type=open | cast_in_row_BIN=Medium | crystallizer_movementmm_BIN=Low | resistance_tonn_BIN=Low | steel_temperature_grab1Celsius_BIN=High | steel_type=Arm500 | steel_weighttonn_BIN=High | swing_frequency_amount_minute_BIN=Medium | temperature_measurement1_Celsius_BIN=Low | temperature_measurement2_Celsius_BIN=Low | water_consumption_BIN=High | water_temperature_deltaCelsius_BIN=High | workpiece_slice_geometry=180x180,15.0,1.0,1.16,Ephemeral,2020-05-31,2020-05-31,False,2020-05-31,2.0,,,,,,,,,,,,,,,,,
life_track,alloy_speed_meter_minute_BIN=High | alloy_type=open | cast_in_row_BIN=Low | crystallizer_movementmm_BIN=High | num_stream_BIN=Medium | resistance_tonn_BIN=Low | steel_temperature_grab1Celsius_BIN=High | steel_type=St3sp | steel_weighttonn_BIN=High | swing_frequency_amount_minute_BIN=Low | temperature_measurement1_Celsius_BIN=Low | temperature_measurement2_Celsius_BIN=Low | water_consumption_BIN=High | water_temperature_deltaCelsius_BIN=High | workpiece_slice_geometry=150x150,15.0,1.0,1.16,Ephemeral,2020-06-05,2020-06-05,False,2020-06-05,5.0,,,,,,,,,,,,,,,,,
life_track,alloy_speed_meter_minute_BIN=High | alloy_type=open | cast_in_row_BIN=Low | crystallizer_movementmm_BIN=High | num_stream_BIN=Low | resistance_tonn_BIN=Low | steel_temperature_grab1Celsius_BIN=High | steel_type=St3sp | steel_weighttonn_BIN=High | swing_frequency_amount_minute_BIN=Low | temperature_measurement1_Celsius_BIN=Low | temperature_measurement2_Celsius_BIN=Low | water_consumption_BIN=High | water_temperature_deltaCelsius_BIN=High | workpiece_slice_geometry=150x150,15.0,1.0,1.16,Ephemeral,2020-06-05,2020-06-05,False,2020-06-05,2.0,,,,,,,,,,,,,,,,,
life_track,alloy_speed_meter_minute_BIN=High | alloy_type=open | cast_in_row_BIN=Low | crystallizer_movementmm_BIN=High | num_stream_BIN=High | resistance_tonn_BIN=Low | steel_temperature_grab1Celsius_BIN=High | steel_type=St3sp | steel_weighttonn_BIN=High | swing_frequency_amount_minute_BIN=Low | temperature_measurement1_Celsius_BIN=Low | temperature_measurement2_Celsius_BIN=Low | water_consumption_BIN=High | water_temperature_deltaCelsius_BIN=High | workpiece_slice_geometry=150x150,15.0,1.0,1.16,Ephemeral,2020-06-05,2020-06-05,False,2020-06-05,3.0,,,,,,,,,,,,,,,,,
life_track,alloy_speed_meter_minute_BIN=High | alloy_type=open | cast_in_row_BIN=Low | crystallizer_movementmm_BIN=High | num_crystallizer_BIN=Medium | resistance_tonn_BIN=Low | steel_temperature_grab1Celsius_BIN=High | steel_type=St3sp | steel_weighttonn_BIN=High | swing_frequency_amount_minute_BIN=Low | temperature_measurement1_Celsius_BIN=Low | temperature_measurement2_Celsius_BIN=Low | water_consumption_BIN=High | water_temperature_deltaCelsius_BIN=High | workpiece_slice_geometry=150x150,15.0,1.0,1.16,Ephemeral,2020-06-05,2020-06-05,False,2020-06-05,3.0,,,,,,,,,,,,,,,,,
life_track,alloy_speed_meter_minute_BIN=High | alloy_type=open | cast_in_row_BIN=Low | crystallizer_movementmm_BIN=High | num_crystallizer_BIN=Low | resistance_tonn_BIN=Low | steel_temperature_grab1Celsius_BIN=High | steel_type=St3sp | steel_weighttonn_BIN=High | swing_frequency_amount_minute_BIN=Low | temperature_measurement1_Celsius_BIN=Low | temperature_measurement2_Celsius_BIN=Low | water_consumption_BIN=High | water_temperature_deltaCelsius_BIN=High | workpiece_slice_geometry=150x150,15.0,1.0,1.16,Ephemeral,2020-06-05,2020-06-05,False,2020-06-05,3.0,,,,,,,,,,,,,,,,,
life_track,RUL_BIN=Medium | alloy_speed_meter_minute_BIN=High | alloy_type=open | cast_in_row_BIN=Low | crystallizer_movementmm_BIN=High | resistance_tonn_BIN=Low | steel_temperature_grab1Celsius_BIN=High | steel_type=St3sp | steel_weighttonn_BIN=High | swing_frequency_amount_minute_BIN=Low | temperature_measurement1_Celsius_BIN=Low | temperature_measurement2_Celsius_BIN=Low | water_consumption_BIN=High | water_temperature_deltaCelsius_BIN=High | workpiece_slice_geometry=150x150,15.0,1.0,1.16,Ephemeral,2020-06-05,2020-06-05,False,2020-06-05,2.0,,,,,,,,,,,,,,,,,
life_track,RUL_BIN=Critical | alloy_speed_meter_minute_BIN=High | alloy_type=open | cast_in_row_BIN=Low | crystallizer_movementmm_BIN=High | resistance_tonn_BIN=Low | steel_temperature_grab1Celsius_BIN=High | steel_type=St3sp | steel_weighttonn_BIN=High | swing_frequency_amount_minute_BIN=Low | temperature_measurement1_Celsius_BIN=Low | temperature_measurement2_Celsius_BIN=Low | water_consumption_BIN=High | water_temperature_deltaCelsius_BIN=High | workpiece_slice_geometry=150x150,15.0,1.0,1.16,Ephemeral,2020-06-05,2020-06-05,False,2020-06-05,7.0,,,,,,,,,,,,,,,,,
life_track,alloy_speed_meter_minute_BIN=Medium | alloy_type=open | cast_in_row_BIN=Low | crystallizer_movementmm_BIN=High | num_stream_BIN=Medium | resistance_tonn_BIN=Low | steel_temperature_grab1Celsius_BIN=High | steel_type=Arm500 | steel_weighttonn_BIN=High | swing_frequency_amount_minute_BIN=High | temperature_measurement1_Celsius_BIN=Low | temperature_measurement2_Celsius_BIN=Low | water_consumption_BIN=High | water_temperature_deltaCelsius_BIN=High | workpiece_slice_geometry=180x180,15.0,1.0,1.16,Ephemeral,2020-06-08,2020-06-08,False,2020-06-08,4.0,,,,,,,,,,,,,,,,,
life_track,RUL_BIN=Critical | alloy_speed_meter_minute_BIN=Medium | alloy_type=open | cast_in_row_BIN=High | crystallizer_movementmm_BIN=Low | resistance_tonn_BIN=Low | steel_temperature_grab1Celsius_BIN=High | steel_type=Arm500 | steel_weighttonn_BIN=High | swing_frequency_amount_minute_BIN=High | temperature_measurement1_Celsius_BIN=Low | temperature_measurement2_Celsius_BIN=Low | water_consumption_BIN=High | water_temperature_deltaCelsius_BIN=High | workpiece_slice_geometry=180x180,15.0,1.0,1.16,Ephemeral,2020-06-09,2020-06-09,False,2020-06-09,5.0,,,,,,,,,,,,,,,,,
life_track,RUL_BIN=Healthy | alloy_speed_meter_minute_BIN=High | alloy_type=close | cast_in_row_BIN=Low | crystallizer_movementmm_BIN=Low | num_stream_BIN=Low | resistance_tonn_BIN=Low | steel_temperature_grab1Celsius_BIN=High | steel_type=1010 | steel_weighttonn_BIN=High | swing_frequency_amount_minute_BIN=Medium | temperature_measurement1_Celsius_BIN=Low | temperature_measurement2_Celsius_BIN=Low | water_consumption_BIN=High | workpiece_slice_geometry=150x150,15.0,1.0,1.16,Ephemeral,2020-07-05,2020-07-05,False,2020-07-05,2.0,,,,,,,,,,,,,,,,,
life_track,RUL_BIN=Healthy | alloy_speed_meter_minute_BIN=High | alloy_type=close | cast_in_row_BIN=Low | crystallizer_movementmm_BIN=Low | num_crystallizer_BIN=Medium | resistance_tonn_BIN=Low | steel_temperature_grab1Celsius_BIN=High | steel_type=1010 | steel_weighttonn_BIN=High | swing_frequency_amount_minute_BIN=Medium | temperature_measurement1_Celsius_BIN=Low | temperature_measurement2_Celsius_BIN=Low | water_consumption_BIN=High | workpiece_slice_geometry=150x150,15.0,1.0,1.16,Ephemeral,2020-07-05,2020-07-05,False,2020-07-05,6.0,,,,,,,,,,,,,,,,,
life_track,RUL_BIN=Healthy | alloy_speed_meter_minute_BIN=High | alloy_type=close | cast_in_row_BIN=Low | crystallizer_movementmm_BIN=Low | resistance_tonn_BIN=Low | steel_temperature_grab1Celsius_BIN=High | steel_type=1010 | steel_weighttonn_BIN=High | swing_frequency_amount_minute_BIN=Medium | temperature_measurement1_Celsius_BIN=Low | temperature_measurement2_Celsius_BIN=Low | water_consumption_BIN=High | water_temperature_deltaCelsius_BIN=Low | workpiece_slice_geometry=150x150,15.0,1.0,1.16,Ephemeral,2020-07-05,2020-07-05,False,2020-07-05,5.0,,,,,,,,,,,,,,,,,
life_track,RUL_BIN=Healthy | alloy_speed_meter_minute_BIN=Medium | alloy_type=open | cast_in_row_BIN=Low | crystallizer_movementmm_BIN=Low | resistance_tonn_BIN=Low | steel_temperature_grab1Celsius_BIN=High | steel_type=Arm500 | steel_weighttonn_BIN=Medium | swing_frequency_amount_minute_BIN=High | temperature_measurement1_Celsius_BIN=Low | temperature_measurement2_Celsius_BIN=Low | water_consumption_BIN=High | water_temperature_deltaCelsius_BIN=High | workpiece_slice_geometry=180x180,15.0,1.0,1.16,Ephemeral,2020-07-09,2020-07-09,False,2020-07-09,9.0,,,,,,,,,,,,,,,,,
life_track,alloy_speed_meter_minute_BIN=Medium | alloy_type=open | cast_in_row_BIN=High | crystallizer_movementmm_BIN=Low | num_stream_BIN=Medium | resistance_tonn_BIN=Low | steel_temperature_grab1Celsius_BIN=High | steel_type=Arm500 | steel_weighttonn_BIN=High | swing_frequency_amount_minute_BIN=High | temperature_measurement1_Celsius_BIN=Low | temperature_measurement2_Celsius_BIN=Low | water_consumption_BIN=High | water_temperature_deltaCelsius_BIN=High | workpiece_slice_geometry=180x180,15.0,1.0,1.16,Ephemeral,2020-07-14,2020-07-14,False,2020-07-14,3.0,,,,,,,,,,,,,,,,,
life_track,alloy_speed_meter_minute_BIN=Medium | alloy_type=open | cast_in_row_BIN=High | crystallizer_movementmm_BIN=Low | num_stream_BIN=Low | resistance_tonn_BIN=Low | steel_temperature_grab1Celsius_BIN=High | steel_type=Arm500 | steel_weighttonn_BIN=High | swing_frequency_amount_minute_BIN=High | temperature_measurement1_Celsius_BIN=Low | temperature_measurement2_Celsius_BIN=Low | water_consumption_BIN=High | water_temperature_deltaCelsius_BIN=High | workpiece_slice_geometry=180x180,15.0,1.0,1.16,Ephemeral,2020-07-14,2020-07-14,False,2020-07-14,4.0,,,,,,,,,,,,,,,,,
life_track,alloy_speed_meter_minute_BIN=Medium | alloy_type=open | cast_in_row_BIN=High | crystallizer_movementmm_BIN=Low | num_crystallizer_BIN=Medium | resistance_tonn_BIN=Low | steel_temperature_grab1Celsius_BIN=High | steel_type=Arm500 | steel_weighttonn_BIN=High | swing_frequency_amount_minute_BIN=High | temperature_measurement1_Celsius_BIN=Low | temperature_measurement2_Celsius_BIN=Low | water_consumption_BIN=High | water_temperature_deltaCelsius_BIN=High | workpiece_slice_geometry=180x180,15.0,1.0,1.16,Ephemeral,2020-07-14,2020-07-14,False,2020-07-14,6.0,,,,,,,,,,,,,,,,,
life_track,alloy_speed_meter_minute_BIN=Medium | alloy_type=open | cast_in_row_BIN=High | crystallizer_movementmm_BIN=Low | num_crystallizer_BIN=Low | resistance_tonn_BIN=Low | steel_temperature_grab1Celsius_BIN=High | steel_type=Arm500 | steel_weighttonn_BIN=High | swing_frequency_amount_minute_BIN=High | temperature_measurement1_Celsius_BIN=Low | temperature_measurement2_Celsius_BIN=Low | water_consumption_BIN=High | water_temperature_deltaCelsius_BIN=High | workpiece_slice_geometry=180x180,15.0,1.0,1.16,Ephemeral,2020-07-14,2020-07-14,False,2020-07-14,2.0,,,,,,,,,,,,,,,,,
life_track,RUL_BIN=Medium | alloy_speed_meter_minute_BIN=Medium | alloy_type=open | cast_in_row_BIN=High | crystallizer_movementmm_BIN=Low | resistance_tonn_BIN=Low | steel_temperature_grab1Celsius_BIN=High | steel_type=Arm500 | steel_weighttonn_BIN=High | swing_frequency_amount_minute_BIN=High | temperature_measurement1_Celsius_BIN=Low | temperature_measurement2_Celsius_BIN=Low | water_consumption_BIN=High | water_temperature_deltaCelsius_BIN=High | workpiece_slice_geometry=180x180,15.0,1.0,1.16,Ephemeral,2020-07-14,2020-07-14,False,2020-07-14,5.0,,,,,,,,,,,,,,,,,
life_track,RUL_BIN=Healthy | alloy_speed_meter_minute_BIN=Medium | alloy_type=open | cast_in_row_BIN=High | crystallizer_movementmm_BIN=Low | resistance_tonn_BIN=Low | steel_temperature_grab1Celsius_BIN=High | steel_type=Arm500 | steel_weighttonn_BIN=High | swing_frequency_amount_minute_BIN=High | temperature_measurement1_Celsius_BIN=Low | temperature_measurement2_Celsius_BIN=Low | water_consumption_BIN=High | water_temperature_deltaCelsius_BIN=High | workpiece_slice_geometry=180x180,15.0,1.0,1.16,Ephemeral,2020-07-14,2020-07-14,False,2020-07-14,4.0,,,,,,,,,,,,,,,,,
life_track,alloy_speed_meter_minute_BIN=Medium | alloy_type=open | cast_in_row_BIN=Medium | crystallizer_movementmm_BIN=High | num_stream_BIN=Medium | resistance_tonn_BIN=Low | steel_temperature_grab1Celsius_BIN=High | steel_type=Arm500 | steel_weighttonn_BIN=High | swing_frequency_amount_minute_BIN=High | temperature_measurement1_Celsius_BIN=Low | temperature_measurement2_Celsius_BIN=Low | water_consumption_BIN=High | water_temperature_deltaCelsius_BIN=High | workpiece_slice_geometry=180x180,15.0,1.0,1.16,Ephemeral,2020-07-15,2020-07-15,False,2020-07-15,3.0,,,,,,,,,,,,,,,,,
life_track,alloy_speed_meter_minute_BIN=Medium | alloy_type=open | cast_in_row_BIN=Medium | crystallizer_movementmm_BIN=High | num_crystallizer_BIN=High | resistance_tonn_BIN=Low | steel_temperature_grab1Celsius_BIN=High | steel_type=Arm500 | steel_weighttonn_BIN=High | swing_frequency_amount_minute_BIN=High | temperature_measurement1_Celsius_BIN=Low | temperature_measurement2_Celsius_BIN=Low | water_consumption_BIN=High | water_temperature_deltaCelsius_BIN=High | workpiece_slice_geometry=180x180,15.0,1.0,1.16,Ephemeral,2020-07-15,2020-07-15,False,2020-07-15,2.0,,,,,,,,,,,,,,,,,
life_track,alloy_speed_meter_minute_BIN=Medium | alloy_type=open | cast_in_row_BIN=High | crystallizer_movementmm_BIN=High | num_stream_BIN=Medium | resistance_tonn_BIN=Low | steel_temperature_grab1Celsius_BIN=High | steel_type=Arm500 | steel_weighttonn_BIN=High | swing_frequency_amount_minute_BIN=High | temperature_measurement1_Celsius_BIN=Low | temperature_measurement2_Celsius_BIN=Low | water_consumption_BIN=High | water_temperature_deltaCelsius_BIN=High | workpiece_slice_geometry=180x180,15.0,1.0,1.16,Ephemeral,2020-07-17,2020-07-17,False,2020-07-17,3.0,,,,,,,,,,,,,,,,,
life_track,alloy_speed_meter_minute_BIN=Medium | alloy_type=open | cast_in_row_BIN=High | crystallizer_movementmm_BIN=High | num_crystallizer_BIN=Medium | resistance_tonn_BIN=Low | steel_temperature_grab1Celsius_BIN=High | steel_type=Arm500 | steel_weighttonn_BIN=High | swing_frequency_amount_minute_BIN=High | temperature_measurement1_Celsius_BIN=Low | temperature_measurement2_Celsius_BIN=Low | water_consumption_BIN=High | water_temperature_deltaCelsius_BIN=High | workpiece_slice_geometry=180x180,15.0,1.0,1.16,Ephemeral,2020-07-17,2020-07-17,False,2020-07-17,6.0,,,,,,,,,,,,,,,,,
life_track,alloy_speed_meter_minute_BIN=Medium | alloy_type=open | cast_in_row_BIN=High | crystallizer_movementmm_BIN=High | num_crystallizer_BIN=High | resistance_tonn_BIN=Low | steel_temperature_grab1Celsius_BIN=High | steel_type=Arm500 | steel_weighttonn_BIN=High | swing_frequency_amount_minute_BIN=High | temperature_measurement1_Celsius_BIN=Low | temperature_measurement2_Celsius_BIN=Low | water_consumption_BIN=High | water_temperature_deltaCelsius_BIN=High | workpiece_slice_geometry=180x180,15.0,1.0,1.16,Ephemeral,2020-07-17,2020-07-17,False,2020-07-17,2.0,,,,,,,,,,,,,,,,,
life_track,RUL_BIN=Medium | alloy_speed_meter_minute_BIN=Medium | alloy_type=open | cast_in_row_BIN=High | crystallizer_movementmm_BIN=High | resistance_tonn_BIN=Low | steel_temperature_grab1Celsius_BIN=High | steel_type=Arm500 | steel_weighttonn_BIN=High | swing_frequency_amount_minute_BIN=High | temperature_measurement1_Celsius_BIN=Low | temperature_measurement2_Celsius_BIN=Low | water_consumption_BIN=High | water_temperature_deltaCelsius_BIN=High | workpiece_slice_geometry=180x180,15.0,1.0,1.16,Ephemeral,2020-07-17,2020-07-17,False,2020-07-17,7.0,,,,,,,,,,,,,,,,,
life_track,RUL_BIN=Low | alloy_speed_meter_minute_BIN=Medium | alloy_type=open | cast_in_row_BIN=Medium | crystallizer_movementmm_BIN=High | resistance_tonn_BIN=Low | steel_temperature_grab1Celsius_BIN=High | steel_type=Arm500 | steel_weighttonn_BIN=High | swing_frequency_amount_minute_BIN=High | temperature_measurement1_Celsius_BIN=Low | temperature_measurement2_Celsius_BIN=Low | water_consumption_BIN=High | water_temperature_deltaCelsius_BIN=High | workpiece_slice_geometry=180x180,15.0,1.0,1.16,Ephemeral,2020-07-19,2020-07-19,False,2020-07-19,5.0,,,,,,,,,,,,,,,,,
life_track,alloy_speed_meter_minute_BIN=Medium | alloy_type=open | cast_in_row_BIN=Medium | crystallizer_movementmm_BIN=High | num_stream_BIN=Medium | resistance_tonn_BIN=Low | steel_temperature_grab1Celsius_BIN=High | steel_type=Arm500 | steel_weighttonn_BIN=Medium | swing_frequency_amount_minute_BIN=High | temperature_measurement1_Celsius_BIN=Low | temperature_measurement2_Celsius_BIN=Low | water_consumption_BIN=High | water_temperature_deltaCelsius_BIN=High | workpiece_slice_geometry=180x180,15.0,1.0,1.16,Ephemeral,2020-07-23,2020-07-23,False,2020-07-23,3.0,,,,,,,,,,,,,,,,,
life_track,alloy_speed_meter_minute_BIN=Medium | alloy_type=open | cast_in_row_BIN=Medium | crystallizer_movementmm_BIN=High | num_stream_BIN=High | resistance_tonn_BIN=Low | steel_temperature_grab1Celsius_BIN=High | steel_type=Arm500 | steel_weighttonn_BIN=Medium | swing_frequency_amount_minute_BIN=High | temperature_measurement1_Celsius_BIN=Low | temperature_measurement2_Celsius_BIN=Low | water_consumption_BIN=High | water_temperature_deltaCelsius_BIN=High | workpiece_slice_geometry=180x180,15.0,1.0,1.16,Ephemeral,2020-07-23,2020-07-23,False,2020-07-23,4.0,,,,,,,,,,,,,,,,,
life_track,alloy_speed_meter_minute_BIN=Medium | alloy_type=open | cast_in_row_BIN=Medium | crystallizer_movementmm_BIN=High | num_crystallizer_BIN=High | resistance_tonn_BIN=Low | steel_temperature_grab1Celsius_BIN=High | steel_type=Arm500 | steel_weighttonn_BIN=Medium | swing_frequency_amount_minute_BIN=High | temperature_measurement1_Celsius_BIN=Low | temperature_measurement2_Celsius_BIN=Low | water_consumption_BIN=High | water_temperature_deltaCelsius_BIN=High | workpiece_slice_geometry=180x180,15.0,1.0,1.16,Ephemeral,2020-07-23,2020-07-23,False,2020-07-23,2.0,,,,,,,,,,,,,,,,,
life_track,alloy_speed_meter_minute_BIN=Medium | alloy_type=open | cast_in_row_BIN=Medium | crystallizer_movementmm_BIN=High | num_stream_BIN=Low | resistance_tonn_BIN=Low | steel_temperature_grab1Celsius_BIN=High | steel_type=Arm500 | steel_weighttonn_BIN=Medium | swing_frequency_amount_minute_BIN=High | temperature_measurement1_Celsius_BIN=Low | temperature_measurement2_Celsius_BIN=Low | water_consumption_BIN=High | water_temperature_deltaCelsius_BIN=High | workpiece_slice_geometry=180x180,15.0,1.0,1.16,Ephemeral,2020-07-25,2020-07-25,False,2020-07-25,2.0,,,,,,,,,,,,,,,,,
life_track,alloy_speed_meter_minute_BIN=Medium | alloy_type=open | cast_in_row_BIN=Medium | crystallizer_movementmm_BIN=High | num_crystallizer_BIN=Low | resistance_tonn_BIN=Low | steel_temperature_grab1Celsius_BIN=High | steel_type=Arm500 | steel_weighttonn_BIN=Medium | swing_frequency_amount_minute_BIN=High | temperature_measurement1_Celsius_BIN=Low | temperature_measurement2_Celsius_BIN=Low | water_consumption_BIN=High | water_temperature_deltaCelsius_BIN=High | workpiece_slice_geometry=180x180,15.0,1.0,1.16,Ephemeral,2020-07-25,2020-07-25,False,2020-07-25,2.0,,,,,,,,,,,,,,,,,
life_track,RUL_BIN=Critical | alloy_speed_meter_minute_BIN=Medium | alloy_type=open | cast_in_row_BIN=Medium | crystallizer_movementmm_BIN=High | resistance_tonn_BIN=Low | steel_temperature_grab1Celsius_BIN=High | steel_type=Arm500 | steel_weighttonn_BIN=Medium | swing_frequency_amount_minute_BIN=High | temperature_measurement1_Celsius_BIN=Low | temperature_measurement2_Celsius_BIN=Low | water_consumption_BIN=High | water_temperature_deltaCelsius_BIN=High | workpiece_slice_geometry=180x180,15.0,1.0,1.16,Ephemeral,2020-07-25,2020-07-25,False,2020-07-25,3.0,,,,,,,,,,,,,,,,,
life_track,alloy_speed_meter_minute_BIN=Medium | alloy_type=open | cast_in_row_BIN=Low | crystallizer_movementmm_BIN=High | num_stream_BIN=Low | resistance_tonn_BIN=Low | steel_temperature_grab1Celsius_BIN=High | steel_type=Arm500 | steel_weighttonn_BIN=High | swing_frequency_amount_minute_BIN=High | temperature_measurement1_Celsius_BIN=Low | temperature_measurement2_Celsius_BIN=Low | water_consumption_BIN=High | water_temperature_deltaCelsius_BIN=High | workpiece_slice_geometry=180x180,15.0,1.0,1.16,Ephemeral,2020-07-27,2020-07-27,False,2020-07-27,2.0,,,,,,,,,,,,,,,,,
life_track,alloy_speed_meter_minute_BIN=Medium | alloy_type=open | cast_in_row_BIN=Low | crystallizer_movementmm_BIN=High | num_stream_BIN=High | resistance_tonn_BIN=Low | steel_temperature_grab1Celsius_BIN=High | steel_type=Arm500 | steel_weighttonn_BIN=High | swing_frequency_amount_minute_BIN=High | temperature_measurement1_Celsius_BIN=Low | temperature_measurement2_Celsius_BIN=Low | water_consumption_BIN=High | water_temperature_deltaCelsius_BIN=High | workpiece_slice_geometry=180x180,15.0,1.0,1.16,Ephemeral,2020-07-27,2020-07-27,False,2020-07-27,2.0,,,,,,,,,,,,,,,,,
life_track,RUL_BIN=Healthy | alloy_speed_meter_minute_BIN=Medium | alloy_type=open | crystallizer_movementmm_BIN=High | num_stream_BIN=High | resistance_tonn_BIN=Low | steel_temperature_grab1Celsius_BIN=High | steel_type=Arm500 | steel_weighttonn_BIN=High | swing_frequency_amount_minute_BIN=High | temperature_measurement1_Celsius_BIN=Low | temperature_measurement2_Celsius_BIN=Low | water_consumption_BIN=High | water_temperature_deltaCelsius_BIN=High | workpiece_slice_geometry=180x180,15.0,1.0,1.16,Ephemeral,2020-07-27,2020-07-27,False,2020-07-27,2.0,,,,,,,,,,,,,,,,,
life_track,RUL_BIN=Critical | alloy_speed_meter_minute_BIN=Medium | alloy_type=open | cast_in_row_BIN=Medium | crystallizer_movementmm_BIN=High | resistance_tonn_BIN=Low | steel_temperature_grab1Celsius_BIN=High | steel_type=Arm500 | steel_weighttonn_BIN=High | swing_frequency_amount_minute_BIN=High | temperature_measurement1_Celsius_BIN=Low | temperature_measurement2_Celsius_BIN=Low | water_consumption_BIN=High | water_temperature_deltaCelsius_BIN=High | workpiece_slice_geometry=180x180,15.0,1.0,1.16,Ephemeral,2020-07-29,2020-07-29,False,2020-07-29,4.0,,,,,,,,,,,,,,,,,
life_track,alloy_speed_meter_minute_BIN=Medium | alloy_type=open | cast_in_row_BIN=Low | crystallizer_movementmm_BIN=Low | num_stream_BIN=Low | resistance_tonn_BIN=Low | steel_temperature_grab1Celsius_BIN=High | steel_type=Arm500 | steel_weighttonn_BIN=Medium | swing_frequency_amount_minute_BIN=High | temperature_measurement1_Celsius_BIN=Low | temperature_measurement2_Celsius_BIN=Low | water_consumption_BIN=High | water_temperature_deltaCelsius_BIN=High | workpiece_slice_geometry=180x180,15.0,1.0,1.16,Ephemeral,2020-07-31,2020-07-31,False,2020-07-31,4.0,,,,,,,,,,,,,,,,,
life_track,alloy_speed_meter_minute_BIN=Medium | alloy_type=open | cast_in_row_BIN=Low | crystallizer_movementmm_BIN=Low | num_stream_BIN=High | resistance_tonn_BIN=Low | steel_temperature_grab1Celsius_BIN=High | steel_type=Arm500 | steel_weighttonn_BIN=Medium | swing_frequency_amount_minute_BIN=High | temperature_measurement1_Celsius_BIN=Low | temperature_measurement2_Celsius_BIN=Low | water_consumption_BIN=High | water_temperature_deltaCelsius_BIN=High | workpiece_slice_geometry=180x180,15.0,1.0,1.16,Ephemeral,2020-07-31,2020-07-31,False,2020-07-31,3.0,,,,,,,,,,,,,,,,,
life_track,alloy_speed_meter_minute_BIN=Medium | alloy_type=open | cast_in_row_BIN=Low | crystallizer_movementmm_BIN=Low | num_crystallizer_BIN=Medium | resistance_tonn_BIN=Low | steel_temperature_grab1Celsius_BIN=High | steel_type=Arm500 | steel_weighttonn_BIN=Medium | swing_frequency_amount_minute_BIN=High | temperature_measurement1_Celsius_BIN=Low | temperature_measurement2_Celsius_BIN=Low | water_consumption_BIN=High | water_temperature_deltaCelsius_BIN=High | workpiece_slice_geometry=180x180,15.0,1.0,1.16,Ephemeral,2020-07-31,2020-07-31,False,2020-07-31,5.0,,,,,,,,,,,,,,,,,
life_track,RUL_BIN=Critical | alloy_speed_meter_minute_BIN=Medium | alloy_type=open | num_crystallizer_BIN=Medium | num_stream_BIN=Medium | resistance_tonn_BIN=Low | steel_temperature_grab1Celsius_BIN=High | steel_type=Arm500 | steel_weighttonn_BIN=Medium | swing_frequency_amount_minute_BIN=High | temperature_measurement1_Celsius_BIN=Low | temperature_measurement2_Celsius_BIN=Low | water_consumption_BIN=High | water_temperature_deltaCelsius_BIN=High | workpiece_slice_geometry=180x180,15.0,1.0,1.16,Ephemeral,2020-07-31,2020-07-31,False,2020-07-31,2.0,,,,,,,,,,,,,,,,,
life_track,alloy_speed_meter_minute_BIN=High | alloy_type=open | cast_in_row_BIN=Low | crystallizer_movementmm_BIN=Medium | num_stream_BIN=Low | resistance_tonn_BIN=Low | steel_temperature_grab1Celsius_BIN=High | steel_type=St4sp | steel_weighttonn_BIN=High | swing_frequency_amount_minute_BIN=Low | temperature_measurement1_Celsius_BIN=Low | temperature_measurement2_Celsius_BIN=Low | water_consumption_BIN=High | water_temperature_deltaCelsius_BIN=High | workpiece_slice_geometry=150x150,15.0,1.0,1.16,Ephemeral,2020-08-05,2020-08-05,False,2020-08-05,3.0,,,,,,,,,,,,,,,,,
life_track,alloy_speed_meter_minute_BIN=High | alloy_type=open | cast_in_row_BIN=Low | crystallizer_movementmm_BIN=Medium | num_crystallizer_BIN=Medium | resistance_tonn_BIN=Low | steel_temperature_grab1Celsius_BIN=High | steel_type=St4sp | steel_weighttonn_BIN=High | swing_frequency_amount_minute_BIN=Low | temperature_measurement1_Celsius_BIN=Low | temperature_measurement2_Celsius_BIN=Low | water_consumption_BIN=High | water_temperature_deltaCelsius_BIN=High | workpiece_slice_geometry=150x150,15.0,1.0,1.16,Ephemeral,2020-08-05,2020-08-05,False,2020-08-05,3.0,,,,,,,,,,,,,,,,,
life_track,RUL_BIN=Medium | alloy_speed_meter_minute_BIN=High | alloy_type=open | cast_in_row_BIN=Low | crystallizer_movementmm_BIN=Medium | resistance_tonn_BIN=Low | steel_temperature_grab1Celsius_BIN=High | steel_type=St4sp | steel_weighttonn_BIN=High | swing_frequency_amount_minute_BIN=Low | temperature_measurement1_Celsius_BIN=Low | temperature_measurement2_Celsius_BIN=Low | water_consumption_BIN=High | water_temperature_deltaCelsius_BIN=High | workpiece_slice_geometry=150x150,15.0,1.0,1.16,Ephemeral,2020-08-05,2020-08-05,False,2020-08-05,2.0,,,,,,,,,,,,,,,,,
life_track,RUL_BIN=Healthy | alloy_speed_meter_minute_BIN=High | alloy_type=open | cast_in_row_BIN=Low | crystallizer_movementmm_BIN=Medium | resistance_tonn_BIN=Low | steel_temperature_grab1Celsius_BIN=High | steel_type=St4sp | steel_weighttonn_BIN=High | swing_frequency_amount_minute_BIN=Low | temperature_measurement1_Celsius_BIN=Low | temperature_measurement2_Celsius_BIN=Low | water_consumption_BIN=High | water_temperature_deltaCelsius_BIN=High | workpiece_slice_geometry=150x150,15.0,1.0,1.16,Ephemeral,2020-08-05,2020-08-05,False,2020-08-05,3.0,,,,,,,,,,,,,,,,,
life_track,alloy_speed_meter_minute_BIN=Medium | alloy_type=open | cast_in_row_BIN=Low | crystallizer_movementmm_BIN=Low | num_stream_BIN=Low | resistance_tonn_BIN=Low | steel_temperature_grab1Celsius_BIN=High | steel_type=25G2S | steel_weighttonn_BIN=High | swing_frequency_amount_minute_BIN=High | temperature_measurement1_Celsius_BIN=Low | temperature_measurement2_Celsius_BIN=Low | water_consumption_BIN=High | water_temperature_deltaCelsius_BIN=High | workpiece_slice_geometry=180x180,15.0,1.0,1.16,Ephemeral,2020-08-07,2020-08-07,False,2020-08-07,3.0,,,,,,,,,,,,,,,,,
life_track,alloy_speed_meter_minute_BIN=Medium | alloy_type=open | cast_in_row_BIN=Low | crystallizer_movementmm_BIN=Low | num_stream_BIN=High | resistance_tonn_BIN=Low | steel_temperature_grab1Celsius_BIN=High | steel_type=25G2S | steel_weighttonn_BIN=High | swing_frequency_amount_minute_BIN=High | temperature_measurement1_Celsius_BIN=Low | temperature_measurement2_Celsius_BIN=Low | water_consumption_BIN=High | water_temperature_deltaCelsius_BIN=High | workpiece_slice_geometry=180x180,15.0,1.0,1.16,Ephemeral,2020-08-07,2020-08-07,False,2020-08-07,2.0,,,,,,,,,,,,,,,,,
life_track,alloy_speed_meter_minute_BIN=Medium | alloy_type=open | cast_in_row_BIN=Low | crystallizer_movementmm_BIN=Low | num_crystallizer_BIN=Medium | resistance_tonn_BIN=Low | steel_temperature_grab1Celsius_BIN=High | steel_type=25G2S | steel_weighttonn_BIN=High | swing_frequency_amount_minute_BIN=High | temperature_measurement1_Celsius_BIN=Low | temperature_measurement2_Celsius_BIN=Low | water_consumption_BIN=High | water_temperature_deltaCelsius_BIN=High | workpiece_slice_geometry=180x180,15.0,1.0,1.16,Ephemeral,2020-08-07,2020-08-07,False,2020-08-07,3.0,,,,,,,,,,,,,,,,,
life_track,alloy_speed_meter_minute_BIN=Medium | alloy_type=open | cast_in_row_BIN=Low | crystallizer_movementmm_BIN=Low | num_crystallizer_BIN=High | resistance_tonn_BIN=Low | steel_temperature_grab1Celsius_BIN=High | steel_type=25G2S | steel_weighttonn_BIN=High | swing_frequency_amount_minute_BIN=High | temperature_measurement1_Celsius_BIN=Low | temperature_measurement2_Celsius_BIN=Low | water_consumption_BIN=High | water_temperature_deltaCelsius_BIN=High | workpiece_slice_geometry=180x180,15.0,1.0,1.16,Ephemeral,2020-08-07,2020-08-07,False,2020-08-07,2.0,,,,,,,,,,,,,,,,,
life_track,RUL_BIN=Low | alloy_speed_meter_minute_BIN=Medium | alloy_type=open | cast_in_row_BIN=Low | crystallizer_movementmm_BIN=Low | resistance_tonn_BIN=Low | steel_temperature_grab1Celsius_BIN=High | steel_type=25G2S | steel_weighttonn_BIN=High | swing_frequency_amount_minute_BIN=High | temperature_measurement1_Celsius_BIN=Low | temperature_measurement2_Celsius_BIN=Low | water_consumption_BIN=High | water_temperature_deltaCelsius_BIN=High | workpiece_slice_geometry=180x180,15.0,1.0,1.16,Ephemeral,2020-08-07,2020-08-07,False,2020-08-07,2.0,,,,,,,,,,,,,,,,,
life_track,RUL_BIN=Healthy | alloy_speed_meter_minute_BIN=Medium | alloy_type=open | cast_in_row_BIN=Low | crystallizer_movementmm_BIN=Low | resistance_tonn_BIN=Low | steel_temperature_grab1Celsius_BIN=High | steel_type=25G2S | steel_weighttonn_BIN=High | swing_frequency_amount_minute_BIN=High | temperature_measurement1_Celsius_BIN=Low | temperature_measurement2_Celsius_BIN=Low | water_consumption_BIN=High | water_temperature_deltaCelsius_BIN=High | workpiece_slice_geometry=180x180,15.0,1.0,1.16,Ephemeral,2020-08-07,2020-08-07,False,2020-08-07,3.0,,,,,,,,,,,,,,,,,
life_track,RUL_BIN=Critical | alloy_speed_meter_minute_BIN=Medium | alloy_type=open | cast_in_row_BIN=Low | crystallizer_movementmm_BIN=Low | resistance_tonn_BIN=Low | steel_temperature_grab1Celsius_BIN=High | steel_type=25G2S | steel_weighttonn_BIN=High | swing_frequency_amount_minute_BIN=High | temperature_measurement1_Celsius_BIN=Low | temperature_measurement2_Celsius_BIN=Low | water_consumption_BIN=High | water_temperature_deltaCelsius_BIN=High | workpiece_slice_geometry=180x180,15.0,1.0,1.16,Ephemeral,2020-08-07,2020-08-07,False,2020-08-07,2.0,,,,,,,,,,,,,,,,,
life_track,RUL_BIN=Low | alloy_speed_meter_minute_BIN=Medium | alloy_type=open | crystallizer_movementmm_BIN=Low | num_stream_BIN=Medium | resistance_tonn_BIN=Low | steel_temperature_grab1Celsius_BIN=High | steel_type=Arm500 | steel_weighttonn_BIN=High | swing_frequency_amount_minute_BIN=High | temperature_measurement1_Celsius_BIN=Low | temperature_measurement2_Celsius_BIN=Low | water_consumption_BIN=High | water_temperature_deltaCelsius_BIN=High | workpiece_slice_geometry=180x180,15.0,1.0,1.16,Ephemeral,2020-08-22,2020-08-22,False,2020-08-22,2.0,,,,,,,,,,,,,,,,,
life_track,RUL_BIN=Low | alloy_speed_meter_minute_BIN=Medium | alloy_type=open | cast_in_row_BIN=Low | crystallizer_movementmm_BIN=Low | num_crystallizer_BIN=Medium | resistance_tonn_BIN=Low | steel_temperature_grab1Celsius_BIN=High | steel_type=Arm500 | swing_frequency_amount_minute_BIN=High | temperature_measurement1_Celsius_BIN=Low | temperature_measurement2_Celsius_BIN=Low | water_consumption_BIN=High | water_temperature_deltaCelsius_BIN=High | workpiece_slice_geometry=180x180,15.0,1.0,1.16,Ephemeral,2020-08-24,2020-08-24,False,2020-08-24,2.0,,,,,,,,,,,,,,,,,
life_track,RUL_BIN=Low | alloy_speed_meter_minute_BIN=Medium | alloy_type=open | cast_in_row_BIN=Low | num_crystallizer_BIN=High | resistance_tonn_BIN=Low | steel_temperature_grab1Celsius_BIN=High | steel_type=Arm500 | steel_weighttonn_BIN=High | swing_frequency_amount_minute_BIN=High | temperature_measurement1_Celsius_BIN=Low | temperature_measurement2_Celsius_BIN=Low | water_consumption_BIN=High | water_temperature_deltaCelsius_BIN=High | workpiece_slice_geometry=180x180,15.0,1.0,1.16,Ephemeral,2020-08-24,2020-08-24,False,2020-08-24,2.0,,,,,,,,,,,,,,,,,
life_track,alloy_speed_meter_minute_BIN=High | alloy_type=open | cast_in_row_BIN=Low | crystallizer_movementmm_BIN=Medium | num_crystallizer_BIN=Low | num_stream_BIN=Low | resistance_tonn_BIN=Low | steel_temperature_grab1Celsius_BIN=High | steel_type=St3sp | steel_weighttonn_BIN=High | swing_frequency_amount_minute_BIN=Medium | temperature_measurement1_Celsius_BIN=Low | temperature_measurement2_Celsius_BIN=Low | water_consumption_BIN=High | water_temperature_deltaCelsius_BIN=High | workpiece_slice_geometry=150x150,16.0,1.0,1.16,Ephemeral,2020-01-05,2020-01-05,False,2020-01-05,2.0,,,,,,,,,,,,,,,,,
life_track,RUL_BIN=Healthy | alloy_speed_meter_minute_BIN=Medium | alloy_type=open | cast_in_row_BIN=Low | crystallizer_movementmm_BIN=High | num_crystallizer_BIN=Medium | resistance_tonn_BIN=Low | steel_temperature_grab1Celsius_BIN=High | steel_type=Arm500 | steel_weighttonn_BIN=Medium | swing_frequency_amount_minute_BIN=Medium | temperature_measurement1_Celsius_BIN=Low | temperature_measurement2_Celsius_BIN=Low | water_consumption_BIN=High | water_temperature_deltaCelsius_BIN=High | workpiece_slice_geometry=180x180,16.0,1.0,1.16,Ephemeral,2020-01-06,2020-01-06,False,2020-01-06,4.0,,,,,,,,,,,,,,,,,
life_track,RUL_BIN=Healthy | alloy_speed_meter_minute_BIN=Medium | alloy_type=open | cast_in_row_BIN=Low | crystallizer_movementmm_BIN=High | num_crystallizer_BIN=Medium | resistance_tonn_BIN=Low | steel_temperature_grab1Celsius_BIN=High | steel_type=Arm500 | steel_weighttonn_BIN=High | swing_frequency_amount_minute_BIN=High | temperature_measurement1_Celsius_BIN=Low | temperature_measurement2_Celsius_BIN=Low | water_consumption_BIN=High | water_temperature_deltaCelsius_BIN=High | workpiece_slice_geometry=180x180,16.0,1.0,1.16,Ephemeral,2020-01-07,2020-01-07,False,2020-01-07,4.0,,,,,,,,,,,,,,,,,
life_track,RUL_BIN=Critical | alloy_speed_meter_minute_BIN=Medium | alloy_type=open | cast_in_row_BIN=Medium | crystallizer_movementmm_BIN=Low | num_crystallizer_BIN=Medium | num_stream_BIN=Medium | resistance_tonn_BIN=Low | steel_temperature_grab1Celsius_BIN=High | steel_type=Arm500 | swing_frequency_amount_minute_BIN=High | temperature_measurement1_Celsius_BIN=Low | temperature_measurement2_Celsius_BIN=Low | water_consumption_BIN=High | water_temperature_deltaCelsius_BIN=High | workpiece_slice_geometry=180x180,16.0,1.0,1.16,Ephemeral,2020-01-10,2020-01-10,False,2020-01-10,2.0,,,,,,,,,,,,,,,,,
life_track,RUL_BIN=Critical | alloy_speed_meter_minute_BIN=Medium | alloy_type=open | cast_in_row_BIN=Medium | crystallizer_movementmm_BIN=Low | num_stream_BIN=High | resistance_tonn_BIN=Low | steel_temperature_grab1Celsius_BIN=High | steel_type=Arm500 | steel_weighttonn_BIN=Medium | swing_frequency_amount_minute_BIN=High | temperature_measurement1_Celsius_BIN=Low | temperature_measurement2_Celsius_BIN=Low | water_consumption_BIN=High | water_temperature_deltaCelsius_BIN=High | workpiece_slice_geometry=180x180,16.0,1.0,1.16,Ephemeral,2020-01-10,2020-01-10,False,2020-01-10,4.0,,,,,,,,,,,,,,,,,
life_track,RUL_BIN=Critical | alloy_speed_meter_minute_BIN=Medium | alloy_type=open | cast_in_row_BIN=Medium | crystallizer_movementmm_BIN=Low | num_crystallizer_BIN=Medium | resistance_tonn_BIN=Low | steel_temperature_grab1Celsius_BIN=High | steel_type=Arm500 | steel_weighttonn_BIN=Medium | swing_frequency_amount_minute_BIN=High | temperature_measurement1_Celsius_BIN=Low | temperature_measurement2_Celsius_BIN=Low | water_consumption_BIN=High | water_temperature_deltaCelsius_BIN=High | workpiece_slice_geometry=180x180,16.0,1.0,1.16,Ephemeral,2020-01-10,2020-01-10,False,2020-01-10,5.0,,,,,,,,,,,,,,,,,
life_track,alloy_speed_meter_minute_BIN=Medium | alloy_type=open | cast_in_row_BIN=Low | crystallizer_movementmm_BIN=Low | num_crystallizer_BIN=High | num_stream_BIN=Medium | resistance_tonn_BIN=Low | steel_temperature_grab1Celsius_BIN=High | steel_type=Arm500 | steel_weighttonn_BIN=High | swing_frequency_amount_minute_BIN=High | temperature_measurement1_Celsius_BIN=Low | temperature_measurement2_Celsius_BIN=Low | water_consumption_BIN=High | water_temperature_deltaCelsius_BIN=High | workpiece_slice_geometry=180x180,16.0,1.0,1.16,Ephemeral,2020-02-07,2020-02-07,False,2020-02-07,2.0,,,,,,,,,,,,,,,,,
life_track,alloy_speed_meter_minute_BIN=Medium | alloy_type=open | cast_in_row_BIN=Low | crystallizer_movementmm_BIN=Low | num_crystallizer_BIN=High | num_stream_BIN=Low | resistance_tonn_BIN=Low | steel_temperature_grab1Celsius_BIN=High | steel_type=Arm500 | steel_weighttonn_BIN=High | swing_frequency_amount_minute_BIN=High | temperature_measurement1_Celsius_BIN=Low | temperature_measurement2_Celsius_BIN=Low | water_consumption_BIN=High | water_temperature_deltaCelsius_BIN=High | workpiece_slice_geometry=180x180,16.0,1.0,1.16,Ephemeral,2020-02-07,2020-02-07,False,2020-02-07,2.0,,,,,,,,,,,,,,,,,
life_track,RUL_BIN=Healthy | alloy_speed_meter_minute_BIN=Medium | alloy_type=open | cast_in_row_BIN=Low | crystallizer_movementmm_BIN=Low | num_stream_BIN=Low | resistance_tonn_BIN=Low | steel_temperature_grab1Celsius_BIN=High | steel_type=Arm500 | steel_weighttonn_BIN=High | swing_frequency_amount_minute_BIN=High | temperature_measurement1_Celsius_BIN=Low | temperature_measurement2_Celsius_BIN=Low | water_consumption_BIN=High | water_temperature_deltaCelsius_BIN=High | workpiece_slice_geometry=180x180,16.0,1.0,1.16,Ephemeral,2020-02-07,2020-02-07,False,2020-02-07,2.0,,,,,,,,,,,,,,,,,
life_track,RUL_BIN=Healthy | alloy_speed_meter_minute_BIN=Medium | alloy_type=open | cast_in_row_BIN=Medium | crystallizer_movementmm_BIN=Low | num_stream_BIN=Low | resistance_tonn_BIN=Low | steel_temperature_grab1Celsius_BIN=High | steel_type=Arm500 | steel_weighttonn_BIN=Medium | swing_frequency_amount_minute_BIN=High | temperature_measurement1_Celsius_BIN=Low | temperature_measurement2_Celsius_BIN=Low | water_consumption_BIN=High | water_temperature_deltaCelsius_BIN=High | workpiece_slice_geometry=180x180,16.0,1.0,1.16,Ephemeral,2020-02-08,2020-02-08,False,2020-02-08,2.0,,,,,,,,,,,,,,,,,
life_track,RUL_BIN=Healthy | alloy_speed_meter_minute_BIN=Medium | alloy_type=open | cast_in_row_BIN=Medium | crystallizer_movementmm_BIN=Low | num_crystallizer_BIN=High | resistance_tonn_BIN=Low | steel_temperature_grab1Celsius_BIN=High | steel_type=Arm500 | steel_weighttonn_BIN=Medium | swing_frequency_amount_minute_BIN=High | temperature_measurement1_Celsius_BIN=Low | temperature_measurement2_Celsius_BIN=Low | water_consumption_BIN=High | water_temperature_deltaCelsius_BIN=High | workpiece_slice_geometry=180x180,16.0,1.0,1.16,Ephemeral,2020-02-08,2020-02-08,False,2020-02-08,2.0,,,,,,,,,,,,,,,,,
life_track,RUL_BIN=Medium | alloy_speed_meter_minute_BIN=Medium | alloy_type=open | cast_in_row_BIN=Medium | crystallizer_movementmm_BIN=Low | num_stream_BIN=Low | resistance_tonn_BIN=Low | steel_temperature_grab1Celsius_BIN=High | steel_type=Arm500 | steel_weighttonn_BIN=High | swing_frequency_amount_minute_BIN=High | temperature_measurement1_Celsius_BIN=Low | temperature_measurement2_Celsius_BIN=Low | water_consumption_BIN=High | water_temperature_deltaCelsius_BIN=High | workpiece_slice_geometry=180x180,16.0,1.0,1.16,Ephemeral,2020-02-09,2020-02-09,False,2020-02-09,2.0,,,,,,,,,,,,,,,,,
life_track,RUL_BIN=Medium | alloy_speed_meter_minute_BIN=Medium | alloy_type=open | cast_in_row_BIN=Medium | crystallizer_movementmm_BIN=Low | num_crystallizer_BIN=High | resistance_tonn_BIN=Low | steel_temperature_grab1Celsius_BIN=High | steel_type=Arm500 | steel_weighttonn_BIN=High | swing_frequency_amount_minute_BIN=High | temperature_measurement1_Celsius_BIN=Low | temperature_measurement2_Celsius_BIN=Low | water_consumption_BIN=High | water_temperature_deltaCelsius_BIN=High | workpiece_slice_geometry=180x180,16.0,1.0,1.16,Ephemeral,2020-02-09,2020-02-09,False,2020-02-09,2.0,,,,,,,,,,,,,,,,,
life_track,RUL_BIN=Medium | alloy_speed_meter_minute_BIN=Medium | alloy_type=open | cast_in_row_BIN=Low | crystallizer_movementmm_BIN=Low | num_stream_BIN=Low | resistance_tonn_BIN=Low | steel_temperature_grab1Celsius_BIN=High | steel_type=Arm500 | steel_weighttonn_BIN=Medium | swing_frequency_amount_minute_BIN=High | temperature_measurement1_Celsius_BIN=Low | temperature_measurement2_Celsius_BIN=Low | water_consumption_BIN=High | water_temperature_deltaCelsius_BIN=High | workpiece_slice_geometry=180x180,16.0,1.0,1.16,Ephemeral,2020-02-10,2020-02-10,False,2020-02-10,2.0,,,,,,,,,,,,,,,,,
life_track,RUL_BIN=Critical | alloy_speed_meter_minute_BIN=Medium | alloy_type=open | cast_in_row_BIN=Low | crystallizer_movementmm_BIN=Low | num_stream_BIN=Medium | resistance_tonn_BIN=Low | steel_temperature_grab1Celsius_BIN=High | steel_type=Arm500 | steel_weighttonn_BIN=Medium | swing_frequency_amount_minute_BIN=High | temperature_measurement1_Celsius_BIN=Low | temperature_measurement2_Celsius_BIN=Low | water_consumption_BIN=High | water_temperature_deltaCelsius_BIN=High | workpiece_slice_geometry=180x180,16.0,1.0,1.16,Ephemeral,2020-02-10,2020-02-10,False,2020-02-10,2.0,,,,,,,,,,,,,,,,,
life_track,RUL_BIN=Critical | alloy_speed_meter_minute_BIN=Medium | alloy_type=open | cast_in_row_BIN=Low | crystallizer_movementmm_BIN=Low | num_crystallizer_BIN=Low | resistance_tonn_BIN=Low | steel_temperature_grab1Celsius_BIN=High | steel_type=Arm500 | steel_weighttonn_BIN=Medium | swing_frequency_amount_minute_BIN=High | temperature_measurement1_Celsius_BIN=Low | temperature_measurement2_Celsius_BIN=Low | water_consumption_BIN=High | water_temperature_deltaCelsius_BIN=High | workpiece_slice_geometry=180x180,16.0,1.0,1.16,Ephemeral,2020-02-10,2020-02-10,False,2020-02-10,3.0,,,,,,,,,,,,,,,,,
life_track,alloy_speed_meter_minute_BIN=Medium | alloy_type=open | cast_in_row_BIN=Low | crystallizer_movementmm_BIN=Low | num_crystallizer_BIN=Low | num_stream_BIN=Medium | resistance_tonn_BIN=Low | steel_temperature_grab1Celsius_BIN=High | steel_type=Arm500 | steel_weighttonn_BIN=High | swing_frequency_amount_minute_BIN=Medium | temperature_measurement1_Celsius_BIN=Low | temperature_measurement2_Celsius_BIN=Low | water_consumption_BIN=High | water_temperature_deltaCelsius_BIN=High | workpiece_slice_geometry=180x180,16.0,1.0,1.16,Ephemeral,2020-03-05,2020-03-05,False,2020-03-05,2.0,,,,,,,,,,,,,,,,,
life_track,RUL_BIN=Medium | alloy_speed_meter_minute_BIN=Medium | alloy_type=open | cast_in_row_BIN=Low | crystallizer_movementmm_BIN=High | num_stream_BIN=High | resistance_tonn_BIN=Low | steel_temperature_grab1Celsius_BIN=High | steel_type=Arm500 | steel_weighttonn_BIN=High | swing_frequency_amount_minute_BIN=High | temperature_measurement1_Celsius_BIN=Low | temperature_measurement2_Celsius_BIN=Low | water_consumption_BIN=High | water_temperature_deltaCelsius_BIN=High | workpiece_slice_geometry=180x180,16.0,1.0,1.16,Ephemeral,2020-03-07,2020-03-07,False,2020-03-07,2.0,,,,,,,,,,,,,,,,,
life_track,RUL_BIN=Low | alloy_speed_meter_minute_BIN=Medium | alloy_type=open | cast_in_row_BIN=Low | crystallizer_movementmm_BIN=High | num_stream_BIN=Medium | resistance_tonn_BIN=Low | steel_temperature_grab1Celsius_BIN=High | steel_type=Arm500 | steel_weighttonn_BIN=High | swing_frequency_amount_minute_BIN=High | temperature_measurement1_Celsius_BIN=Low | temperature_measurement2_Celsius_BIN=Low | water_consumption_BIN=High | water_temperature_deltaCelsius_BIN=High | workpiece_slice_geometry=180x180,16.0,1.0,1.16,Ephemeral,2020-03-07,2020-03-07,False,2020-03-07,2.0,,,,,,,,,,,,,,,,,
life_track,RUL_BIN=Low | alloy_speed_meter_minute_BIN=Medium | alloy_type=open | cast_in_row_BIN=Low | crystallizer_movementmm_BIN=High | num_stream_BIN=Low | resistance_tonn_BIN=Low | steel_temperature_grab1Celsius_BIN=High | steel_type=Arm500 | steel_weighttonn_BIN=High | swing_frequency_amount_minute_BIN=High | temperature_measurement1_Celsius_BIN=Low | temperature_measurement2_Celsius_BIN=Low | water_consumption_BIN=High | water_temperature_deltaCelsius_BIN=High | workpiece_slice_geometry=180x180,16.0,1.0,1.16,Ephemeral,2020-03-07,2020-03-07,False,2020-03-07,2.0,,,,,,,,,,,,,,,,,
life_track,RUL_BIN=Low | alloy_speed_meter_minute_BIN=Medium | alloy_type=open | cast_in_row_BIN=Low | crystallizer_movementmm_BIN=High | num_crystallizer_BIN=Low | resistance_tonn_BIN=Low | steel_temperature_grab1Celsius_BIN=High | steel_type=Arm500 | steel_weighttonn_BIN=High | swing_frequency_amount_minute_BIN=High | temperature_measurement1_Celsius_BIN=Low | temperature_measurement2_Celsius_BIN=Low | water_consumption_BIN=High | water_temperature_deltaCelsius_BIN=High | workpiece_slice_geometry=180x180,16.0,1.0,1.16,Ephemeral,2020-03-07,2020-03-07,False,2020-03-07,2.0,,,,,,,,,,,,,,,,,
life_track,RUL_BIN=Low | alloy_speed_meter_minute_BIN=Medium | alloy_type=open | cast_in_row_BIN=Low | crystallizer_movementmm_BIN=High | num_crystallizer_BIN=High | resistance_tonn_BIN=Low | steel_temperature_grab1Celsius_BIN=High | steel_type=Arm500 | steel_weighttonn_BIN=High | swing_frequency_amount_minute_BIN=High | temperature_measurement1_Celsius_BIN=Low | temperature_measurement2_Celsius_BIN=Low | water_consumption_BIN=High | water_temperature_deltaCelsius_BIN=High | workpiece_slice_geometry=180x180,16.0,1.0,1.16,Ephemeral,2020-03-07,2020-03-07,False,2020-03-07,2.0,,,,,,,,,,,,,,,,,
life_track,alloy_speed_meter_minute_BIN=Medium | alloy_type=open | cast_in_row_BIN=Medium | crystallizer_movementmm_BIN=Low | num_crystallizer_BIN=Low | num_stream_BIN=Medium | resistance_tonn_BIN=Low | steel_temperature_grab1Celsius_BIN=High | steel_type=Arm500 | steel_weighttonn_BIN=Medium | swing_frequency_amount_minute_BIN=High | temperature_measurement1_Celsius_BIN=Low | temperature_measurement2_Celsius_BIN=Low | water_consumption_BIN=High | water_temperature_deltaCelsius_BIN=High | workpiece_slice_geometry=180x180,16.0,1.0,1.16,Ephemeral,2020-03-08,2020-03-08,False,2020-03-08,2.0,,,,,,,,,,,,,,,,,
life_track,alloy_speed_meter_minute_BIN=Medium | alloy_type=open | cast_in_row_BIN=Medium | crystallizer_movementmm_BIN=Low | num_crystallizer_BIN=Low | num_stream_BIN=Low | resistance_tonn_BIN=Low | steel_temperature_grab1Celsius_BIN=High | steel_type=Arm500 | steel_weighttonn_BIN=Medium | swing_frequency_amount_minute_BIN=High | temperature_measurement1_Celsius_BIN=Low | temperature_measurement2_Celsius_BIN=Low | water_consumption_BIN=High | water_temperature_deltaCelsius_BIN=High | workpiece_slice_geometry=180x180,16.0,1.0,1.16,Ephemeral,2020-03-08,2020-03-08,False,2020-03-08,2.0,,,,,,,,,,,,,,,,,
life_track,alloy_speed_meter_minute_BIN=Medium | alloy_type=open | cast_in_row_BIN=Medium | crystallizer_movementmm_BIN=Low | num_crystallizer_BIN=High | num_stream_BIN=Low | resistance_tonn_BIN=Low | steel_temperature_grab1Celsius_BIN=High | steel_type=Arm500 | steel_weighttonn_BIN=Medium | swing_frequency_amount_minute_BIN=High | temperature_measurement1_Celsius_BIN=Low | temperature_measurement2_Celsius_BIN=Low | water_consumption_BIN=High | water_temperature_deltaCelsius_BIN=High | workpiece_slice_geometry=180x180,16.0,1.0,1.16,Ephemeral,2020-03-08,2020-03-08,False,2020-03-08,2.0,,,,,,,,,,,,,,,,,
life_track,RUL_BIN=Medium | alloy_speed_meter_minute_BIN=Medium | alloy_type=open | cast_in_row_BIN=Medium | crystallizer_movementmm_BIN=Low | num_stream_BIN=Low | resistance_tonn_BIN=Low | steel_temperature_grab1Celsius_BIN=High | steel_type=Arm500 | steel_weighttonn_BIN=Medium | swing_frequency_amount_minute_BIN=High | temperature_measurement1_Celsius_BIN=Low | temperature_measurement2_Celsius_BIN=Low | water_consumption_BIN=High | water_temperature_deltaCelsius_BIN=High | workpiece_slice_geometry=180x180,16.0,1.0,1.16,Ephemeral,2020-03-08,2020-03-08,False,2020-03-08,2.0,,,,,,,,,,,,,,,,,
life_track,RUL_BIN=Low | alloy_speed_meter_minute_BIN=Medium | alloy_type=open | cast_in_row_BIN=Medium | crystallizer_movementmm_BIN=Low | num_stream_BIN=High | resistance_tonn_BIN=Low | steel_temperature_grab1Celsius_BIN=High | steel_type=Arm500 | steel_weighttonn_BIN=Medium | swing_frequency_amount_minute_BIN=High | temperature_measurement1_Celsius_BIN=Low | temperature_measurement2_Celsius_BIN=Low | water_consumption_BIN=High | water_temperature_deltaCelsius_BIN=High | workpiece_slice_geometry=180x180,16.0,1.0,1.16,Ephemeral,2020-03-08,2020-03-08,False,2020-03-08,2.0,,,,,,,,,,,,,,,,,
life_track,RUL_BIN=Low | alloy_speed_meter_minute_BIN=Medium | alloy_type=open | cast_in_row_BIN=Medium | crystallizer_movementmm_BIN=Low | num_crystallizer_BIN=Low | resistance_tonn_BIN=Low | steel_temperature_grab1Celsius_BIN=High | steel_type=Arm500 | steel_weighttonn_BIN=Medium | swing_frequency_amount_minute_BIN=High | temperature_measurement1_Celsius_BIN=Low | temperature_measurement2_Celsius_BIN=Low | water_consumption_BIN=High | water_temperature_deltaCelsius_BIN=High | workpiece_slice_geometry=180x180,16.0,1.0,1.16,Ephemeral,2020-03-08,2020-03-08,False,2020-03-08,2.0,,,,,,,,,,,,,,,,,
life_track,RUL_BIN=Critical | alloy_speed_meter_minute_BIN=Medium | alloy_type=open | cast_in_row_BIN=Medium | crystallizer_movementmm_BIN=Low | num_stream_BIN=Low | resistance_tonn_BIN=Low | steel_temperature_grab1Celsius_BIN=High | steel_type=Arm500 | steel_weighttonn_BIN=Medium | swing_frequency_amount_minute_BIN=High | temperature_measurement1_Celsius_BIN=Low | temperature_measurement2_Celsius_BIN=Low | water_consumption_BIN=High | water_temperature_deltaCelsius_BIN=High | workpiece_slice_geometry=180x180,16.0,1.0,1.16,Ephemeral,2020-03-08,2020-03-08,False,2020-03-08,2.0,,,,,,,,,,,,,,,,,
life_track,RUL_BIN=Critical | alloy_speed_meter_minute_BIN=Medium | alloy_type=open | cast_in_row_BIN=Medium | crystallizer_movementmm_BIN=Low | num_crystallizer_BIN=Low | resistance_tonn_BIN=Low | steel_temperature_grab1Celsius_BIN=High | steel_type=Arm500 | steel_weighttonn_BIN=Medium | swing_frequency_amount_minute_BIN=High | temperature_measurement1_Celsius_BIN=Low | temperature_measurement2_Celsius_BIN=Low | water_consumption_BIN=High | water_temperature_deltaCelsius_BIN=High | workpiece_slice_geometry=180x180,16.0,1.0,1.16,Ephemeral,2020-03-08,2020-03-08,False,2020-03-08,2.0,,,,,,,,,,,,,,,,,
life_track,RUL_BIN=Critical | alloy_speed_meter_minute_BIN=Medium | alloy_type=open | cast_in_row_BIN=Low | crystallizer_movementmm_BIN=Low | num_crystallizer_BIN=Low | resistance_tonn_BIN=Low | steel_temperature_grab1Celsius_BIN=High | steel_type=Arm500 | steel_weighttonn_BIN=High | swing_frequency_amount_minute_BIN=High | temperature_measurement1_Celsius_BIN=Low | temperature_measurement2_Celsius_BIN=Low | water_consumption_BIN=High | water_temperature_deltaCelsius_BIN=High | workpiece_slice_geometry=180x180,16.0,1.0,1.16,Ephemeral,2020-03-09,2020-03-09,False,2020-03-09,3.0,,,,,,,,,,,,,,,,,
life_track,RUL_BIN=Healthy | alloy_speed_meter_minute_BIN=Medium | alloy_type=open | cast_in_row_BIN=Medium | crystallizer_movementmm_BIN=Low | num_stream_BIN=Medium | resistance_tonn_BIN=Low | steel_temperature_grab1Celsius_BIN=High | steel_type=Arm500 | steel_weighttonn_BIN=High | swing_frequency_amount_minute_BIN=High | temperature_measurement1_Celsius_BIN=Low | temperature_measurement2_Celsius_BIN=Low | water_consumption_BIN=High | water_temperature_deltaCelsius_BIN=High | workpiece_slice_geometry=180x180,16.0,1.0,1.16,Ephemeral,2020-04-07,2020-04-07,False,2020-04-07,2.0,,,,,,,,,,,,,,,,,
life_track,RUL_BIN=Healthy | alloy_speed_meter_minute_BIN=Medium | alloy_type=open | cast_in_row_BIN=Medium | crystallizer_movementmm_BIN=Low | num_crystallizer_BIN=High | resistance_tonn_BIN=Low | steel_temperature_grab1Celsius_BIN=High | steel_type=Arm500 | steel_weighttonn_BIN=High | swing_frequency_amount_minute_BIN=High | temperature_measurement1_Celsius_BIN=Low | temperature_measurement2_Celsius_BIN=Low | water_consumption_BIN=High | water_temperature_deltaCelsius_BIN=High | workpiece_slice_geometry=180x180,16.0,1.0,1.16,Ephemeral,2020-04-07,2020-04-07,False,2020-04-07,4.0,,,,,,,,,,,,,,,,,
life_track,RUL_BIN=Low | alloy_speed_meter_minute_BIN=Medium | alloy_type=open | cast_in_row_BIN=High | crystallizer_movementmm_BIN=Low | num_stream_BIN=Medium | resistance_tonn_BIN=Low | steel_temperature_grab1Celsius_BIN=High | steel_type=Arm500 | steel_weighttonn_BIN=Medium | swing_frequency_amount_minute_BIN=High | temperature_measurement1_Celsius_BIN=Low | temperature_measurement2_Celsius_BIN=Low | water_consumption_BIN=High | water_temperature_deltaCelsius_BIN=High | workpiece_slice_geometry=180x180,16.0,1.0,1.16,Ephemeral,2020-04-08,2020-04-08,False,2020-04-08,2.0,,,,,,,,,,,,,,,,,
life_track,RUL_BIN=Low | alloy_speed_meter_minute_BIN=Medium | alloy_type=open | cast_in_row_BIN=High | crystallizer_movementmm_BIN=Low | num_crystallizer_BIN=High | resistance_tonn_BIN=Low | steel_temperature_grab1Celsius_BIN=High | steel_type=Arm500 | steel_weighttonn_BIN=Medium | swing_frequency_amount_minute_BIN=High | temperature_measurement1_Celsius_BIN=Low | temperature_measurement2_Celsius_BIN=Low | water_consumption_BIN=High | water_temperature_deltaCelsius_BIN=High | workpiece_slice_geometry=180x180,16.0,1.0,1.16,Ephemeral,2020-04-08,2020-04-08,False,2020-04-08,4.0,,,,,,,,,,,,,,,,,
life_track,RUL_BIN=Healthy | alloy_speed_meter_minute_BIN=High | alloy_type=open | cast_in_row_BIN=Low | crystallizer_movementmm_BIN=High | num_stream_BIN=Low | resistance_tonn_BIN=Low | steel_temperature_grab1Celsius_BIN=High | steel_type=St3sp | steel_weighttonn_BIN=High | swing_frequency_amount_minute_BIN=Medium | temperature_measurement1_Celsius_BIN=Low | temperature_measurement2_Celsius_BIN=Low | water_consumption_BIN=High | water_temperature_deltaCelsius_BIN=High | workpiece_slice_geometry=150x150,16.0,1.0,1.16,Ephemeral,2020-05-05,2020-05-05,False,2020-05-05,2.0,,,,,,,,,,,,,,,,,
life_track,RUL_BIN=Healthy | alloy_speed_meter_minute_BIN=High | alloy_type=open | cast_in_row_BIN=Low | crystallizer_movementmm_BIN=High | num_crystallizer_BIN=Low | resistance_tonn_BIN=Low | steel_temperature_grab1Celsius_BIN=High | steel_type=St3sp | steel_weighttonn_BIN=High | swing_frequency_amount_minute_BIN=Medium | temperature_measurement1_Celsius_BIN=Low | temperature_measurement2_Celsius_BIN=Low | water_consumption_BIN=High | water_temperature_deltaCelsius_BIN=High | workpiece_slice_geometry=150x150,16.0,1.0,1.16,Ephemeral,2020-05-05,2020-05-05,False,2020-05-05,2.0,,,,,,,,,,,,,,,,,
life_track,RUL_BIN=Healthy | alloy_speed_meter_minute_BIN=High | alloy_type=open | cast_in_row_BIN=Low | crystallizer_movementmm_BIN=High | num_crystallizer_BIN=High | resistance_tonn_BIN=Low | steel_temperature_grab1Celsius_BIN=High | steel_type=St3sp | steel_weighttonn_BIN=High | swing_frequency_amount_minute_BIN=Medium | temperature_measurement1_Celsius_BIN=Low | temperature_measurement2_Celsius_BIN=Low | water_consumption_BIN=High | water_temperature_deltaCelsius_BIN=High | workpiece_slice_geometry=150x150,16.0,1.0,1.16,Ephemeral,2020-05-05,2020-05-05,False,2020-05-05,3.0,,,,,,,,,,,,,,,,,
life_track,alloy_speed_meter_minute_BIN=Medium | alloy_type=open | cast_in_row_BIN=Low | crystallizer_movementmm_BIN=High | num_crystallizer_BIN=High | num_stream_BIN=Medium | resistance_tonn_BIN=Low | steel_temperature_grab1Celsius_BIN=High | steel_type=Arm500 | steel_weighttonn_BIN=High | swing_frequency_amount_minute_BIN=High | temperature_measurement1_Celsius_BIN=Low | temperature_measurement2_Celsius_BIN=Low | water_consumption_BIN=High | water_temperature_deltaCelsius_BIN=High | workpiece_slice_geometry=180x180,16.0,1.0,1.16,Ephemeral,2020-05-07,2020-05-07,False,2020-05-07,2.0,,,,,,,,,,,,,,,,,
life_track,RUL_BIN=Medium | alloy_speed_meter_minute_BIN=Medium | alloy_type=open | cast_in_row_BIN=Low | crystallizer_movementmm_BIN=High | num_stream_BIN=Low | resistance_tonn_BIN=Low | steel_temperature_grab1Celsius_BIN=High | steel_type=Arm500 | steel_weighttonn_BIN=High | swing_frequency_amount_minute_BIN=High | temperature_measurement1_Celsius_BIN=Low | temperature_measurement2_Celsius_BIN=Low | water_consumption_BIN=High | water_temperature_deltaCelsius_BIN=High | workpiece_slice_geometry=180x180,16.0,1.0,1.16,Ephemeral,2020-05-07,2020-05-07,False,2020-05-07,2.0,,,,,,,,,,,,,,,,,
life_track,RUL_BIN=Medium | alloy_speed_meter_minute_BIN=Medium | alloy_type=open | cast_in_row_BIN=Low | crystallizer_movementmm_BIN=High | num_crystallizer_BIN=Low | resistance_tonn_BIN=Low | steel_temperature_grab1Celsius_BIN=High | steel_type=Arm500 | steel_weighttonn_BIN=High | swing_frequency_amount_minute_BIN=High | temperature_measurement1_Celsius_BIN=Low | temperature_measurement2_Celsius_BIN=Low | water_consumption_BIN=High | water_temperature_deltaCelsius_BIN=High | workpiece_slice_geometry=180x180,16.0,1.0,1.16,Ephemeral,2020-05-07,2020-05-07,False,2020-05-07,2.0,,,,,,,,,,,,,,,,,
life_track,RUL_BIN=Medium | alloy_speed_meter_minute_BIN=Medium | alloy_type=open | cast_in_row_BIN=Low | crystallizer_movementmm_BIN=High | num_crystallizer_BIN=High | resistance_tonn_BIN=Low | steel_temperature_grab1Celsius_BIN=High | steel_type=Arm500 | steel_weighttonn_BIN=High | swing_frequency_amount_minute_BIN=High | temperature_measurement1_Celsius_BIN=Low | temperature_measurement2_Celsius_BIN=Low | water_consumption_BIN=High | water_temperature_deltaCelsius_BIN=High | workpiece_slice_geometry=180x180,16.0,1.0,1.16,Ephemeral,2020-05-07,2020-05-07,False,2020-05-07,2.0,,,,,,,,,,,,,,,,,
life_track,RUL_BIN=Low | alloy_speed_meter_minute_BIN=Medium | alloy_type=open | cast_in_row_BIN=Medium | crystallizer_movementmm_BIN=Low | num_stream_BIN=Low | resistance_tonn_BIN=Low | steel_temperature_grab1Celsius_BIN=High | steel_type=Arm500 | steel_weighttonn_BIN=High | swing_frequency_amount_minute_BIN=High | temperature_measurement1_Celsius_BIN=Low | temperature_measurement2_Celsius_BIN=Low | water_consumption_BIN=High | water_temperature_deltaCelsius_BIN=High | workpiece_slice_geometry=180x180,16.0,1.0,1.16,Ephemeral,2020-05-08,2020-05-08,False,2020-05-08,2.0,,,,,,,,,,,,,,,,,
life_track,RUL_BIN=Low | alloy_speed_meter_minute_BIN=Medium | alloy_type=open | cast_in_row_BIN=Medium | crystallizer_movementmm_BIN=Low | num_crystallizer_BIN=Low | resistance_tonn_BIN=Low | steel_temperature_grab1Celsius_BIN=High | steel_type=Arm500 | steel_weighttonn_BIN=High | swing_frequency_amount_minute_BIN=High | temperature_measurement1_Celsius_BIN=Low | temperature_measurement2_Celsius_BIN=Low | water_consumption_BIN=High | water_temperature_deltaCelsius_BIN=High | workpiece_slice_geometry=180x180,16.0,1.0,1.16,Ephemeral,2020-05-08,2020-05-08,False,2020-05-08,2.0,,,,,,,,,,,,,,,,,
life_track,RUL_BIN=Low | alloy_speed_meter_minute_BIN=Medium | alloy_type=open | cast_in_row_BIN=Medium | crystallizer_movementmm_BIN=Low | num_crystallizer_BIN=High | resistance_tonn_BIN=Low | steel_temperature_grab1Celsius_BIN=High | steel_type=Arm500 | steel_weighttonn_BIN=High | swing_frequency_amount_minute_BIN=High | temperature_measurement1_Celsius_BIN=Low | temperature_measurement2_Celsius_BIN=Low | water_consumption_BIN=High | water_temperature_deltaCelsius_BIN=High | workpiece_slice_geometry=180x180,16.0,1.0,1.16,Ephemeral,2020-05-08,2020-05-08,False,2020-05-08,2.0,,,,,,,,,,,,,,,,,
life_track,alloy_speed_meter_minute_BIN=Medium | alloy_type=open | cast_in_row_BIN=Medium | crystallizer_movementmm_BIN=Low | num_crystallizer_BIN=Low | num_stream_BIN=Low | resistance_tonn_BIN=Low | steel_temperature_grab1Celsius_BIN=High | steel_type=Arm500 | steel_weighttonn_BIN=High | swing_frequency_amount_minute_BIN=High | temperature_measurement1_Celsius_BIN=Low | temperature_measurement2_Celsius_BIN=Low | water_consumption_BIN=High | water_temperature_deltaCelsius_BIN=High | workpiece_slice_geometry=180x180,16.0,1.0,1.16,Ephemeral,2020-05-09,2020-05-09,False,2020-05-09,2.0,,,,,,,,,,,,,,,,,
life_track,RUL_BIN=Healthy | alloy_speed_meter_minute_BIN=Medium | alloy_type=open | cast_in_row_BIN=Medium | crystallizer_movementmm_BIN=Low | num_stream_BIN=Low | resistance_tonn_BIN=Low | steel_temperature_grab1Celsius_BIN=High | steel_type=Arm500 | steel_weighttonn_BIN=High | swing_frequency_amount_minute_BIN=High | temperature_measurement1_Celsius_BIN=Low | temperature_measurement2_Celsius_BIN=Low | water_consumption_BIN=High | water_temperature_deltaCelsius_BIN=High | workpiece_slice_geometry=180x180,16.0,1.0,1.16,Ephemeral,2020-05-09,2020-05-09,False,2020-05-09,2.0,,,,,,,,,,,,,,,,,
life_track,RUL_BIN=Healthy | alloy_speed_meter_minute_BIN=Medium | alloy_type=open | cast_in_row_BIN=Medium | crystallizer_movementmm_BIN=Low | num_crystallizer_BIN=Medium | resistance_tonn_BIN=Low | steel_temperature_grab1Celsius_BIN=High | steel_type=Arm500 | steel_weighttonn_BIN=High | swing_frequency_amount_minute_BIN=High | temperature_measurement1_Celsius_BIN=Low | temperature_measurement2_Celsius_BIN=Low | water_consumption_BIN=High | water_temperature_deltaCelsius_BIN=High | workpiece_slice_geometry=180x180,16.0,1.0,1.16,Ephemeral,2020-05-09,2020-05-09,False,2020-05-09,3.0,,,,,,,,,,,,,,,,,
life_track,RUL_BIN=Healthy | alloy_speed_meter_minute_BIN=Medium | alloy_type=open | cast_in_row_BIN=Medium | crystallizer_movementmm_BIN=Low | num_crystallizer_BIN=Low | resistance_tonn_BIN=Low | steel_temperature_grab1Celsius_BIN=High | steel_type=Arm500 | steel_weighttonn_BIN=High | swing_frequency_amount_minute_BIN=High | temperature_measurement1_Celsius_BIN=Low | temperature_measurement2_Celsius_BIN=Low | water_consumption_BIN=High | water_temperature_deltaCelsius_BIN=High | workpiece_slice_geometry=180x180,16.0,1.0,1.16,Ephemeral,2020-05-09,2020-05-09,False,2020-05-09,2.0,,,,,,,,,,,,,,,,,
life_track,RUL_BIN=Critical | alloy_speed_meter_minute_BIN=Medium | alloy_type=open | cast_in_row_BIN=Medium | crystallizer_movementmm_BIN=Low | num_stream_BIN=Low | resistance_tonn_BIN=Low | steel_temperature_grab1Celsius_BIN=High | steel_type=Arm500 | steel_weighttonn_BIN=High | swing_frequency_amount_minute_BIN=High | temperature_measurement1_Celsius_BIN=Low | temperature_measurement2_Celsius_BIN=Low | water_consumption_BIN=High | water_temperature_deltaCelsius_BIN=High | workpiece_slice_geometry=180x180,16.0,1.0,1.16,Ephemeral,2020-05-09,2020-05-09,False,2020-05-09,2.0,,,,,,,,,,,,,,,,,
life_track,RUL_BIN=Critical | alloy_speed_meter_minute_BIN=Medium | alloy_type=open | cast_in_row_BIN=Medium | crystallizer_movementmm_BIN=Low | num_crystallizer_BIN=Low | resistance_tonn_BIN=Low | steel_temperature_grab1Celsius_BIN=High | steel_type=Arm500 | steel_weighttonn_BIN=High | swing_frequency_amount_minute_BIN=High | temperature_measurement1_Celsius_BIN=Low | temperature_measurement2_Celsius_BIN=Low | water_consumption_BIN=High | water_temperature_deltaCelsius_BIN=High | workpiece_slice_geometry=180x180,16.0,1.0,1.16,Ephemeral,2020-05-09,2020-05-09,False,2020-05-09,2.0,,,,,,,,,,,,,,,,,
life_track,RUL_BIN=Critical | alloy_speed_meter_minute_BIN=Medium | alloy_type=open | cast_in_row_BIN=Medium | crystallizer_movementmm_BIN=Low | num_crystallizer_BIN=High | resistance_tonn_BIN=Low | steel_temperature_grab1Celsius_BIN=High | steel_type=Arm500 | steel_weighttonn_BIN=High | swing_frequency_amount_minute_BIN=High | temperature_measurement1_Celsius_BIN=Low | temperature_measurement2_Celsius_BIN=Low | water_consumption_BIN=High | water_temperature_deltaCelsius_BIN=High | workpiece_slice_geometry=180x180,16.0,1.0,1.16,Ephemeral,2020-05-09,2020-05-09,False,2020-05-09,2.0,,,,,,,,,,,,,,,,,
life_track,alloy_speed_meter_minute_BIN=Medium | alloy_type=open | cast_in_row_BIN=Low | crystallizer_movementmm_BIN=Low | num_crystallizer_BIN=Medium | num_stream_BIN=Medium | resistance_tonn_BIN=Low | steel_temperature_grab1Celsius_BIN=High | steel_type=25G2S | steel_weighttonn_BIN=High | swing_frequency_amount_minute_BIN=Medium | temperature_measurement1_Celsius_BIN=Low | temperature_measurement2_Celsius_BIN=Low | water_consumption_BIN=High | water_temperature_deltaCelsius_BIN=High | workpiece_slice_geometry=180x180,16.0,1.0,1.16,Ephemeral,2020-05-15,2020-05-15,False,2020-05-15,2.0,,,,,,,,,,,,,,,,,
life_track,RUL_BIN=Healthy | alloy_speed_meter_minute_BIN=Medium | alloy_type=open | cast_in_row_BIN=Low | crystallizer_movementmm_BIN=Low | num_crystallizer_BIN=Medium | resistance_tonn_BIN=Low | steel_temperature_grab1Celsius_BIN=High | steel_type=25G2S | steel_weighttonn_BIN=High | swing_frequency_amount_minute_BIN=Medium | temperature_measurement1_Celsius_BIN=Low | temperature_measurement2_Celsius_BIN=Low | water_consumption_BIN=High | water_temperature_deltaCelsius_BIN=High | workpiece_slice_geometry=180x180,16.0,1.0,1.16,Ephemeral,2020-05-15,2020-05-15,False,2020-05-15,2.0,,,,,,,,,,,,,,,,,
life_track,alloy_speed_meter_minute_BIN=Medium | alloy_type=open | cast_in_row_BIN=Low | crystallizer_movementmm_BIN=Low | num_crystallizer_BIN=Medium | num_stream_BIN=Medium | resistance_tonn_BIN=Low | steel_temperature_grab1Celsius_BIN=High | steel_type=1018 | steel_weighttonn_BIN=High | swing_frequency_amount_minute_BIN=Medium | temperature_measurement1_Celsius_BIN=Low | temperature_measurement2_Celsius_BIN=Low | water_consumption_BIN=High | water_temperature_deltaCelsius_BIN=High | workpiece_slice_geometry=180x180,16.0,1.0,1.16,Ephemeral,2020-05-16,2020-05-16,False,2020-05-16,2.0,,,,,,,,,,,,,,,,,
life_track,RUL_BIN=Medium | alloy_speed_meter_minute_BIN=Medium | alloy_type=open | cast_in_row_BIN=Low | crystallizer_movementmm_BIN=Low | num_crystallizer_BIN=Medium | resistance_tonn_BIN=Low | steel_temperature_grab1Celsius_BIN=High | steel_type=1018 | steel_weighttonn_BIN=High | swing_frequency_amount_minute_BIN=Medium | temperature_measurement1_Celsius_BIN=Low | temperature_measurement2_Celsius_BIN=Low | water_consumption_BIN=High | water_temperature_deltaCelsius_BIN=High | workpiece_slice_geometry=180x180,16.0,1.0,1.16,Ephemeral,2020-05-16,2020-05-16,False,2020-05-16,2.0,,,,,,,,,,,,,,,,,
life_track,alloy_speed_meter_minute_BIN=Medium | alloy_type=open | cast_in_row_BIN=Low | crystallizer_movementmm_BIN=Low | num_crystallizer_BIN=High | num_stream_BIN=Low | resistance_tonn_BIN=Low | steel_temperature_grab1Celsius_BIN=High | steel_type=Arm500 | steel_weighttonn_BIN=High | swing_frequency_amount_minute_BIN=Medium | temperature_measurement1_Celsius_BIN=Low | temperature_measurement2_Celsius_BIN=Low | water_consumption_BIN=High | water_temperature_deltaCelsius_BIN=High | workpiece_slice_geometry=180x180,16.0,1.0,1.16,Ephemeral,2020-05-17,2020-05-17,False,2020-05-17,2.0,,,,,,,,,,,,,,,,,
life_track,alloy_speed_meter_minute_BIN=High | alloy_type=open | cast_in_row_BIN=Medium | crystallizer_movementmm_BIN=High | num_crystallizer_BIN=Low | num_stream_BIN=High | resistance_tonn_BIN=Low | steel_temperature_grab1Celsius_BIN=High | steel_type=St4sp | steel_weighttonn_BIN=High | swing_frequency_amount_minute_BIN=Low | temperature_measurement1_Celsius_BIN=Low | temperature_measurement2_Celsius_BIN=Low | water_consumption_BIN=High | water_temperature_deltaCelsius_BIN=High | workpiece_slice_geometry=150x150,16.0,1.0,1.16,Ephemeral,2020-05-18,2020-05-18,False,2020-05-18,2.0,,,,,,,,,,,,,,,,,
life_track,RUL_BIN=Medium | alloy_speed_meter_minute_BIN=High | alloy_type=open | cast_in_row_BIN=Medium | crystallizer_movementmm_BIN=High | num_crystallizer_BIN=Low | resistance_tonn_BIN=Low | steel_temperature_grab1Celsius_BIN=High | steel_type=St4sp | steel_weighttonn_BIN=High | swing_frequency_amount_minute_BIN=Low | temperature_measurement1_Celsius_BIN=Low | temperature_measurement2_Celsius_BIN=Low | water_consumption_BIN=High | water_temperature_deltaCelsius_BIN=High | workpiece_slice_geometry=150x150,16.0,1.0,1.16,Ephemeral,2020-05-18,2020-05-18,False,2020-05-18,2.0,,,,,,,,,,,,,,,,,
life_track,RUL_BIN=Healthy | alloy_speed_meter_minute_BIN=High | alloy_type=open | cast_in_row_BIN=Medium | crystallizer_movementmm_BIN=High | num_stream_BIN=Medium | resistance_tonn_BIN=Low | steel_temperature_grab1Celsius_BIN=High | steel_type=St4sp | steel_weighttonn_BIN=High | swing_frequency_amount_minute_BIN=Low | temperature_measurement1_Celsius_BIN=Low | temperature_measurement2_Celsius_BIN=Low | water_consumption_BIN=High | water_temperature_deltaCelsius_BIN=High | workpiece_slice_geometry=150x150,16.0,1.0,1.16,Ephemeral,2020-05-18,2020-05-18,False,2020-05-18,3.0,,,,,,,,,,,,,,,,,
life_track,RUL_BIN=Healthy | alloy_speed_meter_minute_BIN=High | alloy_type=open | cast_in_row_BIN=Medium | crystallizer_movementmm_BIN=High | num_crystallizer_BIN=Low | resistance_tonn_BIN=Low | steel_temperature_grab1Celsius_BIN=High | steel_type=St4sp | steel_weighttonn_BIN=High | swing_frequency_amount_minute_BIN=Low | temperature_measurement1_Celsius_BIN=Low | temperature_measurement2_Celsius_BIN=Low | water_consumption_BIN=High | water_temperature_deltaCelsius_BIN=High | workpiece_slice_geometry=150x150,16.0,1.0,1.16,Ephemeral,2020-05-18,2020-05-18,False,2020-05-18,2.0,,,,,,,,,,,,,,,,,
life_track,RUL_BIN=Healthy | alloy_speed_meter_minute_BIN=High | alloy_type=open | cast_in_row_BIN=Medium | crystallizer_movementmm_BIN=High | num_crystallizer_BIN=High | resistance_tonn_BIN=Low | steel_temperature_grab1Celsius_BIN=High | steel_type=St4sp | steel_weighttonn_BIN=High | swing_frequency_amount_minute_BIN=Low | temperature_measurement1_Celsius_BIN=Low | temperature_measurement2_Celsius_BIN=Low | water_consumption_BIN=High | water_temperature_deltaCelsius_BIN=High | workpiece_slice_geometry=150x150,16.0,1.0,1.16,Ephemeral,2020-05-18,2020-05-18,False,2020-05-18,2.0,,,,,,,,,,,,,,,,,
life_track,RUL_BIN=Medium | alloy_speed_meter_minute_BIN=Medium | alloy_type=open | cast_in_row_BIN=Low | crystallizer_movementmm_BIN=Low | num_crystallizer_BIN=Low | resistance_tonn_BIN=Low | steel_temperature_grab1Celsius_BIN=High | steel_type=Arm500 | steel_weighttonn_BIN=High | swing_frequency_amount_minute_BIN=Medium | temperature_measurement1_Celsius_BIN=Low | temperature_measurement2_Celsius_BIN=Low | water_consumption_BIN=High | water_temperature_deltaCelsius_BIN=High | workpiece_slice_geometry=180x180,16.0,1.0,1.16,Ephemeral,2020-05-19,2020-05-19,False,2020-05-19,3.0,,,,,,,,,,,,,,,,,
life_track,alloy_speed_meter_minute_BIN=Medium | alloy_type=open | cast_in_row_BIN=Low | crystallizer_movementmm_BIN=Low | num_crystallizer_BIN=High | num_stream_BIN=Medium | resistance_tonn_BIN=Low | steel_temperature_grab1Celsius_BIN=High | steel_type=Arm500 | steel_weighttonn_BIN=High | swing_frequency_amount_minute_BIN=Medium | temperature_measurement1_Celsius_BIN=Low | temperature_measurement2_Celsius_BIN=Low | water_consumption_BIN=High | water_temperature_deltaCelsius_BIN=High | workpiece_slice_geometry=180x180,16.0,1.0,1.16,Ephemeral,2020-05-21,2020-05-21,False,2020-05-21,2.0,,,,,,,,,,,,,,,,,
life_track,RUL_BIN=Low | alloy_speed_meter_minute_BIN=Medium | alloy_type=open | cast_in_row_BIN=Low | crystallizer_movementmm_BIN=Low | num_stream_BIN=Medium | resistance_tonn_BIN=Low | steel_temperature_grab1Celsius_BIN=High | steel_type=Arm500 | steel_weighttonn_BIN=High | swing_frequency_amount_minute_BIN=Medium | temperature_measurement1_Celsius_BIN=Low | temperature_measurement2_Celsius_BIN=Low | water_consumption_BIN=High | water_temperature_deltaCelsius_BIN=High | workpiece_slice_geometry=180x180,16.0,1.0,1.16,Ephemeral,2020-05-21,2020-05-21,False,2020-05-21,2.0,,,,,,,,,,,,,,,,,
life_track,RUL_BIN=Low | alloy_speed_meter_minute_BIN=Medium | alloy_type=open | cast_in_row_BIN=Low | crystallizer_movementmm_BIN=Low | num_crystallizer_BIN=High | resistance_tonn_BIN=Low | steel_temperature_grab1Celsius_BIN=High | steel_type=Arm500 | steel_weighttonn_BIN=High | swing_frequency_amount_minute_BIN=Medium | temperature_measurement1_Celsius_BIN=Low | temperature_measurement2_Celsius_BIN=Low | water_consumption_BIN=High | water_temperature_deltaCelsius_BIN=High | workpiece_slice_geometry=180x180,16.0,1.0,1.16,Ephemeral,2020-05-21,2020-05-21,False,2020-05-21,2.0,,,,,,,,,,,,,,,,,
life_track,RUL_BIN=Critical | alloy_speed_meter_minute_BIN=Medium | alloy_type=open | cast_in_row_BIN=Low | crystallizer_movementmm_BIN=Low | num_stream_BIN=Low | resistance_tonn_BIN=Low | steel_temperature_grab1Celsius_BIN=High | steel_type=Arm500 | steel_weighttonn_BIN=High | swing_frequency_amount_minute_BIN=Medium | temperature_measurement1_Celsius_BIN=Low | temperature_measurement2_Celsius_BIN=Low | water_consumption_BIN=High | water_temperature_deltaCelsius_BIN=High | workpiece_slice_geometry=180x180,16.0,1.0,1.16,Ephemeral,2020-05-21,2020-05-21,False,2020-05-21,2.0,,,,,,,,,,,,,,,,,
life_track,alloy_speed_meter_minute_BIN=High | alloy_type=open | cast_in_row_BIN=Medium | crystallizer_movementmm_BIN=High | num_crystallizer_BIN=Medium | num_stream_BIN=Medium | resistance_tonn_BIN=Low | steel_temperature_grab1Celsius_BIN=High | steel_type=St4sp | steel_weighttonn_BIN=High | swing_frequency_amount_minute_BIN=Low | temperature_measurement1_Celsius_BIN=Low | temperature_measurement2_Celsius_BIN=Low | water_consumption_BIN=High | water_temperature_deltaCelsius_BIN=High | workpiece_slice_geometry=150x150,16.0,1.0,1.16,Ephemeral,2020-05-22,2020-05-22,False,2020-05-22,2.0,,,,,,,,,,,,,,,,,
life_track,alloy_speed_meter_minute_BIN=High | alloy_type=open | cast_in_row_BIN=Medium | crystallizer_movementmm_BIN=High | num_crystallizer_BIN=Low | num_stream_BIN=Low | resistance_tonn_BIN=Low | steel_temperature_grab1Celsius_BIN=High | steel_type=St4sp | steel_weighttonn_BIN=High | swing_frequency_amount_minute_BIN=Low | temperature_measurement1_Celsius_BIN=Low | temperature_measurement2_Celsius_BIN=Low | water_consumption_BIN=High | water_temperature_deltaCelsius_BIN=High | workpiece_slice_geometry=150x150,16.0,1.0,1.16,Ephemeral,2020-05-22,2020-05-22,False,2020-05-22,2.0,,,,,,,,,,,,,,,,,
life_track,RUL_BIN=Low | alloy_speed_meter_minute_BIN=High | alloy_type=open | cast_in_row_BIN=Medium | crystallizer_movementmm_BIN=High | num_stream_BIN=High | resistance_tonn_BIN=Low | steel_temperature_grab1Celsius_BIN=High | steel_type=St4sp | steel_weighttonn_BIN=High | swing_frequency_amount_minute_BIN=Low | temperature_measurement1_Celsius_BIN=Low | temperature_measurement2_Celsius_BIN=Low | water_consumption_BIN=High | water_temperature_deltaCelsius_BIN=High | workpiece_slice_geometry=150x150,16.0,1.0,1.16,Ephemeral,2020-05-22,2020-05-22,False,2020-05-22,3.0,,,,,,,,,,,,,,,,,
life_track,RUL_BIN=Healthy | alloy_speed_meter_minute_BIN=High | alloy_type=open | cast_in_row_BIN=Medium | crystallizer_movementmm_BIN=High | num_crystallizer_BIN=Medium | resistance_tonn_BIN=Low | steel_temperature_grab1Celsius_BIN=High | steel_type=St4sp | steel_weighttonn_BIN=High | swing_frequency_amount_minute_BIN=Low | temperature_measurement1_Celsius_BIN=Low | temperature_measurement2_Celsius_BIN=Low | water_consumption_BIN=High | water_temperature_deltaCelsius_BIN=High | workpiece_slice_geometry=150x150,16.0,1.0,1.16,Ephemeral,2020-05-22,2020-05-22,False,2020-05-22,2.0,,,,,,,,,,,,,,,,,
life_track,RUL_BIN=Low | alloy_speed_meter_minute_BIN=Medium | alloy_type=open | cast_in_row_BIN=Low | crystallizer_movementmm_BIN=Low | num_crystallizer_BIN=High | resistance_tonn_BIN=Low | steel_temperature_grab1Celsius_BIN=High | steel_type=Arm500 | steel_weighttonn_BIN=High | swing_frequency_amount_minute_BIN=High | temperature_measurement1_Celsius_BIN=Low | temperature_measurement2_Celsius_BIN=Low | water_consumption_BIN=High | water_temperature_deltaCelsius_BIN=High | workpiece_slice_geometry=180x180,16.0,1.0,1.16,Ephemeral,2020-05-25,2020-05-25,False,2020-05-25,3.0,,,,,,,,,,,,,,,,,
life_track,alloy_speed_meter_minute_BIN=High | alloy_type=open | cast_in_row_BIN=Medium | crystallizer_movementmm_BIN=High | num_crystallizer_BIN=High | num_stream_BIN=Medium | resistance_tonn_BIN=Low | steel_temperature_grab1Celsius_BIN=High | steel_type=St4sp | steel_weighttonn_BIN=High | swing_frequency_amount_minute_BIN=Low | temperature_measurement1_Celsius_BIN=Low | temperature_measurement2_Celsius_BIN=Low | water_consumption_BIN=High | water_temperature_deltaCelsius_BIN=High | workpiece_slice_geometry=150x150,16.0,1.0,1.16,Ephemeral,2020-05-26,2020-05-26,False,2020-05-26,2.0,,,,,,,,,,,,,,,,,
life_track,RUL_BIN=Low | alloy_speed_meter_minute_BIN=High | alloy_type=open | cast_in_row_BIN=Medium | crystallizer_movementmm_BIN=High | num_stream_BIN=Medium | resistance_tonn_BIN=Low | steel_temperature_grab1Celsius_BIN=High | steel_type=St4sp | steel_weighttonn_BIN=High | swing_frequency_amount_minute_BIN=Low | temperature_measurement1_Celsius_BIN=Low | temperature_measurement2_Celsius_BIN=Low | water_consumption_BIN=High | water_temperature_deltaCelsius_BIN=High | workpiece_slice_geometry=150x150,16.0,1.0,1.16,Ephemeral,2020-05-26,2020-05-26,False,2020-05-26,2.0,,,,,,,,,,,,,,,,,
life_track,alloy_speed_meter_minute_BIN=High | alloy_type=open | cast_in_row_BIN=High | crystallizer_movementmm_BIN=Low | num_crystallizer_BIN=Medium | num_stream_BIN=Medium | resistance_tonn_BIN=Low | steel_temperature_grab1Celsius_BIN=High | steel_type=Arm500 | steel_weighttonn_BIN=High | swing_frequency_amount_minute_BIN=Low | temperature_measurement1_Celsius_BIN=Low | temperature_measurement2_Celsius_BIN=Low | water_consumption_BIN=High | water_temperature_deltaCelsius_BIN=High | workpiece_slice_geometry=150x150,16.0,1.0,1.16,Ephemeral,2020-05-27,2020-05-27,False,2020-05-27,3.0,,,,,,,,,,,,,,,,,
life_track,RUL_BIN=Medium | alloy_speed_meter_minute_BIN=High | alloy_type=open | cast_in_row_BIN=High | crystallizer_movementmm_BIN=Low | num_crystallizer_BIN=Medium | resistance_tonn_BIN=Low | steel_temperature_grab1Celsius_BIN=High | steel_type=Arm500 | steel_weighttonn_BIN=High | swing_frequency_amount_minute_BIN=Low | temperature_measurement1_Celsius_BIN=Low | temperature_measurement2_Celsius_BIN=Low | water_consumption_BIN=High | water_temperature_deltaCelsius_BIN=High | workpiece_slice_geometry=150x150,16.0,1.0,1.16,Ephemeral,2020-05-27,2020-05-27,False,2020-05-27,3.0,,,,,,,,,,,,,,,,,
life_track,RUL_BIN=Critical | alloy_speed_meter_minute_BIN=High | alloy_type=open | cast_in_row_BIN=High | crystallizer_movementmm_BIN=Low | num_stream_BIN=Low | resistance_tonn_BIN=Low | steel_temperature_grab1Celsius_BIN=High | steel_type=Arm500 | steel_weighttonn_BIN=High | swing_frequency_amount_minute_BIN=Low | temperature_measurement1_Celsius_BIN=Low | temperature_measurement2_Celsius_BIN=Low | water_consumption_BIN=High | water_temperature_deltaCelsius_BIN=High | workpiece_slice_geometry=150x150,16.0,1.0,1.16,Ephemeral,2020-05-27,2020-05-27,False,2020-05-27,2.0,,,,,,,,,,,,,,,,,
life_track,RUL_BIN=Critical | alloy_speed_meter_minute_BIN=High | alloy_type=open | cast_in_row_BIN=High | crystallizer_movementmm_BIN=Low | num_crystallizer_BIN=Low | resistance_tonn_BIN=Low | steel_temperature_grab1Celsius_BIN=High | steel_type=Arm500 | steel_weighttonn_BIN=High | swing_frequency_amount_minute_BIN=Low | temperature_measurement1_Celsius_BIN=Low | temperature_measurement2_Celsius_BIN=Low | water_consumption_BIN=High | water_temperature_deltaCelsius_BIN=High | workpiece_slice_geometry=150x150,16.0,1.0,1.16,Ephemeral,2020-05-27,2020-05-27,False,2020-05-27,3.0,,,,,,,,,,,,,,,,,
life_track,RUL_BIN=Critical | alloy_speed_meter_minute_BIN=High | alloy_type=open | cast_in_row_BIN=High | crystallizer_movementmm_BIN=Low | num_crystallizer_BIN=High | resistance_tonn_BIN=Low | steel_temperature_grab1Celsius_BIN=High | steel_type=Arm500 | steel_weighttonn_BIN=High | swing_frequency_amount_minute_BIN=Low | temperature_measurement1_Celsius_BIN=Low | temperature_measurement2_Celsius_BIN=Low | water_consumption_BIN=High | water_temperature_deltaCelsius_BIN=High | workpiece_slice_geometry=150x150,16.0,1.0,1.16,Ephemeral,2020-05-27,2020-05-27,False,2020-05-27,3.0,,,,,,,,,,,,,,,,,
life_track,alloy_speed_meter_minute_BIN=Medium | alloy_type=open | cast_in_row_BIN=Medium | crystallizer_movementmm_BIN=Low | num_crystallizer_BIN=Medium | num_stream_BIN=Low | resistance_tonn_BIN=Low | steel_temperature_grab1Celsius_BIN=High | steel_type=Arm500 | steel_weighttonn_BIN=High | swing_frequency_amount_minute_BIN=Medium | temperature_measurement1_Celsius_BIN=Low | temperature_measurement2_Celsius_BIN=Low | water_consumption_BIN=High | water_temperature_deltaCelsius_BIN=High | workpiece_slice_geometry=180x180,16.0,1.0,1.16,Ephemeral,2020-05-28,2020-05-28,False,2020-05-28,2.0,,,,,,,,,,,,,,,,,
life_track,RUL_BIN=Low | alloy_speed_meter_minute_BIN=Medium | alloy_type=open | cast_in_row_BIN=Medium | crystallizer_movementmm_BIN=Low | num_crystallizer_BIN=Medium | resistance_tonn_BIN=Low | steel_temperature_grab1Celsius_BIN=High | steel_type=Arm500 | steel_weighttonn_BIN=High | swing_frequency_amount_minute_BIN=Medium | temperature_measurement1_Celsius_BIN=Low | temperature_measurement2_Celsius_BIN=Low | water_consumption_BIN=High | water_temperature_deltaCelsius_BIN=High | workpiece_slice_geometry=180x180,16.0,1.0,1.16,Ephemeral,2020-05-28,2020-05-28,False,2020-05-28,4.0,,,,,,,,,,,,,,,,,
life_track,alloy_speed_meter_minute_BIN=Medium | alloy_type=open | cast_in_row_BIN=Low | crystallizer_movementmm_BIN=High | num_crystallizer_BIN=Medium | num_stream_BIN=Low | resistance_tonn_BIN=Low | steel_temperature_grab1Celsius_BIN=High | steel_type=1015 | steel_weighttonn_BIN=Medium | swing_frequency_amount_minute_BIN=Medium | temperature_measurement1_Celsius_BIN=Low | temperature_measurement2_Celsius_BIN=Low | water_consumption_BIN=High | water_temperature_deltaCelsius_BIN=High | workpiece_slice_geometry=180x180,16.0,1.0,1.16,Ephemeral,2020-05-30,2020-05-30,False,2020-05-30,2.0,,,,,,,,,,,,,,,,,
life_track,RUL_BIN=Critical | alloy_speed_meter_minute_BIN=Medium | alloy_type=open | cast_in_row_BIN=Low | crystallizer_movementmm_BIN=High | num_crystallizer_BIN=Medium | resistance_tonn_BIN=Low | steel_temperature_grab1Celsius_BIN=High | steel_type=1015 | steel_weighttonn_BIN=Medium | swing_frequency_amount_minute_BIN=Medium | temperature_measurement1_Celsius_BIN=Low | temperature_measurement2_Celsius_BIN=Low | water_consumption_BIN=High | water_temperature_deltaCelsius_BIN=High | workpiece_slice_geometry=180x180,16.0,1.0,1.16,Ephemeral,2020-05-30,2020-05-30,False,2020-05-30,4.0,,,,,,,,,,,,,,,,,
life_track,RUL_BIN=Critical | alloy_speed_meter_minute_BIN=Medium | alloy_type=open | cast_in_row_BIN=Low | crystallizer_movementmm_BIN=High | num_stream_BIN=High | resistance_tonn_BIN=High | steel_temperature_grab1Celsius_BIN=High | steel_type=1015 | steel_weighttonn_BIN=Medium | swing_frequency_amount_minute_BIN=Medium | temperature_measurement1_Celsius_BIN=Low | temperature_measurement2_Celsius_BIN=Low | water_consumption_BIN=High | water_temperature_deltaCelsius_BIN=High | workpiece_slice_geometry=180x180,16.0,1.0,1.16,Ephemeral,2020-05-30,2020-05-30,False,2020-05-30,2.0,,,,,,,,,,,,,,,,,
life_track,alloy_speed_meter_minute_BIN=Medium | alloy_type=open | cast_in_row_BIN=Medium | crystallizer_movementmm_BIN=Low | num_crystallizer_BIN=Medium | num_stream_BIN=Medium | resistance_tonn_BIN=Low | steel_temperature_grab1Celsius_BIN=High | steel_type=Arm500 | steel_weighttonn_BIN=High | swing_frequency_amount_minute_BIN=Medium | temperature_measurement1_Celsius_BIN=Low | temperature_measurement2_Celsius_BIN=Low | water_consumption_BIN=High | water_temperature_deltaCelsius_BIN=High | workpiece_slice_geometry=180x180,16.0,1.0,1.16,Ephemeral,2020-05-31,2020-05-31,False,2020-05-31,4.0,,,,,,,,,,,,,,,,,
life_track,RUL_BIN=Critical | alloy_speed_meter_minute_BIN=Medium | alloy_type=open | cast_in_row_BIN=Medium | crystallizer_movementmm_BIN=Low | num_crystallizer_BIN=Medium | resistance_tonn_BIN=Low | steel_temperature_grab1Celsius_BIN=High | steel_type=Arm500 | steel_weighttonn_BIN=High | swing_frequency_amount_minute_BIN=Medium | temperature_measurement1_Celsius_BIN=Low | temperature_measurement2_Celsius_BIN=Low | water_consumption_BIN=High | water_temperature_deltaCelsius_BIN=High | workpiece_slice_geometry=180x180,16.0,1.0,1.16,Ephemeral,2020-05-31,2020-05-31,False,2020-05-31,5.0,,,,,,,,,,,,,,,,,
life_track,alloy_speed_meter_minute_BIN=High | alloy_type=open | cast_in_row_BIN=Low | crystallizer_movementmm_BIN=High | num_crystallizer_BIN=Medium | num_stream_BIN=Medium | resistance_tonn_BIN=Low | steel_temperature_grab1Celsius_BIN=High | steel_type=St3sp | steel_weighttonn_BIN=High | swing_frequency_amount_minute_BIN=Low | temperature_measurement1_Celsius_BIN=Low | temperature_measurement2_Celsius_BIN=Low | water_consumption_BIN=High | water_temperature_deltaCelsius_BIN=High | workpiece_slice_geometry=150x150,16.0,1.0,1.16,Ephemeral,2020-06-05,2020-06-05,False,2020-06-05,2.0,,,,,,,,,,,,,,,,,
life_track,RUL_BIN=Critical | alloy_speed_meter_minute_BIN=High | alloy_type=open | cast_in_row_BIN=Low | crystallizer_movementmm_BIN=High | num_stream_BIN=Medium | resistance_tonn_BIN=Low | steel_temperature_grab1Celsius_BIN=High | steel_type=St3sp | steel_weighttonn_BIN=High | swing_frequency_amount_minute_BIN=Low | temperature_measurement1_Celsius_BIN=Low | temperature_measurement2_Celsius_BIN=Low | water_consumption_BIN=High | water_temperature_deltaCelsius_BIN=High | workpiece_slice_geometry=150x150,16.0,1.0,1.16,Ephemeral,2020-06-05,2020-06-05,False,2020-06-05,4.0,,,,,,,,,,,,,,,,,
life_track,RUL_BIN=Critical | alloy_speed_meter_minute_BIN=High | alloy_type=open | cast_in_row_BIN=Low | crystallizer_movementmm_BIN=High | num_crystallizer_BIN=High | resistance_tonn_BIN=Low | steel_temperature_grab1Celsius_BIN=High | steel_type=St3sp | steel_weighttonn_BIN=High | swing_frequency_amount_minute_BIN=Low | temperature_measurement1_Celsius_BIN=Low | temperature_measurement2_Celsius_BIN=Low | water_consumption_BIN=High | water_temperature_deltaCelsius_BIN=High | workpiece_slice_geometry=150x150,16.0,1.0,1.16,Ephemeral,2020-06-05,2020-06-05,False,2020-06-05,4.0,,,,,,,,,,,,,,,,,
life_track,alloy_speed_meter_minute_BIN=Medium | alloy_type=open | cast_in_row_BIN=Low | crystallizer_movementmm_BIN=High | num_crystallizer_BIN=Medium | num_stream_BIN=Medium | resistance_tonn_BIN=Low | steel_temperature_grab1Celsius_BIN=High | steel_type=Arm500 | steel_weighttonn_BIN=High | swing_frequency_amount_minute_BIN=High | temperature_measurement1_Celsius_BIN=Low | temperature_measurement2_Celsius_BIN=Low | water_consumption_BIN=High | water_temperature_deltaCelsius_BIN=High | workpiece_slice_geometry=180x180,16.0,1.0,1.16,Ephemeral,2020-06-08,2020-06-08,False,2020-06-08,3.0,,,,,,,,,,,,,,,,,
life_track,RUL_BIN=Critical | alloy_speed_meter_minute_BIN=Medium | alloy_type=open | cast_in_row_BIN=Low | crystallizer_movementmm_BIN=High | num_stream_BIN=Medium | resistance_tonn_BIN=Low | steel_temperature_grab1Celsius_BIN=High | steel_type=Arm500 | steel_weighttonn_BIN=High | swing_frequency_amount_minute_BIN=High | temperature_measurement1_Celsius_BIN=Low | temperature_measurement2_Celsius_BIN=Low | water_consumption_BIN=High | water_temperature_deltaCelsius_BIN=High | workpiece_slice_geometry=180x180,16.0,1.0,1.16,Ephemeral,2020-06-08,2020-06-08,False,2020-06-08,3.0,,,,,,,,,,,,,,,,,
life_track,RUL_BIN=Critical | alloy_speed_meter_minute_BIN=Medium | alloy_type=open | cast_in_row_BIN=High | crystallizer_movementmm_BIN=Low | num_crystallizer_BIN=Medium | resistance_tonn_BIN=Low | steel_temperature_grab1Celsius_BIN=High | steel_type=Arm500 | steel_weighttonn_BIN=High | swing_frequency_amount_minute_BIN=High | temperature_measurement1_Celsius_BIN=Low | temperature_measurement2_Celsius_BIN=Low | water_consumption_BIN=High | water_temperature_deltaCelsius_BIN=High | workpiece_slice_geometry=180x180,16.0,1.0,1.16,Ephemeral,2020-06-09,2020-06-09,False,2020-06-09,4.0,,,,,,,,,,,,,,,,,
life_track,RUL_BIN=Healthy | alloy_speed_meter_minute_BIN=High | alloy_type=close | cast_in_row_BIN=Low | crystallizer_movementmm_BIN=Low | num_stream_BIN=High | resistance_tonn_BIN=Low | steel_temperature_grab1Celsius_BIN=High | steel_type=1010 | steel_weighttonn_BIN=High | swing_frequency_amount_minute_BIN=Medium | temperature_measurement1_Celsius_BIN=Low | temperature_measurement2_Celsius_BIN=Low | water_consumption_BIN=High | water_temperature_deltaCelsius_BIN=Low | workpiece_slice_geometry=150x150,16.0,1.0,1.16,Ephemeral,2020-07-05,2020-07-05,False,2020-07-05,4.0,,,,,,,,,,,,,,,,,
life_track,RUL_BIN=Healthy | alloy_speed_meter_minute_BIN=High | alloy_type=close | cast_in_row_BIN=Low | crystallizer_movementmm_BIN=Low | num_crystallizer_BIN=Low | resistance_tonn_BIN=Low | steel_temperature_grab1Celsius_BIN=High | steel_type=1010 | steel_weighttonn_BIN=High | swing_frequency_amount_minute_BIN=Medium | temperature_measurement1_Celsius_BIN=Low | temperature_measurement2_Celsius_BIN=Low | water_consumption_BIN=High | water_temperature_deltaCelsius_BIN=Low | workpiece_slice_geometry=150x150,16.0,1.0,1.16,Ephemeral,2020-07-05,2020-07-05,False,2020-07-05,2.0,,,,,,,,,,,,,,,,,
life_track,RUL_BIN=Healthy | alloy_speed_meter_minute_BIN=High | alloy_type=close | cast_in_row_BIN=Low | crystallizer_movementmm_BIN=Low | num_crystallizer_BIN=Medium | resistance_tonn_BIN=Low | steel_temperature_grab1Celsius_BIN=High | steel_type=1010 | steel_weighttonn_BIN=High | swing_frequency_amount_minute_BIN=Medium | temperature_measurement1_Celsius_BIN=Low | temperature_measurement2_Celsius_BIN=Low | water_consumption_BIN=High | water_temperature_deltaCelsius_BIN=High | workpiece_slice_geometry=150x150,16.0,1.0,1.16,Ephemeral,2020-07-05,2020-07-05,False,2020-07-05,4.0,,,,,,,,,,,,,,,,,
life_track,RUL_BIN=Healthy | alloy_speed_meter_minute_BIN=Medium | alloy_type=open | cast_in_row_BIN=Low | crystallizer_movementmm_BIN=Low | num_stream_BIN=Low | resistance_tonn_BIN=Low | steel_temperature_grab1Celsius_BIN=High | steel_type=Arm500 | steel_weighttonn_BIN=Medium | swing_frequency_amount_minute_BIN=High | temperature_measurement1_Celsius_BIN=Low | temperature_measurement2_Celsius_BIN=Low | water_consumption_BIN=High | water_temperature_deltaCelsius_BIN=High | workpiece_slice_geometry=180x180,16.0,1.0,1.16,Ephemeral,2020-07-09,2020-07-09,False,2020-07-09,4.0,,,,,,,,,,,,,,,,,
life_track,RUL_BIN=Healthy | alloy_speed_meter_minute_BIN=Medium | alloy_type=open | cast_in_row_BIN=Low | crystallizer_movementmm_BIN=Low | num_stream_BIN=High | resistance_tonn_BIN=Low | steel_temperature_grab1Celsius_BIN=High | steel_type=Arm500 | steel_weighttonn_BIN=Medium | swing_frequency_amount_minute_BIN=High | temperature_measurement1_Celsius_BIN=Low | temperature_measurement2_Celsius_BIN=Low | water_consumption_BIN=High | water_temperature_deltaCelsius_BIN=High | workpiece_slice_geometry=180x180,16.0,1.0,1.16,Ephemeral,2020-07-09,2020-07-09,False,2020-07-09,2.0,,,,,,,,,,,,,,,,,
life_track,RUL_BIN=Healthy | alloy_speed_meter_minute_BIN=Medium | alloy_type=open | cast_in_row_BIN=Low | crystallizer_movementmm_BIN=Low | num_crystallizer_BIN=Medium | resistance_tonn_BIN=Low | steel_temperature_grab1Celsius_BIN=High | steel_type=Arm500 | steel_weighttonn_BIN=Medium | swing_frequency_amount_minute_BIN=High | temperature_measurement1_Celsius_BIN=Low | temperature_measurement2_Celsius_BIN=Low | water_consumption_BIN=High | water_temperature_deltaCelsius_BIN=High | workpiece_slice_geometry=180x180,16.0,1.0,1.16,Ephemeral,2020-07-09,2020-07-09,False,2020-07-09,7.0,,,,,,,,,,,,,,,,,
life_track,RUL_BIN=Healthy | alloy_speed_meter_minute_BIN=Medium | alloy_type=open | cast_in_row_BIN=Medium | crystallizer_movementmm_BIN=High | num_stream_BIN=Low | resistance_tonn_BIN=Low | steel_temperature_grab1Celsius_BIN=High | steel_type=Arm500 | steel_weighttonn_BIN=High | swing_frequency_amount_minute_BIN=High | temperature_measurement1_Celsius_BIN=Low | temperature_measurement2_Celsius_BIN=Low | water_consumption_BIN=High | water_temperature_deltaCelsius_BIN=High | workpiece_slice_geometry=180x180,16.0,1.0,1.16,Ephemeral,2020-07-13,2020-07-13,False,2020-07-13,2.0,,,,,,,,,,,,,,,,,
life_track,RUL_BIN=Healthy | alloy_speed_meter_minute_BIN=Medium | alloy_type=open | cast_in_row_BIN=Medium | crystallizer_movementmm_BIN=High | num_crystallizer_BIN=Low | resistance_tonn_BIN=Low | steel_temperature_grab1Celsius_BIN=High | steel_type=Arm500 | steel_weighttonn_BIN=High | swing_frequency_amount_minute_BIN=High | temperature_measurement1_Celsius_BIN=Low | temperature_measurement2_Celsius_BIN=Low | water_consumption_BIN=High | water_temperature_deltaCelsius_BIN=High | workpiece_slice_geometry=180x180,16.0,1.0,1.16,Ephemeral,2020-07-13,2020-07-13,False,2020-07-13,2.0,,,,,,,,,,,,,,,,,
life_track,alloy_speed_meter_minute_BIN=Medium | alloy_type=open | cast_in_row_BIN=High | crystallizer_movementmm_BIN=Low | num_crystallizer_BIN=Medium | num_stream_BIN=Medium | resistance_tonn_BIN=Low | steel_temperature_grab1Celsius_BIN=High | steel_type=Arm500 | steel_weighttonn_BIN=High | swing_frequency_amount_minute_BIN=High | temperature_measurement1_Celsius_BIN=Low | temperature_measurement2_Celsius_BIN=Low | water_consumption_BIN=High | water_temperature_deltaCelsius_BIN=High | workpiece_slice_geometry=180x180,16.0,1.0,1.16,Ephemeral,2020-07-14,2020-07-14,False,2020-07-14,2.0,,,,,,,,,,,,,,,,,
life_track,alloy_speed_meter_minute_BIN=Medium | alloy_type=open | cast_in_row_BIN=High | crystallizer_movementmm_BIN=Low | num_crystallizer_BIN=Medium | num_stream_BIN=Low | resistance_tonn_BIN=Low | steel_temperature_grab1Celsius_BIN=High | steel_type=Arm500 | steel_weighttonn_BIN=High | swing_frequency_amount_minute_BIN=High | temperature_measurement1_Celsius_BIN=Low | temperature_measurement2_Celsius_BIN=Low | water_consumption_BIN=High | water_temperature_deltaCelsius_BIN=High | workpiece_slice_geometry=180x180,16.0,1.0,1.16,Ephemeral,2020-07-14,2020-07-14,False,2020-07-14,3.0,,,,,,,,,,,,,,,,,
life_track,RUL_BIN=Medium | alloy_speed_meter_minute_BIN=Medium | alloy_type=open | cast_in_row_BIN=High | crystallizer_movementmm_BIN=Low | num_stream_BIN=High | resistance_tonn_BIN=Low | steel_temperature_grab1Celsius_BIN=High | steel_type=Arm500 | steel_weighttonn_BIN=High | swing_frequency_amount_minute_BIN=High | temperature_measurement1_Celsius_BIN=Low | temperature_measurement2_Celsius_BIN=Low | water_consumption_BIN=High | water_temperature_deltaCelsius_BIN=High | workpiece_slice_geometry=180x180,16.0,1.0,1.16,Ephemeral,2020-07-14,2020-07-14,False,2020-07-14,2.0,,,,,,,,,,,,,,,,,
life_track,RUL_BIN=Medium | alloy_speed_meter_minute_BIN=Medium | alloy_type=open | cast_in_row_BIN=High | crystallizer_movementmm_BIN=Low | num_crystallizer_BIN=Medium | resistance_tonn_BIN=Low | steel_temperature_grab1Celsius_BIN=High | steel_type=Arm500 | steel_weighttonn_BIN=High | swing_frequency_amount_minute_BIN=High | temperature_measurement1_Celsius_BIN=Low | temperature_measurement2_Celsius_BIN=Low | water_consumption_BIN=High | water_temperature_deltaCelsius_BIN=High | workpiece_slice_geometry=180x180,16.0,1.0,1.16,Ephemeral,2020-07-14,2020-07-14,False,2020-07-14,4.0,,,,,,,,,,,,,,,,,
life_track,RUL_BIN=Healthy | alloy_speed_meter_minute_BIN=Medium | alloy_type=open | cast_in_row_BIN=High | crystallizer_movementmm_BIN=Low | num_stream_BIN=Medium | resistance_tonn_BIN=Low | steel_temperature_grab1Celsius_BIN=High | steel_type=Arm500 | steel_weighttonn_BIN=High | swing_frequency_amount_minute_BIN=High | temperature_measurement1_Celsius_BIN=Low | temperature_measurement2_Celsius_BIN=Low | water_consumption_BIN=High | water_temperature_deltaCelsius_BIN=High | workpiece_slice_geometry=180x180,16.0,1.0,1.16,Ephemeral,2020-07-14,2020-07-14,False,2020-07-14,2.0,,,,,,,,,,,,,,,,,
life_track,RUL_BIN=Healthy | alloy_speed_meter_minute_BIN=Medium | alloy_type=open | cast_in_row_BIN=High | crystallizer_movementmm_BIN=Low | num_stream_BIN=Low | resistance_tonn_BIN=Low | steel_temperature_grab1Celsius_BIN=High | steel_type=Arm500 | steel_weighttonn_BIN=High | swing_frequency_amount_minute_BIN=High | temperature_measurement1_Celsius_BIN=Low | temperature_measurement2_Celsius_BIN=Low | water_consumption_BIN=High | water_temperature_deltaCelsius_BIN=High | workpiece_slice_geometry=180x180,16.0,1.0,1.16,Ephemeral,2020-07-14,2020-07-14,False,2020-07-14,2.0,,,,,,,,,,,,,,,,,
life_track,RUL_BIN=Healthy | alloy_speed_meter_minute_BIN=Medium | alloy_type=open | cast_in_row_BIN=High | crystallizer_movementmm_BIN=Low | num_crystallizer_BIN=Medium | resistance_tonn_BIN=Low | steel_temperature_grab1Celsius_BIN=High | steel_type=Arm500 | steel_weighttonn_BIN=High | swing_frequency_amount_minute_BIN=High | temperature_measurement1_Celsius_BIN=Low | temperature_measurement2_Celsius_BIN=Low | water_consumption_BIN=High | water_temperature_deltaCelsius_BIN=High | workpiece_slice_geometry=180x180,16.0,1.0,1.16,Ephemeral,2020-07-14,2020-07-14,False,2020-07-14,2.0,,,,,,,,,,,,,,,,,
life_track,RUL_BIN=Medium | alloy_speed_meter_minute_BIN=Medium | alloy_type=open | cast_in_row_BIN=Medium | crystallizer_movementmm_BIN=High | num_stream_BIN=High | resistance_tonn_BIN=Low | steel_temperature_grab1Celsius_BIN=High | steel_type=Arm500 | steel_weighttonn_BIN=High | swing_frequency_amount_minute_BIN=High | temperature_measurement1_Celsius_BIN=Low | temperature_measurement2_Celsius_BIN=Low | water_consumption_BIN=High | water_temperature_deltaCelsius_BIN=High | workpiece_slice_geometry=180x180,16.0,1.0,1.16,Ephemeral,2020-07-15,2020-07-15,False,2020-07-15,3.0,,,,,,,,,,,,,,,,,
life_track,RUL_BIN=Medium | alloy_speed_meter_minute_BIN=Medium | alloy_type=open | cast_in_row_BIN=Medium | crystallizer_movementmm_BIN=High | num_crystallizer_BIN=Medium | resistance_tonn_BIN=Low | steel_temperature_grab1Celsius_BIN=High | steel_type=Arm500 | steel_weighttonn_BIN=High | swing_frequency_amount_minute_BIN=High | temperature_measurement1_Celsius_BIN=Low | temperature_measurement2_Celsius_BIN=Low | water_consumption_BIN=High | water_temperature_deltaCelsius_BIN=High | workpiece_slice_geometry=180x180,16.0,1.0,1.16,Ephemeral,2020-07-15,2020-07-15,False,2020-07-15,4.0,,,,,,,,,,,,,,,,,
life_track,RUL_BIN=Healthy | alloy_speed_meter_minute_BIN=Medium | alloy_type=open | cast_in_row_BIN=Medium | crystallizer_movementmm_BIN=High | num_stream_BIN=Medium | resistance_tonn_BIN=Low | steel_temperature_grab1Celsius_BIN=High | steel_type=Arm500 | steel_weighttonn_BIN=High | swing_frequency_amount_minute_BIN=High | temperature_measurement1_Celsius_BIN=Low | temperature_measurement2_Celsius_BIN=Low | water_consumption_BIN=High | water_temperature_deltaCelsius_BIN=High | workpiece_slice_geometry=180x180,16.0,1.0,1.16,Ephemeral,2020-07-15,2020-07-15,False,2020-07-15,2.0,,,,,,,,,,,,,,,,,
life_track,RUL_BIN=Medium | alloy_speed_meter_minute_BIN=Medium | alloy_type=open | cast_in_row_BIN=Low | crystallizer_movementmm_BIN=Low | num_stream_BIN=High | resistance_tonn_BIN=Low | steel_temperature_grab1Celsius_BIN=High | steel_type=Arm500 | steel_weighttonn_BIN=High | swing_frequency_amount_minute_BIN=High | temperature_measurement1_Celsius_BIN=Low | temperature_measurement2_Celsius_BIN=Low | water_consumption_BIN=High | water_temperature_deltaCelsius_BIN=High | workpiece_slice_geometry=180x180,16.0,1.0,1.16,Ephemeral,2020-07-16,2020-07-16,False,2020-07-16,2.0,,,,,,,,,,,,,,,,,
life_track,RUL_BIN=Healthy | alloy_speed_meter_minute_BIN=Medium | alloy_type=open | cast_in_row_BIN=Low | crystallizer_movementmm_BIN=Low | num_stream_BIN=Medium | resistance_tonn_BIN=Low | steel_temperature_grab1Celsius_BIN=High | steel_type=Arm500 | steel_weighttonn_BIN=High | swing_frequency_amount_minute_BIN=High | temperature_measurement1_Celsius_BIN=Low | temperature_measurement2_Celsius_BIN=Low | water_consumption_BIN=High | water_temperature_deltaCelsius_BIN=High | workpiece_slice_geometry=180x180,16.0,1.0,1.16,Ephemeral,2020-07-16,2020-07-16,False,2020-07-16,2.0,,,,,,,,,,,,,,,,,
life_track,alloy_speed_meter_minute_BIN=Medium | alloy_type=open | cast_in_row_BIN=High | crystallizer_movementmm_BIN=High | num_crystallizer_BIN=Medium | num_stream_BIN=Medium | resistance_tonn_BIN=Low | steel_temperature_grab1Celsius_BIN=High | steel_type=Arm500 | steel_weighttonn_BIN=High | swing_frequency_amount_minute_BIN=High | temperature_measurement1_Celsius_BIN=Low | temperature_measurement2_Celsius_BIN=Low | water_consumption_BIN=High | water_temperature_deltaCelsius_BIN=High | workpiece_slice_geometry=180x180,16.0,1.0,1.16,Ephemeral,2020-07-17,2020-07-17,False,2020-07-17,2.0,,,,,,,,,,,,,,,,,
life_track,RUL_BIN=Medium | alloy_speed_meter_minute_BIN=Medium | alloy_type=open | cast_in_row_BIN=High | crystallizer_movementmm_BIN=High | num_stream_BIN=Medium | resistance_tonn_BIN=Low | steel_temperature_grab1Celsius_BIN=High | steel_type=Arm500 | steel_weighttonn_BIN=High | swing_frequency_amount_minute_BIN=High | temperature_measurement1_Celsius_BIN=Low | temperature_measurement2_Celsius_BIN=Low | water_consumption_BIN=High | water_temperature_deltaCelsius_BIN=High | workpiece_slice_geometry=180x180,16.0,1.0,1.16,Ephemeral,2020-07-17,2020-07-17,False,2020-07-17,2.0,,,,,,,,,,,,,,,,,
life_track,RUL_BIN=Medium | alloy_speed_meter_minute_BIN=Medium | alloy_type=open | cast_in_row_BIN=High | crystallizer_movementmm_BIN=High | num_stream_BIN=Low | resistance_tonn_BIN=Low | steel_temperature_grab1Celsius_BIN=High | steel_type=Arm500 | steel_weighttonn_BIN=High | swing_frequency_amount_minute_BIN=High | temperature_measurement1_Celsius_BIN=Low | temperature_measurement2_Celsius_BIN=Low | water_consumption_BIN=High | water_temperature_deltaCelsius_BIN=High | workpiece_slice_geometry=180x180,16.0,1.0,1.16,Ephemeral,2020-07-17,2020-07-17,False,2020-07-17,4.0,,,,,,,,,,,,,,,,,
life_track,RUL_BIN=Medium | alloy_speed_meter_minute_BIN=Medium | alloy_type=open | cast_in_row_BIN=High | crystallizer_movementmm_BIN=High | num_crystallizer_BIN=Medium | resistance_tonn_BIN=Low | steel_temperature_grab1Celsius_BIN=High | steel_type=Arm500 | steel_weighttonn_BIN=High | swing_frequency_amount_minute_BIN=High | temperature_measurement1_Celsius_BIN=Low | temperature_measurement2_Celsius_BIN=Low | water_consumption_BIN=High | water_temperature_deltaCelsius_BIN=High | workpiece_slice_geometry=180x180,16.0,1.0,1.16,Ephemeral,2020-07-17,2020-07-17,False,2020-07-17,5.0,,,,,,,,,,,,,,,,,
life_track,RUL_BIN=Medium | alloy_speed_meter_minute_BIN=Medium | alloy_type=open | cast_in_row_BIN=Low | crystallizer_movementmm_BIN=Low | num_stream_BIN=Low | resistance_tonn_BIN=Low | steel_temperature_grab1Celsius_BIN=High | steel_type=Arm500 | steel_weighttonn_BIN=High | swing_frequency_amount_minute_BIN=High | temperature_measurement1_Celsius_BIN=Low | temperature_measurement2_Celsius_BIN=Low | water_consumption_BIN=High | water_temperature_deltaCelsius_BIN=High | workpiece_slice_geometry=180x180,16.0,1.0,1.16,Ephemeral,2020-07-18,2020-07-18,False,2020-07-18,2.0,,,,,,,,,,,,,,,,,
life_track,RUL_BIN=Medium | alloy_speed_meter_minute_BIN=Medium | alloy_type=open | cast_in_row_BIN=Medium | crystallizer_movementmm_BIN=High | num_crystallizer_BIN=Low | resistance_tonn_BIN=Low | steel_temperature_grab1Celsius_BIN=High | steel_type=Arm500 | steel_weighttonn_BIN=High | swing_frequency_amount_minute_BIN=High | temperature_measurement1_Celsius_BIN=Low | temperature_measurement2_Celsius_BIN=Low | water_consumption_BIN=High | water_temperature_deltaCelsius_BIN=High | workpiece_slice_geometry=180x180,16.0,1.0,1.16,Ephemeral,2020-07-19,2020-07-19,False,2020-07-19,2.0,,,,,,,,,,,,,,,,,
life_track,RUL_BIN=Low | alloy_speed_meter_minute_BIN=Medium | alloy_type=open | cast_in_row_BIN=Medium | crystallizer_movementmm_BIN=High | num_stream_BIN=High | resistance_tonn_BIN=Low | steel_temperature_grab1Celsius_BIN=High | steel_type=Arm500 | steel_weighttonn_BIN=High | swing_frequency_amount_minute_BIN=High | temperature_measurement1_Celsius_BIN=Low | temperature_measurement2_Celsius_BIN=Low | water_consumption_BIN=High | water_temperature_deltaCelsius_BIN=High | workpiece_slice_geometry=180x180,16.0,1.0,1.16,Ephemeral,2020-07-19,2020-07-19,False,2020-07-19,3.0,,,,,,,,,,,,,,,,,
life_track,RUL_BIN=Low | alloy_speed_meter_minute_BIN=Medium | alloy_type=open | cast_in_row_BIN=Medium | crystallizer_movementmm_BIN=High | num_crystallizer_BIN=Medium | resistance_tonn_BIN=Low | steel_temperature_grab1Celsius_BIN=High | steel_type=Arm500 | steel_weighttonn_BIN=High | swing_frequency_amount_minute_BIN=High | temperature_measurement1_Celsius_BIN=Low | temperature_measurement2_Celsius_BIN=Low | water_consumption_BIN=High | water_temperature_deltaCelsius_BIN=High | workpiece_slice_geometry=180x180,16.0,1.0,1.16,Ephemeral,2020-07-19,2020-07-19,False,2020-07-19,4.0,,,,,,,,,,,,,,,,,
life_track,RUL_BIN=Medium | alloy_speed_meter_minute_BIN=Medium | alloy_type=open | cast_in_row_BIN=Low | crystallizer_movementmm_BIN=Low | num_stream_BIN=Medium | resistance_tonn_BIN=Low | steel_temperature_grab1Celsius_BIN=High | steel_type=Arm500 | steel_weighttonn_BIN=High | swing_frequency_amount_minute_BIN=High | temperature_measurement1_Celsius_BIN=Low | temperature_measurement2_Celsius_BIN=Low | water_consumption_BIN=High | water_temperature_deltaCelsius_BIN=High | workpiece_slice_geometry=180x180,16.0,1.0,1.16,Ephemeral,2020-07-20,2020-07-20,False,2020-07-20,2.0,,,,,,,,,,,,,,,,,
life_track,RUL_BIN=Medium | alloy_speed_meter_minute_BIN=Medium | alloy_type=open | cast_in_row_BIN=Low | crystallizer_movementmm_BIN=Low | num_crystallizer_BIN=Low | resistance_tonn_BIN=Low | steel_temperature_grab1Celsius_BIN=High | steel_type=Arm500 | steel_weighttonn_BIN=High | swing_frequency_amount_minute_BIN=High | temperature_measurement1_Celsius_BIN=Low | temperature_measurement2_Celsius_BIN=Low | water_consumption_BIN=High | water_temperature_deltaCelsius_BIN=High | workpiece_slice_geometry=180x180,16.0,1.0,1.16,Ephemeral,2020-07-20,2020-07-20,False,2020-07-20,2.0,,,,,,,,,,,,,,,,,
life_track,RUL_BIN=Low | alloy_speed_meter_minute_BIN=Medium | alloy_type=open | cast_in_row_BIN=Medium | crystallizer_movementmm_BIN=Low | num_stream_BIN=High | resistance_tonn_BIN=Low | steel_temperature_grab1Celsius_BIN=High | steel_type=Arm500 | steel_weighttonn_BIN=High | swing_frequency_amount_minute_BIN=High | temperature_measurement1_Celsius_BIN=Low | temperature_measurement2_Celsius_BIN=Low | water_consumption_BIN=High | water_temperature_deltaCelsius_BIN=High | workpiece_slice_geometry=180x180,16.0,1.0,1.16,Ephemeral,2020-07-22,2020-07-22,False,2020-07-22,2.0,,,,,,,,,,,,,,,,,
life_track,alloy_speed_meter_minute_BIN=Medium | alloy_type=open | cast_in_row_BIN=Medium | crystallizer_movementmm_BIN=High | num_crystallizer_BIN=Medium | num_stream_BIN=Medium | resistance_tonn_BIN=Low | steel_temperature_grab1Celsius_BIN=High | steel_type=Arm500 | steel_weighttonn_BIN=Medium | swing_frequency_amount_minute_BIN=High | temperature_measurement1_Celsius_BIN=Low | temperature_measurement2_Celsius_BIN=Low | water_consumption_BIN=High | water_temperature_deltaCelsius_BIN=High | workpiece_slice_geometry=180x180,16.0,1.0,1.16,Ephemeral,2020-07-23,2020-07-23,False,2020-07-23,2.0,,,,,,,,,,,,,,,,,
life_track,RUL_BIN=Low | alloy_speed_meter_minute_BIN=Medium | alloy_type=open | cast_in_row_BIN=Medium | crystallizer_movementmm_BIN=High | num_stream_BIN=Medium | resistance_tonn_BIN=Low | steel_temperature_grab1Celsius_BIN=High | steel_type=Arm500 | steel_weighttonn_BIN=Medium | swing_frequency_amount_minute_BIN=High | temperature_measurement1_Celsius_BIN=Low | temperature_measurement2_Celsius_BIN=Low | water_consumption_BIN=High | water_temperature_deltaCelsius_BIN=High | workpiece_slice_geometry=180x180,16.0,1.0,1.16,Ephemeral,2020-07-23,2020-07-23,False,2020-07-23,2.0,,,,,,,,,,,,,,,,,
life_track,RUL_BIN=Low | alloy_speed_meter_minute_BIN=Medium | alloy_type=open | cast_in_row_BIN=Medium | crystallizer_movementmm_BIN=High | num_stream_BIN=High | resistance_tonn_BIN=Low | steel_temperature_grab1Celsius_BIN=High | steel_type=Arm500 | steel_weighttonn_BIN=Medium | swing_frequency_amount_minute_BIN=High | temperature_measurement1_Celsius_BIN=Low | temperature_measurement2_Celsius_BIN=Low | water_consumption_BIN=High | water_temperature_deltaCelsius_BIN=High | workpiece_slice_geometry=180x180,16.0,1.0,1.16,Ephemeral,2020-07-23,2020-07-23,False,2020-07-23,3.0,,,,,,,,,,,,,,,,,
life_track,RUL_BIN=Low | alloy_speed_meter_minute_BIN=Medium | alloy_type=open | cast_in_row_BIN=Medium | crystallizer_movementmm_BIN=High | num_crystallizer_BIN=Medium | resistance_tonn_BIN=Low | steel_temperature_grab1Celsius_BIN=High | steel_type=Arm500 | steel_weighttonn_BIN=Medium | swing_frequency_amount_minute_BIN=High | temperature_measurement1_Celsius_BIN=Low | temperature_measurement2_Celsius_BIN=Low | water_consumption_BIN=High | water_temperature_deltaCelsius_BIN=High | workpiece_slice_geometry=180x180,16.0,1.0,1.16,Ephemeral,2020-07-23,2020-07-23,False,2020-07-23,5.0,,,,,,,,,,,,,,,,,
life_track,alloy_speed_meter_minute_BIN=Medium | alloy_type=open | cast_in_row_BIN=Low | crystallizer_movementmm_BIN=Low | num_crystallizer_BIN=Medium | num_stream_BIN=Low | resistance_tonn_BIN=Low | steel_temperature_grab1Celsius_BIN=High | steel_type=Arm500 | steel_weighttonn_BIN=High | swing_frequency_amount_minute_BIN=High | temperature_measurement1_Celsius_BIN=Low | temperature_measurement2_Celsius_BIN=Low | water_consumption_BIN=High | water_temperature_deltaCelsius_BIN=High | workpiece_slice_geometry=180x180,16.0,1.0,1.16,Ephemeral,2020-07-24,2020-07-24,False,2020-07-24,3.0,,,,,,,,,,,,,,,,,
life_track,RUL_BIN=Critical | alloy_speed_meter_minute_BIN=Medium | alloy_type=open | cast_in_row_BIN=Medium | crystallizer_movementmm_BIN=High | num_stream_BIN=High | resistance_tonn_BIN=Low | steel_temperature_grab1Celsius_BIN=High | steel_type=Arm500 | steel_weighttonn_BIN=Medium | swing_frequency_amount_minute_BIN=High | temperature_measurement1_Celsius_BIN=Low | temperature_measurement2_Celsius_BIN=Low | water_consumption_BIN=High | water_temperature_deltaCelsius_BIN=High | workpiece_slice_geometry=180x180,16.0,1.0,1.16,Ephemeral,2020-07-25,2020-07-25,False,2020-07-25,2.0,,,,,,,,,,,,,,,,,
life_track,RUL_BIN=Critical | alloy_speed_meter_minute_BIN=Medium | alloy_type=open | cast_in_row_BIN=Medium | crystallizer_movementmm_BIN=High | num_crystallizer_BIN=Medium | resistance_tonn_BIN=Low | steel_temperature_grab1Celsius_BIN=High | steel_type=Arm500 | steel_weighttonn_BIN=Medium | swing_frequency_amount_minute_BIN=High | temperature_measurement1_Celsius_BIN=Low | temperature_measurement2_Celsius_BIN=Low | water_consumption_BIN=High | water_temperature_deltaCelsius_BIN=High | workpiece_slice_geometry=180x180,16.0,1.0,1.16,Ephemeral,2020-07-25,2020-07-25,False,2020-07-25,2.0,,,,,,,,,,,,,,,,,
life_track,alloy_speed_meter_minute_BIN=Medium | alloy_type=open | cast_in_row_BIN=Medium | crystallizer_movementmm_BIN=High | num_crystallizer_BIN=Low | num_stream_BIN=Low | resistance_tonn_BIN=Low | steel_temperature_grab1Celsius_BIN=High | steel_type=Arm500 | steel_weighttonn_BIN=High | swing_frequency_amount_minute_BIN=High | temperature_measurement1_Celsius_BIN=Low | temperature_measurement2_Celsius_BIN=Low | water_consumption_BIN=High | water_temperature_deltaCelsius_BIN=High | workpiece_slice_geometry=180x180,16.0,1.0,1.16,Ephemeral,2020-07-29,2020-07-29,False,2020-07-29,2.0,,,,,,,,,,,,,,,,,
life_track,RUL_BIN=Critical | alloy_speed_meter_minute_BIN=Medium | alloy_type=open | cast_in_row_BIN=Medium | crystallizer_movementmm_BIN=High | num_stream_BIN=Low | resistance_tonn_BIN=Low | steel_temperature_grab1Celsius_BIN=High | steel_type=Arm500 | steel_weighttonn_BIN=High | swing_frequency_amount_minute_BIN=High | temperature_measurement1_Celsius_BIN=Low | temperature_measurement2_Celsius_BIN=Low | water_consumption_BIN=High | water_temperature_deltaCelsius_BIN=High | workpiece_slice_geometry=180x180,16.0,1.0,1.16,Ephemeral,2020-07-29,2020-07-29,False,2020-07-29,2.0,,,,,,,,,,,,,,,,,
life_track,RUL_BIN=Critical | alloy_speed_meter_minute_BIN=Medium | alloy_type=open | cast_in_row_BIN=Medium | crystallizer_movementmm_BIN=High | num_crystallizer_BIN=Medium | resistance_tonn_BIN=Low | steel_temperature_grab1Celsius_BIN=High | steel_type=Arm500 | steel_weighttonn_BIN=High | swing_frequency_amount_minute_BIN=High | temperature_measurement1_Celsius_BIN=Low | temperature_measurement2_Celsius_BIN=Low | water_consumption_BIN=High | water_temperature_deltaCelsius_BIN=High | workpiece_slice_geometry=180x180,16.0,1.0,1.16,Ephemeral,2020-07-29,2020-07-29,False,2020-07-29,3.0,,,,,,,,,,,,,,,,,
life_track,alloy_speed_meter_minute_BIN=Medium | alloy_type=open | cast_in_row_BIN=Low | crystallizer_movementmm_BIN=Low | num_crystallizer_BIN=Medium | num_stream_BIN=High | resistance_tonn_BIN=Low | steel_temperature_grab1Celsius_BIN=High | steel_type=Arm500 | steel_weighttonn_BIN=Medium | swing_frequency_amount_minute_BIN=High | temperature_measurement1_Celsius_BIN=Low | temperature_measurement2_Celsius_BIN=Low | water_consumption_BIN=High | water_temperature_deltaCelsius_BIN=High | workpiece_slice_geometry=180x180,16.0,1.0,1.16,Ephemeral,2020-07-31,2020-07-31,False,2020-07-31,2.0,,,,,,,,,,,,,,,,,
life_track,RUL_BIN=Medium | alloy_speed_meter_minute_BIN=Medium | alloy_type=open | cast_in_row_BIN=Low | crystallizer_movementmm_BIN=Low | num_stream_BIN=High | resistance_tonn_BIN=Low | steel_temperature_grab1Celsius_BIN=High | steel_type=Arm500 | steel_weighttonn_BIN=Medium | swing_frequency_amount_minute_BIN=High | temperature_measurement1_Celsius_BIN=Low | temperature_measurement2_Celsius_BIN=Low | water_consumption_BIN=High | water_temperature_deltaCelsius_BIN=High | workpiece_slice_geometry=180x180,16.0,1.0,1.16,Ephemeral,2020-07-31,2020-07-31,False,2020-07-31,2.0,,,,,,,,,,,,,,,,,
life_track,RUL_BIN=Critical | alloy_speed_meter_minute_BIN=Medium | alloy_type=open | cast_in_row_BIN=Low | crystallizer_movementmm_BIN=Low | num_stream_BIN=Low | resistance_tonn_BIN=Low | steel_temperature_grab1Celsius_BIN=High | steel_type=Arm500 | steel_weighttonn_BIN=Medium | swing_frequency_amount_minute_BIN=High | temperature_measurement1_Celsius_BIN=Low | temperature_measurement2_Celsius_BIN=Low | water_consumption_BIN=High | water_temperature_deltaCelsius_BIN=High | workpiece_slice_geometry=180x180,16.0,1.0,1.16,Ephemeral,2020-07-31,2020-07-31,False,2020-07-31,3.0,,,,,,,,,,,,,,,,,
life_track,alloy_speed_meter_minute_BIN=High | alloy_type=open | cast_in_row_BIN=Low | crystallizer_movementmm_BIN=Medium | num_crystallizer_BIN=Medium | num_stream_BIN=High | resistance_tonn_BIN=Low | steel_temperature_grab1Celsius_BIN=High | steel_type=St4sp | steel_weighttonn_BIN=High | swing_frequency_amount_minute_BIN=Low | temperature_measurement1_Celsius_BIN=Low | temperature_measurement2_Celsius_BIN=Low | water_consumption_BIN=High | water_temperature_deltaCelsius_BIN=High | workpiece_slice_geometry=150x150,16.0,1.0,1.16,Ephemeral,2020-08-05,2020-08-05,False,2020-08-05,2.0,,,,,,,,,,,,,,,,,
life_track,alloy_speed_meter_minute_BIN=High | alloy_type=open | cast_in_row_BIN=Low | crystallizer_movementmm_BIN=Medium | num_crystallizer_BIN=Low | num_stream_BIN=Low | resistance_tonn_BIN=Low | steel_temperature_grab1Celsius_BIN=High | steel_type=St4sp | steel_weighttonn_BIN=High | swing_frequency_amount_minute_BIN=Low | temperature_measurement1_Celsius_BIN=Low | temperature_measurement2_Celsius_BIN=Low | water_consumption_BIN=High | water_temperature_deltaCelsius_BIN=High | workpiece_slice_geometry=150x150,16.0,1.0,1.16,Ephemeral,2020-08-05,2020-08-05,False,2020-08-05,2.0,,,,,,,,,,,,,,,,,
life_track,RUL_BIN=Healthy | alloy_speed_meter_minute_BIN=High | alloy_type=open | cast_in_row_BIN=Low | crystallizer_movementmm_BIN=Medium | num_crystallizer_BIN=Medium | resistance_tonn_BIN=Low | steel_temperature_grab1Celsius_BIN=High | steel_type=St4sp | steel_weighttonn_BIN=High | swing_frequency_amount_minute_BIN=Low | temperature_measurement1_Celsius_BIN=Low | temperature_measurement2_Celsius_BIN=Low | water_consumption_BIN=High | water_temperature_deltaCelsius_BIN=High | workpiece_slice_geometry=150x150,16.0,1.0,1.16,Ephemeral,2020-08-05,2020-08-05,False,2020-08-05,2.0,,,,,,,,,,,,,,,,,
life_track,RUL_BIN=Healthy | alloy_speed_meter_minute_BIN=Medium | alloy_type=open | cast_in_row_BIN=Low | crystallizer_movementmm_BIN=Low | num_stream_BIN=Medium | resistance_tonn_BIN=Low | steel_temperature_grab1Celsius_BIN=High | steel_type=25G2S | steel_weighttonn_BIN=High | swing_frequency_amount_minute_BIN=High | temperature_measurement1_Celsius_BIN=Low | temperature_measurement2_Celsius_BIN=Low | water_consumption_BIN=High | water_temperature_deltaCelsius_BIN=High | workpiece_slice_geometry=180x180,16.0,1.0,1.16,Ephemeral,2020-08-07,2020-08-07,False,2020-08-07,2.0,,,,,,,,,,,,,,,,,
life_track,RUL_BIN=Healthy | alloy_speed_meter_minute_BIN=Medium | alloy_type=open | cast_in_row_BIN=Low | crystallizer_movementmm_BIN=Low | num_crystallizer_BIN=Low | resistance_tonn_BIN=Low | steel_temperature_grab1Celsius_BIN=High | steel_type=25G2S | steel_weighttonn_BIN=High | swing_frequency_amount_minute_BIN=High | temperature_measurement1_Celsius_BIN=Low | temperature_measurement2_Celsius_BIN=Low | water_consumption_BIN=High | water_temperature_deltaCelsius_BIN=High | workpiece_slice_geometry=180x180,16.0,1.0,1.16,Ephemeral,2020-08-07,2020-08-07,False,2020-08-07,2.0,,,,,,,,,,,,,,,,,
life_track,RUL_BIN=Medium | alloy_speed_meter_minute_BIN=Medium | alloy_type=open | cast_in_row_BIN=Medium | crystallizer_movementmm_BIN=Low | num_stream_BIN=Medium | resistance_tonn_BIN=Low | steel_temperature_grab1Celsius_BIN=High | steel_type=Arm500 | steel_weighttonn_BIN=High | swing_frequency_amount_minute_BIN=High | temperature_measurement1_Celsius_BIN=Low | temperature_measurement2_Celsius_BIN=Low | water_consumption_BIN=High | water_temperature_deltaCelsius_BIN=High | workpiece_slice_geometry=180x180,16.0,1.0,1.16,Ephemeral,2020-08-09,2020-08-09,False,2020-08-09,2.0,,,,,,,,,,,,,,,,,
life_track,RUL_BIN=Critical | alloy_speed_meter_minute_BIN=Medium | alloy_type=open | cast_in_row_BIN=Low | crystallizer_movementmm_BIN=Low | num_stream_BIN=High | resistance_tonn_BIN=Low | steel_temperature_grab1Celsius_BIN=High | steel_type=Arm500 | steel_weighttonn_BIN=Medium | swing_frequency_amount_minute_BIN=High | temperature_measurement1_Celsius_BIN=Low | temperature_measurement2_Celsius_BIN=Low | water_consumption_BIN=High | water_temperature_deltaCelsius_BIN=High | workpiece_slice_geometry=180x180,16.0,1.0,1.16,Ephemeral,2020-08-17,2020-08-17,False,2020-08-17,2.0,,,,,,,,,,,,,,,,,
life_track,RUL_BIN=Healthy | alloy_speed_meter_minute_BIN=Medium | alloy_type=open | cast_in_row_BIN=High | crystallizer_movementmm_BIN=High | num_crystallizer_BIN=High | resistance_tonn_BIN=Low | steel_temperature_grab1Celsius_BIN=High | steel_type=Arm500 | steel_weighttonn_BIN=High | swing_frequency_amount_minute_BIN=High | temperature_measurement1_Celsius_BIN=Low | temperature_measurement2_Celsius_BIN=Low | water_consumption_BIN=High | water_temperature_deltaCelsius_BIN=High | workpiece_slice_geometry=180x180,16.0,1.0,1.16,Ephemeral,2020-08-18,2020-08-18,False,2020-08-18,2.0,,,,,,,,,,,,,,,,,
life_track,RUL_BIN=Critical | alloy_speed_meter_minute_BIN=Medium | alloy_type=open | cast_in_row_BIN=High | crystallizer_movementmm_BIN=High | num_crystallizer_BIN=Medium | resistance_tonn_BIN=Low | steel_temperature_grab1Celsius_BIN=High | steel_type=Arm500 | steel_weighttonn_BIN=High | swing_frequency_amount_minute_BIN=High | temperature_measurement1_Celsius_BIN=Low | temperature_measurement2_Celsius_BIN=Low | water_consumption_BIN=High | water_temperature_deltaCelsius_BIN=High | workpiece_slice_geometry=180x180,16.0,1.0,1.16,Ephemeral,2020-08-18,2020-08-18,False,2020-08-18,2.0,,,,,,,,,,,,,,,,,
life_track,RUL_BIN=Medium | alloy_speed_meter_minute_BIN=Medium | alloy_type=open | cast_in_row_BIN=Low | crystallizer_movementmm_BIN=Low | num_crystallizer_BIN=High | resistance_tonn_BIN=Low | steel_temperature_grab1Celsius_BIN=High | steel_type=Arm500 | steel_weighttonn_BIN=High | swing_frequency_amount_minute_BIN=High | temperature_measurement1_Celsius_BIN=Low | temperature_measurement2_Celsius_BIN=Low | water_consumption_BIN=High | water_temperature_deltaCelsius_BIN=High | workpiece_slice_geometry=180x180,16.0,1.0,1.16,Ephemeral,2020-08-20,2020-08-20,False,2020-08-20,2.0,,,,,,,,,,,,,,,,,
life_track,RUL_BIN=Critical | alloy_speed_meter_minute_BIN=Medium | alloy_type=open | cast_in_row_BIN=Low | crystallizer_movementmm_BIN=High | num_stream_BIN=Low | resistance_tonn_BIN=Low | steel_temperature_grab1Celsius_BIN=High | steel_type=Arm500 | steel_weighttonn_BIN=High | swing_frequency_amount_minute_BIN=High | temperature_measurement1_Celsius_BIN=Low | temperature_measurement2_Celsius_BIN=Low | water_consumption_BIN=High | water_temperature_deltaCelsius_BIN=High | workpiece_slice_geometry=180x180,16.0,1.0,1.16,Ephemeral,2020-08-26,2020-08-26,True,2020-08-26,2.0,,,,,,,,,,,,,,,,,
life_track,RUL_BIN=Critical | alloy_speed_meter_minute_BIN=Medium | alloy_type=open | cast_in_row_BIN=Low | crystallizer_movementmm_BIN=High | num_stream_BIN=High | resistance_tonn_BIN=Low | steel_temperature_grab1Celsius_BIN=High | steel_type=Arm500 | steel_weighttonn_BIN=High | swing_frequency_amount_minute_BIN=High | temperature_measurement1_Celsius_BIN=Low | temperature_measurement2_Celsius_BIN=Low | water_consumption_BIN=High | water_temperature_deltaCelsius_BIN=High | workpiece_slice_geometry=180x180,16.0,1.0,1.16,Ephemeral,2020-08-26,2020-08-26,True,2020-08-26,2.0,,,,,,,,,,,,,,,,,
life_track,RUL_BIN=Critical | alloy_speed_meter_minute_BIN=Medium | alloy_type=open | cast_in_row_BIN=Low | crystallizer_movementmm_BIN=High | num_crystallizer_BIN=High | resistance_tonn_BIN=Low | steel_temperature_grab1Celsius_BIN=High | steel_type=Arm500 | steel_weighttonn_BIN=High | swing_frequency_amount_minute_BIN=High | temperature_measurement1_Celsius_BIN=Low | temperature_measurement2_Celsius_BIN=Low | water_consumption_BIN=High | water_temperature_deltaCelsius_BIN=High | workpiece_slice_geometry=180x180,16.0,1.0,1.16,Ephemeral,2020-08-26,2020-08-26,True,2020-08-26,2.0,,,,,,,,,,,,,,,,,
life_track,RUL_BIN=Medium | alloy_speed_meter_minute_BIN=High | alloy_type=open | cast_in_row_BIN=Low | crystallizer_movementmm_BIN=Medium | num_crystallizer_BIN=Low | num_stream_BIN=Low | resistance_tonn_BIN=Low | steel_temperature_grab1Celsius_BIN=High | steel_type=St3sp | steel_weighttonn_BIN=High | swing_frequency_amount_minute_BIN=Medium | temperature_measurement1_Celsius_BIN=Low | temperature_measurement2_Celsius_BIN=Low | water_consumption_BIN=High | water_temperature_deltaCelsius_BIN=High | workpiece_slice_geometry=150x150,17.0,1.0,1.16,Ephemeral,2020-01-05,2020-01-05,False,2020-01-05,1.0,,,,,,,,,,,,,,,,,
life_track,RUL_BIN=Medium | alloy_speed_meter_minute_BIN=High | alloy_type=open | cast_in_row_BIN=Low | crystallizer_movementmm_BIN=Medium | num_crystallizer_BIN=High | num_stream_BIN=Medium | resistance_tonn_BIN=Low | steel_temperature_grab1Celsius_BIN=High | steel_type=St3sp | steel_weighttonn_BIN=High | swing_frequency_amount_minute_BIN=Medium | temperature_measurement1_Celsius_BIN=Low | temperature_measurement2_Celsius_BIN=Low | water_consumption_BIN=High | water_temperature_deltaCelsius_BIN=High | workpiece_slice_geometry=150x150,17.0,1.0,1.16,Ephemeral,2020-01-05,2020-01-05,False,2020-01-05,1.0,,,,,,,,,,,,,,,,,
life_track,RUL_BIN=Low | alloy_speed_meter_minute_BIN=High | alloy_type=open | cast_in_row_BIN=Low | crystallizer_movementmm_BIN=Medium | num_crystallizer_BIN=Low | num_stream_BIN=Low | resistance_tonn_BIN=Low | steel_temperature_grab1Celsius_BIN=High | steel_type=St3sp | steel_weighttonn_BIN=High | swing_frequency_amount_minute_BIN=Medium | temperature_measurement1_Celsius_BIN=Low | temperature_measurement2_Celsius_BIN=Low | water_consumption_BIN=High | water_temperature_deltaCelsius_BIN=High | workpiece_slice_geometry=150x150,17.0,1.0,1.16,Ephemeral,2020-01-05,2020-01-05,False,2020-01-05,1.0,,,,,,,,,,,,,,,,,
life_track,RUL_BIN=Healthy | alloy_speed_meter_minute_BIN=Medium | alloy_type=open | cast_in_row_BIN=Low | crystallizer_movementmm_BIN=High | num_crystallizer_BIN=Medium | num_stream_BIN=Medium | resistance_tonn_BIN=Low | steel_temperature_grab1Celsius_BIN=High | steel_type=Arm500 | steel_weighttonn_BIN=Medium | swing_frequency_amount_minute_BIN=Medium | temperature_measurement1_Celsius_BIN=Low | temperature_measurement2_Celsius_BIN=Low | water_consumption_BIN=High | water_temperature_deltaCelsius_BIN=High | workpiece_slice_geometry=180x180,17.0,1.0,1.16,Ephemeral,2020-01-06,2020-01-06,False,2020-01-06,2.0,,,,,,,,,,,,,,,,,
life_track,RUL_BIN=Healthy | alloy_speed_meter_minute_BIN=Medium | alloy_type=open | cast_in_row_BIN=Low | crystallizer_movementmm_BIN=High | num_crystallizer_BIN=Medium | num_stream_BIN=Low | resistance_tonn_BIN=Low | steel_temperature_grab1Celsius_BIN=High | steel_type=Arm500 | steel_weighttonn_BIN=Medium | swing_frequency_amount_minute_BIN=Medium | temperature_measurement1_Celsius_BIN=Low | temperature_measurement2_Celsius_BIN=Low | water_consumption_BIN=High | water_temperature_deltaCelsius_BIN=High | workpiece_slice_geometry=180x180,17.0,1.0,1.16,Ephemeral,2020-01-06,2020-01-06,False,2020-01-06,2.0,,,,,,,,,,,,,,,,,
life_track,RUL_BIN=Healthy | alloy_speed_meter_minute_BIN=Medium | alloy_type=open | cast_in_row_BIN=Low | crystallizer_movementmm_BIN=High | num_crystallizer_BIN=High | num_stream_BIN=High | resistance_tonn_BIN=Low | steel_temperature_grab1Celsius_BIN=High | steel_type=Arm500 | steel_weighttonn_BIN=Medium | swing_frequency_amount_minute_BIN=Medium | temperature_measurement1_Celsius_BIN=Low | temperature_measurement2_Celsius_BIN=Low | water_consumption_BIN=High | water_temperature_deltaCelsius_BIN=High | workpiece_slice_geometry=180x180,17.0,1.0,1.16,Ephemeral,2020-01-06,2020-01-06,False,2020-01-06,2.0,,,,,,,,,,,,,,,,,
life_track,RUL_BIN=Critical | alloy_speed_meter_minute_BIN=Medium | alloy_type=open | cast_in_row_BIN=Low | crystallizer_movementmm_BIN=High | num_crystallizer_BIN=Low | num_stream_BIN=Low | resistance_tonn_BIN=Low | steel_temperature_grab1Celsius_BIN=High | steel_type=Arm500 | steel_weighttonn_BIN=Medium | swing_frequency_amount_minute_BIN=Medium | temperature_measurement1_Celsius_BIN=Low | temperature_measurement2_Celsius_BIN=Low | water_consumption_BIN=High | water_temperature_deltaCelsius_BIN=High | workpiece_slice_geometry=180x180,17.0,1.0,1.16,Ephemeral,2020-01-06,2020-01-06,False,2020-01-06,2.0,,,,,,,,,,,,,,,,,
life_track,RUL_BIN=Critical | alloy_speed_meter_minute_BIN=Medium | alloy_type=open | cast_in_row_BIN=Low | crystallizer_movementmm_BIN=High | num_crystallizer_BIN=High | num_stream_BIN=Medium | resistance_tonn_BIN=Low | steel_temperature_grab1Celsius_BIN=High | steel_type=Arm500 | steel_weighttonn_BIN=Medium | swing_frequency_amount_minute_BIN=Medium | temperature_measurement1_Celsius_BIN=Low | temperature_measurement2_Celsius_BIN=Low | water_consumption_BIN=High | water_temperature_deltaCelsius_BIN=High | workpiece_slice_geometry=180x180,17.0,1.0,1.16,Ephemeral,2020-01-06,2020-01-06,False,2020-01-06,1.0,,,,,,,,,,,,,,,,,
life_track,RUL_BIN=Healthy | alloy_speed_meter_minute_BIN=Medium | alloy_type=open | cast_in_row_BIN=Low | crystallizer_movementmm_BIN=High | num_crystallizer_BIN=Medium | num_stream_BIN=Medium | resistance_tonn_BIN=Low | steel_temperature_grab1Celsius_BIN=High | steel_type=Arm500 | steel_weighttonn_BIN=High | swing_frequency_amount_minute_BIN=High | temperature_measurement1_Celsius_BIN=Low | temperature_measurement2_Celsius_BIN=Low | water_consumption_BIN=High | water_temperature_deltaCelsius_BIN=High | workpiece_slice_geometry=180x180,17.0,1.0,1.16,Ephemeral,2020-01-07,2020-01-07,False,2020-01-07,2.0,,,,,,,,,,,,,,,,,
life_track,RUL_BIN=Healthy | alloy_speed_meter_minute_BIN=Medium | alloy_type=open | cast_in_row_BIN=Low | crystallizer_movementmm_BIN=High | num_crystallizer_BIN=Medium | num_stream_BIN=Low | resistance_tonn_BIN=Low | steel_temperature_grab1Celsius_BIN=High | steel_type=Arm500 | steel_weighttonn_BIN=High | swing_frequency_amount_minute_BIN=High | temperature_measurement1_Celsius_BIN=Low | temperature_measurement2_Celsius_BIN=Low | water_consumption_BIN=High | water_temperature_deltaCelsius_BIN=High | workpiece_slice_geometry=180x180,17.0,1.0,1.16,Ephemeral,2020-01-07,2020-01-07,False,2020-01-07,2.0,,,,,,,,,,,,,,,,,
life_track,RUL_BIN=Healthy | alloy_speed_meter_minute_BIN=Medium | alloy_type=open | cast_in_row_BIN=Low | crystallizer_movementmm_BIN=High | num_crystallizer_BIN=High | num_stream_BIN=High | resistance_tonn_BIN=Low | steel_temperature_grab1Celsius_BIN=High | steel_type=Arm500 | steel_weighttonn_BIN=High | swing_frequency_amount_minute_BIN=High | temperature_measurement1_Celsius_BIN=Low | temperature_measurement2_Celsius_BIN=Low | water_consumption_BIN=High | water_temperature_deltaCelsius_BIN=High | workpiece_slice_geometry=180x180,17.0,1.0,1.16,Ephemeral,2020-01-07,2020-01-07,False,2020-01-07,2.0,,,,,,,,,,,,,,,,,
life_track,RUL_BIN=Critical | alloy_speed_meter_minute_BIN=Medium | alloy_type=open | cast_in_row_BIN=Medium | crystallizer_movementmm_BIN=Low | num_crystallizer_BIN=Medium | num_stream_BIN=Medium | resistance_tonn_BIN=Low | steel_temperature_grab1Celsius_BIN=High | steel_type=Arm500 | steel_weighttonn_BIN=Medium | swing_frequency_amount_minute_BIN=High | temperature_measurement1_Celsius_BIN=Low | temperature_measurement2_Celsius_BIN=Low | water_consumption_BIN=High | water_temperature_deltaCelsius_BIN=High | workpiece_slice_geometry=180x180,17.0,1.0,1.16,Ephemeral,2020-01-10,2020-01-10,False,2020-01-10,1.0,,,,,,,,,,,,,,,,,
life_track,RUL_BIN=Critical | alloy_speed_meter_minute_BIN=Medium | alloy_type=open | cast_in_row_BIN=Medium | crystallizer_movementmm_BIN=Low | num_crystallizer_BIN=Medium | num_stream_BIN=Low | resistance_tonn_BIN=Low | steel_temperature_grab1Celsius_BIN=High | steel_type=Arm500 | steel_weighttonn_BIN=Medium | swing_frequency_amount_minute_BIN=High | temperature_measurement1_Celsius_BIN=Low | temperature_measurement2_Celsius_BIN=Low | water_consumption_BIN=High | water_temperature_deltaCelsius_BIN=High | workpiece_slice_geometry=180x180,17.0,1.0,1.16,Ephemeral,2020-01-10,2020-01-10,False,2020-01-10,2.0,,,,,,,,,,,,,,,,,
life_track,RUL_BIN=Critical | alloy_speed_meter_minute_BIN=Medium | alloy_type=open | cast_in_row_BIN=Medium | crystallizer_movementmm_BIN=Low | num_crystallizer_BIN=Medium | num_stream_BIN=High | resistance_tonn_BIN=Low | steel_temperature_grab1Celsius_BIN=High | steel_type=Arm500 | steel_weighttonn_BIN=Medium | swing_frequency_amount_minute_BIN=High | temperature_measurement1_Celsius_BIN=Low | temperature_measurement2_Celsius_BIN=Low | water_consumption_BIN=High | water_temperature_deltaCelsius_BIN=High | workpiece_slice_geometry=180x180,17.0,1.0,1.16,Ephemeral,2020-01-10,2020-01-10,False,2020-01-10,2.0,,,,,,,,,,,,,,,,,
life_track,RUL_BIN=Critical | alloy_speed_meter_minute_BIN=Medium | alloy_type=open | cast_in_row_BIN=Medium | crystallizer_movementmm_BIN=Low | num_crystallizer_BIN=Medium | num_stream_BIN=Medium | resistance_tonn_BIN=Low | steel_temperature_grab1Celsius_BIN=High | steel_type=Arm500 | steel_weighttonn_BIN=High | swing_frequency_amount_minute_BIN=High | temperature_measurement1_Celsius_BIN=Low | temperature_measurement2_Celsius_BIN=Low | water_consumption_BIN=High | water_temperature_deltaCelsius_BIN=High | workpiece_slice_geometry=180x180,17.0,1.0,1.16,Ephemeral,2020-01-10,2020-01-10,False,2020-01-10,1.0,,,,,,,,,,,,,,,,,
life_track,RUL_BIN=Low | alloy_speed_meter_minute_BIN=Medium | alloy_type=open | cast_in_row_BIN=Medium | crystallizer_movementmm_BIN=Low | num_crystallizer_BIN=High | num_stream_BIN=Medium | resistance_tonn_BIN=Low | steel_temperature_grab1Celsius_BIN=High | steel_type=Arm500 | steel_weighttonn_BIN=Medium | swing_frequency_amount_minute_BIN=High | temperature_measurement1_Celsius_BIN=Low | temperature_measurement2_Celsius_BIN=Low | water_consumption_BIN=High | water_temperature_deltaCelsius_BIN=High | workpiece_slice_geometry=180x180,17.0,1.0,1.16,Ephemeral,2020-02-08,2020-02-08,False,2020-02-08,2.0,,,,,,,,,,,,,,,,,
life_track,RUL_BIN=Healthy | alloy_speed_meter_minute_BIN=Medium | alloy_type=open | cast_in_row_BIN=Medium | crystallizer_movementmm_BIN=Low | num_crystallizer_BIN=Low | num_stream_BIN=Low | resistance_tonn_BIN=Low | steel_temperature_grab1Celsius_BIN=High | steel_type=Arm500 | steel_weighttonn_BIN=Medium | swing_frequency_amount_minute_BIN=High | temperature_measurement1_Celsius_BIN=Low | temperature_measurement2_Celsius_BIN=Low | water_consumption_BIN=High | water_temperature_deltaCelsius_BIN=High | workpiece_slice_geometry=180x180,17.0,1.0,1.16,Ephemeral,2020-02-08,2020-02-08,False,2020-02-08,1.0,,,,,,,,,,,,,,,,,
life_track,RUL_BIN=Healthy | alloy_speed_meter_minute_BIN=Medium | alloy_type=open | cast_in_row_BIN=Medium | crystallizer_movementmm_BIN=Low | num_crystallizer_BIN=High | num_stream_BIN=Low | resistance_tonn_BIN=Low | steel_temperature_grab1Celsius_BIN=High | steel_type=Arm500 | steel_weighttonn_BIN=Medium | swing_frequency_amount_minute_BIN=High | temperature_measurement1_Celsius_BIN=Low | temperature_measurement2_Celsius_BIN=Low | water_consumption_BIN=High | water_temperature_deltaCelsius_BIN=High | workpiece_slice_geometry=180x180,17.0,1.0,1.16,Ephemeral,2020-02-08,2020-02-08,False,2020-02-08,1.0,,,,,,,,,,,,,,,,,
life_track,RUL_BIN=Healthy | alloy_speed_meter_minute_BIN=Medium | alloy_type=open | cast_in_row_BIN=Medium | crystallizer_movementmm_BIN=Low | num_crystallizer_BIN=High | num_stream_BIN=High | resistance_tonn_BIN=Low | steel_temperature_grab1Celsius_BIN=High | steel_type=Arm500 | steel_weighttonn_BIN=Medium | swing_frequency_amount_minute_BIN=High | temperature_measurement1_Celsius_BIN=Low | temperature_measurement2_Celsius_BIN=Low | water_consumption_BIN=High | water_temperature_deltaCelsius_BIN=High | workpiece_slice_geometry=180x180,17.0,1.0,1.16,Ephemeral,2020-02-08,2020-02-08,False,2020-02-08,1.0,,,,,,,,,,,,,,,,,
life_track,RUL_BIN=Medium | alloy_speed_meter_minute_BIN=Medium | alloy_type=open | cast_in_row_BIN=Medium | crystallizer_movementmm_BIN=Low | num_crystallizer_BIN=Low | num_stream_BIN=Low | resistance_tonn_BIN=Low | steel_temperature_grab1Celsius_BIN=High | steel_type=Arm500 | steel_weighttonn_BIN=High | swing_frequency_amount_minute_BIN=High | temperature_measurement1_Celsius_BIN=Low | temperature_measurement2_Celsius_BIN=Low | water_consumption_BIN=High | water_temperature_deltaCelsius_BIN=High | workpiece_slice_geometry=180x180,17.0,1.0,1.16,Ephemeral,2020-02-09,2020-02-09,False,2020-02-09,1.0,,,,,,,,,,,,,,,,,
life_track,RUL_BIN=Medium | alloy_speed_meter_minute_BIN=Medium | alloy_type=open | cast_in_row_BIN=Medium | crystallizer_movementmm_BIN=Low | num_crystallizer_BIN=High | num_stream_BIN=Low | resistance_tonn_BIN=Low | steel_temperature_grab1Celsius_BIN=High | steel_type=Arm500 | steel_weighttonn_BIN=High | swing_frequency_amount_minute_BIN=High | temperature_measurement1_Celsius_BIN=Low | temperature_measurement2_Celsius_BIN=Low | water_consumption_BIN=High | water_temperature_deltaCelsius_BIN=High | workpiece_slice_geometry=180x180,17.0,1.0,1.16,Ephemeral,2020-02-09,2020-02-09,False,2020-02-09,1.0,,,,,,,,,,,,,,,,,
life_track,RUL_BIN=Medium | alloy_speed_meter_minute_BIN=Medium | alloy_type=open | cast_in_row_BIN=Low | crystallizer_movementmm_BIN=Low | num_crystallizer_BIN=Low | num_stream_BIN=Low | resistance_tonn_BIN=Low | steel_temperature_grab1Celsius_BIN=High | steel_type=Arm500 | steel_weighttonn_BIN=Medium | swing_frequency_amount_minute_BIN=High | temperature_measurement1_Celsius_BIN=Low | temperature_measurement2_Celsius_BIN=Low | water_consumption_BIN=High | water_temperature_deltaCelsius_BIN=High | workpiece_slice_geometry=180x180,17.0,1.0,1.16,Ephemeral,2020-02-10,2020-02-10,False,2020-02-10,1.0,,,,,,,,,,,,,,,,,
life_track,RUL_BIN=Medium | alloy_speed_meter_minute_BIN=Medium | alloy_type=open | cast_in_row_BIN=Low | crystallizer_movementmm_BIN=Low | num_crystallizer_BIN=High | num_stream_BIN=Low | resistance_tonn_BIN=Low | steel_temperature_grab1Celsius_BIN=High | steel_type=Arm500 | steel_weighttonn_BIN=Medium | swing_frequency_amount_minute_BIN=High | temperature_measurement1_Celsius_BIN=Low | temperature_measurement2_Celsius_BIN=Low | water_consumption_BIN=High | water_temperature_deltaCelsius_BIN=High | workpiece_slice_geometry=180x180,17.0,1.0,1.16,Ephemeral,2020-02-10,2020-02-10,False,2020-02-10,1.0,,,,,,,,,,,,,,,,,
life_track,RUL_BIN=Critical | alloy_speed_meter_minute_BIN=Medium | alloy_type=open | cast_in_row_BIN=Low | crystallizer_movementmm_BIN=Low | num_crystallizer_BIN=Low | num_stream_BIN=Medium | resistance_tonn_BIN=Low | steel_temperature_grab1Celsius_BIN=High | steel_type=Arm500 | steel_weighttonn_BIN=Medium | swing_frequency_amount_minute_BIN=High | temperature_measurement1_Celsius_BIN=Low | temperature_measurement2_Celsius_BIN=Low | water_consumption_BIN=High | water_temperature_deltaCelsius_BIN=High | workpiece_slice_geometry=180x180,17.0,1.0,1.16,Ephemeral,2020-02-10,2020-02-10,False,2020-02-10,1.0,,,,,,,,,,,,,,,,,
life_track,RUL_BIN=Critical | alloy_speed_meter_minute_BIN=Medium | alloy_type=open | cast_in_row_BIN=Low | crystallizer_movementmm_BIN=Low | num_crystallizer_BIN=Low | num_stream_BIN=High | resistance_tonn_BIN=Low | steel_temperature_grab1Celsius_BIN=High | steel_type=Arm500 | steel_weighttonn_BIN=Medium | swing_frequency_amount_minute_BIN=High | temperature_measurement1_Celsius_BIN=Low | temperature_measurement2_Celsius_BIN=Low | water_consumption_BIN=High | water_temperature_deltaCelsius_BIN=High | workpiece_slice_geometry=180x180,17.0,1.0,1.16,Ephemeral,2020-02-10,2020-02-10,False,2020-02-10,2.0,,,,,,,,,,,,,,,,,
life_track,RUL_BIN=Critical | alloy_speed_meter_minute_BIN=Medium | alloy_type=open | cast_in_row_BIN=Low | crystallizer_movementmm_BIN=Low | num_crystallizer_BIN=High | num_stream_BIN=Medium | resistance_tonn_BIN=Low | steel_temperature_grab1Celsius_BIN=High | steel_type=Arm500 | steel_weighttonn_BIN=Medium | swing_frequency_amount_minute_BIN=High | temperature_measurement1_Celsius_BIN=Low | temperature_measurement2_Celsius_BIN=Low | water_consumption_BIN=High | water_temperature_deltaCelsius_BIN=High | workpiece_slice_geometry=180x180,17.0,1.0,1.16,Ephemeral,2020-02-10,2020-02-10,False,2020-02-10,1.0,,,,,,,,,,,,,,,,,
life_track,RUL_BIN=Low | alloy_speed_meter_minute_BIN=Medium | alloy_type=open | cast_in_row_BIN=Low | crystallizer_movementmm_BIN=Low | num_crystallizer_BIN=Low | num_stream_BIN=Medium | resistance_tonn_BIN=Low | steel_temperature_grab1Celsius_BIN=High | steel_type=Arm500 | steel_weighttonn_BIN=High | swing_frequency_amount_minute_BIN=Medium | temperature_measurement1_Celsius_BIN=Low | temperature_measurement2_Celsius_BIN=Low | water_consumption_BIN=High | water_temperature_deltaCelsius_BIN=High | workpiece_slice_geometry=180x180,17.0,1.0,1.16,Ephemeral,2020-03-05,2020-03-05,False,2020-03-05,1.0,,,,,,,,,,,,,,,,,
life_track,RUL_BIN=Low | alloy_speed_meter_minute_BIN=Medium | alloy_type=open | cast_in_row_BIN=Low | crystallizer_movementmm_BIN=Low | num_crystallizer_BIN=High | num_stream_BIN=Low | resistance_tonn_BIN=Low | steel_temperature_grab1Celsius_BIN=High | steel_type=Arm500 | steel_weighttonn_BIN=High | swing_frequency_amount_minute_BIN=Medium | temperature_measurement1_Celsius_BIN=Low | temperature_measurement2_Celsius_BIN=Low | water_consumption_BIN=High | water_temperature_deltaCelsius_BIN=High | workpiece_slice_geometry=180x180,17.0,1.0,1.16,Ephemeral,2020-03-05,2020-03-05,False,2020-03-05,1.0,,,,,,,,,,,,,,,,,
life_track,RUL_BIN=Medium | alloy_speed_meter_minute_BIN=Medium | alloy_type=open | cast_in_row_BIN=Low | crystallizer_movementmm_BIN=High | num_crystallizer_BIN=High | num_stream_BIN=High | resistance_tonn_BIN=Low | steel_temperature_grab1Celsius_BIN=High | steel_type=Arm500 | steel_weighttonn_BIN=High | swing_frequency_amount_minute_BIN=High | temperature_measurement1_Celsius_BIN=Low | temperature_measurement2_Celsius_BIN=Low | water_consumption_BIN=High | water_temperature_deltaCelsius_BIN=High | workpiece_slice_geometry=180x180,17.0,1.0,1.16,Ephemeral,2020-03-07,2020-03-07,False,2020-03-07,1.0,,,,,,,,,,,,,,,,,
life_track,RUL_BIN=Low | alloy_speed_meter_minute_BIN=Medium | alloy_type=open | cast_in_row_BIN=Low | crystallizer_movementmm_BIN=High | num_crystallizer_BIN=Low | num_stream_BIN=Medium | resistance_tonn_BIN=Low | steel_temperature_grab1Celsius_BIN=High | steel_type=Arm500 | steel_weighttonn_BIN=High | swing_frequency_amount_minute_BIN=High | temperature_measurement1_Celsius_BIN=Low | temperature_measurement2_Celsius_BIN=Low | water_consumption_BIN=High | water_temperature_deltaCelsius_BIN=High | workpiece_slice_geometry=180x180,17.0,1.0,1.16,Ephemeral,2020-03-07,2020-03-07,False,2020-03-07,1.0,,,,,,,,,,,,,,,,,
life_track,RUL_BIN=Low | alloy_speed_meter_minute_BIN=Medium | alloy_type=open | cast_in_row_BIN=Low | crystallizer_movementmm_BIN=High | num_crystallizer_BIN=High | num_stream_BIN=Medium | resistance_tonn_BIN=Low | steel_temperature_grab1Celsius_BIN=High | steel_type=Arm500 | steel_weighttonn_BIN=High | swing_frequency_amount_minute_BIN=High | temperature_measurement1_Celsius_BIN=Low | temperature_measurement2_Celsius_BIN=Low | water_consumption_BIN=High | water_temperature_deltaCelsius_BIN=High | workpiece_slice_geometry=180x180,17.0,1.0,1.16,Ephemeral,2020-03-07,2020-03-07,False,2020-03-07,1.0,,,,,,,,,,,,,,,,,
life_track,RUL_BIN=Medium | alloy_speed_meter_minute_BIN=Medium | alloy_type=open | cast_in_row_BIN=Medium | crystallizer_movementmm_BIN=Low | num_crystallizer_BIN=Low | num_stream_BIN=Low | resistance_tonn_BIN=Low | steel_temperature_grab1Celsius_BIN=High | steel_type=Arm500 | steel_weighttonn_BIN=Medium | swing_frequency_amount_minute_BIN=High | temperature_measurement1_Celsius_BIN=Low | temperature_measurement2_Celsius_BIN=Low | water_consumption_BIN=High | water_temperature_deltaCelsius_BIN=High | workpiece_slice_geometry=180x180,17.0,1.0,1.16,Ephemeral,2020-03-08,2020-03-08,False,2020-03-08,1.0,,,,,,,,,,,,,,,,,
life_track,RUL_BIN=Medium | alloy_speed_meter_minute_BIN=Medium | alloy_type=open | cast_in_row_BIN=Medium | crystallizer_movementmm_BIN=Low | num_crystallizer_BIN=High | num_stream_BIN=Low | resistance_tonn_BIN=Low | steel_temperature_grab1Celsius_BIN=High | steel_type=Arm500 | steel_weighttonn_BIN=Medium | swing_frequency_amount_minute_BIN=High | temperature_measurement1_Celsius_BIN=Low | temperature_measurement2_Celsius_BIN=Low | water_consumption_BIN=High | water_temperature_deltaCelsius_BIN=High | workpiece_slice_geometry=180x180,17.0,1.0,1.16,Ephemeral,2020-03-08,2020-03-08,False,2020-03-08,1.0,,,,,,,,,,,,,,,,,
life_track,RUL_BIN=Low | alloy_speed_meter_minute_BIN=Medium | alloy_type=open | cast_in_row_BIN=Medium | crystallizer_movementmm_BIN=Low | num_crystallizer_BIN=Low | num_stream_BIN=Medium | resistance_tonn_BIN=Low | steel_temperature_grab1Celsius_BIN=High | steel_type=Arm500 | steel_weighttonn_BIN=Medium | swing_frequency_amount_minute_BIN=High | temperature_measurement1_Celsius_BIN=Low | temperature_measurement2_Celsius_BIN=Low | water_consumption_BIN=High | water_temperature_deltaCelsius_BIN=High | workpiece_slice_geometry=180x180,17.0,1.0,1.16,Ephemeral,2020-03-08,2020-03-08,False,2020-03-08,1.0,,,,,,,,,,,,,,,,,
life_track,RUL_BIN=Low | alloy_speed_meter_minute_BIN=Medium | alloy_type=open | cast_in_row_BIN=Medium | crystallizer_movementmm_BIN=Low | num_crystallizer_BIN=High | num_stream_BIN=High | resistance_tonn_BIN=Low | steel_temperature_grab1Celsius_BIN=High | steel_type=Arm500 | steel_weighttonn_BIN=Medium | swing_frequency_amount_minute_BIN=High | temperature_measurement1_Celsius_BIN=Low | temperature_measurement2_Celsius_BIN=Low | water_consumption_BIN=High | water_temperature_deltaCelsius_BIN=High | workpiece_slice_geometry=180x180,17.0,1.0,1.16,Ephemeral,2020-03-08,2020-03-08,False,2020-03-08,1.0,,,,,,,,,,,,,,,,,
life_track,RUL_BIN=Critical | alloy_speed_meter_minute_BIN=Medium | alloy_type=open | cast_in_row_BIN=Medium | crystallizer_movementmm_BIN=Low | num_crystallizer_BIN=Low | num_stream_BIN=Low | resistance_tonn_BIN=Low | steel_temperature_grab1Celsius_BIN=High | steel_type=Arm500 | steel_weighttonn_BIN=Medium | swing_frequency_amount_minute_BIN=High | temperature_measurement1_Celsius_BIN=Low | temperature_measurement2_Celsius_BIN=Low | water_consumption_BIN=High | water_temperature_deltaCelsius_BIN=High | workpiece_slice_geometry=180x180,17.0,1.0,1.16,Ephemeral,2020-03-08,2020-03-08,False,2020-03-08,1.0,,,,,,,,,,,,,,,,,
life_track,RUL_BIN=Healthy | alloy_speed_meter_minute_BIN=Medium | alloy_type=open | cast_in_row_BIN=Medium | crystallizer_movementmm_BIN=Low | num_crystallizer_BIN=High | num_stream_BIN=Medium | resistance_tonn_BIN=Low | steel_temperature_grab1Celsius_BIN=High | steel_type=Arm500 | steel_weighttonn_BIN=High | swing_frequency_amount_minute_BIN=High | temperature_measurement1_Celsius_BIN=Low | temperature_measurement2_Celsius_BIN=Low | water_consumption_BIN=High | water_temperature_deltaCelsius_BIN=High | workpiece_slice_geometry=180x180,17.0,1.0,1.16,Ephemeral,2020-04-07,2020-04-07,False,2020-04-07,1.0,,,,,,,,,,,,,,,,,
life_track,RUL_BIN=Healthy | alloy_speed_meter_minute_BIN=Medium | alloy_type=open | cast_in_row_BIN=Medium | crystallizer_movementmm_BIN=Low | num_crystallizer_BIN=High | num_stream_BIN=Low | resistance_tonn_BIN=Low | steel_temperature_grab1Celsius_BIN=High | steel_type=Arm500 | steel_weighttonn_BIN=High | swing_frequency_amount_minute_BIN=High | temperature_measurement1_Celsius_BIN=Low | temperature_measurement2_Celsius_BIN=Low | water_consumption_BIN=High | water_temperature_deltaCelsius_BIN=High | workpiece_slice_geometry=180x180,17.0,1.0,1.16,Ephemeral,2020-04-07,2020-04-07,False,2020-04-07,1.0,,,,,,,,,,,,,,,,,
life_track,RUL_BIN=Healthy | alloy_speed_meter_minute_BIN=Medium | alloy_type=open | cast_in_row_BIN=Medium | crystallizer_movementmm_BIN=Low | num_crystallizer_BIN=High | num_stream_BIN=High | resistance_tonn_BIN=Low | steel_temperature_grab1Celsius_BIN=High | steel_type=Arm500 | steel_weighttonn_BIN=High | swing_frequency_amount_minute_BIN=High | temperature_measurement1_Celsius_BIN=Low | temperature_measurement2_Celsius_BIN=Low | water_consumption_BIN=High | water_temperature_deltaCelsius_BIN=High | workpiece_slice_geometry=180x180,17.0,1.0,1.16,Ephemeral,2020-04-07,2020-04-07,False,2020-04-07,2.0,,,,,,,,,,,,,,,,,
life_track,RUL_BIN=Low | alloy_speed_meter_minute_BIN=Medium | alloy_type=open | cast_in_row_BIN=High | crystallizer_movementmm_BIN=Low | num_crystallizer_BIN=Low | num_stream_BIN=Medium | resistance_tonn_BIN=Low | steel_temperature_grab1Celsius_BIN=High | steel_type=Arm500 | steel_weighttonn_BIN=Medium | swing_frequency_amount_minute_BIN=High | temperature_measurement1_Celsius_BIN=Low | temperature_measurement2_Celsius_BIN=Low | water_consumption_BIN=High | water_temperature_deltaCelsius_BIN=High | workpiece_slice_geometry=180x180,17.0,1.0,1.16,Ephemeral,2020-04-08,2020-04-08,False,2020-04-08,1.0,,,,,,,,,,,,,,,,,
life_track,RUL_BIN=Low | alloy_speed_meter_minute_BIN=Medium | alloy_type=open | cast_in_row_BIN=High | crystallizer_movementmm_BIN=Low | num_crystallizer_BIN=High | num_stream_BIN=Medium | resistance_tonn_BIN=Low | steel_temperature_grab1Celsius_BIN=High | steel_type=Arm500 | steel_weighttonn_BIN=Medium | swing_frequency_amount_minute_BIN=High | temperature_measurement1_Celsius_BIN=Low | temperature_measurement2_Celsius_BIN=Low | water_consumption_BIN=High | water_temperature_deltaCelsius_BIN=High | workpiece_slice_geometry=180x180,17.0,1.0,1.16,Ephemeral,2020-04-08,2020-04-08,False,2020-04-08,1.0,,,,,,,,,,,,,,,,,
life_track,RUL_BIN=Low | alloy_speed_meter_minute_BIN=Medium | alloy_type=open | cast_in_row_BIN=High | crystallizer_movementmm_BIN=Low | num_crystallizer_BIN=High | num_stream_BIN=Low | resistance_tonn_BIN=Low | steel_temperature_grab1Celsius_BIN=High | steel_type=Arm500 | steel_weighttonn_BIN=Medium | swing_frequency_amount_minute_BIN=High | temperature_measurement1_Celsius_BIN=Low | temperature_measurement2_Celsius_BIN=Low | water_consumption_BIN=High | water_temperature_deltaCelsius_BIN=High | workpiece_slice_geometry=180x180,17.0,1.0,1.16,Ephemeral,2020-04-08,2020-04-08,False,2020-04-08,1.0,,,,,,,,,,,,,,,,,
life_track,RUL_BIN=Low | alloy_speed_meter_minute_BIN=Medium | alloy_type=open | cast_in_row_BIN=High | crystallizer_movementmm_BIN=Low | num_crystallizer_BIN=High | num_stream_BIN=High | resistance_tonn_BIN=Low | steel_temperature_grab1Celsius_BIN=High | steel_type=Arm500 | steel_weighttonn_BIN=Medium | swing_frequency_amount_minute_BIN=High | temperature_measurement1_Celsius_BIN=Low | temperature_measurement2_Celsius_BIN=Low | water_consumption_BIN=High | water_temperature_deltaCelsius_BIN=High | workpiece_slice_geometry=180x180,17.0,1.0,1.16,Ephemeral,2020-04-08,2020-04-08,False,2020-04-08,2.0,,,,,,,,,,,,,,,,,
life_track,RUL_BIN=Critical | alloy_speed_meter_minute_BIN=Medium | alloy_type=open | cast_in_row_BIN=Low | crystallizer_movementmm_BIN=Low | num_crystallizer_BIN=High | num_stream_BIN=Low | resistance_tonn_BIN=Low | steel_temperature_grab1Celsius_BIN=High | steel_type=Arm500 | steel_weighttonn_BIN=Medium | swing_frequency_amount_minute_BIN=High | temperature_measurement1_Celsius_BIN=Low | temperature_measurement2_Celsius_BIN=Low | water_consumption_BIN=High | water_temperature_deltaCelsius_BIN=High | workpiece_slice_geometry=180x180,17.0,1.0,1.16,Ephemeral,2020-04-08,2020-04-08,False,2020-04-08,1.0,,,,,,,,,,,,,,,,,
life_track,RUL_BIN=Healthy | alloy_speed_meter_minute_BIN=High | alloy_type=open | cast_in_row_BIN=Low | crystallizer_movementmm_BIN=High | num_crystallizer_BIN=Low | num_stream_BIN=Low | resistance_tonn_BIN=Low | steel_temperature_grab1Celsius_BIN=High | steel_type=St3sp | steel_weighttonn_BIN=High | swing_frequency_amount_minute_BIN=Medium | temperature_measurement1_Celsius_BIN=Low | temperature_measurement2_Celsius_BIN=Low | water_consumption_BIN=High | water_temperature_deltaCelsius_BIN=High | workpiece_slice_geometry=150x150,17.0,1.0,1.16,Ephemeral,2020-05-05,2020-05-05,False,2020-05-05,1.0,,,,,,,,,,,,,,,,,
life_track,RUL_BIN=Healthy | alloy_speed_meter_minute_BIN=High | alloy_type=open | cast_in_row_BIN=Low | crystallizer_movementmm_BIN=High | num_crystallizer_BIN=Low | num_stream_BIN=High | resistance_tonn_BIN=Low | steel_temperature_grab1Celsius_BIN=High | steel_type=St3sp | steel_weighttonn_BIN=High | swing_frequency_amount_minute_BIN=Medium | temperature_measurement1_Celsius_BIN=Low | temperature_measurement2_Celsius_BIN=Low | water_consumption_BIN=High | water_temperature_deltaCelsius_BIN=High | workpiece_slice_geometry=150x150,17.0,1.0,1.16,Ephemeral,2020-05-05,2020-05-05,False,2020-05-05,1.0,,,,,,,,,,,,,,,,,
life_track,RUL_BIN=Healthy | alloy_speed_meter_minute_BIN=High | alloy_type=open | cast_in_row_BIN=Low | crystallizer_movementmm_BIN=High | num_crystallizer_BIN=High | num_stream_BIN=Medium | resistance_tonn_BIN=Low | steel_temperature_grab1Celsius_BIN=High | steel_type=St3sp | steel_weighttonn_BIN=High | swing_frequency_amount_minute_BIN=Medium | temperature_measurement1_Celsius_BIN=Low | temperature_measurement2_Celsius_BIN=Low | water_consumption_BIN=High | water_temperature_deltaCelsius_BIN=High | workpiece_slice_geometry=150x150,17.0,1.0,1.16,Ephemeral,2020-05-05,2020-05-05,False,2020-05-05,2.0,,,,,,,,,,,,,,,,,
life_track,RUL_BIN=Healthy | alloy_speed_meter_minute_BIN=High | alloy_type=open | cast_in_row_BIN=Low | crystallizer_movementmm_BIN=High | num_crystallizer_BIN=High | num_stream_BIN=Low | resistance_tonn_BIN=Low | steel_temperature_grab1Celsius_BIN=High | steel_type=St3sp | steel_weighttonn_BIN=High | swing_frequency_amount_minute_BIN=Medium | temperature_measurement1_Celsius_BIN=Low | temperature_measurement2_Celsius_BIN=Low | water_consumption_BIN=High | water_temperature_deltaCelsius_BIN=High | workpiece_slice_geometry=150x150,17.0,1.0,1.16,Ephemeral,2020-05-05,2020-05-05,False,2020-05-05,1.0,,,,,,,,,,,,,,,,,
life_track,RUL_BIN=Medium | alloy_speed_meter_minute_BIN=Medium | alloy_type=open | cast_in_row_BIN=Low | crystallizer_movementmm_BIN=High | num_crystallizer_BIN=Low | num_stream_BIN=Low | resistance_tonn_BIN=Low | steel_temperature_grab1Celsius_BIN=High | steel_type=Arm500 | steel_weighttonn_BIN=High | swing_frequency_amount_minute_BIN=High | temperature_measurement1_Celsius_BIN=Low | temperature_measurement2_Celsius_BIN=Low | water_consumption_BIN=High | water_temperature_deltaCelsius_BIN=High | workpiece_slice_geometry=180x180,17.0,1.0,1.16,Ephemeral,2020-05-07,2020-05-07,False,2020-05-07,1.0,,,,,,,,,,,,,,,,,
life_track,RUL_BIN=Medium | alloy_speed_meter_minute_BIN=Medium | alloy_type=open | cast_in_row_BIN=Low | crystallizer_movementmm_BIN=High | num_crystallizer_BIN=High | num_stream_BIN=Medium | resistance_tonn_BIN=Low | steel_temperature_grab1Celsius_BIN=High | steel_type=Arm500 | steel_weighttonn_BIN=High | swing_frequency_amount_minute_BIN=High | temperature_measurement1_Celsius_BIN=Low | temperature_measurement2_Celsius_BIN=Low | water_consumption_BIN=High | water_temperature_deltaCelsius_BIN=High | workpiece_slice_geometry=180x180,17.0,1.0,1.16,Ephemeral,2020-05-07,2020-05-07,False,2020-05-07,1.0,,,,,,,,,,,,,,,,,
life_track,RUL_BIN=Medium | alloy_speed_meter_minute_BIN=Medium | alloy_type=open | cast_in_row_BIN=Low | crystallizer_movementmm_BIN=High | num_crystallizer_BIN=High | num_stream_BIN=Low | resistance_tonn_BIN=Low | steel_temperature_grab1Celsius_BIN=High | steel_type=Arm500 | steel_weighttonn_BIN=High | swing_frequency_amount_minute_BIN=High | temperature_measurement1_Celsius_BIN=Low | temperature_measurement2_Celsius_BIN=Low | water_consumption_BIN=High | water_temperature_deltaCelsius_BIN=High | workpiece_slice_geometry=180x180,17.0,1.0,1.16,Ephemeral,2020-05-07,2020-05-07,False,2020-05-07,1.0,,,,,,,,,,,,,,,,,
life_track,RUL_BIN=Healthy | alloy_speed_meter_minute_BIN=Medium | alloy_type=open | cast_in_row_BIN=Low | crystallizer_movementmm_BIN=High | num_crystallizer_BIN=High | num_stream_BIN=Medium | resistance_tonn_BIN=Low | steel_temperature_grab1Celsius_BIN=High | steel_type=Arm500 | steel_weighttonn_BIN=High | swing_frequency_amount_minute_BIN=High | temperature_measurement1_Celsius_BIN=Low | temperature_measurement2_Celsius_BIN=Low | water_consumption_BIN=High | water_temperature_deltaCelsius_BIN=High | workpiece_slice_geometry=180x180,17.0,1.0,1.16,Ephemeral,2020-05-07,2020-05-07,False,2020-05-07,1.0,,,,,,,,,,,,,,,,,
life_track,RUL_BIN=Critical | alloy_speed_meter_minute_BIN=Medium | alloy_type=open | cast_in_row_BIN=Low | crystallizer_movementmm_BIN=High | num_crystallizer_BIN=High | num_stream_BIN=High | resistance_tonn_BIN=Low | steel_temperature_grab1Celsius_BIN=High | steel_type=Arm500 | steel_weighttonn_BIN=Medium | swing_frequency_amount_minute_BIN=High | temperature_measurement1_Celsius_BIN=Low | temperature_measurement2_Celsius_BIN=Low | water_consumption_BIN=High | water_temperature_deltaCelsius_BIN=High | workpiece_slice_geometry=180x180,17.0,1.0,1.16,Ephemeral,2020-05-07,2020-05-07,False,2020-05-07,1.0,,,,,,,,,,,,,,,,,
life_track,RUL_BIN=Low | alloy_speed_meter_minute_BIN=Medium | alloy_type=open | cast_in_row_BIN=Medium | crystallizer_movementmm_BIN=Low | num_crystallizer_BIN=High | num_stream_BIN=Medium | resistance_tonn_BIN=Low | steel_temperature_grab1Celsius_BIN=High | steel_type=Arm500 | steel_weighttonn_BIN=High | swing_frequency_amount_minute_BIN=High | temperature_measurement1_Celsius_BIN=Low | temperature_measurement2_Celsius_BIN=Low | water_consumption_BIN=High | water_temperature_deltaCelsius_BIN=High | workpiece_slice_geometry=180x180,17.0,1.0,1.16,Ephemeral,2020-05-08,2020-05-08,False,2020-05-08,1.0,,,,,,,,,,,,,,,,,
life_track,RUL_BIN=Healthy | alloy_speed_meter_minute_BIN=Medium | alloy_type=open | cast_in_row_BIN=Medium | crystallizer_movementmm_BIN=Low | num_crystallizer_BIN=Medium | num_stream_BIN=Medium | resistance_tonn_BIN=Low | steel_temperature_grab1Celsius_BIN=High | steel_type=Arm500 | steel_weighttonn_BIN=High | swing_frequency_amount_minute_BIN=High | temperature_measurement1_Celsius_BIN=Low | temperature_measurement2_Celsius_BIN=Low | water_consumption_BIN=High | water_temperature_deltaCelsius_BIN=High | workpiece_slice_geometry=180x180,17.0,1.0,1.16,Ephemeral,2020-05-09,2020-05-09,False,2020-05-09,2.0,,,,,,,,,,,,,,,,,
life_track,RUL_BIN=Healthy | alloy_speed_meter_minute_BIN=Medium | alloy_type=open | cast_in_row_BIN=Medium | crystallizer_movementmm_BIN=Low | num_crystallizer_BIN=Medium | num_stream_BIN=Low | resistance_tonn_BIN=Low | steel_temperature_grab1Celsius_BIN=High | steel_type=Arm500 | steel_weighttonn_BIN=High | swing_frequency_amount_minute_BIN=High | temperature_measurement1_Celsius_BIN=Low | temperature_measurement2_Celsius_BIN=Low | water_consumption_BIN=High | water_temperature_deltaCelsius_BIN=High | workpiece_slice_geometry=180x180,17.0,1.0,1.16,Ephemeral,2020-05-09,2020-05-09,False,2020-05-09,1.0,,,,,,,,,,,,,,,,,
life_track,RUL_BIN=Healthy | alloy_speed_meter_minute_BIN=Medium | alloy_type=open | cast_in_row_BIN=Medium | crystallizer_movementmm_BIN=Low | num_crystallizer_BIN=Low | num_stream_BIN=High | resistance_tonn_BIN=Low | steel_temperature_grab1Celsius_BIN=High | steel_type=Arm500 | steel_weighttonn_BIN=High | swing_frequency_amount_minute_BIN=High | temperature_measurement1_Celsius_BIN=Low | temperature_measurement2_Celsius_BIN=Low | water_consumption_BIN=High | water_temperature_deltaCelsius_BIN=High | workpiece_slice_geometry=180x180,17.0,1.0,1.16,Ephemeral,2020-05-09,2020-05-09,False,2020-05-09,1.0,,,,,,,,,,,,,,,,,
life_track,RUL_BIN=Critical | alloy_speed_meter_minute_BIN=Medium | alloy_type=open | cast_in_row_BIN=Medium | crystallizer_movementmm_BIN=Low | num_crystallizer_BIN=Low | num_stream_BIN=Low | resistance_tonn_BIN=Low | steel_temperature_grab1Celsius_BIN=High | steel_type=Arm500 | steel_weighttonn_BIN=High | swing_frequency_amount_minute_BIN=High | temperature_measurement1_Celsius_BIN=Low | temperature_measurement2_Celsius_BIN=Low | water_consumption_BIN=High | water_temperature_deltaCelsius_BIN=High | workpiece_slice_geometry=180x180,17.0,1.0,1.16,Ephemeral,2020-05-09,2020-05-09,False,2020-05-09,1.0,,,,,,,,,,,,,,,,,
life_track,RUL_BIN=Critical | alloy_speed_meter_minute_BIN=Medium | alloy_type=open | cast_in_row_BIN=Medium | crystallizer_movementmm_BIN=Low | num_crystallizer_BIN=High | num_stream_BIN=Low | resistance_tonn_BIN=Low | steel_temperature_grab1Celsius_BIN=High | steel_type=Arm500 | steel_weighttonn_BIN=High | swing_frequency_amount_minute_BIN=High | temperature_measurement1_Celsius_BIN=Low | temperature_measurement2_Celsius_BIN=Low | water_consumption_BIN=High | water_temperature_deltaCelsius_BIN=High | workpiece_slice_geometry=180x180,17.0,1.0,1.16,Ephemeral,2020-05-09,2020-05-09,False,2020-05-09,1.0,,,,,,,,,,,,,,,,,
life_track,RUL_BIN=Healthy | alloy_speed_meter_minute_BIN=Medium | alloy_type=open | cast_in_row_BIN=Low | crystallizer_movementmm_BIN=Low | num_crystallizer_BIN=Medium | num_stream_BIN=High | resistance_tonn_BIN=Low | steel_temperature_grab1Celsius_BIN=High | steel_type=Arm500 | steel_weighttonn_BIN=High | swing_frequency_amount_minute_BIN=Medium | temperature_measurement1_Celsius_BIN=Low | temperature_measurement2_Celsius_BIN=Low | water_consumption_BIN=High | water_temperature_deltaCelsius_BIN=High | workpiece_slice_geometry=180x180,17.0,1.0,1.16,Ephemeral,2020-05-13,2020-05-13,False,2020-05-13,1.0,,,,,,,,,,,,,,,,,
life_track,RUL_BIN=Medium | alloy_speed_meter_minute_BIN=Medium | alloy_type=open | cast_in_row_BIN=Low | crystallizer_movementmm_BIN=Low | num_crystallizer_BIN=Medium | num_stream_BIN=Medium | resistance_tonn_BIN=Low | steel_temperature_grab1Celsius_BIN=High | steel_type=25G2S | steel_weighttonn_BIN=High | swing_frequency_amount_minute_BIN=Medium | temperature_measurement1_Celsius_BIN=Low | temperature_measurement2_Celsius_BIN=Low | water_consumption_BIN=High | water_temperature_deltaCelsius_BIN=High | workpiece_slice_geometry=180x180,17.0,1.0,1.16,Ephemeral,2020-05-15,2020-05-15,False,2020-05-15,1.0,,,,,,,,,,,,,,,,,
life_track,RUL_BIN=Medium | alloy_speed_meter_minute_BIN=Medium | alloy_type=open | cast_in_row_BIN=Low | crystallizer_movementmm_BIN=Low | num_crystallizer_BIN=Low | num_stream_BIN=High | resistance_tonn_BIN=Low | steel_temperature_grab1Celsius_BIN=High | steel_type=25G2S | steel_weighttonn_BIN=High | swing_frequency_amount_minute_BIN=Medium | temperature_measurement1_Celsius_BIN=Low | temperature_measurement2_Celsius_BIN=Low | water_consumption_BIN=High | water_temperature_deltaCelsius_BIN=High | workpiece_slice_geometry=180x180,17.0,1.0,1.16,Ephemeral,2020-05-15,2020-05-15,False,2020-05-15,1.0,,,,,,,,,,,,,,,,,
life_track,RUL_BIN=Medium | alloy_speed_meter_minute_BIN=Medium | alloy_type=open | cast_in_row_BIN=Low | crystallizer_movementmm_BIN=Low | num_crystallizer_BIN=High | num_stream_BIN=Low | resistance_tonn_BIN=Low | steel_temperature_grab1Celsius_BIN=High | steel_type=25G2S | steel_weighttonn_BIN=High | swing_frequency_amount_minute_BIN=Medium | temperature_measurement1_Celsius_BIN=Low | temperature_measurement2_Celsius_BIN=Low | water_consumption_BIN=High | water_temperature_deltaCelsius_BIN=High | workpiece_slice_geometry=180x180,17.0,1.0,1.16,Ephemeral,2020-05-15,2020-05-15,False,2020-05-15,1.0,,,,,,,,,,,,,,,,,
life_track,RUL_BIN=Healthy | alloy_speed_meter_minute_BIN=Medium | alloy_type=open | cast_in_row_BIN=Low | crystallizer_movementmm_BIN=Low | num_crystallizer_BIN=Medium | num_stream_BIN=Medium | resistance_tonn_BIN=Low | steel_temperature_grab1Celsius_BIN=High | steel_type=25G2S | steel_weighttonn_BIN=High | swing_frequency_amount_minute_BIN=Medium | temperature_measurement1_Celsius_BIN=Low | temperature_measurement2_Celsius_BIN=Low | water_consumption_BIN=High | water_temperature_deltaCelsius_BIN=High | workpiece_slice_geometry=180x180,17.0,1.0,1.16,Ephemeral,2020-05-15,2020-05-15,False,2020-05-15,1.0,,,,,,,,,,,,,,,,,
life_track,RUL_BIN=Healthy | alloy_speed_meter_minute_BIN=Medium | alloy_type=open | cast_in_row_BIN=Low | crystallizer_movementmm_BIN=Low | num_crystallizer_BIN=Medium | num_stream_BIN=High | resistance_tonn_BIN=Low | steel_temperature_grab1Celsius_BIN=High | steel_type=25G2S | steel_weighttonn_BIN=High | swing_frequency_amount_minute_BIN=Medium | temperature_measurement1_Celsius_BIN=Low | temperature_measurement2_Celsius_BIN=Low | water_consumption_BIN=High | water_temperature_deltaCelsius_BIN=High | workpiece_slice_geometry=180x180,17.0,1.0,1.16,Ephemeral,2020-05-15,2020-05-15,False,2020-05-15,1.0,,,,,,,,,,,,,,,,,
life_track,RUL_BIN=Medium | alloy_speed_meter_minute_BIN=Medium | alloy_type=open | cast_in_row_BIN=Low | crystallizer_movementmm_BIN=Low | num_crystallizer_BIN=Medium | num_stream_BIN=Medium | resistance_tonn_BIN=Low | steel_temperature_grab1Celsius_BIN=High | steel_type=1018 | steel_weighttonn_BIN=High | swing_frequency_amount_minute_BIN=Medium | temperature_measurement1_Celsius_BIN=Low | temperature_measurement2_Celsius_BIN=Low | water_consumption_BIN=High | water_temperature_deltaCelsius_BIN=High | workpiece_slice_geometry=180x180,17.0,1.0,1.16,Ephemeral,2020-05-16,2020-05-16,False,2020-05-16,1.0,,,,,,,,,,,,,,,,,
life_track,RUL_BIN=Medium | alloy_speed_meter_minute_BIN=Medium | alloy_type=open | cast_in_row_BIN=Low | crystallizer_movementmm_BIN=Low | num_crystallizer_BIN=Medium | num_stream_BIN=High | resistance_tonn_BIN=Low | steel_temperature_grab1Celsius_BIN=High | steel_type=1018 | steel_weighttonn_BIN=High | swing_frequency_amount_minute_BIN=Medium | temperature_measurement1_Celsius_BIN=Low | temperature_measurement2_Celsius_BIN=Low | water_consumption_BIN=High | water_temperature_deltaCelsius_BIN=High | workpiece_slice_geometry=180x180,17.0,1.0,1.16,Ephemeral,2020-05-16,2020-05-16,False,2020-05-16,1.0,,,,,,,,,,,,,,,,,
life_track,RUL_BIN=Medium | alloy_speed_meter_minute_BIN=Medium | alloy_type=open | cast_in_row_BIN=Low | crystallizer_movementmm_BIN=Low | num_crystallizer_BIN=High | num_stream_BIN=Low | resistance_tonn_BIN=Low | steel_temperature_grab1Celsius_BIN=High | steel_type=1018 | steel_weighttonn_BIN=High | swing_frequency_amount_minute_BIN=Medium | temperature_measurement1_Celsius_BIN=Low | temperature_measurement2_Celsius_BIN=Low | water_consumption_BIN=High | water_temperature_deltaCelsius_BIN=High | workpiece_slice_geometry=180x180,17.0,1.0,1.16,Ephemeral,2020-05-16,2020-05-16,False,2020-05-16,1.0,,,,,,,,,,,,,,,,,
life_track,RUL_BIN=Low | alloy_speed_meter_minute_BIN=Medium | alloy_type=open | cast_in_row_BIN=Low | crystallizer_movementmm_BIN=Low | num_crystallizer_BIN=Low | num_stream_BIN=High | resistance_tonn_BIN=Low | steel_temperature_grab1Celsius_BIN=High | steel_type=1018 | steel_weighttonn_BIN=High | swing_frequency_amount_minute_BIN=Medium | temperature_measurement1_Celsius_BIN=Low | temperature_measurement2_Celsius_BIN=Low | water_consumption_BIN=High | water_temperature_deltaCelsius_BIN=High | workpiece_slice_geometry=180x180,17.0,1.0,1.16,Ephemeral,2020-05-16,2020-05-16,False,2020-05-16,1.0,,,,,,,,,,,,,,,,,
life_track,RUL_BIN=Healthy | alloy_speed_meter_minute_BIN=Medium | alloy_type=open | cast_in_row_BIN=Low | crystallizer_movementmm_BIN=Low | num_crystallizer_BIN=Medium | num_stream_BIN=Medium | resistance_tonn_BIN=Low | steel_temperature_grab1Celsius_BIN=High | steel_type=1018 | steel_weighttonn_BIN=High | swing_frequency_amount_minute_BIN=Medium | temperature_measurement1_Celsius_BIN=Low | temperature_measurement2_Celsius_BIN=Low | water_consumption_BIN=High | water_temperature_deltaCelsius_BIN=High | workpiece_slice_geometry=180x180,17.0,1.0,1.16,Ephemeral,2020-05-16,2020-05-16,False,2020-05-16,1.0,,,,,,,,,,,,,,,,,
life_track,RUL_BIN=Medium | alloy_speed_meter_minute_BIN=Medium | alloy_type=open | cast_in_row_BIN=Low | crystallizer_movementmm_BIN=Low | num_crystallizer_BIN=Medium | num_stream_BIN=High | resistance_tonn_BIN=Low | steel_temperature_grab1Celsius_BIN=High | steel_type=Arm500 | steel_weighttonn_BIN=High | swing_frequency_amount_minute_BIN=Medium | temperature_measurement1_Celsius_BIN=Low | temperature_measurement2_Celsius_BIN=Low | water_consumption_BIN=High | water_temperature_deltaCelsius_BIN=High | workpiece_slice_geometry=180x180,17.0,1.0,1.16,Ephemeral,2020-05-17,2020-05-17,False,2020-05-17,1.0,,,,,,,,,,,,,,,,,
life_track,RUL_BIN=Low | alloy_speed_meter_minute_BIN=Medium | alloy_type=open | cast_in_row_BIN=Low | crystallizer_movementmm_BIN=Low | num_crystallizer_BIN=Low | num_stream_BIN=High | resistance_tonn_BIN=Low | steel_temperature_grab1Celsius_BIN=High | steel_type=Arm500 | steel_weighttonn_BIN=High | swing_frequency_amount_minute_BIN=Medium | temperature_measurement1_Celsius_BIN=Low | temperature_measurement2_Celsius_BIN=Low | water_consumption_BIN=High | water_temperature_deltaCelsius_BIN=High | workpiece_slice_geometry=180x180,17.0,1.0,1.16,Ephemeral,2020-05-17,2020-05-17,False,2020-05-17,1.0,,,,,,,,,,,,,,,,,
life_track,RUL_BIN=Medium | alloy_speed_meter_minute_BIN=High | alloy_type=open | cast_in_row_BIN=Medium | crystallizer_movementmm_BIN=High | num_crystallizer_BIN=Low | num_stream_BIN=High | resistance_tonn_BIN=Low | steel_temperature_grab1Celsius_BIN=High | steel_type=St4sp | steel_weighttonn_BIN=High | swing_frequency_amount_minute_BIN=Low | temperature_measurement1_Celsius_BIN=Low | temperature_measurement2_Celsius_BIN=Low | water_consumption_BIN=High | water_temperature_deltaCelsius_BIN=High | workpiece_slice_geometry=150x150,17.0,1.0,1.16,Ephemeral,2020-05-18,2020-05-18,False,2020-05-18,1.0,,,,,,,,,,,,,,,,,
life_track,RUL_BIN=Healthy | alloy_speed_meter_minute_BIN=High | alloy_type=open | cast_in_row_BIN=Medium | crystallizer_movementmm_BIN=High | num_crystallizer_BIN=Low | num_stream_BIN=Medium | resistance_tonn_BIN=Low | steel_temperature_grab1Celsius_BIN=High | steel_type=St4sp | steel_weighttonn_BIN=High | swing_frequency_amount_minute_BIN=Low | temperature_measurement1_Celsius_BIN=Low | temperature_measurement2_Celsius_BIN=Low | water_consumption_BIN=High | water_temperature_deltaCelsius_BIN=High | workpiece_slice_geometry=150x150,17.0,1.0,1.16,Ephemeral,2020-05-18,2020-05-18,False,2020-05-18,1.0,,,,,,,,,,,,,,,,,
life_track,RUL_BIN=Healthy | alloy_speed_meter_minute_BIN=High | alloy_type=open | cast_in_row_BIN=Medium | crystallizer_movementmm_BIN=High | num_crystallizer_BIN=Low | num_stream_BIN=High | resistance_tonn_BIN=Low | steel_temperature_grab1Celsius_BIN=High | steel_type=St4sp | steel_weighttonn_BIN=High | swing_frequency_amount_minute_BIN=Low | temperature_measurement1_Celsius_BIN=Low | temperature_measurement2_Celsius_BIN=Low | water_consumption_BIN=High | water_temperature_deltaCelsius_BIN=High | workpiece_slice_geometry=150x150,17.0,1.0,1.16,Ephemeral,2020-05-18,2020-05-18,False,2020-05-18,1.0,,,,,,,,,,,,,,,,,
life_track,RUL_BIN=Healthy | alloy_speed_meter_minute_BIN=High | alloy_type=open | cast_in_row_BIN=Medium | crystallizer_movementmm_BIN=High | num_crystallizer_BIN=High | num_stream_BIN=Medium | resistance_tonn_BIN=Low | steel_temperature_grab1Celsius_BIN=High | steel_type=St4sp | steel_weighttonn_BIN=High | swing_frequency_amount_minute_BIN=Low | temperature_measurement1_Celsius_BIN=Low | temperature_measurement2_Celsius_BIN=Low | water_consumption_BIN=High | water_temperature_deltaCelsius_BIN=High | workpiece_slice_geometry=150x150,17.0,1.0,1.16,Ephemeral,2020-05-18,2020-05-18,False,2020-05-18,1.0,,,,,,,,,,,,,,,,,
life_track,RUL_BIN=Healthy | alloy_speed_meter_minute_BIN=High | alloy_type=open | cast_in_row_BIN=Medium | crystallizer_movementmm_BIN=High | num_crystallizer_BIN=High | num_stream_BIN=Low | resistance_tonn_BIN=Low | steel_temperature_grab1Celsius_BIN=High | steel_type=St4sp | steel_weighttonn_BIN=High | swing_frequency_amount_minute_BIN=Low | temperature_measurement1_Celsius_BIN=Low | temperature_measurement2_Celsius_BIN=Low | water_consumption_BIN=High | water_temperature_deltaCelsius_BIN=High | workpiece_slice_geometry=150x150,17.0,1.0,1.16,Ephemeral,2020-05-18,2020-05-18,False,2020-05-18,1.0,,,,,,,,,,,,,,,,,
life_track,RUL_BIN=Medium | alloy_speed_meter_minute_BIN=Medium | alloy_type=open | cast_in_row_BIN=Low | crystallizer_movementmm_BIN=Low | num_crystallizer_BIN=Low | num_stream_BIN=Medium | resistance_tonn_BIN=Low | steel_temperature_grab1Celsius_BIN=High | steel_type=Arm500 | steel_weighttonn_BIN=High | swing_frequency_amount_minute_BIN=Medium | temperature_measurement1_Celsius_BIN=Low | temperature_measurement2_Celsius_BIN=Low | water_consumption_BIN=High | water_temperature_deltaCelsius_BIN=High | workpiece_slice_geometry=180x180,17.0,1.0,1.16,Ephemeral,2020-05-19,2020-05-19,False,2020-05-19,1.0,,,,,,,,,,,,,,,,,
life_track,RUL_BIN=Low | alloy_speed_meter_minute_BIN=Medium | alloy_type=open | cast_in_row_BIN=Low | crystallizer_movementmm_BIN=Low | num_crystallizer_BIN=High | num_stream_BIN=Medium | resistance_tonn_BIN=Low | steel_temperature_grab1Celsius_BIN=High | steel_type=Arm500 | steel_weighttonn_BIN=High | swing_frequency_amount_minute_BIN=Medium | temperature_measurement1_Celsius_BIN=Low | temperature_measurement2_Celsius_BIN=Low | water_consumption_BIN=High | water_temperature_deltaCelsius_BIN=High | workpiece_slice_geometry=180x180,17.0,1.0,1.16,Ephemeral,2020-05-21,2020-05-21,False,2020-05-21,1.0,,,,,,,,,,,,,,,,,
life_track,RUL_BIN=Critical | alloy_speed_meter_minute_BIN=Medium | alloy_type=open | cast_in_row_BIN=Low | crystallizer_movementmm_BIN=Low | num_crystallizer_BIN=Medium | num_stream_BIN=Low | resistance_tonn_BIN=Low | steel_temperature_grab1Celsius_BIN=High | steel_type=Arm500 | steel_weighttonn_BIN=High | swing_frequency_amount_minute_BIN=Medium | temperature_measurement1_Celsius_BIN=Low | temperature_measurement2_Celsius_BIN=Low | water_consumption_BIN=High | water_temperature_deltaCelsius_BIN=High | workpiece_slice_geometry=180x180,17.0,1.0,1.16,Ephemeral,2020-05-21,2020-05-21,False,2020-05-21,1.0,,,,,,,,,,,,,,,,,
life_track,RUL_BIN=Medium | alloy_speed_meter_minute_BIN=High | alloy_type=open | cast_in_row_BIN=Medium | crystallizer_movementmm_BIN=High | num_crystallizer_BIN=Medium | num_stream_BIN=Medium | resistance_tonn_BIN=Low | steel_temperature_grab1Celsius_BIN=High | steel_type=St4sp | steel_weighttonn_BIN=High | swing_frequency_amount_minute_BIN=Low | temperature_measurement1_Celsius_BIN=Low | temperature_measurement2_Celsius_BIN=Low | water_consumption_BIN=High | water_temperature_deltaCelsius_BIN=High | workpiece_slice_geometry=150x150,17.0,1.0,1.16,Ephemeral,2020-05-22,2020-05-22,False,2020-05-22,1.0,,,,,,,,,,,,,,,,,
life_track,RUL_BIN=Low | alloy_speed_meter_minute_BIN=High | alloy_type=open | cast_in_row_BIN=Medium | crystallizer_movementmm_BIN=High | num_crystallizer_BIN=Medium | num_stream_BIN=High | resistance_tonn_BIN=Low | steel_temperature_grab1Celsius_BIN=High | steel_type=St4sp | steel_weighttonn_BIN=High | swing_frequency_amount_minute_BIN=Low | temperature_measurement1_Celsius_BIN=Low | temperature_measurement2_Celsius_BIN=Low | water_consumption_BIN=High | water_temperature_deltaCelsius_BIN=High | workpiece_slice_geometry=150x150,17.0,1.0,1.16,Ephemeral,2020-05-22,2020-05-22,False,2020-05-22,1.0,,,,,,,,,,,,,,,,,
life_track,RUL_BIN=Healthy | alloy_speed_meter_minute_BIN=High | alloy_type=open | cast_in_row_BIN=Medium | crystallizer_movementmm_BIN=High | num_crystallizer_BIN=Medium | num_stream_BIN=Low | resistance_tonn_BIN=Low | steel_temperature_grab1Celsius_BIN=High | steel_type=St4sp | steel_weighttonn_BIN=High | swing_frequency_amount_minute_BIN=Low | temperature_measurement1_Celsius_BIN=Low | temperature_measurement2_Celsius_BIN=Low | water_consumption_BIN=High | water_temperature_deltaCelsius_BIN=High | workpiece_slice_geometry=150x150,17.0,1.0,1.16,Ephemeral,2020-05-22,2020-05-22,False,2020-05-22,1.0,,,,,,,,,,,,,,,,,
life_track,RUL_BIN=Healthy | alloy_speed_meter_minute_BIN=High | alloy_type=open | cast_in_row_BIN=Medium | crystallizer_movementmm_BIN=High | num_crystallizer_BIN=High | num_stream_BIN=High | resistance_tonn_BIN=Low | steel_temperature_grab1Celsius_BIN=High | steel_type=St4sp | steel_weighttonn_BIN=High | swing_frequency_amount_minute_BIN=Low | temperature_measurement1_Celsius_BIN=Low | temperature_measurement2_Celsius_BIN=Low | water_consumption_BIN=High | water_temperature_deltaCelsius_BIN=High | workpiece_slice_geometry=150x150,17.0,1.0,1.16,Ephemeral,2020-05-22,2020-05-22,False,2020-05-22,1.0,,,,,,,,,,,,,,,,,
life_track,RUL_BIN=Medium | alloy_speed_meter_minute_BIN=Medium | alloy_type=open | cast_in_row_BIN=Low | crystallizer_movementmm_BIN=Low | num_crystallizer_BIN=High | num_stream_BIN=High | resistance_tonn_BIN=Low | steel_temperature_grab1Celsius_BIN=High | steel_type=Arm500 | steel_weighttonn_BIN=High | swing_frequency_amount_minute_BIN=Medium | temperature_measurement1_Celsius_BIN=Low | temperature_measurement2_Celsius_BIN=Low | water_consumption_BIN=High | water_temperature_deltaCelsius_BIN=High | workpiece_slice_geometry=180x180,17.0,1.0,1.16,Ephemeral,2020-05-23,2020-05-23,False,2020-05-23,1.0,,,,,,,,,,,,,,,,,
life_track,RUL_BIN=Critical | alloy_speed_meter_minute_BIN=Medium | alloy_type=open | cast_in_row_BIN=Low | crystallizer_movementmm_BIN=Low | num_crystallizer_BIN=Medium | num_stream_BIN=High | resistance_tonn_BIN=Low | steel_temperature_grab1Celsius_BIN=High | steel_type=Arm500 | steel_weighttonn_BIN=High | swing_frequency_amount_minute_BIN=Medium | temperature_measurement1_Celsius_BIN=Low | temperature_measurement2_Celsius_BIN=Low | water_consumption_BIN=High | water_temperature_deltaCelsius_BIN=High | workpiece_slice_geometry=180x180,17.0,1.0,1.16,Ephemeral,2020-05-23,2020-05-23,False,2020-05-23,1.0,,,,,,,,,,,,,,,,,
life_track,RUL_BIN=Low | alloy_speed_meter_minute_BIN=High | alloy_type=open | cast_in_row_BIN=Medium | crystallizer_movementmm_BIN=High | num_crystallizer_BIN=Medium | num_stream_BIN=Medium | resistance_tonn_BIN=Low | steel_temperature_grab1Celsius_BIN=High | steel_type=St4sp | steel_weighttonn_BIN=High | swing_frequency_amount_minute_BIN=Low | temperature_measurement1_Celsius_BIN=Low | temperature_measurement2_Celsius_BIN=Low | water_consumption_BIN=High | water_temperature_deltaCelsius_BIN=High | workpiece_slice_geometry=150x150,17.0,1.0,1.16,Ephemeral,2020-05-26,2020-05-26,False,2020-05-26,1.0,,,,,,,,,,,,,,,,,
life_track,RUL_BIN=Critical | alloy_speed_meter_minute_BIN=High | alloy_type=open | cast_in_row_BIN=Medium | crystallizer_movementmm_BIN=High | num_crystallizer_BIN=High | num_stream_BIN=Medium | resistance_tonn_BIN=Low | steel_temperature_grab1Celsius_BIN=High | steel_type=St4sp | steel_weighttonn_BIN=High | swing_frequency_amount_minute_BIN=Low | temperature_measurement1_Celsius_BIN=Low | temperature_measurement2_Celsius_BIN=Low | water_consumption_BIN=High | water_temperature_deltaCelsius_BIN=High | workpiece_slice_geometry=150x150,17.0,1.0,1.16,Ephemeral,2020-05-26,2020-05-26,False,2020-05-26,1.0,,,,,,,,,,,,,,,,,
life_track,RUL_BIN=Medium | alloy_speed_meter_minute_BIN=High | alloy_type=open | cast_in_row_BIN=High | crystallizer_movementmm_BIN=Low | num_crystallizer_BIN=Medium | num_stream_BIN=Medium | resistance_tonn_BIN=Low | steel_temperature_grab1Celsius_BIN=High | steel_type=Arm500 | steel_weighttonn_BIN=High | swing_frequency_amount_minute_BIN=Low | temperature_measurement1_Celsius_BIN=Low | temperature_measurement2_Celsius_BIN=Low | water_consumption_BIN=High | water_temperature_deltaCelsius_BIN=High | workpiece_slice_geometry=150x150,17.0,1.0,1.16,Ephemeral,2020-05-27,2020-05-27,False,2020-05-27,1.0,,,,,,,,,,,,,,,,,
life_track,RUL_BIN=Medium | alloy_speed_meter_minute_BIN=High | alloy_type=open | cast_in_row_BIN=High | crystallizer_movementmm_BIN=Low | num_crystallizer_BIN=Medium | num_stream_BIN=Low | resistance_tonn_BIN=Low | steel_temperature_grab1Celsius_BIN=High | steel_type=Arm500 | steel_weighttonn_BIN=High | swing_frequency_amount_minute_BIN=Low | temperature_measurement1_Celsius_BIN=Low | temperature_measurement2_Celsius_BIN=Low | water_consumption_BIN=High | water_temperature_deltaCelsius_BIN=High | workpiece_slice_geometry=150x150,17.0,1.0,1.16,Ephemeral,2020-05-27,2020-05-27,False,2020-05-27,2.0,,,,,,,,,,,,,,,,,
life_track,RUL_BIN=Low | alloy_speed_meter_minute_BIN=High | alloy_type=open | cast_in_row_BIN=High | crystallizer_movementmm_BIN=Low | num_crystallizer_BIN=Medium | num_stream_BIN=Medium | resistance_tonn_BIN=Low | steel_temperature_grab1Celsius_BIN=High | steel_type=Arm500 | steel_weighttonn_BIN=High | swing_frequency_amount_minute_BIN=Low | temperature_measurement1_Celsius_BIN=Low | temperature_measurement2_Celsius_BIN=Low | water_consumption_BIN=High | water_temperature_deltaCelsius_BIN=High | workpiece_slice_geometry=150x150,17.0,1.0,1.16,Ephemeral,2020-05-27,2020-05-27,False,2020-05-27,2.0,,,,,,,,,,,,,,,,,
life_track,RUL_BIN=Healthy | alloy_speed_meter_minute_BIN=High | alloy_type=open | cast_in_row_BIN=High | crystallizer_movementmm_BIN=Low | num_crystallizer_BIN=Medium | num_stream_BIN=High | resistance_tonn_BIN=Low | steel_temperature_grab1Celsius_BIN=High | steel_type=Arm500 | steel_weighttonn_BIN=High | swing_frequency_amount_minute_BIN=Low | temperature_measurement1_Celsius_BIN=Low | temperature_measurement2_Celsius_BIN=Low | water_consumption_BIN=High | water_temperature_deltaCelsius_BIN=High | workpiece_slice_geometry=150x150,17.0,1.0,1.16,Ephemeral,2020-05-27,2020-05-27,False,2020-05-27,1.0,,,,,,,,,,,,,,,,,
life_track,RUL_BIN=Critical | alloy_speed_meter_minute_BIN=High | alloy_type=open | cast_in_row_BIN=High | crystallizer_movementmm_BIN=Low | num_crystallizer_BIN=Low | num_stream_BIN=Low | resistance_tonn_BIN=Low | steel_temperature_grab1Celsius_BIN=High | steel_type=Arm500 | steel_weighttonn_BIN=High | swing_frequency_amount_minute_BIN=Low | temperature_measurement1_Celsius_BIN=Low | temperature_measurement2_Celsius_BIN=Low | water_consumption_BIN=High | water_temperature_deltaCelsius_BIN=High | workpiece_slice_geometry=150x150,17.0,1.0,1.16,Ephemeral,2020-05-27,2020-05-27,False,2020-05-27,1.0,,,,,,,,,,,,,,,,,
life_track,RUL_BIN=Critical | alloy_speed_meter_minute_BIN=High | alloy_type=open | cast_in_row_BIN=High | crystallizer_movementmm_BIN=Low | num_crystallizer_BIN=Low | num_stream_BIN=High | resistance_tonn_BIN=Low | steel_temperature_grab1Celsius_BIN=High | steel_type=Arm500 | steel_weighttonn_BIN=High | swing_frequency_amount_minute_BIN=Low | temperature_measurement1_Celsius_BIN=Low | temperature_measurement2_Celsius_BIN=Low | water_consumption_BIN=High | water_temperature_deltaCelsius_BIN=High | workpiece_slice_geometry=150x150,17.0,1.0,1.16,Ephemeral,2020-05-27,2020-05-27,False,2020-05-27,2.0,,,,,,,,,,,,,,,,,
life_track,RUL_BIN=Critical | alloy_speed_meter_minute_BIN=High | alloy_type=open | cast_in_row_BIN=High | crystallizer_movementmm_BIN=Low | num_crystallizer_BIN=High | num_stream_BIN=Medium | resistance_tonn_BIN=Low | steel_temperature_grab1Celsius_BIN=High | steel_type=Arm500 | steel_weighttonn_BIN=High | swing_frequency_amount_minute_BIN=Low | temperature_measurement1_Celsius_BIN=Low | temperature_measurement2_Celsius_BIN=Low | water_consumption_BIN=High | water_temperature_deltaCelsius_BIN=High | workpiece_slice_geometry=150x150,17.0,1.0,1.16,Ephemeral,2020-05-27,2020-05-27,False,2020-05-27,2.0,,,,,,,,,,,,,,,,,
life_track,RUL_BIN=Critical | alloy_speed_meter_minute_BIN=High | alloy_type=open | cast_in_row_BIN=High | crystallizer_movementmm_BIN=Low | num_crystallizer_BIN=High | num_stream_BIN=Low | resistance_tonn_BIN=Low | steel_temperature_grab1Celsius_BIN=High | steel_type=Arm500 | steel_weighttonn_BIN=High | swing_frequency_amount_minute_BIN=Low | temperature_measurement1_Celsius_BIN=Low | temperature_measurement2_Celsius_BIN=Low | water_consumption_BIN=High | water_temperature_deltaCelsius_BIN=High | workpiece_slice_geometry=150x150,17.0,1.0,1.16,Ephemeral,2020-05-27,2020-05-27,False,2020-05-27,1.0,,,,,,,,,,,,,,,,,
life_track,RUL_BIN=Medium | alloy_speed_meter_minute_BIN=Medium | alloy_type=open | cast_in_row_BIN=Medium | crystallizer_movementmm_BIN=Low | num_crystallizer_BIN=Medium | num_stream_BIN=Low | resistance_tonn_BIN=Low | steel_temperature_grab1Celsius_BIN=High | steel_type=Arm500 | steel_weighttonn_BIN=High | swing_frequency_amount_minute_BIN=Medium | temperature_measurement1_Celsius_BIN=Low | temperature_measurement2_Celsius_BIN=Low | water_consumption_BIN=High | water_temperature_deltaCelsius_BIN=High | workpiece_slice_geometry=180x180,17.0,1.0,1.16,Ephemeral,2020-05-28,2020-05-28,False,2020-05-28,1.0,,,,,,,,,,,,,,,,,
life_track,RUL_BIN=Low | alloy_speed_meter_minute_BIN=Medium | alloy_type=open | cast_in_row_BIN=Medium | crystallizer_movementmm_BIN=Low | num_crystallizer_BIN=Medium | num_stream_BIN=Medium | resistance_tonn_BIN=Low | steel_temperature_grab1Celsius_BIN=High | steel_type=Arm500 | steel_weighttonn_BIN=High | swing_frequency_amount_minute_BIN=Medium | temperature_measurement1_Celsius_BIN=Low | temperature_measurement2_Celsius_BIN=Low | water_consumption_BIN=High | water_temperature_deltaCelsius_BIN=High | workpiece_slice_geometry=180x180,17.0,1.0,1.16,Ephemeral,2020-05-28,2020-05-28,False,2020-05-28,3.0,,,,,,,,,,,,,,,,,
life_track,RUL_BIN=Low | alloy_speed_meter_minute_BIN=Medium | alloy_type=open | cast_in_row_BIN=Medium | crystallizer_movementmm_BIN=Low | num_crystallizer_BIN=Medium | num_stream_BIN=Low | resistance_tonn_BIN=Low | steel_temperature_grab1Celsius_BIN=High | steel_type=Arm500 | steel_weighttonn_BIN=High | swing_frequency_amount_minute_BIN=Medium | temperature_measurement1_Celsius_BIN=Low | temperature_measurement2_Celsius_BIN=Low | water_consumption_BIN=High | water_temperature_deltaCelsius_BIN=High | workpiece_slice_geometry=180x180,17.0,1.0,1.16,Ephemeral,2020-05-28,2020-05-28,False,2020-05-28,1.0,,,,,,,,,,,,,,,,,
life_track,RUL_BIN=Healthy | alloy_speed_meter_minute_BIN=Medium | alloy_type=open | cast_in_row_BIN=Medium | crystallizer_movementmm_BIN=Low | num_crystallizer_BIN=Medium | num_stream_BIN=High | resistance_tonn_BIN=Low | steel_temperature_grab1Celsius_BIN=High | steel_type=Arm500 | steel_weighttonn_BIN=High | swing_frequency_amount_minute_BIN=Medium | temperature_measurement1_Celsius_BIN=Low | temperature_measurement2_Celsius_BIN=Low | water_consumption_BIN=High | water_temperature_deltaCelsius_BIN=High | workpiece_slice_geometry=180x180,17.0,1.0,1.16,Ephemeral,2020-05-28,2020-05-28,False,2020-05-28,1.0,,,,,,,,,,,,,,,,,
life_track,RUL_BIN=Medium | alloy_speed_meter_minute_BIN=Medium | alloy_type=open | cast_in_row_BIN=Low | crystallizer_movementmm_BIN=High | num_crystallizer_BIN=Medium | num_stream_BIN=High | resistance_tonn_BIN=Low | steel_temperature_grab1Celsius_BIN=High | steel_type=1015 | steel_weighttonn_BIN=Medium | swing_frequency_amount_minute_BIN=Medium | temperature_measurement1_Celsius_BIN=Low | temperature_measurement2_Celsius_BIN=Low | water_consumption_BIN=High | water_temperature_deltaCelsius_BIN=High | workpiece_slice_geometry=180x180,17.0,1.0,1.16,Ephemeral,2020-05-30,2020-05-30,False,2020-05-30,1.0,,,,,,,,,,,,,,,,,
life_track,RUL_BIN=Low | alloy_speed_meter_minute_BIN=Medium | alloy_type=open | cast_in_row_BIN=Low | crystallizer_movementmm_BIN=High | num_crystallizer_BIN=Medium | num_stream_BIN=Low | resistance_tonn_BIN=Low | steel_temperature_grab1Celsius_BIN=High | steel_type=1015 | steel_weighttonn_BIN=Medium | swing_frequency_amount_minute_BIN=Medium | temperature_measurement1_Celsius_BIN=Low | temperature_measurement2_Celsius_BIN=Low | water_consumption_BIN=High | water_temperature_deltaCelsius_BIN=High | workpiece_slice_geometry=180x180,17.0,1.0,1.16,Ephemeral,2020-05-30,2020-05-30,False,2020-05-30,1.0,,,,,,,,,,,,,,,,,
life_track,RUL_BIN=Critical | alloy_speed_meter_minute_BIN=Medium | alloy_type=open | cast_in_row_BIN=Low | crystallizer_movementmm_BIN=High | num_crystallizer_BIN=Medium | num_stream_BIN=Medium | resistance_tonn_BIN=Low | steel_temperature_grab1Celsius_BIN=High | steel_type=1015 | steel_weighttonn_BIN=Medium | swing_frequency_amount_minute_BIN=Medium | temperature_measurement1_Celsius_BIN=Low | temperature_measurement2_Celsius_BIN=Low | water_consumption_BIN=High | water_temperature_deltaCelsius_BIN=High | workpiece_slice_geometry=180x180,17.0,1.0,1.16,Ephemeral,2020-05-30,2020-05-30,False,2020-05-30,3.0,,,,,,,,,,,,,,,,,
life_track,RUL_BIN=Critical | alloy_speed_meter_minute_BIN=Medium | alloy_type=open | cast_in_row_BIN=Low | crystallizer_movementmm_BIN=High | num_crystallizer_BIN=Medium | num_stream_BIN=Low | resistance_tonn_BIN=Low | steel_temperature_grab1Celsius_BIN=High | steel_type=1015 | steel_weighttonn_BIN=Medium | swing_frequency_amount_minute_BIN=Medium | temperature_measurement1_Celsius_BIN=Low | temperature_measurement2_Celsius_BIN=Low | water_consumption_BIN=High | water_temperature_deltaCelsius_BIN=High | workpiece_slice_geometry=180x180,17.0,1.0,1.16,Ephemeral,2020-05-30,2020-05-30,False,2020-05-30,1.0,,,,,,,,,,,,,,,,,
life_track,RUL_BIN=Critical | alloy_speed_meter_minute_BIN=Medium | alloy_type=open | cast_in_row_BIN=Low | crystallizer_movementmm_BIN=High | num_crystallizer_BIN=Medium | num_stream_BIN=High | resistance_tonn_BIN=High | steel_temperature_grab1Celsius_BIN=High | steel_type=1015 | steel_weighttonn_BIN=Medium | swing_frequency_amount_minute_BIN=Medium | temperature_measurement1_Celsius_BIN=Low | temperature_measurement2_Celsius_BIN=Low | water_consumption_BIN=High | water_temperature_deltaCelsius_BIN=High | workpiece_slice_geometry=180x180,17.0,1.0,1.16,Ephemeral,2020-05-30,2020-05-30,False,2020-05-30,1.0,,,,,,,,,,,,,,,,,
life_track,RUL_BIN=Critical | alloy_speed_meter_minute_BIN=Medium | alloy_type=open | cast_in_row_BIN=Low | crystallizer_movementmm_BIN=High | num_crystallizer_BIN=High | num_stream_BIN=High | resistance_tonn_BIN=High | steel_temperature_grab1Celsius_BIN=High | steel_type=1015 | steel_weighttonn_BIN=Medium | swing_frequency_amount_minute_BIN=Medium | temperature_measurement1_Celsius_BIN=Low | temperature_measurement2_Celsius_BIN=Low | water_consumption_BIN=High | water_temperature_deltaCelsius_BIN=High | workpiece_slice_geometry=180x180,17.0,1.0,1.16,Ephemeral,2020-05-30,2020-05-30,False,2020-05-30,1.0,,,,,,,,,,,,,,,,,
life_track,RUL_BIN=Medium | alloy_speed_meter_minute_BIN=Medium | alloy_type=open | cast_in_row_BIN=Medium | crystallizer_movementmm_BIN=Low | num_crystallizer_BIN=Medium | num_stream_BIN=High | resistance_tonn_BIN=Low | steel_temperature_grab1Celsius_BIN=High | steel_type=Arm500 | steel_weighttonn_BIN=High | swing_frequency_amount_minute_BIN=Medium | temperature_measurement1_Celsius_BIN=Low | temperature_measurement2_Celsius_BIN=Low | water_consumption_BIN=High | water_temperature_deltaCelsius_BIN=High | workpiece_slice_geometry=180x180,17.0,1.0,1.16,Ephemeral,2020-05-31,2020-05-31,False,2020-05-31,1.0,,,,,,,,,,,,,,,,,
life_track,RUL_BIN=Healthy | alloy_speed_meter_minute_BIN=Medium | alloy_type=open | cast_in_row_BIN=Medium | crystallizer_movementmm_BIN=Low | num_crystallizer_BIN=Medium | num_stream_BIN=Medium | resistance_tonn_BIN=Low | steel_temperature_grab1Celsius_BIN=High | steel_type=Arm500 | steel_weighttonn_BIN=High | swing_frequency_amount_minute_BIN=Medium | temperature_measurement1_Celsius_BIN=Low | temperature_measurement2_Celsius_BIN=Low | water_consumption_BIN=High | water_temperature_deltaCelsius_BIN=High | workpiece_slice_geometry=180x180,17.0,1.0,1.16,Ephemeral,2020-05-31,2020-05-31,False,2020-05-31,1.0,,,,,,,,,,,,,,,,,
life_track,RUL_BIN=Healthy | alloy_speed_meter_minute_BIN=Medium | alloy_type=open | cast_in_row_BIN=Medium | crystallizer_movementmm_BIN=Low | num_crystallizer_BIN=Low | num_stream_BIN=Low | resistance_tonn_BIN=Low | steel_temperature_grab1Celsius_BIN=High | steel_type=Arm500 | steel_weighttonn_BIN=High | swing_frequency_amount_minute_BIN=Medium | temperature_measurement1_Celsius_BIN=Low | temperature_measurement2_Celsius_BIN=Low | water_consumption_BIN=High | water_temperature_deltaCelsius_BIN=High | workpiece_slice_geometry=180x180,17.0,1.0,1.16,Ephemeral,2020-05-31,2020-05-31,False,2020-05-31,1.0,,,,,,,,,,,,,,,,,
life_track,RUL_BIN=Critical | alloy_speed_meter_minute_BIN=Medium | alloy_type=open | cast_in_row_BIN=Medium | crystallizer_movementmm_BIN=Low | num_crystallizer_BIN=Medium | num_stream_BIN=Medium | resistance_tonn_BIN=Low | steel_temperature_grab1Celsius_BIN=High | steel_type=Arm500 | steel_weighttonn_BIN=High | swing_frequency_amount_minute_BIN=Medium | temperature_measurement1_Celsius_BIN=Low | temperature_measurement2_Celsius_BIN=Low | water_consumption_BIN=High | water_temperature_deltaCelsius_BIN=High | workpiece_slice_geometry=180x180,17.0,1.0,1.16,Ephemeral,2020-05-31,2020-05-31,False,2020-05-31,3.0,,,,,,,,,,,,,,,,,
life_track,RUL_BIN=Critical | alloy_speed_meter_minute_BIN=Medium | alloy_type=open | cast_in_row_BIN=Medium | crystallizer_movementmm_BIN=Low | num_crystallizer_BIN=Medium | num_stream_BIN=Low | resistance_tonn_BIN=Low | steel_temperature_grab1Celsius_BIN=High | steel_type=Arm500 | steel_weighttonn_BIN=High | swing_frequency_amount_minute_BIN=Medium | temperature_measurement1_Celsius_BIN=Low | temperature_measurement2_Celsius_BIN=Low | water_consumption_BIN=High | water_temperature_deltaCelsius_BIN=High | workpiece_slice_geometry=180x180,17.0,1.0,1.16,Ephemeral,2020-05-31,2020-05-31,False,2020-05-31,2.0,,,,,,,,,,,,,,,,,
life_track,RUL_BIN=Medium | alloy_speed_meter_minute_BIN=High | alloy_type=open | cast_in_row_BIN=Low | crystallizer_movementmm_BIN=High | num_crystallizer_BIN=Medium | num_stream_BIN=Medium | resistance_tonn_BIN=Low | steel_temperature_grab1Celsius_BIN=High | steel_type=St3sp | steel_weighttonn_BIN=High | swing_frequency_amount_minute_BIN=Low | temperature_measurement1_Celsius_BIN=Low | temperature_measurement2_Celsius_BIN=Low | water_consumption_BIN=High | water_temperature_deltaCelsius_BIN=High | workpiece_slice_geometry=150x150,17.0,1.0,1.16,Ephemeral,2020-06-05,2020-06-05,False,2020-06-05,1.0,,,,,,,,,,,,,,,,,
life_track,RUL_BIN=Medium | alloy_speed_meter_minute_BIN=High | alloy_type=open | cast_in_row_BIN=Low | crystallizer_movementmm_BIN=High | num_crystallizer_BIN=Low | num_stream_BIN=Low | resistance_tonn_BIN=Low | steel_temperature_grab1Celsius_BIN=High | steel_type=St3sp | steel_weighttonn_BIN=High | swing_frequency_amount_minute_BIN=Low | temperature_measurement1_Celsius_BIN=Low | temperature_measurement2_Celsius_BIN=Low | water_consumption_BIN=High | water_temperature_deltaCelsius_BIN=High | workpiece_slice_geometry=150x150,17.0,1.0,1.16,Ephemeral,2020-06-05,2020-06-05,False,2020-06-05,1.0,,,,,,,,,,,,,,,,,
life_track,RUL_BIN=Low | alloy_speed_meter_minute_BIN=High | alloy_type=open | cast_in_row_BIN=Low | crystallizer_movementmm_BIN=High | num_crystallizer_BIN=Medium | num_stream_BIN=High | resistance_tonn_BIN=Low | steel_temperature_grab1Celsius_BIN=High | steel_type=St3sp | steel_weighttonn_BIN=High | swing_frequency_amount_minute_BIN=Low | temperature_measurement1_Celsius_BIN=Low | temperature_measurement2_Celsius_BIN=Low | water_consumption_BIN=High | water_temperature_deltaCelsius_BIN=High | workpiece_slice_geometry=150x150,17.0,1.0,1.16,Ephemeral,2020-06-05,2020-06-05,False,2020-06-05,1.0,,,,,,,,,,,,,,,,,
life_track,RUL_BIN=Critical | alloy_speed_meter_minute_BIN=High | alloy_type=open | cast_in_row_BIN=Low | crystallizer_movementmm_BIN=High | num_crystallizer_BIN=Medium | num_stream_BIN=Medium | resistance_tonn_BIN=Low | steel_temperature_grab1Celsius_BIN=High | steel_type=St3sp | steel_weighttonn_BIN=High | swing_frequency_amount_minute_BIN=Low | temperature_measurement1_Celsius_BIN=Low | temperature_measurement2_Celsius_BIN=Low | water_consumption_BIN=High | water_temperature_deltaCelsius_BIN=High | workpiece_slice_geometry=150x150,17.0,1.0,1.16,Ephemeral,2020-06-05,2020-06-05,False,2020-06-05,1.0,,,,,,,,,,,,,,,,,
life_track,RUL_BIN=Critical | alloy_speed_meter_minute_BIN=High | alloy_type=open | cast_in_row_BIN=Low | crystallizer_movementmm_BIN=High | num_crystallizer_BIN=Low | num_stream_BIN=High | resistance_tonn_BIN=Low | steel_temperature_grab1Celsius_BIN=High | steel_type=St3sp | steel_weighttonn_BIN=High | swing_frequency_amount_minute_BIN=Low | temperature_measurement1_Celsius_BIN=Low | temperature_measurement2_Celsius_BIN=Low | water_consumption_BIN=High | water_temperature_deltaCelsius_BIN=High | workpiece_slice_geometry=150x150,17.0,1.0,1.16,Ephemeral,2020-06-05,2020-06-05,False,2020-06-05,2.0,,,,,,,,,,,,,,,,,
life_track,RUL_BIN=Critical | alloy_speed_meter_minute_BIN=High | alloy_type=open | cast_in_row_BIN=Low | crystallizer_movementmm_BIN=High | num_crystallizer_BIN=High | num_stream_BIN=Medium | resistance_tonn_BIN=Low | steel_temperature_grab1Celsius_BIN=High | steel_type=St3sp | steel_weighttonn_BIN=High | swing_frequency_amount_minute_BIN=Low | temperature_measurement1_Celsius_BIN=Low | temperature_measurement2_Celsius_BIN=Low | water_consumption_BIN=High | water_temperature_deltaCelsius_BIN=High | workpiece_slice_geometry=150x150,17.0,1.0,1.16,Ephemeral,2020-06-05,2020-06-05,False,2020-06-05,3.0,,,,,,,,,,,,,,,,,
life_track,RUL_BIN=Critical | alloy_speed_meter_minute_BIN=High | alloy_type=open | cast_in_row_BIN=Low | crystallizer_movementmm_BIN=High | num_crystallizer_BIN=High | num_stream_BIN=Low | resistance_tonn_BIN=Low | steel_temperature_grab1Celsius_BIN=High | steel_type=St3sp | steel_weighttonn_BIN=High | swing_frequency_amount_minute_BIN=Low | temperature_measurement1_Celsius_BIN=Low | temperature_measurement2_Celsius_BIN=Low | water_consumption_BIN=High | water_temperature_deltaCelsius_BIN=High | workpiece_slice_geometry=150x150,17.0,1.0,1.16,Ephemeral,2020-06-05,2020-06-05,False,2020-06-05,1.0,,,,,,,,,,,,,,,,,
life_track,RUL_BIN=Critical | alloy_speed_meter_minute_BIN=Medium | alloy_type=open | cast_in_row_BIN=Low | crystallizer_movementmm_BIN=High | num_crystallizer_BIN=High | num_stream_BIN=Medium | resistance_tonn_BIN=Low | steel_temperature_grab1Celsius_BIN=High | steel_type=Arm500 | steel_weighttonn_BIN=High | swing_frequency_amount_minute_BIN=High | temperature_measurement1_Celsius_BIN=Low | temperature_measurement2_Celsius_BIN=Low | water_consumption_BIN=High | water_temperature_deltaCelsius_BIN=High | workpiece_slice_geometry=180x180,17.0,1.0,1.16,Ephemeral,2020-06-08,2020-06-08,False,2020-06-08,1.0,,,,,,,,,,,,,,,,,
life_track,RUL_BIN=Critical | alloy_speed_meter_minute_BIN=Medium | alloy_type=open | cast_in_row_BIN=High | crystallizer_movementmm_BIN=Low | num_crystallizer_BIN=Medium | num_stream_BIN=Medium | resistance_tonn_BIN=Low | steel_temperature_grab1Celsius_BIN=High | steel_type=Arm500 | steel_weighttonn_BIN=High | swing_frequency_amount_minute_BIN=High | temperature_measurement1_Celsius_BIN=Low | temperature_measurement2_Celsius_BIN=Low | water_consumption_BIN=High | water_temperature_deltaCelsius_BIN=High | workpiece_slice_geometry=180x180,17.0,1.0,1.16,Ephemeral,2020-06-09,2020-06-09,False,2020-06-09,3.0,,,,,,,,,,,,,,,,,
life_track,RUL_BIN=Critical | alloy_speed_meter_minute_BIN=Medium | alloy_type=open | cast_in_row_BIN=High | crystallizer_movementmm_BIN=Low | num_crystallizer_BIN=Medium | num_stream_BIN=High | resistance_tonn_BIN=Low | steel_temperature_grab1Celsius_BIN=High | steel_type=Arm500 | steel_weighttonn_BIN=High | swing_frequency_amount_minute_BIN=High | temperature_measurement1_Celsius_BIN=Low | temperature_measurement2_Celsius_BIN=Low | water_consumption_BIN=High | water_temperature_deltaCelsius_BIN=High | workpiece_slice_geometry=180x180,17.0,1.0,1.16,Ephemeral,2020-06-09,2020-06-09,False,2020-06-09,1.0,,,,,,,,,,,,,,,,,
life_track,RUL_BIN=Critical | alloy_speed_meter_minute_BIN=Medium | alloy_type=open | cast_in_row_BIN=High | crystallizer_movementmm_BIN=Low | num_crystallizer_BIN=Low | num_stream_BIN=Low | resistance_tonn_BIN=Low | steel_temperature_grab1Celsius_BIN=High | steel_type=Arm500 | steel_weighttonn_BIN=High | swing_frequency_amount_minute_BIN=High | temperature_measurement1_Celsius_BIN=Low | temperature_measurement2_Celsius_BIN=Low | water_consumption_BIN=High | water_temperature_deltaCelsius_BIN=High | workpiece_slice_geometry=180x180,17.0,1.0,1.16,Ephemeral,2020-06-09,2020-06-09,False,2020-06-09,1.0,,,,,,,,,,,,,,,,,
life_track,RUL_BIN=Healthy | alloy_speed_meter_minute_BIN=High | alloy_type=close | cast_in_row_BIN=Low | crystallizer_movementmm_BIN=Low | num_crystallizer_BIN=Medium | num_stream_BIN=High | resistance_tonn_BIN=Low | steel_temperature_grab1Celsius_BIN=High | steel_type=1010 | steel_weighttonn_BIN=High | swing_frequency_amount_minute_BIN=Medium | temperature_measurement1_Celsius_BIN=Low | temperature_measurement2_Celsius_BIN=Low | water_consumption_BIN=High | water_temperature_deltaCelsius_BIN=Low | workpiece_slice_geometry=150x150,17.0,1.0,1.16,Ephemeral,2020-07-05,2020-07-05,False,2020-07-05,2.0,,,,,,,,,,,,,,,,,
life_track,RUL_BIN=Healthy | alloy_speed_meter_minute_BIN=High | alloy_type=close | cast_in_row_BIN=Low | crystallizer_movementmm_BIN=Low | num_crystallizer_BIN=Low | num_stream_BIN=Low | resistance_tonn_BIN=Low | steel_temperature_grab1Celsius_BIN=High | steel_type=1010 | steel_weighttonn_BIN=High | swing_frequency_amount_minute_BIN=Medium | temperature_measurement1_Celsius_BIN=Low | temperature_measurement2_Celsius_BIN=Low | water_consumption_BIN=High | water_temperature_deltaCelsius_BIN=Low | workpiece_slice_geometry=150x150,17.0,1.0,1.16,Ephemeral,2020-07-05,2020-07-05,False,2020-07-05,1.0,,,,,,,,,,,,,,,,,
life_track,RUL_BIN=Healthy | alloy_speed_meter_minute_BIN=High | alloy_type=close | cast_in_row_BIN=Low | crystallizer_movementmm_BIN=Low | num_crystallizer_BIN=Low | num_stream_BIN=High | resistance_tonn_BIN=Low | steel_temperature_grab1Celsius_BIN=High | steel_type=1010 | steel_weighttonn_BIN=High | swing_frequency_amount_minute_BIN=Medium | temperature_measurement1_Celsius_BIN=Low | temperature_measurement2_Celsius_BIN=Low | water_consumption_BIN=High | water_temperature_deltaCelsius_BIN=Low | workpiece_slice_geometry=150x150,17.0,1.0,1.16,Ephemeral,2020-07-05,2020-07-05,False,2020-07-05,1.0,,,,,,,,,,,,,,,,,
life_track,RUL_BIN=Healthy | alloy_speed_meter_minute_BIN=High | alloy_type=close | cast_in_row_BIN=Low | crystallizer_movementmm_BIN=Low | num_crystallizer_BIN=High | num_stream_BIN=High | resistance_tonn_BIN=Low | steel_temperature_grab1Celsius_BIN=High | steel_type=1010 | steel_weighttonn_BIN=High | swing_frequency_amount_minute_BIN=Medium | temperature_measurement1_Celsius_BIN=Low | temperature_measurement2_Celsius_BIN=Low | water_consumption_BIN=High | water_temperature_deltaCelsius_BIN=Low | workpiece_slice_geometry=150x150,17.0,1.0,1.16,Ephemeral,2020-07-05,2020-07-05,False,2020-07-05,1.0,,,,,,,,,,,,,,,,,
life_track,RUL_BIN=Healthy | alloy_speed_meter_minute_BIN=High | alloy_type=close | cast_in_row_BIN=Low | crystallizer_movementmm_BIN=Low | num_crystallizer_BIN=Medium | num_stream_BIN=Medium | resistance_tonn_BIN=Low | steel_temperature_grab1Celsius_BIN=High | steel_type=1010 | steel_weighttonn_BIN=High | swing_frequency_amount_minute_BIN=Medium | temperature_measurement1_Celsius_BIN=Low | temperature_measurement2_Celsius_BIN=Low | water_consumption_BIN=High | water_temperature_deltaCelsius_BIN=High | workpiece_slice_geometry=150x150,17.0,1.0,1.16,Ephemeral,2020-07-05,2020-07-05,False,2020-07-05,3.0,,,,,,,,,,,,,,,,,
life_track,RUL_BIN=Healthy | alloy_speed_meter_minute_BIN=High | alloy_type=close | cast_in_row_BIN=Low | crystallizer_movementmm_BIN=Low | num_crystallizer_BIN=Medium | num_stream_BIN=Low | resistance_tonn_BIN=Low | steel_temperature_grab1Celsius_BIN=High | steel_type=1010 | steel_weighttonn_BIN=High | swing_frequency_amount_minute_BIN=Medium | temperature_measurement1_Celsius_BIN=Low | temperature_measurement2_Celsius_BIN=Low | water_consumption_BIN=High | water_temperature_deltaCelsius_BIN=High | workpiece_slice_geometry=150x150,17.0,1.0,1.16,Ephemeral,2020-07-05,2020-07-05,False,2020-07-05,1.0,,,,,,,,,,,,,,,,,
life_track,RUL_BIN=Healthy | alloy_speed_meter_minute_BIN=Medium | alloy_type=open | cast_in_row_BIN=Low | crystallizer_movementmm_BIN=Low | num_crystallizer_BIN=Low | num_stream_BIN=High | resistance_tonn_BIN=Low | steel_temperature_grab1Celsius_BIN=High | steel_type=Arm500 | steel_weighttonn_BIN=High | swing_frequency_amount_minute_BIN=High | temperature_measurement1_Celsius_BIN=Low | temperature_measurement2_Celsius_BIN=Low | water_consumption_BIN=High | water_temperature_deltaCelsius_BIN=High | workpiece_slice_geometry=180x180,17.0,1.0,1.16,Ephemeral,2020-07-08,2020-07-08,False,2020-07-08,1.0,,,,,,,,,,,,,,,,,
life_track,RUL_BIN=Healthy | alloy_speed_meter_minute_BIN=Medium | alloy_type=open | cast_in_row_BIN=Low | crystallizer_movementmm_BIN=Low | num_crystallizer_BIN=Medium | num_stream_BIN=Medium | resistance_tonn_BIN=Low | steel_temperature_grab1Celsius_BIN=High | steel_type=Arm500 | steel_weighttonn_BIN=Medium | swing_frequency_amount_minute_BIN=High | temperature_measurement1_Celsius_BIN=Low | temperature_measurement2_Celsius_BIN=Low | water_consumption_BIN=High | water_temperature_deltaCelsius_BIN=High | workpiece_slice_geometry=180x180,17.0,1.0,1.16,Ephemeral,2020-07-09,2020-07-09,False,2020-07-09,3.0,,,,,,,,,,,,,,,,,
life_track,RUL_BIN=Healthy | alloy_speed_meter_minute_BIN=Medium | alloy_type=open | cast_in_row_BIN=Low | crystallizer_movementmm_BIN=Low | num_crystallizer_BIN=Medium | num_stream_BIN=Low | resistance_tonn_BIN=Low | steel_temperature_grab1Celsius_BIN=High | steel_type=Arm500 | steel_weighttonn_BIN=Medium | swing_frequency_amount_minute_BIN=High | temperature_measurement1_Celsius_BIN=Low | temperature_measurement2_Celsius_BIN=Low | water_consumption_BIN=High | water_temperature_deltaCelsius_BIN=High | workpiece_slice_geometry=180x180,17.0,1.0,1.16,Ephemeral,2020-07-09,2020-07-09,False,2020-07-09,3.0,,,,,,,,,,,,,,,,,
life_track,RUL_BIN=Healthy | alloy_speed_meter_minute_BIN=Medium | alloy_type=open | cast_in_row_BIN=Low | crystallizer_movementmm_BIN=Low | num_crystallizer_BIN=Medium | num_stream_BIN=High | resistance_tonn_BIN=Low | steel_temperature_grab1Celsius_BIN=High | steel_type=Arm500 | steel_weighttonn_BIN=Medium | swing_frequency_amount_minute_BIN=High | temperature_measurement1_Celsius_BIN=Low | temperature_measurement2_Celsius_BIN=Low | water_consumption_BIN=High | water_temperature_deltaCelsius_BIN=High | workpiece_slice_geometry=180x180,17.0,1.0,1.16,Ephemeral,2020-07-09,2020-07-09,False,2020-07-09,1.0,,,,,,,,,,,,,,,,,
life_track,RUL_BIN=Healthy | alloy_speed_meter_minute_BIN=Medium | alloy_type=open | cast_in_row_BIN=Low | crystallizer_movementmm_BIN=Low | num_crystallizer_BIN=Low | num_stream_BIN=Low | resistance_tonn_BIN=Low | steel_temperature_grab1Celsius_BIN=High | steel_type=Arm500 | steel_weighttonn_BIN=Medium | swing_frequency_amount_minute_BIN=High | temperature_measurement1_Celsius_BIN=Low | temperature_measurement2_Celsius_BIN=Low | water_consumption_BIN=High | water_temperature_deltaCelsius_BIN=High | workpiece_slice_geometry=180x180,17.0,1.0,1.16,Ephemeral,2020-07-09,2020-07-09,False,2020-07-09,1.0,,,,,,,,,,,,,,,,,
life_track,RUL_BIN=Healthy | alloy_speed_meter_minute_BIN=Medium | alloy_type=open | cast_in_row_BIN=Low | crystallizer_movementmm_BIN=Low | num_crystallizer_BIN=High | num_stream_BIN=High | resistance_tonn_BIN=Low | steel_temperature_grab1Celsius_BIN=High | steel_type=Arm500 | steel_weighttonn_BIN=Medium | swing_frequency_amount_minute_BIN=High | temperature_measurement1_Celsius_BIN=Low | temperature_measurement2_Celsius_BIN=Low | water_consumption_BIN=High | water_temperature_deltaCelsius_BIN=High | workpiece_slice_geometry=180x180,17.0,1.0,1.16,Ephemeral,2020-07-09,2020-07-09,False,2020-07-09,1.0,,,,,,,,,,,,,,,,,
life_track,RUL_BIN=Healthy | alloy_speed_meter_minute_BIN=Medium | alloy_type=open | cast_in_row_BIN=Medium | crystallizer_movementmm_BIN=High | num_crystallizer_BIN=Low | num_stream_BIN=Low | resistance_tonn_BIN=Low | steel_temperature_grab1Celsius_BIN=High | steel_type=Arm500 | steel_weighttonn_BIN=High | swing_frequency_amount_minute_BIN=High | temperature_measurement1_Celsius_BIN=Low | temperature_measurement2_Celsius_BIN=Low | water_consumption_BIN=High | water_temperature_deltaCelsius_BIN=High | workpiece_slice_geometry=180x180,17.0,1.0,1.16,Ephemeral,2020-07-13,2020-07-13,False,2020-07-13,1.0,,,,,,,,,,,,,,,,,
life_track,RUL_BIN=Medium | alloy_speed_meter_minute_BIN=Medium | alloy_type=open | cast_in_row_BIN=High | crystallizer_movementmm_BIN=Low | num_crystallizer_BIN=Medium | num_stream_BIN=Medium | resistance_tonn_BIN=Low | steel_temperature_grab1Celsius_BIN=High | steel_type=Arm500 | steel_weighttonn_BIN=High | swing_frequency_amount_minute_BIN=High | temperature_measurement1_Celsius_BIN=Low | temperature_measurement2_Celsius_BIN=Low | water_consumption_BIN=High | water_temperature_deltaCelsius_BIN=High | workpiece_slice_geometry=180x180,17.0,1.0,1.16,Ephemeral,2020-07-14,2020-07-14,False,2020-07-14,1.0,,,,,,,,,,,,,,,,,
life_track,RUL_BIN=Medium | alloy_speed_meter_minute_BIN=Medium | alloy_type=open | cast_in_row_BIN=High | crystallizer_movementmm_BIN=Low | num_crystallizer_BIN=Medium | num_stream_BIN=Low | resistance_tonn_BIN=Low | steel_temperature_grab1Celsius_BIN=High | steel_type=Arm500 | steel_weighttonn_BIN=High | swing_frequency_amount_minute_BIN=High | temperature_measurement1_Celsius_BIN=Low | temperature_measurement2_Celsius_BIN=Low | water_consumption_BIN=High | water_temperature_deltaCelsius_BIN=High | workpiece_slice_geometry=180x180,17.0,1.0,1.16,Ephemeral,2020-07-14,2020-07-14,False,2020-07-14,2.0,,,,,,,,,,,,,,,,,
life_track,RUL_BIN=Medium | alloy_speed_meter_minute_BIN=Medium | alloy_type=open | cast_in_row_BIN=High | crystallizer_movementmm_BIN=Low | num_crystallizer_BIN=Medium | num_stream_BIN=High | resistance_tonn_BIN=Low | steel_temperature_grab1Celsius_BIN=High | steel_type=Arm500 | steel_weighttonn_BIN=High | swing_frequency_amount_minute_BIN=High | temperature_measurement1_Celsius_BIN=Low | temperature_measurement2_Celsius_BIN=Low | water_consumption_BIN=High | water_temperature_deltaCelsius_BIN=High | workpiece_slice_geometry=180x180,17.0,1.0,1.16,Ephemeral,2020-07-14,2020-07-14,False,2020-07-14,1.0,,,,,,,,,,,,,,,,,
life_track,RUL_BIN=Medium | alloy_speed_meter_minute_BIN=Medium | alloy_type=open | cast_in_row_BIN=High | crystallizer_movementmm_BIN=Low | num_crystallizer_BIN=Low | num_stream_BIN=High | resistance_tonn_BIN=Low | steel_temperature_grab1Celsius_BIN=High | steel_type=Arm500 | steel_weighttonn_BIN=High | swing_frequency_amount_minute_BIN=High | temperature_measurement1_Celsius_BIN=Low | temperature_measurement2_Celsius_BIN=Low | water_consumption_BIN=High | water_temperature_deltaCelsius_BIN=High | workpiece_slice_geometry=180x180,17.0,1.0,1.16,Ephemeral,2020-07-14,2020-07-14,False,2020-07-14,1.0,,,,,,,,,,,,,,,,,
life_track,RUL_BIN=Healthy | alloy_speed_meter_minute_BIN=Medium | alloy_type=open | cast_in_row_BIN=High | crystallizer_movementmm_BIN=Low | num_crystallizer_BIN=Medium | num_stream_BIN=Medium | resistance_tonn_BIN=Low | steel_temperature_grab1Celsius_BIN=High | steel_type=Arm500 | steel_weighttonn_BIN=High | swing_frequency_amount_minute_BIN=High | temperature_measurement1_Celsius_BIN=Low | temperature_measurement2_Celsius_BIN=Low | water_consumption_BIN=High | water_temperature_deltaCelsius_BIN=High | workpiece_slice_geometry=180x180,17.0,1.0,1.16,Ephemeral,2020-07-14,2020-07-14,False,2020-07-14,1.0,,,,,,,,,,,,,,,,,
life_track,RUL_BIN=Healthy | alloy_speed_meter_minute_BIN=Medium | alloy_type=open | cast_in_row_BIN=High | crystallizer_movementmm_BIN=Low | num_crystallizer_BIN=Medium | num_stream_BIN=Low | resistance_tonn_BIN=Low | steel_temperature_grab1Celsius_BIN=High | steel_type=Arm500 | steel_weighttonn_BIN=High | swing_frequency_amount_minute_BIN=High | temperature_measurement1_Celsius_BIN=Low | temperature_measurement2_Celsius_BIN=Low | water_consumption_BIN=High | water_temperature_deltaCelsius_BIN=High | workpiece_slice_geometry=180x180,17.0,1.0,1.16,Ephemeral,2020-07-14,2020-07-14,False,2020-07-14,1.0,,,,,,,,,,,,,,,,,
life_track,RUL_BIN=Healthy | alloy_speed_meter_minute_BIN=Medium | alloy_type=open | cast_in_row_BIN=High | crystallizer_movementmm_BIN=Low | num_crystallizer_BIN=Low | num_stream_BIN=Low | resistance_tonn_BIN=Low | steel_temperature_grab1Celsius_BIN=High | steel_type=Arm500 | steel_weighttonn_BIN=High | swing_frequency_amount_minute_BIN=High | temperature_measurement1_Celsius_BIN=Low | temperature_measurement2_Celsius_BIN=Low | water_consumption_BIN=High | water_temperature_deltaCelsius_BIN=High | workpiece_slice_geometry=180x180,17.0,1.0,1.16,Ephemeral,2020-07-14,2020-07-14,False,2020-07-14,1.0,,,,,,,,,,,,,,,,,
life_track,RUL_BIN=Healthy | alloy_speed_meter_minute_BIN=Medium | alloy_type=open | cast_in_row_BIN=High | crystallizer_movementmm_BIN=Low | num_crystallizer_BIN=High | num_stream_BIN=Medium | resistance_tonn_BIN=Low | steel_temperature_grab1Celsius_BIN=High | steel_type=Arm500 | steel_weighttonn_BIN=High | swing_frequency_amount_minute_BIN=High | temperature_measurement1_Celsius_BIN=Low | temperature_measurement2_Celsius_BIN=Low | water_consumption_BIN=High | water_temperature_deltaCelsius_BIN=High | workpiece_slice_geometry=180x180,17.0,1.0,1.16,Ephemeral,2020-07-14,2020-07-14,False,2020-07-14,1.0,,,,,,,,,,,,,,,,,
life_track,RUL_BIN=Medium | alloy_speed_meter_minute_BIN=Medium | alloy_type=open | cast_in_row_BIN=Medium | crystallizer_movementmm_BIN=High | num_crystallizer_BIN=Medium | num_stream_BIN=Low | resistance_tonn_BIN=Low | steel_temperature_grab1Celsius_BIN=High | steel_type=Arm500 | steel_weighttonn_BIN=High | swing_frequency_amount_minute_BIN=High | temperature_measurement1_Celsius_BIN=Low | temperature_measurement2_Celsius_BIN=Low | water_consumption_BIN=High | water_temperature_deltaCelsius_BIN=High | workpiece_slice_geometry=180x180,17.0,1.0,1.16,Ephemeral,2020-07-15,2020-07-15,False,2020-07-15,2.0,,,,,,,,,,,,,,,,,
life_track,RUL_BIN=Medium | alloy_speed_meter_minute_BIN=Medium | alloy_type=open | cast_in_row_BIN=Medium | crystallizer_movementmm_BIN=High | num_crystallizer_BIN=Medium | num_stream_BIN=High | resistance_tonn_BIN=Low | steel_temperature_grab1Celsius_BIN=High | steel_type=Arm500 | steel_weighttonn_BIN=High | swing_frequency_amount_minute_BIN=High | temperature_measurement1_Celsius_BIN=Low | temperature_measurement2_Celsius_BIN=Low | water_consumption_BIN=High | water_temperature_deltaCelsius_BIN=High | workpiece_slice_geometry=180x180,17.0,1.0,1.16,Ephemeral,2020-07-15,2020-07-15,False,2020-07-15,1.0,,,,,,,,,,,,,,,,,
life_track,RUL_BIN=Healthy | alloy_speed_meter_minute_BIN=Medium | alloy_type=open | cast_in_row_BIN=Medium | crystallizer_movementmm_BIN=High | num_crystallizer_BIN=High | num_stream_BIN=Medium | resistance_tonn_BIN=Low | steel_temperature_grab1Celsius_BIN=High | steel_type=Arm500 | steel_weighttonn_BIN=High | swing_frequency_amount_minute_BIN=High | temperature_measurement1_Celsius_BIN=Low | temperature_measurement2_Celsius_BIN=Low | water_consumption_BIN=High | water_temperature_deltaCelsius_BIN=High | workpiece_slice_geometry=180x180,17.0,1.0,1.16,Ephemeral,2020-07-15,2020-07-15,False,2020-07-15,1.0,,,,,,,,,,,,,,,,,
life_track,RUL_BIN=Medium | alloy_speed_meter_minute_BIN=Medium | alloy_type=open | cast_in_row_BIN=High | crystallizer_movementmm_BIN=High | num_crystallizer_BIN=Medium | num_stream_BIN=Medium | resistance_tonn_BIN=Low | steel_temperature_grab1Celsius_BIN=High | steel_type=Arm500 | steel_weighttonn_BIN=High | swing_frequency_amount_minute_BIN=High | temperature_measurement1_Celsius_BIN=Low | temperature_measurement2_Celsius_BIN=Low | water_consumption_BIN=High | water_temperature_deltaCelsius_BIN=High | workpiece_slice_geometry=180x180,17.0,1.0,1.16,Ephemeral,2020-07-17,2020-07-17,False,2020-07-17,1.0,,,,,,,,,,,,,,,,,
life_track,RUL_BIN=Medium | alloy_speed_meter_minute_BIN=Medium | alloy_type=open | cast_in_row_BIN=High | crystallizer_movementmm_BIN=High | num_crystallizer_BIN=Medium | num_stream_BIN=Low | resistance_tonn_BIN=Low | steel_temperature_grab1Celsius_BIN=High | steel_type=Arm500 | steel_weighttonn_BIN=High | swing_frequency_amount_minute_BIN=High | temperature_measurement1_Celsius_BIN=Low | temperature_measurement2_Celsius_BIN=Low | water_consumption_BIN=High | water_temperature_deltaCelsius_BIN=High | workpiece_slice_geometry=180x180,17.0,1.0,1.16,Ephemeral,2020-07-17,2020-07-17,False,2020-07-17,3.0,,,,,,,,,,,,,,,,,
life_track,RUL_BIN=Medium | alloy_speed_meter_minute_BIN=Medium | alloy_type=open | cast_in_row_BIN=High | crystallizer_movementmm_BIN=High | num_crystallizer_BIN=Medium | num_stream_BIN=High | resistance_tonn_BIN=Low | steel_temperature_grab1Celsius_BIN=High | steel_type=Arm500 | steel_weighttonn_BIN=High | swing_frequency_amount_minute_BIN=High | temperature_measurement1_Celsius_BIN=Low | temperature_measurement2_Celsius_BIN=Low | water_consumption_BIN=High | water_temperature_deltaCelsius_BIN=High | workpiece_slice_geometry=180x180,17.0,1.0,1.16,Ephemeral,2020-07-17,2020-07-17,False,2020-07-17,1.0,,,,,,,,,,,,,,,,,
life_track,RUL_BIN=Medium | alloy_speed_meter_minute_BIN=Medium | alloy_type=open | cast_in_row_BIN=High | crystallizer_movementmm_BIN=High | num_crystallizer_BIN=Low | num_stream_BIN=Low | resistance_tonn_BIN=Low | steel_temperature_grab1Celsius_BIN=High | steel_type=Arm500 | steel_weighttonn_BIN=High | swing_frequency_amount_minute_BIN=High | temperature_measurement1_Celsius_BIN=Low | temperature_measurement2_Celsius_BIN=Low | water_consumption_BIN=High | water_temperature_deltaCelsius_BIN=High | workpiece_slice_geometry=180x180,17.0,1.0,1.16,Ephemeral,2020-07-17,2020-07-17,False,2020-07-17,1.0,,,,,,,,,,,,,,,,,
life_track,RUL_BIN=Medium | alloy_speed_meter_minute_BIN=Medium | alloy_type=open | cast_in_row_BIN=High | crystallizer_movementmm_BIN=High | num_crystallizer_BIN=High | num_stream_BIN=Medium | resistance_tonn_BIN=Low | steel_temperature_grab1Celsius_BIN=High | steel_type=Arm500 | steel_weighttonn_BIN=High | swing_frequency_amount_minute_BIN=High | temperature_measurement1_Celsius_BIN=Low | temperature_measurement2_Celsius_BIN=Low | water_consumption_BIN=High | water_temperature_deltaCelsius_BIN=High | workpiece_slice_geometry=180x180,17.0,1.0,1.16,Ephemeral,2020-07-17,2020-07-17,False,2020-07-17,1.0,,,,,,,,,,,,,,,,,
life_track,RUL_BIN=Low | alloy_speed_meter_minute_BIN=Medium | alloy_type=open | cast_in_row_BIN=High | crystallizer_movementmm_BIN=High | num_crystallizer_BIN=High | num_stream_BIN=High | resistance_tonn_BIN=Low | steel_temperature_grab1Celsius_BIN=High | steel_type=Arm500 | steel_weighttonn_BIN=High | swing_frequency_amount_minute_BIN=High | temperature_measurement1_Celsius_BIN=Low | temperature_measurement2_Celsius_BIN=Low | water_consumption_BIN=High | water_temperature_deltaCelsius_BIN=High | workpiece_slice_geometry=180x180,17.0,1.0,1.16,Ephemeral,2020-07-17,2020-07-17,False,2020-07-17,1.0,,,,,,,,,,,,,,,,,
life_track,RUL_BIN=Healthy | alloy_speed_meter_minute_BIN=Medium | alloy_type=open | cast_in_row_BIN=High | crystallizer_movementmm_BIN=High | num_crystallizer_BIN=Medium | num_stream_BIN=Medium | resistance_tonn_BIN=Low | steel_temperature_grab1Celsius_BIN=High | steel_type=Arm500 | steel_weighttonn_BIN=High | swing_frequency_amount_minute_BIN=High | temperature_measurement1_Celsius_BIN=Low | temperature_measurement2_Celsius_BIN=Low | water_consumption_BIN=High | water_temperature_deltaCelsius_BIN=High | workpiece_slice_geometry=180x180,17.0,1.0,1.16,Ephemeral,2020-07-17,2020-07-17,False,2020-07-17,1.0,,,,,,,,,,,,,,,,,
life_track,RUL_BIN=Low | alloy_speed_meter_minute_BIN=Medium | alloy_type=open | cast_in_row_BIN=Medium | crystallizer_movementmm_BIN=High | num_crystallizer_BIN=Medium | num_stream_BIN=Medium | resistance_tonn_BIN=Low | steel_temperature_grab1Celsius_BIN=High | steel_type=Arm500 | steel_weighttonn_BIN=High | swing_frequency_amount_minute_BIN=High | temperature_measurement1_Celsius_BIN=Low | temperature_measurement2_Celsius_BIN=Low | water_consumption_BIN=High | water_temperature_deltaCelsius_BIN=High | workpiece_slice_geometry=180x180,17.0,1.0,1.16,Ephemeral,2020-07-19,2020-07-19,False,2020-07-19,1.0,,,,,,,,,,,,,,,,,
life_track,RUL_BIN=Low | alloy_speed_meter_minute_BIN=Medium | alloy_type=open | cast_in_row_BIN=Medium | crystallizer_movementmm_BIN=High | num_crystallizer_BIN=Medium | num_stream_BIN=Low | resistance_tonn_BIN=Low | steel_temperature_grab1Celsius_BIN=High | steel_type=Arm500 | steel_weighttonn_BIN=High | swing_frequency_amount_minute_BIN=High | temperature_measurement1_Celsius_BIN=Low | temperature_measurement2_Celsius_BIN=Low | water_consumption_BIN=High | water_temperature_deltaCelsius_BIN=High | workpiece_slice_geometry=180x180,17.0,1.0,1.16,Ephemeral,2020-07-19,2020-07-19,False,2020-07-19,1.0,,,,,,,,,,,,,,,,,
life_track,RUL_BIN=Low | alloy_speed_meter_minute_BIN=Medium | alloy_type=open | cast_in_row_BIN=Medium | crystallizer_movementmm_BIN=High | num_crystallizer_BIN=Medium | num_stream_BIN=High | resistance_tonn_BIN=Low | steel_temperature_grab1Celsius_BIN=High | steel_type=Arm500 | steel_weighttonn_BIN=High | swing_frequency_amount_minute_BIN=High | temperature_measurement1_Celsius_BIN=Low | temperature_measurement2_Celsius_BIN=Low | water_consumption_BIN=High | water_temperature_deltaCelsius_BIN=High | workpiece_slice_geometry=180x180,17.0,1.0,1.16,Ephemeral,2020-07-19,2020-07-19,False,2020-07-19,2.0,,,,,,,,,,,,,,,,,
life_track,RUL_BIN=Low | alloy_speed_meter_minute_BIN=Medium | alloy_type=open | cast_in_row_BIN=Medium | crystallizer_movementmm_BIN=High | num_crystallizer_BIN=High | num_stream_BIN=High | resistance_tonn_BIN=Low | steel_temperature_grab1Celsius_BIN=High | steel_type=Arm500 | steel_weighttonn_BIN=High | swing_frequency_amount_minute_BIN=High | temperature_measurement1_Celsius_BIN=Low | temperature_measurement2_Celsius_BIN=Low | water_consumption_BIN=High | water_temperature_deltaCelsius_BIN=High | workpiece_slice_geometry=180x180,17.0,1.0,1.16,Ephemeral,2020-07-19,2020-07-19,False,2020-07-19,1.0,,,,,,,,,,,,,,,,,
life_track,RUL_BIN=Low | alloy_speed_meter_minute_BIN=Medium | alloy_type=open | cast_in_row_BIN=Medium | crystallizer_movementmm_BIN=Low | num_crystallizer_BIN=Medium | num_stream_BIN=Low | resistance_tonn_BIN=Low | steel_temperature_grab1Celsius_BIN=High | steel_type=Arm500 | steel_weighttonn_BIN=High | swing_frequency_amount_minute_BIN=High | temperature_measurement1_Celsius_BIN=Low | temperature_measurement2_Celsius_BIN=Low | water_consumption_BIN=High | water_temperature_deltaCelsius_BIN=High | workpiece_slice_geometry=180x180,17.0,1.0,1.16,Ephemeral,2020-07-22,2020-07-22,False,2020-07-22,2.0,,,,,,,,,,,,,,,,,
life_track,RUL_BIN=Medium | alloy_speed_meter_minute_BIN=Medium | alloy_type=open | cast_in_row_BIN=Medium | crystallizer_movementmm_BIN=High | num_crystallizer_BIN=Medium | num_stream_BIN=Medium | resistance_tonn_BIN=Low | steel_temperature_grab1Celsius_BIN=High | steel_type=Arm500 | steel_weighttonn_BIN=Medium | swing_frequency_amount_minute_BIN=High | temperature_measurement1_Celsius_BIN=Low | temperature_measurement2_Celsius_BIN=Low | water_consumption_BIN=High | water_temperature_deltaCelsius_BIN=High | workpiece_slice_geometry=180x180,17.0,1.0,1.16,Ephemeral,2020-07-23,2020-07-23,False,2020-07-23,1.0,,,,,,,,,,,,,,,,,
life_track,RUL_BIN=Low | alloy_speed_meter_minute_BIN=Medium | alloy_type=open | cast_in_row_BIN=Medium | crystallizer_movementmm_BIN=High | num_crystallizer_BIN=Medium | num_stream_BIN=Low | resistance_tonn_BIN=Low | steel_temperature_grab1Celsius_BIN=High | steel_type=Arm500 | steel_weighttonn_BIN=Medium | swing_frequency_amount_minute_BIN=High | temperature_measurement1_Celsius_BIN=Low | temperature_measurement2_Celsius_BIN=Low | water_consumption_BIN=High | water_temperature_deltaCelsius_BIN=High | workpiece_slice_geometry=180x180,17.0,1.0,1.16,Ephemeral,2020-07-23,2020-07-23,False,2020-07-23,2.0,,,,,,,,,,,,,,,,,
life_track,RUL_BIN=Low | alloy_speed_meter_minute_BIN=Medium | alloy_type=open | cast_in_row_BIN=Medium | crystallizer_movementmm_BIN=High | num_crystallizer_BIN=Medium | num_stream_BIN=High | resistance_tonn_BIN=Low | steel_temperature_grab1Celsius_BIN=High | steel_type=Arm500 | steel_weighttonn_BIN=Medium | swing_frequency_amount_minute_BIN=High | temperature_measurement1_Celsius_BIN=Low | temperature_measurement2_Celsius_BIN=Low | water_consumption_BIN=High | water_temperature_deltaCelsius_BIN=High | workpiece_slice_geometry=180x180,17.0,1.0,1.16,Ephemeral,2020-07-23,2020-07-23,False,2020-07-23,2.0,,,,,,,,,,,,,,,,,
life_track,RUL_BIN=Low | alloy_speed_meter_minute_BIN=Medium | alloy_type=open | cast_in_row_BIN=Medium | crystallizer_movementmm_BIN=High | num_crystallizer_BIN=Low | num_stream_BIN=High | resistance_tonn_BIN=Low | steel_temperature_grab1Celsius_BIN=High | steel_type=Arm500 | steel_weighttonn_BIN=Medium | swing_frequency_amount_minute_BIN=High | temperature_measurement1_Celsius_BIN=Low | temperature_measurement2_Celsius_BIN=Low | water_consumption_BIN=High | water_temperature_deltaCelsius_BIN=High | workpiece_slice_geometry=180x180,17.0,1.0,1.16,Ephemeral,2020-07-23,2020-07-23,False,2020-07-23,1.0,,,,,,,,,,,,,,,,,
life_track,RUL_BIN=Low | alloy_speed_meter_minute_BIN=Medium | alloy_type=open | cast_in_row_BIN=Medium | crystallizer_movementmm_BIN=High | num_crystallizer_BIN=High | num_stream_BIN=Medium | resistance_tonn_BIN=Low | steel_temperature_grab1Celsius_BIN=High | steel_type=Arm500 | steel_weighttonn_BIN=Medium | swing_frequency_amount_minute_BIN=High | temperature_measurement1_Celsius_BIN=Low | temperature_measurement2_Celsius_BIN=Low | water_consumption_BIN=High | water_temperature_deltaCelsius_BIN=High | workpiece_slice_geometry=180x180,17.0,1.0,1.16,Ephemeral,2020-07-23,2020-07-23,False,2020-07-23,1.0,,,,,,,,,,,,,,,,,
life_track,RUL_BIN=Critical | alloy_speed_meter_minute_BIN=Medium | alloy_type=open | cast_in_row_BIN=Medium | crystallizer_movementmm_BIN=High | num_crystallizer_BIN=High | num_stream_BIN=High | resistance_tonn_BIN=Low | steel_temperature_grab1Celsius_BIN=High | steel_type=Arm500 | steel_weighttonn_BIN=Medium | swing_frequency_amount_minute_BIN=High | temperature_measurement1_Celsius_BIN=Low | temperature_measurement2_Celsius_BIN=Low | water_consumption_BIN=High | water_temperature_deltaCelsius_BIN=High | workpiece_slice_geometry=180x180,17.0,1.0,1.16,Ephemeral,2020-07-23,2020-07-23,False,2020-07-23,1.0,,,,,,,,,,,,,,,,,
life_track,RUL_BIN=Low | alloy_speed_meter_minute_BIN=Medium | alloy_type=open | cast_in_row_BIN=Medium | crystallizer_movementmm_BIN=High | num_crystallizer_BIN=Low | num_stream_BIN=Low | resistance_tonn_BIN=Low | steel_temperature_grab1Celsius_BIN=High | steel_type=Arm500 | steel_weighttonn_BIN=Medium | swing_frequency_amount_minute_BIN=High | temperature_measurement1_Celsius_BIN=Low | temperature_measurement2_Celsius_BIN=Low | water_consumption_BIN=High | water_temperature_deltaCelsius_BIN=High | workpiece_slice_geometry=180x180,17.0,1.0,1.16,Ephemeral,2020-07-25,2020-07-25,False,2020-07-25,1.0,,,,,,,,,,,,,,,,,
life_track,RUL_BIN=Critical | alloy_speed_meter_minute_BIN=Medium | alloy_type=open | cast_in_row_BIN=Medium | crystallizer_movementmm_BIN=High | num_crystallizer_BIN=Medium | num_stream_BIN=Low | resistance_tonn_BIN=Low | steel_temperature_grab1Celsius_BIN=High | steel_type=Arm500 | steel_weighttonn_BIN=Medium | swing_frequency_amount_minute_BIN=High | temperature_measurement1_Celsius_BIN=Low | temperature_measurement2_Celsius_BIN=Low | water_consumption_BIN=High | water_temperature_deltaCelsius_BIN=High | workpiece_slice_geometry=180x180,17.0,1.0,1.16,Ephemeral,2020-07-25,2020-07-25,False,2020-07-25,1.0,,,,,,,,,,,,,,,,,
life_track,RUL_BIN=Critical | alloy_speed_meter_minute_BIN=Medium | alloy_type=open | cast_in_row_BIN=Medium | crystallizer_movementmm_BIN=High | num_crystallizer_BIN=Medium | num_stream_BIN=High | resistance_tonn_BIN=Low | steel_temperature_grab1Celsius_BIN=High | steel_type=Arm500 | steel_weighttonn_BIN=Medium | swing_frequency_amount_minute_BIN=High | temperature_measurement1_Celsius_BIN=Low | temperature_measurement2_Celsius_BIN=Low | water_consumption_BIN=High | water_temperature_deltaCelsius_BIN=High | workpiece_slice_geometry=180x180,17.0,1.0,1.16,Ephemeral,2020-07-25,2020-07-25,False,2020-07-25,1.0,,,,,,,,,,,,,,,,,
life_track,RUL_BIN=Critical | alloy_speed_meter_minute_BIN=Medium | alloy_type=open | cast_in_row_BIN=Medium | crystallizer_movementmm_BIN=High | num_crystallizer_BIN=Low | num_stream_BIN=High | resistance_tonn_BIN=Low | steel_temperature_grab1Celsius_BIN=High | steel_type=Arm500 | steel_weighttonn_BIN=Medium | swing_frequency_amount_minute_BIN=High | temperature_measurement1_Celsius_BIN=Low | temperature_measurement2_Celsius_BIN=Low | water_consumption_BIN=High | water_temperature_deltaCelsius_BIN=High | workpiece_slice_geometry=180x180,17.0,1.0,1.16,Ephemeral,2020-07-25,2020-07-25,False,2020-07-25,1.0,,,,,,,,,,,,,,,,,
life_track,RUL_BIN=Healthy | alloy_speed_meter_minute_BIN=Medium | alloy_type=open | cast_in_row_BIN=Medium | crystallizer_movementmm_BIN=High | num_crystallizer_BIN=High | num_stream_BIN=High | resistance_tonn_BIN=Low | steel_temperature_grab1Celsius_BIN=High | steel_type=Arm500 | steel_weighttonn_BIN=High | swing_frequency_amount_minute_BIN=High | temperature_measurement1_Celsius_BIN=Low | temperature_measurement2_Celsius_BIN=Low | water_consumption_BIN=High | water_temperature_deltaCelsius_BIN=High | workpiece_slice_geometry=180x180,17.0,1.0,1.16,Ephemeral,2020-07-27,2020-07-27,False,2020-07-27,1.0,,,,,,,,,,,,,,,,,
life_track,RUL_BIN=Healthy | alloy_speed_meter_minute_BIN=Medium | alloy_type=open | cast_in_row_BIN=Low | crystallizer_movementmm_BIN=High | num_crystallizer_BIN=Medium | num_stream_BIN=High | resistance_tonn_BIN=Low | steel_temperature_grab1Celsius_BIN=High | steel_type=Arm500 | steel_weighttonn_BIN=High | swing_frequency_amount_minute_BIN=High | temperature_measurement1_Celsius_BIN=Low | temperature_measurement2_Celsius_BIN=Low | water_consumption_BIN=High | water_temperature_deltaCelsius_BIN=High | workpiece_slice_geometry=180x180,17.0,1.0,1.16,Ephemeral,2020-07-27,2020-07-27,False,2020-07-27,1.0,,,,,,,,,,,,,,,,,
life_track,RUL_BIN=Critical | alloy_speed_meter_minute_BIN=Medium | alloy_type=open | cast_in_row_BIN=Low | crystallizer_movementmm_BIN=High | num_crystallizer_BIN=Medium | num_stream_BIN=Low | resistance_tonn_BIN=Low | steel_temperature_grab1Celsius_BIN=High | steel_type=Arm500 | steel_weighttonn_BIN=High | swing_frequency_amount_minute_BIN=High | temperature_measurement1_Celsius_BIN=Low | temperature_measurement2_Celsius_BIN=Low | water_consumption_BIN=High | water_temperature_deltaCelsius_BIN=High | workpiece_slice_geometry=180x180,17.0,1.0,1.16,Ephemeral,2020-07-27,2020-07-27,False,2020-07-27,1.0,,,,,,,,,,,,,,,,,
life_track,RUL_BIN=Critical | alloy_speed_meter_minute_BIN=Medium | alloy_type=open | cast_in_row_BIN=Low | crystallizer_movementmm_BIN=High | num_crystallizer_BIN=Low | num_stream_BIN=High | resistance_tonn_BIN=Low | steel_temperature_grab1Celsius_BIN=High | steel_type=Arm500 | steel_weighttonn_BIN=High | swing_frequency_amount_minute_BIN=High | temperature_measurement1_Celsius_BIN=Low | temperature_measurement2_Celsius_BIN=Low | water_consumption_BIN=High | water_temperature_deltaCelsius_BIN=High | workpiece_slice_geometry=180x180,17.0,1.0,1.16,Ephemeral,2020-07-27,2020-07-27,False,2020-07-27,1.0,,,,,,,,,,,,,,,,,
life_track,RUL_BIN=Critical | alloy_speed_meter_minute_BIN=Medium | alloy_type=open | cast_in_row_BIN=Medium | crystallizer_movementmm_BIN=High | num_crystallizer_BIN=Medium | num_stream_BIN=Medium | resistance_tonn_BIN=Low | steel_temperature_grab1Celsius_BIN=High | steel_type=Arm500 | steel_weighttonn_BIN=High | swing_frequency_amount_minute_BIN=High | temperature_measurement1_Celsius_BIN=Low | temperature_measurement2_Celsius_BIN=Low | water_consumption_BIN=High | water_temperature_deltaCelsius_BIN=High | workpiece_slice_geometry=180x180,17.0,1.0,1.16,Ephemeral,2020-07-29,2020-07-29,False,2020-07-29,1.0,,,,,,,,,,,,,,,,,
life_track,RUL_BIN=Critical | alloy_speed_meter_minute_BIN=Medium | alloy_type=open | cast_in_row_BIN=Medium | crystallizer_movementmm_BIN=High | num_crystallizer_BIN=Medium | num_stream_BIN=Low | resistance_tonn_BIN=Low | steel_temperature_grab1Celsius_BIN=High | steel_type=Arm500 | steel_weighttonn_BIN=High | swing_frequency_amount_minute_BIN=High | temperature_measurement1_Celsius_BIN=Low | temperature_measurement2_Celsius_BIN=Low | water_consumption_BIN=High | water_temperature_deltaCelsius_BIN=High | workpiece_slice_geometry=180x180,17.0,1.0,1.16,Ephemeral,2020-07-29,2020-07-29,False,2020-07-29,1.0,,,,,,,,,,,,,,,,,
life_track,RUL_BIN=Critical | alloy_speed_meter_minute_BIN=Medium | alloy_type=open | cast_in_row_BIN=Medium | crystallizer_movementmm_BIN=High | num_crystallizer_BIN=Medium | num_stream_BIN=High | resistance_tonn_BIN=Low | steel_temperature_grab1Celsius_BIN=High | steel_type=Arm500 | steel_weighttonn_BIN=High | swing_frequency_amount_minute_BIN=High | temperature_measurement1_Celsius_BIN=Low | temperature_measurement2_Celsius_BIN=Low | water_consumption_BIN=High | water_temperature_deltaCelsius_BIN=High | workpiece_slice_geometry=180x180,17.0,1.0,1.16,Ephemeral,2020-07-29,2020-07-29,False,2020-07-29,1.0,,,,,,,,,,,,,,,,,
life_track,RUL_BIN=Critical | alloy_speed_meter_minute_BIN=Medium | alloy_type=open | cast_in_row_BIN=Medium | crystallizer_movementmm_BIN=High | num_crystallizer_BIN=Low | num_stream_BIN=Low | resistance_tonn_BIN=Low | steel_temperature_grab1Celsius_BIN=High | steel_type=Arm500 | steel_weighttonn_BIN=High | swing_frequency_amount_minute_BIN=High | temperature_measurement1_Celsius_BIN=Low | temperature_measurement2_Celsius_BIN=Low | water_consumption_BIN=High | water_temperature_deltaCelsius_BIN=High | workpiece_slice_geometry=180x180,17.0,1.0,1.16,Ephemeral,2020-07-29,2020-07-29,False,2020-07-29,1.0,,,,,,,,,,,,,,,,,
life_track,RUL_BIN=Medium | alloy_speed_meter_minute_BIN=Medium | alloy_type=open | cast_in_row_BIN=Low | crystallizer_movementmm_BIN=Low | num_crystallizer_BIN=Medium | num_stream_BIN=High | resistance_tonn_BIN=Low | steel_temperature_grab1Celsius_BIN=High | steel_type=Arm500 | steel_weighttonn_BIN=Medium | swing_frequency_amount_minute_BIN=High | temperature_measurement1_Celsius_BIN=Low | temperature_measurement2_Celsius_BIN=Low | water_consumption_BIN=High | water_temperature_deltaCelsius_BIN=High | workpiece_slice_geometry=180x180,17.0,1.0,1.16,Ephemeral,2020-07-31,2020-07-31,False,2020-07-31,1.0,,,,,,,,,,,,,,,,,
life_track,RUL_BIN=Medium | alloy_speed_meter_minute_BIN=Medium | alloy_type=open | cast_in_row_BIN=Low | crystallizer_movementmm_BIN=Low | num_crystallizer_BIN=High | num_stream_BIN=High | resistance_tonn_BIN=Low | steel_temperature_grab1Celsius_BIN=High | steel_type=Arm500 | steel_weighttonn_BIN=Medium | swing_frequency_amount_minute_BIN=High | temperature_measurement1_Celsius_BIN=Low | temperature_measurement2_Celsius_BIN=Low | water_consumption_BIN=High | water_temperature_deltaCelsius_BIN=High | workpiece_slice_geometry=180x180,17.0,1.0,1.16,Ephemeral,2020-07-31,2020-07-31,False,2020-07-31,1.0,,,,,,,,,,,,,,,,,
life_track,RUL_BIN=Low | alloy_speed_meter_minute_BIN=Medium | alloy_type=open | cast_in_row_BIN=Low | crystallizer_movementmm_BIN=Low | num_crystallizer_BIN=High | num_stream_BIN=Low | resistance_tonn_BIN=Low | steel_temperature_grab1Celsius_BIN=High | steel_type=Arm500 | steel_weighttonn_BIN=Medium | swing_frequency_amount_minute_BIN=High | temperature_measurement1_Celsius_BIN=Low | temperature_measurement2_Celsius_BIN=Low | water_consumption_BIN=High | water_temperature_deltaCelsius_BIN=High | workpiece_slice_geometry=180x180,17.0,1.0,1.16,Ephemeral,2020-07-31,2020-07-31,False,2020-07-31,1.0,,,,,,,,,,,,,,,,,
life_track,RUL_BIN=Critical | alloy_speed_meter_minute_BIN=Medium | alloy_type=open | cast_in_row_BIN=Medium | crystallizer_movementmm_BIN=High | num_crystallizer_BIN=Medium | num_stream_BIN=Medium | resistance_tonn_BIN=Low | steel_temperature_grab1Celsius_BIN=High | steel_type=Arm500 | steel_weighttonn_BIN=Medium | swing_frequency_amount_minute_BIN=High | temperature_measurement1_Celsius_BIN=Low | temperature_measurement2_Celsius_BIN=Low | water_consumption_BIN=High | water_temperature_deltaCelsius_BIN=High | workpiece_slice_geometry=180x180,17.0,1.0,1.16,Ephemeral,2020-07-31,2020-07-31,False,2020-07-31,1.0,,,,,,,,,,,,,,,,,
life_track,RUL_BIN=Critical | alloy_speed_meter_minute_BIN=Medium | alloy_type=open | cast_in_row_BIN=Low | crystallizer_movementmm_BIN=Low | num_crystallizer_BIN=Medium | num_stream_BIN=Low | resistance_tonn_BIN=Low | steel_temperature_grab1Celsius_BIN=High | steel_type=Arm500 | steel_weighttonn_BIN=Medium | swing_frequency_amount_minute_BIN=High | temperature_measurement1_Celsius_BIN=Low | temperature_measurement2_Celsius_BIN=Low | water_consumption_BIN=High | water_temperature_deltaCelsius_BIN=High | workpiece_slice_geometry=180x180,17.0,1.0,1.16,Ephemeral,2020-07-31,2020-07-31,False,2020-07-31,2.0,,,,,,,,,,,,,,,,,
life_track,RUL_BIN=Medium | alloy_speed_meter_minute_BIN=High | alloy_type=open | cast_in_row_BIN=Low | crystallizer_movementmm_BIN=Medium | num_crystallizer_BIN=Medium | num_stream_BIN=High | resistance_tonn_BIN=Low | steel_temperature_grab1Celsius_BIN=High | steel_type=St4sp | steel_weighttonn_BIN=High | swing_frequency_amount_minute_BIN=Low | temperature_measurement1_Celsius_BIN=Low | temperature_measurement2_Celsius_BIN=Low | water_consumption_BIN=High | water_temperature_deltaCelsius_BIN=High | workpiece_slice_geometry=150x150,17.0,1.0,1.16,Ephemeral,2020-08-05,2020-08-05,False,2020-08-05,1.0,,,,,,,,,,,,,,,,,
life_track,RUL_BIN=Medium | alloy_speed_meter_minute_BIN=High | alloy_type=open | cast_in_row_BIN=Low | crystallizer_movementmm_BIN=Medium | num_crystallizer_BIN=High | num_stream_BIN=Low | resistance_tonn_BIN=Low | steel_temperature_grab1Celsius_BIN=High | steel_type=St4sp | steel_weighttonn_BIN=High | swing_frequency_amount_minute_BIN=Low | temperature_measurement1_Celsius_BIN=Low | temperature_measurement2_Celsius_BIN=Low | water_consumption_BIN=High | water_temperature_deltaCelsius_BIN=High | workpiece_slice_geometry=150x150,17.0,1.0,1.16,Ephemeral,2020-08-05,2020-08-05,False,2020-08-05,1.0,,,,,,,,,,,,,,,,,
life_track,RUL_BIN=Healthy | alloy_speed_meter_minute_BIN=High | alloy_type=open | cast_in_row_BIN=Low | crystallizer_movementmm_BIN=Medium | num_crystallizer_BIN=Medium | num_stream_BIN=Medium | resistance_tonn_BIN=Low | steel_temperature_grab1Celsius_BIN=High | steel_type=St4sp | steel_weighttonn_BIN=High | swing_frequency_amount_minute_BIN=Low | temperature_measurement1_Celsius_BIN=Low | temperature_measurement2_Celsius_BIN=Low | water_consumption_BIN=High | water_temperature_deltaCelsius_BIN=High | workpiece_slice_geometry=150x150,17.0,1.0,1.16,Ephemeral,2020-08-05,2020-08-05,False,2020-08-05,1.0,,,,,,,,,,,,,,,,,
life_track,RUL_BIN=Healthy | alloy_speed_meter_minute_BIN=High | alloy_type=open | cast_in_row_BIN=Low | crystallizer_movementmm_BIN=Medium | num_crystallizer_BIN=Medium | num_stream_BIN=High | resistance_tonn_BIN=Low | steel_temperature_grab1Celsius_BIN=High | steel_type=St4sp | steel_weighttonn_BIN=High | swing_frequency_amount_minute_BIN=Low | temperature_measurement1_Celsius_BIN=Low | temperature_measurement2_Celsius_BIN=Low | water_consumption_BIN=High | water_temperature_deltaCelsius_BIN=High | workpiece_slice_geometry=150x150,17.0,1.0,1.16,Ephemeral,2020-08-05,2020-08-05,False,2020-08-05,1.0,,,,,,,,,,,,,,,,,
life_track,RUL_BIN=Healthy | alloy_speed_meter_minute_BIN=High | alloy_type=open | cast_in_row_BIN=Low | crystallizer_movementmm_BIN=Medium | num_crystallizer_BIN=Low | num_stream_BIN=Low | resistance_tonn_BIN=Low | steel_temperature_grab1Celsius_BIN=High | steel_type=St4sp | steel_weighttonn_BIN=High | swing_frequency_amount_minute_BIN=Low | temperature_measurement1_Celsius_BIN=Low | temperature_measurement2_Celsius_BIN=Low | water_consumption_BIN=High | water_temperature_deltaCelsius_BIN=High | workpiece_slice_geometry=150x150,17.0,1.0,1.16,Ephemeral,2020-08-05,2020-08-05,False,2020-08-05,1.0,,,,,,,,,,,,,,,,,
life_track,RUL_BIN=Critical | alloy_speed_meter_minute_BIN=High | alloy_type=open | cast_in_row_BIN=Low | crystallizer_movementmm_BIN=Medium | num_crystallizer_BIN=Low | num_stream_BIN=Low | resistance_tonn_BIN=Low | steel_temperature_grab1Celsius_BIN=High | steel_type=St4sp | steel_weighttonn_BIN=High | swing_frequency_amount_minute_BIN=Low | temperature_measurement1_Celsius_BIN=Low | temperature_measurement2_Celsius_BIN=Low | water_consumption_BIN=High | water_temperature_deltaCelsius_BIN=High | workpiece_slice_geometry=150x150,17.0,1.0,1.16,Ephemeral,2020-08-05,2020-08-05,False,2020-08-05,1.0,,,,,,,,,,,,,,,,,
life_track,RUL_BIN=Low | alloy_speed_meter_minute_BIN=Medium | alloy_type=open | cast_in_row_BIN=Low | crystallizer_movementmm_BIN=Low | num_crystallizer_BIN=Medium | num_stream_BIN=High | resistance_tonn_BIN=Low | steel_temperature_grab1Celsius_BIN=High | steel_type=25G2S | steel_weighttonn_BIN=High | swing_frequency_amount_minute_BIN=High | temperature_measurement1_Celsius_BIN=Low | temperature_measurement2_Celsius_BIN=Low | water_consumption_BIN=High | water_temperature_deltaCelsius_BIN=High | workpiece_slice_geometry=180x180,17.0,1.0,1.16,Ephemeral,2020-08-07,2020-08-07,False,2020-08-07,1.0,,,,,,,,,,,,,,,,,
life_track,RUL_BIN=Low | alloy_speed_meter_minute_BIN=Medium | alloy_type=open | cast_in_row_BIN=Low | crystallizer_movementmm_BIN=Low | num_crystallizer_BIN=High | num_stream_BIN=Low | resistance_tonn_BIN=Low | steel_temperature_grab1Celsius_BIN=High | steel_type=25G2S | steel_weighttonn_BIN=High | swing_frequency_amount_minute_BIN=High | temperature_measurement1_Celsius_BIN=Low | temperature_measurement2_Celsius_BIN=Low | water_consumption_BIN=High | water_temperature_deltaCelsius_BIN=High | workpiece_slice_geometry=180x180,17.0,1.0,1.16,Ephemeral,2020-08-07,2020-08-07,False,2020-08-07,1.0,,,,,,,,,,,,,,,,,
life_track,RUL_BIN=Healthy | alloy_speed_meter_minute_BIN=Medium | alloy_type=open | cast_in_row_BIN=Low | crystallizer_movementmm_BIN=Low | num_crystallizer_BIN=Medium | num_stream_BIN=Medium | resistance_tonn_BIN=Low | steel_temperature_grab1Celsius_BIN=High | steel_type=25G2S | steel_weighttonn_BIN=High | swing_frequency_amount_minute_BIN=High | temperature_measurement1_Celsius_BIN=Low | temperature_measurement2_Celsius_BIN=Low | water_consumption_BIN=High | water_temperature_deltaCelsius_BIN=High | workpiece_slice_geometry=180x180,17.0,1.0,1.16,Ephemeral,2020-08-07,2020-08-07,False,2020-08-07,1.0,,,,,,,,,,,,,,,,,
life_track,RUL_BIN=Healthy | alloy_speed_meter_minute_BIN=Medium | alloy_type=open | cast_in_row_BIN=Low | crystallizer_movementmm_BIN=Low | num_crystallizer_BIN=Low | num_stream_BIN=Medium | resistance_tonn_BIN=Low | steel_temperature_grab1Celsius_BIN=High | steel_type=25G2S | steel_weighttonn_BIN=High | swing_frequency_amount_minute_BIN=High | temperature_measurement1_Celsius_BIN=Low | temperature_measurement2_Celsius_BIN=Low | water_consumption_BIN=High | water_temperature_deltaCelsius_BIN=High | workpiece_slice_geometry=180x180,17.0,1.0,1.16,Ephemeral,2020-08-07,2020-08-07,False,2020-08-07,1.0,,,,,,,,,,,,,,,,,
life_track,RUL_BIN=Healthy | alloy_speed_meter_minute_BIN=Medium | alloy_type=open | cast_in_row_BIN=Low | crystallizer_movementmm_BIN=Low | num_crystallizer_BIN=Low | num_stream_BIN=Low | resistance_tonn_BIN=Low | steel_temperature_grab1Celsius_BIN=High | steel_type=25G2S | steel_weighttonn_BIN=High | swing_frequency_amount_minute_BIN=High | temperature_measurement1_Celsius_BIN=Low | temperature_measurement2_Celsius_BIN=Low | water_consumption_BIN=High | water_temperature_deltaCelsius_BIN=High | workpiece_slice_geometry=180x180,17.0,1.0,1.16,Ephemeral,2020-08-07,2020-08-07,False,2020-08-07,1.0,,,,,,,,,,,,,,,,,
life_track,RUL_BIN=Critical | alloy_speed_meter_minute_BIN=Medium | alloy_type=open | cast_in_row_BIN=Low | crystallizer_movementmm_BIN=Low | num_crystallizer_BIN=Medium | num_stream_BIN=Low | resistance_tonn_BIN=Low | steel_temperature_grab1Celsius_BIN=High | steel_type=25G2S | steel_weighttonn_BIN=High | swing_frequency_amount_minute_BIN=High | temperature_measurement1_Celsius_BIN=Low | temperature_measurement2_Celsius_BIN=Low | water_consumption_BIN=High | water_temperature_deltaCelsius_BIN=High | workpiece_slice_geometry=180x180,17.0,1.0,1.16,Ephemeral,2020-08-07,2020-08-07,False,2020-08-07,1.0,,,,,,,,,,,,,,,,,
life_track,RUL_BIN=Critical | alloy_speed_meter_minute_BIN=Medium | alloy_type=open | cast_in_row_BIN=Low | crystallizer_movementmm_BIN=Low | num_crystallizer_BIN=High | num_stream_BIN=High | resistance_tonn_BIN=Low | steel_temperature_grab1Celsius_BIN=High | steel_type=25G2S | steel_weighttonn_BIN=High | swing_frequency_amount_minute_BIN=High | temperature_measurement1_Celsius_BIN=Low | temperature_measurement2_Celsius_BIN=Low | water_consumption_BIN=High | water_temperature_deltaCelsius_BIN=High | workpiece_slice_geometry=180x180,17.0,1.0,1.16,Ephemeral,2020-08-07,2020-08-07,False,2020-08-07,1.0,,,,,,,,,,,,,,,,,
life_track,RUL_BIN=Healthy | alloy_speed_meter_minute_BIN=Medium | alloy_type=open | cast_in_row_BIN=High | crystallizer_movementmm_BIN=High | num_crystallizer_BIN=High | num_stream_BIN=Low | resistance_tonn_BIN=Low | steel_temperature_grab1Celsius_BIN=High | steel_type=Arm500 | steel_weighttonn_BIN=High | swing_frequency_amount_minute_BIN=High | temperature_measurement1_Celsius_BIN=Low | temperature_measurement2_Celsius_BIN=Low | water_consumption_BIN=High | water_temperature_deltaCelsius_BIN=High | workpiece_slice_geometry=180x180,17.0,1.0,1.16,Ephemeral,2020-08-18,2020-08-18,False,2020-08-18,1.0,,,,,,,,,,,,,,,,,
life_track,RUL_BIN=Healthy | alloy_speed_meter_minute_BIN=Medium | alloy_type=open | cast_in_row_BIN=High | crystallizer_movementmm_BIN=High | num_crystallizer_BIN=High | num_stream_BIN=High | resistance_tonn_BIN=Low | steel_temperature_grab1Celsius_BIN=High | steel_type=Arm500 | steel_weighttonn_BIN=High | swing_frequency_amount_minute_BIN=High | temperature_measurement1_Celsius_BIN=Low | temperature_measurement2_Celsius_BIN=Low | water_consumption_BIN=High | water_temperature_deltaCelsius_BIN=High | workpiece_slice_geometry=180x180,17.0,1.0,1.16,Ephemeral,2020-08-18,2020-08-18,False,2020-08-18,1.0,,,,,,,,,,,,,,,,,
life_track,RUL_BIN=Critical | alloy_speed_meter_minute_BIN=Medium | alloy_type=open | cast_in_row_BIN=High | crystallizer_movementmm_BIN=High | num_crystallizer_BIN=Medium | num_stream_BIN=Medium | resistance_tonn_BIN=Low | steel_temperature_grab1Celsius_BIN=High | steel_type=Arm500 | steel_weighttonn_BIN=High | swing_frequency_amount_minute_BIN=High | temperature_measurement1_Celsius_BIN=Low | temperature_measurement2_Celsius_BIN=Low | water_consumption_BIN=High | water_temperature_deltaCelsius_BIN=High | workpiece_slice_geometry=180x180,17.0,1.0,1.16,Ephemeral,2020-08-18,2020-08-18,False,2020-08-18,1.0,,,,,,,,,,,,,,,,,
life_track,RUL_BIN=Critical | alloy_speed_meter_minute_BIN=Medium | alloy_type=open | cast_in_row_BIN=High | crystallizer_movementmm_BIN=High | num_crystallizer_BIN=Medium | num_stream_BIN=High | resistance_tonn_BIN=Low | steel_temperature_grab1Celsius_BIN=High | steel_type=Arm500 | steel_weighttonn_BIN=High | swing_frequency_amount_minute_BIN=High | temperature_measurement1_Celsius_BIN=Low | temperature_measurement2_Celsius_BIN=Low | water_consumption_BIN=High | water_temperature_deltaCelsius_BIN=High | workpiece_slice_geometry=180x180,17.0,1.0,1.16,Ephemeral,2020-08-18,2020-08-18,False,2020-08-18,1.0,,,,,,,,,,,,,,,,,
life_track,RUL_BIN=Medium | alloy_speed_meter_minute_BIN=Medium | alloy_type=open | cast_in_row_BIN=Low | crystallizer_movementmm_BIN=Low | num_crystallizer_BIN=High | num_stream_BIN=Low | resistance_tonn_BIN=Low | steel_temperature_grab1Celsius_BIN=High | steel_type=Arm500 | steel_weighttonn_BIN=High | swing_frequency_amount_minute_BIN=High | temperature_measurement1_Celsius_BIN=Low | temperature_measurement2_Celsius_BIN=Low | water_consumption_BIN=High | water_temperature_deltaCelsius_BIN=High | workpiece_slice_geometry=180x180,17.0,1.0,1.16,Ephemeral,2020-08-20,2020-08-20,False,2020-08-20,1.0,,,,,,,,,,,,,,,,,
life_track,RUL_BIN=Medium | alloy_speed_meter_minute_BIN=Medium | alloy_type=open | cast_in_row_BIN=Medium | crystallizer_movementmm_BIN=Low | num_crystallizer_BIN=Medium | num_stream_BIN=High | resistance_tonn_BIN=Low | steel_temperature_grab1Celsius_BIN=High | steel_type=Arm500 | steel_weighttonn_BIN=High | swing_frequency_amount_minute_BIN=High | temperature_measurement1_Celsius_BIN=Low | temperature_measurement2_Celsius_BIN=Low | water_consumption_BIN=High | water_temperature_deltaCelsius_BIN=High | workpiece_slice_geometry=180x180,17.0,1.0,1.16,Ephemeral,2020-08-22,2020-08-22,False,2020-08-22,1.0,,,,,,,,,,,,,,,,,
life_track,RUL_BIN=Low | alloy_speed_meter_minute_BIN=Medium | alloy_type=open | cast_in_row_BIN=Low | crystallizer_movementmm_BIN=Low | num_crystallizer_BIN=Medium | num_stream_BIN=Medium | resistance_tonn_BIN=Low | steel_temperature_grab1Celsius_BIN=High | steel_type=Arm500 | steel_weighttonn_BIN=Medium | swing_frequency_amount_minute_BIN=High | temperature_measurement1_Celsius_BIN=Low | temperature_measurement2_Celsius_BIN=Low | water_consumption_BIN=High | water_temperature_deltaCelsius_BIN=High | workpiece_slice_geometry=180x180,17.0,1.0,1.16,Ephemeral,2020-08-24,2020-08-24,False,2020-08-24,1.0,,,,,,,,,,,,,,,,,
life_track,RUL_BIN=Critical | alloy_speed_meter_minute_BIN=Medium | alloy_type=open | cast_in_row_BIN=Low | crystallizer_movementmm_BIN=High | num_crystallizer_BIN=Low | num_stream_BIN=Low | resistance_tonn_BIN=Low | steel_temperature_grab1Celsius_BIN=High | steel_type=Arm500 | steel_weighttonn_BIN=High | swing_frequency_amount_minute_BIN=High | temperature_measurement1_Celsius_BIN=Low | temperature_measurement2_Celsius_BIN=Low | water_consumption_BIN=High | water_temperature_deltaCelsius_BIN=High | workpiece_slice_geometry=180x180,17.0,1.0,1.16,Ephemeral,2020-08-26,2020-08-26,True,2020-08-26,1.0,,,,,,,,,,,,,,,,,
life_track,RUL_BIN=Critical | alloy_speed_meter_minute_BIN=Medium | alloy_type=open | cast_in_row_BIN=Low | crystallizer_movementmm_BIN=High | num_crystallizer_BIN=High | num_stream_BIN=Low | resistance_tonn_BIN=Low | steel_temperature_grab1Celsius_BIN=High | steel_type=Arm500 | steel_weighttonn_BIN=High | swing_frequency_amount_minute_BIN=High | temperature_measurement1_Celsius_BIN=Low | temperature_measurement2_Celsius_BIN=Low | water_consumption_BIN=High | water_temperature_deltaCelsius_BIN=High | workpiece_slice_geometry=180x180,17.0,1.0,1.16,Ephemeral,2020-08-26,2020-08-26,True,2020-08-26,1.0,,,,,,,,,,,,,,,,,
life_track,RUL_BIN=Critical | alloy_speed_meter_minute_BIN=Medium | alloy_type=open | cast_in_row_BIN=Low | crystallizer_movementmm_BIN=High | num_crystallizer_BIN=High | num_stream_BIN=High | resistance_tonn_BIN=Low | steel_temperature_grab1Celsius_BIN=High | steel_type=Arm500 | steel_weighttonn_BIN=High | swing_frequency_amount_minute_BIN=High | temperature_measurement1_Celsius_BIN=Low | temperature_measurement2_Celsius_BIN=Low | water_consumption_BIN=High | water_temperature_deltaCelsius_BIN=High | workpiece_slice_geometry=180x180,17.0,1.0,1.16,Ephemeral,2020-08-26,2020-08-26,True,2020-08-26,1.0,,,,,,,,,,,,,,,,,
life_track,RUL_BIN=Low | RUL_BIN=Medium | alloy_speed_meter_minute_BIN=High | alloy_type=open | cast_in_row_BIN=Low | crystallizer_movementmm_BIN=Medium | num_crystallizer_BIN=High | num_crystallizer_BIN=Low | num_stream_BIN=Low | num_stream_BIN=Medium | resistance_tonn_BIN=Low | steel_temperature_grab1Celsius_BIN=High | steel_type=St3sp | steel_weighttonn_BIN=High | swing_frequency_amount_minute_BIN=Medium | temperature_measurement1_Celsius_BIN=Low | temperature_measurement2_Celsius_BIN=Low | water_consumption_BIN=High | water_temperature_deltaCelsius_BIN=High | workpiece_slice_geometry=150x150,20.0,1.0,1.16,Ephemeral,2020-01-05,2020-01-05,False,2020-01-05,1.0,,,,,,,,,,,,,,,,,
life_track,RUL_BIN=Healthy | alloy_speed_meter_minute_BIN=Medium | alloy_type=open | cast_in_row_BIN=Low | crystallizer_movementmm_BIN=High | num_crystallizer_BIN=High | num_crystallizer_BIN=Medium | num_stream_BIN=High | num_stream_BIN=Low | num_stream_BIN=Medium | resistance_tonn_BIN=Low | steel_temperature_grab1Celsius_BIN=High | steel_type=Arm500 | steel_weighttonn_BIN=High | swing_frequency_amount_minute_BIN=High | temperature_measurement1_Celsius_BIN=Low | temperature_measurement2_Celsius_BIN=Low | water_consumption_BIN=High | water_temperature_deltaCelsius_BIN=High | workpiece_slice_geometry=180x180,20.0,1.0,1.16,Ephemeral,2020-01-07,2020-01-07,False,2020-01-07,1.0,,,,,,,,,,,,,,,,,
life_track,RUL_BIN=Medium | alloy_speed_meter_minute_BIN=Medium | alloy_type=open | cast_in_row_BIN=Low | crystallizer_movementmm_BIN=Low | num_crystallizer_BIN=High | num_crystallizer_BIN=Medium | num_stream_BIN=High | num_stream_BIN=Low | num_stream_BIN=Medium | resistance_tonn_BIN=Low | steel_temperature_grab1Celsius_BIN=High | steel_type=Arm500 | steel_weighttonn_BIN=High | swing_frequency_amount_minute_BIN=High | temperature_measurement1_Celsius_BIN=Low | temperature_measurement2_Celsius_BIN=Low | water_consumption_BIN=High | water_temperature_deltaCelsius_BIN=High | workpiece_slice_geometry=180x180,20.0,1.0,1.16,Ephemeral,2020-01-08,2020-01-08,False,2020-01-08,1.0,,,,,,,,,,,,,,,,,
life_track,RUL_BIN=Low | alloy_speed_meter_minute_BIN=Medium | alloy_type=open | cast_in_row_BIN=Low | crystallizer_movementmm_BIN=Low | num_crystallizer_BIN=High | num_crystallizer_BIN=Medium | num_stream_BIN=High | num_stream_BIN=Low | num_stream_BIN=Medium | resistance_tonn_BIN=Low | steel_temperature_grab1Celsius_BIN=High | steel_type=Arm500 | steel_weighttonn_BIN=High | swing_frequency_amount_minute_BIN=High | temperature_measurement1_Celsius_BIN=Low | temperature_measurement2_Celsius_BIN=Low | water_consumption_BIN=High | water_temperature_deltaCelsius_BIN=High | workpiece_slice_geometry=180x180,20.0,1.0,1.16,Ephemeral,2020-01-09,2020-01-09,False,2020-01-09,1.0,,,,,,,,,,,,,,,,,
life_track,RUL_BIN=Critical | alloy_speed_meter_minute_BIN=Medium | alloy_type=open | cast_in_row_BIN=Low | crystallizer_movementmm_BIN=Low | num_crystallizer_BIN=High | num_crystallizer_BIN=Low | num_stream_BIN=High | num_stream_BIN=Low | num_stream_BIN=Medium | resistance_tonn_BIN=Low | steel_temperature_grab1Celsius_BIN=High | steel_type=Arm500 | steel_weighttonn_BIN=High | swing_frequency_amount_minute_BIN=High | temperature_measurement1_Celsius_BIN=Low | temperature_measurement2_Celsius_BIN=Low | water_consumption_BIN=High | water_temperature_deltaCelsius_BIN=High | workpiece_slice_geometry=180x180,20.0,1.0,1.16,Ephemeral,2020-03-09,2020-03-09,False,2020-03-09,1.0,,,,,,,,,,,,,,,,,
life_track,RUL_BIN=Healthy | alloy_speed_meter_minute_BIN=Medium | alloy_type=open | cast_in_row_BIN=Medium | crystallizer_movementmm_BIN=Low | num_crystallizer_BIN=High | num_crystallizer_BIN=Low | num_stream_BIN=High | num_stream_BIN=Low | num_stream_BIN=Medium | resistance_tonn_BIN=Low | steel_temperature_grab1Celsius_BIN=High | steel_type=Arm500 | steel_weighttonn_BIN=High | swing_frequency_amount_minute_BIN=High | temperature_measurement1_Celsius_BIN=Low | temperature_measurement2_Celsius_BIN=Low | water_consumption_BIN=High | water_temperature_deltaCelsius_BIN=High | workpiece_slice_geometry=180x180,20.0,1.0,1.16,Ephemeral,2020-04-07,2020-04-07,False,2020-04-07,1.0,,,,,,,,,,,,,,,,,
life_track,RUL_BIN=Critical | alloy_speed_meter_minute_BIN=Medium | alloy_type=open | cast_in_row_BIN=Medium | crystallizer_movementmm_BIN=Low | num_crystallizer_BIN=High | num_crystallizer_BIN=Low | num_stream_BIN=High | num_stream_BIN=Low | num_stream_BIN=Medium | resistance_tonn_BIN=Low | steel_temperature_grab1Celsius_BIN=High | steel_type=Arm500 | steel_weighttonn_BIN=Medium | swing_frequency_amount_minute_BIN=High | temperature_measurement1_Celsius_BIN=Low | temperature_measurement2_Celsius_BIN=Low | water_consumption_BIN=High | water_temperature_deltaCelsius_BIN=High | workpiece_slice_geometry=180x180,20.0,1.0,1.16,Ephemeral,2020-04-09,2020-04-09,False,2020-04-09,1.0,,,,,,,,,,,,,,,,,
life_track,RUL_BIN=Healthy | alloy_speed_meter_minute_BIN=High | alloy_type=open | cast_in_row_BIN=Low | crystallizer_movementmm_BIN=High | num_crystallizer_BIN=High | num_crystallizer_BIN=Low | num_stream_BIN=High | num_stream_BIN=Low | num_stream_BIN=Medium | resistance_tonn_BIN=Low | steel_temperature_grab1Celsius_BIN=High | steel_type=St3sp | steel_weighttonn_BIN=High | swing_frequency_amount_minute_BIN=Medium | temperature_measurement1_Celsius_BIN=Low | temperature_measurement2_Celsius_BIN=Low | water_consumption_BIN=High | water_temperature_deltaCelsius_BIN=High | workpiece_slice_geometry=150x150,20.0,1.0,1.16,Ephemeral,2020-05-05,2020-05-05,False,2020-05-05,1.0,,,,,,,,,,,,,,,,,
life_track,RUL_BIN=Critical | alloy_speed_meter_minute_BIN=Medium | alloy_type=open | cast_in_row_BIN=High | crystallizer_movementmm_BIN=Low | num_crystallizer_BIN=Low | num_crystallizer_BIN=Medium | num_stream_BIN=High | num_stream_BIN=Low | num_stream_BIN=Medium | resistance_tonn_BIN=Low | steel_temperature_grab1Celsius_BIN=High | steel_type=Arm500 | steel_weighttonn_BIN=High | swing_frequency_amount_minute_BIN=High | temperature_measurement1_Celsius_BIN=Low | temperature_measurement2_Celsius_BIN=Low | water_consumption_BIN=High | water_temperature_deltaCelsius_BIN=High | workpiece_slice_geometry=180x180,20.0,1.0,1.16,Ephemeral,2020-06-09,2020-06-09,False,2020-06-09,1.0,,,,,,,,,,,,,,,,,
life_track,RUL_BIN=Healthy | alloy_speed_meter_minute_BIN=Medium | alloy_type=open | cast_in_row_BIN=Medium | crystallizer_movementmm_BIN=High | num_crystallizer_BIN=Low | num_crystallizer_BIN=Medium | num_stream_BIN=High | num_stream_BIN=Low | num_stream_BIN=Medium | resistance_tonn_BIN=Low | steel_temperature_grab1Celsius_BIN=High | steel_type=Arm500 | steel_weighttonn_BIN=High | swing_frequency_amount_minute_BIN=High | temperature_measurement1_Celsius_BIN=Low | temperature_measurement2_Celsius_BIN=Low | water_consumption_BIN=High | water_temperature_deltaCelsius_BIN=High | workpiece_slice_geometry=180x180,20.0,1.0,1.16,Ephemeral,2020-07-07,2020-07-07,False,2020-07-07,1.0,,,,,,,,,,,,,,,,,
life_track,RUL_BIN=Critical | alloy_speed_meter_minute_BIN=Medium | alloy_type=open | cast_in_row_BIN=Medium | crystallizer_movementmm_BIN=Low | num_crystallizer_BIN=High | num_crystallizer_BIN=Medium | num_stream_BIN=High | num_stream_BIN=Low | num_stream_BIN=Medium | resistance_tonn_BIN=Low | steel_temperature_grab1Celsius_BIN=High | steel_type=Arm500 | steel_weighttonn_BIN=High | steel_weighttonn_BIN=Medium | swing_frequency_amount_minute_BIN=High | temperature_measurement1_Celsius_BIN=Low | temperature_measurement2_Celsius_BIN=Low | water_consumption_BIN=High | water_temperature_deltaCelsius_BIN=High | workpiece_slice_geometry=180x180,21.0,1.0,1.16,Ephemeral,2020-01-10,2020-01-10,False,2020-01-10,1.0,,,,,,,,,,,,,,,,,
life_track,RUL_BIN=Critical | RUL_BIN=Healthy | alloy_speed_meter_minute_BIN=Medium | alloy_type=open | cast_in_row_BIN=Low | crystallizer_movementmm_BIN=Low | num_crystallizer_BIN=High | num_crystallizer_BIN=Low | num_stream_BIN=High | num_stream_BIN=Low | num_stream_BIN=Medium | resistance_tonn_BIN=Low | steel_temperature_grab1Celsius_BIN=High | steel_type=Arm500 | steel_weighttonn_BIN=High | swing_frequency_amount_minute_BIN=Medium | temperature_measurement1_Celsius_BIN=Low | temperature_measurement2_Celsius_BIN=Low | water_consumption_BIN=High | water_temperature_deltaCelsius_BIN=High | workpiece_slice_geometry=180x180,21.0,1.0,1.16,Ephemeral,2020-02-05,2020-02-05,False,2020-02-05,1.0,,,,,,,,,,,,,,,,,
life_track,RUL_BIN=Healthy | RUL_BIN=Low | alloy_speed_meter_minute_BIN=Medium | alloy_type=open | cast_in_row_BIN=Medium | crystallizer_movementmm_BIN=Low | num_crystallizer_BIN=High | num_crystallizer_BIN=Low | num_stream_BIN=High | num_stream_BIN=Low | num_stream_BIN=Medium | resistance_tonn_BIN=Low | steel_temperature_grab1Celsius_BIN=High | steel_type=Arm500 | steel_weighttonn_BIN=Medium | swing_frequency_amount_minute_BIN=High | temperature_measurement1_Celsius_BIN=Low | temperature_measurement2_Celsius_BIN=Low | water_consumption_BIN=High | water_temperature_deltaCelsius_BIN=High | workpiece_slice_geometry=180x180,21.0,1.0,1.16,Ephemeral,2020-02-08,2020-02-08,False,2020-02-08,1.0,,,,,,,,,,,,,,,,,
life_track,RUL_BIN=Critical | RUL_BIN=Medium | alloy_speed_meter_minute_BIN=Medium | alloy_type=open | cast_in_row_BIN=Low | crystallizer_movementmm_BIN=Low | num_crystallizer_BIN=High | num_crystallizer_BIN=Low | num_stream_BIN=High | num_stream_BIN=Low | num_stream_BIN=Medium | resistance_tonn_BIN=Low | steel_temperature_grab1Celsius_BIN=High | steel_type=Arm500 | steel_weighttonn_BIN=Medium | swing_frequency_amount_minute_BIN=High | temperature_measurement1_Celsius_BIN=Low | temperature_measurement2_Celsius_BIN=Low | water_consumption_BIN=High | water_temperature_deltaCelsius_BIN=High | workpiece_slice_geometry=180x180,21.0,1.0,1.16,Ephemeral,2020-02-10,2020-02-10,False,2020-02-10,1.0,,,,,,,,,,,,,,,,,
life_track,RUL_BIN=Low | RUL_BIN=Medium | alloy_speed_meter_minute_BIN=Medium | alloy_type=open | cast_in_row_BIN=Low | crystallizer_movementmm_BIN=High | num_crystallizer_BIN=High | num_crystallizer_BIN=Low | num_stream_BIN=High | num_stream_BIN=Low | num_stream_BIN=Medium | resistance_tonn_BIN=Low | steel_temperature_grab1Celsius_BIN=High | steel_type=Arm500 | steel_weighttonn_BIN=High | swing_frequency_amount_minute_BIN=High | temperature_measurement1_Celsius_BIN=Low | temperature_measurement2_Celsius_BIN=Low | water_consumption_BIN=High | water_temperature_deltaCelsius_BIN=High | workpiece_slice_geometry=180x180,21.0,1.0,1.16,Ephemeral,2020-03-07,2020-03-07,False,2020-03-07,1.0,,,,,,,,,,,,,,,,,
life_track,RUL_BIN=Low | RUL_BIN=Medium | alloy_speed_meter_minute_BIN=Medium | alloy_type=open | cast_in_row_BIN=Medium | crystallizer_movementmm_BIN=Low | num_crystallizer_BIN=High | num_crystallizer_BIN=Low | num_stream_BIN=High | num_stream_BIN=Low | num_stream_BIN=Medium | resistance_tonn_BIN=Low | steel_temperature_grab1Celsius_BIN=High | steel_type=Arm500 | steel_weighttonn_BIN=High | swing_frequency_amount_minute_BIN=High | temperature_measurement1_Celsius_BIN=Low | temperature_measurement2_Celsius_BIN=Low | water_consumption_BIN=High | water_temperature_deltaCelsius_BIN=High | workpiece_slice_geometry=180x180,21.0,1.0,1.16,Ephemeral,2020-05-08,2020-05-08,False,2020-05-08,1.0,,,,,,,,,,,,,,,,,
life_track,RUL_BIN=Healthy | alloy_speed_meter_minute_BIN=Medium | alloy_type=open | cast_in_row_BIN=Low | crystallizer_movementmm_BIN=Low | num_crystallizer_BIN=High | num_crystallizer_BIN=Low | num_crystallizer_BIN=Medium | num_stream_BIN=High | num_stream_BIN=Low | num_stream_BIN=Medium | resistance_tonn_BIN=Low | steel_temperature_grab1Celsius_BIN=High | steel_type=Arm500 | steel_weighttonn_BIN=High | swing_frequency_amount_minute_BIN=Medium | temperature_measurement1_Celsius_BIN=Low | temperature_measurement2_Celsius_BIN=Low | water_consumption_BIN=High | water_temperature_deltaCelsius_BIN=High | workpiece_slice_geometry=180x180,21.0,1.0,1.16,Ephemeral,2020-05-13,2020-05-13,False,2020-05-13,1.0,,,,,,,,,,,,,,,,,
life_track,RUL_BIN=Healthy | RUL_BIN=Low | RUL_BIN=Medium | alloy_speed_meter_minute_BIN=Medium | alloy_type=open | cast_in_row_BIN=Medium | crystallizer_movementmm_BIN=Low | num_crystallizer_BIN=Medium | num_stream_BIN=High | num_stream_BIN=Low | num_stream_BIN=Medium | resistance_tonn_BIN=Low | steel_temperature_grab1Celsius_BIN=High | steel_type=Arm500 | steel_weighttonn_BIN=High | swing_frequency_amount_minute_BIN=Medium | temperature_measurement1_Celsius_BIN=Low | temperature_measurement2_Celsius_BIN=Low | water_consumption_BIN=High | water_temperature_deltaCelsius_BIN=High | workpiece_slice_geometry=180x180,21.0,1.0,1.16,Ephemeral,2020-05-28,2020-05-28,False,2020-05-28,1.0,,,,,,,,,,,,,,,,,
life_track,RUL_BIN=Critical | RUL_BIN=Low | RUL_BIN=Medium | alloy_speed_meter_minute_BIN=Medium | alloy_type=open | cast_in_row_BIN=Low | crystallizer_movementmm_BIN=Low | num_crystallizer_BIN=Medium | num_stream_BIN=High | num_stream_BIN=Low | num_stream_BIN=Medium | resistance_tonn_BIN=Low | steel_temperature_grab1Celsius_BIN=High | steel_type=Arm500 | steel_weighttonn_BIN=High | swing_frequency_amount_minute_BIN=High | temperature_measurement1_Celsius_BIN=Low | temperature_measurement2_Celsius_BIN=Low | water_consumption_BIN=High | water_temperature_deltaCelsius_BIN=High | workpiece_slice_geometry=180x180,21.0,1.0,1.16,Ephemeral,2020-05-29,2020-05-29,False,2020-05-29,1.0,,,,,,,,,,,,,,,,,
life_track,RUL_BIN=Healthy | alloy_speed_meter_minute_BIN=Medium | alloy_type=open | cast_in_row_BIN=Low | crystallizer_movementmm_BIN=Low | num_crystallizer_BIN=High | num_crystallizer_BIN=Low | num_crystallizer_BIN=Medium | num_stream_BIN=High | num_stream_BIN=Low | num_stream_BIN=Medium | resistance_tonn_BIN=Low | steel_temperature_grab1Celsius_BIN=High | steel_type=Arm500 | steel_weighttonn_BIN=High | swing_frequency_amount_minute_BIN=High | temperature_measurement1_Celsius_BIN=Low | temperature_measurement2_Celsius_BIN=Low | water_consumption_BIN=High | water_temperature_deltaCelsius_BIN=High | workpiece_slice_geometry=180x180,21.0,1.0,1.16,Ephemeral,2020-07-08,2020-07-08,False,2020-07-08,1.0,,,,,,,,,,,,,,,,,
life_track,RUL_BIN=Healthy | alloy_speed_meter_minute_BIN=Medium | alloy_type=open | cast_in_row_BIN=Low | crystallizer_movementmm_BIN=Low | num_crystallizer_BIN=High | num_crystallizer_BIN=Low | num_crystallizer_BIN=Medium | num_stream_BIN=High | num_stream_BIN=Low | num_stream_BIN=Medium | resistance_tonn_BIN=Low | steel_temperature_grab1Celsius_BIN=High | steel_type=Arm500 | steel_weighttonn_BIN=Medium | swing_frequency_amount_minute_BIN=High | temperature_measurement1_Celsius_BIN=Low | temperature_measurement2_Celsius_BIN=Low | water_consumption_BIN=High | water_temperature_deltaCelsius_BIN=High | workpiece_slice_geometry=180x180,21.0,1.0,1.16,Ephemeral,2020-07-09,2020-07-09,False,2020-07-09,1.0,,,,,,,,,,,,,,,,,
life_track,RUL_BIN=Healthy | RUL_BIN=Medium | alloy_speed_meter_minute_BIN=Medium | alloy_type=open | cast_in_row_BIN=Medium | crystallizer_movementmm_BIN=High | num_crystallizer_BIN=Low | num_crystallizer_BIN=Medium | num_stream_BIN=High | num_stream_BIN=Low | num_stream_BIN=Medium | resistance_tonn_BIN=Low | steel_temperature_grab1Celsius_BIN=High | steel_type=Arm500 | steel_weighttonn_BIN=High | swing_frequency_amount_minute_BIN=High | temperature_measurement1_Celsius_BIN=Low | temperature_measurement2_Celsius_BIN=Low | water_consumption_BIN=High | water_temperature_deltaCelsius_BIN=High | workpiece_slice_geometry=180x180,21.0,1.0,1.16,Ephemeral,2020-07-13,2020-07-13,False,2020-07-13,1.0,,,,,,,,,,,,,,,,,
life_track,RUL_BIN=Healthy | RUL_BIN=Medium | alloy_speed_meter_minute_BIN=Medium | alloy_type=open | cast_in_row_BIN=Low | crystallizer_movementmm_BIN=Low | num_crystallizer_BIN=High | num_crystallizer_BIN=Medium | num_stream_BIN=High | num_stream_BIN=Low | num_stream_BIN=Medium | resistance_tonn_BIN=Low | steel_temperature_grab1Celsius_BIN=High | steel_type=Arm500 | steel_weighttonn_BIN=High | swing_frequency_amount_minute_BIN=High | temperature_measurement1_Celsius_BIN=Low | temperature_measurement2_Celsius_BIN=Low | water_consumption_BIN=High | water_temperature_deltaCelsius_BIN=High | workpiece_slice_geometry=180x180,21.0,1.0,1.16,Ephemeral,2020-07-16,2020-07-16,False,2020-07-16,1.0,,,,,,,,,,,,,,,,,
life_track,RUL_BIN=Critical | RUL_BIN=Low | alloy_speed_meter_minute_BIN=Medium | alloy_type=open | cast_in_row_BIN=Medium | crystallizer_movementmm_BIN=High | num_crystallizer_BIN=Low | num_crystallizer_BIN=Medium | num_stream_BIN=High | num_stream_BIN=Low | num_stream_BIN=Medium | resistance_tonn_BIN=Low | steel_temperature_grab1Celsius_BIN=High | steel_type=Arm500 | steel_weighttonn_BIN=Medium | swing_frequency_amount_minute_BIN=High | temperature_measurement1_Celsius_BIN=Low | temperature_measurement2_Celsius_BIN=Low | water_consumption_BIN=High | water_temperature_deltaCelsius_BIN=High | workpiece_slice_geometry=180x180,21.0,1.0,1.16,Ephemeral,2020-07-25,2020-07-25,False,2020-07-25,1.0,,,,,,,,,,,,,,,,,
life_track,RUL_BIN=Critical | RUL_BIN=Medium | alloy_speed_meter_minute_BIN=Medium | alloy_type=open | cast_in_row_BIN=Low | crystallizer_movementmm_BIN=Low | num_crystallizer_BIN=Low | num_crystallizer_BIN=Medium | num_stream_BIN=High | num_stream_BIN=Low | num_stream_BIN=Medium | resistance_tonn_BIN=Low | steel_temperature_grab1Celsius_BIN=High | steel_type=Arm500 | steel_weighttonn_BIN=High | swing_frequency_amount_minute_BIN=High | temperature_measurement1_Celsius_BIN=Low | temperature_measurement2_Celsius_BIN=Low | water_consumption_BIN=High | water_temperature_deltaCelsius_BIN=High | workpiece_slice_geometry=180x180,21.0,1.0,1.16,Ephemeral,2020-07-30,2020-07-30,False,2020-07-30,1.0,,,,,,,,,,,,,,,,,
life_track,RUL_BIN=Critical | RUL_BIN=Healthy | alloy_speed_meter_minute_BIN=Medium | alloy_type=open | cast_in_row_BIN=High | crystallizer_movementmm_BIN=High | num_crystallizer_BIN=High | num_crystallizer_BIN=Medium | num_stream_BIN=High | num_stream_BIN=Low | num_stream_BIN=Medium | resistance_tonn_BIN=Low | steel_temperature_grab1Celsius_BIN=High | steel_type=Arm500 | steel_weighttonn_BIN=High | swing_frequency_amount_minute_BIN=High | temperature_measurement1_Celsius_BIN=Low | temperature_measurement2_Celsius_BIN=Low | water_consumption_BIN=High | water_temperature_deltaCelsius_BIN=High | workpiece_slice_geometry=180x180,21.0,1.0,1.16,Ephemeral,2020-08-18,2020-08-18,False,2020-08-18,1.0,,,,,,,,,,,,,,,,,
life_track,RUL_BIN=Low | RUL_BIN=Medium | alloy_speed_meter_minute_BIN=Medium | alloy_type=open | cast_in_row_BIN=Low | cast_in_row_BIN=Medium | crystallizer_movementmm_BIN=Low | num_crystallizer_BIN=Low | num_crystallizer_BIN=Medium | num_stream_BIN=High | num_stream_BIN=Medium | resistance_tonn_BIN=Low | steel_temperature_grab1Celsius_BIN=High | steel_type=Arm500 | steel_weighttonn_BIN=High | swing_frequency_amount_minute_BIN=High | temperature_measurement1_Celsius_BIN=Low | temperature_measurement2_Celsius_BIN=Low | water_consumption_BIN=High | water_temperature_deltaCelsius_BIN=High | workpiece_slice_geometry=180x180,21.0,1.0,1.16,Ephemeral,2020-08-22,2020-08-22,False,2020-08-22,1.0,,,,,,,,,,,,,,,,,
life_track,RUL_BIN=Critical | alloy_speed_meter_minute_BIN=Medium | alloy_type=open | cast_in_row_BIN=Low | crystallizer_movementmm_BIN=Low | num_crystallizer_BIN=High | num_crystallizer_BIN=Low | num_crystallizer_BIN=Medium | num_stream_BIN=High | num_stream_BIN=Low | num_stream_BIN=Medium | resistance_tonn_BIN=Low | steel_temperature_grab1Celsius_BIN=High | steel_type=Arm500 | steel_weighttonn_BIN=High | swing_frequency_amount_minute_BIN=High | temperature_measurement1_Celsius_BIN=Low | temperature_measurement2_Celsius_BIN=Low | water_consumption_BIN=High | water_temperature_deltaCelsius_BIN=High | workpiece_slice_geometry=180x180,21.0,1.0,1.16,Ephemeral,2020-08-25,2020-08-25,False,2020-08-25,1.0,,,,,,,,,,,,,,,,,
life_track,RUL_BIN=Critical | alloy_speed_meter_minute_BIN=Medium | alloy_type=open | cast_in_row_BIN=Low | crystallizer_movementmm_BIN=High | num_crystallizer_BIN=High | num_crystallizer_BIN=Low | num_crystallizer_BIN=Medium | num_stream_BIN=High | num_stream_BIN=Low | num_stream_BIN=Medium | resistance_tonn_BIN=Low | steel_temperature_grab1Celsius_BIN=High | steel_type=Arm500 | steel_weighttonn_BIN=High | swing_frequency_amount_minute_BIN=High | temperature_measurement1_Celsius_BIN=Low | temperature_measurement2_Celsius_BIN=Low | water_consumption_BIN=High | water_temperature_deltaCelsius_BIN=High | workpiece_slice_geometry=180x180,21.0,1.0,1.16,Ephemeral,2020-08-26,2020-08-26,True,2020-08-26,1.0,,,,,,,,,,,,,,,,,
life_track,RUL_BIN=Critical | RUL_BIN=Healthy | alloy_speed_meter_minute_BIN=Medium | alloy_type=open | cast_in_row_BIN=Low | crystallizer_movementmm_BIN=High | num_crystallizer_BIN=High | num_crystallizer_BIN=Low | num_crystallizer_BIN=Medium | num_stream_BIN=High | num_stream_BIN=Low | num_stream_BIN=Medium | resistance_tonn_BIN=Low | steel_temperature_grab1Celsius_BIN=High | steel_type=Arm500 | steel_weighttonn_BIN=Medium | swing_frequency_amount_minute_BIN=Medium | temperature_measurement1_Celsius_BIN=Low | temperature_measurement2_Celsius_BIN=Low | water_consumption_BIN=High | water_temperature_deltaCelsius_BIN=High | workpiece_slice_geometry=180x180,22.0,1.0,1.16,Ephemeral,2020-01-06,2020-01-06,False,2020-01-06,1.0,,,,,,,,,,,,,,,,,
life_track,RUL_BIN=Critical | RUL_BIN=Healthy | RUL_BIN=Medium | alloy_speed_meter_minute_BIN=Medium | alloy_type=open | cast_in_row_BIN=Low | crystallizer_movementmm_BIN=Low | num_crystallizer_BIN=High | num_crystallizer_BIN=Low | num_stream_BIN=High | num_stream_BIN=Low | num_stream_BIN=Medium | resistance_tonn_BIN=Low | steel_temperature_grab1Celsius_BIN=High | steel_type=Arm500 | steel_weighttonn_BIN=High | swing_frequency_amount_minute_BIN=High | temperature_measurement1_Celsius_BIN=Low | temperature_measurement2_Celsius_BIN=Low | water_consumption_BIN=High | water_temperature_deltaCelsius_BIN=High | workpiece_slice_geometry=180x180,22.0,1.0,1.16,Ephemeral,2020-02-07,2020-02-07,False,2020-02-07,1.0,,,,,,,,,,,,,,,,,
life_track,RUL_BIN=Critical | RUL_BIN=Low | RUL_BIN=Medium | alloy_speed_meter_minute_BIN=Medium | alloy_type=open | cast_in_row_BIN=Medium | crystallizer_movementmm_BIN=Low | num_crystallizer_BIN=High | num_crystallizer_BIN=Low | num_stream_BIN=High | num_stream_BIN=Low | num_stream_BIN=Medium | resistance_tonn_BIN=Low | steel_temperature_grab1Celsius_BIN=High | steel_type=Arm500 | steel_weighttonn_BIN=Medium | swing_frequency_amount_minute_BIN=High | temperature_measurement1_Celsius_BIN=Low | temperature_measurement2_Celsius_BIN=Low | water_consumption_BIN=High | water_temperature_deltaCelsius_BIN=High | workpiece_slice_geometry=180x180,22.0,1.0,1.16,Ephemeral,2020-03-08,2020-03-08,False,2020-03-08,1.0,,,,,,,,,,,,,,,,,
life_track,RUL_BIN=Critical | RUL_BIN=Low | alloy_speed_meter_minute_BIN=Medium | alloy_type=open | cast_in_row_BIN=High | cast_in_row_BIN=Low | crystallizer_movementmm_BIN=Low | num_crystallizer_BIN=High | num_crystallizer_BIN=Low | num_stream_BIN=High | num_stream_BIN=Low | num_stream_BIN=Medium | resistance_tonn_BIN=Low | steel_temperature_grab1Celsius_BIN=High | steel_type=Arm500 | steel_weighttonn_BIN=Medium | swing_frequency_amount_minute_BIN=High | temperature_measurement1_Celsius_BIN=Low | temperature_measurement2_Celsius_BIN=Low | water_consumption_BIN=High | water_temperature_deltaCelsius_BIN=High | workpiece_slice_geometry=180x180,22.0,1.0,1.16,Ephemeral,2020-04-08,2020-04-08,False,2020-04-08,1.0,,,,,,,,,,,,,,,,,
life_track,RUL_BIN=Healthy | RUL_BIN=Medium | alloy_speed_meter_minute_BIN=Medium | alloy_type=open | cast_in_row_BIN=Low | crystallizer_movementmm_BIN=Low | num_crystallizer_BIN=High | num_crystallizer_BIN=Low | num_crystallizer_BIN=Medium | num_stream_BIN=High | num_stream_BIN=Low | num_stream_BIN=Medium | resistance_tonn_BIN=Low | steel_temperature_grab1Celsius_BIN=High | steel_type=Arm500 | steel_weighttonn_BIN=High | swing_frequency_amount_minute_BIN=High | temperature_measurement1_Celsius_BIN=Low | temperature_measurement2_Celsius_BIN=Low | water_consumption_BIN=High | water_temperature_deltaCelsius_BIN=High | workpiece_slice_geometry=180x180,22.0,1.0,1.16,Ephemeral,2020-05-14,2020-05-14,False,2020-05-14,1.0,,,,,,,,,,,,,,,,,
life_track,RUL_BIN=Healthy | RUL_BIN=Medium | alloy_speed_meter_minute_BIN=Medium | alloy_type=open | cast_in_row_BIN=Low | crystallizer_movementmm_BIN=Low | num_crystallizer_BIN=High | num_crystallizer_BIN=Low | num_crystallizer_BIN=Medium | num_stream_BIN=High | num_stream_BIN=Low | num_stream_BIN=Medium | resistance_tonn_BIN=Low | steel_temperature_grab1Celsius_BIN=High | steel_type=25G2S | steel_weighttonn_BIN=High | swing_frequency_amount_minute_BIN=Medium | temperature_measurement1_Celsius_BIN=Low | temperature_measurement2_Celsius_BIN=Low | water_consumption_BIN=High | water_temperature_deltaCelsius_BIN=High | workpiece_slice_geometry=180x180,22.0,1.0,1.16,Ephemeral,2020-05-15,2020-05-15,False,2020-05-15,1.0,,,,,,,,,,,,,,,,,
life_track,RUL_BIN=Healthy | RUL_BIN=Medium | alloy_speed_meter_minute_BIN=High | alloy_type=open | cast_in_row_BIN=Medium | crystallizer_movementmm_BIN=High | num_crystallizer_BIN=High | num_crystallizer_BIN=Low | num_crystallizer_BIN=Medium | num_stream_BIN=High | num_stream_BIN=Low | num_stream_BIN=Medium | resistance_tonn_BIN=Low | steel_temperature_grab1Celsius_BIN=High | steel_type=St4sp | steel_weighttonn_BIN=High | swing_frequency_amount_minute_BIN=Low | temperature_measurement1_Celsius_BIN=Low | temperature_measurement2_Celsius_BIN=Low | water_consumption_BIN=High | water_temperature_deltaCelsius_BIN=High | workpiece_slice_geometry=150x150,22.0,1.0,1.16,Ephemeral,2020-05-18,2020-05-18,False,2020-05-18,1.0,,,,,,,,,,,,,,,,,
life_track,RUL_BIN=Critical | RUL_BIN=Low | alloy_speed_meter_minute_BIN=High | alloy_type=open | cast_in_row_BIN=Medium | crystallizer_movementmm_BIN=High | num_crystallizer_BIN=High | num_crystallizer_BIN=Low | num_crystallizer_BIN=Medium | num_stream_BIN=High | num_stream_BIN=Low | num_stream_BIN=Medium | resistance_tonn_BIN=Low | steel_temperature_grab1Celsius_BIN=High | steel_type=St4sp | steel_weighttonn_BIN=High | swing_frequency_amount_minute_BIN=Low | temperature_measurement1_Celsius_BIN=Low | temperature_measurement2_Celsius_BIN=Low | water_consumption_BIN=High | water_temperature_deltaCelsius_BIN=High | workpiece_slice_geometry=150x150,22.0,1.0,1.16,Ephemeral,2020-05-26,2020-05-26,False,2020-05-26,1.0,,,,,,,,,,,,,,,,,
life_track,RUL_BIN=Critical | RUL_BIN=Healthy | RUL_BIN=Medium | alloy_speed_meter_minute_BIN=Medium | alloy_type=open | cast_in_row_BIN=Medium | crystallizer_movementmm_BIN=Low | num_crystallizer_BIN=Low | num_crystallizer_BIN=Medium | num_stream_BIN=High | num_stream_BIN=Low | num_stream_BIN=Medium | resistance_tonn_BIN=Low | steel_temperature_grab1Celsius_BIN=High | steel_type=Arm500 | steel_weighttonn_BIN=High | swing_frequency_amount_minute_BIN=Medium | temperature_measurement1_Celsius_BIN=Low | temperature_measurement2_Celsius_BIN=Low | water_consumption_BIN=High | water_temperature_deltaCelsius_BIN=High | workpiece_slice_geometry=180x180,22.0,1.0,1.16,Ephemeral,2020-05-31,2020-05-31,False,2020-05-31,1.0,,,,,,,,,,,,,,,,,
life_track,RUL_BIN=Critical | RUL_BIN=Low | alloy_speed_meter_minute_BIN=Medium | alloy_type=open | cast_in_row_BIN=Low | crystallizer_movementmm_BIN=High | num_crystallizer_BIN=High | num_crystallizer_BIN=Low | num_crystallizer_BIN=Medium | num_stream_BIN=High | num_stream_BIN=Low | num_stream_BIN=Medium | resistance_tonn_BIN=Low | steel_temperature_grab1Celsius_BIN=High | steel_type=Arm500 | steel_weighttonn_BIN=High | swing_frequency_amount_minute_BIN=High | temperature_measurement1_Celsius_BIN=Low | temperature_measurement2_Celsius_BIN=Low | water_consumption_BIN=High | water_temperature_deltaCelsius_BIN=High | workpiece_slice_geometry=180x180,22.0,1.0,1.16,Ephemeral,2020-06-08,2020-06-08,False,2020-06-08,1.0,,,,,,,,,,,,,,,,,
life_track,RUL_BIN=Healthy | alloy_speed_meter_minute_BIN=High | alloy_type=close | cast_in_row_BIN=Low | crystallizer_movementmm_BIN=Low | num_crystallizer_BIN=High | num_crystallizer_BIN=Low | num_crystallizer_BIN=Medium | num_stream_BIN=High | num_stream_BIN=Low | num_stream_BIN=Medium | resistance_tonn_BIN=Low | steel_temperature_grab1Celsius_BIN=High | steel_type=1010 | steel_weighttonn_BIN=High | swing_frequency_amount_minute_BIN=Medium | temperature_measurement1_Celsius_BIN=Low | temperature_measurement2_Celsius_BIN=Low | water_consumption_BIN=High | water_temperature_deltaCelsius_BIN=High | water_temperature_deltaCelsius_BIN=Low | workpiece_slice_geometry=150x150,22.0,1.0,1.16,Ephemeral,2020-07-05,2020-07-05,False,2020-07-05,1.0,,,,,,,,,,,,,,,,,
life_track,RUL_BIN=Healthy | RUL_BIN=Medium | alloy_speed_meter_minute_BIN=Medium | alloy_type=open | cast_in_row_BIN=High | crystallizer_movementmm_BIN=Low | num_crystallizer_BIN=High | num_crystallizer_BIN=Low | num_crystallizer_BIN=Medium | num_stream_BIN=High | num_stream_BIN=Low | num_stream_BIN=Medium | resistance_tonn_BIN=Low | steel_temperature_grab1Celsius_BIN=High | steel_type=Arm500 | steel_weighttonn_BIN=High | swing_frequency_amount_minute_BIN=High | temperature_measurement1_Celsius_BIN=Low | temperature_measurement2_Celsius_BIN=Low | water_consumption_BIN=High | water_temperature_deltaCelsius_BIN=High | workpiece_slice_geometry=180x180,22.0,1.0,1.16,Ephemeral,2020-07-14,2020-07-14,False,2020-07-14,1.0,,,,,,,,,,,,,,,,,
life_track,RUL_BIN=Healthy | RUL_BIN=Medium | alloy_speed_meter_minute_BIN=Medium | alloy_type=open | cast_in_row_BIN=Medium | crystallizer_movementmm_BIN=High | num_crystallizer_BIN=High | num_crystallizer_BIN=Low | num_crystallizer_BIN=Medium | num_stream_BIN=High | num_stream_BIN=Low | num_stream_BIN=Medium | resistance_tonn_BIN=Low | steel_temperature_grab1Celsius_BIN=High | steel_type=Arm500 | steel_weighttonn_BIN=High | swing_frequency_amount_minute_BIN=High | temperature_measurement1_Celsius_BIN=Low | temperature_measurement2_Celsius_BIN=Low | water_consumption_BIN=High | water_temperature_deltaCelsius_BIN=High | workpiece_slice_geometry=180x180,22.0,1.0,1.16,Ephemeral,2020-07-15,2020-07-15,False,2020-07-15,1.0,,,,,,,,,,,,,,,,,
life_track,RUL_BIN=Low | RUL_BIN=Medium | alloy_speed_meter_minute_BIN=Medium | alloy_type=open | cast_in_row_BIN=Medium | crystallizer_movementmm_BIN=High | num_crystallizer_BIN=High | num_crystallizer_BIN=Low | num_crystallizer_BIN=Medium | num_stream_BIN=High | num_stream_BIN=Low | num_stream_BIN=Medium | resistance_tonn_BIN=Low | steel_temperature_grab1Celsius_BIN=High | steel_type=Arm500 | steel_weighttonn_BIN=High | swing_frequency_amount_minute_BIN=High | temperature_measurement1_Celsius_BIN=Low | temperature_measurement2_Celsius_BIN=Low | water_consumption_BIN=High | water_temperature_deltaCelsius_BIN=High | workpiece_slice_geometry=180x180,22.0,1.0,1.16,Ephemeral,2020-07-19,2020-07-19,False,2020-07-19,1.0,,,,,,,,,,,,,,,,,
life_track,RUL_BIN=Low | RUL_BIN=Medium | alloy_speed_meter_minute_BIN=Medium | alloy_type=open | cast_in_row_BIN=Medium | crystallizer_movementmm_BIN=Low | num_crystallizer_BIN=High | num_crystallizer_BIN=Low | num_crystallizer_BIN=Medium | num_stream_BIN=High | num_stream_BIN=Low | num_stream_BIN=Medium | resistance_tonn_BIN=Low | steel_temperature_grab1Celsius_BIN=High | steel_type=Arm500 | steel_weighttonn_BIN=High | swing_frequency_amount_minute_BIN=High | temperature_measurement1_Celsius_BIN=Low | temperature_measurement2_Celsius_BIN=Low | water_consumption_BIN=High | water_temperature_deltaCelsius_BIN=High | workpiece_slice_geometry=180x180,22.0,1.0,1.16,Ephemeral,2020-07-22,2020-07-22,False,2020-07-22,1.0,,,,,,,,,,,,,,,,,
life_track,RUL_BIN=Critical | RUL_BIN=Low | alloy_speed_meter_minute_BIN=Medium | alloy_type=open | cast_in_row_BIN=Low | crystallizer_movementmm_BIN=Low | num_crystallizer_BIN=High | num_crystallizer_BIN=Low | num_crystallizer_BIN=Medium | num_stream_BIN=High | num_stream_BIN=Low | num_stream_BIN=Medium | resistance_tonn_BIN=Low | steel_temperature_grab1Celsius_BIN=High | steel_type=Arm500 | steel_weighttonn_BIN=High | swing_frequency_amount_minute_BIN=High | temperature_measurement1_Celsius_BIN=Low | temperature_measurement2_Celsius_BIN=Low | water_consumption_BIN=High | water_temperature_deltaCelsius_BIN=High | workpiece_slice_geometry=180x180,22.0,1.0,1.16,Ephemeral,2020-07-24,2020-07-24,False,2020-07-24,1.0,,,,,,,,,,,,,,,,,
life_track,RUL_BIN=Critical | RUL_BIN=Healthy | alloy_speed_meter_minute_BIN=Medium | alloy_type=open | cast_in_row_BIN=Low | crystallizer_movementmm_BIN=Low | num_crystallizer_BIN=High | num_crystallizer_BIN=Low | num_crystallizer_BIN=Medium | num_stream_BIN=High | num_stream_BIN=Low | num_stream_BIN=Medium | resistance_tonn_BIN=Low | steel_temperature_grab1Celsius_BIN=High | steel_type=Arm500 | steel_weighttonn_BIN=High | swing_frequency_amount_minute_BIN=High | temperature_measurement1_Celsius_BIN=Low | temperature_measurement2_Celsius_BIN=Low | water_consumption_BIN=High | water_temperature_deltaCelsius_BIN=High | workpiece_slice_geometry=180x180,22.0,1.0,1.16,Ephemeral,2020-07-28,2020-07-28,False,2020-07-28,1.0,,,,,,,,,,,,,,,,,
life_track,RUL_BIN=Critical | RUL_BIN=Healthy | RUL_BIN=Medium | alloy_speed_meter_minute_BIN=Medium | alloy_type=open | cast_in_row_BIN=Low | crystallizer_movementmm_BIN=Low | num_crystallizer_BIN=Low | num_crystallizer_BIN=Medium | num_stream_BIN=High | num_stream_BIN=Low | num_stream_BIN=Medium | resistance_tonn_BIN=Low | steel_temperature_grab1Celsius_BIN=High | steel_type=Arm500 | steel_weighttonn_BIN=High | swing_frequency_amount_minute_BIN=High | temperature_measurement1_Celsius_BIN=Low | temperature_measurement2_Celsius_BIN=Low | water_consumption_BIN=High | water_temperature_deltaCelsius_BIN=High | workpiece_slice_geometry=180x180,22.0,1.0,1.16,Ephemeral,2020-08-13,2020-08-13,False,2020-08-13,1.0,,,,,,,,,,,,,,,,,
life_track,RUL_BIN=Critical | RUL_BIN=Low | RUL_BIN=Medium | alloy_speed_meter_minute_BIN=Medium | alloy_type=open | cast_in_row_BIN=Medium | crystallizer_movementmm_BIN=Low | num_crystallizer_BIN=Low | num_crystallizer_BIN=Medium | num_stream_BIN=High | num_stream_BIN=Low | num_stream_BIN=Medium | resistance_tonn_BIN=Low | steel_temperature_grab1Celsius_BIN=High | steel_type=Arm500 | steel_weighttonn_BIN=High | swing_frequency_amount_minute_BIN=High | temperature_measurement1_Celsius_BIN=Low | temperature_measurement2_Celsius_BIN=Low | water_consumption_BIN=High | water_temperature_deltaCelsius_BIN=High | workpiece_slice_geometry=180x180,22.0,1.0,1.16,Ephemeral,2020-08-14,2020-08-14,False,2020-08-14,1.0,,,,,,,,,,,,,,,,,
life_track,RUL_BIN=Critical | RUL_BIN=Low | RUL_BIN=Medium | alloy_speed_meter_minute_BIN=Medium | alloy_type=open | cast_in_row_BIN=Low | crystallizer_movementmm_BIN=Low | num_crystallizer_BIN=High | num_crystallizer_BIN=Low | num_crystallizer_BIN=Medium | num_stream_BIN=High | num_stream_BIN=Medium | resistance_tonn_BIN=Low | steel_temperature_grab1Celsius_BIN=High | steel_type=Arm500 | steel_weighttonn_BIN=High | swing_frequency_amount_minute_BIN=High | temperature_measurement1_Celsius_BIN=Low | temperature_measurement2_Celsius_BIN=Low | water_consumption_BIN=High | water_temperature_deltaCelsius_BIN=High | workpiece_slice_geometry=180x180,22.0,1.0,1.16,Ephemeral,2020-08-23,2020-08-23,False,2020-08-23,1.0,,,,,,,,,,,,,,,,,
life_track,RUL_BIN=Critical | RUL_BIN=Healthy | RUL_BIN=Low | RUL_BIN=Medium | alloy_speed_meter_minute_BIN=Medium | alloy_type=open | cast_in_row_BIN=Medium | crystallizer_movementmm_BIN=Low | num_crystallizer_BIN=High | num_crystallizer_BIN=Low | num_stream_BIN=High | num_stream_BIN=Low | num_stream_BIN=Medium | resistance_tonn_BIN=Low | steel_temperature_grab1Celsius_BIN=High | steel_type=Arm500 | steel_weighttonn_BIN=High | swing_frequency_amount_minute_BIN=High | temperature_measurement1_Celsius_BIN=Low | temperature_measurement2_Celsius_BIN=Low | water_consumption_BIN=High | water_temperature_deltaCelsius_BIN=High | workpiece_slice_geometry=180x180,23.0,1.0,1.16,Ephemeral,2020-02-09,2020-02-09,False,2020-02-09,1.0,,,,,,,,,,,,,,,,,
life_track,RUL_BIN=Critical | RUL_BIN=Healthy | RUL_BIN=Low | RUL_BIN=Medium | alloy_speed_meter_minute_BIN=Medium | alloy_type=open | cast_in_row_BIN=Low | crystallizer_movementmm_BIN=Low | num_crystallizer_BIN=High | num_crystallizer_BIN=Low | num_stream_BIN=High | num_stream_BIN=Low | num_stream_BIN=Medium | resistance_tonn_BIN=Low | steel_temperature_grab1Celsius_BIN=High | steel_type=Arm500 | steel_weighttonn_BIN=High | swing_frequency_amount_minute_BIN=Medium | temperature_measurement1_Celsius_BIN=Low | temperature_measurement2_Celsius_BIN=Low | water_consumption_BIN=High | water_temperature_deltaCelsius_BIN=High | workpiece_slice_geometry=180x180,23.0,1.0,1.16,Ephemeral,2020-03-05,2020-03-05,False,2020-03-05,1.0,,,,,,,,,,,,,,,,,
life_track,RUL_BIN=Critical | RUL_BIN=Healthy | RUL_BIN=Medium | alloy_speed_meter_minute_BIN=Medium | alloy_type=open | cast_in_row_BIN=Low | crystallizer_movementmm_BIN=High | num_crystallizer_BIN=High | num_crystallizer_BIN=Low | num_stream_BIN=High | num_stream_BIN=Low | num_stream_BIN=Medium | resistance_tonn_BIN=Low | steel_temperature_grab1Celsius_BIN=High | steel_type=Arm500 | steel_weighttonn_BIN=High | steel_weighttonn_BIN=Medium | swing_frequency_amount_minute_BIN=High | temperature_measurement1_Celsius_BIN=Low | temperature_measurement2_Celsius_BIN=Low | water_consumption_BIN=High | water_temperature_deltaCelsius_BIN=High | workpiece_slice_geometry=180x180,23.0,1.0,1.16,Ephemeral,2020-05-07,2020-05-07,False,2020-05-07,1.0,,,,,,,,,,,,,,,,,
life_track,RUL_BIN=Critical | RUL_BIN=Healthy | RUL_BIN=Medium | alloy_speed_meter_minute_BIN=Medium | alloy_type=open | cast_in_row_BIN=Medium | crystallizer_movementmm_BIN=Low | num_crystallizer_BIN=High | num_crystallizer_BIN=Low | num_crystallizer_BIN=Medium | num_stream_BIN=High | num_stream_BIN=Low | num_stream_BIN=Medium | resistance_tonn_BIN=Low | steel_temperature_grab1Celsius_BIN=High | steel_type=Arm500 | steel_weighttonn_BIN=High | swing_frequency_amount_minute_BIN=High | temperature_measurement1_Celsius_BIN=Low | temperature_measurement2_Celsius_BIN=Low | water_consumption_BIN=High | water_temperature_deltaCelsius_BIN=High | workpiece_slice_geometry=180x180,23.0,1.0,1.16,Ephemeral,2020-05-09,2020-05-09,False,2020-05-09,1.0,,,,,,,,,,,,,,,,,
life_track,RUL_BIN=Healthy | RUL_BIN=Low | RUL_BIN=Medium | alloy_speed_meter_minute_BIN=Medium | alloy_type=open | cast_in_row_BIN=Low | crystallizer_movementmm_BIN=Low | num_crystallizer_BIN=High | num_crystallizer_BIN=Low | num_crystallizer_BIN=Medium | num_stream_BIN=High | num_stream_BIN=Low | num_stream_BIN=Medium | resistance_tonn_BIN=Low | steel_temperature_grab1Celsius_BIN=High | steel_type=1018 | steel_weighttonn_BIN=High | swing_frequency_amount_minute_BIN=Medium | temperature_measurement1_Celsius_BIN=Low | temperature_measurement2_Celsius_BIN=Low | water_consumption_BIN=High | water_temperature_deltaCelsius_BIN=High | workpiece_slice_geometry=180x180,23.0,1.0,1.16,Ephemeral,2020-05-16,2020-05-16,False,2020-05-16,1.0,,,,,,,,,,,,,,,,,
life_track,RUL_BIN=Healthy | RUL_BIN=Low | RUL_BIN=Medium | alloy_speed_meter_minute_BIN=Medium | alloy_type=open | cast_in_row_BIN=Low | crystallizer_movementmm_BIN=Low | num_crystallizer_BIN=High | num_crystallizer_BIN=Low | num_crystallizer_BIN=Medium | num_stream_BIN=High | num_stream_BIN=Low | num_stream_BIN=Medium | resistance_tonn_BIN=Low | steel_temperature_grab1Celsius_BIN=High | steel_type=Arm500 | steel_weighttonn_BIN=High | swing_frequency_amount_minute_BIN=Medium | temperature_measurement1_Celsius_BIN=Low | temperature_measurement2_Celsius_BIN=Low | water_consumption_BIN=High | water_temperature_deltaCelsius_BIN=High | workpiece_slice_geometry=180x180,23.0,1.0,1.16,Ephemeral,2020-05-17,2020-05-17,False,2020-05-17,1.0,,,,,,,,,,,,,,,,,
life_track,RUL_BIN=Critical | RUL_BIN=Low | RUL_BIN=Medium | alloy_speed_meter_minute_BIN=Medium | alloy_type=open | cast_in_row_BIN=Low | crystallizer_movementmm_BIN=Low | num_crystallizer_BIN=High | num_crystallizer_BIN=Low | num_crystallizer_BIN=Medium | num_stream_BIN=High | num_stream_BIN=Low | num_stream_BIN=Medium | resistance_tonn_BIN=Low | steel_temperature_grab1Celsius_BIN=High | steel_type=Arm500 | steel_weighttonn_BIN=High | swing_frequency_amount_minute_BIN=Medium | temperature_measurement1_Celsius_BIN=Low | temperature_measurement2_Celsius_BIN=Low | water_consumption_BIN=High | water_temperature_deltaCelsius_BIN=High | workpiece_slice_geometry=180x180,23.0,1.0,1.16,Ephemeral,2020-05-21,2020-05-21,False,2020-05-21,1.0,,,,,,,,,,,,,,,,,
life_track,RUL_BIN=Critical | RUL_BIN=Low | RUL_BIN=Medium | alloy_speed_meter_minute_BIN=Medium | alloy_type=open | cast_in_row_BIN=Low | crystallizer_movementmm_BIN=High | num_crystallizer_BIN=High | num_crystallizer_BIN=Medium | num_stream_BIN=High | num_stream_BIN=Low | num_stream_BIN=Medium | resistance_tonn_BIN=High | resistance_tonn_BIN=Low | steel_temperature_grab1Celsius_BIN=High | steel_type=1015 | steel_weighttonn_BIN=Medium | swing_frequency_amount_minute_BIN=Medium | temperature_measurement1_Celsius_BIN=Low | temperature_measurement2_Celsius_BIN=Low | water_consumption_BIN=High | water_temperature_deltaCelsius_BIN=High | workpiece_slice_geometry=180x180,23.0,1.0,1.16,Ephemeral,2020-05-30,2020-05-30,False,2020-05-30,1.0,,,,,,,,,,,,,,,,,
life_track,RUL_BIN=Critical | RUL_BIN=Low | RUL_BIN=Medium | alloy_speed_meter_minute_BIN=High | alloy_type=open | cast_in_row_BIN=Low | crystallizer_movementmm_BIN=High | num_crystallizer_BIN=High | num_crystallizer_BIN=Low | num_crystallizer_BIN=Medium | num_stream_BIN=High | num_stream_BIN=Low | num_stream_BIN=Medium | resistance_tonn_BIN=Low | steel_temperature_grab1Celsius_BIN=High | steel_type=St3sp | steel_weighttonn_BIN=High | swing_frequency_amount_minute_BIN=Low | temperature_measurement1_Celsius_BIN=Low | temperature_measurement2_Celsius_BIN=Low | water_consumption_BIN=High | water_temperature_deltaCelsius_BIN=High | workpiece_slice_geometry=150x150,23.0,1.0,1.16,Ephemeral,2020-06-05,2020-06-05,False,2020-06-05,1.0,,,,,,,,,,,,,,,,,
life_track,RUL_BIN=Healthy | RUL_BIN=Low | RUL_BIN=Medium | alloy_speed_meter_minute_BIN=Medium | alloy_type=open | cast_in_row_BIN=High | crystallizer_movementmm_BIN=High | num_crystallizer_BIN=High | num_crystallizer_BIN=Low | num_crystallizer_BIN=Medium | num_stream_BIN=High | num_stream_BIN=Low | num_stream_BIN=Medium | resistance_tonn_BIN=Low | steel_temperature_grab1Celsius_BIN=High | steel_type=Arm500 | steel_weighttonn_BIN=High | swing_frequency_amount_minute_BIN=High | temperature_measurement1_Celsius_BIN=Low | temperature_measurement2_Celsius_BIN=Low | water_consumption_BIN=High | water_temperature_deltaCelsius_BIN=High | workpiece_slice_geometry=180x180,23.0,1.0,1.16,Ephemeral,2020-07-17,2020-07-17,False,2020-07-17,1.0,,,,,,,,,,,,,,,,,
life_track,RUL_BIN=Critical | RUL_BIN=Low | RUL_BIN=Medium | alloy_speed_meter_minute_BIN=Medium | alloy_type=open | cast_in_row_BIN=Medium | crystallizer_movementmm_BIN=High | num_crystallizer_BIN=High | num_crystallizer_BIN=Low | num_crystallizer_BIN=Medium | num_stream_BIN=High | num_stream_BIN=Low | num_stream_BIN=Medium | resistance_tonn_BIN=Low | steel_temperature_grab1Celsius_BIN=High | steel_type=Arm500 | steel_weighttonn_BIN=Medium | swing_frequency_amount_minute_BIN=High | temperature_measurement1_Celsius_BIN=Low | temperature_measurement2_Celsius_BIN=Low | water_consumption_BIN=High | water_temperature_deltaCelsius_BIN=High | workpiece_slice_geometry=180x180,23.0,1.0,1.16,Ephemeral,2020-07-23,2020-07-23,False,2020-07-23,1.0,,,,,,,,,,,,,,,,,
life_track,RUL_BIN=Critical | RUL_BIN=Healthy | RUL_BIN=Medium | alloy_speed_meter_minute_BIN=Medium | alloy_type=open | cast_in_row_BIN=Medium | crystallizer_movementmm_BIN=High | num_crystallizer_BIN=High | num_crystallizer_BIN=Low | num_crystallizer_BIN=Medium | num_stream_BIN=High | num_stream_BIN=Low | num_stream_BIN=Medium | resistance_tonn_BIN=Low | steel_temperature_grab1Celsius_BIN=High | steel_type=Arm500 | steel_weighttonn_BIN=High | swing_frequency_amount_minute_BIN=High | temperature_measurement1_Celsius_BIN=Low | temperature_measurement2_Celsius_BIN=Low | water_consumption_BIN=High | water_temperature_deltaCelsius_BIN=High | workpiece_slice_geometry=180x180,23.0,1.0,1.16,Ephemeral,2020-07-29,2020-07-29,False,2020-07-29,1.0,,,,,,,,,,,,,,,,,
life_track,RUL_BIN=Critical | RUL_BIN=Healthy | RUL_BIN=Medium | alloy_speed_meter_minute_BIN=High | alloy_type=open | cast_in_row_BIN=Low | crystallizer_movementmm_BIN=Medium | num_crystallizer_BIN=High | num_crystallizer_BIN=Low | num_crystallizer_BIN=Medium | num_stream_BIN=High | num_stream_BIN=Low | num_stream_BIN=Medium | resistance_tonn_BIN=Low | steel_temperature_grab1Celsius_BIN=High | steel_type=St4sp | steel_weighttonn_BIN=High | swing_frequency_amount_minute_BIN=Low | temperature_measurement1_Celsius_BIN=Low | temperature_measurement2_Celsius_BIN=Low | water_consumption_BIN=High | water_temperature_deltaCelsius_BIN=High | workpiece_slice_geometry=150x150,23.0,1.0,1.16,Ephemeral,2020-08-05,2020-08-05,False,2020-08-05,1.0,,,,,,,,,,,,,,,,,
life_track,RUL_BIN=Critical | RUL_BIN=Healthy | RUL_BIN=Low | alloy_speed_meter_minute_BIN=Medium | alloy_type=open | cast_in_row_BIN=Low | crystallizer_movementmm_BIN=Low | num_crystallizer_BIN=High | num_crystallizer_BIN=Low | num_crystallizer_BIN=Medium | num_stream_BIN=High | num_stream_BIN=Low | num_stream_BIN=Medium | resistance_tonn_BIN=Low | steel_temperature_grab1Celsius_BIN=High | steel_type=25G2S | steel_weighttonn_BIN=High | swing_frequency_amount_minute_BIN=High | temperature_measurement1_Celsius_BIN=Low | temperature_measurement2_Celsius_BIN=Low | water_consumption_BIN=High | water_temperature_deltaCelsius_BIN=High | workpiece_slice_geometry=180x180,23.0,1.0,1.16,Ephemeral,2020-08-07,2020-08-07,False,2020-08-07,1.0,,,,,,,,,,,,,,,,,
life_track,RUL_BIN=Critical | RUL_BIN=Low | RUL_BIN=Medium | alloy_speed_meter_minute_BIN=Medium | alloy_type=open | cast_in_row_BIN=Medium | crystallizer_movementmm_BIN=Low | num_crystallizer_BIN=High | num_crystallizer_BIN=Low | num_crystallizer_BIN=Medium | num_stream_BIN=High | num_stream_BIN=Low | num_stream_BIN=Medium | resistance_tonn_BIN=Low | steel_temperature_grab1Celsius_BIN=High | steel_type=Arm500 | steel_weighttonn_BIN=High | swing_frequency_amount_minute_BIN=High | temperature_measurement1_Celsius_BIN=Low | temperature_measurement2_Celsius_BIN=Low | water_consumption_BIN=High | water_temperature_deltaCelsius_BIN=High | workpiece_slice_geometry=180x180,23.0,1.0,1.16,Ephemeral,2020-08-15,2020-08-15,False,2020-08-15,1.0,,,,,,,,,,,,,,,,,
life_track,RUL_BIN=Healthy | RUL_BIN=Low | RUL_BIN=Medium | alloy_speed_meter_minute_BIN=Medium | alloy_type=open | cast_in_row_BIN=Low | crystallizer_movementmm_BIN=Low | num_crystallizer_BIN=High | num_crystallizer_BIN=Low | num_crystallizer_BIN=Medium | num_stream_BIN=High | num_stream_BIN=Low | num_stream_BIN=Medium | resistance_tonn_BIN=Low | steel_temperature_grab1Celsius_BIN=High | steel_type=Arm500 | steel_weighttonn_BIN=High | swing_frequency_amount_minute_BIN=High | temperature_measurement1_Celsius_BIN=Low | temperature_measurement2_Celsius_BIN=Low | water_consumption_BIN=High | water_temperature_deltaCelsius_BIN=High | workpiece_slice_geometry=180x180,23.0,1.0,1.16,Ephemeral,2020-08-20,2020-08-20,False,2020-08-20,1.0,,,,,,,,,,,,,,,,,
life_track,RUL_BIN=Healthy | RUL_BIN=Low | RUL_BIN=Medium | alloy_speed_meter_minute_BIN=Medium | alloy_type=open | cast_in_row_BIN=Medium | crystallizer_movementmm_BIN=Low | num_crystallizer_BIN=High | num_crystallizer_BIN=Low | num_crystallizer_BIN=Medium | num_stream_BIN=High | num_stream_BIN=Low | num_stream_BIN=Medium | resistance_tonn_BIN=Low | steel_temperature_grab1Celsius_BIN=High | steel_type=Arm500 | steel_weighttonn_BIN=High | swing_frequency_amount_minute_BIN=High | temperature_measurement1_Celsius_BIN=Low | temperature_measurement2_Celsius_BIN=Low | water_consumption_BIN=High | water_temperature_deltaCelsius_BIN=High | workpiece_slice_geometry=180x180,23.0,1.0,1.16,Ephemeral,2020-08-21,2020-08-21,False,2020-08-21,1.0,,,,,,,,,,,,,,,,,
life_track,RUL_BIN=Critical | RUL_BIN=Healthy | RUL_BIN=Low | RUL_BIN=Medium | alloy_speed_meter_minute_BIN=High | alloy_type=open | cast_in_row_BIN=Medium | crystallizer_movementmm_BIN=High | num_crystallizer_BIN=High | num_crystallizer_BIN=Low | num_crystallizer_BIN=Medium | num_stream_BIN=High | num_stream_BIN=Low | num_stream_BIN=Medium | resistance_tonn_BIN=Low | steel_temperature_grab1Celsius_BIN=High | steel_type=St4sp | steel_weighttonn_BIN=High | swing_frequency_amount_minute_BIN=Low | temperature_measurement1_Celsius_BIN=Low | temperature_measurement2_Celsius_BIN=Low | water_consumption_BIN=High | water_temperature_deltaCelsius_BIN=High | workpiece_slice_geometry=150x150,24.0,1.0,1.16,Ephemeral,2020-05-22,2020-05-22,False,2020-05-22,1.0,,,,,,,,,,,,,,,,,
life_track,RUL_BIN=Critical | RUL_BIN=Healthy | RUL_BIN=Low | RUL_BIN=Medium | alloy_speed_meter_minute_BIN=High | alloy_type=open | cast_in_row_BIN=High | crystallizer_movementmm_BIN=Low | num_crystallizer_BIN=High | num_crystallizer_BIN=Low | num_crystallizer_BIN=Medium | num_stream_BIN=High | num_stream_BIN=Low | num_stream_BIN=Medium | resistance_tonn_BIN=Low | steel_temperature_grab1Celsius_BIN=High | steel_type=Arm500 | steel_weighttonn_BIN=High | swing_frequency_amount_minute_BIN=Low | temperature_measurement1_Celsius_BIN=Low | temperature_measurement2_Celsius_BIN=Low | water_consumption_BIN=High | water_temperature_deltaCelsius_BIN=High | workpiece_slice_geometry=150x150,24.0,1.0,1.16,Ephemeral,2020-05-27,2020-05-27,False,2020-05-27,1.0,,,,,,,,,,,,,,,,,
life_track,RUL_BIN=Critical | RUL_BIN=Healthy | RUL_BIN=Low | alloy_speed_meter_minute_BIN=Medium | alloy_type=open | cast_in_row_BIN=Low | cast_in_row_BIN=Medium | crystallizer_movementmm_BIN=High | num_crystallizer_BIN=High | num_crystallizer_BIN=Low | num_crystallizer_BIN=Medium | num_stream_BIN=High | num_stream_BIN=Low | num_stream_BIN=Medium | resistance_tonn_BIN=Low | steel_temperature_grab1Celsius_BIN=High | steel_type=Arm500 | steel_weighttonn_BIN=High | swing_frequency_amount_minute_BIN=High | temperature_measurement1_Celsius_BIN=Low | temperature_measurement2_Celsius_BIN=Low | water_consumption_BIN=High | water_temperature_deltaCelsius_BIN=High | workpiece_slice_geometry=180x180,24.0,1.0,1.16,Ephemeral,2020-07-27,2020-07-27,False,2020-07-27,1.0,,,,,,,,,,,,,,,,,
life_track,RUL_BIN=Critical | RUL_BIN=Healthy | RUL_BIN=Low | RUL_BIN=Medium | alloy_speed_meter_minute_BIN=Medium | alloy_type=open | cast_in_row_BIN=Medium | crystallizer_movementmm_BIN=Low | num_crystallizer_BIN=High | num_crystallizer_BIN=Low | num_crystallizer_BIN=Medium | num_stream_BIN=High | num_stream_BIN=Low | num_stream_BIN=Medium | resistance_tonn_BIN=Low | steel_temperature_grab1Celsius_BIN=High | steel_type=Arm500 | steel_weighttonn_BIN=High | swing_frequency_amount_minute_BIN=High | temperature_measurement1_Celsius_BIN=Low | temperature_measurement2_Celsius_BIN=Low | water_consumption_BIN=High | water_temperature_deltaCelsius_BIN=High | workpiece_slice_geometry=180x180,24.0,1.0,1.16,Ephemeral,2020-08-09,2020-08-09,False,2020-08-09,1.0,,,,,,,,,,,,,,,,,
life_track,RUL_BIN=Critical | RUL_BIN=Low | alloy_speed_meter_minute_BIN=Medium | alloy_type=open | cast_in_row_BIN=Low | crystallizer_movementmm_BIN=High | crystallizer_movementmm_BIN=Low | num_crystallizer_BIN=High | num_crystallizer_BIN=Low | num_crystallizer_BIN=Medium | num_stream_BIN=High | num_stream_BIN=Low | num_stream_BIN=Medium | resistance_tonn_BIN=Low | steel_temperature_grab1Celsius_BIN=High | steel_type=Arm500 | steel_weighttonn_BIN=High | steel_weighttonn_BIN=Medium | swing_frequency_amount_minute_BIN=High | temperature_measurement1_Celsius_BIN=Low | temperature_measurement2_Celsius_BIN=Low | water_consumption_BIN=High | water_temperature_deltaCelsius_BIN=High | workpiece_slice_geometry=180x180,24.0,1.0,1.16,Ephemeral,2020-08-24,2020-08-24,False,2020-08-24,1.0,,,,,,,,,,,,,,,,,
life_track,RUL_BIN=Critical | RUL_BIN=Low | RUL_BIN=Medium | alloy_speed_meter_minute_BIN=Medium | alloy_type=open | cast_in_row_BIN=Low | cast_in_row_BIN=Medium | crystallizer_movementmm_BIN=High | crystallizer_movementmm_BIN=Low | num_crystallizer_BIN=High | num_crystallizer_BIN=Low | num_crystallizer_BIN=Medium | num_stream_BIN=High | num_stream_BIN=Low | num_stream_BIN=Medium | resistance_tonn_BIN=Low | steel_temperature_grab1Celsius_BIN=High | steel_type=Arm500 | steel_weighttonn_BIN=Medium | swing_frequency_amount_minute_BIN=High | temperature_measurement1_Celsius_BIN=Low | temperature_measurement2_Celsius_BIN=Low | water_consumption_BIN=High | water_temperature_deltaCelsius_BIN=High | workpiece_slice_geometry=180x180,25.0,1.0,1.16,Ephemeral,2020-07-31,2020-07-31,False,2020-07-31,1.0,,,,,,,,,,,,,,,,,
births_deaths,,,,,,,,,,,2020-01-05,7.0,7.0,7.0,,,,,,,,,,,,,
births_deaths,,,,,,,,,,,2020-01-06,13.0,13.0,13.0,,,,,,,,,,,,,
births_deaths,,,,,,,,,,,2020-01-07,6.0,6.0,6.0,,,,,,,,,,,,,
births_deaths,,,,,,,,,,,2020-01-08,6.0,1.0,6.0,,,,,,,,,,,,,
births_deaths,,,,,,,,,,,2020-01-09,6.0,1.0,6.0,,,,,,,,,,,,,
births_deaths,,,,,,,,,,,2020-01-10,12.0,10.0,12.0,,,,,,,,,,,,,
births_deaths,,,,,,,,,,,2020-02-05,15.0,1.0,15.0,,,,,,,,,,,,,
births_deaths,,,,,,,,,,,2020-02-07,18.0,4.0,19.0,,,,,,,,,,,,,
births_deaths,,,,,,,,,,,2020-02-08,14.0,9.0,14.0,,,,,,,,,,,,,
births_deaths,,,,,,,,,,,2020-02-09,18.0,5.0,18.0,,,,,,,,,,,,,
births_deaths,,,,,,,,,,,2020-02-10,13.0,9.0,13.0,,,,,,,,,,,,,
births_deaths,,,,,,,,,,,2020-03-05,12.0,6.0,21.0,,,,,,,,,,,,,
births_deaths,,,,,,,,,,,2020-03-07,16.0,9.0,16.0,,,,,,,,,,,,,
births_deaths,,,,,,,,,,,2020-03-08,21.0,21.0,27.0,,,,,,,,,,,,,
births_deaths,,,,,,,,,,,2020-03-09,12.0,2.0,13.0,,,,,,,,,,,,,
births_deaths,,,,,,,,,,,2020-04-07,7.0,7.0,8.0,,,,,,,,,,,,,
births_deaths,,,,,,,,,,,2020-04-08,12.0,12.0,12.0,,,,,,,,,,,,,
births_deaths,,,,,,,,,,,2020-04-09,1.0,8.0,8.0,,,,,,,,,,,,,
births_deaths,,,,,,,,,,,2020-05-05,9.0,9.0,9.0,,,,,,,,,,,,,
births_deaths,,,,,,,,,,,2020-05-07,14.0,16.0,17.0,,,,,,,,,,,,,
births_deaths,,,,,,,,,,,2020-05-08,10.0,5.0,13.0,,,,,,,,,,,,,
births_deaths,,,,,,,,,,,2020-05-09,18.0,18.0,30.0,,,,,,,,,,,,,
births_deaths,,,,,,,,,,,2020-05-13,4.0,3.0,8.0,,,,,,,,,,,,,
births_deaths,,,,,,,,,,,2020-05-14,6.0,1.0,13.0,,,,,,,,,,,,,
births_deaths,,,,,,,,,,,2020-05-15,12.0,12.0,12.0,,,,,,,,,,,,,
births_deaths,,,,,,,,,,,2020-05-16,12.0,12.0,12.0,,,,,,,,,,,,,
births_deaths,,,,,,,,,,,2020-05-17,9.0,15.0,28.0,,,,,,,,,,,,,
births_deaths,,,,,,,,,,,2020-05-18,17.0,11.0,17.0,,,,,,,,,,,,,
births_deaths,,,,,,,,,,,2020-05-19,12.0,2.0,26.0,,,,,,,,,,,,,
births_deaths,,,,,,,,,,,2020-05-20,1.0,0.0,12.0,,,,,,,,,,,,,
births_deaths,,,,,,,,,,,2020-05-21,7.0,20.0,28.0,,,,,,,,,,,,,
births_deaths,,,,,,,,,,,2020-05-22,20.0,15.0,26.0,,,,,,,,,,,,,
births_deaths,,,,,,,,,,,2020-05-23,2.0,14.0,14.0,,,,,,,,,,,,,
births_deaths,,,,,,,,,,,2020-05-24,4.0,0.0,13.0,,,,,,,,,,,,,
births_deaths,,,,,,,,,,,2020-05-25,9.0,1.0,28.0,,,,,,,,,,,,,
births_deaths,,,,,,,,,,,2020-05-26,6.0,17.0,17.0,,,,,,,,,,,,,
births_deaths,,,,,,,,,,,2020-05-27,20.0,20.0,20.0,,,,,,,,,,,,,
births_deaths,,,,,,,,,,,2020-05-28,8.0,7.0,8.0,,,,,,,,,,,,,
births_deaths,,,,,,,,,,,2020-05-29,3.0,1.0,8.0,,,,,,,,,,,,,
births_deaths,,,,,,,,,,,2020-05-30,17.0,17.0,17.0,,,,,,,,,,,,,
births_deaths,,,,,,,,,,,2020-05-31,11.0,12.0,12.0,,,,,,,,,,,,,
births_deaths,,,,,,,,,,,2020-06-05,19.0,19.0,19.0,,,,,,,,,,,,,
births_deaths,,,,,,,,,,,2020-06-07,2.0,3.0,12.0,,,,,,,,,,,,,
births_deaths,,,,,,,,,,,2020-06-08,11.0,5.0,14.0,,,,,,,,,,,,,
births_deaths,,,,,,,,,,,2020-06-09,6.0,6.0,6.0,,,,,,,,,,,,,
births_deaths,,,,,,,,,,,2020-07-05,14.0,14.0,14.0,,,,,,,,,,,,,
births_deaths,,,,,,,,,,,2020-07-07,8.0,1.0,8.0,,,,,,,,,,,,,
births_deaths,,,,,,,,,,,2020-07-08,3.0,4.0,9.0,,,,,,,,,,,,,
births_deaths,,,,,,,,,,,2020-07-09,10.0,10.0,10.0,,,,,,,,,,,,,
births_deaths,,,,,,,,,,,2020-07-13,8.0,7.0,15.0,,,,,,,,,,,,,
births_deaths,,,,,,,,,,,2020-07-14,23.0,23.0,23.0,,,,,,,,,,,,,
births_deaths,,,,,,,,,,,2020-07-15,14.0,12.0,22.0,,,,,,,,,,,,,
births_deaths,,,,,,,,,,,2020-07-16,3.0,4.0,13.0,,,,,,,,,,,,,
births_deaths,,,,,,,,,,,2020-07-17,18.0,16.0,18.0,,,,,,,,,,,,,
births_deaths,,,,,,,,,,,2020-07-18,3.0,2.0,12.0,,,,,,,,,,,,,
births_deaths,,,,,,,,,,,2020-07-19,11.0,12.0,18.0,,,,,,,,,,,,,
births_deaths,,,,,,,,,,,2020-07-20,2.0,4.0,18.0,,,,,,,,,,,,,
births_deaths,,,,,,,,,,,2020-07-21,0.0,2.0,11.0,,,,,,,,,,,,,
births_deaths,,,,,,,,,,,2020-07-22,6.0,5.0,11.0,,,,,,,,,,,,,
births_deaths,,,,,,,,,,,2020-07-23,18.0,14.0,18.0,,,,,,,,,,,,,
births_deaths,,,,,,,,,,,2020-07-24,4.0,9.0,23.0,,,,,,,,,,,,,
births_deaths,,,,,,,,,,,2020-07-25,10.0,14.0,14.0,,,,,,,,,,,,,
births_deaths,,,,,,,,,,,2020-07-26,1.0,2.0,16.0,,,,,,,,,,,,,
births_deaths,,,,,,,,,,,2020-07-27,10.0,16.0,17.0,,,,,,,,,,,,,
births_deaths,,,,,,,,,,,2020-07-28,1.0,6.0,16.0,,,,,,,,,,,,,
births_deaths,,,,,,,,,,,2020-07-29,9.0,18.0,18.0,,,,,,,,,,,,,
births_deaths,,,,,,,,,,,2020-07-30,2.0,1.0,12.0,,,,,,,,,,,,,
births_deaths,,,,,,,,,,,2020-07-31,21.0,18.0,24.0,,,,,,,,,,,,,
births_deaths,,,,,,,,,,,2020-08-05,15.0,15.0,15.0,,,,,,,,,,,,,
births_deaths,,,,,,,,,,,2020-08-07,18.0,18.0,18.0,,,,,,,,,,,,,
births_deaths,,,,,,,,,,,2020-08-08,1.0,6.0,15.0,,,,,,,,,,,,,
births_deaths,,,,,,,,,,,2020-08-09,7.0,5.0,18.0,,,,,,,,,,,,,
births_deaths,,,,,,,,,,,2020-08-13,1.0,9.0,13.0,,,,,,,,,,,,,
births_deaths,,,,,,,,,,,2020-08-14,1.0,1.0,13.0,,,,,,,,,,,,,
births_deaths,,,,,,,,,,,2020-08-15,1.0,11.0,16.0,,,,,,,,,,,,,
births_deaths,,,,,,,,,,,2020-08-16,4.0,0.0,9.0,,,,,,,,,,,,,
births_deaths,,,,,,,,,,,2020-08-17,1.0,12.0,12.0,,,,,,,,,,,,,
births_deaths,,,,,,,,,,,2020-08-18,7.0,9.0,9.0,,,,,,,,,,,,,
births_deaths,,,,,,,,,,,2020-08-19,1.0,4.0,8.0,,,,,,,,,,,,,
births_deaths,,,,,,,,,,,2020-08-20,3.0,7.0,8.0,,,,,,,,,,,,,
births_deaths,,,,,,,,,,,2020-08-21,2.0,11.0,13.0,,,,,,,,,,,,,
births_deaths,,,,,,,,,,,2020-08-22,5.0,8.0,8.0,,,,,,,,,,,,,
births_deaths,,,,,,,,,,,2020-08-23,1.0,4.0,6.0,,,,,,,,,,,,,
births_deaths,,,,,,,,,,,2020-08-24,11.0,16.0,17.0,,,,,,,,,,,,,
births_deaths,,,,,,,,,,,2020-08-25,1.0,11.0,11.0,,,,,,,,,,,,,
births_deaths,,,,,,,,,,,2020-08-26,7.0,11.0,11.0,,,,,,,,,,,,,
prevalence,,,,,,,,,,,2020-01-05,,,,alloy_speed_meter_minute_BIN,High,100.0,7.0,,,,,,,,,
prevalence,,,,,,,,,,,2020-01-05,,,,alloy_type,open,100.0,7.0,,,,,,,,,
prevalence,,,,,,,,,,,2020-01-05,,,,cast_in_row_BIN,Low,100.0,7.0,,,,,,,,,
prevalence,,,,,,,,,,,2020-01-05,,,,crystallizer_movementmm_BIN,Medium,100.0,7.0,,,,,,,,,
prevalence,,,,,,,,,,,2020-01-05,,,,resistance_tonn_BIN,Low,100.0,7.0,,,,,,,,,
prevalence,,,,,,,,,,,2020-01-05,,,,steel_temperature_grab1Celsius_BIN,High,100.0,7.0,,,,,,,,,
prevalence,,,,,,,,,,,2020-01-05,,,,steel_type,St3sp,100.0,7.0,,,,,,,,,
prevalence,,,,,,,,,,,2020-01-05,,,,steel_weighttonn_BIN,High,100.0,7.0,,,,,,,,,
prevalence,,,,,,,,,,,2020-01-05,,,,swing_frequency_amount_minute_BIN,Medium,100.0,7.0,,,,,,,,,
prevalence,,,,,,,,,,,2020-01-05,,,,temperature_measurement1_Celsius_BIN,Low,100.0,7.0,,,,,,,,,
prevalence,,,,,,,,,,,2020-01-05,,,,temperature_measurement2_Celsius_BIN,Low,100.0,7.0,,,,,,,,,
prevalence,,,,,,,,,,,2020-01-05,,,,water_consumption_BIN,High,100.0,7.0,,,,,,,,,
prevalence,,,,,,,,,,,2020-01-05,,,,water_temperature_deltaCelsius_BIN,High,100.0,7.0,,,,,,,,,
prevalence,,,,,,,,,,,2020-01-05,,,,workpiece_slice_geometry,150x150,100.0,7.0,,,,,,,,,
prevalence,,,,,,,,,,,2020-01-05,,,,num_crystallizer_BIN,Low,57.14,7.0,,,,,,,,,
prevalence,,,,,,,,,,,2020-01-05,,,,num_stream_BIN,Low,57.14,7.0,,,,,,,,,
prevalence,,,,,,,,,,,2020-01-05,,,,RUL_BIN,Medium,57.14,7.0,,,,,,,,,
prevalence,,,,,,,,,,,2020-01-05,,,,num_crystallizer_BIN,High,28.57,7.0,,,,,,,,,
prevalence,,,,,,,,,,,2020-01-05,,,,num_stream_BIN,Medium,28.57,7.0,,,,,,,,,
prevalence,,,,,,,,,,,2020-01-05,,,,RUL_BIN,Low,28.57,7.0,,,,,,,,,
prevalence,,,,,,,,,,,2020-01-06,,,,alloy_speed_meter_minute_BIN,Medium,100.0,13.0,,,,,,,,,
prevalence,,,,,,,,,,,2020-01-06,,,,alloy_type,open,100.0,13.0,,,,,,,,,
prevalence,,,,,,,,,,,2020-01-06,,,,cast_in_row_BIN,Low,100.0,13.0,,,,,,,,,
prevalence,,,,,,,,,,,2020-01-06,,,,crystallizer_movementmm_BIN,High,100.0,13.0,,,,,,,,,
prevalence,,,,,,,,,,,2020-01-06,,,,resistance_tonn_BIN,Low,100.0,13.0,,,,,,,,,
prevalence,,,,,,,,,,,2020-01-06,,,,steel_temperature_grab1Celsius_BIN,High,100.0,13.0,,,,,,,,,
prevalence,,,,,,,,,,,2020-01-06,,,,steel_type,Arm500,100.0,13.0,,,,,,,,,
prevalence,,,,,,,,,,,2020-01-06,,,,steel_weighttonn_BIN,Medium,100.0,13.0,,,,,,,,,
prevalence,,,,,,,,,,,2020-01-06,,,,swing_frequency_amount_minute_BIN,Medium,100.0,13.0,,,,,,,,,
prevalence,,,,,,,,,,,2020-01-06,,,,temperature_measurement1_Celsius_BIN,Low,100.0,13.0,,,,,,,,,
prevalence,,,,,,,,,,,2020-01-06,,,,temperature_measurement2_Celsius_BIN,Low,100.0,13.0,,,,,,,,,
prevalence,,,,,,,,,,,2020-01-06,,,,water_consumption_BIN,High,100.0,13.0,,,,,,,,,
prevalence,,,,,,,,,,,2020-01-06,,,,water_temperature_deltaCelsius_BIN,High,100.0,13.0,,,,,,,,,
prevalence,,,,,,,,,,,2020-01-06,,,,workpiece_slice_geometry,180x180,100.0,13.0,,,,,,,,,
prevalence,,,,,,,,,,,2020-01-06,,,,num_stream_BIN,Medium,30.77,13.0,,,,,,,,,
prevalence,,,,,,,,,,,2020-01-06,,,,num_stream_BIN,Low,30.77,13.0,,,,,,,,,
prevalence,,,,,,,,,,,2020-01-06,,,,num_crystallizer_BIN,High,30.77,13.0,,,,,,,,,
prevalence,,,,,,,,,,,2020-01-06,,,,RUL_BIN,Healthy,46.15,13.0,,,,,,,,,
prevalence,,,,,,,,,,,2020-01-06,,,,num_crystallizer_BIN,Medium,30.77,13.0,,,,,,,,,
prevalence,,,,,,,,,,,2020-01-06,,,,num_stream_BIN,High,15.38,13.0,,,,,,,,,
prevalence,,,,,,,,,,,2020-01-06,,,,RUL_BIN,Critical,30.77,13.0,,,,,,,,,
prevalence,,,,,,,,,,,2020-01-06,,,,num_crystallizer_BIN,Low,15.38,13.0,,,,,,,,,
prevalence,,,,,,,,,,,2020-01-07,,,,RUL_BIN,Healthy,100.0,6.0,,,,,,,,,
prevalence,,,,,,,,,,,2020-01-07,,,,alloy_speed_meter_minute_BIN,Medium,100.0,6.0,,,,,,,,,
prevalence,,,,,,,,,,,2020-01-07,,,,alloy_type,open,100.0,6.0,,,,,,,,,
prevalence,,,,,,,,,,,2020-01-07,,,,cast_in_row_BIN,Low,100.0,6.0,,,,,,,,,
prevalence,,,,,,,,,,,2020-01-07,,,,crystallizer_movementmm_BIN,High,100.0,6.0,,,,,,,,,
prevalence,,,,,,,,,,,2020-01-07,,,,resistance_tonn_BIN,Low,100.0,6.0,,,,,,,,,
prevalence,,,,,,,,,,,2020-01-07,,,,steel_temperature_grab1Celsius_BIN,High,100.0,6.0,,,,,,,,,
prevalence,,,,,,,,,,,2020-01-07,,,,steel_type,Arm500,100.0,6.0,,,,,,,,,
prevalence,,,,,,,,,,,2020-01-07,,,,steel_weighttonn_BIN,High,100.0,6.0,,,,,,,,,
prevalence,,,,,,,,,,,2020-01-07,,,,swing_frequency_amount_minute_BIN,High,100.0,6.0,,,,,,,,,
prevalence,,,,,,,,,,,2020-01-07,,,,temperature_measurement1_Celsius_BIN,Low,100.0,6.0,,,,,,,,,
prevalence,,,,,,,,,,,2020-01-07,,,,temperature_measurement2_Celsius_BIN,Low,100.0,6.0,,,,,,,,,
prevalence,,,,,,,,,,,2020-01-07,,,,water_consumption_BIN,High,100.0,6.0,,,,,,,,,
prevalence,,,,,,,,,,,2020-01-07,,,,water_temperature_deltaCelsius_BIN,High,100.0,6.0,,,,,,,,,
prevalence,,,,,,,,,,,2020-01-07,,,,workpiece_slice_geometry,180x180,100.0,6.0,,,,,,,,,
prevalence,,,,,,,,,,,2020-01-07,,,,num_crystallizer_BIN,Medium,66.67,6.0,,,,,,,,,
prevalence,,,,,,,,,,,2020-01-07,,,,num_stream_BIN,Medium,33.33,6.0,,,,,,,,,
prevalence,,,,,,,,,,,2020-01-07,,,,num_stream_BIN,Low,33.33,6.0,,,,,,,,,
prevalence,,,,,,,,,,,2020-01-07,,,,num_crystallizer_BIN,High,33.33,6.0,,,,,,,,,
prevalence,,,,,,,,,,,2020-01-07,,,,num_stream_BIN,High,33.33,6.0,,,,,,,,,
prevalence,,,,,,,,,,,2020-01-08,,,,RUL_BIN,Medium,100.0,6.0,,,,,,,,,
prevalence,,,,,,,,,,,2020-01-08,,,,alloy_speed_meter_minute_BIN,Medium,100.0,6.0,,,,,,,,,
prevalence,,,,,,,,,,,2020-01-08,,,,alloy_type,open,100.0,6.0,,,,,,,,,
prevalence,,,,,,,,,,,2020-01-08,,,,cast_in_row_BIN,Low,100.0,6.0,,,,,,,,,
prevalence,,,,,,,,,,,2020-01-08,,,,crystallizer_movementmm_BIN,Low,100.0,6.0,,,,,,,,,
prevalence,,,,,,,,,,,2020-01-08,,,,resistance_tonn_BIN,Low,100.0,6.0,,,,,,,,,
prevalence,,,,,,,,,,,2020-01-08,,,,steel_temperature_grab1Celsius_BIN,High,100.0,6.0,,,,,,,,,
prevalence,,,,,,,,,,,2020-01-08,,,,steel_type,Arm500,100.0,6.0,,,,,,,,,
prevalence,,,,,,,,,,,2020-01-08,,,,steel_weighttonn_BIN,High,100.0,6.0,,,,,,,,,
prevalence,,,,,,,,,,,2020-01-08,,,,swing_frequency_amount_minute_BIN,High,100.0,6.0,,,,,,,,,
prevalence,,,,,,,,,,,2020-01-08,,,,temperature_measurement1_Celsius_BIN,Low,100.0,6.0,,,,,,,,,
prevalence,,,,,,,,,,,2020-01-08,,,,temperature_measurement2_Celsius_BIN,Low,100.0,6.0,,,,,,,,,
prevalence,,,,,,,,,,,2020-01-08,,,,water_consumption_BIN,High,100.0,6.0,,,,,,,,,
prevalence,,,,,,,,,,,2020-01-08,,,,water_temperature_deltaCelsius_BIN,High,100.0,6.0,,,,,,,,,
prevalence,,,,,,,,,,,2020-01-08,,,,workpiece_slice_geometry,180x180,100.0,6.0,,,,,,,,,
prevalence,,,,,,,,,,,2020-01-08,,,,num_crystallizer_BIN,Medium,66.67,6.0,,,,,,,,,
prevalence,,,,,,,,,,,2020-01-08,,,,num_stream_BIN,Medium,33.33,6.0,,,,,,,,,
prevalence,,,,,,,,,,,2020-01-08,,,,num_stream_BIN,Low,33.33,6.0,,,,,,,,,
prevalence,,,,,,,,,,,2020-01-08,,,,num_crystallizer_BIN,High,33.33,6.0,,,,,,,,,
prevalence,,,,,,,,,,,2020-01-08,,,,num_stream_BIN,High,33.33,6.0,,,,,,,,,
prevalence,,,,,,,,,,,2020-01-09,,,,RUL_BIN,Low,100.0,6.0,,,,,,,,,
prevalence,,,,,,,,,,,2020-01-09,,,,alloy_speed_meter_minute_BIN,Medium,100.0,6.0,,,,,,,,,
prevalence,,,,,,,,,,,2020-01-09,,,,alloy_type,open,100.0,6.0,,,,,,,,,
prevalence,,,,,,,,,,,2020-01-09,,,,cast_in_row_BIN,Low,100.0,6.0,,,,,,,,,
prevalence,,,,,,,,,,,2020-01-09,,,,crystallizer_movementmm_BIN,Low,100.0,6.0,,,,,,,,,
prevalence,,,,,,,,,,,2020-01-09,,,,resistance_tonn_BIN,Low,100.0,6.0,,,,,,,,,
prevalence,,,,,,,,,,,2020-01-09,,,,steel_temperature_grab1Celsius_BIN,High,100.0,6.0,,,,,,,,,
prevalence,,,,,,,,,,,2020-01-09,,,,steel_type,Arm500,100.0,6.0,,,,,,,,,
prevalence,,,,,,,,,,,2020-01-09,,,,steel_weighttonn_BIN,High,100.0,6.0,,,,,,,,,
prevalence,,,,,,,,,,,2020-01-09,,,,swing_frequency_amount_minute_BIN,High,100.0,6.0,,,,,,,,,
prevalence,,,,,,,,,,,2020-01-09,,,,temperature_measurement1_Celsius_BIN,Low,100.0,6.0,,,,,,,,,
prevalence,,,,,,,,,,,2020-01-09,,,,temperature_measurement2_Celsius_BIN,Low,100.0,6.0,,,,,,,,,
prevalence,,,,,,,,,,,2020-01-09,,,,water_consumption_BIN,High,100.0,6.0,,,,,,,,,
prevalence,,,,,,,,,,,2020-01-09,,,,water_temperature_deltaCelsius_BIN,High,100.0,6.0,,,,,,,,,
prevalence,,,,,,,,,,,2020-01-09,,,,workpiece_slice_geometry,180x180,100.0,6.0,,,,,,,,,
prevalence,,,,,,,,,,,2020-01-09,,,,num_crystallizer_BIN,Medium,66.67,6.0,,,,,,,,,
prevalence,,,,,,,,,,,2020-01-09,,,,num_stream_BIN,Medium,33.33,6.0,,,,,,,,,
prevalence,,,,,,,,,,,2020-01-09,,,,num_stream_BIN,Low,33.33,6.0,,,,,,,,,
prevalence,,,,,,,,,,,2020-01-09,,,,num_crystallizer_BIN,High,33.33,6.0,,,,,,,,,
prevalence,,,,,,,,,,,2020-01-09,,,,num_stream_BIN,High,33.33,6.0,,,,,,,,,
prevalence,,,,,,,,,,,2020-01-10,,,,RUL_BIN,Critical,100.0,12.0,,,,,,,,,
prevalence,,,,,,,,,,,2020-01-10,,,,alloy_speed_meter_minute_BIN,Medium,100.0,12.0,,,,,,,,,
prevalence,,,,,,,,,,,2020-01-10,,,,alloy_type,open,100.0,12.0,,,,,,,,,
prevalence,,,,,,,,,,,2020-01-10,,,,cast_in_row_BIN,Medium,100.0,12.0,,,,,,,,,
prevalence,,,,,,,,,,,2020-01-10,,,,crystallizer_movementmm_BIN,Low,100.0,12.0,,,,,,,,,
prevalence,,,,,,,,,,,2020-01-10,,,,resistance_tonn_BIN,Low,100.0,12.0,,,,,,,,,
prevalence,,,,,,,,,,,2020-01-10,,,,steel_temperature_grab1Celsius_BIN,High,100.0,12.0,,,,,,,,,
prevalence,,,,,,,,,,,2020-01-10,,,,steel_type,Arm500,100.0,12.0,,,,,,,,,
prevalence,,,,,,,,,,,2020-01-10,,,,swing_frequency_amount_minute_BIN,High,100.0,12.0,,,,,,,,,
prevalence,,,,,,,,,,,2020-01-10,,,,temperature_measurement1_Celsius_BIN,Low,100.0,12.0,,,,,,,,,
prevalence,,,,,,,,,,,2020-01-10,,,,temperature_measurement2_Celsius_BIN,Low,100.0,12.0,,,,,,,,,
prevalence,,,,,,,,,,,2020-01-10,,,,water_consumption_BIN,High,100.0,12.0,,,,,,,,,
prevalence,,,,,,,,,,,2020-01-10,,,,water_temperature_deltaCelsius_BIN,High,100.0,12.0,,,,,,,,,
prevalence,,,,,,,,,,,2020-01-10,,,,workpiece_slice_geometry,180x180,100.0,12.0,,,,,,,,,
prevalence,,,,,,,,,,,2020-01-10,,,,num_crystallizer_BIN,Medium,66.67,12.0,,,,,,,,,
prevalence,,,,,,,,,,,2020-01-10,,,,num_stream_BIN,Medium,33.33,12.0,,,,,,,,,
prevalence,,,,,,,,,,,2020-01-10,,,,steel_weighttonn_BIN,Medium,66.67,12.0,,,,,,,,,
prevalence,,,,,,,,,,,2020-01-10,,,,num_stream_BIN,High,33.33,12.0,,,,,,,,,
prevalence,,,,,,,,,,,2020-01-10,,,,num_stream_BIN,Low,16.67,12.0,,,,,,,,,
prevalence,,,,,,,,,,,2020-01-10,,,,num_crystallizer_BIN,High,16.67,12.0,,,,,,,,,
prevalence,,,,,,,,,,,2020-01-10,,,,steel_weighttonn_BIN,High,16.67,12.0,,,,,,,,,
prevalence,,,,,,,,,,,2020-02-05,,,,alloy_speed_meter_minute_BIN,Medium,100.0,15.0,,,,,,,,,
prevalence,,,,,,,,,,,2020-02-05,,,,alloy_type,open,100.0,15.0,,,,,,,,,
prevalence,,,,,,,,,,,2020-02-05,,,,cast_in_row_BIN,Low,100.0,15.0,,,,,,,,,
prevalence,,,,,,,,,,,2020-02-05,,,,crystallizer_movementmm_BIN,Low,100.0,15.0,,,,,,,,,
prevalence,,,,,,,,,,,2020-02-05,,,,resistance_tonn_BIN,Low,100.0,15.0,,,,,,,,,
prevalence,,,,,,,,,,,2020-02-05,,,,steel_temperature_grab1Celsius_BIN,High,100.0,15.0,,,,,,,,,
prevalence,,,,,,,,,,,2020-02-05,,,,steel_type,Arm500,100.0,15.0,,,,,,,,,
prevalence,,,,,,,,,,,2020-02-05,,,,steel_weighttonn_BIN,High,100.0,15.0,,,,,,,,,
prevalence,,,,,,,,,,,2020-02-05,,,,swing_frequency_amount_minute_BIN,Medium,100.0,15.0,,,,,,,,,
prevalence,,,,,,,,,,,2020-02-05,,,,temperature_measurement1_Celsius_BIN,Low,100.0,15.0,,,,,,,,,
prevalence,,,,,,,,,,,2020-02-05,,,,temperature_measurement2_Celsius_BIN,Low,100.0,15.0,,,,,,,,,
prevalence,,,,,,,,,,,2020-02-05,,,,water_consumption_BIN,High,100.0,15.0,,,,,,,,,
prevalence,,,,,,,,,,,2020-02-05,,,,water_temperature_deltaCelsius_BIN,High,100.0,15.0,,,,,,,,,
prevalence,,,,,,,,,,,2020-02-05,,,,workpiece_slice_geometry,180x180,100.0,15.0,,,,,,,,,
prevalence,,,,,,,,,,,2020-02-05,,,,num_stream_BIN,High,26.67,15.0,,,,,,,,,
prevalence,,,,,,,,,,,2020-02-05,,,,num_crystallizer_BIN,Low,40.0,15.0,,,,,,,,,
prevalence,,,,,,,,,,,2020-02-05,,,,RUL_BIN,Healthy,73.33,15.0,,,,,,,,,
prevalence,,,,,,,,,,,2020-02-05,,,,num_stream_BIN,Medium,26.67,15.0,,,,,,,,,
prevalence,,,,,,,,,,,2020-02-05,,,,num_stream_BIN,Low,26.67,15.0,,,,,,,,,
prevalence,,,,,,,,,,,2020-02-05,,,,num_crystallizer_BIN,High,33.33,15.0,,,,,,,,,
prevalence,,,,,,,,,,,2020-02-05,,,,RUL_BIN,Critical,13.33,15.0,,,,,,,,,
prevalence,,,,,,,,,,,2020-02-07,,,,alloy_speed_meter_minute_BIN,Medium,100.0,19.0,,,,,,,,,
prevalence,,,,,,,,,,,2020-02-07,,,,alloy_type,open,100.0,19.0,,,,,,,,,
prevalence,,,,,,,,,,,2020-02-07,,,,cast_in_row_BIN,Low,100.0,19.0,,,,,,,,,
prevalence,,,,,,,,,,,2020-02-07,,,,crystallizer_movementmm_BIN,Low,100.0,19.0,,,,,,,,,
prevalence,,,,,,,,,,,2020-02-07,,,,resistance_tonn_BIN,Low,100.0,19.0,,,,,,,,,
prevalence,,,,,,,,,,,2020-02-07,,,,steel_temperature_grab1Celsius_BIN,High,100.0,19.0,,,,,,,,,
prevalence,,,,,,,,,,,2020-02-07,,,,steel_type,Arm500,100.0,19.0,,,,,,,,,
prevalence,,,,,,,,,,,2020-02-07,,,,steel_weighttonn_BIN,High,100.0,19.0,,,,,,,,,
prevalence,,,,,,,,,,,2020-02-07,,,,swing_frequency_amount_minute_BIN,High,100.0,19.0,,,,,,,,,
prevalence,,,,,,,,,,,2020-02-07,,,,temperature_measurement1_Celsius_BIN,Low,100.0,19.0,,,,,,,,,
prevalence,,,,,,,,,,,2020-02-07,,,,temperature_measurement2_Celsius_BIN,Low,100.0,19.0,,,,,,,,,
prevalence,,,,,,,,,,,2020-02-07,,,,water_consumption_BIN,High,100.0,19.0,,,,,,,,,
prevalence,,,,,,,,,,,2020-02-07,,,,water_temperature_deltaCelsius_BIN,High,100.0,19.0,,,,,,,,,
prevalence,,,,,,,,,,,2020-02-07,,,,workpiece_slice_geometry,180x180,100.0,19.0,,,,,,,,,
prevalence,,,,,,,,,,,2020-02-07,,,,num_stream_BIN,Low,36.84,19.0,,,,,,,,,
prevalence,,,,,,,,,,,2020-02-07,,,,num_stream_BIN,High,21.05,19.0,,,,,,,,,
prevalence,,,,,,,,,,,2020-02-07,,,,num_crystallizer_BIN,Low,21.05,19.0,,,,,,,,,
prevalence,,,,,,,,,,,2020-02-07,,,,num_crystallizer_BIN,High,52.63,19.0,,,,,,,,,
prevalence,,,,,,,,,,,2020-02-07,,,,num_stream_BIN,Medium,21.05,19.0,,,,,,,,,
prevalence,,,,,,,,,,,2020-02-07,,,,RUL_BIN,Medium,21.05,19.0,,,,,,,,,
prevalence,,,,,,,,,,,2020-02-07,,,,RUL_BIN,Healthy,42.11,19.0,,,,,,,,,
prevalence,,,,,,,,,,,2020-02-07,,,,RUL_BIN,Critical,10.53,19.0,,,,,,,,,
prevalence,,,,,,,,,,,2020-02-08,,,,alloy_speed_meter_minute_BIN,Medium,100.0,14.0,,,,,,,,,
prevalence,,,,,,,,,,,2020-02-08,,,,alloy_type,open,100.0,14.0,,,,,,,,,
prevalence,,,,,,,,,,,2020-02-08,,,,cast_in_row_BIN,Medium,100.0,14.0,,,,,,,,,
prevalence,,,,,,,,,,,2020-02-08,,,,crystallizer_movementmm_BIN,Low,100.0,14.0,,,,,,,,,
prevalence,,,,,,,,,,,2020-02-08,,,,resistance_tonn_BIN,Low,100.0,14.0,,,,,,,,,
prevalence,,,,,,,,,,,2020-02-08,,,,steel_temperature_grab1Celsius_BIN,High,100.0,14.0,,,,,,,,,
prevalence,,,,,,,,,,,2020-02-08,,,,steel_type,Arm500,100.0,14.0,,,,,,,,,
prevalence,,,,,,,,,,,2020-02-08,,,,steel_weighttonn_BIN,Medium,100.0,14.0,,,,,,,,,
prevalence,,,,,,,,,,,2020-02-08,,,,swing_frequency_amount_minute_BIN,High,100.0,14.0,,,,,,,,,
prevalence,,,,,,,,,,,2020-02-08,,,,temperature_measurement1_Celsius_BIN,Low,100.0,14.0,,,,,,,,,
prevalence,,,,,,,,,,,2020-02-08,,,,temperature_measurement2_Celsius_BIN,Low,100.0,14.0,,,,,,,,,
prevalence,,,,,,,,,,,2020-02-08,,,,water_consumption_BIN,High,100.0,14.0,,,,,,,,,
prevalence,,,,,,,,,,,2020-02-08,,,,water_temperature_deltaCelsius_BIN,High,100.0,14.0,,,,,,,,,
prevalence,,,,,,,,,,,2020-02-08,,,,workpiece_slice_geometry,180x180,100.0,14.0,,,,,,,,,
prevalence,,,,,,,,,,,2020-02-08,,,,num_stream_BIN,High,28.57,14.0,,,,,,,,,
prevalence,,,,,,,,,,,2020-02-08,,,,num_crystallizer_BIN,Low,28.57,14.0,,,,,,,,,
prevalence,,,,,,,,,,,2020-02-08,,,,num_crystallizer_BIN,High,42.86,14.0,,,,,,,,,
prevalence,,,,,,,,,,,2020-02-08,,,,RUL_BIN,Low,28.57,14.0,,,,,,,,,
prevalence,,,,,,,,,,,2020-02-08,,,,num_stream_BIN,Medium,14.29,14.0,,,,,,,,,
prevalence,,,,,,,,,,,2020-02-08,,,,RUL_BIN,Healthy,50.0,14.0,,,,,,,,,
prevalence,,,,,,,,,,,2020-02-08,,,,num_stream_BIN,Low,28.57,14.0,,,,,,,,,
prevalence,,,,,,,,,,,2020-02-09,,,,alloy_speed_meter_minute_BIN,Medium,100.0,18.0,,,,,,,,,
prevalence,,,,,,,,,,,2020-02-09,,,,alloy_type,open,100.0,18.0,,,,,,,,,
prevalence,,,,,,,,,,,2020-02-09,,,,cast_in_row_BIN,Medium,100.0,18.0,,,,,,,,,
prevalence,,,,,,,,,,,2020-02-09,,,,crystallizer_movementmm_BIN,Low,100.0,18.0,,,,,,,,,
prevalence,,,,,,,,,,,2020-02-09,,,,resistance_tonn_BIN,Low,100.0,18.0,,,,,,,,,
prevalence,,,,,,,,,,,2020-02-09,,,,steel_temperature_grab1Celsius_BIN,High,100.0,18.0,,,,,,,,,
prevalence,,,,,,,,,,,2020-02-09,,,,steel_type,Arm500,100.0,18.0,,,,,,,,,
prevalence,,,,,,,,,,,2020-02-09,,,,steel_weighttonn_BIN,High,100.0,18.0,,,,,,,,,
prevalence,,,,,,,,,,,2020-02-09,,,,swing_frequency_amount_minute_BIN,High,100.0,18.0,,,,,,,,,
prevalence,,,,,,,,,,,2020-02-09,,,,temperature_measurement1_Celsius_BIN,Low,100.0,18.0,,,,,,,,,
prevalence,,,,,,,,,,,2020-02-09,,,,temperature_measurement2_Celsius_BIN,Low,100.0,18.0,,,,,,,,,
prevalence,,,,,,,,,,,2020-02-09,,,,water_consumption_BIN,High,100.0,18.0,,,,,,,,,
prevalence,,,,,,,,,,,2020-02-09,,,,water_temperature_deltaCelsius_BIN,High,100.0,18.0,,,,,,,,,
prevalence,,,,,,,,,,,2020-02-09,,,,workpiece_slice_geometry,180x180,100.0,18.0,,,,,,,,,
prevalence,,,,,,,,,,,2020-02-09,,,,num_stream_BIN,Medium,22.22,18.0,,,,,,,,,
prevalence,,,,,,,,,,,2020-02-09,,,,num_stream_BIN,High,33.33,18.0,,,,,,,,,
prevalence,,,,,,,,,,,2020-02-09,,,,num_crystallizer_BIN,Low,38.89,18.0,,,,,,,,,
prevalence,,,,,,,,,,,2020-02-09,,,,num_crystallizer_BIN,High,33.33,18.0,,,,,,,,,
prevalence,,,,,,,,,,,2020-02-09,,,,RUL_BIN,Medium,38.89,18.0,,,,,,,,,
prevalence,,,,,,,,,,,2020-02-09,,,,num_stream_BIN,Low,22.22,18.0,,,,,,,,,
prevalence,,,,,,,,,,,2020-02-09,,,,RUL_BIN,Low,11.11,18.0,,,,,,,,,
prevalence,,,,,,,,,,,2020-02-09,,,,RUL_BIN,Healthy,11.11,18.0,,,,,,,,,
prevalence,,,,,,,,,,,2020-02-09,,,,RUL_BIN,Critical,22.22,18.0,,,,,,,,,
prevalence,,,,,,,,,,,2020-02-10,,,,alloy_speed_meter_minute_BIN,Medium,100.0,13.0,,,,,,,,,
prevalence,,,,,,,,,,,2020-02-10,,,,alloy_type,open,100.0,13.0,,,,,,,,,
prevalence,,,,,,,,,,,2020-02-10,,,,cast_in_row_BIN,Low,100.0,13.0,,,,,,,,,
prevalence,,,,,,,,,,,2020-02-10,,,,crystallizer_movementmm_BIN,Low,100.0,13.0,,,,,,,,,
prevalence,,,,,,,,,,,2020-02-10,,,,resistance_tonn_BIN,Low,100.0,13.0,,,,,,,,,
prevalence,,,,,,,,,,,2020-02-10,,,,steel_temperature_grab1Celsius_BIN,High,100.0,13.0,,,,,,,,,
prevalence,,,,,,,,,,,2020-02-10,,,,steel_type,Arm500,100.0,13.0,,,,,,,,,
prevalence,,,,,,,,,,,2020-02-10,,,,steel_weighttonn_BIN,Medium,100.0,13.0,,,,,,,,,
prevalence,,,,,,,,,,,2020-02-10,,,,swing_frequency_amount_minute_BIN,High,100.0,13.0,,,,,,,,,
prevalence,,,,,,,,,,,2020-02-10,,,,temperature_measurement1_Celsius_BIN,Low,100.0,13.0,,,,,,,,,
prevalence,,,,,,,,,,,2020-02-10,,,,temperature_measurement2_Celsius_BIN,Low,100.0,13.0,,,,,,,,,
prevalence,,,,,,,,,,,2020-02-10,,,,water_consumption_BIN,High,100.0,13.0,,,,,,,,,
prevalence,,,,,,,,,,,2020-02-10,,,,water_temperature_deltaCelsius_BIN,High,100.0,13.0,,,,,,,,,
prevalence,,,,,,,,,,,2020-02-10,,,,workpiece_slice_geometry,180x180,100.0,13.0,,,,,,,,,
prevalence,,,,,,,,,,,2020-02-10,,,,num_crystallizer_BIN,Low,46.15,13.0,,,,,,,,,
prevalence,,,,,,,,,,,2020-02-10,,,,num_crystallizer_BIN,High,30.77,13.0,,,,,,,,,
prevalence,,,,,,,,,,,2020-02-10,,,,RUL_BIN,Medium,30.77,13.0,,,,,,,,,
prevalence,,,,,,,,,,,2020-02-10,,,,num_stream_BIN,Low,30.77,13.0,,,,,,,,,
prevalence,,,,,,,,,,,2020-02-10,,,,RUL_BIN,Critical,53.85,13.0,,,,,,,,,
prevalence,,,,,,,,,,,2020-02-10,,,,num_stream_BIN,Medium,30.77,13.0,,,,,,,,,
prevalence,,,,,,,,,,,2020-02-10,,,,num_stream_BIN,High,15.38,13.0,,,,,,,,,
prevalence,,,,,,,,,,,2020-03-05,,,,alloy_speed_meter_minute_BIN,Medium,100.0,21.0,,,,,,,,,
prevalence,,,,,,,,,,,2020-03-05,,,,alloy_type,open,100.0,21.0,,,,,,,,,
prevalence,,,,,,,,,,,2020-03-05,,,,cast_in_row_BIN,Low,100.0,21.0,,,,,,,,,
prevalence,,,,,,,,,,,2020-03-05,,,,crystallizer_movementmm_BIN,Low,100.0,21.0,,,,,,,,,
prevalence,,,,,,,,,,,2020-03-05,,,,resistance_tonn_BIN,Low,100.0,21.0,,,,,,,,,
prevalence,,,,,,,,,,,2020-03-05,,,,steel_temperature_grab1Celsius_BIN,High,100.0,21.0,,,,,,,,,
prevalence,,,,,,,,,,,2020-03-05,,,,steel_type,Arm500,100.0,21.0,,,,,,,,,
prevalence,,,,,,,,,,,2020-03-05,,,,steel_weighttonn_BIN,High,100.0,21.0,,,,,,,,,
prevalence,,,,,,,,,,,2020-03-05,,,,swing_frequency_amount_minute_BIN,Medium,100.0,21.0,,,,,,,,,
prevalence,,,,,,,,,,,2020-03-05,,,,temperature_measurement1_Celsius_BIN,Low,100.0,21.0,,,,,,,,,
prevalence,,,,,,,,,,,2020-03-05,,,,temperature_measurement2_Celsius_BIN,Low,100.0,21.0,,,,,,,,,
prevalence,,,,,,,,,,,2020-03-05,,,,water_consumption_BIN,High,100.0,21.0,,,,,,,,,
prevalence,,,,,,,,,,,2020-03-05,,,,water_temperature_deltaCelsius_BIN,High,100.0,21.0,,,,,,,,,
prevalence,,,,,,,,,,,2020-03-05,,,,workpiece_slice_geometry,180x180,100.0,21.0,,,,,,,,,
prevalence,,,,,,,,,,,2020-03-05,,,,num_stream_BIN,Medium,28.57,21.0,,,,,,,,,
prevalence,,,,,,,,,,,2020-03-05,,,,num_stream_BIN,Low,19.05,21.0,,,,,,,,,
prevalence,,,,,,,,,,,2020-03-05,,,,num_stream_BIN,High,33.33,21.0,,,,,,,,,
prevalence,,,,,,,,,,,2020-03-05,,,,num_crystallizer_BIN,Low,47.62,21.0,,,,,,,,,
prevalence,,,,,,,,,,,2020-03-05,,,,num_crystallizer_BIN,High,23.81,21.0,,,,,,,,,
prevalence,,,,,,,,,,,2020-03-05,,,,RUL_BIN,Medium,9.52,21.0,,,,,,,,,
prevalence,,,,,,,,,,,2020-03-05,,,,RUL_BIN,Low,19.05,21.0,,,,,,,,,
prevalence,,,,,,,,,,,2020-03-05,,,,RUL_BIN,Healthy,38.1,21.0,,,,,,,,,
prevalence,,,,,,,,,,,2020-03-05,,,,RUL_BIN,Critical,9.52,21.0,,,,,,,,,
prevalence,,,,,,,,,,,2020-03-07,,,,alloy_speed_meter_minute_BIN,Medium,100.0,16.0,,,,,,,,,
prevalence,,,,,,,,,,,2020-03-07,,,,alloy_type,open,100.0,16.0,,,,,,,,,
prevalence,,,,,,,,,,,2020-03-07,,,,cast_in_row_BIN,Low,100.0,16.0,,,,,,,,,
prevalence,,,,,,,,,,,2020-03-07,,,,crystallizer_movementmm_BIN,High,100.0,16.0,,,,,,,,,
prevalence,,,,,,,,,,,2020-03-07,,,,resistance_tonn_BIN,Low,100.0,16.0,,,,,,,,,
prevalence,,,,,,,,,,,2020-03-07,,,,steel_temperature_grab1Celsius_BIN,High,100.0,16.0,,,,,,,,,
prevalence,,,,,,,,,,,2020-03-07,,,,steel_type,Arm500,100.0,16.0,,,,,,,,,
prevalence,,,,,,,,,,,2020-03-07,,,,steel_weighttonn_BIN,High,100.0,16.0,,,,,,,,,
prevalence,,,,,,,,,,,2020-03-07,,,,swing_frequency_amount_minute_BIN,High,100.0,16.0,,,,,,,,,
prevalence,,,,,,,,,,,2020-03-07,,,,temperature_measurement1_Celsius_BIN,Low,100.0,16.0,,,,,,,,,
prevalence,,,,,,,,,,,2020-03-07,,,,temperature_measurement2_Celsius_BIN,Low,100.0,16.0,,,,,,,,,
prevalence,,,,,,,,,,,2020-03-07,,,,water_consumption_BIN,High,100.0,16.0,,,,,,,,,
prevalence,,,,,,,,,,,2020-03-07,,,,water_temperature_deltaCelsius_BIN,High,100.0,16.0,,,,,,,,,
prevalence,,,,,,,,,,,2020-03-07,,,,workpiece_slice_geometry,180x180,100.0,16.0,,,,,,,,,
prevalence,,,,,,,,,,,2020-03-07,,,,num_crystallizer_BIN,Low,37.5,16.0,,,,,,,,,
prevalence,,,,,,,,,,,2020-03-07,,,,num_crystallizer_BIN,High,37.5,16.0,,,,,,,,,
prevalence,,,,,,,,,,,2020-03-07,,,,RUL_BIN,Medium,25.0,16.0,,,,,,,,,
prevalence,,,,,,,,,,,2020-03-07,,,,num_stream_BIN,High,25.0,16.0,,,,,,,,,
prevalence,,,,,,,,,,,2020-03-07,,,,RUL_BIN,Low,62.5,16.0,,,,,,,,,
prevalence,,,,,,,,,,,2020-03-07,,,,num_stream_BIN,Medium,25.0,16.0,,,,,,,,,
prevalence,,,,,,,,,,,2020-03-07,,,,num_stream_BIN,Low,25.0,16.0,,,,,,,,,
prevalence,,,,,,,,,,,2020-03-08,,,,alloy_speed_meter_minute_BIN,Medium,100.0,27.0,,,,,,,,,
prevalence,,,,,,,,,,,2020-03-08,,,,alloy_type,open,100.0,27.0,,,,,,,,,
prevalence,,,,,,,,,,,2020-03-08,,,,cast_in_row_BIN,Medium,100.0,27.0,,,,,,,,,
prevalence,,,,,,,,,,,2020-03-08,,,,crystallizer_movementmm_BIN,Low,100.0,27.0,,,,,,,,,
prevalence,,,,,,,,,,,2020-03-08,,,,resistance_tonn_BIN,Low,100.0,27.0,,,,,,,,,
prevalence,,,,,,,,,,,2020-03-08,,,,steel_temperature_grab1Celsius_BIN,High,100.0,27.0,,,,,,,,,
prevalence,,,,,,,,,,,2020-03-08,,,,steel_type,Arm500,100.0,27.0,,,,,,,,,
prevalence,,,,,,,,,,,2020-03-08,,,,steel_weighttonn_BIN,Medium,100.0,27.0,,,,,,,,,
prevalence,,,,,,,,,,,2020-03-08,,,,swing_frequency_amount_minute_BIN,High,100.0,27.0,,,,,,,,,
prevalence,,,,,,,,,,,2020-03-08,,,,temperature_measurement1_Celsius_BIN,Low,100.0,27.0,,,,,,,,,
prevalence,,,,,,,,,,,2020-03-08,,,,temperature_measurement2_Celsius_BIN,Low,100.0,27.0,,,,,,,,,
prevalence,,,,,,,,,,,2020-03-08,,,,water_consumption_BIN,High,100.0,27.0,,,,,,,,,
prevalence,,,,,,,,,,,2020-03-08,,,,water_temperature_deltaCelsius_BIN,High,100.0,27.0,,,,,,,,,
prevalence,,,,,,,,,,,2020-03-08,,,,workpiece_slice_geometry,180x180,100.0,27.0,,,,,,,,,
prevalence,,,,,,,,,,,2020-03-08,,,,num_stream_BIN,Medium,25.93,27.0,,,,,,,,,
prevalence,,,,,,,,,,,2020-03-08,,,,num_stream_BIN,Low,37.04,27.0,,,,,,,,,
prevalence,,,,,,,,,,,2020-03-08,,,,num_crystallizer_BIN,Low,40.74,27.0,,,,,,,,,
prevalence,,,,,,,,,,,2020-03-08,,,,num_crystallizer_BIN,High,29.63,27.0,,,,,,,,,
prevalence,,,,,,,,,,,2020-03-08,,,,RUL_BIN,Medium,14.81,27.0,,,,,,,,,
prevalence,,,,,,,,,,,2020-03-08,,,,RUL_BIN,Low,25.93,27.0,,,,,,,,,
prevalence,,,,,,,,,,,2020-03-08,,,,num_stream_BIN,High,14.81,27.0,,,,,,,,,
prevalence,,,,,,,,,,,2020-03-08,,,,RUL_BIN,Critical,37.04,27.0,,,,,,,,,
prevalence,,,,,,,,,,,2020-03-09,,,,RUL_BIN,Critical,100.0,13.0,,,,,,,,,
prevalence,,,,,,,,,,,2020-03-09,,,,alloy_speed_meter_minute_BIN,Medium,100.0,13.0,,,,,,,,,
prevalence,,,,,,,,,,,2020-03-09,,,,alloy_type,open,100.0,13.0,,,,,,,,,
prevalence,,,,,,,,,,,2020-03-09,,,,cast_in_row_BIN,Low,100.0,13.0,,,,,,,,,
prevalence,,,,,,,,,,,2020-03-09,,,,crystallizer_movementmm_BIN,Low,100.0,13.0,,,,,,,,,
prevalence,,,,,,,,,,,2020-03-09,,,,resistance_tonn_BIN,Low,100.0,13.0,,,,,,,,,
prevalence,,,,,,,,,,,2020-03-09,,,,steel_temperature_grab1Celsius_BIN,High,100.0,13.0,,,,,,,,,
prevalence,,,,,,,,,,,2020-03-09,,,,steel_type,Arm500,100.0,13.0,,,,,,,,,
prevalence,,,,,,,,,,,2020-03-09,,,,steel_weighttonn_BIN,High,100.0,13.0,,,,,,,,,
prevalence,,,,,,,,,,,2020-03-09,,,,swing_frequency_amount_minute_BIN,High,100.0,13.0,,,,,,,,,
prevalence,,,,,,,,,,,2020-03-09,,,,temperature_measurement1_Celsius_BIN,Low,100.0,13.0,,,,,,,,,
prevalence,,,,,,,,,,,2020-03-09,,,,temperature_measurement2_Celsius_BIN,Low,100.0,13.0,,,,,,,,,
prevalence,,,,,,,,,,,2020-03-09,,,,water_consumption_BIN,High,100.0,13.0,,,,,,,,,
prevalence,,,,,,,,,,,2020-03-09,,,,water_temperature_deltaCelsius_BIN,High,100.0,13.0,,,,,,,,,
prevalence,,,,,,,,,,,2020-03-09,,,,workpiece_slice_geometry,180x180,100.0,13.0,,,,,,,,,
prevalence,,,,,,,,,,,2020-03-09,,,,num_stream_BIN,Medium,30.77,13.0,,,,,,,,,
prevalence,,,,,,,,,,,2020-03-09,,,,num_stream_BIN,Low,30.77,13.0,,,,,,,,,
prevalence,,,,,,,,,,,2020-03-09,,,,num_stream_BIN,High,30.77,13.0,,,,,,,,,
prevalence,,,,,,,,,,,2020-03-09,,,,num_crystallizer_BIN,Low,38.46,13.0,,,,,,,,,
prevalence,,,,,,,,,,,2020-03-09,,,,num_crystallizer_BIN,High,38.46,13.0,,,,,,,,,
prevalence,,,,,,,,,,,2020-04-07,,,,RUL_BIN,Healthy,100.0,8.0,,,,,,,,,
prevalence,,,,,,,,,,,2020-04-07,,,,alloy_speed_meter_minute_BIN,Medium,100.0,8.0,,,,,,,,,
prevalence,,,,,,,,,,,2020-04-07,,,,alloy_type,open,100.0,8.0,,,,,,,,,
prevalence,,,,,,,,,,,2020-04-07,,,,cast_in_row_BIN,Medium,100.0,8.0,,,,,,,,,
prevalence,,,,,,,,,,,2020-04-07,,,,crystallizer_movementmm_BIN,Low,100.0,8.0,,,,,,,,,
prevalence,,,,,,,,,,,2020-04-07,,,,resistance_tonn_BIN,Low,100.0,8.0,,,,,,,,,
prevalence,,,,,,,,,,,2020-04-07,,,,steel_temperature_grab1Celsius_BIN,High,100.0,8.0,,,,,,,,,
prevalence,,,,,,,,,,,2020-04-07,,,,steel_type,Arm500,100.0,8.0,,,,,,,,,
prevalence,,,,,,,,,,,2020-04-07,,,,steel_weighttonn_BIN,High,100.0,8.0,,,,,,,,,
prevalence,,,,,,,,,,,2020-04-07,,,,swing_frequency_amount_minute_BIN,High,100.0,8.0,,,,,,,,,
prevalence,,,,,,,,,,,2020-04-07,,,,temperature_measurement1_Celsius_BIN,Low,100.0,8.0,,,,,,,,,
prevalence,,,,,,,,,,,2020-04-07,,,,temperature_measurement2_Celsius_BIN,Low,100.0,8.0,,,,,,,,,
prevalence,,,,,,,,,,,2020-04-07,,,,water_consumption_BIN,High,100.0,8.0,,,,,,,,,
prevalence,,,,,,,,,,,2020-04-07,,,,water_temperature_deltaCelsius_BIN,High,100.0,8.0,,,,,,,,,
prevalence,,,,,,,,,,,2020-04-07,,,,workpiece_slice_geometry,180x180,100.0,8.0,,,,,,,,,
prevalence,,,,,,,,,,,2020-04-07,,,,num_stream_BIN,Medium,50.0,8.0,,,,,,,,,
prevalence,,,,,,,,,,,2020-04-07,,,,num_crystallizer_BIN,Low,25.0,8.0,,,,,,,,,
prevalence,,,,,,,,,,,2020-04-07,,,,num_crystallizer_BIN,High,62.5,8.0,,,,,,,,,
prevalence,,,,,,,,,,,2020-04-07,,,,num_stream_BIN,Low,25.0,8.0,,,,,,,,,
prevalence,,,,,,,,,,,2020-04-07,,,,num_stream_BIN,High,25.0,8.0,,,,,,,,,
prevalence,,,,,,,,,,,2020-04-08,,,,alloy_speed_meter_minute_BIN,Medium,100.0,12.0,,,,,,,,,
prevalence,,,,,,,,,,,2020-04-08,,,,alloy_type,open,100.0,12.0,,,,,,,,,
prevalence,,,,,,,,,,,2020-04-08,,,,crystallizer_movementmm_BIN,Low,100.0,12.0,,,,,,,,,
prevalence,,,,,,,,,,,2020-04-08,,,,resistance_tonn_BIN,Low,100.0,12.0,,,,,,,,,
prevalence,,,,,,,,,,,2020-04-08,,,,steel_temperature_grab1Celsius_BIN,High,100.0,12.0,,,,,,,,,
prevalence,,,,,,,,,,,2020-04-08,,,,steel_type,Arm500,100.0,12.0,,,,,,,,,
prevalence,,,,,,,,,,,2020-04-08,,,,steel_weighttonn_BIN,Medium,100.0,12.0,,,,,,,,,
prevalence,,,,,,,,,,,2020-04-08,,,,swing_frequency_amount_minute_BIN,High,100.0,12.0,,,,,,,,,
prevalence,,,,,,,,,,,2020-04-08,,,,temperature_measurement1_Celsius_BIN,Low,100.0,12.0,,,,,,,,,
prevalence,,,,,,,,,,,2020-04-08,,,,temperature_measurement2_Celsius_BIN,Low,100.0,12.0,,,,,,,,,
prevalence,,,,,,,,,,,2020-04-08,,,,water_consumption_BIN,High,100.0,12.0,,,,,,,,,
prevalence,,,,,,,,,,,2020-04-08,,,,water_temperature_deltaCelsius_BIN,High,100.0,12.0,,,,,,,,,
prevalence,,,,,,,,,,,2020-04-08,,,,workpiece_slice_geometry,180x180,100.0,12.0,,,,,,,,,
prevalence,,,,,,,,,,,2020-04-08,,,,num_crystallizer_BIN,High,66.67,12.0,,,,,,,,,
prevalence,,,,,,,,,,,2020-04-08,,,,num_stream_BIN,Low,33.33,12.0,,,,,,,,,
prevalence,,,,,,,,,,,2020-04-08,,,,RUL_BIN,Low,66.67,12.0,,,,,,,,,
prevalence,,,,,,,,,,,2020-04-08,,,,cast_in_row_BIN,High,66.67,12.0,,,,,,,,,
prevalence,,,,,,,,,,,2020-04-08,,,,num_stream_BIN,Medium,33.33,12.0,,,,,,,,,
prevalence,,,,,,,,,,,2020-04-08,,,,num_crystallizer_BIN,Low,16.67,12.0,,,,,,,,,
prevalence,,,,,,,,,,,2020-04-08,,,,num_stream_BIN,High,16.67,12.0,,,,,,,,,
prevalence,,,,,,,,,,,2020-04-08,,,,RUL_BIN,Critical,16.67,12.0,,,,,,,,,
prevalence,,,,,,,,,,,2020-04-08,,,,cast_in_row_BIN,Low,16.67,12.0,,,,,,,,,
prevalence,,,,,,,,,,,2020-04-09,,,,RUL_BIN,Critical,100.0,8.0,,,,,,,,,
prevalence,,,,,,,,,,,2020-04-09,,,,alloy_speed_meter_minute_BIN,Medium,100.0,8.0,,,,,,,,,
prevalence,,,,,,,,,,,2020-04-09,,,,alloy_type,open,100.0,8.0,,,,,,,,,
prevalence,,,,,,,,,,,2020-04-09,,,,cast_in_row_BIN,Medium,100.0,8.0,,,,,,,,,
prevalence,,,,,,,,,,,2020-04-09,,,,crystallizer_movementmm_BIN,Low,100.0,8.0,,,,,,,,,
prevalence,,,,,,,,,,,2020-04-09,,,,resistance_tonn_BIN,Low,100.0,8.0,,,,,,,,,
prevalence,,,,,,,,,,,2020-04-09,,,,steel_temperature_grab1Celsius_BIN,High,100.0,8.0,,,,,,,,,
prevalence,,,,,,,,,,,2020-04-09,,,,steel_type,Arm500,100.0,8.0,,,,,,,,,
prevalence,,,,,,,,,,,2020-04-09,,,,steel_weighttonn_BIN,Medium,100.0,8.0,,,,,,,,,
prevalence,,,,,,,,,,,2020-04-09,,,,swing_frequency_amount_minute_BIN,High,100.0,8.0,,,,,,,,,
prevalence,,,,,,,,,,,2020-04-09,,,,temperature_measurement1_Celsius_BIN,Low,100.0,8.0,,,,,,,,,
prevalence,,,,,,,,,,,2020-04-09,,,,temperature_measurement2_Celsius_BIN,Low,100.0,8.0,,,,,,,,,
prevalence,,,,,,,,,,,2020-04-09,,,,water_consumption_BIN,High,100.0,8.0,,,,,,,,,
prevalence,,,,,,,,,,,2020-04-09,,,,water_temperature_deltaCelsius_BIN,High,100.0,8.0,,,,,,,,,
prevalence,,,,,,,,,,,2020-04-09,,,,workpiece_slice_geometry,180x180,100.0,8.0,,,,,,,,,
prevalence,,,,,,,,,,,2020-04-09,,,,num_stream_BIN,Medium,50.0,8.0,,,,,,,,,
prevalence,,,,,,,,,,,2020-04-09,,,,num_crystallizer_BIN,Low,25.0,8.0,,,,,,,,,
prevalence,,,,,,,,,,,2020-04-09,,,,num_crystallizer_BIN,High,62.5,8.0,,,,,,,,,
prevalence,,,,,,,,,,,2020-04-09,,,,num_stream_BIN,Low,25.0,8.0,,,,,,,,,
prevalence,,,,,,,,,,,2020-04-09,,,,num_stream_BIN,High,25.0,8.0,,,,,,,,,
prevalence,,,,,,,,,,,2020-05-05,,,,RUL_BIN,Healthy,100.0,9.0,,,,,,,,,
prevalence,,,,,,,,,,,2020-05-05,,,,alloy_speed_meter_minute_BIN,High,100.0,9.0,,,,,,,,,
prevalence,,,,,,,,,,,2020-05-05,,,,alloy_type,open,100.0,9.0,,,,,,,,,
prevalence,,,,,,,,,,,2020-05-05,,,,cast_in_row_BIN,Low,100.0,9.0,,,,,,,,,
prevalence,,,,,,,,,,,2020-05-05,,,,crystallizer_movementmm_BIN,High,100.0,9.0,,,,,,,,,
prevalence,,,,,,,,,,,2020-05-05,,,,resistance_tonn_BIN,Low,100.0,9.0,,,,,,,,,
prevalence,,,,,,,,,,,2020-05-05,,,,steel_temperature_grab1Celsius_BIN,High,100.0,9.0,,,,,,,,,
prevalence,,,,,,,,,,,2020-05-05,,,,steel_type,St3sp,100.0,9.0,,,,,,,,,
prevalence,,,,,,,,,,,2020-05-05,,,,steel_weighttonn_BIN,High,100.0,9.0,,,,,,,,,
prevalence,,,,,,,,,,,2020-05-05,,,,swing_frequency_amount_minute_BIN,Medium,100.0,9.0,,,,,,,,,
prevalence,,,,,,,,,,,2020-05-05,,,,temperature_measurement1_Celsius_BIN,Low,100.0,9.0,,,,,,,,,
prevalence,,,,,,,,,,,2020-05-05,,,,temperature_measurement2_Celsius_BIN,Low,100.0,9.0,,,,,,,,,
prevalence,,,,,,,,,,,2020-05-05,,,,water_consumption_BIN,High,100.0,9.0,,,,,,,,,
prevalence,,,,,,,,,,,2020-05-05,,,,water_temperature_deltaCelsius_BIN,High,100.0,9.0,,,,,,,,,
prevalence,,,,,,,,,,,2020-05-05,,,,workpiece_slice_geometry,150x150,100.0,9.0,,,,,,,,,
prevalence,,,,,,,,,,,2020-05-05,,,,num_stream_BIN,Low,44.44,9.0,,,,,,,,,
prevalence,,,,,,,,,,,2020-05-05,,,,num_crystallizer_BIN,Low,44.44,9.0,,,,,,,,,
prevalence,,,,,,,,,,,2020-05-05,,,,num_stream_BIN,High,22.22,9.0,,,,,,,,,
prevalence,,,,,,,,,,,2020-05-05,,,,num_crystallizer_BIN,High,44.44,9.0,,,,,,,,,
prevalence,,,,,,,,,,,2020-05-05,,,,num_stream_BIN,Medium,22.22,9.0,,,,,,,,,
prevalence,,,,,,,,,,,2020-05-07,,,,alloy_speed_meter_minute_BIN,Medium,100.0,17.0,,,,,,,,,
prevalence,,,,,,,,,,,2020-05-07,,,,alloy_type,open,100.0,17.0,,,,,,,,,
prevalence,,,,,,,,,,,2020-05-07,,,,cast_in_row_BIN,Low,100.0,17.0,,,,,,,,,
prevalence,,,,,,,,,,,2020-05-07,,,,crystallizer_movementmm_BIN,High,100.0,17.0,,,,,,,,,
prevalence,,,,,,,,,,,2020-05-07,,,,resistance_tonn_BIN,Low,100.0,17.0,,,,,,,,,
prevalence,,,,,,,,,,,2020-05-07,,,,steel_temperature_grab1Celsius_BIN,High,100.0,17.0,,,,,,,,,
prevalence,,,,,,,,,,,2020-05-07,,,,steel_type,Arm500,100.0,17.0,,,,,,,,,
prevalence,,,,,,,,,,,2020-05-07,,,,swing_frequency_amount_minute_BIN,High,100.0,17.0,,,,,,,,,
prevalence,,,,,,,,,,,2020-05-07,,,,temperature_measurement1_Celsius_BIN,Low,100.0,17.0,,,,,,,,,
prevalence,,,,,,,,,,,2020-05-07,,,,temperature_measurement2_Celsius_BIN,Low,100.0,17.0,,,,,,,,,
prevalence,,,,,,,,,,,2020-05-07,,,,water_consumption_BIN,High,100.0,17.0,,,,,,,,,
prevalence,,,,,,,,,,,2020-05-07,,,,water_temperature_deltaCelsius_BIN,High,100.0,17.0,,,,,,,,,
prevalence,,,,,,,,,,,2020-05-07,,,,workpiece_slice_geometry,180x180,100.0,17.0,,,,,,,,,
prevalence,,,,,,,,,,,2020-05-07,,,,num_stream_BIN,High,23.53,17.0,,,,,,,,,
prevalence,,,,,,,,,,,2020-05-07,,,,num_crystallizer_BIN,High,52.94,17.0,,,,,,,,,
prevalence,,,,,,,,,,,2020-05-07,,,,steel_weighttonn_BIN,High,76.47,17.0,,,,,,,,,
prevalence,,,,,,,,,,,2020-05-07,,,,num_stream_BIN,Medium,23.53,17.0,,,,,,,,,
prevalence,,,,,,,,,,,2020-05-07,,,,RUL_BIN,Medium,52.94,17.0,,,,,,,,,
prevalence,,,,,,,,,,,2020-05-07,,,,num_stream_BIN,Low,23.53,17.0,,,,,,,,,
prevalence,,,,,,,,,,,2020-05-07,,,,num_crystallizer_BIN,Low,23.53,17.0,,,,,,,,,
prevalence,,,,,,,,,,,2020-05-07,,,,RUL_BIN,Healthy,11.76,17.0,,,,,,,,,
prevalence,,,,,,,,,,,2020-05-07,,,,RUL_BIN,Critical,11.76,17.0,,,,,,,,,
prevalence,,,,,,,,,,,2020-05-07,,,,steel_weighttonn_BIN,Medium,11.76,17.0,,,,,,,,,
prevalence,,,,,,,,,,,2020-05-08,,,,alloy_speed_meter_minute_BIN,Medium,100.0,13.0,,,,,,,,,
prevalence,,,,,,,,,,,2020-05-08,,,,alloy_type,open,100.0,13.0,,,,,,,,,
prevalence,,,,,,,,,,,2020-05-08,,,,cast_in_row_BIN,Medium,100.0,13.0,,,,,,,,,
prevalence,,,,,,,,,,,2020-05-08,,,,crystallizer_movementmm_BIN,Low,100.0,13.0,,,,,,,,,
prevalence,,,,,,,,,,,2020-05-08,,,,resistance_tonn_BIN,Low,100.0,13.0,,,,,,,,,
prevalence,,,,,,,,,,,2020-05-08,,,,steel_temperature_grab1Celsius_BIN,High,100.0,13.0,,,,,,,,,
prevalence,,,,,,,,,,,2020-05-08,,,,steel_type,Arm500,100.0,13.0,,,,,,,,,
prevalence,,,,,,,,,,,2020-05-08,,,,steel_weighttonn_BIN,High,100.0,13.0,,,,,,,,,
prevalence,,,,,,,,,,,2020-05-08,,,,swing_frequency_amount_minute_BIN,High,100.0,13.0,,,,,,,,,
prevalence,,,,,,,,,,,2020-05-08,,,,temperature_measurement1_Celsius_BIN,Low,100.0,13.0,,,,,,,,,
prevalence,,,,,,,,,,,2020-05-08,,,,temperature_measurement2_Celsius_BIN,Low,100.0,13.0,,,,,,,,,
prevalence,,,,,,,,,,,2020-05-08,,,,water_consumption_BIN,High,100.0,13.0,,,,,,,,,
prevalence,,,,,,,,,,,2020-05-08,,,,water_temperature_deltaCelsius_BIN,High,100.0,13.0,,,,,,,,,
prevalence,,,,,,,,,,,2020-05-08,,,,workpiece_slice_geometry,180x180,100.0,13.0,,,,,,,,,
prevalence,,,,,,,,,,,2020-05-08,,,,num_crystallizer_BIN,High,53.85,13.0,,,,,,,,,
prevalence,,,,,,,,,,,2020-05-08,,,,num_stream_BIN,Medium,30.77,13.0,,,,,,,,,
prevalence,,,,,,,,,,,2020-05-08,,,,RUL_BIN,Medium,15.38,13.0,,,,,,,,,
prevalence,,,,,,,,,,,2020-05-08,,,,RUL_BIN,Low,69.23,13.0,,,,,,,,,
prevalence,,,,,,,,,,,2020-05-08,,,,num_stream_BIN,Low,30.77,13.0,,,,,,,,,
prevalence,,,,,,,,,,,2020-05-08,,,,num_crystallizer_BIN,Low,30.77,13.0,,,,,,,,,
prevalence,,,,,,,,,,,2020-05-08,,,,num_stream_BIN,High,15.38,13.0,,,,,,,,,
prevalence,,,,,,,,,,,2020-05-09,,,,alloy_speed_meter_minute_BIN,Medium,100.0,30.0,,,,,,,,,
prevalence,,,,,,,,,,,2020-05-09,,,,alloy_type,open,100.0,30.0,,,,,,,,,
prevalence,,,,,,,,,,,2020-05-09,,,,cast_in_row_BIN,Medium,100.0,30.0,,,,,,,,,
prevalence,,,,,,,,,,,2020-05-09,,,,crystallizer_movementmm_BIN,Low,100.0,30.0,,,,,,,,,
prevalence,,,,,,,,,,,2020-05-09,,,,resistance_tonn_BIN,Low,100.0,30.0,,,,,,,,,
prevalence,,,,,,,,,,,2020-05-09,,,,steel_temperature_grab1Celsius_BIN,High,100.0,30.0,,,,,,,,,
prevalence,,,,,,,,,,,2020-05-09,,,,steel_type,Arm500,100.0,30.0,,,,,,,,,
prevalence,,,,,,,,,,,2020-05-09,,,,steel_weighttonn_BIN,High,100.0,30.0,,,,,,,,,
prevalence,,,,,,,,,,,2020-05-09,,,,swing_frequency_amount_minute_BIN,High,100.0,30.0,,,,,,,,,
prevalence,,,,,,,,,,,2020-05-09,,,,temperature_measurement1_Celsius_BIN,Low,100.0,30.0,,,,,,,,,
prevalence,,,,,,,,,,,2020-05-09,,,,temperature_measurement2_Celsius_BIN,Low,100.0,30.0,,,,,,,,,
prevalence,,,,,,,,,,,2020-05-09,,,,water_consumption_BIN,High,100.0,30.0,,,,,,,,,
prevalence,,,,,,,,,,,2020-05-09,,,,water_temperature_deltaCelsius_BIN,High,100.0,30.0,,,,,,,,,
prevalence,,,,,,,,,,,2020-05-09,,,,workpiece_slice_geometry,180x180,100.0,30.0,,,,,,,,,
prevalence,,,,,,,,,,,2020-05-09,,,,num_stream_BIN,Medium,20.0,30.0,,,,,,,,,
prevalence,,,,,,,,,,,2020-05-09,,,,num_stream_BIN,Low,30.0,30.0,,,,,,,,,
prevalence,,,,,,,,,,,2020-05-09,,,,num_stream_BIN,High,23.33,30.0,,,,,,,,,
prevalence,,,,,,,,,,,2020-05-09,,,,num_crystallizer_BIN,Medium,20.0,30.0,,,,,,,,,
prevalence,,,,,,,,,,,2020-05-09,,,,num_crystallizer_BIN,Low,33.33,30.0,,,,,,,,,
prevalence,,,,,,,,,,,2020-05-09,,,,num_crystallizer_BIN,High,23.33,30.0,,,,,,,,,
prevalence,,,,,,,,,,,2020-05-09,,,,RUL_BIN,Medium,6.67,30.0,,,,,,,,,
prevalence,,,,,,,,,,,2020-05-09,,,,RUL_BIN,Healthy,30.0,30.0,,,,,,,,,
prevalence,,,,,,,,,,,2020-05-09,,,,RUL_BIN,Critical,36.67,30.0,,,,,,,,,
prevalence,,,,,,,,,,,2020-05-13,,,,RUL_BIN,Healthy,100.0,8.0,,,,,,,,,
prevalence,,,,,,,,,,,2020-05-13,,,,alloy_speed_meter_minute_BIN,Medium,100.0,8.0,,,,,,,,,
prevalence,,,,,,,,,,,2020-05-13,,,,alloy_type,open,100.0,8.0,,,,,,,,,
prevalence,,,,,,,,,,,2020-05-13,,,,cast_in_row_BIN,Low,100.0,8.0,,,,,,,,,
prevalence,,,,,,,,,,,2020-05-13,,,,crystallizer_movementmm_BIN,Low,100.0,8.0,,,,,,,,,
prevalence,,,,,,,,,,,2020-05-13,,,,resistance_tonn_BIN,Low,100.0,8.0,,,,,,,,,
prevalence,,,,,,,,,,,2020-05-13,,,,steel_temperature_grab1Celsius_BIN,High,100.0,8.0,,,,,,,,,
prevalence,,,,,,,,,,,2020-05-13,,,,steel_type,Arm500,100.0,8.0,,,,,,,,,
prevalence,,,,,,,,,,,2020-05-13,,,,steel_weighttonn_BIN,High,100.0,8.0,,,,,,,,,
prevalence,,,,,,,,,,,2020-05-13,,,,swing_frequency_amount_minute_BIN,Medium,100.0,8.0,,,,,,,,,
prevalence,,,,,,,,,,,2020-05-13,,,,temperature_measurement1_Celsius_BIN,Low,100.0,8.0,,,,,,,,,
prevalence,,,,,,,,,,,2020-05-13,,,,temperature_measurement2_Celsius_BIN,Low,100.0,8.0,,,,,,,,,
prevalence,,,,,,,,,,,2020-05-13,,,,water_consumption_BIN,High,100.0,8.0,,,,,,,,,
prevalence,,,,,,,,,,,2020-05-13,,,,water_temperature_deltaCelsius_BIN,High,100.0,8.0,,,,,,,,,
prevalence,,,,,,,,,,,2020-05-13,,,,workpiece_slice_geometry,180x180,100.0,8.0,,,,,,,,,
prevalence,,,,,,,,,,,2020-05-13,,,,num_stream_BIN,High,50.0,8.0,,,,,,,,,
prevalence,,,,,,,,,,,2020-05-13,,,,num_crystallizer_BIN,Medium,50.0,8.0,,,,,,,,,
prevalence,,,,,,,,,,,2020-05-13,,,,num_stream_BIN,Medium,25.0,8.0,,,,,,,,,
prevalence,,,,,,,,,,,2020-05-13,,,,num_crystallizer_BIN,Low,25.0,8.0,,,,,,,,,
prevalence,,,,,,,,,,,2020-05-13,,,,num_crystallizer_BIN,High,25.0,8.0,,,,,,,,,
prevalence,,,,,,,,,,,2020-05-13,,,,num_stream_BIN,Low,25.0,8.0,,,,,,,,,
prevalence,,,,,,,,,,,2020-05-14,,,,alloy_speed_meter_minute_BIN,Medium,100.0,13.0,,,,,,,,,
prevalence,,,,,,,,,,,2020-05-14,,,,alloy_type,open,100.0,13.0,,,,,,,,,
prevalence,,,,,,,,,,,2020-05-14,,,,cast_in_row_BIN,Low,100.0,13.0,,,,,,,,,
prevalence,,,,,,,,,,,2020-05-14,,,,crystallizer_movementmm_BIN,Low,100.0,13.0,,,,,,,,,
prevalence,,,,,,,,,,,2020-05-14,,,,resistance_tonn_BIN,Low,100.0,13.0,,,,,,,,,
prevalence,,,,,,,,,,,2020-05-14,,,,steel_temperature_grab1Celsius_BIN,High,100.0,13.0,,,,,,,,,
prevalence,,,,,,,,,,,2020-05-14,,,,steel_type,Arm500,100.0,13.0,,,,,,,,,
prevalence,,,,,,,,,,,2020-05-14,,,,steel_weighttonn_BIN,High,100.0,13.0,,,,,,,,,
prevalence,,,,,,,,,,,2020-05-14,,,,swing_frequency_amount_minute_BIN,High,100.0,13.0,,,,,,,,,
prevalence,,,,,,,,,,,2020-05-14,,,,temperature_measurement1_Celsius_BIN,Low,100.0,13.0,,,,,,,,,
prevalence,,,,,,,,,,,2020-05-14,,,,temperature_measurement2_Celsius_BIN,Low,100.0,13.0,,,,,,,,,
prevalence,,,,,,,,,,,2020-05-14,,,,water_consumption_BIN,High,100.0,13.0,,,,,,,,,
prevalence,,,,,,,,,,,2020-05-14,,,,water_temperature_deltaCelsius_BIN,High,100.0,13.0,,,,,,,,,
prevalence,,,,,,,,,,,2020-05-14,,,,workpiece_slice_geometry,180x180,100.0,13.0,,,,,,,,,
prevalence,,,,,,,,,,,2020-05-14,,,,num_stream_BIN,High,30.77,13.0,,,,,,,,,
prevalence,,,,,,,,,,,2020-05-14,,,,num_crystallizer_BIN,Medium,53.85,13.0,,,,,,,,,
prevalence,,,,,,,,,,,2020-05-14,,,,num_stream_BIN,Medium,30.77,13.0,,,,,,,,,
prevalence,,,,,,,,,,,2020-05-14,,,,RUL_BIN,Medium,30.77,13.0,,,,,,,,,
prevalence,,,,,,,,,,,2020-05-14,,,,num_crystallizer_BIN,Low,15.38,13.0,,,,,,,,,
prevalence,,,,,,,,,,,2020-05-14,,,,RUL_BIN,Healthy,46.15,13.0,,,,,,,,,
prevalence,,,,,,,,,,,2020-05-14,,,,num_crystallizer_BIN,High,15.38,13.0,,,,,,,,,
prevalence,,,,,,,,,,,2020-05-14,,,,num_stream_BIN,Low,15.38,13.0,,,,,,,,,
prevalence,,,,,,,,,,,2020-05-15,,,,alloy_speed_meter_minute_BIN,Medium,100.0,12.0,,,,,,,,,
prevalence,,,,,,,,,,,2020-05-15,,,,alloy_type,open,100.0,12.0,,,,,,,,,
prevalence,,,,,,,,,,,2020-05-15,,,,cast_in_row_BIN,Low,100.0,12.0,,,,,,,,,
prevalence,,,,,,,,,,,2020-05-15,,,,crystallizer_movementmm_BIN,Low,100.0,12.0,,,,,,,,,
prevalence,,,,,,,,,,,2020-05-15,,,,resistance_tonn_BIN,Low,100.0,12.0,,,,,,,,,
prevalence,,,,,,,,,,,2020-05-15,,,,steel_temperature_grab1Celsius_BIN,High,100.0,12.0,,,,,,,,,
prevalence,,,,,,,,,,,2020-05-15,,,,steel_type,25G2S,100.0,12.0,,,,,,,,,
prevalence,,,,,,,,,,,2020-05-15,,,,steel_weighttonn_BIN,High,100.0,12.0,,,,,,,,,
prevalence,,,,,,,,,,,2020-05-15,,,,swing_frequency_amount_minute_BIN,Medium,100.0,12.0,,,,,,,,,
prevalence,,,,,,,,,,,2020-05-15,,,,temperature_measurement1_Celsius_BIN,Low,100.0,12.0,,,,,,,,,
prevalence,,,,,,,,,,,2020-05-15,,,,temperature_measurement2_Celsius_BIN,Low,100.0,12.0,,,,,,,,,
prevalence,,,,,,,,,,,2020-05-15,,,,water_consumption_BIN,High,100.0,12.0,,,,,,,,,
prevalence,,,,,,,,,,,2020-05-15,,,,water_temperature_deltaCelsius_BIN,High,100.0,12.0,,,,,,,,,
prevalence,,,,,,,,,,,2020-05-15,,,,workpiece_slice_geometry,180x180,100.0,12.0,,,,,,,,,
prevalence,,,,,,,,,,,2020-05-15,,,,num_stream_BIN,High,33.33,12.0,,,,,,,,,
prevalence,,,,,,,,,,,2020-05-15,,,,num_crystallizer_BIN,Medium,58.33,12.0,,,,,,,,,
prevalence,,,,,,,,,,,2020-05-15,,,,num_stream_BIN,Medium,33.33,12.0,,,,,,,,,
prevalence,,,,,,,,,,,2020-05-15,,,,RUL_BIN,Medium,41.67,12.0,,,,,,,,,
prevalence,,,,,,,,,,,2020-05-15,,,,num_crystallizer_BIN,Low,16.67,12.0,,,,,,,,,
prevalence,,,,,,,,,,,2020-05-15,,,,num_crystallizer_BIN,High,16.67,12.0,,,,,,,,,
prevalence,,,,,,,,,,,2020-05-15,,,,num_stream_BIN,Low,16.67,12.0,,,,,,,,,
prevalence,,,,,,,,,,,2020-05-15,,,,RUL_BIN,Healthy,33.33,12.0,,,,,,,,,
prevalence,,,,,,,,,,,2020-05-16,,,,alloy_speed_meter_minute_BIN,Medium,100.0,12.0,,,,,,,,,
prevalence,,,,,,,,,,,2020-05-16,,,,alloy_type,open,100.0,12.0,,,,,,,,,
prevalence,,,,,,,,,,,2020-05-16,,,,cast_in_row_BIN,Low,100.0,12.0,,,,,,,,,
prevalence,,,,,,,,,,,2020-05-16,,,,crystallizer_movementmm_BIN,Low,100.0,12.0,,,,,,,,,
prevalence,,,,,,,,,,,2020-05-16,,,,resistance_tonn_BIN,Low,100.0,12.0,,,,,,,,,
prevalence,,,,,,,,,,,2020-05-16,,,,steel_temperature_grab1Celsius_BIN,High,100.0,12.0,,,,,,,,,
prevalence,,,,,,,,,,,2020-05-16,,,,steel_type,1018,100.0,12.0,,,,,,,,,
prevalence,,,,,,,,,,,2020-05-16,,,,steel_weighttonn_BIN,High,100.0,12.0,,,,,,,,,
prevalence,,,,,,,,,,,2020-05-16,,,,swing_frequency_amount_minute_BIN,Medium,100.0,12.0,,,,,,,,,
prevalence,,,,,,,,,,,2020-05-16,,,,temperature_measurement1_Celsius_BIN,Low,100.0,12.0,,,,,,,,,
prevalence,,,,,,,,,,,2020-05-16,,,,temperature_measurement2_Celsius_BIN,Low,100.0,12.0,,,,,,,,,
prevalence,,,,,,,,,,,2020-05-16,,,,water_consumption_BIN,High,100.0,12.0,,,,,,,,,
prevalence,,,,,,,,,,,2020-05-16,,,,water_temperature_deltaCelsius_BIN,High,100.0,12.0,,,,,,,,,
prevalence,,,,,,,,,,,2020-05-16,,,,workpiece_slice_geometry,180x180,100.0,12.0,,,,,,,,,
prevalence,,,,,,,,,,,2020-05-16,,,,num_stream_BIN,High,33.33,12.0,,,,,,,,,
prevalence,,,,,,,,,,,2020-05-16,,,,num_crystallizer_BIN,Medium,58.33,12.0,,,,,,,,,
prevalence,,,,,,,,,,,2020-05-16,,,,num_stream_BIN,Medium,33.33,12.0,,,,,,,,,
prevalence,,,,,,,,,,,2020-05-16,,,,RUL_BIN,Medium,50.0,12.0,,,,,,,,,
prevalence,,,,,,,,,,,2020-05-16,,,,num_crystallizer_BIN,High,16.67,12.0,,,,,,,,,
prevalence,,,,,,,,,,,2020-05-16,,,,num_stream_BIN,Low,16.67,12.0,,,,,,,,,
prevalence,,,,,,,,,,,2020-05-16,,,,RUL_BIN,Low,16.67,12.0,,,,,,,,,
prevalence,,,,,,,,,,,2020-05-16,,,,num_crystallizer_BIN,Low,16.67,12.0,,,,,,,,,
prevalence,,,,,,,,,,,2020-05-16,,,,RUL_BIN,Healthy,16.67,12.0,,,,,,,,,
prevalence,,,,,,,,,,,2020-05-17,,,,alloy_speed_meter_minute_BIN,Medium,100.0,28.0,,,,,,,,,
prevalence,,,,,,,,,,,2020-05-17,,,,alloy_type,open,100.0,28.0,,,,,,,,,
prevalence,,,,,,,,,,,2020-05-17,,,,cast_in_row_BIN,Low,100.0,28.0,,,,,,,,,
prevalence,,,,,,,,,,,2020-05-17,,,,crystallizer_movementmm_BIN,Low,100.0,28.0,,,,,,,,,
prevalence,,,,,,,,,,,2020-05-17,,,,resistance_tonn_BIN,Low,100.0,28.0,,,,,,,,,
prevalence,,,,,,,,,,,2020-05-17,,,,steel_temperature_grab1Celsius_BIN,High,100.0,28.0,,,,,,,,,
prevalence,,,,,,,,,,,2020-05-17,,,,steel_type,Arm500,100.0,28.0,,,,,,,,,
prevalence,,,,,,,,,,,2020-05-17,,,,steel_weighttonn_BIN,High,100.0,28.0,,,,,,,,,
prevalence,,,,,,,,,,,2020-05-17,,,,swing_frequency_amount_minute_BIN,Medium,100.0,28.0,,,,,,,,,
prevalence,,,,,,,,,,,2020-05-17,,,,temperature_measurement1_Celsius_BIN,Low,100.0,28.0,,,,,,,,,
prevalence,,,,,,,,,,,2020-05-17,,,,temperature_measurement2_Celsius_BIN,Low,100.0,28.0,,,,,,,,,
prevalence,,,,,,,,,,,2020-05-17,,,,water_consumption_BIN,High,100.0,28.0,,,,,,,,,
prevalence,,,,,,,,,,,2020-05-17,,,,water_temperature_deltaCelsius_BIN,High,100.0,28.0,,,,,,,,,
prevalence,,,,,,,,,,,2020-05-17,,,,workpiece_slice_geometry,180x180,100.0,28.0,,,,,,,,,
prevalence,,,,,,,,,,,2020-05-17,,,,num_stream_BIN,Medium,28.57,28.0,,,,,,,,,
prevalence,,,,,,,,,,,2020-05-17,,,,num_stream_BIN,Low,25.0,28.0,,,,,,,,,
prevalence,,,,,,,,,,,2020-05-17,,,,num_stream_BIN,High,21.43,28.0,,,,,,,,,
prevalence,,,,,,,,,,,2020-05-17,,,,num_crystallizer_BIN,Medium,21.43,28.0,,,,,,,,,
prevalence,,,,,,,,,,,2020-05-17,,,,num_crystallizer_BIN,Low,28.57,28.0,,,,,,,,,
prevalence,,,,,,,,,,,2020-05-17,,,,num_crystallizer_BIN,High,25.0,28.0,,,,,,,,,
prevalence,,,,,,,,,,,2020-05-17,,,,RUL_BIN,Medium,14.29,28.0,,,,,,,,,
prevalence,,,,,,,,,,,2020-05-17,,,,RUL_BIN,Low,14.29,28.0,,,,,,,,,
prevalence,,,,,,,,,,,2020-05-17,,,,RUL_BIN,Healthy,42.86,28.0,,,,,,,,,
prevalence,,,,,,,,,,,2020-05-18,,,,alloy_speed_meter_minute_BIN,High,100.0,17.0,,,,,,,,,
prevalence,,,,,,,,,,,2020-05-18,,,,alloy_type,open,100.0,17.0,,,,,,,,,
prevalence,,,,,,,,,,,2020-05-18,,,,cast_in_row_BIN,Medium,100.0,17.0,,,,,,,,,
prevalence,,,,,,,,,,,2020-05-18,,,,crystallizer_movementmm_BIN,High,100.0,17.0,,,,,,,,,
prevalence,,,,,,,,,,,2020-05-18,,,,resistance_tonn_BIN,Low,100.0,17.0,,,,,,,,,
prevalence,,,,,,,,,,,2020-05-18,,,,steel_temperature_grab1Celsius_BIN,High,100.0,17.0,,,,,,,,,
prevalence,,,,,,,,,,,2020-05-18,,,,steel_type,St4sp,100.0,17.0,,,,,,,,,
prevalence,,,,,,,,,,,2020-05-18,,,,steel_weighttonn_BIN,High,100.0,17.0,,,,,,,,,
prevalence,,,,,,,,,,,2020-05-18,,,,swing_frequency_amount_minute_BIN,Low,100.0,17.0,,,,,,,,,
prevalence,,,,,,,,,,,2020-05-18,,,,temperature_measurement1_Celsius_BIN,Low,100.0,17.0,,,,,,,,,
prevalence,,,,,,,,,,,2020-05-18,,,,temperature_measurement2_Celsius_BIN,Low,100.0,17.0,,,,,,,,,
prevalence,,,,,,,,,,,2020-05-18,,,,water_consumption_BIN,High,100.0,17.0,,,,,,,,,
prevalence,,,,,,,,,,,2020-05-18,,,,water_temperature_deltaCelsius_BIN,High,100.0,17.0,,,,,,,,,
prevalence,,,,,,,,,,,2020-05-18,,,,workpiece_slice_geometry,150x150,100.0,17.0,,,,,,,,,
prevalence,,,,,,,,,,,2020-05-18,,,,num_stream_BIN,Low,23.53,17.0,,,,,,,,,
prevalence,,,,,,,,,,,2020-05-18,,,,num_crystallizer_BIN,Low,52.94,17.0,,,,,,,,,
prevalence,,,,,,,,,,,2020-05-18,,,,num_stream_BIN,High,23.53,17.0,,,,,,,,,
prevalence,,,,,,,,,,,2020-05-18,,,,RUL_BIN,Medium,23.53,17.0,,,,,,,,,
prevalence,,,,,,,,,,,2020-05-18,,,,RUL_BIN,Healthy,58.82,17.0,,,,,,,,,
prevalence,,,,,,,,,,,2020-05-18,,,,num_stream_BIN,Medium,29.41,17.0,,,,,,,,,
prevalence,,,,,,,,,,,2020-05-18,,,,num_crystallizer_BIN,Medium,11.76,17.0,,,,,,,,,
prevalence,,,,,,,,,,,2020-05-18,,,,num_crystallizer_BIN,High,23.53,17.0,,,,,,,,,
prevalence,,,,,,,,,,,2020-05-19,,,,alloy_speed_meter_minute_BIN,Medium,100.0,26.0,,,,,,,,,
prevalence,,,,,,,,,,,2020-05-19,,,,alloy_type,open,100.0,26.0,,,,,,,,,
prevalence,,,,,,,,,,,2020-05-19,,,,cast_in_row_BIN,Low,100.0,26.0,,,,,,,,,
prevalence,,,,,,,,,,,2020-05-19,,,,crystallizer_movementmm_BIN,Low,100.0,26.0,,,,,,,,,
prevalence,,,,,,,,,,,2020-05-19,,,,resistance_tonn_BIN,Low,100.0,26.0,,,,,,,,,
prevalence,,,,,,,,,,,2020-05-19,,,,steel_temperature_grab1Celsius_BIN,High,100.0,26.0,,,,,,,,,
prevalence,,,,,,,,,,,2020-05-19,,,,steel_type,Arm500,100.0,26.0,,,,,,,,,
prevalence,,,,,,,,,,,2020-05-19,,,,steel_weighttonn_BIN,High,100.0,26.0,,,,,,,,,
prevalence,,,,,,,,,,,2020-05-19,,,,swing_frequency_amount_minute_BIN,Medium,100.0,26.0,,,,,,,,,
prevalence,,,,,,,,,,,2020-05-19,,,,temperature_measurement1_Celsius_BIN,Low,100.0,26.0,,,,,,,,,
prevalence,,,,,,,,,,,2020-05-19,,,,temperature_measurement2_Celsius_BIN,Low,100.0,26.0,,,,,,,,,
prevalence,,,,,,,,,,,2020-05-19,,,,water_consumption_BIN,High,100.0,26.0,,,,,,,,,
prevalence,,,,,,,,,,,2020-05-19,,,,water_temperature_deltaCelsius_BIN,High,100.0,26.0,,,,,,,,,
prevalence,,,,,,,,,,,2020-05-19,,,,workpiece_slice_geometry,180x180,100.0,26.0,,,,,,,,,
prevalence,,,,,,,,,,,2020-05-19,,,,num_stream_BIN,Medium,30.77,26.0,,,,,,,,,
prevalence,,,,,,,,,,,2020-05-19,,,,num_stream_BIN,Low,26.92,26.0,,,,,,,,,
prevalence,,,,,,,,,,,2020-05-19,,,,num_stream_BIN,High,15.38,26.0,,,,,,,,,
prevalence,,,,,,,,,,,2020-05-19,,,,num_crystallizer_BIN,Medium,26.92,26.0,,,,,,,,,
prevalence,,,,,,,,,,,2020-05-19,,,,num_crystallizer_BIN,Low,30.77,26.0,,,,,,,,,
prevalence,,,,,,,,,,,2020-05-19,,,,num_crystallizer_BIN,High,23.08,26.0,,,,,,,,,
prevalence,,,,,,,,,,,2020-05-19,,,,RUL_BIN,Medium,38.46,26.0,,,,,,,,,
prevalence,,,,,,,,,,,2020-05-19,,,,RUL_BIN,Low,15.38,26.0,,,,,,,,,
prevalence,,,,,,,,,,,2020-05-19,,,,RUL_BIN,Healthy,15.38,26.0,,,,,,,,,
prevalence,,,,,,,,,,,2020-05-19,,,,RUL_BIN,Critical,7.69,26.0,,,,,,,,,
prevalence,,,,,,,,,,,2020-05-20,,,,alloy_speed_meter_minute_BIN,Medium,100.0,12.0,,,,,,,,,
prevalence,,,,,,,,,,,2020-05-20,,,,alloy_type,open,100.0,12.0,,,,,,,,,
prevalence,,,,,,,,,,,2020-05-20,,,,cast_in_row_BIN,Low,100.0,12.0,,,,,,,,,
prevalence,,,,,,,,,,,2020-05-20,,,,crystallizer_movementmm_BIN,Low,100.0,12.0,,,,,,,,,
prevalence,,,,,,,,,,,2020-05-20,,,,resistance_tonn_BIN,Low,100.0,12.0,,,,,,,,,
prevalence,,,,,,,,,,,2020-05-20,,,,steel_temperature_grab1Celsius_BIN,High,100.0,12.0,,,,,,,,,
prevalence,,,,,,,,,,,2020-05-20,,,,steel_type,Arm500,100.0,12.0,,,,,,,,,
prevalence,,,,,,,,,,,2020-05-20,,,,steel_weighttonn_BIN,High,100.0,12.0,,,,,,,,,
prevalence,,,,,,,,,,,2020-05-20,,,,swing_frequency_amount_minute_BIN,High,100.0,12.0,,,,,,,,,
prevalence,,,,,,,,,,,2020-05-20,,,,temperature_measurement1_Celsius_BIN,Low,100.0,12.0,,,,,,,,,
prevalence,,,,,,,,,,,2020-05-20,,,,temperature_measurement2_Celsius_BIN,Low,100.0,12.0,,,,,,,,,
prevalence,,,,,,,,,,,2020-05-20,,,,water_consumption_BIN,High,100.0,12.0,,,,,,,,,
prevalence,,,,,,,,,,,2020-05-20,,,,water_temperature_deltaCelsius_BIN,High,100.0,12.0,,,,,,,,,
prevalence,,,,,,,,,,,2020-05-20,,,,workpiece_slice_geometry,180x180,100.0,12.0,,,,,,,,,
prevalence,,,,,,,,,,,2020-05-20,,,,num_stream_BIN,Low,33.33,12.0,,,,,,,,,
prevalence,,,,,,,,,,,2020-05-20,,,,num_crystallizer_BIN,Medium,58.33,12.0,,,,,,,,,
prevalence,,,,,,,,,,,2020-05-20,,,,num_stream_BIN,Medium,33.33,12.0,,,,,,,,,
prevalence,,,,,,,,,,,2020-05-20,,,,RUL_BIN,Medium,16.67,12.0,,,,,,,,,
prevalence,,,,,,,,,,,2020-05-20,,,,RUL_BIN,Low,50.0,12.0,,,,,,,,,
prevalence,,,,,,,,,,,2020-05-20,,,,num_crystallizer_BIN,High,16.67,12.0,,,,,,,,,
prevalence,,,,,,,,,,,2020-05-20,,,,num_stream_BIN,High,16.67,12.0,,,,,,,,,
prevalence,,,,,,,,,,,2020-05-20,,,,RUL_BIN,Critical,16.67,12.0,,,,,,,,,
prevalence,,,,,,,,,,,2020-05-20,,,,num_crystallizer_BIN,Low,16.67,12.0,,,,,,,,,
prevalence,,,,,,,,,,,2020-05-21,,,,alloy_speed_meter_minute_BIN,Medium,100.0,28.0,,,,,,,,,
prevalence,,,,,,,,,,,2020-05-21,,,,alloy_type,open,100.0,28.0,,,,,,,,,
prevalence,,,,,,,,,,,2020-05-21,,,,cast_in_row_BIN,Low,100.0,28.0,,,,,,,,,
prevalence,,,,,,,,,,,2020-05-21,,,,crystallizer_movementmm_BIN,Low,100.0,28.0,,,,,,,,,
prevalence,,,,,,,,,,,2020-05-21,,,,resistance_tonn_BIN,Low,100.0,28.0,,,,,,,,,
prevalence,,,,,,,,,,,2020-05-21,,,,steel_temperature_grab1Celsius_BIN,High,100.0,28.0,,,,,,,,,
prevalence,,,,,,,,,,,2020-05-21,,,,steel_type,Arm500,100.0,28.0,,,,,,,,,
prevalence,,,,,,,,,,,2020-05-21,,,,steel_weighttonn_BIN,High,100.0,28.0,,,,,,,,,
prevalence,,,,,,,,,,,2020-05-21,,,,swing_frequency_amount_minute_BIN,Medium,100.0,28.0,,,,,,,,,
prevalence,,,,,,,,,,,2020-05-21,,,,temperature_measurement1_Celsius_BIN,Low,100.0,28.0,,,,,,,,,
prevalence,,,,,,,,,,,2020-05-21,,,,temperature_measurement2_Celsius_BIN,Low,100.0,28.0,,,,,,,,,
prevalence,,,,,,,,,,,2020-05-21,,,,water_consumption_BIN,High,100.0,28.0,,,,,,,,,
prevalence,,,,,,,,,,,2020-05-21,,,,water_temperature_deltaCelsius_BIN,High,100.0,28.0,,,,,,,,,
prevalence,,,,,,,,,,,2020-05-21,,,,workpiece_slice_geometry,180x180,100.0,28.0,,,,,,,,,
prevalence,,,,,,,,,,,2020-05-21,,,,num_stream_BIN,Medium,35.71,28.0,,,,,,,,,
prevalence,,,,,,,,,,,2020-05-21,,,,num_stream_BIN,Low,28.57,28.0,,,,,,,,,
prevalence,,,,,,,,,,,2020-05-21,,,,num_stream_BIN,High,14.29,28.0,,,,,,,,,
prevalence,,,,,,,,,,,2020-05-21,,,,num_crystallizer_BIN,Medium,21.43,28.0,,,,,,,,,
prevalence,,,,,,,,,,,2020-05-21,,,,num_crystallizer_BIN,Low,21.43,28.0,,,,,,,,,
prevalence,,,,,,,,,,,2020-05-21,,,,num_crystallizer_BIN,High,32.14,28.0,,,,,,,,,
prevalence,,,,,,,,,,,2020-05-21,,,,RUL_BIN,Medium,28.57,28.0,,,,,,,,,
prevalence,,,,,,,,,,,2020-05-21,,,,RUL_BIN,Low,28.57,28.0,,,,,,,,,
prevalence,,,,,,,,,,,2020-05-21,,,,RUL_BIN,Critical,14.29,28.0,,,,,,,,,
prevalence,,,,,,,,,,,2020-05-22,,,,alloy_speed_meter_minute_BIN,High,100.0,26.0,,,,,,,,,
prevalence,,,,,,,,,,,2020-05-22,,,,alloy_type,open,100.0,26.0,,,,,,,,,
prevalence,,,,,,,,,,,2020-05-22,,,,cast_in_row_BIN,Medium,100.0,26.0,,,,,,,,,
prevalence,,,,,,,,,,,2020-05-22,,,,crystallizer_movementmm_BIN,High,100.0,26.0,,,,,,,,,
prevalence,,,,,,,,,,,2020-05-22,,,,resistance_tonn_BIN,Low,100.0,26.0,,,,,,,,,
prevalence,,,,,,,,,,,2020-05-22,,,,steel_temperature_grab1Celsius_BIN,High,100.0,26.0,,,,,,,,,
prevalence,,,,,,,,,,,2020-05-22,,,,steel_type,St4sp,100.0,26.0,,,,,,,,,
prevalence,,,,,,,,,,,2020-05-22,,,,steel_weighttonn_BIN,High,100.0,26.0,,,,,,,,,
prevalence,,,,,,,,,,,2020-05-22,,,,swing_frequency_amount_minute_BIN,Low,100.0,26.0,,,,,,,,,
prevalence,,,,,,,,,,,2020-05-22,,,,temperature_measurement1_Celsius_BIN,Low,100.0,26.0,,,,,,,,,
prevalence,,,,,,,,,,,2020-05-22,,,,temperature_measurement2_Celsius_BIN,Low,100.0,26.0,,,,,,,,,
prevalence,,,,,,,,,,,2020-05-22,,,,water_consumption_BIN,High,100.0,26.0,,,,,,,,,
prevalence,,,,,,,,,,,2020-05-22,,,,water_temperature_deltaCelsius_BIN,High,100.0,26.0,,,,,,,,,
prevalence,,,,,,,,,,,2020-05-22,,,,workpiece_slice_geometry,150x150,100.0,26.0,,,,,,,,,
prevalence,,,,,,,,,,,2020-05-22,,,,num_stream_BIN,Medium,23.08,26.0,,,,,,,,,
prevalence,,,,,,,,,,,2020-05-22,,,,num_stream_BIN,Low,26.92,26.0,,,,,,,,,
prevalence,,,,,,,,,,,2020-05-22,,,,num_stream_BIN,High,23.08,26.0,,,,,,,,,
prevalence,,,,,,,,,,,2020-05-22,,,,num_crystallizer_BIN,Medium,30.77,26.0,,,,,,,,,
prevalence,,,,,,,,,,,2020-05-22,,,,num_crystallizer_BIN,Low,23.08,26.0,,,,,,,,,
prevalence,,,,,,,,,,,2020-05-22,,,,num_crystallizer_BIN,High,23.08,26.0,,,,,,,,,
prevalence,,,,,,,,,,,2020-05-22,,,,RUL_BIN,Medium,15.38,26.0,,,,,,,,,
prevalence,,,,,,,,,,,2020-05-22,,,,RUL_BIN,Low,30.77,26.0,,,,,,,,,
prevalence,,,,,,,,,,,2020-05-22,,,,RUL_BIN,Healthy,23.08,26.0,,,,,,,,,
prevalence,,,,,,,,,,,2020-05-22,,,,RUL_BIN,Critical,7.69,26.0,,,,,,,,,
prevalence,,,,,,,,,,,2020-05-23,,,,alloy_speed_meter_minute_BIN,Medium,100.0,14.0,,,,,,,,,
prevalence,,,,,,,,,,,2020-05-23,,,,alloy_type,open,100.0,14.0,,,,,,,,,
prevalence,,,,,,,,,,,2020-05-23,,,,cast_in_row_BIN,Low,100.0,14.0,,,,,,,,,
prevalence,,,,,,,,,,,2020-05-23,,,,crystallizer_movementmm_BIN,Low,100.0,14.0,,,,,,,,,
prevalence,,,,,,,,,,,2020-05-23,,,,resistance_tonn_BIN,Low,100.0,14.0,,,,,,,,,
prevalence,,,,,,,,,,,2020-05-23,,,,steel_temperature_grab1Celsius_BIN,High,100.0,14.0,,,,,,,,,
prevalence,,,,,,,,,,,2020-05-23,,,,steel_type,Arm500,100.0,14.0,,,,,,,,,
prevalence,,,,,,,,,,,2020-05-23,,,,steel_weighttonn_BIN,High,100.0,14.0,,,,,,,,,
prevalence,,,,,,,,,,,2020-05-23,,,,swing_frequency_amount_minute_BIN,Medium,100.0,14.0,,,,,,,,,
prevalence,,,,,,,,,,,2020-05-23,,,,temperature_measurement1_Celsius_BIN,Low,100.0,14.0,,,,,,,,,
prevalence,,,,,,,,,,,2020-05-23,,,,temperature_measurement2_Celsius_BIN,Low,100.0,14.0,,,,,,,,,
prevalence,,,,,,,,,,,2020-05-23,,,,water_consumption_BIN,High,100.0,14.0,,,,,,,,,
prevalence,,,,,,,,,,,2020-05-23,,,,water_temperature_deltaCelsius_BIN,High,100.0,14.0,,,,,,,,,
prevalence,,,,,,,,,,,2020-05-23,,,,workpiece_slice_geometry,180x180,100.0,14.0,,,,,,,,,
prevalence,,,,,,,,,,,2020-05-23,,,,num_stream_BIN,Low,28.57,14.0,,,,,,,,,
prevalence,,,,,,,,,,,2020-05-23,,,,num_stream_BIN,High,28.57,14.0,,,,,,,,,
prevalence,,,,,,,,,,,2020-05-23,,,,num_crystallizer_BIN,Medium,57.14,14.0,,,,,,,,,
prevalence,,,,,,,,,,,2020-05-23,,,,num_stream_BIN,Medium,28.57,14.0,,,,,,,,,
prevalence,,,,,,,,,,,2020-05-23,,,,RUL_BIN,Medium,28.57,14.0,,,,,,,,,
prevalence,,,,,,,,,,,2020-05-23,,,,num_crystallizer_BIN,High,14.29,14.0,,,,,,,,,
prevalence,,,,,,,,,,,2020-05-23,,,,RUL_BIN,Low,14.29,14.0,,,,,,,,,
prevalence,,,,,,,,,,,2020-05-23,,,,num_crystallizer_BIN,Low,14.29,14.0,,,,,,,,,
prevalence,,,,,,,,,,,2020-05-23,,,,RUL_BIN,Healthy,28.57,14.0,,,,,,,,,
prevalence,,,,,,,,,,,2020-05-23,,,,RUL_BIN,Critical,14.29,14.0,,,,,,,,,
prevalence,,,,,,,,,,,2020-05-24,,,,alloy_speed_meter_minute_BIN,Medium,100.0,13.0,,,,,,,,,
prevalence,,,,,,,,,,,2020-05-24,,,,alloy_type,open,100.0,13.0,,,,,,,,,
prevalence,,,,,,,,,,,2020-05-24,,,,cast_in_row_BIN,Low,100.0,13.0,,,,,,,,,
prevalence,,,,,,,,,,,2020-05-24,,,,crystallizer_movementmm_BIN,Low,100.0,13.0,,,,,,,,,
prevalence,,,,,,,,,,,2020-05-24,,,,resistance_tonn_BIN,Low,100.0,13.0,,,,,,,,,
prevalence,,,,,,,,,,,2020-05-24,,,,steel_temperature_grab1Celsius_BIN,High,100.0,13.0,,,,,,,,,
prevalence,,,,,,,,,,,2020-05-24,,,,steel_type,Arm500,100.0,13.0,,,,,,,,,
prevalence,,,,,,,,,,,2020-05-24,,,,steel_weighttonn_BIN,High,100.0,13.0,,,,,,,,,
prevalence,,,,,,,,,,,2020-05-24,,,,swing_frequency_amount_minute_BIN,High,100.0,13.0,,,,,,,,,
prevalence,,,,,,,,,,,2020-05-24,,,,temperature_measurement1_Celsius_BIN,Low,100.0,13.0,,,,,,,,,
prevalence,,,,,,,,,,,2020-05-24,,,,temperature_measurement2_Celsius_BIN,Low,100.0,13.0,,,,,,,,,
prevalence,,,,,,,,,,,2020-05-24,,,,water_consumption_BIN,High,100.0,13.0,,,,,,,,,
prevalence,,,,,,,,,,,2020-05-24,,,,water_temperature_deltaCelsius_BIN,High,100.0,13.0,,,,,,,,,
prevalence,,,,,,,,,,,2020-05-24,,,,workpiece_slice_geometry,180x180,100.0,13.0,,,,,,,,,
prevalence,,,,,,,,,,,2020-05-24,,,,num_stream_BIN,Low,30.77,13.0,,,,,,,,,
prevalence,,,,,,,,,,,2020-05-24,,,,num_stream_BIN,High,30.77,13.0,,,,,,,,,
prevalence,,,,,,,,,,,2020-05-24,,,,num_crystallizer_BIN,Medium,53.85,13.0,,,,,,,,,
prevalence,,,,,,,,,,,2020-05-24,,,,num_stream_BIN,Medium,30.77,13.0,,,,,,,,,
prevalence,,,,,,,,,,,2020-05-24,,,,RUL_BIN,Medium,15.38,13.0,,,,,,,,,
prevalence,,,,,,,,,,,2020-05-24,,,,RUL_BIN,Low,38.46,13.0,,,,,,,,,
prevalence,,,,,,,,,,,2020-05-24,,,,num_crystallizer_BIN,Low,15.38,13.0,,,,,,,,,
prevalence,,,,,,,,,,,2020-05-24,,,,num_crystallizer_BIN,High,15.38,13.0,,,,,,,,,
prevalence,,,,,,,,,,,2020-05-24,,,,RUL_BIN,Healthy,15.38,13.0,,,,,,,,,
prevalence,,,,,,,,,,,2020-05-24,,,,RUL_BIN,Critical,15.38,13.0,,,,,,,,,
prevalence,,,,,,,,,,,2020-05-25,,,,alloy_speed_meter_minute_BIN,Medium,100.0,28.0,,,,,,,,,
prevalence,,,,,,,,,,,2020-05-25,,,,alloy_type,open,100.0,28.0,,,,,,,,,
prevalence,,,,,,,,,,,2020-05-25,,,,cast_in_row_BIN,Low,100.0,28.0,,,,,,,,,
prevalence,,,,,,,,,,,2020-05-25,,,,crystallizer_movementmm_BIN,Low,100.0,28.0,,,,,,,,,
prevalence,,,,,,,,,,,2020-05-25,,,,resistance_tonn_BIN,Low,100.0,28.0,,,,,,,,,
prevalence,,,,,,,,,,,2020-05-25,,,,steel_temperature_grab1Celsius_BIN,High,100.0,28.0,,,,,,,,,
prevalence,,,,,,,,,,,2020-05-25,,,,steel_type,Arm500,100.0,28.0,,,,,,,,,
prevalence,,,,,,,,,,,2020-05-25,,,,steel_weighttonn_BIN,High,100.0,28.0,,,,,,,,,
prevalence,,,,,,,,,,,2020-05-25,,,,swing_frequency_amount_minute_BIN,High,100.0,28.0,,,,,,,,,
prevalence,,,,,,,,,,,2020-05-25,,,,temperature_measurement1_Celsius_BIN,Low,100.0,28.0,,,,,,,,,
prevalence,,,,,,,,,,,2020-05-25,,,,temperature_measurement2_Celsius_BIN,Low,100.0,28.0,,,,,,,,,
prevalence,,,,,,,,,,,2020-05-25,,,,water_consumption_BIN,High,100.0,28.0,,,,,,,,,
prevalence,,,,,,,,,,,2020-05-25,,,,water_temperature_deltaCelsius_BIN,High,100.0,28.0,,,,,,,,,
prevalence,,,,,,,,,,,2020-05-25,,,,workpiece_slice_geometry,180x180,100.0,28.0,,,,,,,,,
prevalence,,,,,,,,,,,2020-05-25,,,,num_stream_BIN,Medium,25.0,28.0,,,,,,,,,
prevalence,,,,,,,,,,,2020-05-25,,,,num_stream_BIN,Low,28.57,28.0,,,,,,,,,
prevalence,,,,,,,,,,,2020-05-25,,,,num_stream_BIN,High,21.43,28.0,,,,,,,,,
prevalence,,,,,,,,,,,2020-05-25,,,,num_crystallizer_BIN,Medium,28.57,28.0,,,,,,,,,
prevalence,,,,,,,,,,,2020-05-25,,,,num_crystallizer_BIN,Low,25.0,28.0,,,,,,,,,
prevalence,,,,,,,,,,,2020-05-25,,,,num_crystallizer_BIN,High,21.43,28.0,,,,,,,,,
prevalence,,,,,,,,,,,2020-05-25,,,,RUL_BIN,Medium,14.29,28.0,,,,,,,,,
prevalence,,,,,,,,,,,2020-05-25,,,,RUL_BIN,Low,39.29,28.0,,,,,,,,,
prevalence,,,,,,,,,,,2020-05-25,,,,RUL_BIN,Critical,21.43,28.0,,,,,,,,,
prevalence,,,,,,,,,,,2020-05-26,,,,alloy_speed_meter_minute_BIN,High,100.0,17.0,,,,,,,,,
prevalence,,,,,,,,,,,2020-05-26,,,,alloy_type,open,100.0,17.0,,,,,,,,,
prevalence,,,,,,,,,,,2020-05-26,,,,cast_in_row_BIN,Medium,100.0,17.0,,,,,,,,,
prevalence,,,,,,,,,,,2020-05-26,,,,crystallizer_movementmm_BIN,High,100.0,17.0,,,,,,,,,
prevalence,,,,,,,,,,,2020-05-26,,,,resistance_tonn_BIN,Low,100.0,17.0,,,,,,,,,
prevalence,,,,,,,,,,,2020-05-26,,,,steel_temperature_grab1Celsius_BIN,High,100.0,17.0,,,,,,,,,
prevalence,,,,,,,,,,,2020-05-26,,,,steel_type,St4sp,100.0,17.0,,,,,,,,,
prevalence,,,,,,,,,,,2020-05-26,,,,steel_weighttonn_BIN,High,100.0,17.0,,,,,,,,,
prevalence,,,,,,,,,,,2020-05-26,,,,swing_frequency_amount_minute_BIN,Low,100.0,17.0,,,,,,,,,
prevalence,,,,,,,,,,,2020-05-26,,,,temperature_measurement1_Celsius_BIN,Low,100.0,17.0,,,,,,,,,
prevalence,,,,,,,,,,,2020-05-26,,,,temperature_measurement2_Celsius_BIN,Low,100.0,17.0,,,,,,,,,
prevalence,,,,,,,,,,,2020-05-26,,,,water_consumption_BIN,High,100.0,17.0,,,,,,,,,
prevalence,,,,,,,,,,,2020-05-26,,,,water_temperature_deltaCelsius_BIN,High,100.0,17.0,,,,,,,,,
prevalence,,,,,,,,,,,2020-05-26,,,,workpiece_slice_geometry,150x150,100.0,17.0,,,,,,,,,
prevalence,,,,,,,,,,,2020-05-26,,,,num_stream_BIN,Medium,41.18,17.0,,,,,,,,,
prevalence,,,,,,,,,,,2020-05-26,,,,num_stream_BIN,Low,23.53,17.0,,,,,,,,,
prevalence,,,,,,,,,,,2020-05-26,,,,num_crystallizer_BIN,Low,23.53,17.0,,,,,,,,,
prevalence,,,,,,,,,,,2020-05-26,,,,num_crystallizer_BIN,High,41.18,17.0,,,,,,,,,
prevalence,,,,,,,,,,,2020-05-26,,,,RUL_BIN,Low,47.06,17.0,,,,,,,,,
prevalence,,,,,,,,,,,2020-05-26,,,,num_crystallizer_BIN,Medium,11.76,17.0,,,,,,,,,
prevalence,,,,,,,,,,,2020-05-26,,,,num_stream_BIN,High,11.76,17.0,,,,,,,,,
prevalence,,,,,,,,,,,2020-05-26,,,,RUL_BIN,Critical,23.53,17.0,,,,,,,,,
prevalence,,,,,,,,,,,2020-05-27,,,,alloy_speed_meter_minute_BIN,High,100.0,20.0,,,,,,,,,
prevalence,,,,,,,,,,,2020-05-27,,,,alloy_type,open,100.0,20.0,,,,,,,,,
prevalence,,,,,,,,,,,2020-05-27,,,,cast_in_row_BIN,High,100.0,20.0,,,,,,,,,
prevalence,,,,,,,,,,,2020-05-27,,,,crystallizer_movementmm_BIN,Low,100.0,20.0,,,,,,,,,
prevalence,,,,,,,,,,,2020-05-27,,,,resistance_tonn_BIN,Low,100.0,20.0,,,,,,,,,
prevalence,,,,,,,,,,,2020-05-27,,,,steel_temperature_grab1Celsius_BIN,High,100.0,20.0,,,,,,,,,
prevalence,,,,,,,,,,,2020-05-27,,,,steel_type,Arm500,100.0,20.0,,,,,,,,,
prevalence,,,,,,,,,,,2020-05-27,,,,steel_weighttonn_BIN,High,100.0,20.0,,,,,,,,,
prevalence,,,,,,,,,,,2020-05-27,,,,swing_frequency_amount_minute_BIN,Low,100.0,20.0,,,,,,,,,
prevalence,,,,,,,,,,,2020-05-27,,,,temperature_measurement1_Celsius_BIN,Low,100.0,20.0,,,,,,,,,
prevalence,,,,,,,,,,,2020-05-27,,,,temperature_measurement2_Celsius_BIN,Low,100.0,20.0,,,,,,,,,
prevalence,,,,,,,,,,,2020-05-27,,,,water_consumption_BIN,High,100.0,20.0,,,,,,,,,
prevalence,,,,,,,,,,,2020-05-27,,,,water_temperature_deltaCelsius_BIN,High,100.0,20.0,,,,,,,,,
prevalence,,,,,,,,,,,2020-05-27,,,,workpiece_slice_geometry,150x150,100.0,20.0,,,,,,,,,
prevalence,,,,,,,,,,,2020-05-27,,,,num_stream_BIN,Medium,30.0,20.0,,,,,,,,,
prevalence,,,,,,,,,,,2020-05-27,,,,num_stream_BIN,Low,30.0,20.0,,,,,,,,,
prevalence,,,,,,,,,,,2020-05-27,,,,num_stream_BIN,High,20.0,20.0,,,,,,,,,
prevalence,,,,,,,,,,,2020-05-27,,,,num_crystallizer_BIN,Medium,40.0,20.0,,,,,,,,,
prevalence,,,,,,,,,,,2020-05-27,,,,RUL_BIN,Medium,20.0,20.0,,,,,,,,,
prevalence,,,,,,,,,,,2020-05-27,,,,RUL_BIN,Low,10.0,20.0,,,,,,,,,
prevalence,,,,,,,,,,,2020-05-27,,,,RUL_BIN,Healthy,10.0,20.0,,,,,,,,,
prevalence,,,,,,,,,,,2020-05-27,,,,RUL_BIN,Critical,45.0,20.0,,,,,,,,,
prevalence,,,,,,,,,,,2020-05-27,,,,num_crystallizer_BIN,Low,20.0,20.0,,,,,,,,,
prevalence,,,,,,,,,,,2020-05-27,,,,num_crystallizer_BIN,High,20.0,20.0,,,,,,,,,
prevalence,,,,,,,,,,,2020-05-28,,,,alloy_speed_meter_minute_BIN,Medium,100.0,8.0,,,,,,,,,
prevalence,,,,,,,,,,,2020-05-28,,,,alloy_type,open,100.0,8.0,,,,,,,,,
prevalence,,,,,,,,,,,2020-05-28,,,,cast_in_row_BIN,Medium,100.0,8.0,,,,,,,,,
prevalence,,,,,,,,,,,2020-05-28,,,,crystallizer_movementmm_BIN,Low,100.0,8.0,,,,,,,,,
prevalence,,,,,,,,,,,2020-05-28,,,,num_crystallizer_BIN,Medium,100.0,8.0,,,,,,,,,
prevalence,,,,,,,,,,,2020-05-28,,,,resistance_tonn_BIN,Low,100.0,8.0,,,,,,,,,
prevalence,,,,,,,,,,,2020-05-28,,,,steel_temperature_grab1Celsius_BIN,High,100.0,8.0,,,,,,,,,
prevalence,,,,,,,,,,,2020-05-28,,,,steel_type,Arm500,100.0,8.0,,,,,,,,,
prevalence,,,,,,,,,,,2020-05-28,,,,steel_weighttonn_BIN,High,100.0,8.0,,,,,,,,,
prevalence,,,,,,,,,,,2020-05-28,,,,swing_frequency_amount_minute_BIN,Medium,100.0,8.0,,,,,,,,,
prevalence,,,,,,,,,,,2020-05-28,,,,temperature_measurement1_Celsius_BIN,Low,100.0,8.0,,,,,,,,,
prevalence,,,,,,,,,,,2020-05-28,,,,temperature_measurement2_Celsius_BIN,Low,100.0,8.0,,,,,,,,,
prevalence,,,,,,,,,,,2020-05-28,,,,water_consumption_BIN,High,100.0,8.0,,,,,,,,,
prevalence,,,,,,,,,,,2020-05-28,,,,water_temperature_deltaCelsius_BIN,High,100.0,8.0,,,,,,,,,
prevalence,,,,,,,,,,,2020-05-28,,,,workpiece_slice_geometry,180x180,100.0,8.0,,,,,,,,,
prevalence,,,,,,,,,,,2020-05-28,,,,num_stream_BIN,Low,50.0,8.0,,,,,,,,,
prevalence,,,,,,,,,,,2020-05-28,,,,RUL_BIN,Medium,25.0,8.0,,,,,,,,,
prevalence,,,,,,,,,,,2020-05-28,,,,RUL_BIN,Low,50.0,8.0,,,,,,,,,
prevalence,,,,,,,,,,,2020-05-28,,,,num_stream_BIN,Medium,25.0,8.0,,,,,,,,,
prevalence,,,,,,,,,,,2020-05-28,,,,RUL_BIN,Healthy,25.0,8.0,,,,,,,,,
prevalence,,,,,,,,,,,2020-05-28,,,,num_stream_BIN,High,25.0,8.0,,,,,,,,,
prevalence,,,,,,,,,,,2020-05-29,,,,alloy_speed_meter_minute_BIN,Medium,100.0,8.0,,,,,,,,,
prevalence,,,,,,,,,,,2020-05-29,,,,alloy_type,open,100.0,8.0,,,,,,,,,
prevalence,,,,,,,,,,,2020-05-29,,,,cast_in_row_BIN,Low,100.0,8.0,,,,,,,,,
prevalence,,,,,,,,,,,2020-05-29,,,,crystallizer_movementmm_BIN,Low,100.0,8.0,,,,,,,,,
prevalence,,,,,,,,,,,2020-05-29,,,,num_crystallizer_BIN,Medium,100.0,8.0,,,,,,,,,
prevalence,,,,,,,,,,,2020-05-29,,,,resistance_tonn_BIN,Low,100.0,8.0,,,,,,,,,
prevalence,,,,,,,,,,,2020-05-29,,,,steel_temperature_grab1Celsius_BIN,High,100.0,8.0,,,,,,,,,
prevalence,,,,,,,,,,,2020-05-29,,,,steel_type,Arm500,100.0,8.0,,,,,,,,,
prevalence,,,,,,,,,,,2020-05-29,,,,steel_weighttonn_BIN,High,100.0,8.0,,,,,,,,,
prevalence,,,,,,,,,,,2020-05-29,,,,swing_frequency_amount_minute_BIN,High,100.0,8.0,,,,,,,,,
prevalence,,,,,,,,,,,2020-05-29,,,,temperature_measurement1_Celsius_BIN,Low,100.0,8.0,,,,,,,,,
prevalence,,,,,,,,,,,2020-05-29,,,,temperature_measurement2_Celsius_BIN,Low,100.0,8.0,,,,,,,,,
prevalence,,,,,,,,,,,2020-05-29,,,,water_consumption_BIN,High,100.0,8.0,,,,,,,,,
prevalence,,,,,,,,,,,2020-05-29,,,,water_temperature_deltaCelsius_BIN,High,100.0,8.0,,,,,,,,,
prevalence,,,,,,,,,,,2020-05-29,,,,workpiece_slice_geometry,180x180,100.0,8.0,,,,,,,,,
prevalence,,,,,,,,,,,2020-05-29,,,,num_stream_BIN,Medium,50.0,8.0,,,,,,,,,
prevalence,,,,,,,,,,,2020-05-29,,,,RUL_BIN,Medium,25.0,8.0,,,,,,,,,
prevalence,,,,,,,,,,,2020-05-29,,,,num_stream_BIN,High,25.0,8.0,,,,,,,,,
prevalence,,,,,,,,,,,2020-05-29,,,,RUL_BIN,Low,50.0,8.0,,,,,,,,,
prevalence,,,,,,,,,,,2020-05-29,,,,num_stream_BIN,Low,25.0,8.0,,,,,,,,,
prevalence,,,,,,,,,,,2020-05-29,,,,RUL_BIN,Critical,25.0,8.0,,,,,,,,,
prevalence,,,,,,,,,,,2020-05-30,,,,alloy_speed_meter_minute_BIN,Medium,100.0,17.0,,,,,,,,,
prevalence,,,,,,,,,,,2020-05-30,,,,alloy_type,open,100.0,17.0,,,,,,,,,
prevalence,,,,,,,,,,,2020-05-30,,,,cast_in_row_BIN,Low,100.0,17.0,,,,,,,,,
prevalence,,,,,,,,,,,2020-05-30,,,,crystallizer_movementmm_BIN,High,100.0,17.0,,,,,,,,,
prevalence,,,,,,,,,,,2020-05-30,,,,steel_temperature_grab1Celsius_BIN,High,100.0,17.0,,,,,,,,,
prevalence,,,,,,,,,,,2020-05-30,,,,steel_type,1015,100.0,17.0,,,,,,,,,
prevalence,,,,,,,,,,,2020-05-30,,,,steel_weighttonn_BIN,Medium,100.0,17.0,,,,,,,,,
prevalence,,,,,,,,,,,2020-05-30,,,,swing_frequency_amount_minute_BIN,Medium,100.0,17.0,,,,,,,,,
prevalence,,,,,,,,,,,2020-05-30,,,,temperature_measurement1_Celsius_BIN,Low,100.0,17.0,,,,,,,,,
prevalence,,,,,,,,,,,2020-05-30,,,,temperature_measurement2_Celsius_BIN,Low,100.0,17.0,,,,,,,,,
prevalence,,,,,,,,,,,2020-05-30,,,,water_consumption_BIN,High,100.0,17.0,,,,,,,,,
prevalence,,,,,,,,,,,2020-05-30,,,,water_temperature_deltaCelsius_BIN,High,100.0,17.0,,,,,,,,,
prevalence,,,,,,,,,,,2020-05-30,,,,workpiece_slice_geometry,180x180,100.0,17.0,,,,,,,,,
prevalence,,,,,,,,,,,2020-05-30,,,,num_stream_BIN,High,41.18,17.0,,,,,,,,,
prevalence,,,,,,,,,,,2020-05-30,,,,num_crystallizer_BIN,Medium,70.59,17.0,,,,,,,,,
prevalence,,,,,,,,,,,2020-05-30,,,,resistance_tonn_BIN,Low,47.06,17.0,,,,,,,,,
prevalence,,,,,,,,,,,2020-05-30,,,,num_stream_BIN,Low,23.53,17.0,,,,,,,,,
prevalence,,,,,,,,,,,2020-05-30,,,,RUL_BIN,Medium,11.76,17.0,,,,,,,,,
prevalence,,,,,,,,,,,2020-05-30,,,,RUL_BIN,Low,11.76,17.0,,,,,,,,,
prevalence,,,,,,,,,,,2020-05-30,,,,RUL_BIN,Critical,52.94,17.0,,,,,,,,,
prevalence,,,,,,,,,,,2020-05-30,,,,num_stream_BIN,Medium,11.76,17.0,,,,,,,,,
prevalence,,,,,,,,,,,2020-05-30,,,,resistance_tonn_BIN,High,23.53,17.0,,,,,,,,,
prevalence,,,,,,,,,,,2020-05-30,,,,num_crystallizer_BIN,High,11.76,17.0,,,,,,,,,
prevalence,,,,,,,,,,,2020-05-31,,,,alloy_speed_meter_minute_BIN,Medium,100.0,12.0,,,,,,,,,
prevalence,,,,,,,,,,,2020-05-31,,,,alloy_type,open,100.0,12.0,,,,,,,,,
prevalence,,,,,,,,,,,2020-05-31,,,,cast_in_row_BIN,Medium,100.0,12.0,,,,,,,,,
prevalence,,,,,,,,,,,2020-05-31,,,,crystallizer_movementmm_BIN,Low,100.0,12.0,,,,,,,,,
prevalence,,,,,,,,,,,2020-05-31,,,,resistance_tonn_BIN,Low,100.0,12.0,,,,,,,,,
prevalence,,,,,,,,,,,2020-05-31,,,,steel_temperature_grab1Celsius_BIN,High,100.0,12.0,,,,,,,,,
prevalence,,,,,,,,,,,2020-05-31,,,,steel_type,Arm500,100.0,12.0,,,,,,,,,
prevalence,,,,,,,,,,,2020-05-31,,,,steel_weighttonn_BIN,High,100.0,12.0,,,,,,,,,
prevalence,,,,,,,,,,,2020-05-31,,,,swing_frequency_amount_minute_BIN,Medium,100.0,12.0,,,,,,,,,
prevalence,,,,,,,,,,,2020-05-31,,,,temperature_measurement1_Celsius_BIN,Low,100.0,12.0,,,,,,,,,
prevalence,,,,,,,,,,,2020-05-31,,,,temperature_measurement2_Celsius_BIN,Low,100.0,12.0,,,,,,,,,
prevalence,,,,,,,,,,,2020-05-31,,,,water_consumption_BIN,High,100.0,12.0,,,,,,,,,
prevalence,,,,,,,,,,,2020-05-31,,,,water_temperature_deltaCelsius_BIN,High,100.0,12.0,,,,,,,,,
prevalence,,,,,,,,,,,2020-05-31,,,,workpiece_slice_geometry,180x180,100.0,12.0,,,,,,,,,
prevalence,,,,,,,,,,,2020-05-31,,,,num_stream_BIN,Low,33.33,12.0,,,,,,,,,
prevalence,,,,,,,,,,,2020-05-31,,,,num_crystallizer_BIN,Medium,66.67,12.0,,,,,,,,,
prevalence,,,,,,,,,,,2020-05-31,,,,num_stream_BIN,Medium,33.33,12.0,,,,,,,,,
prevalence,,,,,,,,,,,2020-05-31,,,,RUL_BIN,Medium,16.67,12.0,,,,,,,,,
prevalence,,,,,,,,,,,2020-05-31,,,,num_stream_BIN,High,16.67,12.0,,,,,,,,,
prevalence,,,,,,,,,,,2020-05-31,,,,RUL_BIN,Healthy,33.33,12.0,,,,,,,,,
prevalence,,,,,,,,,,,2020-05-31,,,,num_crystallizer_BIN,Low,16.67,12.0,,,,,,,,,
prevalence,,,,,,,,,,,2020-05-31,,,,RUL_BIN,Critical,33.33,12.0,,,,,,,,,
prevalence,,,,,,,,,,,2020-06-05,,,,alloy_speed_meter_minute_BIN,High,100.0,19.0,,,,,,,,,
prevalence,,,,,,,,,,,2020-06-05,,,,alloy_type,open,100.0,19.0,,,,,,,,,
prevalence,,,,,,,,,,,2020-06-05,,,,cast_in_row_BIN,Low,100.0,19.0,,,,,,,,,
prevalence,,,,,,,,,,,2020-06-05,,,,crystallizer_movementmm_BIN,High,100.0,19.0,,,,,,,,,
prevalence,,,,,,,,,,,2020-06-05,,,,resistance_tonn_BIN,Low,100.0,19.0,,,,,,,,,
prevalence,,,,,,,,,,,2020-06-05,,,,steel_temperature_grab1Celsius_BIN,High,100.0,19.0,,,,,,,,,
prevalence,,,,,,,,,,,2020-06-05,,,,steel_type,St3sp,100.0,19.0,,,,,,,,,
prevalence,,,,,,,,,,,2020-06-05,,,,steel_weighttonn_BIN,High,100.0,19.0,,,,,,,,,
prevalence,,,,,,,,,,,2020-06-05,,,,swing_frequency_amount_minute_BIN,Low,100.0,19.0,,,,,,,,,
prevalence,,,,,,,,,,,2020-06-05,,,,temperature_measurement1_Celsius_BIN,Low,100.0,19.0,,,,,,,,,
prevalence,,,,,,,,,,,2020-06-05,,,,temperature_measurement2_Celsius_BIN,Low,100.0,19.0,,,,,,,,,
prevalence,,,,,,,,,,,2020-06-05,,,,water_consumption_BIN,High,100.0,19.0,,,,,,,,,
prevalence,,,,,,,,,,,2020-06-05,,,,water_temperature_deltaCelsius_BIN,High,100.0,19.0,,,,,,,,,
prevalence,,,,,,,,,,,2020-06-05,,,,workpiece_slice_geometry,150x150,100.0,19.0,,,,,,,,,
prevalence,,,,,,,,,,,2020-06-05,,,,num_stream_BIN,Medium,36.84,19.0,,,,,,,,,
prevalence,,,,,,,,,,,2020-06-05,,,,num_stream_BIN,Low,21.05,19.0,,,,,,,,,
prevalence,,,,,,,,,,,2020-06-05,,,,num_stream_BIN,High,21.05,19.0,,,,,,,,,
prevalence,,,,,,,,,,,2020-06-05,,,,num_crystallizer_BIN,Medium,31.58,19.0,,,,,,,,,
prevalence,,,,,,,,,,,2020-06-05,,,,num_crystallizer_BIN,Low,21.05,19.0,,,,,,,,,
prevalence,,,,,,,,,,,2020-06-05,,,,RUL_BIN,Medium,21.05,19.0,,,,,,,,,
prevalence,,,,,,,,,,,2020-06-05,,,,RUL_BIN,Low,10.53,19.0,,,,,,,,,
prevalence,,,,,,,,,,,2020-06-05,,,,RUL_BIN,Critical,42.11,19.0,,,,,,,,,
prevalence,,,,,,,,,,,2020-06-05,,,,num_crystallizer_BIN,High,21.05,19.0,,,,,,,,,
prevalence,,,,,,,,,,,2020-06-07,,,,alloy_speed_meter_minute_BIN,Medium,100.0,12.0,,,,,,,,,
prevalence,,,,,,,,,,,2020-06-07,,,,alloy_type,open,100.0,12.0,,,,,,,,,
prevalence,,,,,,,,,,,2020-06-07,,,,cast_in_row_BIN,Low,100.0,12.0,,,,,,,,,
prevalence,,,,,,,,,,,2020-06-07,,,,crystallizer_movementmm_BIN,Low,100.0,12.0,,,,,,,,,
prevalence,,,,,,,,,,,2020-06-07,,,,resistance_tonn_BIN,Low,100.0,12.0,,,,,,,,,
prevalence,,,,,,,,,,,2020-06-07,,,,steel_temperature_grab1Celsius_BIN,High,100.0,12.0,,,,,,,,,
prevalence,,,,,,,,,,,2020-06-07,,,,steel_type,Arm500,100.0,12.0,,,,,,,,,
prevalence,,,,,,,,,,,2020-06-07,,,,steel_weighttonn_BIN,High,100.0,12.0,,,,,,,,,
prevalence,,,,,,,,,,,2020-06-07,,,,swing_frequency_amount_minute_BIN,High,100.0,12.0,,,,,,,,,
prevalence,,,,,,,,,,,2020-06-07,,,,temperature_measurement1_Celsius_BIN,Low,100.0,12.0,,,,,,,,,
prevalence,,,,,,,,,,,2020-06-07,,,,temperature_measurement2_Celsius_BIN,Low,100.0,12.0,,,,,,,,,
prevalence,,,,,,,,,,,2020-06-07,,,,water_consumption_BIN,High,100.0,12.0,,,,,,,,,
prevalence,,,,,,,,,,,2020-06-07,,,,water_temperature_deltaCelsius_BIN,High,100.0,12.0,,,,,,,,,
prevalence,,,,,,,,,,,2020-06-07,,,,workpiece_slice_geometry,180x180,100.0,12.0,,,,,,,,,
prevalence,,,,,,,,,,,2020-06-07,,,,num_stream_BIN,Medium,58.33,12.0,,,,,,,,,
prevalence,,,,,,,,,,,2020-06-07,,,,num_crystallizer_BIN,Medium,50.0,12.0,,,,,,,,,
prevalence,,,,,,,,,,,2020-06-07,,,,RUL_BIN,Medium,33.33,12.0,,,,,,,,,
prevalence,,,,,,,,,,,2020-06-07,,,,num_crystallizer_BIN,Low,16.67,12.0,,,,,,,,,
prevalence,,,,,,,,,,,2020-06-07,,,,num_stream_BIN,Low,16.67,12.0,,,,,,,,,
prevalence,,,,,,,,,,,2020-06-07,,,,RUL_BIN,Low,16.67,12.0,,,,,,,,,
prevalence,,,,,,,,,,,2020-06-07,,,,num_stream_BIN,High,16.67,12.0,,,,,,,,,
prevalence,,,,,,,,,,,2020-06-07,,,,RUL_BIN,Critical,33.33,12.0,,,,,,,,,
prevalence,,,,,,,,,,,2020-06-07,,,,num_crystallizer_BIN,High,16.67,12.0,,,,,,,,,
prevalence,,,,,,,,,,,2020-06-08,,,,alloy_speed_meter_minute_BIN,Medium,100.0,14.0,,,,,,,,,
prevalence,,,,,,,,,,,2020-06-08,,,,alloy_type,open,100.0,14.0,,,,,,,,,
prevalence,,,,,,,,,,,2020-06-08,,,,cast_in_row_BIN,Low,100.0,14.0,,,,,,,,,
prevalence,,,,,,,,,,,2020-06-08,,,,crystallizer_movementmm_BIN,High,100.0,14.0,,,,,,,,,
prevalence,,,,,,,,,,,2020-06-08,,,,resistance_tonn_BIN,Low,100.0,14.0,,,,,,,,,
prevalence,,,,,,,,,,,2020-06-08,,,,steel_temperature_grab1Celsius_BIN,High,100.0,14.0,,,,,,,,,
prevalence,,,,,,,,,,,2020-06-08,,,,steel_type,Arm500,100.0,14.0,,,,,,,,,
prevalence,,,,,,,,,,,2020-06-08,,,,steel_weighttonn_BIN,High,100.0,14.0,,,,,,,,,
prevalence,,,,,,,,,,,2020-06-08,,,,swing_frequency_amount_minute_BIN,High,100.0,14.0,,,,,,,,,
prevalence,,,,,,,,,,,2020-06-08,,,,temperature_measurement1_Celsius_BIN,Low,100.0,14.0,,,,,,,,,
prevalence,,,,,,,,,,,2020-06-08,,,,temperature_measurement2_Celsius_BIN,Low,100.0,14.0,,,,,,,,,
prevalence,,,,,,,,,,,2020-06-08,,,,water_consumption_BIN,High,100.0,14.0,,,,,,,,,
prevalence,,,,,,,,,,,2020-06-08,,,,water_temperature_deltaCelsius_BIN,High,100.0,14.0,,,,,,,,,
prevalence,,,,,,,,,,,2020-06-08,,,,workpiece_slice_geometry,180x180,100.0,14.0,,,,,,,,,
prevalence,,,,,,,,,,,2020-06-08,,,,num_stream_BIN,Medium,50.0,14.0,,,,,,,,,
prevalence,,,,,,,,,,,2020-06-08,,,,num_crystallizer_BIN,Medium,50.0,14.0,,,,,,,,,
prevalence,,,,,,,,,,,2020-06-08,,,,RUL_BIN,Low,28.57,14.0,,,,,,,,,
prevalence,,,,,,,,,,,2020-06-08,,,,num_crystallizer_BIN,Low,14.29,14.0,,,,,,,,,
prevalence,,,,,,,,,,,2020-06-08,,,,num_stream_BIN,Low,14.29,14.0,,,,,,,,,
prevalence,,,,,,,,,,,2020-06-08,,,,RUL_BIN,Critical,50.0,14.0,,,,,,,,,
prevalence,,,,,,,,,,,2020-06-08,,,,num_stream_BIN,High,14.29,14.0,,,,,,,,,
prevalence,,,,,,,,,,,2020-06-08,,,,num_crystallizer_BIN,High,14.29,14.0,,,,,,,,,
prevalence,,,,,,,,,,,2020-06-09,,,,RUL_BIN,Critical,100.0,6.0,,,,,,,,,
prevalence,,,,,,,,,,,2020-06-09,,,,alloy_speed_meter_minute_BIN,Medium,100.0,6.0,,,,,,,,,
prevalence,,,,,,,,,,,2020-06-09,,,,alloy_type,open,100.0,6.0,,,,,,,,,
prevalence,,,,,,,,,,,2020-06-09,,,,cast_in_row_BIN,High,100.0,6.0,,,,,,,,,
prevalence,,,,,,,,,,,2020-06-09,,,,crystallizer_movementmm_BIN,Low,100.0,6.0,,,,,,,,,
prevalence,,,,,,,,,,,2020-06-09,,,,resistance_tonn_BIN,Low,100.0,6.0,,,,,,,,,
prevalence,,,,,,,,,,,2020-06-09,,,,steel_temperature_grab1Celsius_BIN,High,100.0,6.0,,,,,,,,,
prevalence,,,,,,,,,,,2020-06-09,,,,steel_type,Arm500,100.0,6.0,,,,,,,,,
prevalence,,,,,,,,,,,2020-06-09,,,,steel_weighttonn_BIN,High,100.0,6.0,,,,,,,,,
prevalence,,,,,,,,,,,2020-06-09,,,,swing_frequency_amount_minute_BIN,High,100.0,6.0,,,,,,,,,
prevalence,,,,,,,,,,,2020-06-09,,,,temperature_measurement1_Celsius_BIN,Low,100.0,6.0,,,,,,,,,
prevalence,,,,,,,,,,,2020-06-09,,,,temperature_measurement2_Celsius_BIN,Low,100.0,6.0,,,,,,,,,
prevalence,,,,,,,,,,,2020-06-09,,,,water_consumption_BIN,High,100.0,6.0,,,,,,,,,
prevalence,,,,,,,,,,,2020-06-09,,,,water_temperature_deltaCelsius_BIN,High,100.0,6.0,,,,,,,,,
prevalence,,,,,,,,,,,2020-06-09,,,,workpiece_slice_geometry,180x180,100.0,6.0,,,,,,,,,
prevalence,,,,,,,,,,,2020-06-09,,,,num_crystallizer_BIN,Medium,66.67,6.0,,,,,,,,,
prevalence,,,,,,,,,,,2020-06-09,,,,num_stream_BIN,Medium,33.33,6.0,,,,,,,,,
prevalence,,,,,,,,,,,2020-06-09,,,,num_stream_BIN,High,33.33,6.0,,,,,,,,,
prevalence,,,,,,,,,,,2020-06-09,,,,num_crystallizer_BIN,Low,33.33,6.0,,,,,,,,,
prevalence,,,,,,,,,,,2020-06-09,,,,num_stream_BIN,Low,33.33,6.0,,,,,,,,,
prevalence,,,,,,,,,,,2020-07-05,,,,RUL_BIN,Healthy,100.0,14.0,,,,,,,,,
prevalence,,,,,,,,,,,2020-07-05,,,,alloy_speed_meter_minute_BIN,High,100.0,14.0,,,,,,,,,
prevalence,,,,,,,,,,,2020-07-05,,,,alloy_type,close,100.0,14.0,,,,,,,,,
prevalence,,,,,,,,,,,2020-07-05,,,,cast_in_row_BIN,Low,100.0,14.0,,,,,,,,,
prevalence,,,,,,,,,,,2020-07-05,,,,crystallizer_movementmm_BIN,Low,100.0,14.0,,,,,,,,,
prevalence,,,,,,,,,,,2020-07-05,,,,resistance_tonn_BIN,Low,100.0,14.0,,,,,,,,,
prevalence,,,,,,,,,,,2020-07-05,,,,steel_temperature_grab1Celsius_BIN,High,100.0,14.0,,,,,,,,,
prevalence,,,,,,,,,,,2020-07-05,,,,steel_type,1010,100.0,14.0,,,,,,,,,
prevalence,,,,,,,,,,,2020-07-05,,,,steel_weighttonn_BIN,High,100.0,14.0,,,,,,,,,
prevalence,,,,,,,,,,,2020-07-05,,,,swing_frequency_amount_minute_BIN,Medium,100.0,14.0,,,,,,,,,
prevalence,,,,,,,,,,,2020-07-05,,,,temperature_measurement1_Celsius_BIN,Low,100.0,14.0,,,,,,,,,
prevalence,,,,,,,,,,,2020-07-05,,,,temperature_measurement2_Celsius_BIN,Low,100.0,14.0,,,,,,,,,
prevalence,,,,,,,,,,,2020-07-05,,,,water_consumption_BIN,High,100.0,14.0,,,,,,,,,
prevalence,,,,,,,,,,,2020-07-05,,,,workpiece_slice_geometry,150x150,100.0,14.0,,,,,,,,,
prevalence,,,,,,,,,,,2020-07-05,,,,num_stream_BIN,Low,28.57,14.0,,,,,,,,,
prevalence,,,,,,,,,,,2020-07-05,,,,num_crystallizer_BIN,Medium,42.86,14.0,,,,,,,,,
prevalence,,,,,,,,,,,2020-07-05,,,,water_temperature_deltaCelsius_BIN,Low,57.14,14.0,,,,,,,,,
prevalence,,,,,,,,,,,2020-07-05,,,,num_stream_BIN,High,35.71,14.0,,,,,,,,,
prevalence,,,,,,,,,,,2020-07-05,,,,num_crystallizer_BIN,Low,28.57,14.0,,,,,,,,,
prevalence,,,,,,,,,,,2020-07-05,,,,num_crystallizer_BIN,High,14.29,14.0,,,,,,,,,
prevalence,,,,,,,,,,,2020-07-05,,,,water_temperature_deltaCelsius_BIN,High,28.57,14.0,,,,,,,,,
prevalence,,,,,,,,,,,2020-07-05,,,,num_stream_BIN,Medium,14.29,14.0,,,,,,,,,
prevalence,,,,,,,,,,,2020-07-07,,,,RUL_BIN,Healthy,100.0,8.0,,,,,,,,,
prevalence,,,,,,,,,,,2020-07-07,,,,alloy_speed_meter_minute_BIN,Medium,100.0,8.0,,,,,,,,,
prevalence,,,,,,,,,,,2020-07-07,,,,alloy_type,open,100.0,8.0,,,,,,,,,
prevalence,,,,,,,,,,,2020-07-07,,,,cast_in_row_BIN,Medium,100.0,8.0,,,,,,,,,
prevalence,,,,,,,,,,,2020-07-07,,,,crystallizer_movementmm_BIN,High,100.0,8.0,,,,,,,,,
prevalence,,,,,,,,,,,2020-07-07,,,,resistance_tonn_BIN,Low,100.0,8.0,,,,,,,,,
prevalence,,,,,,,,,,,2020-07-07,,,,steel_temperature_grab1Celsius_BIN,High,100.0,8.0,,,,,,,,,
prevalence,,,,,,,,,,,2020-07-07,,,,steel_type,Arm500,100.0,8.0,,,,,,,,,
prevalence,,,,,,,,,,,2020-07-07,,,,steel_weighttonn_BIN,High,100.0,8.0,,,,,,,,,
prevalence,,,,,,,,,,,2020-07-07,,,,swing_frequency_amount_minute_BIN,High,100.0,8.0,,,,,,,,,
prevalence,,,,,,,,,,,2020-07-07,,,,temperature_measurement1_Celsius_BIN,Low,100.0,8.0,,,,,,,,,
prevalence,,,,,,,,,,,2020-07-07,,,,temperature_measurement2_Celsius_BIN,Low,100.0,8.0,,,,,,,,,
prevalence,,,,,,,,,,,2020-07-07,,,,water_consumption_BIN,High,100.0,8.0,,,,,,,,,
prevalence,,,,,,,,,,,2020-07-07,,,,water_temperature_deltaCelsius_BIN,High,100.0,8.0,,,,,,,,,
prevalence,,,,,,,,,,,2020-07-07,,,,workpiece_slice_geometry,180x180,100.0,8.0,,,,,,,,,
prevalence,,,,,,,,,,,2020-07-07,,,,num_stream_BIN,High,50.0,8.0,,,,,,,,,
prevalence,,,,,,,,,,,2020-07-07,,,,num_crystallizer_BIN,Medium,62.5,8.0,,,,,,,,,
prevalence,,,,,,,,,,,2020-07-07,,,,num_stream_BIN,Medium,25.0,8.0,,,,,,,,,
prevalence,,,,,,,,,,,2020-07-07,,,,num_stream_BIN,Low,25.0,8.0,,,,,,,,,
prevalence,,,,,,,,,,,2020-07-07,,,,num_crystallizer_BIN,Low,25.0,8.0,,,,,,,,,
prevalence,,,,,,,,,,,2020-07-08,,,,RUL_BIN,Healthy,100.0,9.0,,,,,,,,,
prevalence,,,,,,,,,,,2020-07-08,,,,alloy_speed_meter_minute_BIN,Medium,100.0,9.0,,,,,,,,,
prevalence,,,,,,,,,,,2020-07-08,,,,alloy_type,open,100.0,9.0,,,,,,,,,
prevalence,,,,,,,,,,,2020-07-08,,,,cast_in_row_BIN,Low,100.0,9.0,,,,,,,,,
prevalence,,,,,,,,,,,2020-07-08,,,,crystallizer_movementmm_BIN,Low,100.0,9.0,,,,,,,,,
prevalence,,,,,,,,,,,2020-07-08,,,,resistance_tonn_BIN,Low,100.0,9.0,,,,,,,,,
prevalence,,,,,,,,,,,2020-07-08,,,,steel_temperature_grab1Celsius_BIN,High,100.0,9.0,,,,,,,,,
prevalence,,,,,,,,,,,2020-07-08,,,,steel_type,Arm500,100.0,9.0,,,,,,,,,
prevalence,,,,,,,,,,,2020-07-08,,,,steel_weighttonn_BIN,High,100.0,9.0,,,,,,,,,
prevalence,,,,,,,,,,,2020-07-08,,,,swing_frequency_amount_minute_BIN,High,100.0,9.0,,,,,,,,,
prevalence,,,,,,,,,,,2020-07-08,,,,temperature_measurement1_Celsius_BIN,Low,100.0,9.0,,,,,,,,,
prevalence,,,,,,,,,,,2020-07-08,,,,temperature_measurement2_Celsius_BIN,Low,100.0,9.0,,,,,,,,,
prevalence,,,,,,,,,,,2020-07-08,,,,water_consumption_BIN,High,100.0,9.0,,,,,,,,,
prevalence,,,,,,,,,,,2020-07-08,,,,water_temperature_deltaCelsius_BIN,High,100.0,9.0,,,,,,,,,
prevalence,,,,,,,,,,,2020-07-08,,,,workpiece_slice_geometry,180x180,100.0,9.0,,,,,,,,,
prevalence,,,,,,,,,,,2020-07-08,,,,num_stream_BIN,High,55.56,9.0,,,,,,,,,
prevalence,,,,,,,,,,,2020-07-08,,,,num_crystallizer_BIN,Medium,55.56,9.0,,,,,,,,,
prevalence,,,,,,,,,,,2020-07-08,,,,num_stream_BIN,Medium,22.22,9.0,,,,,,,,,
prevalence,,,,,,,,,,,2020-07-08,,,,num_stream_BIN,Low,22.22,9.0,,,,,,,,,
prevalence,,,,,,,,,,,2020-07-08,,,,num_crystallizer_BIN,Low,22.22,9.0,,,,,,,,,
prevalence,,,,,,,,,,,2020-07-08,,,,num_crystallizer_BIN,High,22.22,9.0,,,,,,,,,
prevalence,,,,,,,,,,,2020-07-09,,,,RUL_BIN,Healthy,100.0,10.0,,,,,,,,,
prevalence,,,,,,,,,,,2020-07-09,,,,alloy_speed_meter_minute_BIN,Medium,100.0,10.0,,,,,,,,,
prevalence,,,,,,,,,,,2020-07-09,,,,alloy_type,open,100.0,10.0,,,,,,,,,
prevalence,,,,,,,,,,,2020-07-09,,,,cast_in_row_BIN,Low,100.0,10.0,,,,,,,,,
prevalence,,,,,,,,,,,2020-07-09,,,,crystallizer_movementmm_BIN,Low,100.0,10.0,,,,,,,,,
prevalence,,,,,,,,,,,2020-07-09,,,,resistance_tonn_BIN,Low,100.0,10.0,,,,,,,,,
prevalence,,,,,,,,,,,2020-07-09,,,,steel_temperature_grab1Celsius_BIN,High,100.0,10.0,,,,,,,,,
prevalence,,,,,,,,,,,2020-07-09,,,,steel_type,Arm500,100.0,10.0,,,,,,,,,
prevalence,,,,,,,,,,,2020-07-09,,,,steel_weighttonn_BIN,Medium,100.0,10.0,,,,,,,,,
prevalence,,,,,,,,,,,2020-07-09,,,,swing_frequency_amount_minute_BIN,High,100.0,10.0,,,,,,,,,
prevalence,,,,,,,,,,,2020-07-09,,,,temperature_measurement1_Celsius_BIN,Low,100.0,10.0,,,,,,,,,
prevalence,,,,,,,,,,,2020-07-09,,,,temperature_measurement2_Celsius_BIN,Low,100.0,10.0,,,,,,,,,
prevalence,,,,,,,,,,,2020-07-09,,,,water_consumption_BIN,High,100.0,10.0,,,,,,,,,
prevalence,,,,,,,,,,,2020-07-09,,,,water_temperature_deltaCelsius_BIN,High,100.0,10.0,,,,,,,,,
prevalence,,,,,,,,,,,2020-07-09,,,,workpiece_slice_geometry,180x180,100.0,10.0,,,,,,,,,
prevalence,,,,,,,,,,,2020-07-09,,,,num_stream_BIN,Low,40.0,10.0,,,,,,,,,
prevalence,,,,,,,,,,,2020-07-09,,,,num_stream_BIN,High,40.0,10.0,,,,,,,,,
prevalence,,,,,,,,,,,2020-07-09,,,,num_crystallizer_BIN,Medium,50.0,10.0,,,,,,,,,
prevalence,,,,,,,,,,,2020-07-09,,,,num_stream_BIN,Medium,20.0,10.0,,,,,,,,,
prevalence,,,,,,,,,,,2020-07-09,,,,num_crystallizer_BIN,Low,20.0,10.0,,,,,,,,,
prevalence,,,,,,,,,,,2020-07-09,,,,num_crystallizer_BIN,High,20.0,10.0,,,,,,,,,
prevalence,,,,,,,,,,,2020-07-13,,,,alloy_speed_meter_minute_BIN,Medium,100.0,15.0,,,,,,,,,
prevalence,,,,,,,,,,,2020-07-13,,,,alloy_type,open,100.0,15.0,,,,,,,,,
prevalence,,,,,,,,,,,2020-07-13,,,,cast_in_row_BIN,Medium,100.0,15.0,,,,,,,,,
prevalence,,,,,,,,,,,2020-07-13,,,,crystallizer_movementmm_BIN,High,100.0,15.0,,,,,,,,,
prevalence,,,,,,,,,,,2020-07-13,,,,resistance_tonn_BIN,Low,100.0,15.0,,,,,,,,,
prevalence,,,,,,,,,,,2020-07-13,,,,steel_temperature_grab1Celsius_BIN,High,100.0,15.0,,,,,,,,,
prevalence,,,,,,,,,,,2020-07-13,,,,steel_type,Arm500,100.0,15.0,,,,,,,,,
prevalence,,,,,,,,,,,2020-07-13,,,,steel_weighttonn_BIN,High,100.0,15.0,,,,,,,,,
prevalence,,,,,,,,,,,2020-07-13,,,,swing_frequency_amount_minute_BIN,High,100.0,15.0,,,,,,,,,
prevalence,,,,,,,,,,,2020-07-13,,,,temperature_measurement1_Celsius_BIN,Low,100.0,15.0,,,,,,,,,
prevalence,,,,,,,,,,,2020-07-13,,,,temperature_measurement2_Celsius_BIN,Low,100.0,15.0,,,,,,,,,
prevalence,,,,,,,,,,,2020-07-13,,,,water_consumption_BIN,High,100.0,15.0,,,,,,,,,
prevalence,,,,,,,,,,,2020-07-13,,,,water_temperature_deltaCelsius_BIN,High,100.0,15.0,,,,,,,,,
prevalence,,,,,,,,,,,2020-07-13,,,,workpiece_slice_geometry,180x180,100.0,15.0,,,,,,,,,
prevalence,,,,,,,,,,,2020-07-13,,,,num_crystallizer_BIN,Medium,53.33,15.0,,,,,,,,,
prevalence,,,,,,,,,,,2020-07-13,,,,num_stream_BIN,Medium,26.67,15.0,,,,,,,,,
prevalence,,,,,,,,,,,2020-07-13,,,,RUL_BIN,Medium,13.33,15.0,,,,,,,,,
prevalence,,,,,,,,,,,2020-07-13,,,,RUL_BIN,Healthy,73.33,15.0,,,,,,,,,
prevalence,,,,,,,,,,,2020-07-13,,,,num_stream_BIN,Low,26.67,15.0,,,,,,,,,
prevalence,,,,,,,,,,,2020-07-13,,,,num_stream_BIN,High,26.67,15.0,,,,,,,,,
prevalence,,,,,,,,,,,2020-07-13,,,,num_crystallizer_BIN,Low,26.67,15.0,,,,,,,,,
prevalence,,,,,,,,,,,2020-07-14,,,,alloy_speed_meter_minute_BIN,Medium,100.0,23.0,,,,,,,,,
prevalence,,,,,,,,,,,2020-07-14,,,,alloy_type,open,100.0,23.0,,,,,,,,,
prevalence,,,,,,,,,,,2020-07-14,,,,cast_in_row_BIN,High,100.0,23.0,,,,,,,,,
prevalence,,,,,,,,,,,2020-07-14,,,,crystallizer_movementmm_BIN,Low,100.0,23.0,,,,,,,,,
prevalence,,,,,,,,,,,2020-07-14,,,,resistance_tonn_BIN,Low,100.0,23.0,,,,,,,,,
prevalence,,,,,,,,,,,2020-07-14,,,,steel_temperature_grab1Celsius_BIN,High,100.0,23.0,,,,,,,,,
prevalence,,,,,,,,,,,2020-07-14,,,,steel_type,Arm500,100.0,23.0,,,,,,,,,
prevalence,,,,,,,,,,,2020-07-14,,,,steel_weighttonn_BIN,High,100.0,23.0,,,,,,,,,
prevalence,,,,,,,,,,,2020-07-14,,,,swing_frequency_amount_minute_BIN,High,100.0,23.0,,,,,,,,,
prevalence,,,,,,,,,,,2020-07-14,,,,temperature_measurement1_Celsius_BIN,Low,100.0,23.0,,,,,,,,,
prevalence,,,,,,,,,,,2020-07-14,,,,temperature_measurement2_Celsius_BIN,Low,100.0,23.0,,,,,,,,,
prevalence,,,,,,,,,,,2020-07-14,,,,water_consumption_BIN,High,100.0,23.0,,,,,,,,,
prevalence,,,,,,,,,,,2020-07-14,,,,water_temperature_deltaCelsius_BIN,High,100.0,23.0,,,,,,,,,
prevalence,,,,,,,,,,,2020-07-14,,,,workpiece_slice_geometry,180x180,100.0,23.0,,,,,,,,,
prevalence,,,,,,,,,,,2020-07-14,,,,num_stream_BIN,Medium,30.43,23.0,,,,,,,,,
prevalence,,,,,,,,,,,2020-07-14,,,,num_stream_BIN,Low,30.43,23.0,,,,,,,,,
prevalence,,,,,,,,,,,2020-07-14,,,,num_crystallizer_BIN,Medium,47.83,23.0,,,,,,,,,
prevalence,,,,,,,,,,,2020-07-14,,,,num_crystallizer_BIN,Low,17.39,23.0,,,,,,,,,
prevalence,,,,,,,,,,,2020-07-14,,,,RUL_BIN,Medium,34.78,23.0,,,,,,,,,
prevalence,,,,,,,,,,,2020-07-14,,,,num_stream_BIN,High,17.39,23.0,,,,,,,,,
prevalence,,,,,,,,,,,2020-07-14,,,,RUL_BIN,Healthy,39.13,23.0,,,,,,,,,
prevalence,,,,,,,,,,,2020-07-14,,,,num_crystallizer_BIN,High,8.7,23.0,,,,,,,,,
prevalence,,,,,,,,,,,2020-07-15,,,,alloy_speed_meter_minute_BIN,Medium,100.0,22.0,,,,,,,,,
prevalence,,,,,,,,,,,2020-07-15,,,,alloy_type,open,100.0,22.0,,,,,,,,,
prevalence,,,,,,,,,,,2020-07-15,,,,cast_in_row_BIN,Medium,100.0,22.0,,,,,,,,,
prevalence,,,,,,,,,,,2020-07-15,,,,crystallizer_movementmm_BIN,High,100.0,22.0,,,,,,,,,
prevalence,,,,,,,,,,,2020-07-15,,,,resistance_tonn_BIN,Low,100.0,22.0,,,,,,,,,
prevalence,,,,,,,,,,,2020-07-15,,,,steel_temperature_grab1Celsius_BIN,High,100.0,22.0,,,,,,,,,
prevalence,,,,,,,,,,,2020-07-15,,,,steel_type,Arm500,100.0,22.0,,,,,,,,,
prevalence,,,,,,,,,,,2020-07-15,,,,steel_weighttonn_BIN,High,100.0,22.0,,,,,,,,,
prevalence,,,,,,,,,,,2020-07-15,,,,swing_frequency_amount_minute_BIN,High,100.0,22.0,,,,,,,,,
prevalence,,,,,,,,,,,2020-07-15,,,,temperature_measurement1_Celsius_BIN,Low,100.0,22.0,,,,,,,,,
prevalence,,,,,,,,,,,2020-07-15,,,,temperature_measurement2_Celsius_BIN,Low,100.0,22.0,,,,,,,,,
prevalence,,,,,,,,,,,2020-07-15,,,,water_consumption_BIN,High,100.0,22.0,,,,,,,,,
prevalence,,,,,,,,,,,2020-07-15,,,,water_temperature_deltaCelsius_BIN,High,100.0,22.0,,,,,,,,,
prevalence,,,,,,,,,,,2020-07-15,,,,workpiece_slice_geometry,180x180,100.0,22.0,,,,,,,,,
prevalence,,,,,,,,,,,2020-07-15,,,,num_stream_BIN,Medium,31.82,22.0,,,,,,,,,
prevalence,,,,,,,,,,,2020-07-15,,,,num_stream_BIN,High,36.36,22.0,,,,,,,,,
prevalence,,,,,,,,,,,2020-07-15,,,,num_crystallizer_BIN,Medium,50.0,22.0,,,,,,,,,
prevalence,,,,,,,,,,,2020-07-15,,,,num_crystallizer_BIN,High,18.18,22.0,,,,,,,,,
prevalence,,,,,,,,,,,2020-07-15,,,,RUL_BIN,Medium,40.91,22.0,,,,,,,,,
prevalence,,,,,,,,,,,2020-07-15,,,,num_stream_BIN,Low,9.09,22.0,,,,,,,,,
prevalence,,,,,,,,,,,2020-07-15,,,,num_crystallizer_BIN,Low,9.09,22.0,,,,,,,,,
prevalence,,,,,,,,,,,2020-07-15,,,,RUL_BIN,Healthy,31.82,22.0,,,,,,,,,
prevalence,,,,,,,,,,,2020-07-16,,,,alloy_speed_meter_minute_BIN,Medium,100.0,13.0,,,,,,,,,
prevalence,,,,,,,,,,,2020-07-16,,,,alloy_type,open,100.0,13.0,,,,,,,,,
prevalence,,,,,,,,,,,2020-07-16,,,,cast_in_row_BIN,Low,100.0,13.0,,,,,,,,,
prevalence,,,,,,,,,,,2020-07-16,,,,crystallizer_movementmm_BIN,Low,100.0,13.0,,,,,,,,,
prevalence,,,,,,,,,,,2020-07-16,,,,resistance_tonn_BIN,Low,100.0,13.0,,,,,,,,,
prevalence,,,,,,,,,,,2020-07-16,,,,steel_temperature_grab1Celsius_BIN,High,100.0,13.0,,,,,,,,,
prevalence,,,,,,,,,,,2020-07-16,,,,steel_type,Arm500,100.0,13.0,,,,,,,,,
prevalence,,,,,,,,,,,2020-07-16,,,,steel_weighttonn_BIN,High,100.0,13.0,,,,,,,,,
prevalence,,,,,,,,,,,2020-07-16,,,,swing_frequency_amount_minute_BIN,High,100.0,13.0,,,,,,,,,
prevalence,,,,,,,,,,,2020-07-16,,,,temperature_measurement1_Celsius_BIN,Low,100.0,13.0,,,,,,,,,
prevalence,,,,,,,,,,,2020-07-16,,,,temperature_measurement2_Celsius_BIN,Low,100.0,13.0,,,,,,,,,
prevalence,,,,,,,,,,,2020-07-16,,,,water_consumption_BIN,High,100.0,13.0,,,,,,,,,
prevalence,,,,,,,,,,,2020-07-16,,,,water_temperature_deltaCelsius_BIN,High,100.0,13.0,,,,,,,,,
prevalence,,,,,,,,,,,2020-07-16,,,,workpiece_slice_geometry,180x180,100.0,13.0,,,,,,,,,
prevalence,,,,,,,,,,,2020-07-16,,,,num_crystallizer_BIN,Medium,46.15,13.0,,,,,,,,,
prevalence,,,,,,,,,,,2020-07-16,,,,num_crystallizer_BIN,High,30.77,13.0,,,,,,,,,
prevalence,,,,,,,,,,,2020-07-16,,,,RUL_BIN,Medium,53.85,13.0,,,,,,,,,
prevalence,,,,,,,,,,,2020-07-16,,,,num_stream_BIN,High,30.77,13.0,,,,,,,,,
prevalence,,,,,,,,,,,2020-07-16,,,,num_stream_BIN,Low,15.38,13.0,,,,,,,,,
prevalence,,,,,,,,,,,2020-07-16,,,,RUL_BIN,Healthy,30.77,13.0,,,,,,,,,
prevalence,,,,,,,,,,,2020-07-16,,,,num_stream_BIN,Medium,30.77,13.0,,,,,,,,,
prevalence,,,,,,,,,,,2020-07-17,,,,alloy_speed_meter_minute_BIN,Medium,100.0,18.0,,,,,,,,,
prevalence,,,,,,,,,,,2020-07-17,,,,alloy_type,open,100.0,18.0,,,,,,,,,
prevalence,,,,,,,,,,,2020-07-17,,,,cast_in_row_BIN,High,100.0,18.0,,,,,,,,,
prevalence,,,,,,,,,,,2020-07-17,,,,crystallizer_movementmm_BIN,High,100.0,18.0,,,,,,,,,
prevalence,,,,,,,,,,,2020-07-17,,,,resistance_tonn_BIN,Low,100.0,18.0,,,,,,,,,
prevalence,,,,,,,,,,,2020-07-17,,,,steel_temperature_grab1Celsius_BIN,High,100.0,18.0,,,,,,,,,
prevalence,,,,,,,,,,,2020-07-17,,,,steel_type,Arm500,100.0,18.0,,,,,,,,,
prevalence,,,,,,,,,,,2020-07-17,,,,steel_weighttonn_BIN,High,100.0,18.0,,,,,,,,,
prevalence,,,,,,,,,,,2020-07-17,,,,swing_frequency_amount_minute_BIN,High,100.0,18.0,,,,,,,,,
prevalence,,,,,,,,,,,2020-07-17,,,,temperature_measurement1_Celsius_BIN,Low,100.0,18.0,,,,,,,,,
prevalence,,,,,,,,,,,2020-07-17,,,,temperature_measurement2_Celsius_BIN,Low,100.0,18.0,,,,,,,,,
prevalence,,,,,,,,,,,2020-07-17,,,,water_consumption_BIN,High,100.0,18.0,,,,,,,,,
prevalence,,,,,,,,,,,2020-07-17,,,,water_temperature_deltaCelsius_BIN,High,100.0,18.0,,,,,,,,,
prevalence,,,,,,,,,,,2020-07-17,,,,workpiece_slice_geometry,180x180,100.0,18.0,,,,,,,,,
prevalence,,,,,,,,,,,2020-07-17,,,,num_stream_BIN,Medium,38.89,18.0,,,,,,,,,
prevalence,,,,,,,,,,,2020-07-17,,,,num_stream_BIN,High,22.22,18.0,,,,,,,,,
prevalence,,,,,,,,,,,2020-07-17,,,,num_crystallizer_BIN,Medium,44.44,18.0,,,,,,,,,
prevalence,,,,,,,,,,,2020-07-17,,,,num_crystallizer_BIN,High,22.22,18.0,,,,,,,,,
prevalence,,,,,,,,,,,2020-07-17,,,,RUL_BIN,Medium,55.56,18.0,,,,,,,,,
prevalence,,,,,,,,,,,2020-07-17,,,,num_stream_BIN,Low,22.22,18.0,,,,,,,,,
prevalence,,,,,,,,,,,2020-07-17,,,,num_crystallizer_BIN,Low,11.11,18.0,,,,,,,,,
prevalence,,,,,,,,,,,2020-07-17,,,,RUL_BIN,Low,11.11,18.0,,,,,,,,,
prevalence,,,,,,,,,,,2020-07-17,,,,RUL_BIN,Healthy,11.11,18.0,,,,,,,,,
prevalence,,,,,,,,,,,2020-07-18,,,,alloy_speed_meter_minute_BIN,Medium,100.0,12.0,,,,,,,,,
prevalence,,,,,,,,,,,2020-07-18,,,,alloy_type,open,100.0,12.0,,,,,,,,,
prevalence,,,,,,,,,,,2020-07-18,,,,cast_in_row_BIN,Low,100.0,12.0,,,,,,,,,
prevalence,,,,,,,,,,,2020-07-18,,,,crystallizer_movementmm_BIN,Low,100.0,12.0,,,,,,,,,
prevalence,,,,,,,,,,,2020-07-18,,,,resistance_tonn_BIN,Low,100.0,12.0,,,,,,,,,
prevalence,,,,,,,,,,,2020-07-18,,,,steel_temperature_grab1Celsius_BIN,High,100.0,12.0,,,,,,,,,
prevalence,,,,,,,,,,,2020-07-18,,,,steel_type,Arm500,100.0,12.0,,,,,,,,,
prevalence,,,,,,,,,,,2020-07-18,,,,steel_weighttonn_BIN,High,100.0,12.0,,,,,,,,,
prevalence,,,,,,,,,,,2020-07-18,,,,swing_frequency_amount_minute_BIN,High,100.0,12.0,,,,,,,,,
prevalence,,,,,,,,,,,2020-07-18,,,,temperature_measurement1_Celsius_BIN,Low,100.0,12.0,,,,,,,,,
prevalence,,,,,,,,,,,2020-07-18,,,,temperature_measurement2_Celsius_BIN,Low,100.0,12.0,,,,,,,,,
prevalence,,,,,,,,,,,2020-07-18,,,,water_consumption_BIN,High,100.0,12.0,,,,,,,,,
prevalence,,,,,,,,,,,2020-07-18,,,,water_temperature_deltaCelsius_BIN,High,100.0,12.0,,,,,,,,,
prevalence,,,,,,,,,,,2020-07-18,,,,workpiece_slice_geometry,180x180,100.0,12.0,,,,,,,,,
prevalence,,,,,,,,,,,2020-07-18,,,,num_crystallizer_BIN,Medium,50.0,12.0,,,,,,,,,
prevalence,,,,,,,,,,,2020-07-18,,,,RUL_BIN,Medium,58.33,12.0,,,,,,,,,
prevalence,,,,,,,,,,,2020-07-18,,,,num_stream_BIN,Low,33.33,12.0,,,,,,,,,
prevalence,,,,,,,,,,,2020-07-18,,,,num_stream_BIN,Medium,16.67,12.0,,,,,,,,,
prevalence,,,,,,,,,,,2020-07-18,,,,num_crystallizer_BIN,Low,16.67,12.0,,,,,,,,,
prevalence,,,,,,,,,,,2020-07-18,,,,RUL_BIN,Low,33.33,12.0,,,,,,,,,
prevalence,,,,,,,,,,,2020-07-18,,,,num_stream_BIN,High,33.33,12.0,,,,,,,,,
prevalence,,,,,,,,,,,2020-07-18,,,,num_crystallizer_BIN,High,16.67,12.0,,,,,,,,,
prevalence,,,,,,,,,,,2020-07-19,,,,alloy_speed_meter_minute_BIN,Medium,100.0,18.0,,,,,,,,,
prevalence,,,,,,,,,,,2020-07-19,,,,alloy_type,open,100.0,18.0,,,,,,,,,
prevalence,,,,,,,,,,,2020-07-19,,,,cast_in_row_BIN,Medium,100.0,18.0,,,,,,,,,
prevalence,,,,,,,,,,,2020-07-19,,,,crystallizer_movementmm_BIN,High,100.0,18.0,,,,,,,,,
prevalence,,,,,,,,,,,2020-07-19,,,,resistance_tonn_BIN,Low,100.0,18.0,,,,,,,,,
prevalence,,,,,,,,,,,2020-07-19,,,,steel_temperature_grab1Celsius_BIN,High,100.0,18.0,,,,,,,,,
prevalence,,,,,,,,,,,2020-07-19,,,,steel_type,Arm500,100.0,18.0,,,,,,,,,
prevalence,,,,,,,,,,,2020-07-19,,,,steel_weighttonn_BIN,High,100.0,18.0,,,,,,,,,
prevalence,,,,,,,,,,,2020-07-19,,,,swing_frequency_amount_minute_BIN,High,100.0,18.0,,,,,,,,,
prevalence,,,,,,,,,,,2020-07-19,,,,temperature_measurement1_Celsius_BIN,Low,100.0,18.0,,,,,,,,,
prevalence,,,,,,,,,,,2020-07-19,,,,temperature_measurement2_Celsius_BIN,Low,100.0,18.0,,,,,,,,,
prevalence,,,,,,,,,,,2020-07-19,,,,water_consumption_BIN,High,100.0,18.0,,,,,,,,,
prevalence,,,,,,,,,,,2020-07-19,,,,water_temperature_deltaCelsius_BIN,High,100.0,18.0,,,,,,,,,
prevalence,,,,,,,,,,,2020-07-19,,,,workpiece_slice_geometry,180x180,100.0,18.0,,,,,,,,,
prevalence,,,,,,,,,,,2020-07-19,,,,num_stream_BIN,Low,22.22,18.0,,,,,,,,,
prevalence,,,,,,,,,,,2020-07-19,,,,num_stream_BIN,High,33.33,18.0,,,,,,,,,
prevalence,,,,,,,,,,,2020-07-19,,,,num_crystallizer_BIN,Medium,44.44,18.0,,,,,,,,,
prevalence,,,,,,,,,,,2020-07-19,,,,num_stream_BIN,Medium,22.22,18.0,,,,,,,,,
prevalence,,,,,,,,,,,2020-07-19,,,,RUL_BIN,Medium,33.33,18.0,,,,,,,,,
prevalence,,,,,,,,,,,2020-07-19,,,,num_crystallizer_BIN,Low,22.22,18.0,,,,,,,,,
prevalence,,,,,,,,,,,2020-07-19,,,,RUL_BIN,Low,44.44,18.0,,,,,,,,,
prevalence,,,,,,,,,,,2020-07-19,,,,num_crystallizer_BIN,High,11.11,18.0,,,,,,,,,
prevalence,,,,,,,,,,,2020-07-20,,,,alloy_speed_meter_minute_BIN,Medium,100.0,18.0,,,,,,,,,
prevalence,,,,,,,,,,,2020-07-20,,,,alloy_type,open,100.0,18.0,,,,,,,,,
prevalence,,,,,,,,,,,2020-07-20,,,,cast_in_row_BIN,Low,100.0,18.0,,,,,,,,,
prevalence,,,,,,,,,,,2020-07-20,,,,crystallizer_movementmm_BIN,Low,100.0,18.0,,,,,,,,,
prevalence,,,,,,,,,,,2020-07-20,,,,resistance_tonn_BIN,Low,100.0,18.0,,,,,,,,,
prevalence,,,,,,,,,,,2020-07-20,,,,steel_temperature_grab1Celsius_BIN,High,100.0,18.0,,,,,,,,,
prevalence,,,,,,,,,,,2020-07-20,,,,steel_type,Arm500,100.0,18.0,,,,,,,,,
prevalence,,,,,,,,,,,2020-07-20,,,,steel_weighttonn_BIN,High,100.0,18.0,,,,,,,,,
prevalence,,,,,,,,,,,2020-07-20,,,,swing_frequency_amount_minute_BIN,High,100.0,18.0,,,,,,,,,
prevalence,,,,,,,,,,,2020-07-20,,,,temperature_measurement1_Celsius_BIN,Low,100.0,18.0,,,,,,,,,
prevalence,,,,,,,,,,,2020-07-20,,,,temperature_measurement2_Celsius_BIN,Low,100.0,18.0,,,,,,,,,
prevalence,,,,,,,,,,,2020-07-20,,,,water_consumption_BIN,High,100.0,18.0,,,,,,,,,
prevalence,,,,,,,,,,,2020-07-20,,,,water_temperature_deltaCelsius_BIN,High,100.0,18.0,,,,,,,,,
prevalence,,,,,,,,,,,2020-07-20,,,,workpiece_slice_geometry,180x180,100.0,18.0,,,,,,,,,
prevalence,,,,,,,,,,,2020-07-20,,,,num_stream_BIN,Medium,38.89,18.0,,,,,,,,,
prevalence,,,,,,,,,,,2020-07-20,,,,num_stream_BIN,Low,22.22,18.0,,,,,,,,,
prevalence,,,,,,,,,,,2020-07-20,,,,num_stream_BIN,High,22.22,18.0,,,,,,,,,
prevalence,,,,,,,,,,,2020-07-20,,,,num_crystallizer_BIN,Medium,44.44,18.0,,,,,,,,,
prevalence,,,,,,,,,,,2020-07-20,,,,RUL_BIN,Medium,44.44,18.0,,,,,,,,,
prevalence,,,,,,,,,,,2020-07-20,,,,num_crystallizer_BIN,Low,22.22,18.0,,,,,,,,,
prevalence,,,,,,,,,,,2020-07-20,,,,num_crystallizer_BIN,High,11.11,18.0,,,,,,,,,
prevalence,,,,,,,,,,,2020-07-20,,,,RUL_BIN,Low,27.78,18.0,,,,,,,,,
prevalence,,,,,,,,,,,2020-07-21,,,,alloy_speed_meter_minute_BIN,Medium,100.0,11.0,,,,,,,,,
prevalence,,,,,,,,,,,2020-07-21,,,,alloy_type,open,100.0,11.0,,,,,,,,,
prevalence,,,,,,,,,,,2020-07-21,,,,cast_in_row_BIN,Low,100.0,11.0,,,,,,,,,
prevalence,,,,,,,,,,,2020-07-21,,,,crystallizer_movementmm_BIN,Low,100.0,11.0,,,,,,,,,
prevalence,,,,,,,,,,,2020-07-21,,,,resistance_tonn_BIN,Low,100.0,11.0,,,,,,,,,
prevalence,,,,,,,,,,,2020-07-21,,,,steel_temperature_grab1Celsius_BIN,High,100.0,11.0,,,,,,,,,
prevalence,,,,,,,,,,,2020-07-21,,,,steel_type,Arm500,100.0,11.0,,,,,,,,,
prevalence,,,,,,,,,,,2020-07-21,,,,steel_weighttonn_BIN,High,100.0,11.0,,,,,,,,,
prevalence,,,,,,,,,,,2020-07-21,,,,swing_frequency_amount_minute_BIN,High,100.0,11.0,,,,,,,,,
prevalence,,,,,,,,,,,2020-07-21,,,,temperature_measurement1_Celsius_BIN,Low,100.0,11.0,,,,,,,,,
prevalence,,,,,,,,,,,2020-07-21,,,,temperature_measurement2_Celsius_BIN,Low,100.0,11.0,,,,,,,,,
prevalence,,,,,,,,,,,2020-07-21,,,,water_consumption_BIN,High,100.0,11.0,,,,,,,,,
prevalence,,,,,,,,,,,2020-07-21,,,,water_temperature_deltaCelsius_BIN,High,100.0,11.0,,,,,,,,,
prevalence,,,,,,,,,,,2020-07-21,,,,workpiece_slice_geometry,180x180,100.0,11.0,,,,,,,,,
prevalence,,,,,,,,,,,2020-07-21,,,,num_stream_BIN,Medium,36.36,11.0,,,,,,,,,
prevalence,,,,,,,,,,,2020-07-21,,,,RUL_BIN,Medium,18.18,11.0,,,,,,,,,
prevalence,,,,,,,,,,,2020-07-21,,,,num_crystallizer_BIN,High,18.18,11.0,,,,,,,,,
prevalence,,,,,,,,,,,2020-07-21,,,,RUL_BIN,Low,72.73,11.0,,,,,,,,,
prevalence,,,,,,,,,,,2020-07-21,,,,num_stream_BIN,High,36.36,11.0,,,,,,,,,
prevalence,,,,,,,,,,,2020-07-21,,,,num_crystallizer_BIN,Medium,45.45,11.0,,,,,,,,,
prevalence,,,,,,,,,,,2020-07-21,,,,num_stream_BIN,Low,18.18,11.0,,,,,,,,,
prevalence,,,,,,,,,,,2020-07-21,,,,num_crystallizer_BIN,Low,18.18,11.0,,,,,,,,,
prevalence,,,,,,,,,,,2020-07-22,,,,alloy_speed_meter_minute_BIN,Medium,100.0,11.0,,,,,,,,,
prevalence,,,,,,,,,,,2020-07-22,,,,alloy_type,open,100.0,11.0,,,,,,,,,
prevalence,,,,,,,,,,,2020-07-22,,,,cast_in_row_BIN,Medium,100.0,11.0,,,,,,,,,
prevalence,,,,,,,,,,,2020-07-22,,,,crystallizer_movementmm_BIN,Low,100.0,11.0,,,,,,,,,
prevalence,,,,,,,,,,,2020-07-22,,,,resistance_tonn_BIN,Low,100.0,11.0,,,,,,,,,
prevalence,,,,,,,,,,,2020-07-22,,,,steel_temperature_grab1Celsius_BIN,High,100.0,11.0,,,,,,,,,
prevalence,,,,,,,,,,,2020-07-22,,,,steel_type,Arm500,100.0,11.0,,,,,,,,,
prevalence,,,,,,,,,,,2020-07-22,,,,steel_weighttonn_BIN,High,100.0,11.0,,,,,,,,,
prevalence,,,,,,,,,,,2020-07-22,,,,swing_frequency_amount_minute_BIN,High,100.0,11.0,,,,,,,,,
prevalence,,,,,,,,,,,2020-07-22,,,,temperature_measurement1_Celsius_BIN,Low,100.0,11.0,,,,,,,,,
prevalence,,,,,,,,,,,2020-07-22,,,,temperature_measurement2_Celsius_BIN,Low,100.0,11.0,,,,,,,,,
prevalence,,,,,,,,,,,2020-07-22,,,,water_consumption_BIN,High,100.0,11.0,,,,,,,,,
prevalence,,,,,,,,,,,2020-07-22,,,,water_temperature_deltaCelsius_BIN,High,100.0,11.0,,,,,,,,,
prevalence,,,,,,,,,,,2020-07-22,,,,workpiece_slice_geometry,180x180,100.0,11.0,,,,,,,,,
prevalence,,,,,,,,,,,2020-07-22,,,,num_stream_BIN,Medium,36.36,11.0,,,,,,,,,
prevalence,,,,,,,,,,,2020-07-22,,,,RUL_BIN,Medium,18.18,11.0,,,,,,,,,
prevalence,,,,,,,,,,,2020-07-22,,,,num_crystallizer_BIN,High,18.18,11.0,,,,,,,,,
prevalence,,,,,,,,,,,2020-07-22,,,,RUL_BIN,Low,72.73,11.0,,,,,,,,,
prevalence,,,,,,,,,,,2020-07-22,,,,num_stream_BIN,High,36.36,11.0,,,,,,,,,
prevalence,,,,,,,,,,,2020-07-22,,,,num_crystallizer_BIN,Medium,45.45,11.0,,,,,,,,,
prevalence,,,,,,,,,,,2020-07-22,,,,num_stream_BIN,Low,18.18,11.0,,,,,,,,,
prevalence,,,,,,,,,,,2020-07-22,,,,num_crystallizer_BIN,Low,18.18,11.0,,,,,,,,,
prevalence,,,,,,,,,,,2020-07-23,,,,alloy_speed_meter_minute_BIN,Medium,100.0,18.0,,,,,,,,,
prevalence,,,,,,,,,,,2020-07-23,,,,alloy_type,open,100.0,18.0,,,,,,,,,
prevalence,,,,,,,,,,,2020-07-23,,,,cast_in_row_BIN,Medium,100.0,18.0,,,,,,,,,
prevalence,,,,,,,,,,,2020-07-23,,,,crystallizer_movementmm_BIN,High,100.0,18.0,,,,,,,,,
prevalence,,,,,,,,,,,2020-07-23,,,,resistance_tonn_BIN,Low,100.0,18.0,,,,,,,,,
prevalence,,,,,,,,,,,2020-07-23,,,,steel_temperature_grab1Celsius_BIN,High,100.0,18.0,,,,,,,,,
prevalence,,,,,,,,,,,2020-07-23,,,,steel_type,Arm500,100.0,18.0,,,,,,,,,
prevalence,,,,,,,,,,,2020-07-23,,,,steel_weighttonn_BIN,Medium,100.0,18.0,,,,,,,,,
prevalence,,,,,,,,,,,2020-07-23,,,,swing_frequency_amount_minute_BIN,High,100.0,18.0,,,,,,,,,
prevalence,,,,,,,,,,,2020-07-23,,,,temperature_measurement1_Celsius_BIN,Low,100.0,18.0,,,,,,,,,
prevalence,,,,,,,,,,,2020-07-23,,,,temperature_measurement2_Celsius_BIN,Low,100.0,18.0,,,,,,,,,
prevalence,,,,,,,,,,,2020-07-23,,,,water_consumption_BIN,High,100.0,18.0,,,,,,,,,
prevalence,,,,,,,,,,,2020-07-23,,,,water_temperature_deltaCelsius_BIN,High,100.0,18.0,,,,,,,,,
prevalence,,,,,,,,,,,2020-07-23,,,,workpiece_slice_geometry,180x180,100.0,18.0,,,,,,,,,
prevalence,,,,,,,,,,,2020-07-23,,,,num_stream_BIN,Medium,38.89,18.0,,,,,,,,,
prevalence,,,,,,,,,,,2020-07-23,,,,num_stream_BIN,High,33.33,18.0,,,,,,,,,
prevalence,,,,,,,,,,,2020-07-23,,,,num_crystallizer_BIN,Medium,44.44,18.0,,,,,,,,,
prevalence,,,,,,,,,,,2020-07-23,,,,num_crystallizer_BIN,High,22.22,18.0,,,,,,,,,
prevalence,,,,,,,,,,,2020-07-23,,,,RUL_BIN,Medium,11.11,18.0,,,,,,,,,
prevalence,,,,,,,,,,,2020-07-23,,,,RUL_BIN,Low,55.56,18.0,,,,,,,,,
prevalence,,,,,,,,,,,2020-07-23,,,,num_stream_BIN,Low,11.11,18.0,,,,,,,,,
prevalence,,,,,,,,,,,2020-07-23,,,,num_crystallizer_BIN,Low,11.11,18.0,,,,,,,,,
prevalence,,,,,,,,,,,2020-07-23,,,,RUL_BIN,Critical,11.11,18.0,,,,,,,,,
prevalence,,,,,,,,,,,2020-07-24,,,,alloy_speed_meter_minute_BIN,Medium,100.0,23.0,,,,,,,,,
prevalence,,,,,,,,,,,2020-07-24,,,,alloy_type,open,100.0,23.0,,,,,,,,,
prevalence,,,,,,,,,,,2020-07-24,,,,cast_in_row_BIN,Low,100.0,23.0,,,,,,,,,
prevalence,,,,,,,,,,,2020-07-24,,,,crystallizer_movementmm_BIN,Low,100.0,23.0,,,,,,,,,
prevalence,,,,,,,,,,,2020-07-24,,,,resistance_tonn_BIN,Low,100.0,23.0,,,,,,,,,
prevalence,,,,,,,,,,,2020-07-24,,,,steel_temperature_grab1Celsius_BIN,High,100.0,23.0,,,,,,,,,
prevalence,,,,,,,,,,,2020-07-24,,,,steel_type,Arm500,100.0,23.0,,,,,,,,,
prevalence,,,,,,,,,,,2020-07-24,,,,steel_weighttonn_BIN,High,100.0,23.0,,,,,,,,,
prevalence,,,,,,,,,,,2020-07-24,,,,swing_frequency_amount_minute_BIN,High,100.0,23.0,,,,,,,,,
prevalence,,,,,,,,,,,2020-07-24,,,,temperature_measurement1_Celsius_BIN,Low,100.0,23.0,,,,,,,,,
prevalence,,,,,,,,,,,2020-07-24,,,,temperature_measurement2_Celsius_BIN,Low,100.0,23.0,,,,,,,,,
prevalence,,,,,,,,,,,2020-07-24,,,,water_consumption_BIN,High,100.0,23.0,,,,,,,,,
prevalence,,,,,,,,,,,2020-07-24,,,,water_temperature_deltaCelsius_BIN,High,100.0,23.0,,,,,,,,,
prevalence,,,,,,,,,,,2020-07-24,,,,workpiece_slice_geometry,180x180,100.0,23.0,,,,,,,,,
prevalence,,,,,,,,,,,2020-07-24,,,,num_stream_BIN,Low,30.43,23.0,,,,,,,,,
prevalence,,,,,,,,,,,2020-07-24,,,,num_stream_BIN,High,26.09,23.0,,,,,,,,,
prevalence,,,,,,,,,,,2020-07-24,,,,num_crystallizer_BIN,Medium,39.13,23.0,,,,,,,,,
prevalence,,,,,,,,,,,2020-07-24,,,,num_crystallizer_BIN,High,17.39,23.0,,,,,,,,,
prevalence,,,,,,,,,,,2020-07-24,,,,RUL_BIN,Low,47.83,23.0,,,,,,,,,
prevalence,,,,,,,,,,,2020-07-24,,,,num_stream_BIN,Medium,17.39,23.0,,,,,,,,,
prevalence,,,,,,,,,,,2020-07-24,,,,num_crystallizer_BIN,Low,17.39,23.0,,,,,,,,,
prevalence,,,,,,,,,,,2020-07-24,,,,RUL_BIN,Critical,30.43,23.0,,,,,,,,,
prevalence,,,,,,,,,,,2020-07-25,,,,alloy_speed_meter_minute_BIN,Medium,100.0,14.0,,,,,,,,,
prevalence,,,,,,,,,,,2020-07-25,,,,alloy_type,open,100.0,14.0,,,,,,,,,
prevalence,,,,,,,,,,,2020-07-25,,,,cast_in_row_BIN,Medium,100.0,14.0,,,,,,,,,
prevalence,,,,,,,,,,,2020-07-25,,,,crystallizer_movementmm_BIN,High,100.0,14.0,,,,,,,,,
prevalence,,,,,,,,,,,2020-07-25,,,,resistance_tonn_BIN,Low,100.0,14.0,,,,,,,,,
prevalence,,,,,,,,,,,2020-07-25,,,,steel_temperature_grab1Celsius_BIN,High,100.0,14.0,,,,,,,,,
prevalence,,,,,,,,,,,2020-07-25,,,,steel_type,Arm500,100.0,14.0,,,,,,,,,
prevalence,,,,,,,,,,,2020-07-25,,,,steel_weighttonn_BIN,Medium,100.0,14.0,,,,,,,,,
prevalence,,,,,,,,,,,2020-07-25,,,,swing_frequency_amount_minute_BIN,High,100.0,14.0,,,,,,,,,
prevalence,,,,,,,,,,,2020-07-25,,,,temperature_measurement1_Celsius_BIN,Low,100.0,14.0,,,,,,,,,
prevalence,,,,,,,,,,,2020-07-25,,,,temperature_measurement2_Celsius_BIN,Low,100.0,14.0,,,,,,,,,
prevalence,,,,,,,,,,,2020-07-25,,,,water_consumption_BIN,High,100.0,14.0,,,,,,,,,
prevalence,,,,,,,,,,,2020-07-25,,,,water_temperature_deltaCelsius_BIN,High,100.0,14.0,,,,,,,,,
prevalence,,,,,,,,,,,2020-07-25,,,,workpiece_slice_geometry,180x180,100.0,14.0,,,,,,,,,
prevalence,,,,,,,,,,,2020-07-25,,,,num_stream_BIN,Low,28.57,14.0,,,,,,,,,
prevalence,,,,,,,,,,,2020-07-25,,,,num_crystallizer_BIN,Medium,42.86,14.0,,,,,,,,,
prevalence,,,,,,,,,,,2020-07-25,,,,num_crystallizer_BIN,Low,28.57,14.0,,,,,,,,,
prevalence,,,,,,,,,,,2020-07-25,,,,RUL_BIN,Low,28.57,14.0,,,,,,,,,
prevalence,,,,,,,,,,,2020-07-25,,,,num_stream_BIN,Medium,14.29,14.0,,,,,,,,,
prevalence,,,,,,,,,,,2020-07-25,,,,RUL_BIN,Critical,50.0,14.0,,,,,,,,,
prevalence,,,,,,,,,,,2020-07-25,,,,num_stream_BIN,High,28.57,14.0,,,,,,,,,
prevalence,,,,,,,,,,,2020-07-26,,,,alloy_speed_meter_minute_BIN,Medium,100.0,16.0,,,,,,,,,
prevalence,,,,,,,,,,,2020-07-26,,,,alloy_type,open,100.0,16.0,,,,,,,,,
prevalence,,,,,,,,,,,2020-07-26,,,,cast_in_row_BIN,Low,100.0,16.0,,,,,,,,,
prevalence,,,,,,,,,,,2020-07-26,,,,crystallizer_movementmm_BIN,Low,100.0,16.0,,,,,,,,,
prevalence,,,,,,,,,,,2020-07-26,,,,resistance_tonn_BIN,Low,100.0,16.0,,,,,,,,,
prevalence,,,,,,,,,,,2020-07-26,,,,steel_temperature_grab1Celsius_BIN,High,100.0,16.0,,,,,,,,,
prevalence,,,,,,,,,,,2020-07-26,,,,steel_type,Arm500,100.0,16.0,,,,,,,,,
prevalence,,,,,,,,,,,2020-07-26,,,,steel_weighttonn_BIN,High,100.0,16.0,,,,,,,,,
prevalence,,,,,,,,,,,2020-07-26,,,,swing_frequency_amount_minute_BIN,High,100.0,16.0,,,,,,,,,
prevalence,,,,,,,,,,,2020-07-26,,,,temperature_measurement1_Celsius_BIN,Low,100.0,16.0,,,,,,,,,
prevalence,,,,,,,,,,,2020-07-26,,,,temperature_measurement2_Celsius_BIN,Low,100.0,16.0,,,,,,,,,
prevalence,,,,,,,,,,,2020-07-26,,,,water_consumption_BIN,High,100.0,16.0,,,,,,,,,
prevalence,,,,,,,,,,,2020-07-26,,,,water_temperature_deltaCelsius_BIN,High,100.0,16.0,,,,,,,,,
prevalence,,,,,,,,,,,2020-07-26,,,,workpiece_slice_geometry,180x180,100.0,16.0,,,,,,,,,
prevalence,,,,,,,,,,,2020-07-26,,,,num_stream_BIN,Low,25.0,16.0,,,,,,,,,
prevalence,,,,,,,,,,,2020-07-26,,,,num_stream_BIN,High,37.5,16.0,,,,,,,,,
prevalence,,,,,,,,,,,2020-07-26,,,,num_crystallizer_BIN,Medium,37.5,16.0,,,,,,,,,
prevalence,,,,,,,,,,,2020-07-26,,,,num_crystallizer_BIN,Low,25.0,16.0,,,,,,,,,
prevalence,,,,,,,,,,,2020-07-26,,,,RUL_BIN,Low,25.0,16.0,,,,,,,,,
prevalence,,,,,,,,,,,2020-07-26,,,,num_stream_BIN,Medium,12.5,16.0,,,,,,,,,
prevalence,,,,,,,,,,,2020-07-26,,,,RUL_BIN,Healthy,12.5,16.0,,,,,,,,,
prevalence,,,,,,,,,,,2020-07-26,,,,num_crystallizer_BIN,High,12.5,16.0,,,,,,,,,
prevalence,,,,,,,,,,,2020-07-26,,,,RUL_BIN,Critical,43.75,16.0,,,,,,,,,
prevalence,,,,,,,,,,,2020-07-27,,,,alloy_speed_meter_minute_BIN,Medium,100.0,17.0,,,,,,,,,
prevalence,,,,,,,,,,,2020-07-27,,,,alloy_type,open,100.0,17.0,,,,,,,,,
prevalence,,,,,,,,,,,2020-07-27,,,,crystallizer_movementmm_BIN,High,100.0,17.0,,,,,,,,,
prevalence,,,,,,,,,,,2020-07-27,,,,resistance_tonn_BIN,Low,100.0,17.0,,,,,,,,,
prevalence,,,,,,,,,,,2020-07-27,,,,steel_temperature_grab1Celsius_BIN,High,100.0,17.0,,,,,,,,,
prevalence,,,,,,,,,,,2020-07-27,,,,steel_type,Arm500,100.0,17.0,,,,,,,,,
prevalence,,,,,,,,,,,2020-07-27,,,,steel_weighttonn_BIN,High,100.0,17.0,,,,,,,,,
prevalence,,,,,,,,,,,2020-07-27,,,,swing_frequency_amount_minute_BIN,High,100.0,17.0,,,,,,,,,
prevalence,,,,,,,,,,,2020-07-27,,,,temperature_measurement1_Celsius_BIN,Low,100.0,17.0,,,,,,,,,
prevalence,,,,,,,,,,,2020-07-27,,,,temperature_measurement2_Celsius_BIN,Low,100.0,17.0,,,,,,,,,
prevalence,,,,,,,,,,,2020-07-27,,,,water_consumption_BIN,High,100.0,17.0,,,,,,,,,
prevalence,,,,,,,,,,,2020-07-27,,,,water_temperature_deltaCelsius_BIN,High,100.0,17.0,,,,,,,,,
prevalence,,,,,,,,,,,2020-07-27,,,,workpiece_slice_geometry,180x180,100.0,17.0,,,,,,,,,
prevalence,,,,,,,,,,,2020-07-27,,,,num_stream_BIN,High,41.18,17.0,,,,,,,,,
prevalence,,,,,,,,,,,2020-07-27,,,,cast_in_row_BIN,Low,76.47,17.0,,,,,,,,,
prevalence,,,,,,,,,,,2020-07-27,,,,num_stream_BIN,Low,23.53,17.0,,,,,,,,,
prevalence,,,,,,,,,,,2020-07-27,,,,num_crystallizer_BIN,Medium,29.41,17.0,,,,,,,,,
prevalence,,,,,,,,,,,2020-07-27,,,,num_crystallizer_BIN,Low,23.53,17.0,,,,,,,,,
prevalence,,,,,,,,,,,2020-07-27,,,,RUL_BIN,Low,23.53,17.0,,,,,,,,,
prevalence,,,,,,,,,,,2020-07-27,,,,num_stream_BIN,Medium,11.76,17.0,,,,,,,,,
prevalence,,,,,,,,,,,2020-07-27,,,,RUL_BIN,Healthy,23.53,17.0,,,,,,,,,
prevalence,,,,,,,,,,,2020-07-27,,,,cast_in_row_BIN,Medium,11.76,17.0,,,,,,,,,
prevalence,,,,,,,,,,,2020-07-27,,,,num_crystallizer_BIN,High,11.76,17.0,,,,,,,,,
prevalence,,,,,,,,,,,2020-07-27,,,,RUL_BIN,Critical,23.53,17.0,,,,,,,,,
prevalence,,,,,,,,,,,2020-07-28,,,,alloy_speed_meter_minute_BIN,Medium,100.0,16.0,,,,,,,,,
prevalence,,,,,,,,,,,2020-07-28,,,,alloy_type,open,100.0,16.0,,,,,,,,,
prevalence,,,,,,,,,,,2020-07-28,,,,cast_in_row_BIN,Low,100.0,16.0,,,,,,,,,
prevalence,,,,,,,,,,,2020-07-28,,,,crystallizer_movementmm_BIN,Low,100.0,16.0,,,,,,,,,
prevalence,,,,,,,,,,,2020-07-28,,,,resistance_tonn_BIN,Low,100.0,16.0,,,,,,,,,
prevalence,,,,,,,,,,,2020-07-28,,,,steel_temperature_grab1Celsius_BIN,High,100.0,16.0,,,,,,,,,
prevalence,,,,,,,,,,,2020-07-28,,,,steel_type,Arm500,100.0,16.0,,,,,,,,,
prevalence,,,,,,,,,,,2020-07-28,,,,steel_weighttonn_BIN,High,100.0,16.0,,,,,,,,,
prevalence,,,,,,,,,,,2020-07-28,,,,swing_frequency_amount_minute_BIN,High,100.0,16.0,,,,,,,,,
prevalence,,,,,,,,,,,2020-07-28,,,,temperature_measurement1_Celsius_BIN,Low,100.0,16.0,,,,,,,,,
prevalence,,,,,,,,,,,2020-07-28,,,,temperature_measurement2_Celsius_BIN,Low,100.0,16.0,,,,,,,,,
prevalence,,,,,,,,,,,2020-07-28,,,,water_consumption_BIN,High,100.0,16.0,,,,,,,,,
prevalence,,,,,,,,,,,2020-07-28,,,,water_temperature_deltaCelsius_BIN,High,100.0,16.0,,,,,,,,,
prevalence,,,,,,,,,,,2020-07-28,,,,workpiece_slice_geometry,180x180,100.0,16.0,,,,,,,,,
prevalence,,,,,,,,,,,2020-07-28,,,,num_stream_BIN,Low,43.75,16.0,,,,,,,,,
prevalence,,,,,,,,,,,2020-07-28,,,,num_crystallizer_BIN,Medium,37.5,16.0,,,,,,,,,
prevalence,,,,,,,,,,,2020-07-28,,,,num_crystallizer_BIN,Low,25.0,16.0,,,,,,,,,
prevalence,,,,,,,,,,,2020-07-28,,,,RUL_BIN,Healthy,37.5,16.0,,,,,,,,,
prevalence,,,,,,,,,,,2020-07-28,,,,num_stream_BIN,High,25.0,16.0,,,,,,,,,
prevalence,,,,,,,,,,,2020-07-28,,,,num_crystallizer_BIN,High,12.5,16.0,,,,,,,,,
prevalence,,,,,,,,,,,2020-07-28,,,,RUL_BIN,Critical,43.75,16.0,,,,,,,,,
prevalence,,,,,,,,,,,2020-07-28,,,,num_stream_BIN,Medium,12.5,16.0,,,,,,,,,
prevalence,,,,,,,,,,,2020-07-29,,,,alloy_speed_meter_minute_BIN,Medium,100.0,18.0,,,,,,,,,
prevalence,,,,,,,,,,,2020-07-29,,,,alloy_type,open,100.0,18.0,,,,,,,,,
prevalence,,,,,,,,,,,2020-07-29,,,,cast_in_row_BIN,Medium,100.0,18.0,,,,,,,,,
prevalence,,,,,,,,,,,2020-07-29,,,,crystallizer_movementmm_BIN,High,100.0,18.0,,,,,,,,,
prevalence,,,,,,,,,,,2020-07-29,,,,resistance_tonn_BIN,Low,100.0,18.0,,,,,,,,,
prevalence,,,,,,,,,,,2020-07-29,,,,steel_temperature_grab1Celsius_BIN,High,100.0,18.0,,,,,,,,,
prevalence,,,,,,,,,,,2020-07-29,,,,steel_type,Arm500,100.0,18.0,,,,,,,,,
prevalence,,,,,,,,,,,2020-07-29,,,,steel_weighttonn_BIN,High,100.0,18.0,,,,,,,,,
prevalence,,,,,,,,,,,2020-07-29,,,,swing_frequency_amount_minute_BIN,High,100.0,18.0,,,,,,,,,
prevalence,,,,,,,,,,,2020-07-29,,,,temperature_measurement1_Celsius_BIN,Low,100.0,18.0,,,,,,,,,
prevalence,,,,,,,,,,,2020-07-29,,,,temperature_measurement2_Celsius_BIN,Low,100.0,18.0,,,,,,,,,
prevalence,,,,,,,,,,,2020-07-29,,,,water_consumption_BIN,High,100.0,18.0,,,,,,,,,
prevalence,,,,,,,,,,,2020-07-29,,,,water_temperature_deltaCelsius_BIN,High,100.0,18.0,,,,,,,,,
prevalence,,,,,,,,,,,2020-07-29,,,,workpiece_slice_geometry,180x180,100.0,18.0,,,,,,,,,
prevalence,,,,,,,,,,,2020-07-29,,,,num_stream_BIN,Low,38.89,18.0,,,,,,,,,
prevalence,,,,,,,,,,,2020-07-29,,,,num_stream_BIN,High,33.33,18.0,,,,,,,,,
prevalence,,,,,,,,,,,2020-07-29,,,,num_crystallizer_BIN,Medium,44.44,18.0,,,,,,,,,
prevalence,,,,,,,,,,,2020-07-29,,,,num_crystallizer_BIN,Low,22.22,18.0,,,,,,,,,
prevalence,,,,,,,,,,,2020-07-29,,,,RUL_BIN,Medium,22.22,18.0,,,,,,,,,
prevalence,,,,,,,,,,,2020-07-29,,,,num_crystallizer_BIN,High,11.11,18.0,,,,,,,,,
prevalence,,,,,,,,,,,2020-07-29,,,,RUL_BIN,Healthy,11.11,18.0,,,,,,,,,
prevalence,,,,,,,,,,,2020-07-29,,,,RUL_BIN,Critical,44.44,18.0,,,,,,,,,
prevalence,,,,,,,,,,,2020-07-29,,,,num_stream_BIN,Medium,11.11,18.0,,,,,,,,,
prevalence,,,,,,,,,,,2020-07-30,,,,alloy_speed_meter_minute_BIN,Medium,100.0,12.0,,,,,,,,,
prevalence,,,,,,,,,,,2020-07-30,,,,alloy_type,open,100.0,12.0,,,,,,,,,
prevalence,,,,,,,,,,,2020-07-30,,,,cast_in_row_BIN,Low,100.0,12.0,,,,,,,,,
prevalence,,,,,,,,,,,2020-07-30,,,,crystallizer_movementmm_BIN,Low,100.0,12.0,,,,,,,,,
prevalence,,,,,,,,,,,2020-07-30,,,,resistance_tonn_BIN,Low,100.0,12.0,,,,,,,,,
prevalence,,,,,,,,,,,2020-07-30,,,,steel_temperature_grab1Celsius_BIN,High,100.0,12.0,,,,,,,,,
prevalence,,,,,,,,,,,2020-07-30,,,,steel_type,Arm500,100.0,12.0,,,,,,,,,
prevalence,,,,,,,,,,,2020-07-30,,,,steel_weighttonn_BIN,High,100.0,12.0,,,,,,,,,
prevalence,,,,,,,,,,,2020-07-30,,,,swing_frequency_amount_minute_BIN,High,100.0,12.0,,,,,,,,,
prevalence,,,,,,,,,,,2020-07-30,,,,temperature_measurement1_Celsius_BIN,Low,100.0,12.0,,,,,,,,,
prevalence,,,,,,,,,,,2020-07-30,,,,temperature_measurement2_Celsius_BIN,Low,100.0,12.0,,,,,,,,,
prevalence,,,,,,,,,,,2020-07-30,,,,water_consumption_BIN,High,100.0,12.0,,,,,,,,,
prevalence,,,,,,,,,,,2020-07-30,,,,water_temperature_deltaCelsius_BIN,High,100.0,12.0,,,,,,,,,
prevalence,,,,,,,,,,,2020-07-30,,,,workpiece_slice_geometry,180x180,100.0,12.0,,,,,,,,,
prevalence,,,,,,,,,,,2020-07-30,,,,num_crystallizer_BIN,Medium,66.67,12.0,,,,,,,,,
prevalence,,,,,,,,,,,2020-07-30,,,,num_stream_BIN,High,33.33,12.0,,,,,,,,,
prevalence,,,,,,,,,,,2020-07-30,,,,RUL_BIN,Medium,16.67,12.0,,,,,,,,,
prevalence,,,,,,,,,,,2020-07-30,,,,RUL_BIN,Critical,66.67,12.0,,,,,,,,,
prevalence,,,,,,,,,,,2020-07-30,,,,num_stream_BIN,Low,33.33,12.0,,,,,,,,,
prevalence,,,,,,,,,,,2020-07-30,,,,num_stream_BIN,Medium,16.67,12.0,,,,,,,,,
prevalence,,,,,,,,,,,2020-07-30,,,,num_crystallizer_BIN,Low,16.67,12.0,,,,,,,,,
prevalence,,,,,,,,,,,2020-07-31,,,,alloy_speed_meter_minute_BIN,Medium,100.0,24.0,,,,,,,,,
prevalence,,,,,,,,,,,2020-07-31,,,,alloy_type,open,100.0,24.0,,,,,,,,,
prevalence,,,,,,,,,,,2020-07-31,,,,resistance_tonn_BIN,Low,100.0,24.0,,,,,,,,,
prevalence,,,,,,,,,,,2020-07-31,,,,steel_temperature_grab1Celsius_BIN,High,100.0,24.0,,,,,,,,,
prevalence,,,,,,,,,,,2020-07-31,,,,steel_type,Arm500,100.0,24.0,,,,,,,,,
prevalence,,,,,,,,,,,2020-07-31,,,,steel_weighttonn_BIN,Medium,100.0,24.0,,,,,,,,,
prevalence,,,,,,,,,,,2020-07-31,,,,swing_frequency_amount_minute_BIN,High,100.0,24.0,,,,,,,,,
prevalence,,,,,,,,,,,2020-07-31,,,,temperature_measurement1_Celsius_BIN,Low,100.0,24.0,,,,,,,,,
prevalence,,,,,,,,,,,2020-07-31,,,,temperature_measurement2_Celsius_BIN,Low,100.0,24.0,,,,,,,,,
prevalence,,,,,,,,,,,2020-07-31,,,,water_consumption_BIN,High,100.0,24.0,,,,,,,,,
prevalence,,,,,,,,,,,2020-07-31,,,,water_temperature_deltaCelsius_BIN,High,100.0,24.0,,,,,,,,,
prevalence,,,,,,,,,,,2020-07-31,,,,workpiece_slice_geometry,180x180,100.0,24.0,,,,,,,,,
prevalence,,,,,,,,,,,2020-07-31,,,,num_crystallizer_BIN,Medium,50.0,24.0,,,,,,,,,
prevalence,,,,,,,,,,,2020-07-31,,,,cast_in_row_BIN,Low,75.0,24.0,,,,,,,,,
prevalence,,,,,,,,,,,2020-07-31,,,,crystallizer_movementmm_BIN,Low,75.0,24.0,,,,,,,,,
prevalence,,,,,,,,,,,2020-07-31,,,,num_stream_BIN,Low,25.0,24.0,,,,,,,,,
prevalence,,,,,,,,,,,2020-07-31,,,,num_stream_BIN,High,29.17,24.0,,,,,,,,,
prevalence,,,,,,,,,,,2020-07-31,,,,num_crystallizer_BIN,High,16.67,24.0,,,,,,,,,
prevalence,,,,,,,,,,,2020-07-31,,,,RUL_BIN,Medium,16.67,24.0,,,,,,,,,
prevalence,,,,,,,,,,,2020-07-31,,,,RUL_BIN,Low,8.33,24.0,,,,,,,,,
prevalence,,,,,,,,,,,2020-07-31,,,,RUL_BIN,Critical,50.0,24.0,,,,,,,,,
prevalence,,,,,,,,,,,2020-07-31,,,,num_stream_BIN,Medium,16.67,24.0,,,,,,,,,
prevalence,,,,,,,,,,,2020-07-31,,,,cast_in_row_BIN,Medium,8.33,24.0,,,,,,,,,
prevalence,,,,,,,,,,,2020-07-31,,,,crystallizer_movementmm_BIN,High,8.33,24.0,,,,,,,,,
prevalence,,,,,,,,,,,2020-07-31,,,,num_crystallizer_BIN,Low,8.33,24.0,,,,,,,,,
prevalence,,,,,,,,,,,2020-08-05,,,,alloy_speed_meter_minute_BIN,High,100.0,15.0,,,,,,,,,
prevalence,,,,,,,,,,,2020-08-05,,,,alloy_type,open,100.0,15.0,,,,,,,,,
prevalence,,,,,,,,,,,2020-08-05,,,,cast_in_row_BIN,Low,100.0,15.0,,,,,,,,,
prevalence,,,,,,,,,,,2020-08-05,,,,crystallizer_movementmm_BIN,Medium,100.0,15.0,,,,,,,,,
prevalence,,,,,,,,,,,2020-08-05,,,,resistance_tonn_BIN,Low,100.0,15.0,,,,,,,,,
prevalence,,,,,,,,,,,2020-08-05,,,,steel_temperature_grab1Celsius_BIN,High,100.0,15.0,,,,,,,,,
prevalence,,,,,,,,,,,2020-08-05,,,,steel_type,St4sp,100.0,15.0,,,,,,,,,
prevalence,,,,,,,,,,,2020-08-05,,,,steel_weighttonn_BIN,High,100.0,15.0,,,,,,,,,
prevalence,,,,,,,,,,,2020-08-05,,,,swing_frequency_amount_minute_BIN,Low,100.0,15.0,,,,,,,,,
prevalence,,,,,,,,,,,2020-08-05,,,,temperature_measurement1_Celsius_BIN,Low,100.0,15.0,,,,,,,,,
prevalence,,,,,,,,,,,2020-08-05,,,,temperature_measurement2_Celsius_BIN,Low,100.0,15.0,,,,,,,,,
prevalence,,,,,,,,,,,2020-08-05,,,,water_consumption_BIN,High,100.0,15.0,,,,,,,,,
prevalence,,,,,,,,,,,2020-08-05,,,,water_temperature_deltaCelsius_BIN,High,100.0,15.0,,,,,,,,,
prevalence,,,,,,,,,,,2020-08-05,,,,workpiece_slice_geometry,150x150,100.0,15.0,,,,,,,,,
prevalence,,,,,,,,,,,2020-08-05,,,,num_stream_BIN,Low,40.0,15.0,,,,,,,,,
prevalence,,,,,,,,,,,2020-08-05,,,,num_crystallizer_BIN,Medium,46.67,15.0,,,,,,,,,
prevalence,,,,,,,,,,,2020-08-05,,,,num_stream_BIN,High,26.67,15.0,,,,,,,,,
prevalence,,,,,,,,,,,2020-08-05,,,,num_crystallizer_BIN,Low,26.67,15.0,,,,,,,,,
prevalence,,,,,,,,,,,2020-08-05,,,,RUL_BIN,Medium,26.67,15.0,,,,,,,,,
prevalence,,,,,,,,,,,2020-08-05,,,,num_crystallizer_BIN,High,13.33,15.0,,,,,,,,,
prevalence,,,,,,,,,,,2020-08-05,,,,RUL_BIN,Healthy,40.0,15.0,,,,,,,,,
prevalence,,,,,,,,,,,2020-08-05,,,,num_stream_BIN,Medium,13.33,15.0,,,,,,,,,
prevalence,,,,,,,,,,,2020-08-05,,,,RUL_BIN,Critical,13.33,15.0,,,,,,,,,
prevalence,,,,,,,,,,,2020-08-07,,,,alloy_speed_meter_minute_BIN,Medium,100.0,18.0,,,,,,,,,
prevalence,,,,,,,,,,,2020-08-07,,,,alloy_type,open,100.0,18.0,,,,,,,,,
prevalence,,,,,,,,,,,2020-08-07,,,,cast_in_row_BIN,Low,100.0,18.0,,,,,,,,,
prevalence,,,,,,,,,,,2020-08-07,,,,crystallizer_movementmm_BIN,Low,100.0,18.0,,,,,,,,,
prevalence,,,,,,,,,,,2020-08-07,,,,resistance_tonn_BIN,Low,100.0,18.0,,,,,,,,,
prevalence,,,,,,,,,,,2020-08-07,,,,steel_temperature_grab1Celsius_BIN,High,100.0,18.0,,,,,,,,,
prevalence,,,,,,,,,,,2020-08-07,,,,steel_type,25G2S,100.0,18.0,,,,,,,,,
prevalence,,,,,,,,,,,2020-08-07,,,,steel_weighttonn_BIN,High,100.0,18.0,,,,,,,,,
prevalence,,,,,,,,,,,2020-08-07,,,,swing_frequency_amount_minute_BIN,High,100.0,18.0,,,,,,,,,
prevalence,,,,,,,,,,,2020-08-07,,,,temperature_measurement1_Celsius_BIN,Low,100.0,18.0,,,,,,,,,
prevalence,,,,,,,,,,,2020-08-07,,,,temperature_measurement2_Celsius_BIN,Low,100.0,18.0,,,,,,,,,
prevalence,,,,,,,,,,,2020-08-07,,,,water_consumption_BIN,High,100.0,18.0,,,,,,,,,
prevalence,,,,,,,,,,,2020-08-07,,,,water_temperature_deltaCelsius_BIN,High,100.0,18.0,,,,,,,,,
prevalence,,,,,,,,,,,2020-08-07,,,,workpiece_slice_geometry,180x180,100.0,18.0,,,,,,,,,
prevalence,,,,,,,,,,,2020-08-07,,,,num_stream_BIN,Low,27.78,18.0,,,,,,,,,
prevalence,,,,,,,,,,,2020-08-07,,,,num_stream_BIN,High,22.22,18.0,,,,,,,,,
prevalence,,,,,,,,,,,2020-08-07,,,,num_crystallizer_BIN,Medium,27.78,18.0,,,,,,,,,
prevalence,,,,,,,,,,,2020-08-07,,,,num_crystallizer_BIN,High,22.22,18.0,,,,,,,,,
prevalence,,,,,,,,,,,2020-08-07,,,,RUL_BIN,Low,22.22,18.0,,,,,,,,,
prevalence,,,,,,,,,,,2020-08-07,,,,RUL_BIN,Healthy,38.89,18.0,,,,,,,,,
prevalence,,,,,,,,,,,2020-08-07,,,,num_stream_BIN,Medium,22.22,18.0,,,,,,,,,
prevalence,,,,,,,,,,,2020-08-07,,,,num_crystallizer_BIN,Low,22.22,18.0,,,,,,,,,
prevalence,,,,,,,,,,,2020-08-07,,,,RUL_BIN,Critical,22.22,18.0,,,,,,,,,
prevalence,,,,,,,,,,,2020-08-08,,,,alloy_speed_meter_minute_BIN,Medium,100.0,15.0,,,,,,,,,
prevalence,,,,,,,,,,,2020-08-08,,,,alloy_type,open,100.0,15.0,,,,,,,,,
prevalence,,,,,,,,,,,2020-08-08,,,,cast_in_row_BIN,Low,100.0,15.0,,,,,,,,,
prevalence,,,,,,,,,,,2020-08-08,,,,crystallizer_movementmm_BIN,Low,100.0,15.0,,,,,,,,,
prevalence,,,,,,,,,,,2020-08-08,,,,resistance_tonn_BIN,Low,100.0,15.0,,,,,,,,,
prevalence,,,,,,,,,,,2020-08-08,,,,steel_temperature_grab1Celsius_BIN,High,100.0,15.0,,,,,,,,,
prevalence,,,,,,,,,,,2020-08-08,,,,steel_type,Arm500,100.0,15.0,,,,,,,,,
prevalence,,,,,,,,,,,2020-08-08,,,,steel_weighttonn_BIN,High,100.0,15.0,,,,,,,,,
prevalence,,,,,,,,,,,2020-08-08,,,,swing_frequency_amount_minute_BIN,High,100.0,15.0,,,,,,,,,
prevalence,,,,,,,,,,,2020-08-08,,,,temperature_measurement1_Celsius_BIN,Low,100.0,15.0,,,,,,,,,
prevalence,,,,,,,,,,,2020-08-08,,,,temperature_measurement2_Celsius_BIN,Low,100.0,15.0,,,,,,,,,
prevalence,,,,,,,,,,,2020-08-08,,,,water_consumption_BIN,High,100.0,15.0,,,,,,,,,
prevalence,,,,,,,,,,,2020-08-08,,,,water_temperature_deltaCelsius_BIN,High,100.0,15.0,,,,,,,,,
prevalence,,,,,,,,,,,2020-08-08,,,,workpiece_slice_geometry,180x180,100.0,15.0,,,,,,,,,
prevalence,,,,,,,,,,,2020-08-08,,,,num_stream_BIN,Medium,26.67,15.0,,,,,,,,,
prevalence,,,,,,,,,,,2020-08-08,,,,num_stream_BIN,Low,26.67,15.0,,,,,,,,,
prevalence,,,,,,,,,,,2020-08-08,,,,num_stream_BIN,High,26.67,15.0,,,,,,,,,
prevalence,,,,,,,,,,,2020-08-08,,,,num_crystallizer_BIN,Medium,33.33,15.0,,,,,,,,,
prevalence,,,,,,,,,,,2020-08-08,,,,num_crystallizer_BIN,High,26.67,15.0,,,,,,,,,
prevalence,,,,,,,,,,,2020-08-08,,,,RUL_BIN,Medium,13.33,15.0,,,,,,,,,
prevalence,,,,,,,,,,,2020-08-08,,,,RUL_BIN,Low,26.67,15.0,,,,,,,,,
prevalence,,,,,,,,,,,2020-08-08,,,,RUL_BIN,Healthy,13.33,15.0,,,,,,,,,
prevalence,,,,,,,,,,,2020-08-08,,,,num_crystallizer_BIN,Low,13.33,15.0,,,,,,,,,
prevalence,,,,,,,,,,,2020-08-08,,,,RUL_BIN,Critical,26.67,15.0,,,,,,,,,
prevalence,,,,,,,,,,,2020-08-09,,,,alloy_speed_meter_minute_BIN,Medium,100.0,18.0,,,,,,,,,
prevalence,,,,,,,,,,,2020-08-09,,,,alloy_type,open,100.0,18.0,,,,,,,,,
prevalence,,,,,,,,,,,2020-08-09,,,,cast_in_row_BIN,Medium,100.0,18.0,,,,,,,,,
prevalence,,,,,,,,,,,2020-08-09,,,,crystallizer_movementmm_BIN,Low,100.0,18.0,,,,,,,,,
prevalence,,,,,,,,,,,2020-08-09,,,,resistance_tonn_BIN,Low,100.0,18.0,,,,,,,,,
prevalence,,,,,,,,,,,2020-08-09,,,,steel_temperature_grab1Celsius_BIN,High,100.0,18.0,,,,,,,,,
prevalence,,,,,,,,,,,2020-08-09,,,,steel_type,Arm500,100.0,18.0,,,,,,,,,
prevalence,,,,,,,,,,,2020-08-09,,,,steel_weighttonn_BIN,High,100.0,18.0,,,,,,,,,
prevalence,,,,,,,,,,,2020-08-09,,,,swing_frequency_amount_minute_BIN,High,100.0,18.0,,,,,,,,,
prevalence,,,,,,,,,,,2020-08-09,,,,temperature_measurement1_Celsius_BIN,Low,100.0,18.0,,,,,,,,,
prevalence,,,,,,,,,,,2020-08-09,,,,temperature_measurement2_Celsius_BIN,Low,100.0,18.0,,,,,,,,,
prevalence,,,,,,,,,,,2020-08-09,,,,water_consumption_BIN,High,100.0,18.0,,,,,,,,,
prevalence,,,,,,,,,,,2020-08-09,,,,water_temperature_deltaCelsius_BIN,High,100.0,18.0,,,,,,,,,
prevalence,,,,,,,,,,,2020-08-09,,,,workpiece_slice_geometry,180x180,100.0,18.0,,,,,,,,,
prevalence,,,,,,,,,,,2020-08-09,,,,num_stream_BIN,Low,22.22,18.0,,,,,,,,,
prevalence,,,,,,,,,,,2020-08-09,,,,num_stream_BIN,High,33.33,18.0,,,,,,,,,
prevalence,,,,,,,,,,,2020-08-09,,,,num_crystallizer_BIN,Medium,33.33,18.0,,,,,,,,,
prevalence,,,,,,,,,,,2020-08-09,,,,num_crystallizer_BIN,Low,22.22,18.0,,,,,,,,,
prevalence,,,,,,,,,,,2020-08-09,,,,num_crystallizer_BIN,High,22.22,18.0,,,,,,,,,
prevalence,,,,,,,,,,,2020-08-09,,,,RUL_BIN,Medium,22.22,18.0,,,,,,,,,
prevalence,,,,,,,,,,,2020-08-09,,,,num_stream_BIN,Medium,22.22,18.0,,,,,,,,,
prevalence,,,,,,,,,,,2020-08-09,,,,RUL_BIN,Low,22.22,18.0,,,,,,,,,
prevalence,,,,,,,,,,,2020-08-09,,,,RUL_BIN,Healthy,22.22,18.0,,,,,,,,,
prevalence,,,,,,,,,,,2020-08-09,,,,RUL_BIN,Critical,11.11,18.0,,,,,,,,,
prevalence,,,,,,,,,,,2020-08-13,,,,alloy_speed_meter_minute_BIN,Medium,100.0,13.0,,,,,,,,,
prevalence,,,,,,,,,,,2020-08-13,,,,alloy_type,open,100.0,13.0,,,,,,,,,
prevalence,,,,,,,,,,,2020-08-13,,,,cast_in_row_BIN,Low,100.0,13.0,,,,,,,,,
prevalence,,,,,,,,,,,2020-08-13,,,,crystallizer_movementmm_BIN,Low,100.0,13.0,,,,,,,,,
prevalence,,,,,,,,,,,2020-08-13,,,,resistance_tonn_BIN,Low,100.0,13.0,,,,,,,,,
prevalence,,,,,,,,,,,2020-08-13,,,,steel_temperature_grab1Celsius_BIN,High,100.0,13.0,,,,,,,,,
prevalence,,,,,,,,,,,2020-08-13,,,,steel_type,Arm500,100.0,13.0,,,,,,,,,
prevalence,,,,,,,,,,,2020-08-13,,,,steel_weighttonn_BIN,High,100.0,13.0,,,,,,,,,
prevalence,,,,,,,,,,,2020-08-13,,,,swing_frequency_amount_minute_BIN,High,100.0,13.0,,,,,,,,,
prevalence,,,,,,,,,,,2020-08-13,,,,temperature_measurement1_Celsius_BIN,Low,100.0,13.0,,,,,,,,,
prevalence,,,,,,,,,,,2020-08-13,,,,temperature_measurement2_Celsius_BIN,Low,100.0,13.0,,,,,,,,,
prevalence,,,,,,,,,,,2020-08-13,,,,water_consumption_BIN,High,100.0,13.0,,,,,,,,,
prevalence,,,,,,,,,,,2020-08-13,,,,water_temperature_deltaCelsius_BIN,High,100.0,13.0,,,,,,,,,
prevalence,,,,,,,,,,,2020-08-13,,,,workpiece_slice_geometry,180x180,100.0,13.0,,,,,,,,,
prevalence,,,,,,,,,,,2020-08-13,,,,num_stream_BIN,Medium,30.77,13.0,,,,,,,,,
prevalence,,,,,,,,,,,2020-08-13,,,,num_crystallizer_BIN,Medium,53.85,13.0,,,,,,,,,
prevalence,,,,,,,,,,,2020-08-13,,,,num_stream_BIN,High,30.77,13.0,,,,,,,,,
prevalence,,,,,,,,,,,2020-08-13,,,,num_crystallizer_BIN,Low,30.77,13.0,,,,,,,,,
prevalence,,,,,,,,,,,2020-08-13,,,,RUL_BIN,Medium,46.15,13.0,,,,,,,,,
prevalence,,,,,,,,,,,2020-08-13,,,,num_stream_BIN,Low,15.38,13.0,,,,,,,,,
prevalence,,,,,,,,,,,2020-08-13,,,,RUL_BIN,Healthy,15.38,13.0,,,,,,,,,
prevalence,,,,,,,,,,,2020-08-13,,,,RUL_BIN,Critical,15.38,13.0,,,,,,,,,
prevalence,,,,,,,,,,,2020-08-14,,,,alloy_speed_meter_minute_BIN,Medium,100.0,13.0,,,,,,,,,
prevalence,,,,,,,,,,,2020-08-14,,,,alloy_type,open,100.0,13.0,,,,,,,,,
prevalence,,,,,,,,,,,2020-08-14,,,,cast_in_row_BIN,Medium,100.0,13.0,,,,,,,,,
prevalence,,,,,,,,,,,2020-08-14,,,,crystallizer_movementmm_BIN,Low,100.0,13.0,,,,,,,,,
prevalence,,,,,,,,,,,2020-08-14,,,,resistance_tonn_BIN,Low,100.0,13.0,,,,,,,,,
prevalence,,,,,,,,,,,2020-08-14,,,,steel_temperature_grab1Celsius_BIN,High,100.0,13.0,,,,,,,,,
prevalence,,,,,,,,,,,2020-08-14,,,,steel_type,Arm500,100.0,13.0,,,,,,,,,
prevalence,,,,,,,,,,,2020-08-14,,,,steel_weighttonn_BIN,High,100.0,13.0,,,,,,,,,
prevalence,,,,,,,,,,,2020-08-14,,,,swing_frequency_amount_minute_BIN,High,100.0,13.0,,,,,,,,,
prevalence,,,,,,,,,,,2020-08-14,,,,temperature_measurement1_Celsius_BIN,Low,100.0,13.0,,,,,,,,,
prevalence,,,,,,,,,,,2020-08-14,,,,temperature_measurement2_Celsius_BIN,Low,100.0,13.0,,,,,,,,,
prevalence,,,,,,,,,,,2020-08-14,,,,water_consumption_BIN,High,100.0,13.0,,,,,,,,,
prevalence,,,,,,,,,,,2020-08-14,,,,water_temperature_deltaCelsius_BIN,High,100.0,13.0,,,,,,,,,
prevalence,,,,,,,,,,,2020-08-14,,,,workpiece_slice_geometry,180x180,100.0,13.0,,,,,,,,,
prevalence,,,,,,,,,,,2020-08-14,,,,num_stream_BIN,Medium,30.77,13.0,,,,,,,,,
prevalence,,,,,,,,,,,2020-08-14,,,,num_crystallizer_BIN,Medium,53.85,13.0,,,,,,,,,
prevalence,,,,,,,,,,,2020-08-14,,,,num_stream_BIN,High,30.77,13.0,,,,,,,,,
prevalence,,,,,,,,,,,2020-08-14,,,,num_crystallizer_BIN,Low,30.77,13.0,,,,,,,,,
prevalence,,,,,,,,,,,2020-08-14,,,,RUL_BIN,Medium,15.38,13.0,,,,,,,,,
prevalence,,,,,,,,,,,2020-08-14,,,,RUL_BIN,Low,46.15,13.0,,,,,,,,,
prevalence,,,,,,,,,,,2020-08-14,,,,num_stream_BIN,Low,15.38,13.0,,,,,,,,,
prevalence,,,,,,,,,,,2020-08-14,,,,RUL_BIN,Critical,15.38,13.0,,,,,,,,,
prevalence,,,,,,,,,,,2020-08-15,,,,alloy_speed_meter_minute_BIN,Medium,100.0,16.0,,,,,,,,,
prevalence,,,,,,,,,,,2020-08-15,,,,alloy_type,open,100.0,16.0,,,,,,,,,
prevalence,,,,,,,,,,,2020-08-15,,,,cast_in_row_BIN,Medium,100.0,16.0,,,,,,,,,
prevalence,,,,,,,,,,,2020-08-15,,,,crystallizer_movementmm_BIN,Low,100.0,16.0,,,,,,,,,
prevalence,,,,,,,,,,,2020-08-15,,,,resistance_tonn_BIN,Low,100.0,16.0,,,,,,,,,
prevalence,,,,,,,,,,,2020-08-15,,,,steel_temperature_grab1Celsius_BIN,High,100.0,16.0,,,,,,,,,
prevalence,,,,,,,,,,,2020-08-15,,,,steel_type,Arm500,100.0,16.0,,,,,,,,,
prevalence,,,,,,,,,,,2020-08-15,,,,steel_weighttonn_BIN,High,100.0,16.0,,,,,,,,,
prevalence,,,,,,,,,,,2020-08-15,,,,swing_frequency_amount_minute_BIN,High,100.0,16.0,,,,,,,,,
prevalence,,,,,,,,,,,2020-08-15,,,,temperature_measurement1_Celsius_BIN,Low,100.0,16.0,,,,,,,,,
prevalence,,,,,,,,,,,2020-08-15,,,,temperature_measurement2_Celsius_BIN,Low,100.0,16.0,,,,,,,,,
prevalence,,,,,,,,,,,2020-08-15,,,,water_consumption_BIN,High,100.0,16.0,,,,,,,,,
prevalence,,,,,,,,,,,2020-08-15,,,,water_temperature_deltaCelsius_BIN,High,100.0,16.0,,,,,,,,,
prevalence,,,,,,,,,,,2020-08-15,,,,workpiece_slice_geometry,180x180,100.0,16.0,,,,,,,,,
prevalence,,,,,,,,,,,2020-08-15,,,,num_stream_BIN,Medium,25.0,16.0,,,,,,,,,
prevalence,,,,,,,,,,,2020-08-15,,,,num_stream_BIN,High,43.75,16.0,,,,,,,,,
prevalence,,,,,,,,,,,2020-08-15,,,,num_crystallizer_BIN,Medium,43.75,16.0,,,,,,,,,
prevalence,,,,,,,,,,,2020-08-15,,,,num_crystallizer_BIN,Low,25.0,16.0,,,,,,,,,
prevalence,,,,,,,,,,,2020-08-15,,,,RUL_BIN,Medium,12.5,16.0,,,,,,,,,
prevalence,,,,,,,,,,,2020-08-15,,,,RUL_BIN,Low,37.5,16.0,,,,,,,,,
prevalence,,,,,,,,,,,2020-08-15,,,,num_stream_BIN,Low,12.5,16.0,,,,,,,,,
prevalence,,,,,,,,,,,2020-08-15,,,,RUL_BIN,Critical,25.0,16.0,,,,,,,,,
prevalence,,,,,,,,,,,2020-08-15,,,,num_crystallizer_BIN,High,12.5,16.0,,,,,,,,,
prevalence,,,,,,,,,,,2020-08-16,,,,alloy_speed_meter_minute_BIN,Medium,100.0,9.0,,,,,,,,,
prevalence,,,,,,,,,,,2020-08-16,,,,alloy_type,open,100.0,9.0,,,,,,,,,
prevalence,,,,,,,,,,,2020-08-16,,,,cast_in_row_BIN,Low,100.0,9.0,,,,,,,,,
prevalence,,,,,,,,,,,2020-08-16,,,,crystallizer_movementmm_BIN,Low,100.0,9.0,,,,,,,,,
prevalence,,,,,,,,,,,2020-08-16,,,,resistance_tonn_BIN,Low,100.0,9.0,,,,,,,,,
prevalence,,,,,,,,,,,2020-08-16,,,,steel_temperature_grab1Celsius_BIN,High,100.0,9.0,,,,,,,,,
prevalence,,,,,,,,,,,2020-08-16,,,,steel_type,Arm500,100.0,9.0,,,,,,,,,
prevalence,,,,,,,,,,,2020-08-16,,,,steel_weighttonn_BIN,Medium,100.0,9.0,,,,,,,,,
prevalence,,,,,,,,,,,2020-08-16,,,,swing_frequency_amount_minute_BIN,High,100.0,9.0,,,,,,,,,
prevalence,,,,,,,,,,,2020-08-16,,,,temperature_measurement1_Celsius_BIN,Low,100.0,9.0,,,,,,,,,
prevalence,,,,,,,,,,,2020-08-16,,,,temperature_measurement2_Celsius_BIN,Low,100.0,9.0,,,,,,,,,
prevalence,,,,,,,,,,,2020-08-16,,,,water_consumption_BIN,High,100.0,9.0,,,,,,,,,
prevalence,,,,,,,,,,,2020-08-16,,,,water_temperature_deltaCelsius_BIN,High,100.0,9.0,,,,,,,,,
prevalence,,,,,,,,,,,2020-08-16,,,,workpiece_slice_geometry,180x180,100.0,9.0,,,,,,,,,
prevalence,,,,,,,,,,,2020-08-16,,,,num_stream_BIN,Medium,44.44,9.0,,,,,,,,,
prevalence,,,,,,,,,,,2020-08-16,,,,num_crystallizer_BIN,Low,44.44,9.0,,,,,,,,,
prevalence,,,,,,,,,,,2020-08-16,,,,RUL_BIN,Medium,22.22,9.0,,,,,,,,,
prevalence,,,,,,,,,,,2020-08-16,,,,RUL_BIN,Critical,55.56,9.0,,,,,,,,,
prevalence,,,,,,,,,,,2020-08-16,,,,num_crystallizer_BIN,Medium,22.22,9.0,,,,,,,,,
prevalence,,,,,,,,,,,2020-08-16,,,,num_stream_BIN,Low,22.22,9.0,,,,,,,,,
prevalence,,,,,,,,,,,2020-08-16,,,,num_crystallizer_BIN,High,22.22,9.0,,,,,,,,,
prevalence,,,,,,,,,,,2020-08-16,,,,num_stream_BIN,High,22.22,9.0,,,,,,,,,
prevalence,,,,,,,,,,,2020-08-17,,,,alloy_speed_meter_minute_BIN,Medium,100.0,12.0,,,,,,,,,
prevalence,,,,,,,,,,,2020-08-17,,,,alloy_type,open,100.0,12.0,,,,,,,,,
prevalence,,,,,,,,,,,2020-08-17,,,,cast_in_row_BIN,Low,100.0,12.0,,,,,,,,,
prevalence,,,,,,,,,,,2020-08-17,,,,crystallizer_movementmm_BIN,Low,100.0,12.0,,,,,,,,,
prevalence,,,,,,,,,,,2020-08-17,,,,resistance_tonn_BIN,Low,100.0,12.0,,,,,,,,,
prevalence,,,,,,,,,,,2020-08-17,,,,steel_temperature_grab1Celsius_BIN,High,100.0,12.0,,,,,,,,,
prevalence,,,,,,,,,,,2020-08-17,,,,steel_type,Arm500,100.0,12.0,,,,,,,,,
prevalence,,,,,,,,,,,2020-08-17,,,,steel_weighttonn_BIN,Medium,100.0,12.0,,,,,,,,,
prevalence,,,,,,,,,,,2020-08-17,,,,swing_frequency_amount_minute_BIN,High,100.0,12.0,,,,,,,,,
prevalence,,,,,,,,,,,2020-08-17,,,,temperature_measurement1_Celsius_BIN,Low,100.0,12.0,,,,,,,,,
prevalence,,,,,,,,,,,2020-08-17,,,,temperature_measurement2_Celsius_BIN,Low,100.0,12.0,,,,,,,,,
prevalence,,,,,,,,,,,2020-08-17,,,,water_consumption_BIN,High,100.0,12.0,,,,,,,,,
prevalence,,,,,,,,,,,2020-08-17,,,,water_temperature_deltaCelsius_BIN,High,100.0,12.0,,,,,,,,,
prevalence,,,,,,,,,,,2020-08-17,,,,workpiece_slice_geometry,180x180,100.0,12.0,,,,,,,,,
prevalence,,,,,,,,,,,2020-08-17,,,,num_stream_BIN,Medium,33.33,12.0,,,,,,,,,
prevalence,,,,,,,,,,,2020-08-17,,,,num_crystallizer_BIN,Low,33.33,12.0,,,,,,,,,
prevalence,,,,,,,,,,,2020-08-17,,,,RUL_BIN,Medium,16.67,12.0,,,,,,,,,
prevalence,,,,,,,,,,,2020-08-17,,,,RUL_BIN,Critical,66.67,12.0,,,,,,,,,
prevalence,,,,,,,,,,,2020-08-17,,,,num_stream_BIN,High,33.33,12.0,,,,,,,,,
prevalence,,,,,,,,,,,2020-08-17,,,,num_crystallizer_BIN,Medium,33.33,12.0,,,,,,,,,
prevalence,,,,,,,,,,,2020-08-17,,,,num_stream_BIN,Low,16.67,12.0,,,,,,,,,
prevalence,,,,,,,,,,,2020-08-17,,,,num_crystallizer_BIN,High,16.67,12.0,,,,,,,,,
prevalence,,,,,,,,,,,2020-08-18,,,,alloy_speed_meter_minute_BIN,Medium,100.0,9.0,,,,,,,,,
prevalence,,,,,,,,,,,2020-08-18,,,,alloy_type,open,100.0,9.0,,,,,,,,,
prevalence,,,,,,,,,,,2020-08-18,,,,cast_in_row_BIN,High,100.0,9.0,,,,,,,,,
prevalence,,,,,,,,,,,2020-08-18,,,,crystallizer_movementmm_BIN,High,100.0,9.0,,,,,,,,,
prevalence,,,,,,,,,,,2020-08-18,,,,resistance_tonn_BIN,Low,100.0,9.0,,,,,,,,,
prevalence,,,,,,,,,,,2020-08-18,,,,steel_temperature_grab1Celsius_BIN,High,100.0,9.0,,,,,,,,,
prevalence,,,,,,,,,,,2020-08-18,,,,steel_type,Arm500,100.0,9.0,,,,,,,,,
prevalence,,,,,,,,,,,2020-08-18,,,,steel_weighttonn_BIN,High,100.0,9.0,,,,,,,,,
prevalence,,,,,,,,,,,2020-08-18,,,,swing_frequency_amount_minute_BIN,High,100.0,9.0,,,,,,,,,
prevalence,,,,,,,,,,,2020-08-18,,,,temperature_measurement1_Celsius_BIN,Low,100.0,9.0,,,,,,,,,
prevalence,,,,,,,,,,,2020-08-18,,,,temperature_measurement2_Celsius_BIN,Low,100.0,9.0,,,,,,,,,
prevalence,,,,,,,,,,,2020-08-18,,,,water_consumption_BIN,High,100.0,9.0,,,,,,,,,
prevalence,,,,,,,,,,,2020-08-18,,,,water_temperature_deltaCelsius_BIN,High,100.0,9.0,,,,,,,,,
prevalence,,,,,,,,,,,2020-08-18,,,,workpiece_slice_geometry,180x180,100.0,9.0,,,,,,,,,
prevalence,,,,,,,,,,,2020-08-18,,,,num_stream_BIN,High,44.44,9.0,,,,,,,,,
prevalence,,,,,,,,,,,2020-08-18,,,,RUL_BIN,Healthy,44.44,9.0,,,,,,,,,
prevalence,,,,,,,,,,,2020-08-18,,,,num_crystallizer_BIN,High,44.44,9.0,,,,,,,,,
prevalence,,,,,,,,,,,2020-08-18,,,,num_stream_BIN,Low,22.22,9.0,,,,,,,,,
prevalence,,,,,,,,,,,2020-08-18,,,,RUL_BIN,Critical,44.44,9.0,,,,,,,,,
prevalence,,,,,,,,,,,2020-08-18,,,,num_crystallizer_BIN,Medium,44.44,9.0,,,,,,,,,
prevalence,,,,,,,,,,,2020-08-18,,,,num_stream_BIN,Medium,22.22,9.0,,,,,,,,,
prevalence,,,,,,,,,,,2020-08-19,,,,alloy_speed_meter_minute_BIN,Medium,100.0,8.0,,,,,,,,,
prevalence,,,,,,,,,,,2020-08-19,,,,alloy_type,open,100.0,8.0,,,,,,,,,
prevalence,,,,,,,,,,,2020-08-19,,,,cast_in_row_BIN,Low,100.0,8.0,,,,,,,,,
prevalence,,,,,,,,,,,2020-08-19,,,,crystallizer_movementmm_BIN,Low,100.0,8.0,,,,,,,,,
prevalence,,,,,,,,,,,2020-08-19,,,,resistance_tonn_BIN,Low,100.0,8.0,,,,,,,,,
prevalence,,,,,,,,,,,2020-08-19,,,,steel_temperature_grab1Celsius_BIN,High,100.0,8.0,,,,,,,,,
prevalence,,,,,,,,,,,2020-08-19,,,,steel_type,Arm500,100.0,8.0,,,,,,,,,
prevalence,,,,,,,,,,,2020-08-19,,,,steel_weighttonn_BIN,High,100.0,8.0,,,,,,,,,
prevalence,,,,,,,,,,,2020-08-19,,,,swing_frequency_amount_minute_BIN,High,100.0,8.0,,,,,,,,,
prevalence,,,,,,,,,,,2020-08-19,,,,temperature_measurement1_Celsius_BIN,Low,100.0,8.0,,,,,,,,,
prevalence,,,,,,,,,,,2020-08-19,,,,temperature_measurement2_Celsius_BIN,Low,100.0,8.0,,,,,,,,,
prevalence,,,,,,,,,,,2020-08-19,,,,water_consumption_BIN,High,100.0,8.0,,,,,,,,,
prevalence,,,,,,,,,,,2020-08-19,,,,water_temperature_deltaCelsius_BIN,High,100.0,8.0,,,,,,,,,
prevalence,,,,,,,,,,,2020-08-19,,,,workpiece_slice_geometry,180x180,100.0,8.0,,,,,,,,,
prevalence,,,,,,,,,,,2020-08-19,,,,num_stream_BIN,Medium,50.0,8.0,,,,,,,,,
prevalence,,,,,,,,,,,2020-08-19,,,,RUL_BIN,Low,25.0,8.0,,,,,,,,,
prevalence,,,,,,,,,,,2020-08-19,,,,num_crystallizer_BIN,Low,25.0,8.0,,,,,,,,,
prevalence,,,,,,,,,,,2020-08-19,,,,RUL_BIN,Healthy,50.0,8.0,,,,,,,,,
prevalence,,,,,,,,,,,2020-08-19,,,,num_crystallizer_BIN,High,50.0,8.0,,,,,,,,,
prevalence,,,,,,,,,,,2020-08-19,,,,num_stream_BIN,Low,25.0,8.0,,,,,,,,,
prevalence,,,,,,,,,,,2020-08-19,,,,num_stream_BIN,High,25.0,8.0,,,,,,,,,
prevalence,,,,,,,,,,,2020-08-19,,,,RUL_BIN,Critical,25.0,8.0,,,,,,,,,
prevalence,,,,,,,,,,,2020-08-19,,,,num_crystallizer_BIN,Medium,25.0,8.0,,,,,,,,,
prevalence,,,,,,,,,,,2020-08-20,,,,alloy_speed_meter_minute_BIN,Medium,100.0,8.0,,,,,,,,,
prevalence,,,,,,,,,,,2020-08-20,,,,alloy_type,open,100.0,8.0,,,,,,,,,
prevalence,,,,,,,,,,,2020-08-20,,,,cast_in_row_BIN,Low,100.0,8.0,,,,,,,,,
prevalence,,,,,,,,,,,2020-08-20,,,,crystallizer_movementmm_BIN,Low,100.0,8.0,,,,,,,,,
prevalence,,,,,,,,,,,2020-08-20,,,,resistance_tonn_BIN,Low,100.0,8.0,,,,,,,,,
prevalence,,,,,,,,,,,2020-08-20,,,,steel_temperature_grab1Celsius_BIN,High,100.0,8.0,,,,,,,,,
prevalence,,,,,,,,,,,2020-08-20,,,,steel_type,Arm500,100.0,8.0,,,,,,,,,
prevalence,,,,,,,,,,,2020-08-20,,,,steel_weighttonn_BIN,High,100.0,8.0,,,,,,,,,
prevalence,,,,,,,,,,,2020-08-20,,,,swing_frequency_amount_minute_BIN,High,100.0,8.0,,,,,,,,,
prevalence,,,,,,,,,,,2020-08-20,,,,temperature_measurement1_Celsius_BIN,Low,100.0,8.0,,,,,,,,,
prevalence,,,,,,,,,,,2020-08-20,,,,temperature_measurement2_Celsius_BIN,Low,100.0,8.0,,,,,,,,,
prevalence,,,,,,,,,,,2020-08-20,,,,water_consumption_BIN,High,100.0,8.0,,,,,,,,,
prevalence,,,,,,,,,,,2020-08-20,,,,water_temperature_deltaCelsius_BIN,High,100.0,8.0,,,,,,,,,
prevalence,,,,,,,,,,,2020-08-20,,,,workpiece_slice_geometry,180x180,100.0,8.0,,,,,,,,,
prevalence,,,,,,,,,,,2020-08-20,,,,num_stream_BIN,Medium,50.0,8.0,,,,,,,,,
prevalence,,,,,,,,,,,2020-08-20,,,,RUL_BIN,Medium,50.0,8.0,,,,,,,,,
prevalence,,,,,,,,,,,2020-08-20,,,,num_crystallizer_BIN,High,50.0,8.0,,,,,,,,,
prevalence,,,,,,,,,,,2020-08-20,,,,num_stream_BIN,Low,25.0,8.0,,,,,,,,,
prevalence,,,,,,,,,,,2020-08-20,,,,num_stream_BIN,High,25.0,8.0,,,,,,,,,
prevalence,,,,,,,,,,,2020-08-20,,,,RUL_BIN,Low,25.0,8.0,,,,,,,,,
prevalence,,,,,,,,,,,2020-08-20,,,,num_crystallizer_BIN,Low,25.0,8.0,,,,,,,,,
prevalence,,,,,,,,,,,2020-08-20,,,,RUL_BIN,Healthy,25.0,8.0,,,,,,,,,
prevalence,,,,,,,,,,,2020-08-20,,,,num_crystallizer_BIN,Medium,25.0,8.0,,,,,,,,,
prevalence,,,,,,,,,,,2020-08-21,,,,alloy_speed_meter_minute_BIN,Medium,100.0,13.0,,,,,,,,,
prevalence,,,,,,,,,,,2020-08-21,,,,alloy_type,open,100.0,13.0,,,,,,,,,
prevalence,,,,,,,,,,,2020-08-21,,,,cast_in_row_BIN,Medium,100.0,13.0,,,,,,,,,
prevalence,,,,,,,,,,,2020-08-21,,,,crystallizer_movementmm_BIN,Low,100.0,13.0,,,,,,,,,
prevalence,,,,,,,,,,,2020-08-21,,,,resistance_tonn_BIN,Low,100.0,13.0,,,,,,,,,
prevalence,,,,,,,,,,,2020-08-21,,,,steel_temperature_grab1Celsius_BIN,High,100.0,13.0,,,,,,,,,
prevalence,,,,,,,,,,,2020-08-21,,,,steel_type,Arm500,100.0,13.0,,,,,,,,,
prevalence,,,,,,,,,,,2020-08-21,,,,steel_weighttonn_BIN,High,100.0,13.0,,,,,,,,,
prevalence,,,,,,,,,,,2020-08-21,,,,swing_frequency_amount_minute_BIN,High,100.0,13.0,,,,,,,,,
prevalence,,,,,,,,,,,2020-08-21,,,,temperature_measurement1_Celsius_BIN,Low,100.0,13.0,,,,,,,,,
prevalence,,,,,,,,,,,2020-08-21,,,,temperature_measurement2_Celsius_BIN,Low,100.0,13.0,,,,,,,,,
prevalence,,,,,,,,,,,2020-08-21,,,,water_consumption_BIN,High,100.0,13.0,,,,,,,,,
prevalence,,,,,,,,,,,2020-08-21,,,,water_temperature_deltaCelsius_BIN,High,100.0,13.0,,,,,,,,,
prevalence,,,,,,,,,,,2020-08-21,,,,workpiece_slice_geometry,180x180,100.0,13.0,,,,,,,,,
prevalence,,,,,,,,,,,2020-08-21,,,,num_stream_BIN,Medium,30.77,13.0,,,,,,,,,
prevalence,,,,,,,,,,,2020-08-21,,,,num_stream_BIN,High,30.77,13.0,,,,,,,,,
prevalence,,,,,,,,,,,2020-08-21,,,,num_crystallizer_BIN,Medium,30.77,13.0,,,,,,,,,
prevalence,,,,,,,,,,,2020-08-21,,,,num_crystallizer_BIN,High,30.77,13.0,,,,,,,,,
prevalence,,,,,,,,,,,2020-08-21,,,,RUL_BIN,Medium,30.77,13.0,,,,,,,,,
prevalence,,,,,,,,,,,2020-08-21,,,,RUL_BIN,Low,30.77,13.0,,,,,,,,,
prevalence,,,,,,,,,,,2020-08-21,,,,num_crystallizer_BIN,Low,15.38,13.0,,,,,,,,,
prevalence,,,,,,,,,,,2020-08-21,,,,num_stream_BIN,Low,15.38,13.0,,,,,,,,,
prevalence,,,,,,,,,,,2020-08-21,,,,RUL_BIN,Healthy,15.38,13.0,,,,,,,,,
prevalence,,,,,,,,,,,2020-08-22,,,,alloy_speed_meter_minute_BIN,Medium,100.0,8.0,,,,,,,,,
prevalence,,,,,,,,,,,2020-08-22,,,,alloy_type,open,100.0,8.0,,,,,,,,,
prevalence,,,,,,,,,,,2020-08-22,,,,crystallizer_movementmm_BIN,Low,100.0,8.0,,,,,,,,,
prevalence,,,,,,,,,,,2020-08-22,,,,resistance_tonn_BIN,Low,100.0,8.0,,,,,,,,,
prevalence,,,,,,,,,,,2020-08-22,,,,steel_temperature_grab1Celsius_BIN,High,100.0,8.0,,,,,,,,,
prevalence,,,,,,,,,,,2020-08-22,,,,steel_type,Arm500,100.0,8.0,,,,,,,,,
prevalence,,,,,,,,,,,2020-08-22,,,,steel_weighttonn_BIN,High,100.0,8.0,,,,,,,,,
prevalence,,,,,,,,,,,2020-08-22,,,,swing_frequency_amount_minute_BIN,High,100.0,8.0,,,,,,,,,
prevalence,,,,,,,,,,,2020-08-22,,,,temperature_measurement1_Celsius_BIN,Low,100.0,8.0,,,,,,,,,
prevalence,,,,,,,,,,,2020-08-22,,,,temperature_measurement2_Celsius_BIN,Low,100.0,8.0,,,,,,,,,
prevalence,,,,,,,,,,,2020-08-22,,,,water_consumption_BIN,High,100.0,8.0,,,,,,,,,
prevalence,,,,,,,,,,,2020-08-22,,,,water_temperature_deltaCelsius_BIN,High,100.0,8.0,,,,,,,,,
prevalence,,,,,,,,,,,2020-08-22,,,,workpiece_slice_geometry,180x180,100.0,8.0,,,,,,,,,
prevalence,,,,,,,,,,,2020-08-22,,,,num_crystallizer_BIN,Medium,50.0,8.0,,,,,,,,,
prevalence,,,,,,,,,,,2020-08-22,,,,cast_in_row_BIN,Medium,50.0,8.0,,,,,,,,,
prevalence,,,,,,,,,,,2020-08-22,,,,RUL_BIN,Medium,25.0,8.0,,,,,,,,,
prevalence,,,,,,,,,,,2020-08-22,,,,num_stream_BIN,High,25.0,8.0,,,,,,,,,
prevalence,,,,,,,,,,,2020-08-22,,,,RUL_BIN,Low,50.0,8.0,,,,,,,,,
prevalence,,,,,,,,,,,2020-08-22,,,,num_stream_BIN,Medium,50.0,8.0,,,,,,,,,
prevalence,,,,,,,,,,,2020-08-22,,,,num_crystallizer_BIN,Low,25.0,8.0,,,,,,,,,
prevalence,,,,,,,,,,,2020-08-22,,,,cast_in_row_BIN,Low,25.0,8.0,,,,,,,,,
prevalence,,,,,,,,,,,2020-08-23,,,,alloy_speed_meter_minute_BIN,Medium,100.0,6.0,,,,,,,,,
prevalence,,,,,,,,,,,2020-08-23,,,,alloy_type,open,100.0,6.0,,,,,,,,,
prevalence,,,,,,,,,,,2020-08-23,,,,cast_in_row_BIN,Low,100.0,6.0,,,,,,,,,
prevalence,,,,,,,,,,,2020-08-23,,,,crystallizer_movementmm_BIN,Low,100.0,6.0,,,,,,,,,
prevalence,,,,,,,,,,,2020-08-23,,,,resistance_tonn_BIN,Low,100.0,6.0,,,,,,,,,
prevalence,,,,,,,,,,,2020-08-23,,,,steel_temperature_grab1Celsius_BIN,High,100.0,6.0,,,,,,,,,
prevalence,,,,,,,,,,,2020-08-23,,,,steel_type,Arm500,100.0,6.0,,,,,,,,,
prevalence,,,,,,,,,,,2020-08-23,,,,steel_weighttonn_BIN,High,100.0,6.0,,,,,,,,,
prevalence,,,,,,,,,,,2020-08-23,,,,swing_frequency_amount_minute_BIN,High,100.0,6.0,,,,,,,,,
prevalence,,,,,,,,,,,2020-08-23,,,,temperature_measurement1_Celsius_BIN,Low,100.0,6.0,,,,,,,,,
prevalence,,,,,,,,,,,2020-08-23,,,,temperature_measurement2_Celsius_BIN,Low,100.0,6.0,,,,,,,,,
prevalence,,,,,,,,,,,2020-08-23,,,,water_consumption_BIN,High,100.0,6.0,,,,,,,,,
prevalence,,,,,,,,,,,2020-08-23,,,,water_temperature_deltaCelsius_BIN,High,100.0,6.0,,,,,,,,,
prevalence,,,,,,,,,,,2020-08-23,,,,workpiece_slice_geometry,180x180,100.0,6.0,,,,,,,,,
prevalence,,,,,,,,,,,2020-08-23,,,,num_stream_BIN,High,66.67,6.0,,,,,,,,,
prevalence,,,,,,,,,,,2020-08-23,,,,RUL_BIN,Medium,33.33,6.0,,,,,,,,,
prevalence,,,,,,,,,,,2020-08-23,,,,num_crystallizer_BIN,Medium,33.33,6.0,,,,,,,,,
prevalence,,,,,,,,,,,2020-08-23,,,,RUL_BIN,Low,33.33,6.0,,,,,,,,,
prevalence,,,,,,,,,,,2020-08-23,,,,num_crystallizer_BIN,High,33.33,6.0,,,,,,,,,
prevalence,,,,,,,,,,,2020-08-23,,,,RUL_BIN,Critical,33.33,6.0,,,,,,,,,
prevalence,,,,,,,,,,,2020-08-23,,,,num_crystallizer_BIN,Low,33.33,6.0,,,,,,,,,
prevalence,,,,,,,,,,,2020-08-23,,,,num_stream_BIN,Medium,33.33,6.0,,,,,,,,,
prevalence,,,,,,,,,,,2020-08-24,,,,alloy_speed_meter_minute_BIN,Medium,100.0,17.0,,,,,,,,,
prevalence,,,,,,,,,,,2020-08-24,,,,alloy_type,open,100.0,17.0,,,,,,,,,
prevalence,,,,,,,,,,,2020-08-24,,,,cast_in_row_BIN,Low,100.0,17.0,,,,,,,,,
prevalence,,,,,,,,,,,2020-08-24,,,,resistance_tonn_BIN,Low,100.0,17.0,,,,,,,,,
prevalence,,,,,,,,,,,2020-08-24,,,,steel_temperature_grab1Celsius_BIN,High,100.0,17.0,,,,,,,,,
prevalence,,,,,,,,,,,2020-08-24,,,,steel_type,Arm500,100.0,17.0,,,,,,,,,
prevalence,,,,,,,,,,,2020-08-24,,,,swing_frequency_amount_minute_BIN,High,100.0,17.0,,,,,,,,,
prevalence,,,,,,,,,,,2020-08-24,,,,temperature_measurement1_Celsius_BIN,Low,100.0,17.0,,,,,,,,,
prevalence,,,,,,,,,,,2020-08-24,,,,temperature_measurement2_Celsius_BIN,Low,100.0,17.0,,,,,,,,,
prevalence,,,,,,,,,,,2020-08-24,,,,water_consumption_BIN,High,100.0,17.0,,,,,,,,,
prevalence,,,,,,,,,,,2020-08-24,,,,water_temperature_deltaCelsius_BIN,High,100.0,17.0,,,,,,,,,
prevalence,,,,,,,,,,,2020-08-24,,,,workpiece_slice_geometry,180x180,100.0,17.0,,,,,,,,,
prevalence,,,,,,,,,,,2020-08-24,,,,crystallizer_movementmm_BIN,Low,58.82,17.0,,,,,,,,,
prevalence,,,,,,,,,,,2020-08-24,,,,steel_weighttonn_BIN,High,64.71,17.0,,,,,,,,,
prevalence,,,,,,,,,,,2020-08-24,,,,num_stream_BIN,Low,23.53,17.0,,,,,,,,,
prevalence,,,,,,,,,,,2020-08-24,,,,RUL_BIN,Low,64.71,17.0,,,,,,,,,
prevalence,,,,,,,,,,,2020-08-24,,,,num_crystallizer_BIN,Medium,23.53,17.0,,,,,,,,,
prevalence,,,,,,,,,,,2020-08-24,,,,num_stream_BIN,Medium,11.76,17.0,,,,,,,,,
prevalence,,,,,,,,,,,2020-08-24,,,,steel_weighttonn_BIN,Medium,11.76,17.0,,,,,,,,,
prevalence,,,,,,,,,,,2020-08-24,,,,num_crystallizer_BIN,High,23.53,17.0,,,,,,,,,
prevalence,,,,,,,,,,,2020-08-24,,,,num_stream_BIN,High,23.53,17.0,,,,,,,,,
prevalence,,,,,,,,,,,2020-08-24,,,,crystallizer_movementmm_BIN,High,11.76,17.0,,,,,,,,,
prevalence,,,,,,,,,,,2020-08-24,,,,RUL_BIN,Critical,11.76,17.0,,,,,,,,,
prevalence,,,,,,,,,,,2020-08-24,,,,num_crystallizer_BIN,Low,11.76,17.0,,,,,,,,,
prevalence,,,,,,,,,,,2020-08-25,,,,RUL_BIN,Critical,100.0,11.0,,,,,,,,,
prevalence,,,,,,,,,,,2020-08-25,,,,alloy_speed_meter_minute_BIN,Medium,100.0,11.0,,,,,,,,,
prevalence,,,,,,,,,,,2020-08-25,,,,alloy_type,open,100.0,11.0,,,,,,,,,
prevalence,,,,,,,,,,,2020-08-25,,,,cast_in_row_BIN,Low,100.0,11.0,,,,,,,,,
prevalence,,,,,,,,,,,2020-08-25,,,,crystallizer_movementmm_BIN,Low,100.0,11.0,,,,,,,,,
prevalence,,,,,,,,,,,2020-08-25,,,,resistance_tonn_BIN,Low,100.0,11.0,,,,,,,,,
prevalence,,,,,,,,,,,2020-08-25,,,,steel_temperature_grab1Celsius_BIN,High,100.0,11.0,,,,,,,,,
prevalence,,,,,,,,,,,2020-08-25,,,,steel_type,Arm500,100.0,11.0,,,,,,,,,
prevalence,,,,,,,,,,,2020-08-25,,,,steel_weighttonn_BIN,High,100.0,11.0,,,,,,,,,
prevalence,,,,,,,,,,,2020-08-25,,,,swing_frequency_amount_minute_BIN,High,100.0,11.0,,,,,,,,,
prevalence,,,,,,,,,,,2020-08-25,,,,temperature_measurement1_Celsius_BIN,Low,100.0,11.0,,,,,,,,,
prevalence,,,,,,,,,,,2020-08-25,,,,temperature_measurement2_Celsius_BIN,Low,100.0,11.0,,,,,,,,,
prevalence,,,,,,,,,,,2020-08-25,,,,water_consumption_BIN,High,100.0,11.0,,,,,,,,,
prevalence,,,,,,,,,,,2020-08-25,,,,water_temperature_deltaCelsius_BIN,High,100.0,11.0,,,,,,,,,
prevalence,,,,,,,,,,,2020-08-25,,,,workpiece_slice_geometry,180x180,100.0,11.0,,,,,,,,,
prevalence,,,,,,,,,,,2020-08-25,,,,num_stream_BIN,Low,36.36,11.0,,,,,,,,,
prevalence,,,,,,,,,,,2020-08-25,,,,num_stream_BIN,High,36.36,11.0,,,,,,,,,
prevalence,,,,,,,,,,,2020-08-25,,,,num_crystallizer_BIN,Medium,36.36,11.0,,,,,,,,,
prevalence,,,,,,,,,,,2020-08-25,,,,num_stream_BIN,Medium,18.18,11.0,,,,,,,,,
prevalence,,,,,,,,,,,2020-08-25,,,,num_crystallizer_BIN,Low,18.18,11.0,,,,,,,,,
prevalence,,,,,,,,,,,2020-08-25,,,,num_crystallizer_BIN,High,36.36,11.0,,,,,,,,,
prevalence,,,,,,,,,,,2020-08-26,,,,RUL_BIN,Critical,100.0,11.0,,,,,,,,,
prevalence,,,,,,,,,,,2020-08-26,,,,alloy_speed_meter_minute_BIN,Medium,100.0,11.0,,,,,,,,,
prevalence,,,,,,,,,,,2020-08-26,,,,alloy_type,open,100.0,11.0,,,,,,,,,
prevalence,,,,,,,,,,,2020-08-26,,,,cast_in_row_BIN,Low,100.0,11.0,,,,,,,,,
prevalence,,,,,,,,,,,2020-08-26,,,,crystallizer_movementmm_BIN,High,100.0,11.0,,,,,,,,,
prevalence,,,,,,,,,,,2020-08-26,,,,resistance_tonn_BIN,Low,100.0,11.0,,,,,,,,,
prevalence,,,,,,,,,,,2020-08-26,,,,steel_temperature_grab1Celsius_BIN,High,100.0,11.0,,,,,,,,,
prevalence,,,,,,,,,,,2020-08-26,,,,steel_type,Arm500,100.0,11.0,,,,,,,,,
prevalence,,,,,,,,,,,2020-08-26,,,,steel_weighttonn_BIN,High,100.0,11.0,,,,,,,,,
prevalence,,,,,,,,,,,2020-08-26,,,,swing_frequency_amount_minute_BIN,High,100.0,11.0,,,,,,,,,
prevalence,,,,,,,,,,,2020-08-26,,,,temperature_measurement1_Celsius_BIN,Low,100.0,11.0,,,,,,,,,
prevalence,,,,,,,,,,,2020-08-26,,,,temperature_measurement2_Celsius_BIN,Low,100.0,11.0,,,,,,,,,
prevalence,,,,,,,,,,,2020-08-26,,,,water_consumption_BIN,High,100.0,11.0,,,,,,,,,
prevalence,,,,,,,,,,,2020-08-26,,,,water_temperature_deltaCelsius_BIN,High,100.0,11.0,,,,,,,,,
prevalence,,,,,,,,,,,2020-08-26,,,,workpiece_slice_geometry,180x180,100.0,11.0,,,,,,,,,
prevalence,,,,,,,,,,,2020-08-26,,,,num_stream_BIN,Low,36.36,11.0,,,,,,,,,
prevalence,,,,,,,,,,,2020-08-26,,,,num_stream_BIN,High,36.36,11.0,,,,,,,,,
prevalence,,,,,,,,,,,2020-08-26,,,,num_crystallizer_BIN,Medium,36.36,11.0,,,,,,,,,
prevalence,,,,,,,,,,,2020-08-26,,,,num_stream_BIN,Medium,18.18,11.0,,,,,,,,,
prevalence,,,,,,,,,,,2020-08-26,,,,num_crystallizer_BIN,Low,18.18,11.0,,,,,,,,,
prevalence,,,,,,,,,,,2020-08-26,,,,num_crystallizer_BIN,High,36.36,11.0,,,,,,,,,
lattice_stats,,,,,,,,,,1.429,2020-01-05,,,,,,,7.0,K_001,3.0,20.0,0.116667,16.571,20.0,3.0,,
lattice_stats,,,,,,,,,,3.154,2020-01-06,,,,,,,13.0,K_002,9.0,22.0,0.065657,16.308,22.0,9.0,,
lattice_stats,,,,,,,,,,2.667,2020-01-07,,,,,,,6.0,K_003,6.0,20.0,0.05,17.0,20.0,6.0,,
lattice_stats,,,,,,,,,,2.667,2020-01-08,,,,,,,6.0,K_004,6.0,20.0,0.05,17.0,20.0,6.0,,
lattice_stats,,,,,,,,,,2.667,2020-01-09,,,,,,,6.0,K_005,6.0,20.0,0.05,17.0,20.0,6.0,,
lattice_stats,,,,,,,,,,3.333,2020-01-10,,,,,,,12.0,K_006,8.0,21.0,0.071429,16.5,21.0,8.0,,
lattice_stats,,,,,,,,,,2.067,2020-02-05,,,,,,,15.0,K_007,6.0,21.0,0.119048,16.4,21.0,6.0,,
lattice_stats,,,,,,,,,,2.158,2020-02-07,,,,,,,19.0,K_008,7.0,22.0,0.123377,16.263,22.0,7.0,,
lattice_stats,,,,,,,,,,2.143,2020-02-08,,,,,,,14.0,K_009,6.0,21.0,0.111111,16.214,21.0,6.0,,
lattice_stats,,,,,,,,,,2.333,2020-02-09,,,,,,,18.0,K_010,8.0,23.0,0.097826,16.333,23.0,8.0,,
lattice_stats,,,,,,,,,,2.231,2020-02-10,,,,,,,13.0,K_011,6.0,21.0,0.103175,16.385,21.0,6.0,,
lattice_stats,,,,,,,,,,2.238,2020-03-05,,,,,,,21.0,K_012,8.0,23.0,0.11413,16.286,23.0,8.0,,
lattice_stats,,,,,,,,,,2.0,2020-03-07,,,,,,,16.0,K_013,6.0,21.0,0.126984,16.375,21.0,6.0,,
lattice_stats,,,,,,,,,,2.259,2020-03-08,,,,,,,27.0,K_014,9.0,22.0,0.136364,16.259,22.0,9.0,,
lattice_stats,,,,,,,,,,1.846,2020-03-09,,,,,,,13.0,K_015,6.0,20.0,0.108333,16.692,20.0,6.0,,
lattice_stats,,,,,,,,,,2.0,2020-04-07,,,,,,,8.0,K_016,5.0,20.0,0.08,16.875,20.0,5.0,,
lattice_stats,,,,,,,,,,2.5,2020-04-08,,,,,,,12.0,K_017,6.0,22.0,0.090909,16.333,22.0,6.0,,
lattice_stats,,,,,,,,,,2.0,2020-04-09,,,,,,,8.0,K_018,5.0,20.0,0.08,16.875,20.0,5.0,,
lattice_stats,,,,,,,,,,1.889,2020-05-05,,,,,,,9.0,K_019,5.0,20.0,0.09,16.778,20.0,5.0,,
lattice_stats,,,,,,,,,,2.235,2020-05-07,,,,,,,17.0,K_020,6.0,23.0,0.123188,16.118,23.0,6.0,,
lattice_stats,,,,,,,,,,1.923,2020-05-08,,,,,,,13.0,K_021,5.0,21.0,0.12381,16.462,21.0,5.0,,
lattice_stats,,,,,,,,,,2.5,2020-05-09,,,,,,,30.0,K_022,11.0,23.0,0.118577,16.233,23.0,11.0,,
lattice_stats,,,,,,,,,,1.875,2020-05-13,,,,,,,8.0,K_023,5.0,21.0,0.07619,17.0,21.0,5.0,,
lattice_stats,,,,,,,,,,1.846,2020-05-14,,,,,,,13.0,K_024,5.0,22.0,0.118182,16.385,22.0,5.0,,
lattice_stats,,,,,,,,,,1.833,2020-05-15,,,,,,,12.0,K_025,5.0,22.0,0.109091,16.5,22.0,5.0,,
lattice_stats,,,,,,,,,,1.833,2020-05-16,,,,,,,12.0,K_026,5.0,23.0,0.104348,16.583,23.0,5.0,,
lattice_stats,,,,,,,,,,2.607,2020-05-17,,,,,,,28.0,K_027,11.0,23.0,0.110672,16.214,23.0,11.0,,
lattice_stats,,,,,,,,,,2.118,2020-05-18,,,,,,,17.0,K_028,7.0,22.0,0.11039,16.471,22.0,7.0,,
lattice_stats,,,,,,,,,,2.808,2020-05-19,,,,,,,26.0,K_029,12.0,24.0,0.090278,16.308,24.0,12.0,,
lattice_stats,,,,,,,,,,2.167,2020-05-20,,,,,,,12.0,K_030,6.0,23.0,0.086957,16.583,23.0,6.0,,
lattice_stats,,,,,,,,,,2.714,2020-05-21,,,,,,,28.0,K_031,12.0,23.0,0.101449,16.25,23.0,12.0,,
lattice_stats,,,,,,,,,,2.731,2020-05-22,,,,,,,26.0,K_032,12.0,24.0,0.090278,16.269,24.0,12.0,,
lattice_stats,,,,,,,,,,1.857,2020-05-23,,,,,,,14.0,K_033,6.0,24.0,0.097222,16.571,24.0,6.0,,
lattice_stats,,,,,,,,,,1.923,2020-05-24,,,,,,,13.0,K_034,6.0,24.0,0.090278,16.615,24.0,6.0,,
lattice_stats,,,,,,,,,,2.75,2020-05-25,,,,,,,28.0,K_035,12.0,23.0,0.101449,16.25,23.0,12.0,,
lattice_stats,,,,,,,,,,2.235,2020-05-26,,,,,,,17.0,K_036,7.0,22.0,0.11039,16.235,22.0,7.0,,
lattice_stats,,,,,,,,,,3.1,2020-05-27,,,,,,,20.0,K_037,12.0,24.0,0.069444,16.45,24.0,12.0,,
lattice_stats,,,,,,,,,,2.25,2020-05-28,,,,,,,8.0,K_038,6.0,21.0,0.063492,17.0,21.0,6.0,,
lattice_stats,,,,,,,,,,2.25,2020-05-29,,,,,,,8.0,K_039,6.0,21.0,0.063492,17.0,21.0,6.0,,
lattice_stats,,,,,,,,,,3.118,2020-05-30,,,,,,,17.0,K_040,8.0,23.0,0.092391,16.059,23.0,8.0,,
lattice_stats,,,,,,,,,,3.083,2020-05-31,,,,,,,12.0,K_041,8.0,22.0,0.068182,16.5,22.0,8.0,,
lattice_stats,,,,,,,,,,2.895,2020-06-05,,,,,,,19.0,K_042,10.0,23.0,0.082609,16.263,23.0,10.0,,
lattice_stats,,,,,,,,,,1.833,2020-06-07,,,,,,,12.0,K_043,5.0,23.0,0.104348,16.583,23.0,5.0,,
lattice_stats,,,,,,,,,,2.5,2020-06-08,,,,,,,14.0,K_044,6.0,22.0,0.106061,16.357,22.0,6.0,,
lattice_stats,,,,,,,,,,2.333,2020-06-09,,,,,,,6.0,K_045,5.0,20.0,0.06,17.0,20.0,5.0,,
lattice_stats,,,,,,,,,,2.929,2020-07-05,,,,,,,14.0,K_046,9.0,22.0,0.070707,16.5,22.0,9.0,,
lattice_stats,,,,,,,,,,2.0,2020-07-07,,,,,,,8.0,K_047,5.0,20.0,0.08,16.875,20.0,5.0,,
lattice_stats,,,,,,,,,,2.556,2020-07-08,,,,,,,9.0,K_048,7.0,21.0,0.061224,17.0,21.0,7.0,,
lattice_stats,,,,,,,,,,3.1,2020-07-09,,,,,,,10.0,K_049,9.0,21.0,0.05291,16.9,21.0,9.0,,
lattice_stats,,,,,,,,,,2.133,2020-07-13,,,,,,,15.0,K_050,6.0,21.0,0.119048,16.467,21.0,6.0,,
lattice_stats,,,,,,,,,,2.565,2020-07-14,,,,,,,23.0,K_051,9.0,22.0,0.116162,16.261,22.0,9.0,,
lattice_stats,,,,,,,,,,2.591,2020-07-15,,,,,,,22.0,K_052,9.0,22.0,0.111111,16.273,22.0,9.0,,
lattice_stats,,,,,,,,,,2.231,2020-07-16,,,,,,,13.0,K_053,6.0,21.0,0.103175,16.385,21.0,6.0,,
lattice_stats,,,,,,,,,,2.833,2020-07-17,,,,,,,18.0,K_054,9.0,23.0,0.086957,16.389,23.0,9.0,,
lattice_stats,,,,,,,,,,2.25,2020-07-18,,,,,,,12.0,K_055,6.0,22.0,0.090909,16.583,22.0,6.0,,
lattice_stats,,,,,,,,,,2.833,2020-07-19,,,,,,,18.0,K_056,9.0,22.0,0.090909,16.333,22.0,9.0,,
lattice_stats,,,,,,,,,,2.667,2020-07-20,,,,,,,18.0,K_057,9.0,22.0,0.090909,16.333,22.0,9.0,,
lattice_stats,,,,,,,,,,2.273,2020-07-21,,,,,,,11.0,K_058,6.0,22.0,0.083333,16.636,22.0,6.0,,
lattice_stats,,,,,,,,,,2.273,2020-07-22,,,,,,,11.0,K_059,6.0,22.0,0.083333,16.636,22.0,6.0,,
lattice_stats,,,,,,,,,,2.889,2020-07-23,,,,,,,18.0,K_060,9.0,23.0,0.086957,16.389,23.0,9.0,,
lattice_stats,,,,,,,,,,2.783,2020-07-24,,,,,,,23.0,K_061,10.0,22.0,0.104545,16.261,22.0,10.0,,
lattice_stats,,,,,,,,,,2.143,2020-07-25,,,,,,,14.0,K_062,6.0,21.0,0.111111,16.214,21.0,6.0,,
lattice_stats,,,,,,,,,,2.562,2020-07-26,,,,,,,16.0,K_063,8.0,23.0,0.086957,16.312,23.0,8.0,,
lattice_stats,,,,,,,,,,2.353,2020-07-27,,,,,,,17.0,K_064,7.0,24.0,0.10119,16.0,24.0,7.0,,
lattice_stats,,,,,,,,,,2.312,2020-07-28,,,,,,,16.0,K_065,7.0,22.0,0.103896,16.375,22.0,7.0,,
lattice_stats,,,,,,,,,,2.167,2020-07-29,,,,,,,18.0,K_066,7.0,23.0,0.111801,16.389,23.0,7.0,,
lattice_stats,,,,,,,,,,2.417,2020-07-30,,,,,,,12.0,K_067,6.0,21.0,0.095238,16.5,21.0,6.0,,
lattice_stats,,,,,,,,,,3.125,2020-07-31,,,,,,,24.0,K_068,9.0,25.0,0.106667,15.875,25.0,9.0,,
lattice_stats,,,,,,,,,,1.933,2020-08-05,,,,,,,15.0,K_069,6.0,23.0,0.108696,16.467,23.0,6.0,,
lattice_stats,,,,,,,,,,1.944,2020-08-07,,,,,,,18.0,K_070,7.0,23.0,0.111801,16.278,23.0,7.0,,
lattice_stats,,,,,,,,,,1.8,2020-08-08,,,,,,,15.0,K_071,6.0,24.0,0.104167,16.333,24.0,6.0,,
lattice_stats,,,,,,,,,,1.889,2020-08-09,,,,,,,18.0,K_072,7.0,24.0,0.107143,16.333,24.0,7.0,,
lattice_stats,,,,,,,,,,2.154,2020-08-13,,,,,,,13.0,K_073,6.0,22.0,0.098485,16.385,22.0,6.0,,
lattice_stats,,,,,,,,,,1.846,2020-08-14,,,,,,,13.0,K_074,5.0,22.0,0.118182,16.385,22.0,5.0,,
lattice_stats,,,,,,,,,,1.938,2020-08-15,,,,,,,16.0,K_075,6.0,23.0,0.115942,16.375,23.0,6.0,,
lattice_stats,,,,,,,,,,1.667,2020-08-16,,,,,,,9.0,K_076,4.0,22.0,0.102273,16.556,22.0,4.0,,
lattice_stats,,,,,,,,,,2.25,2020-08-17,,,,,,,12.0,K_077,6.0,22.0,0.090909,16.5,22.0,6.0,,
lattice_stats,,,,,,,,,,1.556,2020-08-18,,,,,,,9.0,K_078,4.0,21.0,0.107143,16.667,21.0,4.0,,
lattice_stats,,,,,,,,,,1.5,2020-08-19,,,,,,,8.0,K_079,4.0,23.0,0.086957,17.0,23.0,4.0,,
lattice_stats,,,,,,,,,,1.5,2020-08-20,,,,,,,8.0,K_080,4.0,23.0,0.086957,17.0,23.0,4.0,,
lattice_stats,,,,,,,,,,1.692,2020-08-21,,,,,,,13.0,K_081,5.0,23.0,0.113043,16.308,23.0,5.0,,
lattice_stats,,,,,,,,,,1.5,2020-08-22,,,,,,,8.0,K_082,3.0,21.0,0.126984,16.0,21.0,3.0,,
lattice_stats,,,,,,,,,,1.333,2020-08-23,,,,,,,6.0,K_083,3.0,22.0,0.090909,17.0,22.0,3.0,,
lattice_stats,,,,,,,,,,2.294,2020-08-24,,,,,,,17.0,K_084,5.0,24.0,0.141667,15.412,24.0,5.0,,
lattice_stats,,,,,,,,,,1.636,2020-08-25,,,,,,,11.0,K_085,5.0,21.0,0.104762,16.818,21.0,5.0,,
lattice_stats,,,,,,,,,,1.636,2020-08-26,,,,,,,11.0,K_086,5.0,21.0,0.104762,16.818,21.0,5.0,,
summary,,,,,,,,,,,,,,,,,,,,,,,,,,Time windows (days),86
summary,,,,,,,,,,,,,,,,,,,,,,,,,,Total unique concepts,764
summary,,,,,,,,,,,,,,,,,,,,,,,,,,Universal concepts (lifespan=100%),0
summary,,,,,,,,,,,,,,,,,,,,,,,,,,Long-lived concepts (>=70%),0
summary,,,,,,,,,,,,,,,,,,,,,,,,,,Medium-lived concepts (30-69%),0
summary,,,,,,,,,,,,,,,,,,,,,,,,,,Short-lived concepts (10-29%),7
summary,,,,,,,,,,,,,,,,,,,,,,,,,,Ephemeral concepts (<10%),757
summary,,,,,,,,,,,,,,,,,,,,,,,,,,Max lifespan (days),20
summary,,,,,,,,,,,,,,,,,,,,,,,,,,Min lifespan (days),1
summary,,,,,,,,,,,,,,,,,,,,,,,,,,Mean lifespan (days),1.64
summary,,,,,,,,,,,,,,,,,,,,,,,,,,Median lifespan (days),1.0
summary,,,,,,,,,,,,,,,,,,,,,,,,,,Total concept-day instances,1253
