date,context_id,concept_id,intent,extent,intent_size,extent_size,n_objects,n_attributes
2020-01-05,K_001,0,alloy_speed_meter_minute_BIN=High | alloy_type=open | cast_in_row_BIN=Low | crystallizer_movementmm_BIN=Medium | resistance_tonn_BIN=Low | steel_temperature_grab1Celsius_BIN=High | steel_type=St3sp | steel_weighttonn_BIN=High | swing_frequency_amount_minute_BIN=Medium | temperature_measurement1_Celsius_BIN=Low | temperature_measurement2_Celsius_BIN=Low | water_consumption_BIN=High | water_temperature_deltaCelsius_BIN=High | workpiece_slice_geometry=150x150,30012261 | 30013346 | 30013350,14,3,3,20
2020-01-05,K_001,1,alloy_speed_meter_minute_BIN=High | alloy_type=open | cast_in_row_BIN=Low | crystallizer_movementmm_BIN=Medium | num_crystallizer_BIN=Low | num_stream_BIN=Low | resistance_tonn_BIN=Low | steel_temperature_grab1Celsius_BIN=High | steel_type=St3sp | steel_weighttonn_BIN=High | swing_frequency_amount_minute_BIN=Medium | temperature_measurement1_Celsius_BIN=Low | temperature_measurement2_Celsius_BIN=Low | water_consumption_BIN=High | water_temperature_deltaCelsius_BIN=High | workpiece_slice_geometry=150x150,30013346 | 30013350,16,2,3,20
2020-01-05,K_001,2,RUL_BIN=Medium | alloy_speed_meter_minute_BIN=High | alloy_type=open | cast_in_row_BIN=Low | crystallizer_movementmm_BIN=Medium | resistance_tonn_BIN=Low | steel_temperature_grab1Celsius_BIN=High | steel_type=St3sp | steel_weighttonn_BIN=High | swing_frequency_amount_minute_BIN=Medium | temperature_measurement1_Celsius_BIN=Low | temperature_measurement2_Celsius_BIN=Low | water_consumption_BIN=High | water_temperature_deltaCelsius_BIN=High | workpiece_slice_geometry=150x150,30012261 | 30013350,15,2,3,20
2020-01-05,K_001,3,RUL_BIN=Medium | alloy_speed_meter_minute_BIN=High | alloy_type=open | cast_in_row_BIN=Low | crystallizer_movementmm_BIN=Medium | num_crystallizer_BIN=Low | num_stream_BIN=Low | resistance_tonn_BIN=Low | steel_temperature_grab1Celsius_BIN=High | steel_type=St3sp | steel_weighttonn_BIN=High | swing_frequency_amount_minute_BIN=Medium | temperature_measurement1_Celsius_BIN=Low | temperature_measurement2_Celsius_BIN=Low | water_consumption_BIN=High | water_temperature_deltaCelsius_BIN=High | workpiece_slice_geometry=150x150,30013350,17,1,3,20
2020-01-05,K_001,4,RUL_BIN=Medium | alloy_speed_meter_minute_BIN=High | alloy_type=open | cast_in_row_BIN=Low | crystallizer_movementmm_BIN=Medium | num_crystallizer_BIN=High | num_stream_BIN=Medium | resistance_tonn_BIN=Low | steel_temperature_grab1Celsius_BIN=High | steel_type=St3sp | steel_weighttonn_BIN=High | swing_frequency_amount_minute_BIN=Medium | temperature_measurement1_Celsius_BIN=Low | temperature_measurement2_Celsius_BIN=Low | water_consumption_BIN=High | water_temperature_deltaCelsius_BIN=High | workpiece_slice_geometry=150x150,30012261,17,1,3,20
2020-01-05,K_001,5,RUL_BIN=Low | alloy_speed_meter_minute_BIN=High | alloy_type=open | cast_in_row_BIN=Low | crystallizer_movementmm_BIN=Medium | num_crystallizer_BIN=Low | num_stream_BIN=Low | resistance_tonn_BIN=Low | steel_temperature_grab1Celsius_BIN=High | steel_type=St3sp | steel_weighttonn_BIN=High | swing_frequency_amount_minute_BIN=Medium | temperature_measurement1_Celsius_BIN=Low | temperature_measurement2_Celsius_BIN=Low | water_consumption_BIN=High | water_temperature_deltaCelsius_BIN=High | workpiece_slice_geometry=150x150,30013346,17,1,3,20
2020-01-05,K_001,6,RUL_BIN=Low | RUL_BIN=Medium | alloy_speed_meter_minute_BIN=High | alloy_type=open | cast_in_row_BIN=Low | crystallizer_movementmm_BIN=Medium | num_crystallizer_BIN=High | num_crystallizer_BIN=Low | num_stream_BIN=Low | num_stream_BIN=Medium | resistance_tonn_BIN=Low | steel_temperature_grab1Celsius_BIN=High | steel_type=St3sp | steel_weighttonn_BIN=High | swing_frequency_amount_minute_BIN=Medium | temperature_measurement1_Celsius_BIN=Low | temperature_measurement2_Celsius_BIN=Low | water_consumption_BIN=High | water_temperature_deltaCelsius_BIN=High | workpiece_slice_geometry=150x150,,20,0,3,20
2020-01-06,K_002,0,alloy_speed_meter_minute_BIN=Medium | alloy_type=open | cast_in_row_BIN=Low | crystallizer_movementmm_BIN=High | resistance_tonn_BIN=Low | steel_temperature_grab1Celsius_BIN=High | steel_type=Arm500 | steel_weighttonn_BIN=Medium | swing_frequency_amount_minute_BIN=Medium | temperature_measurement1_Celsius_BIN=Low | temperature_measurement2_Celsius_BIN=Low | water_consumption_BIN=High | water_temperature_deltaCelsius_BIN=High | workpiece_slice_geometry=180x180,30012261 | 30013346 | 30013350 | 30013863 | 30013864 | 30013865 | 30013866 | 30013868 | 30013870,14,9,9,22
2020-01-06,K_002,1,alloy_speed_meter_minute_BIN=Medium | alloy_type=open | cast_in_row_BIN=Low | crystallizer_movementmm_BIN=High | num_stream_BIN=Medium | resistance_tonn_BIN=Low | steel_temperature_grab1Celsius_BIN=High | steel_type=Arm500 | steel_weighttonn_BIN=Medium | swing_frequency_amount_minute_BIN=Medium | temperature_measurement1_Celsius_BIN=Low | temperature_measurement2_Celsius_BIN=Low | water_consumption_BIN=High | water_temperature_deltaCelsius_BIN=High | workpiece_slice_geometry=180x180,30012261 | 30013863 | 30013864,15,3,9,22
2020-01-06,K_002,2,alloy_speed_meter_minute_BIN=Medium | alloy_type=open | cast_in_row_BIN=Low | crystallizer_movementmm_BIN=High | num_stream_BIN=Low | resistance_tonn_BIN=Low | steel_temperature_grab1Celsius_BIN=High | steel_type=Arm500 | steel_weighttonn_BIN=Medium | swing_frequency_amount_minute_BIN=Medium | temperature_measurement1_Celsius_BIN=Low | temperature_measurement2_Celsius_BIN=Low | water_consumption_BIN=High | water_temperature_deltaCelsius_BIN=High | workpiece_slice_geometry=180x180,30013346 | 30013350 | 30013865 | 30013868,15,4,9,22
2020-01-06,K_002,3,alloy_speed_meter_minute_BIN=Medium | alloy_type=open | cast_in_row_BIN=Low | crystallizer_movementmm_BIN=High | num_crystallizer_BIN=High | resistance_tonn_BIN=Low | steel_temperature_grab1Celsius_BIN=High | steel_type=Arm500 | steel_weighttonn_BIN=Medium | swing_frequency_amount_minute_BIN=Medium | temperature_measurement1_Celsius_BIN=Low | temperature_measurement2_Celsius_BIN=Low | water_consumption_BIN=High | water_temperature_deltaCelsius_BIN=High | workpiece_slice_geometry=180x180,30012261 | 30013866 | 30013870,15,3,9,22
2020-01-06,K_002,4,RUL_BIN=Healthy | alloy_speed_meter_minute_BIN=Medium | alloy_type=open | cast_in_row_BIN=Low | crystallizer_movementmm_BIN=High | resistance_tonn_BIN=Low | steel_temperature_grab1Celsius_BIN=High | steel_type=Arm500 | steel_weighttonn_BIN=Medium | swing_frequency_amount_minute_BIN=Medium | temperature_measurement1_Celsius_BIN=Low | temperature_measurement2_Celsius_BIN=Low | water_consumption_BIN=High | water_temperature_deltaCelsius_BIN=High | workpiece_slice_geometry=180x180,30013863 | 30013864 | 30013865 | 30013866 | 30013868 | 30013870,15,6,9,22
2020-01-06,K_002,5,RUL_BIN=Healthy | alloy_speed_meter_minute_BIN=Medium | alloy_type=open | cast_in_row_BIN=Low | crystallizer_movementmm_BIN=High | num_crystallizer_BIN=Medium | resistance_tonn_BIN=Low | steel_temperature_grab1Celsius_BIN=High | steel_type=Arm500 | steel_weighttonn_BIN=Medium | swing_frequency_amount_minute_BIN=Medium | temperature_measurement1_Celsius_BIN=Low | temperature_measurement2_Celsius_BIN=Low | water_consumption_BIN=High | water_temperature_deltaCelsius_BIN=High | workpiece_slice_geometry=180x180,30013863 | 30013864 | 30013865 | 30013868,16,4,9,22
2020-01-06,K_002,6,RUL_BIN=Healthy | alloy_speed_meter_minute_BIN=Medium | alloy_type=open | cast_in_row_BIN=Low | crystallizer_movementmm_BIN=High | num_crystallizer_BIN=Medium | num_stream_BIN=Medium | resistance_tonn_BIN=Low | steel_temperature_grab1Celsius_BIN=High | steel_type=Arm500 | steel_weighttonn_BIN=Medium | swing_frequency_amount_minute_BIN=Medium | temperature_measurement1_Celsius_BIN=Low | temperature_measurement2_Celsius_BIN=Low | water_consumption_BIN=High | water_temperature_deltaCelsius_BIN=High | workpiece_slice_geometry=180x180,30013863 | 30013864,17,2,9,22
2020-01-06,K_002,7,RUL_BIN=Healthy | alloy_speed_meter_minute_BIN=Medium | alloy_type=open | cast_in_row_BIN=Low | crystallizer_movementmm_BIN=High | num_crystallizer_BIN=Medium | num_stream_BIN=Low | resistance_tonn_BIN=Low | steel_temperature_grab1Celsius_BIN=High | steel_type=Arm500 | steel_weighttonn_BIN=Medium | swing_frequency_amount_minute_BIN=Medium | temperature_measurement1_Celsius_BIN=Low | temperature_measurement2_Celsius_BIN=Low | water_consumption_BIN=High | water_temperature_deltaCelsius_BIN=High | workpiece_slice_geometry=180x180,30013865 | 30013868,17,2,9,22
2020-01-06,K_002,8,RUL_BIN=Healthy | alloy_speed_meter_minute_BIN=Medium | alloy_type=open | cast_in_row_BIN=Low | crystallizer_movementmm_BIN=High | num_crystallizer_BIN=High | num_stream_BIN=High | resistance_tonn_BIN=Low | steel_temperature_grab1Celsius_BIN=High | steel_type=Arm500 | steel_weighttonn_BIN=Medium | swing_frequency_amount_minute_BIN=Medium | temperature_measurement1_Celsius_BIN=Low | temperature_measurement2_Celsius_BIN=Low | water_consumption_BIN=High | water_temperature_deltaCelsius_BIN=High | workpiece_slice_geometry=180x180,30013866 | 30013870,17,2,9,22
2020-01-06,K_002,9,RUL_BIN=Critical | alloy_speed_meter_minute_BIN=Medium | alloy_type=open | cast_in_row_BIN=Low | crystallizer_movementmm_BIN=High | resistance_tonn_BIN=Low | steel_temperature_grab1Celsius_BIN=High | steel_type=Arm500 | steel_weighttonn_BIN=Medium | swing_frequency_amount_minute_BIN=Medium | temperature_measurement1_Celsius_BIN=Low | temperature_measurement2_Celsius_BIN=Low | water_consumption_BIN=High | water_temperature_deltaCelsius_BIN=High | workpiece_slice_geometry=180x180,30012261 | 30013346 | 30013350,15,3,9,22
2020-01-06,K_002,10,RUL_BIN=Critical | alloy_speed_meter_minute_BIN=Medium | alloy_type=open | cast_in_row_BIN=Low | crystallizer_movementmm_BIN=High | num_crystallizer_BIN=Low | num_stream_BIN=Low | resistance_tonn_BIN=Low | steel_temperature_grab1Celsius_BIN=High | steel_type=Arm500 | steel_weighttonn_BIN=Medium | swing_frequency_amount_minute_BIN=Medium | temperature_measurement1_Celsius_BIN=Low | temperature_measurement2_Celsius_BIN=Low | water_consumption_BIN=High | water_temperature_deltaCelsius_BIN=High | workpiece_slice_geometry=180x180,30013346 | 30013350,17,2,9,22
2020-01-06,K_002,11,RUL_BIN=Critical | alloy_speed_meter_minute_BIN=Medium | alloy_type=open | cast_in_row_BIN=Low | crystallizer_movementmm_BIN=High | num_crystallizer_BIN=High | num_stream_BIN=Medium | resistance_tonn_BIN=Low | steel_temperature_grab1Celsius_BIN=High | steel_type=Arm500 | steel_weighttonn_BIN=Medium | swing_frequency_amount_minute_BIN=Medium | temperature_measurement1_Celsius_BIN=Low | temperature_measurement2_Celsius_BIN=Low | water_consumption_BIN=High | water_temperature_deltaCelsius_BIN=High | workpiece_slice_geometry=180x180,30012261,17,1,9,22
2020-01-06,K_002,12,RUL_BIN=Critical | RUL_BIN=Healthy | alloy_speed_meter_minute_BIN=Medium | alloy_type=open | cast_in_row_BIN=Low | crystallizer_movementmm_BIN=High | num_crystallizer_BIN=High | num_crystallizer_BIN=Low | num_crystallizer_BIN=Medium | num_stream_BIN=High | num_stream_BIN=Low | num_stream_BIN=Medium | resistance_tonn_BIN=Low | steel_temperature_grab1Celsius_BIN=High | steel_type=Arm500 | steel_weighttonn_BIN=Medium | swing_frequency_amount_minute_BIN=Medium | temperature_measurement1_Celsius_BIN=Low | temperature_measurement2_Celsius_BIN=Low | water_consumption_BIN=High | water_temperature_deltaCelsius_BIN=High | workpiece_slice_geometry=180x180,,22,0,9,22
2020-01-07,K_003,0,RUL_BIN=Healthy | alloy_speed_meter_minute_BIN=Medium | alloy_type=open | cast_in_row_BIN=Low | crystallizer_movementmm_BIN=High | resistance_tonn_BIN=Low | steel_temperature_grab1Celsius_BIN=High | steel_type=Arm500 | steel_weighttonn_BIN=High | swing_frequency_amount_minute_BIN=High | temperature_measurement1_Celsius_BIN=Low | temperature_measurement2_Celsius_BIN=Low | water_consumption_BIN=High | water_temperature_deltaCelsius_BIN=High | workpiece_slice_geometry=180x180,30013863 | 30013864 | 30013865 | 30013866 | 30013868 | 30013870,15,6,6,20
2020-01-07,K_003,1,RUL_BIN=Healthy | alloy_speed_meter_minute_BIN=Medium | alloy_type=open | cast_in_row_BIN=Low | crystallizer_movementmm_BIN=High | num_crystallizer_BIN=Medium | resistance_tonn_BIN=Low | steel_temperature_grab1Celsius_BIN=High | steel_type=Arm500 | steel_weighttonn_BIN=High | swing_frequency_amount_minute_BIN=High | temperature_measurement1_Celsius_BIN=Low | temperature_measurement2_Celsius_BIN=Low | water_consumption_BIN=High | water_temperature_deltaCelsius_BIN=High | workpiece_slice_geometry=180x180,30013863 | 30013864 | 30013865 | 30013868,16,4,6,20
2020-01-07,K_003,2,RUL_BIN=Healthy | alloy_speed_meter_minute_BIN=Medium | alloy_type=open | cast_in_row_BIN=Low | crystallizer_movementmm_BIN=High | num_crystallizer_BIN=Medium | num_stream_BIN=Medium | resistance_tonn_BIN=Low | steel_temperature_grab1Celsius_BIN=High | steel_type=Arm500 | steel_weighttonn_BIN=High | swing_frequency_amount_minute_BIN=High | temperature_measurement1_Celsius_BIN=Low | temperature_measurement2_Celsius_BIN=Low | water_consumption_BIN=High | water_temperature_deltaCelsius_BIN=High | workpiece_slice_geometry=180x180,30013863 | 30013864,17,2,6,20
2020-01-07,K_003,3,RUL_BIN=Healthy | alloy_speed_meter_minute_BIN=Medium | alloy_type=open | cast_in_row_BIN=Low | crystallizer_movementmm_BIN=High | num_crystallizer_BIN=Medium | num_stream_BIN=Low | resistance_tonn_BIN=Low | steel_temperature_grab1Celsius_BIN=High | steel_type=Arm500 | steel_weighttonn_BIN=High | swing_frequency_amount_minute_BIN=High | temperature_measurement1_Celsius_BIN=Low | temperature_measurement2_Celsius_BIN=Low | water_consumption_BIN=High | water_temperature_deltaCelsius_BIN=High | workpiece_slice_geometry=180x180,30013865 | 30013868,17,2,6,20
2020-01-07,K_003,4,RUL_BIN=Healthy | alloy_speed_meter_minute_BIN=Medium | alloy_type=open | cast_in_row_BIN=Low | crystallizer_movementmm_BIN=High | num_crystallizer_BIN=High | num_stream_BIN=High | resistance_tonn_BIN=Low | steel_temperature_grab1Celsius_BIN=High | steel_type=Arm500 | steel_weighttonn_BIN=High | swing_frequency_amount_minute_BIN=High | temperature_measurement1_Celsius_BIN=Low | temperature_measurement2_Celsius_BIN=Low | water_consumption_BIN=High | water_temperature_deltaCelsius_BIN=High | workpiece_slice_geometry=180x180,30013866 | 30013870,17,2,6,20
2020-01-07,K_003,5,RUL_BIN=Healthy | alloy_speed_meter_minute_BIN=Medium | alloy_type=open | cast_in_row_BIN=Low | crystallizer_movementmm_BIN=High | num_crystallizer_BIN=High | num_crystallizer_BIN=Medium | num_stream_BIN=High | num_stream_BIN=Low | num_stream_BIN=Medium | resistance_tonn_BIN=Low | steel_temperature_grab1Celsius_BIN=High | steel_type=Arm500 | steel_weighttonn_BIN=High | swing_frequency_amount_minute_BIN=High | temperature_measurement1_Celsius_BIN=Low | temperature_measurement2_Celsius_BIN=Low | water_consumption_BIN=High | water_temperature_deltaCelsius_BIN=High | workpiece_slice_geometry=180x180,,20,0,6,20
2020-01-08,K_004,0,RUL_BIN=Medium | alloy_speed_meter_minute_BIN=Medium | alloy_type=open | cast_in_row_BIN=Low | crystallizer_movementmm_BIN=Low | resistance_tonn_BIN=Low | steel_temperature_grab1Celsius_BIN=High | steel_type=Arm500 | steel_weighttonn_BIN=High | swing_frequency_amount_minute_BIN=High | temperature_measurement1_Celsius_BIN=Low | temperature_measurement2_Celsius_BIN=Low | water_consumption_BIN=High | water_temperature_deltaCelsius_BIN=High | workpiece_slice_geometry=180x180,30013863 | 30013864 | 30013865 | 30013866 | 30013868 | 30013870,15,6,6,20
2020-01-08,K_004,1,RUL_BIN=Medium | alloy_speed_meter_minute_BIN=Medium | alloy_type=open | cast_in_row_BIN=Low | crystallizer_movementmm_BIN=Low | num_crystallizer_BIN=Medium | resistance_tonn_BIN=Low | steel_temperature_grab1Celsius_BIN=High | steel_type=Arm500 | steel_weighttonn_BIN=High | swing_frequency_amount_minute_BIN=High | temperature_measurement1_Celsius_BIN=Low | temperature_measurement2_Celsius_BIN=Low | water_consumption_BIN=High | water_temperature_deltaCelsius_BIN=High | workpiece_slice_geometry=180x180,30013863 | 30013864 | 30013865 | 30013868,16,4,6,20
2020-01-08,K_004,2,RUL_BIN=Medium | alloy_speed_meter_minute_BIN=Medium | alloy_type=open | cast_in_row_BIN=Low | crystallizer_movementmm_BIN=Low | num_crystallizer_BIN=Medium | num_stream_BIN=Medium | resistance_tonn_BIN=Low | steel_temperature_grab1Celsius_BIN=High | steel_type=Arm500 | steel_weighttonn_BIN=High | swing_frequency_amount_minute_BIN=High | temperature_measurement1_Celsius_BIN=Low | temperature_measurement2_Celsius_BIN=Low | water_consumption_BIN=High | water_temperature_deltaCelsius_BIN=High | workpiece_slice_geometry=180x180,30013863 | 30013864,17,2,6,20
2020-01-08,K_004,3,RUL_BIN=Medium | alloy_speed_meter_minute_BIN=Medium | alloy_type=open | cast_in_row_BIN=Low | crystallizer_movementmm_BIN=Low | num_crystallizer_BIN=Medium | num_stream_BIN=Low | resistance_tonn_BIN=Low | steel_temperature_grab1Celsius_BIN=High | steel_type=Arm500 | steel_weighttonn_BIN=High | swing_frequency_amount_minute_BIN=High | temperature_measurement1_Celsius_BIN=Low | temperature_measurement2_Celsius_BIN=Low | water_consumption_BIN=High | water_temperature_deltaCelsius_BIN=High | workpiece_slice_geometry=180x180,30013865 | 30013868,17,2,6,20
2020-01-08,K_004,4,RUL_BIN=Medium | alloy_speed_meter_minute_BIN=Medium | alloy_type=open | cast_in_row_BIN=Low | crystallizer_movementmm_BIN=Low | num_crystallizer_BIN=High | num_stream_BIN=High | resistance_tonn_BIN=Low | steel_temperature_grab1Celsius_BIN=High | steel_type=Arm500 | steel_weighttonn_BIN=High | swing_frequency_amount_minute_BIN=High | temperature_measurement1_Celsius_BIN=Low | temperature_measurement2_Celsius_BIN=Low | water_consumption_BIN=High | water_temperature_deltaCelsius_BIN=High | workpiece_slice_geometry=180x180,30013866 | 30013870,17,2,6,20
2020-01-08,K_004,5,RUL_BIN=Medium | alloy_speed_meter_minute_BIN=Medium | alloy_type=open | cast_in_row_BIN=Low | crystallizer_movementmm_BIN=Low | num_crystallizer_BIN=High | num_crystallizer_BIN=Medium | num_stream_BIN=High | num_stream_BIN=Low | num_stream_BIN=Medium | resistance_tonn_BIN=Low | steel_temperature_grab1Celsius_BIN=High | steel_type=Arm500 | steel_weighttonn_BIN=High | swing_frequency_amount_minute_BIN=High | temperature_measurement1_Celsius_BIN=Low | temperature_measurement2_Celsius_BIN=Low | water_consumption_BIN=High | water_temperature_deltaCelsius_BIN=High | workpiece_slice_geometry=180x180,,20,0,6,20
2020-01-09,K_005,0,RUL_BIN=Low | alloy_speed_meter_minute_BIN=Medium | alloy_type=open | cast_in_row_BIN=Low | crystallizer_movementmm_BIN=Low | resistance_tonn_BIN=Low | steel_temperature_grab1Celsius_BIN=High | steel_type=Arm500 | steel_weighttonn_BIN=High | swing_frequency_amount_minute_BIN=High | temperature_measurement1_Celsius_BIN=Low | temperature_measurement2_Celsius_BIN=Low | water_consumption_BIN=High | water_temperature_deltaCelsius_BIN=High | workpiece_slice_geometry=180x180,30013863 | 30013864 | 30013865 | 30013866 | 30013868 | 30013870,15,6,6,20
2020-01-09,K_005,1,RUL_BIN=Low | alloy_speed_meter_minute_BIN=Medium | alloy_type=open | cast_in_row_BIN=Low | crystallizer_movementmm_BIN=Low | num_crystallizer_BIN=Medium | resistance_tonn_BIN=Low | steel_temperature_grab1Celsius_BIN=High | steel_type=Arm500 | steel_weighttonn_BIN=High | swing_frequency_amount_minute_BIN=High | temperature_measurement1_Celsius_BIN=Low | temperature_measurement2_Celsius_BIN=Low | water_consumption_BIN=High | water_temperature_deltaCelsius_BIN=High | workpiece_slice_geometry=180x180,30013863 | 30013864 | 30013865 | 30013868,16,4,6,20
2020-01-09,K_005,2,RUL_BIN=Low | alloy_speed_meter_minute_BIN=Medium | alloy_type=open | cast_in_row_BIN=Low | crystallizer_movementmm_BIN=Low | num_crystallizer_BIN=Medium | num_stream_BIN=Medium | resistance_tonn_BIN=Low | steel_temperature_grab1Celsius_BIN=High | steel_type=Arm500 | steel_weighttonn_BIN=High | swing_frequency_amount_minute_BIN=High | temperature_measurement1_Celsius_BIN=Low | temperature_measurement2_Celsius_BIN=Low | water_consumption_BIN=High | water_temperature_deltaCelsius_BIN=High | workpiece_slice_geometry=180x180,30013863 | 30013864,17,2,6,20
2020-01-09,K_005,3,RUL_BIN=Low | alloy_speed_meter_minute_BIN=Medium | alloy_type=open | cast_in_row_BIN=Low | crystallizer_movementmm_BIN=Low | num_crystallizer_BIN=Medium | num_stream_BIN=Low | resistance_tonn_BIN=Low | steel_temperature_grab1Celsius_BIN=High | steel_type=Arm500 | steel_weighttonn_BIN=High | swing_frequency_amount_minute_BIN=High | temperature_measurement1_Celsius_BIN=Low | temperature_measurement2_Celsius_BIN=Low | water_consumption_BIN=High | water_temperature_deltaCelsius_BIN=High | workpiece_slice_geometry=180x180,30013865 | 30013868,17,2,6,20
2020-01-09,K_005,4,RUL_BIN=Low | alloy_speed_meter_minute_BIN=Medium | alloy_type=open | cast_in_row_BIN=Low | crystallizer_movementmm_BIN=Low | num_crystallizer_BIN=High | num_stream_BIN=High | resistance_tonn_BIN=Low | steel_temperature_grab1Celsius_BIN=High | steel_type=Arm500 | steel_weighttonn_BIN=High | swing_frequency_amount_minute_BIN=High | temperature_measurement1_Celsius_BIN=Low | temperature_measurement2_Celsius_BIN=Low | water_consumption_BIN=High | water_temperature_deltaCelsius_BIN=High | workpiece_slice_geometry=180x180,30013866 | 30013870,17,2,6,20
2020-01-09,K_005,5,RUL_BIN=Low | alloy_speed_meter_minute_BIN=Medium | alloy_type=open | cast_in_row_BIN=Low | crystallizer_movementmm_BIN=Low | num_crystallizer_BIN=High | num_crystallizer_BIN=Medium | num_stream_BIN=High | num_stream_BIN=Low | num_stream_BIN=Medium | resistance_tonn_BIN=Low | steel_temperature_grab1Celsius_BIN=High | steel_type=Arm500 | steel_weighttonn_BIN=High | swing_frequency_amount_minute_BIN=High | temperature_measurement1_Celsius_BIN=Low | temperature_measurement2_Celsius_BIN=Low | water_consumption_BIN=High | water_temperature_deltaCelsius_BIN=High | workpiece_slice_geometry=180x180,,20,0,6,20
2020-01-10,K_006,0,RUL_BIN=Critical | alloy_speed_meter_minute_BIN=Medium | alloy_type=open | cast_in_row_BIN=Medium | crystallizer_movementmm_BIN=Low | resistance_tonn_BIN=Low | steel_temperature_grab1Celsius_BIN=High | steel_type=Arm500 | swing_frequency_amount_minute_BIN=High | temperature_measurement1_Celsius_BIN=Low | temperature_measurement2_Celsius_BIN=Low | water_consumption_BIN=High | water_temperature_deltaCelsius_BIN=High | workpiece_slice_geometry=180x180,30013356 | 30013358 | 30013863 | 30013864 | 30013865 | 30013866 | 30013868 | 30013870,14,8,8,21
2020-01-10,K_006,1,RUL_BIN=Critical | alloy_speed_meter_minute_BIN=Medium | alloy_type=open | cast_in_row_BIN=Medium | crystallizer_movementmm_BIN=Low | num_crystallizer_BIN=Medium | resistance_tonn_BIN=Low | steel_temperature_grab1Celsius_BIN=High | steel_type=Arm500 | swing_frequency_amount_minute_BIN=High | temperature_measurement1_Celsius_BIN=Low | temperature_measurement2_Celsius_BIN=Low | water_consumption_BIN=High | water_temperature_deltaCelsius_BIN=High | workpiece_slice_geometry=180x180,30013356 | 30013358 | 30013863 | 30013864 | 30013865 | 30013868,15,6,8,21
2020-01-10,K_006,2,RUL_BIN=Critical | alloy_speed_meter_minute_BIN=Medium | alloy_type=open | cast_in_row_BIN=Medium | crystallizer_movementmm_BIN=Low | num_crystallizer_BIN=Medium | num_stream_BIN=Medium | resistance_tonn_BIN=Low | steel_temperature_grab1Celsius_BIN=High | steel_type=Arm500 | swing_frequency_amount_minute_BIN=High | temperature_measurement1_Celsius_BIN=Low | temperature_measurement2_Celsius_BIN=Low | water_consumption_BIN=High | water_temperature_deltaCelsius_BIN=High | workpiece_slice_geometry=180x180,30013863 | 30013864,16,2,8,21
2020-01-10,K_006,3,RUL_BIN=Critical | alloy_speed_meter_minute_BIN=Medium | alloy_type=open | cast_in_row_BIN=Medium | crystallizer_movementmm_BIN=Low | resistance_tonn_BIN=Low | steel_temperature_grab1Celsius_BIN=High | steel_type=Arm500 | steel_weighttonn_BIN=Medium | swing_frequency_amount_minute_BIN=High | temperature_measurement1_Celsius_BIN=Low | temperature_measurement2_Celsius_BIN=Low | water_consumption_BIN=High | water_temperature_deltaCelsius_BIN=High | workpiece_slice_geometry=180x180,30013356 | 30013358 | 30013863 | 30013865 | 30013866 | 30013868 | 30013870,15,7,8,21
2020-01-10,K_006,4,RUL_BIN=Critical | alloy_speed_meter_minute_BIN=Medium | alloy_type=open | cast_in_row_BIN=Medium | crystallizer_movementmm_BIN=Low | num_stream_BIN=High | resistance_tonn_BIN=Low | steel_temperature_grab1Celsius_BIN=High | steel_type=Arm500 | steel_weighttonn_BIN=Medium | swing_frequency_amount_minute_BIN=High | temperature_measurement1_Celsius_BIN=Low | temperature_measurement2_Celsius_BIN=Low | water_consumption_BIN=High | water_temperature_deltaCelsius_BIN=High | workpiece_slice_geometry=180x180,30013356 | 30013358 | 30013866 | 30013870,16,4,8,21
2020-01-10,K_006,5,RUL_BIN=Critical | alloy_speed_meter_minute_BIN=Medium | alloy_type=open | cast_in_row_BIN=Medium | crystallizer_movementmm_BIN=Low | num_crystallizer_BIN=Medium | resistance_tonn_BIN=Low | steel_temperature_grab1Celsius_BIN=High | steel_type=Arm500 | steel_weighttonn_BIN=Medium | swing_frequency_amount_minute_BIN=High | temperature_measurement1_Celsius_BIN=Low | temperature_measurement2_Celsius_BIN=Low | water_consumption_BIN=High | water_temperature_deltaCelsius_BIN=High | workpiece_slice_geometry=180x180,30013356 | 30013358 | 30013863 | 30013865 | 30013868,16,5,8,21
2020-01-10,K_006,6,RUL_BIN=Critical | alloy_speed_meter_minute_BIN=Medium | alloy_type=open | cast_in_row_BIN=Medium | crystallizer_movementmm_BIN=Low | num_crystallizer_BIN=Medium | num_stream_BIN=Medium | resistance_tonn_BIN=Low | steel_temperature_grab1Celsius_BIN=High | steel_type=Arm500 | steel_weighttonn_BIN=Medium | swing_frequency_amount_minute_BIN=High | temperature_measurement1_Celsius_BIN=Low | temperature_measurement2_Celsius_BIN=Low | water_consumption_BIN=High | water_temperature_deltaCelsius_BIN=High | workpiece_slice_geometry=180x180,30013863,17,1,8,21
2020-01-10,K_006,7,RUL_BIN=Critical | alloy_speed_meter_minute_BIN=Medium | alloy_type=open | cast_in_row_BIN=Medium | crystallizer_movementmm_BIN=Low | num_crystallizer_BIN=Medium | num_stream_BIN=Low | resistance_tonn_BIN=Low | steel_temperature_grab1Celsius_BIN=High | steel_type=Arm500 | steel_weighttonn_BIN=Medium | swing_frequency_amount_minute_BIN=High | temperature_measurement1_Celsius_BIN=Low | temperature_measurement2_Celsius_BIN=Low | water_consumption_BIN=High | water_temperature_deltaCelsius_BIN=High | workpiece_slice_geometry=180x180,30013865 | 30013868,17,2,8,21
2020-01-10,K_006,8,RUL_BIN=Critical | alloy_speed_meter_minute_BIN=Medium | alloy_type=open | cast_in_row_BIN=Medium | crystallizer_movementmm_BIN=Low | num_crystallizer_BIN=Medium | num_stream_BIN=High | resistance_tonn_BIN=Low | steel_temperature_grab1Celsius_BIN=High | steel_type=Arm500 | steel_weighttonn_BIN=Medium | swing_frequency_amount_minute_BIN=High | temperature_measurement1_Celsius_BIN=Low | temperature_measurement2_Celsius_BIN=Low | water_consumption_BIN=High | water_temperature_deltaCelsius_BIN=High | workpiece_slice_geometry=180x180,30013356 | 30013358,17,2,8,21
2020-01-10,K_006,9,RUL_BIN=Critical | alloy_speed_meter_minute_BIN=Medium | alloy_type=open | cast_in_row_BIN=Medium | crystallizer_movementmm_BIN=Low | num_crystallizer_BIN=High | num_stream_BIN=High | resistance_tonn_BIN=Low | steel_temperature_grab1Celsius_BIN=High | steel_type=Arm500 | steel_weighttonn_BIN=Medium | swing_frequency_amount_minute_BIN=High | temperature_measurement1_Celsius_BIN=Low | temperature_measurement2_Celsius_BIN=Low | water_consumption_BIN=High | water_temperature_deltaCelsius_BIN=High | workpiece_slice_geometry=180x180,30013866 | 30013870,17,2,8,21
2020-01-10,K_006,10,RUL_BIN=Critical | alloy_speed_meter_minute_BIN=Medium | alloy_type=open | cast_in_row_BIN=Medium | crystallizer_movementmm_BIN=Low | num_crystallizer_BIN=Medium | num_stream_BIN=Medium | resistance_tonn_BIN=Low | steel_temperature_grab1Celsius_BIN=High | steel_type=Arm500 | steel_weighttonn_BIN=High | swing_frequency_amount_minute_BIN=High | temperature_measurement1_Celsius_BIN=Low | temperature_measurement2_Celsius_BIN=Low | water_consumption_BIN=High | water_temperature_deltaCelsius_BIN=High | workpiece_slice_geometry=180x180,30013864,17,1,8,21
2020-01-10,K_006,11,RUL_BIN=Critical | alloy_speed_meter_minute_BIN=Medium | alloy_type=open | cast_in_row_BIN=Medium | crystallizer_movementmm_BIN=Low | num_crystallizer_BIN=High | num_crystallizer_BIN=Medium | num_stream_BIN=High | num_stream_BIN=Low | num_stream_BIN=Medium | resistance_tonn_BIN=Low | steel_temperature_grab1Celsius_BIN=High | steel_type=Arm500 | steel_weighttonn_BIN=High | steel_weighttonn_BIN=Medium | swing_frequency_amount_minute_BIN=High | temperature_measurement1_Celsius_BIN=Low | temperature_measurement2_Celsius_BIN=Low | water_consumption_BIN=High | water_temperature_deltaCelsius_BIN=High | workpiece_slice_geometry=180x180,,21,0,8,21
2020-02-05,K_007,0,alloy_speed_meter_minute_BIN=Medium | alloy_type=open | cast_in_row_BIN=Low | crystallizer_movementmm_BIN=Low | resistance_tonn_BIN=Low | steel_temperature_grab1Celsius_BIN=High | steel_type=Arm500 | steel_weighttonn_BIN=High | swing_frequency_amount_minute_BIN=Medium | temperature_measurement1_Celsius_BIN=Low | temperature_measurement2_Celsius_BIN=Low | water_consumption_BIN=High | water_temperature_deltaCelsius_BIN=High | workpiece_slice_geometry=180x180,30012909 | 30013347 | 30013349 | 30013351 | 30013352 | 30013353,14,6,6,21
2020-02-05,K_007,1,alloy_speed_meter_minute_BIN=Medium | alloy_type=open | cast_in_row_BIN=Low | crystallizer_movementmm_BIN=Low | num_stream_BIN=High | resistance_tonn_BIN=Low | steel_temperature_grab1Celsius_BIN=High | steel_type=Arm500 | steel_weighttonn_BIN=High | swing_frequency_amount_minute_BIN=Medium | temperature_measurement1_Celsius_BIN=Low | temperature_measurement2_Celsius_BIN=Low | water_consumption_BIN=High | water_temperature_deltaCelsius_BIN=High | workpiece_slice_geometry=180x180,30012909 | 30013347,15,2,6,21
2020-02-05,K_007,2,alloy_speed_meter_minute_BIN=Medium | alloy_type=open | cast_in_row_BIN=Low | crystallizer_movementmm_BIN=Low | num_crystallizer_BIN=Low | resistance_tonn_BIN=Low | steel_temperature_grab1Celsius_BIN=High | steel_type=Arm500 | steel_weighttonn_BIN=High | swing_frequency_amount_minute_BIN=Medium | temperature_measurement1_Celsius_BIN=Low | temperature_measurement2_Celsius_BIN=Low | water_consumption_BIN=High | water_temperature_deltaCelsius_BIN=High | workpiece_slice_geometry=180x180,30013347 | 30013352 | 30013353,15,3,6,21
2020-02-05,K_007,3,RUL_BIN=Healthy | alloy_speed_meter_minute_BIN=Medium | alloy_type=open | cast_in_row_BIN=Low | crystallizer_movementmm_BIN=Low | resistance_tonn_BIN=Low | steel_temperature_grab1Celsius_BIN=High | steel_type=Arm500 | steel_weighttonn_BIN=High | swing_frequency_amount_minute_BIN=Medium | temperature_measurement1_Celsius_BIN=Low | temperature_measurement2_Celsius_BIN=Low | water_consumption_BIN=High | water_temperature_deltaCelsius_BIN=High | workpiece_slice_geometry=180x180,30012909 | 30013349 | 30013351 | 30013352 | 30013353,15,5,6,21
2020-02-05,K_007,4,RUL_BIN=Healthy | alloy_speed_meter_minute_BIN=Medium | alloy_type=open | cast_in_row_BIN=Low | crystallizer_movementmm_BIN=Low | num_stream_BIN=Medium | resistance_tonn_BIN=Low | steel_temperature_grab1Celsius_BIN=High | steel_type=Arm500 | steel_weighttonn_BIN=High | swing_frequency_amount_minute_BIN=Medium | temperature_measurement1_Celsius_BIN=Low | temperature_measurement2_Celsius_BIN=Low | water_consumption_BIN=High | water_temperature_deltaCelsius_BIN=High | workpiece_slice_geometry=180x180,30013349 | 30013353,16,2,6,21
2020-02-05,K_007,5,RUL_BIN=Healthy | alloy_speed_meter_minute_BIN=Medium | alloy_type=open | cast_in_row_BIN=Low | crystallizer_movementmm_BIN=Low | num_stream_BIN=Low | resistance_tonn_BIN=Low | steel_temperature_grab1Celsius_BIN=High | steel_type=Arm500 | steel_weighttonn_BIN=High | swing_frequency_amount_minute_BIN=Medium | temperature_measurement1_Celsius_BIN=Low | temperature_measurement2_Celsius_BIN=Low | water_consumption_BIN=High | water_temperature_deltaCelsius_BIN=High | workpiece_slice_geometry=180x180,30013351 | 30013352,16,2,6,21
2020-02-05,K_007,6,RUL_BIN=Healthy | alloy_speed_meter_minute_BIN=Medium | alloy_type=open | cast_in_row_BIN=Low | crystallizer_movementmm_BIN=Low | num_crystallizer_BIN=Low | resistance_tonn_BIN=Low | steel_temperature_grab1Celsius_BIN=High | steel_type=Arm500 | steel_weighttonn_BIN=High | swing_frequency_amount_minute_BIN=Medium | temperature_measurement1_Celsius_BIN=Low | temperature_measurement2_Celsius_BIN=Low | water_consumption_BIN=High | water_temperature_deltaCelsius_BIN=High | workpiece_slice_geometry=180x180,30013352 | 30013353,16,2,6,21
2020-02-05,K_007,7,RUL_BIN=Healthy | alloy_speed_meter_minute_BIN=Medium | alloy_type=open | cast_in_row_BIN=Low | crystallizer_movementmm_BIN=Low | num_crystallizer_BIN=Low | num_stream_BIN=Medium | resistance_tonn_BIN=Low | steel_temperature_grab1Celsius_BIN=High | steel_type=Arm500 | steel_weighttonn_BIN=High | swing_frequency_amount_minute_BIN=Medium | temperature_measurement1_Celsius_BIN=Low | temperature_measurement2_Celsius_BIN=Low | water_consumption_BIN=High | water_temperature_deltaCelsius_BIN=High | workpiece_slice_geometry=180x180,30013353,17,1,6,21
2020-02-05,K_007,8,RUL_BIN=Healthy | alloy_speed_meter_minute_BIN=Medium | alloy_type=open | cast_in_row_BIN=Low | crystallizer_movementmm_BIN=Low | num_crystallizer_BIN=Low | num_stream_BIN=Low | resistance_tonn_BIN=Low | steel_temperature_grab1Celsius_BIN=High | steel_type=Arm500 | steel_weighttonn_BIN=High | swing_frequency_amount_minute_BIN=Medium | temperature_measurement1_Celsius_BIN=Low | temperature_measurement2_Celsius_BIN=Low | water_consumption_BIN=High | water_temperature_deltaCelsius_BIN=High | workpiece_slice_geometry=180x180,30013352,17,1,6,21
2020-02-05,K_007,9,RUL_BIN=Healthy | alloy_speed_meter_minute_BIN=Medium | alloy_type=open | cast_in_row_BIN=Low | crystallizer_movementmm_BIN=Low | num_crystallizer_BIN=High | resistance_tonn_BIN=Low | steel_temperature_grab1Celsius_BIN=High | steel_type=Arm500 | steel_weighttonn_BIN=High | swing_frequency_amount_minute_BIN=Medium | temperature_measurement1_Celsius_BIN=Low | temperature_measurement2_Celsius_BIN=Low | water_consumption_BIN=High | water_temperature_deltaCelsius_BIN=High | workpiece_slice_geometry=180x180,30012909 | 30013349 | 30013351,16,3,6,21
2020-02-05,K_007,10,RUL_BIN=Healthy | alloy_speed_meter_minute_BIN=Medium | alloy_type=open | cast_in_row_BIN=Low | crystallizer_movementmm_BIN=Low | num_crystallizer_BIN=High | num_stream_BIN=Medium | resistance_tonn_BIN=Low | steel_temperature_grab1Celsius_BIN=High | steel_type=Arm500 | steel_weighttonn_BIN=High | swing_frequency_amount_minute_BIN=Medium | temperature_measurement1_Celsius_BIN=Low | temperature_measurement2_Celsius_BIN=Low | water_consumption_BIN=High | water_temperature_deltaCelsius_BIN=High | workpiece_slice_geometry=180x180,30013349,17,1,6,21
2020-02-05,K_007,11,RUL_BIN=Healthy | alloy_speed_meter_minute_BIN=Medium | alloy_type=open | cast_in_row_BIN=Low | crystallizer_movementmm_BIN=Low | num_crystallizer_BIN=High | num_stream_BIN=Low | resistance_tonn_BIN=Low | steel_temperature_grab1Celsius_BIN=High | steel_type=Arm500 | steel_weighttonn_BIN=High | swing_frequency_amount_minute_BIN=Medium | temperature_measurement1_Celsius_BIN=Low | temperature_measurement2_Celsius_BIN=Low | water_consumption_BIN=High | water_temperature_deltaCelsius_BIN=High | workpiece_slice_geometry=180x180,30013351,17,1,6,21
2020-02-05,K_007,12,RUL_BIN=Healthy | alloy_speed_meter_minute_BIN=Medium | alloy_type=open | cast_in_row_BIN=Low | crystallizer_movementmm_BIN=Low | num_crystallizer_BIN=High | num_stream_BIN=High | resistance_tonn_BIN=Low | steel_temperature_grab1Celsius_BIN=High | steel_type=Arm500 | steel_weighttonn_BIN=High | swing_frequency_amount_minute_BIN=Medium | temperature_measurement1_Celsius_BIN=Low | temperature_measurement2_Celsius_BIN=Low | water_consumption_BIN=High | water_temperature_deltaCelsius_BIN=High | workpiece_slice_geometry=180x180,30012909,17,1,6,21
2020-02-05,K_007,13,RUL_BIN=Critical | alloy_speed_meter_minute_BIN=Medium | alloy_type=open | cast_in_row_BIN=Low | crystallizer_movementmm_BIN=Low | num_crystallizer_BIN=Low | num_stream_BIN=High | resistance_tonn_BIN=Low | steel_temperature_grab1Celsius_BIN=High | steel_type=Arm500 | steel_weighttonn_BIN=High | swing_frequency_amount_minute_BIN=Medium | temperature_measurement1_Celsius_BIN=Low | temperature_measurement2_Celsius_BIN=Low | water_consumption_BIN=High | water_temperature_deltaCelsius_BIN=High | workpiece_slice_geometry=180x180,30013347,17,1,6,21
2020-02-05,K_007,14,RUL_BIN=Critical | RUL_BIN=Healthy | alloy_speed_meter_minute_BIN=Medium | alloy_type=open | cast_in_row_BIN=Low | crystallizer_movementmm_BIN=Low | num_crystallizer_BIN=High | num_crystallizer_BIN=Low | num_stream_BIN=High | num_stream_BIN=Low | num_stream_BIN=Medium | resistance_tonn_BIN=Low | steel_temperature_grab1Celsius_BIN=High | steel_type=Arm500 | steel_weighttonn_BIN=High | swing_frequency_amount_minute_BIN=Medium | temperature_measurement1_Celsius_BIN=Low | temperature_measurement2_Celsius_BIN=Low | water_consumption_BIN=High | water_temperature_deltaCelsius_BIN=High | workpiece_slice_geometry=180x180,,21,0,6,21
2020-02-07,K_008,0,alloy_speed_meter_minute_BIN=Medium | alloy_type=open | cast_in_row_BIN=Low | crystallizer_movementmm_BIN=Low | resistance_tonn_BIN=Low | steel_temperature_grab1Celsius_BIN=High | steel_type=Arm500 | steel_weighttonn_BIN=High | swing_frequency_amount_minute_BIN=High | temperature_measurement1_Celsius_BIN=Low | temperature_measurement2_Celsius_BIN=Low | water_consumption_BIN=High | water_temperature_deltaCelsius_BIN=High | workpiece_slice_geometry=180x180,30012903 | 30012904 | 30012909 | 30012910 | 30013349 | 30013351 | 30013353,14,7,7,22
2020-02-07,K_008,1,alloy_speed_meter_minute_BIN=Medium | alloy_type=open | cast_in_row_BIN=Low | crystallizer_movementmm_BIN=Low | num_stream_BIN=Low | resistance_tonn_BIN=Low | steel_temperature_grab1Celsius_BIN=High | steel_type=Arm500 | steel_weighttonn_BIN=High | swing_frequency_amount_minute_BIN=High | temperature_measurement1_Celsius_BIN=Low | temperature_measurement2_Celsius_BIN=Low | water_consumption_BIN=High | water_temperature_deltaCelsius_BIN=High | workpiece_slice_geometry=180x180,30012903 | 30012904 | 30013351,15,3,7,22
2020-02-07,K_008,2,alloy_speed_meter_minute_BIN=Medium | alloy_type=open | cast_in_row_BIN=Low | crystallizer_movementmm_BIN=Low | num_stream_BIN=High | resistance_tonn_BIN=Low | steel_temperature_grab1Celsius_BIN=High | steel_type=Arm500 | steel_weighttonn_BIN=High | swing_frequency_amount_minute_BIN=High | temperature_measurement1_Celsius_BIN=Low | temperature_measurement2_Celsius_BIN=Low | water_consumption_BIN=High | water_temperature_deltaCelsius_BIN=High | workpiece_slice_geometry=180x180,30012909 | 30013353,15,2,7,22
2020-02-07,K_008,3,alloy_speed_meter_minute_BIN=Medium | alloy_type=open | cast_in_row_BIN=Low | crystallizer_movementmm_BIN=Low | num_crystallizer_BIN=Low | resistance_tonn_BIN=Low | steel_temperature_grab1Celsius_BIN=High | steel_type=Arm500 | steel_weighttonn_BIN=High | swing_frequency_amount_minute_BIN=High | temperature_measurement1_Celsius_BIN=Low | temperature_measurement2_Celsius_BIN=Low | water_consumption_BIN=High | water_temperature_deltaCelsius_BIN=High | workpiece_slice_geometry=180x180,30012904 | 30013353,15,2,7,22
2020-02-07,K_008,4,alloy_speed_meter_minute_BIN=Medium | alloy_type=open | cast_in_row_BIN=Low | crystallizer_movementmm_BIN=Low | num_crystallizer_BIN=High | resistance_tonn_BIN=Low | steel_temperature_grab1Celsius_BIN=High | steel_type=Arm500 | steel_weighttonn_BIN=High | swing_frequency_amount_minute_BIN=High | temperature_measurement1_Celsius_BIN=Low | temperature_measurement2_Celsius_BIN=Low | water_consumption_BIN=High | water_temperature_deltaCelsius_BIN=High | workpiece_slice_geometry=180x180,30012903 | 30012909 | 30012910 | 30013349 | 30013351,15,5,7,22
2020-02-07,K_008,5,alloy_speed_meter_minute_BIN=Medium | alloy_type=open | cast_in_row_BIN=Low | crystallizer_movementmm_BIN=Low | num_crystallizer_BIN=High | num_stream_BIN=Medium | resistance_tonn_BIN=Low | steel_temperature_grab1Celsius_BIN=High | steel_type=Arm500 | steel_weighttonn_BIN=High | swing_frequency_amount_minute_BIN=High | temperature_measurement1_Celsius_BIN=Low | temperature_measurement2_Celsius_BIN=Low | water_consumption_BIN=High | water_temperature_deltaCelsius_BIN=High | workpiece_slice_geometry=180x180,30012910 | 30013349,16,2,7,22
2020-02-07,K_008,6,alloy_speed_meter_minute_BIN=Medium | alloy_type=open | cast_in_row_BIN=Low | crystallizer_movementmm_BIN=Low | num_crystallizer_BIN=High | num_stream_BIN=Low | resistance_tonn_BIN=Low | steel_temperature_grab1Celsius_BIN=High | steel_type=Arm500 | steel_weighttonn_BIN=High | swing_frequency_amount_minute_BIN=High | temperature_measurement1_Celsius_BIN=Low | temperature_measurement2_Celsius_BIN=Low | water_consumption_BIN=High | water_temperature_deltaCelsius_BIN=High | workpiece_slice_geometry=180x180,30012903 | 30013351,16,2,7,22
2020-02-07,K_008,7,RUL_BIN=Medium | alloy_speed_meter_minute_BIN=Medium | alloy_type=open | cast_in_row_BIN=Low | crystallizer_movementmm_BIN=Low | resistance_tonn_BIN=Low | steel_temperature_grab1Celsius_BIN=High | steel_type=Arm500 | steel_weighttonn_BIN=High | swing_frequency_amount_minute_BIN=High | temperature_measurement1_Celsius_BIN=Low | temperature_measurement2_Celsius_BIN=Low | water_consumption_BIN=High | water_temperature_deltaCelsius_BIN=High | workpiece_slice_geometry=180x180,30013349 | 30013353,15,2,7,22
2020-02-07,K_008,8,RUL_BIN=Medium | alloy_speed_meter_minute_BIN=Medium | alloy_type=open | cast_in_row_BIN=Low | crystallizer_movementmm_BIN=Low | num_crystallizer_BIN=Low | num_stream_BIN=High | resistance_tonn_BIN=Low | steel_temperature_grab1Celsius_BIN=High | steel_type=Arm500 | steel_weighttonn_BIN=High | swing_frequency_amount_minute_BIN=High | temperature_measurement1_Celsius_BIN=Low | temperature_measurement2_Celsius_BIN=Low | water_consumption_BIN=High | water_temperature_deltaCelsius_BIN=High | workpiece_slice_geometry=180x180,30013353,17,1,7,22
2020-02-07,K_008,9,RUL_BIN=Medium | alloy_speed_meter_minute_BIN=Medium | alloy_type=open | cast_in_row_BIN=Low | crystallizer_movementmm_BIN=Low | num_crystallizer_BIN=High | num_stream_BIN=Medium | resistance_tonn_BIN=Low | steel_temperature_grab1Celsius_BIN=High | steel_type=Arm500 | steel_weighttonn_BIN=High | swing_frequency_amount_minute_BIN=High | temperature_measurement1_Celsius_BIN=Low | temperature_measurement2_Celsius_BIN=Low | water_consumption_BIN=High | water_temperature_deltaCelsius_BIN=High | workpiece_slice_geometry=180x180,30013349,17,1,7,22
2020-02-07,K_008,10,RUL_BIN=Healthy | alloy_speed_meter_minute_BIN=Medium | alloy_type=open | cast_in_row_BIN=Low | crystallizer_movementmm_BIN=Low | resistance_tonn_BIN=Low | steel_temperature_grab1Celsius_BIN=High | steel_type=Arm500 | steel_weighttonn_BIN=High | swing_frequency_amount_minute_BIN=High | temperature_measurement1_Celsius_BIN=Low | temperature_measurement2_Celsius_BIN=Low | water_consumption_BIN=High | water_temperature_deltaCelsius_BIN=High | workpiece_slice_geometry=180x180,30012903 | 30012904 | 30012909 | 30012910,15,4,7,22
2020-02-07,K_008,11,RUL_BIN=Healthy | alloy_speed_meter_minute_BIN=Medium | alloy_type=open | cast_in_row_BIN=Low | crystallizer_movementmm_BIN=Low | num_stream_BIN=Low | resistance_tonn_BIN=Low | steel_temperature_grab1Celsius_BIN=High | steel_type=Arm500 | steel_weighttonn_BIN=High | swing_frequency_amount_minute_BIN=High | temperature_measurement1_Celsius_BIN=Low | temperature_measurement2_Celsius_BIN=Low | water_consumption_BIN=High | water_temperature_deltaCelsius_BIN=High | workpiece_slice_geometry=180x180,30012903 | 30012904,16,2,7,22
2020-02-07,K_008,12,RUL_BIN=Healthy | alloy_speed_meter_minute_BIN=Medium | alloy_type=open | cast_in_row_BIN=Low | crystallizer_movementmm_BIN=Low | num_crystallizer_BIN=Low | num_stream_BIN=Low | resistance_tonn_BIN=Low | steel_temperature_grab1Celsius_BIN=High | steel_type=Arm500 | steel_weighttonn_BIN=High | swing_frequency_amount_minute_BIN=High | temperature_measurement1_Celsius_BIN=Low | temperature_measurement2_Celsius_BIN=Low | water_consumption_BIN=High | water_temperature_deltaCelsius_BIN=High | workpiece_slice_geometry=180x180,30012904,17,1,7,22
2020-02-07,K_008,13,RUL_BIN=Healthy | alloy_speed_meter_minute_BIN=Medium | alloy_type=open | cast_in_row_BIN=Low | crystallizer_movementmm_BIN=Low | num_crystallizer_BIN=High | resistance_tonn_BIN=Low | steel_temperature_grab1Celsius_BIN=High | steel_type=Arm500 | steel_weighttonn_BIN=High | swing_frequency_amount_minute_BIN=High | temperature_measurement1_Celsius_BIN=Low | temperature_measurement2_Celsius_BIN=Low | water_consumption_BIN=High | water_temperature_deltaCelsius_BIN=High | workpiece_slice_geometry=180x180,30012903 | 30012909 | 30012910,16,3,7,22
2020-02-07,K_008,14,RUL_BIN=Healthy | alloy_speed_meter_minute_BIN=Medium | alloy_type=open | cast_in_row_BIN=Low | crystallizer_movementmm_BIN=Low | num_crystallizer_BIN=High | num_stream_BIN=Medium | resistance_tonn_BIN=Low | steel_temperature_grab1Celsius_BIN=High | steel_type=Arm500 | steel_weighttonn_BIN=High | swing_frequency_amount_minute_BIN=High | temperature_measurement1_Celsius_BIN=Low | temperature_measurement2_Celsius_BIN=Low | water_consumption_BIN=High | water_temperature_deltaCelsius_BIN=High | workpiece_slice_geometry=180x180,30012910,17,1,7,22
2020-02-07,K_008,15,RUL_BIN=Healthy | alloy_speed_meter_minute_BIN=Medium | alloy_type=open | cast_in_row_BIN=Low | crystallizer_movementmm_BIN=Low | num_crystallizer_BIN=High | num_stream_BIN=Low | resistance_tonn_BIN=Low | steel_temperature_grab1Celsius_BIN=High | steel_type=Arm500 | steel_weighttonn_BIN=High | swing_frequency_amount_minute_BIN=High | temperature_measurement1_Celsius_BIN=Low | temperature_measurement2_Celsius_BIN=Low | water_consumption_BIN=High | water_temperature_deltaCelsius_BIN=High | workpiece_slice_geometry=180x180,30012903,17,1,7,22
2020-02-07,K_008,16,RUL_BIN=Healthy | alloy_speed_meter_minute_BIN=Medium | alloy_type=open | cast_in_row_BIN=Low | crystallizer_movementmm_BIN=Low | num_crystallizer_BIN=High | num_stream_BIN=High | resistance_tonn_BIN=Low | steel_temperature_grab1Celsius_BIN=High | steel_type=Arm500 | steel_weighttonn_BIN=High | swing_frequency_amount_minute_BIN=High | temperature_measurement1_Celsius_BIN=Low | temperature_measurement2_Celsius_BIN=Low | water_consumption_BIN=High | water_temperature_deltaCelsius_BIN=High | workpiece_slice_geometry=180x180,30012909,17,1,7,22
2020-02-07,K_008,17,RUL_BIN=Critical | alloy_speed_meter_minute_BIN=Medium | alloy_type=open | cast_in_row_BIN=Low | crystallizer_movementmm_BIN=Low | num_crystallizer_BIN=High | num_stream_BIN=Low | resistance_tonn_BIN=Low | steel_temperature_grab1Celsius_BIN=High | steel_type=Arm500 | steel_weighttonn_BIN=High | swing_frequency_amount_minute_BIN=High | temperature_measurement1_Celsius_BIN=Low | temperature_measurement2_Celsius_BIN=Low | water_consumption_BIN=High | water_temperature_deltaCelsius_BIN=High | workpiece_slice_geometry=180x180,30013351,17,1,7,22
2020-02-07,K_008,18,RUL_BIN=Critical | RUL_BIN=Healthy | RUL_BIN=Medium | alloy_speed_meter_minute_BIN=Medium | alloy_type=open | cast_in_row_BIN=Low | crystallizer_movementmm_BIN=Low | num_crystallizer_BIN=High | num_crystallizer_BIN=Low | num_stream_BIN=High | num_stream_BIN=Low | num_stream_BIN=Medium | resistance_tonn_BIN=Low | steel_temperature_grab1Celsius_BIN=High | steel_type=Arm500 | steel_weighttonn_BIN=High | swing_frequency_amount_minute_BIN=High | temperature_measurement1_Celsius_BIN=Low | temperature_measurement2_Celsius_BIN=Low | water_consumption_BIN=High | water_temperature_deltaCelsius_BIN=High | workpiece_slice_geometry=180x180,,22,0,7,22
2020-02-08,K_009,0,alloy_speed_meter_minute_BIN=Medium | alloy_type=open | cast_in_row_BIN=Medium | crystallizer_movementmm_BIN=Low | resistance_tonn_BIN=Low | steel_temperature_grab1Celsius_BIN=High | steel_type=Arm500 | steel_weighttonn_BIN=Medium | swing_frequency_amount_minute_BIN=High | temperature_measurement1_Celsius_BIN=Low | temperature_measurement2_Celsius_BIN=Low | water_consumption_BIN=High | water_temperature_deltaCelsius_BIN=High | workpiece_slice_geometry=180x180,30012903 | 30012904 | 30012909 | 30012910 | 30013349 | 30013353,14,6,6,21
2020-02-08,K_009,1,alloy_speed_meter_minute_BIN=Medium | alloy_type=open | cast_in_row_BIN=Medium | crystallizer_movementmm_BIN=Low | num_stream_BIN=High | resistance_tonn_BIN=Low | steel_temperature_grab1Celsius_BIN=High | steel_type=Arm500 | steel_weighttonn_BIN=Medium | swing_frequency_amount_minute_BIN=High | temperature_measurement1_Celsius_BIN=Low | temperature_measurement2_Celsius_BIN=Low | water_consumption_BIN=High | water_temperature_deltaCelsius_BIN=High | workpiece_slice_geometry=180x180,30012909 | 30013353,15,2,6,21
2020-02-08,K_009,2,alloy_speed_meter_minute_BIN=Medium | alloy_type=open | cast_in_row_BIN=Medium | crystallizer_movementmm_BIN=Low | num_crystallizer_BIN=Low | resistance_tonn_BIN=Low | steel_temperature_grab1Celsius_BIN=High | steel_type=Arm500 | steel_weighttonn_BIN=Medium | swing_frequency_amount_minute_BIN=High | temperature_measurement1_Celsius_BIN=Low | temperature_measurement2_Celsius_BIN=Low | water_consumption_BIN=High | water_temperature_deltaCelsius_BIN=High | workpiece_slice_geometry=180x180,30012904 | 30013353,15,2,6,21
2020-02-08,K_009,3,alloy_speed_meter_minute_BIN=Medium | alloy_type=open | cast_in_row_BIN=Medium | crystallizer_movementmm_BIN=Low | num_crystallizer_BIN=High | resistance_tonn_BIN=Low | steel_temperature_grab1Celsius_BIN=High | steel_type=Arm500 | steel_weighttonn_BIN=Medium | swing_frequency_amount_minute_BIN=High | temperature_measurement1_Celsius_BIN=Low | temperature_measurement2_Celsius_BIN=Low | water_consumption_BIN=High | water_temperature_deltaCelsius_BIN=High | workpiece_slice_geometry=180x180,30012903 | 30012909 | 30012910 | 30013349,15,4,6,21
2020-02-08,K_009,4,RUL_BIN=Low | alloy_speed_meter_minute_BIN=Medium | alloy_type=open | cast_in_row_BIN=Medium | crystallizer_movementmm_BIN=Low | resistance_tonn_BIN=Low | steel_temperature_grab1Celsius_BIN=High | steel_type=Arm500 | steel_weighttonn_BIN=Medium | swing_frequency_amount_minute_BIN=High | temperature_measurement1_Celsius_BIN=Low | temperature_measurement2_Celsius_BIN=Low | water_consumption_BIN=High | water_temperature_deltaCelsius_BIN=High | workpiece_slice_geometry=180x180,30012910 | 30013349 | 30013353,15,3,6,21
2020-02-08,K_009,5,RUL_BIN=Low | alloy_speed_meter_minute_BIN=Medium | alloy_type=open | cast_in_row_BIN=Medium | crystallizer_movementmm_BIN=Low | num_crystallizer_BIN=Low | num_stream_BIN=High | resistance_tonn_BIN=Low | steel_temperature_grab1Celsius_BIN=High | steel_type=Arm500 | steel_weighttonn_BIN=Medium | swing_frequency_amount_minute_BIN=High | temperature_measurement1_Celsius_BIN=Low | temperature_measurement2_Celsius_BIN=Low | water_consumption_BIN=High | water_temperature_deltaCelsius_BIN=High | workpiece_slice_geometry=180x180,30013353,17,1,6,21
2020-02-08,K_009,6,RUL_BIN=Low | alloy_speed_meter_minute_BIN=Medium | alloy_type=open | cast_in_row_BIN=Medium | crystallizer_movementmm_BIN=Low | num_crystallizer_BIN=High | num_stream_BIN=Medium | resistance_tonn_BIN=Low | steel_temperature_grab1Celsius_BIN=High | steel_type=Arm500 | steel_weighttonn_BIN=Medium | swing_frequency_amount_minute_BIN=High | temperature_measurement1_Celsius_BIN=Low | temperature_measurement2_Celsius_BIN=Low | water_consumption_BIN=High | water_temperature_deltaCelsius_BIN=High | workpiece_slice_geometry=180x180,30012910 | 30013349,17,2,6,21
2020-02-08,K_009,7,RUL_BIN=Healthy | alloy_speed_meter_minute_BIN=Medium | alloy_type=open | cast_in_row_BIN=Medium | crystallizer_movementmm_BIN=Low | resistance_tonn_BIN=Low | steel_temperature_grab1Celsius_BIN=High | steel_type=Arm500 | steel_weighttonn_BIN=Medium | swing_frequency_amount_minute_BIN=High | temperature_measurement1_Celsius_BIN=Low | temperature_measurement2_Celsius_BIN=Low | water_consumption_BIN=High | water_temperature_deltaCelsius_BIN=High | workpiece_slice_geometry=180x180,30012903 | 30012904 | 30012909,15,3,6,21
2020-02-08,K_009,8,RUL_BIN=Healthy | alloy_speed_meter_minute_BIN=Medium | alloy_type=open | cast_in_row_BIN=Medium | crystallizer_movementmm_BIN=Low | num_stream_BIN=Low | resistance_tonn_BIN=Low | steel_temperature_grab1Celsius_BIN=High | steel_type=Arm500 | steel_weighttonn_BIN=Medium | swing_frequency_amount_minute_BIN=High | temperature_measurement1_Celsius_BIN=Low | temperature_measurement2_Celsius_BIN=Low | water_consumption_BIN=High | water_temperature_deltaCelsius_BIN=High | workpiece_slice_geometry=180x180,30012903 | 30012904,16,2,6,21
2020-02-08,K_009,9,RUL_BIN=Healthy | alloy_speed_meter_minute_BIN=Medium | alloy_type=open | cast_in_row_BIN=Medium | crystallizer_movementmm_BIN=Low | num_crystallizer_BIN=Low | num_stream_BIN=Low | resistance_tonn_BIN=Low | steel_temperature_grab1Celsius_BIN=High | steel_type=Arm500 | steel_weighttonn_BIN=Medium | swing_frequency_amount_minute_BIN=High | temperature_measurement1_Celsius_BIN=Low | temperature_measurement2_Celsius_BIN=Low | water_consumption_BIN=High | water_temperature_deltaCelsius_BIN=High | workpiece_slice_geometry=180x180,30012904,17,1,6,21
2020-02-08,K_009,10,RUL_BIN=Healthy | alloy_speed_meter_minute_BIN=Medium | alloy_type=open | cast_in_row_BIN=Medium | crystallizer_movementmm_BIN=Low | num_crystallizer_BIN=High | resistance_tonn_BIN=Low | steel_temperature_grab1Celsius_BIN=High | steel_type=Arm500 | steel_weighttonn_BIN=Medium | swing_frequency_amount_minute_BIN=High | temperature_measurement1_Celsius_BIN=Low | temperature_measurement2_Celsius_BIN=Low | water_consumption_BIN=High | water_temperature_deltaCelsius_BIN=High | workpiece_slice_geometry=180x180,30012903 | 30012909,16,2,6,21
2020-02-08,K_009,11,RUL_BIN=Healthy | alloy_speed_meter_minute_BIN=Medium | alloy_type=open | cast_in_row_BIN=Medium | crystallizer_movementmm_BIN=Low | num_crystallizer_BIN=High | num_stream_BIN=Low | resistance_tonn_BIN=Low | steel_temperature_grab1Celsius_BIN=High | steel_type=Arm500 | steel_weighttonn_BIN=Medium | swing_frequency_amount_minute_BIN=High | temperature_measurement1_Celsius_BIN=Low | temperature_measurement2_Celsius_BIN=Low | water_consumption_BIN=High | water_temperature_deltaCelsius_BIN=High | workpiece_slice_geometry=180x180,30012903,17,1,6,21
2020-02-08,K_009,12,RUL_BIN=Healthy | alloy_speed_meter_minute_BIN=Medium | alloy_type=open | cast_in_row_BIN=Medium | crystallizer_movementmm_BIN=Low | num_crystallizer_BIN=High | num_stream_BIN=High | resistance_tonn_BIN=Low | steel_temperature_grab1Celsius_BIN=High | steel_type=Arm500 | steel_weighttonn_BIN=Medium | swing_frequency_amount_minute_BIN=High | temperature_measurement1_Celsius_BIN=Low | temperature_measurement2_Celsius_BIN=Low | water_consumption_BIN=High | water_temperature_deltaCelsius_BIN=High | workpiece_slice_geometry=180x180,30012909,17,1,6,21
2020-02-08,K_009,13,RUL_BIN=Healthy | RUL_BIN=Low | alloy_speed_meter_minute_BIN=Medium | alloy_type=open | cast_in_row_BIN=Medium | crystallizer_movementmm_BIN=Low | num_crystallizer_BIN=High | num_crystallizer_BIN=Low | num_stream_BIN=High | num_stream_BIN=Low | num_stream_BIN=Medium | resistance_tonn_BIN=Low | steel_temperature_grab1Celsius_BIN=High | steel_type=Arm500 | steel_weighttonn_BIN=Medium | swing_frequency_amount_minute_BIN=High | temperature_measurement1_Celsius_BIN=Low | temperature_measurement2_Celsius_BIN=Low | water_consumption_BIN=High | water_temperature_deltaCelsius_BIN=High | workpiece_slice_geometry=180x180,,21,0,6,21
2020-02-09,K_010,0,alloy_speed_meter_minute_BIN=Medium | alloy_type=open | cast_in_row_BIN=Medium | crystallizer_movementmm_BIN=Low | resistance_tonn_BIN=Low | steel_temperature_grab1Celsius_BIN=High | steel_type=Arm500 | steel_weighttonn_BIN=High | swing_frequency_amount_minute_BIN=High | temperature_measurement1_Celsius_BIN=Low | temperature_measurement2_Celsius_BIN=Low | water_consumption_BIN=High | water_temperature_deltaCelsius_BIN=High | workpiece_slice_geometry=180x180,30012088 | 30012903 | 30012904 | 30012909 | 30012910 | 30013349 | 30013352 | 30013353,14,8,8,23
2020-02-09,K_010,1,alloy_speed_meter_minute_BIN=Medium | alloy_type=open | cast_in_row_BIN=Medium | crystallizer_movementmm_BIN=Low | num_stream_BIN=Medium | resistance_tonn_BIN=Low | steel_temperature_grab1Celsius_BIN=High | steel_type=Arm500 | steel_weighttonn_BIN=High | swing_frequency_amount_minute_BIN=High | temperature_measurement1_Celsius_BIN=Low | temperature_measurement2_Celsius_BIN=Low | water_consumption_BIN=High | water_temperature_deltaCelsius_BIN=High | workpiece_slice_geometry=180x180,30012088 | 30012910 | 30013349,15,3,8,23
2020-02-09,K_010,2,alloy_speed_meter_minute_BIN=Medium | alloy_type=open | cast_in_row_BIN=Medium | crystallizer_movementmm_BIN=Low | num_stream_BIN=High | resistance_tonn_BIN=Low | steel_temperature_grab1Celsius_BIN=High | steel_type=Arm500 | steel_weighttonn_BIN=High | swing_frequency_amount_minute_BIN=High | temperature_measurement1_Celsius_BIN=Low | temperature_measurement2_Celsius_BIN=Low | water_consumption_BIN=High | water_temperature_deltaCelsius_BIN=High | workpiece_slice_geometry=180x180,30012909 | 30013352 | 30013353,15,3,8,23
2020-02-09,K_010,3,alloy_speed_meter_minute_BIN=Medium | alloy_type=open | cast_in_row_BIN=Medium | crystallizer_movementmm_BIN=Low | num_crystallizer_BIN=Low | resistance_tonn_BIN=Low | steel_temperature_grab1Celsius_BIN=High | steel_type=Arm500 | steel_weighttonn_BIN=High | swing_frequency_amount_minute_BIN=High | temperature_measurement1_Celsius_BIN=Low | temperature_measurement2_Celsius_BIN=Low | water_consumption_BIN=High | water_temperature_deltaCelsius_BIN=High | workpiece_slice_geometry=180x180,30012088 | 30012904 | 30013352 | 30013353,15,4,8,23
2020-02-09,K_010,4,alloy_speed_meter_minute_BIN=Medium | alloy_type=open | cast_in_row_BIN=Medium | crystallizer_movementmm_BIN=Low | num_crystallizer_BIN=Low | num_stream_BIN=High | resistance_tonn_BIN=Low | steel_temperature_grab1Celsius_BIN=High | steel_type=Arm500 | steel_weighttonn_BIN=High | swing_frequency_amount_minute_BIN=High | temperature_measurement1_Celsius_BIN=Low | temperature_measurement2_Celsius_BIN=Low | water_consumption_BIN=High | water_temperature_deltaCelsius_BIN=High | workpiece_slice_geometry=180x180,30013352 | 30013353,16,2,8,23
2020-02-09,K_010,5,alloy_speed_meter_minute_BIN=Medium | alloy_type=open | cast_in_row_BIN=Medium | crystallizer_movementmm_BIN=Low | num_crystallizer_BIN=High | resistance_tonn_BIN=Low | steel_temperature_grab1Celsius_BIN=High | steel_type=Arm500 | steel_weighttonn_BIN=High | swing_frequency_amount_minute_BIN=High | temperature_measurement1_Celsius_BIN=Low | temperature_measurement2_Celsius_BIN=Low | water_consumption_BIN=High | water_temperature_deltaCelsius_BIN=High | workpiece_slice_geometry=180x180,30012903 | 30012909 | 30012910 | 30013349,15,4,8,23
2020-02-09,K_010,6,RUL_BIN=Medium | alloy_speed_meter_minute_BIN=Medium | alloy_type=open | cast_in_row_BIN=Medium | crystallizer_movementmm_BIN=Low | resistance_tonn_BIN=Low | steel_temperature_grab1Celsius_BIN=High | steel_type=Arm500 | steel_weighttonn_BIN=High | swing_frequency_amount_minute_BIN=High | temperature_measurement1_Celsius_BIN=Low | temperature_measurement2_Celsius_BIN=Low | water_consumption_BIN=High | water_temperature_deltaCelsius_BIN=High | workpiece_slice_geometry=180x180,30012903 | 30012904 | 30012909,15,3,8,23
2020-02-09,K_010,7,RUL_BIN=Medium | alloy_speed_meter_minute_BIN=Medium | alloy_type=open | cast_in_row_BIN=Medium | crystallizer_movementmm_BIN=Low | num_stream_BIN=Low | resistance_tonn_BIN=Low | steel_temperature_grab1Celsius_BIN=High | steel_type=Arm500 | steel_weighttonn_BIN=High | swing_frequency_amount_minute_BIN=High | temperature_measurement1_Celsius_BIN=Low | temperature_measurement2_Celsius_BIN=Low | water_consumption_BIN=High | water_temperature_deltaCelsius_BIN=High | workpiece_slice_geometry=180x180,30012903 | 30012904,16,2,8,23
2020-02-09,K_010,8,RUL_BIN=Medium | alloy_speed_meter_minute_BIN=Medium | alloy_type=open | cast_in_row_BIN=Medium | crystallizer_movementmm_BIN=Low | num_crystallizer_BIN=Low | num_stream_BIN=Low | resistance_tonn_BIN=Low | steel_temperature_grab1Celsius_BIN=High | steel_type=Arm500 | steel_weighttonn_BIN=High | swing_frequency_amount_minute_BIN=High | temperature_measurement1_Celsius_BIN=Low | temperature_measurement2_Celsius_BIN=Low | water_consumption_BIN=High | water_temperature_deltaCelsius_BIN=High | workpiece_slice_geometry=180x180,30012904,17,1,8,23
2020-02-09,K_010,9,RUL_BIN=Medium | alloy_speed_meter_minute_BIN=Medium | alloy_type=open | cast_in_row_BIN=Medium | crystallizer_movementmm_BIN=Low | num_crystallizer_BIN=High | resistance_tonn_BIN=Low | steel_temperature_grab1Celsius_BIN=High | steel_type=Arm500 | steel_weighttonn_BIN=High | swing_frequency_amount_minute_BIN=High | temperature_measurement1_Celsius_BIN=Low | temperature_measurement2_Celsius_BIN=Low | water_consumption_BIN=High | water_temperature_deltaCelsius_BIN=High | workpiece_slice_geometry=180x180,30012903 | 30012909,16,2,8,23
2020-02-09,K_010,10,RUL_BIN=Medium | alloy_speed_meter_minute_BIN=Medium | alloy_type=open | cast_in_row_BIN=Medium | crystallizer_movementmm_BIN=Low | num_crystallizer_BIN=High | num_stream_BIN=Low | resistance_tonn_BIN=Low | steel_temperature_grab1Celsius_BIN=High | steel_type=Arm500 | steel_weighttonn_BIN=High | swing_frequency_amount_minute_BIN=High | temperature_measurement1_Celsius_BIN=Low | temperature_measurement2_Celsius_BIN=Low | water_consumption_BIN=High | water_temperature_deltaCelsius_BIN=High | workpiece_slice_geometry=180x180,30012903,17,1,8,23
2020-02-09,K_010,11,RUL_BIN=Medium | alloy_speed_meter_minute_BIN=Medium | alloy_type=open | cast_in_row_BIN=Medium | crystallizer_movementmm_BIN=Low | num_crystallizer_BIN=High | num_stream_BIN=High | resistance_tonn_BIN=Low | steel_temperature_grab1Celsius_BIN=High | steel_type=Arm500 | steel_weighttonn_BIN=High | swing_frequency_amount_minute_BIN=High | temperature_measurement1_Celsius_BIN=Low | temperature_measurement2_Celsius_BIN=Low | water_consumption_BIN=High | water_temperature_deltaCelsius_BIN=High | workpiece_slice_geometry=180x180,30012909,17,1,8,23
2020-02-09,K_010,12,RUL_BIN=Low | alloy_speed_meter_minute_BIN=Medium | alloy_type=open | cast_in_row_BIN=Medium | crystallizer_movementmm_BIN=Low | num_crystallizer_BIN=Low | num_stream_BIN=High | resistance_tonn_BIN=Low | steel_temperature_grab1Celsius_BIN=High | steel_type=Arm500 | steel_weighttonn_BIN=High | swing_frequency_amount_minute_BIN=High | temperature_measurement1_Celsius_BIN=Low | temperature_measurement2_Celsius_BIN=Low | water_consumption_BIN=High | water_temperature_deltaCelsius_BIN=High | workpiece_slice_geometry=180x180,30013352,17,1,8,23
2020-02-09,K_010,13,RUL_BIN=Healthy | alloy_speed_meter_minute_BIN=Medium | alloy_type=open | cast_in_row_BIN=Medium | crystallizer_movementmm_BIN=Low | num_crystallizer_BIN=Low | num_stream_BIN=Medium | resistance_tonn_BIN=Low | steel_temperature_grab1Celsius_BIN=High | steel_type=Arm500 | steel_weighttonn_BIN=High | swing_frequency_amount_minute_BIN=High | temperature_measurement1_Celsius_BIN=Low | temperature_measurement2_Celsius_BIN=Low | water_consumption_BIN=High | water_temperature_deltaCelsius_BIN=High | workpiece_slice_geometry=180x180,30012088,17,1,8,23
2020-02-09,K_010,14,RUL_BIN=Critical | alloy_speed_meter_minute_BIN=Medium | alloy_type=open | cast_in_row_BIN=Medium | crystallizer_movementmm_BIN=Low | resistance_tonn_BIN=Low | steel_temperature_grab1Celsius_BIN=High | steel_type=Arm500 | steel_weighttonn_BIN=High | swing_frequency_amount_minute_BIN=High | temperature_measurement1_Celsius_BIN=Low | temperature_measurement2_Celsius_BIN=Low | water_consumption_BIN=High | water_temperature_deltaCelsius_BIN=High | workpiece_slice_geometry=180x180,30012910 | 30013349 | 30013353,15,3,8,23
2020-02-09,K_010,15,RUL_BIN=Critical | alloy_speed_meter_minute_BIN=Medium | alloy_type=open | cast_in_row_BIN=Medium | crystallizer_movementmm_BIN=Low | num_crystallizer_BIN=Low | num_stream_BIN=High | resistance_tonn_BIN=Low | steel_temperature_grab1Celsius_BIN=High | steel_type=Arm500 | steel_weighttonn_BIN=High | swing_frequency_amount_minute_BIN=High | temperature_measurement1_Celsius_BIN=Low | temperature_measurement2_Celsius_BIN=Low | water_consumption_BIN=High | water_temperature_deltaCelsius_BIN=High | workpiece_slice_geometry=180x180,30013353,17,1,8,23
2020-02-09,K_010,16,RUL_BIN=Critical | alloy_speed_meter_minute_BIN=Medium | alloy_type=open | cast_in_row_BIN=Medium | crystallizer_movementmm_BIN=Low | num_crystallizer_BIN=High | num_stream_BIN=Medium | resistance_tonn_BIN=Low | steel_temperature_grab1Celsius_BIN=High | steel_type=Arm500 | steel_weighttonn_BIN=High | swing_frequency_amount_minute_BIN=High | temperature_measurement1_Celsius_BIN=Low | temperature_measurement2_Celsius_BIN=Low | water_consumption_BIN=High | water_temperature_deltaCelsius_BIN=High | workpiece_slice_geometry=180x180,30012910 | 30013349,17,2,8,23
2020-02-09,K_010,17,RUL_BIN=Critical | RUL_BIN=Healthy | RUL_BIN=Low | RUL_BIN=Medium | alloy_speed_meter_minute_BIN=Medium | alloy_type=open | cast_in_row_BIN=Medium | crystallizer_movementmm_BIN=Low | num_crystallizer_BIN=High | num_crystallizer_BIN=Low | num_stream_BIN=High | num_stream_BIN=Low | num_stream_BIN=Medium | resistance_tonn_BIN=Low | steel_temperature_grab1Celsius_BIN=High | steel_type=Arm500 | steel_weighttonn_BIN=High | swing_frequency_amount_minute_BIN=High | temperature_measurement1_Celsius_BIN=Low | temperature_measurement2_Celsius_BIN=Low | water_consumption_BIN=High | water_temperature_deltaCelsius_BIN=High | workpiece_slice_geometry=180x180,,23,0,8,23
2020-02-10,K_011,0,alloy_speed_meter_minute_BIN=Medium | alloy_type=open | cast_in_row_BIN=Low | crystallizer_movementmm_BIN=Low | resistance_tonn_BIN=Low | steel_temperature_grab1Celsius_BIN=High | steel_type=Arm500 | steel_weighttonn_BIN=Medium | swing_frequency_amount_minute_BIN=High | temperature_measurement1_Celsius_BIN=Low | temperature_measurement2_Celsius_BIN=Low | water_consumption_BIN=High | water_temperature_deltaCelsius_BIN=High | workpiece_slice_geometry=180x180,30012088 | 30012903 | 30012904 | 30012910 | 30013352 | 30013353,14,6,6,21
2020-02-10,K_011,1,alloy_speed_meter_minute_BIN=Medium | alloy_type=open | cast_in_row_BIN=Low | crystallizer_movementmm_BIN=Low | num_crystallizer_BIN=Low | resistance_tonn_BIN=Low | steel_temperature_grab1Celsius_BIN=High | steel_type=Arm500 | steel_weighttonn_BIN=Medium | swing_frequency_amount_minute_BIN=High | temperature_measurement1_Celsius_BIN=Low | temperature_measurement2_Celsius_BIN=Low | water_consumption_BIN=High | water_temperature_deltaCelsius_BIN=High | workpiece_slice_geometry=180x180,30012088 | 30012904 | 30013352 | 30013353,15,4,6,21
2020-02-10,K_011,2,alloy_speed_meter_minute_BIN=Medium | alloy_type=open | cast_in_row_BIN=Low | crystallizer_movementmm_BIN=Low | num_crystallizer_BIN=High | resistance_tonn_BIN=Low | steel_temperature_grab1Celsius_BIN=High | steel_type=Arm500 | steel_weighttonn_BIN=Medium | swing_frequency_amount_minute_BIN=High | temperature_measurement1_Celsius_BIN=Low | temperature_measurement2_Celsius_BIN=Low | water_consumption_BIN=High | water_temperature_deltaCelsius_BIN=High | workpiece_slice_geometry=180x180,30012903 | 30012910,15,2,6,21
2020-02-10,K_011,3,RUL_BIN=Medium | alloy_speed_meter_minute_BIN=Medium | alloy_type=open | cast_in_row_BIN=Low | crystallizer_movementmm_BIN=Low | num_stream_BIN=Low | resistance_tonn_BIN=Low | steel_temperature_grab1Celsius_BIN=High | steel_type=Arm500 | steel_weighttonn_BIN=Medium | swing_frequency_amount_minute_BIN=High | temperature_measurement1_Celsius_BIN=Low | temperature_measurement2_Celsius_BIN=Low | water_consumption_BIN=High | water_temperature_deltaCelsius_BIN=High | workpiece_slice_geometry=180x180,30012903 | 30012904,16,2,6,21
2020-02-10,K_011,4,RUL_BIN=Medium | alloy_speed_meter_minute_BIN=Medium | alloy_type=open | cast_in_row_BIN=Low | crystallizer_movementmm_BIN=Low | num_crystallizer_BIN=Low | num_stream_BIN=Low | resistance_tonn_BIN=Low | steel_temperature_grab1Celsius_BIN=High | steel_type=Arm500 | steel_weighttonn_BIN=Medium | swing_frequency_amount_minute_BIN=High | temperature_measurement1_Celsius_BIN=Low | temperature_measurement2_Celsius_BIN=Low | water_consumption_BIN=High | water_temperature_deltaCelsius_BIN=High | workpiece_slice_geometry=180x180,30012904,17,1,6,21
2020-02-10,K_011,5,RUL_BIN=Medium | alloy_speed_meter_minute_BIN=Medium | alloy_type=open | cast_in_row_BIN=Low | crystallizer_movementmm_BIN=Low | num_crystallizer_BIN=High | num_stream_BIN=Low | resistance_tonn_BIN=Low | steel_temperature_grab1Celsius_BIN=High | steel_type=Arm500 | steel_weighttonn_BIN=Medium | swing_frequency_amount_minute_BIN=High | temperature_measurement1_Celsius_BIN=Low | temperature_measurement2_Celsius_BIN=Low | water_consumption_BIN=High | water_temperature_deltaCelsius_BIN=High | workpiece_slice_geometry=180x180,30012903,17,1,6,21
2020-02-10,K_011,6,RUL_BIN=Critical | alloy_speed_meter_minute_BIN=Medium | alloy_type=open | cast_in_row_BIN=Low | crystallizer_movementmm_BIN=Low | resistance_tonn_BIN=Low | steel_temperature_grab1Celsius_BIN=High | steel_type=Arm500 | steel_weighttonn_BIN=Medium | swing_frequency_amount_minute_BIN=High | temperature_measurement1_Celsius_BIN=Low | temperature_measurement2_Celsius_BIN=Low | water_consumption_BIN=High | water_temperature_deltaCelsius_BIN=High | workpiece_slice_geometry=180x180,30012088 | 30012910 | 30013352 | 30013353,15,4,6,21
2020-02-10,K_011,7,RUL_BIN=Critical | alloy_speed_meter_minute_BIN=Medium | alloy_type=open | cast_in_row_BIN=Low | crystallizer_movementmm_BIN=Low | num_stream_BIN=Medium | resistance_tonn_BIN=Low | steel_temperature_grab1Celsius_BIN=High | steel_type=Arm500 | steel_weighttonn_BIN=Medium | swing_frequency_amount_minute_BIN=High | temperature_measurement1_Celsius_BIN=Low | temperature_measurement2_Celsius_BIN=Low | water_consumption_BIN=High | water_temperature_deltaCelsius_BIN=High | workpiece_slice_geometry=180x180,30012088 | 30012910,16,2,6,21
2020-02-10,K_011,8,RUL_BIN=Critical | alloy_speed_meter_minute_BIN=Medium | alloy_type=open | cast_in_row_BIN=Low | crystallizer_movementmm_BIN=Low | num_crystallizer_BIN=Low | resistance_tonn_BIN=Low | steel_temperature_grab1Celsius_BIN=High | steel_type=Arm500 | steel_weighttonn_BIN=Medium | swing_frequency_amount_minute_BIN=High | temperature_measurement1_Celsius_BIN=Low | temperature_measurement2_Celsius_BIN=Low | water_consumption_BIN=High | water_temperature_deltaCelsius_BIN=High | workpiece_slice_geometry=180x180,30012088 | 30013352 | 30013353,16,3,6,21
2020-02-10,K_011,9,RUL_BIN=Critical | alloy_speed_meter_minute_BIN=Medium | alloy_type=open | cast_in_row_BIN=Low | crystallizer_movementmm_BIN=Low | num_crystallizer_BIN=Low | num_stream_BIN=Medium | resistance_tonn_BIN=Low | steel_temperature_grab1Celsius_BIN=High | steel_type=Arm500 | steel_weighttonn_BIN=Medium | swing_frequency_amount_minute_BIN=High | temperature_measurement1_Celsius_BIN=Low | temperature_measurement2_Celsius_BIN=Low | water_consumption_BIN=High | water_temperature_deltaCelsius_BIN=High | workpiece_slice_geometry=180x180,30012088,17,1,6,21
2020-02-10,K_011,10,RUL_BIN=Critical | alloy_speed_meter_minute_BIN=Medium | alloy_type=open | cast_in_row_BIN=Low | crystallizer_movementmm_BIN=Low | num_crystallizer_BIN=Low | num_stream_BIN=High | resistance_tonn_BIN=Low | steel_temperature_grab1Celsius_BIN=High | steel_type=Arm500 | steel_weighttonn_BIN=Medium | swing_frequency_amount_minute_BIN=High | temperature_measurement1_Celsius_BIN=Low | temperature_measurement2_Celsius_BIN=Low | water_consumption_BIN=High | water_temperature_deltaCelsius_BIN=High | workpiece_slice_geometry=180x180,30013352 | 30013353,17,2,6,21
2020-02-10,K_011,11,RUL_BIN=Critical | alloy_speed_meter_minute_BIN=Medium | alloy_type=open | cast_in_row_BIN=Low | crystallizer_movementmm_BIN=Low | num_crystallizer_BIN=High | num_stream_BIN=Medium | resistance_tonn_BIN=Low | steel_temperature_grab1Celsius_BIN=High | steel_type=Arm500 | steel_weighttonn_BIN=Medium | swing_frequency_amount_minute_BIN=High | temperature_measurement1_Celsius_BIN=Low | temperature_measurement2_Celsius_BIN=Low | water_consumption_BIN=High | water_temperature_deltaCelsius_BIN=High | workpiece_slice_geometry=180x180,30012910,17,1,6,21
2020-02-10,K_011,12,RUL_BIN=Critical | RUL_BIN=Medium | alloy_speed_meter_minute_BIN=Medium | alloy_type=open | cast_in_row_BIN=Low | crystallizer_movementmm_BIN=Low | num_crystallizer_BIN=High | num_crystallizer_BIN=Low | num_stream_BIN=High | num_stream_BIN=Low | num_stream_BIN=Medium | resistance_tonn_BIN=Low | steel_temperature_grab1Celsius_BIN=High | steel_type=Arm500 | steel_weighttonn_BIN=Medium | swing_frequency_amount_minute_BIN=High | temperature_measurement1_Celsius_BIN=Low | temperature_measurement2_Celsius_BIN=Low | water_consumption_BIN=High | water_temperature_deltaCelsius_BIN=High | workpiece_slice_geometry=180x180,,21,0,6,21
2020-03-05,K_012,0,alloy_speed_meter_minute_BIN=Medium | alloy_type=open | cast_in_row_BIN=Low | crystallizer_movementmm_BIN=Low | resistance_tonn_BIN=Low | steel_temperature_grab1Celsius_BIN=High | steel_type=Arm500 | steel_weighttonn_BIN=High | swing_frequency_amount_minute_BIN=Medium | temperature_measurement1_Celsius_BIN=Low | temperature_measurement2_Celsius_BIN=Low | water_consumption_BIN=High | water_temperature_deltaCelsius_BIN=High | workpiece_slice_geometry=180x180,30011717 | 30012903 | 30012904 | 30012905 | 30012907 | 30012909 | 30012912 | 30012913,14,8,8,23
2020-03-05,K_012,1,alloy_speed_meter_minute_BIN=Medium | alloy_type=open | cast_in_row_BIN=Low | crystallizer_movementmm_BIN=Low | num_stream_BIN=Medium | resistance_tonn_BIN=Low | steel_temperature_grab1Celsius_BIN=High | steel_type=Arm500 | steel_weighttonn_BIN=High | swing_frequency_amount_minute_BIN=Medium | temperature_measurement1_Celsius_BIN=Low | temperature_measurement2_Celsius_BIN=Low | water_consumption_BIN=High | water_temperature_deltaCelsius_BIN=High | workpiece_slice_geometry=180x180,30011717 | 30012904 | 30012909,15,3,8,23
2020-03-05,K_012,2,alloy_speed_meter_minute_BIN=Medium | alloy_type=open | cast_in_row_BIN=Low | crystallizer_movementmm_BIN=Low | num_stream_BIN=Low | resistance_tonn_BIN=Low | steel_temperature_grab1Celsius_BIN=High | steel_type=Arm500 | steel_weighttonn_BIN=High | swing_frequency_amount_minute_BIN=Medium | temperature_measurement1_Celsius_BIN=Low | temperature_measurement2_Celsius_BIN=Low | water_consumption_BIN=High | water_temperature_deltaCelsius_BIN=High | workpiece_slice_geometry=180x180,30012903 | 30012912,15,2,8,23
2020-03-05,K_012,3,alloy_speed_meter_minute_BIN=Medium | alloy_type=open | cast_in_row_BIN=Low | crystallizer_movementmm_BIN=Low | num_stream_BIN=High | resistance_tonn_BIN=Low | steel_temperature_grab1Celsius_BIN=High | steel_type=Arm500 | steel_weighttonn_BIN=High | swing_frequency_amount_minute_BIN=Medium | temperature_measurement1_Celsius_BIN=Low | temperature_measurement2_Celsius_BIN=Low | water_consumption_BIN=High | water_temperature_deltaCelsius_BIN=High | workpiece_slice_geometry=180x180,30012905 | 30012907 | 30012913,15,3,8,23
2020-03-05,K_012,4,alloy_speed_meter_minute_BIN=Medium | alloy_type=open | cast_in_row_BIN=Low | crystallizer_movementmm_BIN=Low | num_crystallizer_BIN=Low | resistance_tonn_BIN=Low | steel_temperature_grab1Celsius_BIN=High | steel_type=Arm500 | steel_weighttonn_BIN=High | swing_frequency_amount_minute_BIN=Medium | temperature_measurement1_Celsius_BIN=Low | temperature_measurement2_Celsius_BIN=Low | water_consumption_BIN=High | water_temperature_deltaCelsius_BIN=High | workpiece_slice_geometry=180x180,30011717 | 30012904 | 30012905 | 30012907 | 30012912,15,5,8,23
2020-03-05,K_012,5,alloy_speed_meter_minute_BIN=Medium | alloy_type=open | cast_in_row_BIN=Low | crystallizer_movementmm_BIN=Low | num_crystallizer_BIN=Low | num_stream_BIN=Medium | resistance_tonn_BIN=Low | steel_temperature_grab1Celsius_BIN=High | steel_type=Arm500 | steel_weighttonn_BIN=High | swing_frequency_amount_minute_BIN=Medium | temperature_measurement1_Celsius_BIN=Low | temperature_measurement2_Celsius_BIN=Low | water_consumption_BIN=High | water_temperature_deltaCelsius_BIN=High | workpiece_slice_geometry=180x180,30011717 | 30012904,16,2,8,23
2020-03-05,K_012,6,alloy_speed_meter_minute_BIN=Medium | alloy_type=open | cast_in_row_BIN=Low | crystallizer_movementmm_BIN=Low | num_crystallizer_BIN=Low | num_stream_BIN=High | resistance_tonn_BIN=Low | steel_temperature_grab1Celsius_BIN=High | steel_type=Arm500 | steel_weighttonn_BIN=High | swing_frequency_amount_minute_BIN=Medium | temperature_measurement1_Celsius_BIN=Low | temperature_measurement2_Celsius_BIN=Low | water_consumption_BIN=High | water_temperature_deltaCelsius_BIN=High | workpiece_slice_geometry=180x180,30012905 | 30012907,16,2,8,23
2020-03-05,K_012,7,alloy_speed_meter_minute_BIN=Medium | alloy_type=open | cast_in_row_BIN=Low | crystallizer_movementmm_BIN=Low | num_crystallizer_BIN=High | resistance_tonn_BIN=Low | steel_temperature_grab1Celsius_BIN=High | steel_type=Arm500 | steel_weighttonn_BIN=High | swing_frequency_amount_minute_BIN=Medium | temperature_measurement1_Celsius_BIN=Low | temperature_measurement2_Celsius_BIN=Low | water_consumption_BIN=High | water_temperature_deltaCelsius_BIN=High | workpiece_slice_geometry=180x180,30012903 | 30012909 | 30012913,15,3,8,23
2020-03-05,K_012,8,RUL_BIN=Medium | alloy_speed_meter_minute_BIN=Medium | alloy_type=open | cast_in_row_BIN=Low | crystallizer_movementmm_BIN=Low | num_crystallizer_BIN=High | num_stream_BIN=Medium | resistance_tonn_BIN=Low | steel_temperature_grab1Celsius_BIN=High | steel_type=Arm500 | steel_weighttonn_BIN=High | swing_frequency_amount_minute_BIN=Medium | temperature_measurement1_Celsius_BIN=Low | temperature_measurement2_Celsius_BIN=Low | water_consumption_BIN=High | water_temperature_deltaCelsius_BIN=High | workpiece_slice_geometry=180x180,30012909,17,1,8,23
2020-03-05,K_012,9,RUL_BIN=Low | alloy_speed_meter_minute_BIN=Medium | alloy_type=open | cast_in_row_BIN=Low | crystallizer_movementmm_BIN=Low | resistance_tonn_BIN=Low | steel_temperature_grab1Celsius_BIN=High | steel_type=Arm500 | steel_weighttonn_BIN=High | swing_frequency_amount_minute_BIN=Medium | temperature_measurement1_Celsius_BIN=Low | temperature_measurement2_Celsius_BIN=Low | water_consumption_BIN=High | water_temperature_deltaCelsius_BIN=High | workpiece_slice_geometry=180x180,30012903 | 30012904,15,2,8,23
2020-03-05,K_012,10,RUL_BIN=Low | alloy_speed_meter_minute_BIN=Medium | alloy_type=open | cast_in_row_BIN=Low | crystallizer_movementmm_BIN=Low | num_crystallizer_BIN=Low | num_stream_BIN=Medium | resistance_tonn_BIN=Low | steel_temperature_grab1Celsius_BIN=High | steel_type=Arm500 | steel_weighttonn_BIN=High | swing_frequency_amount_minute_BIN=Medium | temperature_measurement1_Celsius_BIN=Low | temperature_measurement2_Celsius_BIN=Low | water_consumption_BIN=High | water_temperature_deltaCelsius_BIN=High | workpiece_slice_geometry=180x180,30012904,17,1,8,23
2020-03-05,K_012,11,RUL_BIN=Low | alloy_speed_meter_minute_BIN=Medium | alloy_type=open | cast_in_row_BIN=Low | crystallizer_movementmm_BIN=Low | num_crystallizer_BIN=High | num_stream_BIN=Low | resistance_tonn_BIN=Low | steel_temperature_grab1Celsius_BIN=High | steel_type=Arm500 | steel_weighttonn_BIN=High | swing_frequency_amount_minute_BIN=Medium | temperature_measurement1_Celsius_BIN=Low | temperature_measurement2_Celsius_BIN=Low | water_consumption_BIN=High | water_temperature_deltaCelsius_BIN=High | workpiece_slice_geometry=180x180,30012903,17,1,8,23
2020-03-05,K_012,12,RUL_BIN=Healthy | alloy_speed_meter_minute_BIN=Medium | alloy_type=open | cast_in_row_BIN=Low | crystallizer_movementmm_BIN=Low | resistance_tonn_BIN=Low | steel_temperature_grab1Celsius_BIN=High | steel_type=Arm500 | steel_weighttonn_BIN=High | swing_frequency_amount_minute_BIN=Medium | temperature_measurement1_Celsius_BIN=Low | temperature_measurement2_Celsius_BIN=Low | water_consumption_BIN=High | water_temperature_deltaCelsius_BIN=High | workpiece_slice_geometry=180x180,30011717 | 30012905 | 30012912 | 30012913,15,4,8,23
2020-03-05,K_012,13,RUL_BIN=Healthy | alloy_speed_meter_minute_BIN=Medium | alloy_type=open | cast_in_row_BIN=Low | crystallizer_movementmm_BIN=Low | num_stream_BIN=High | resistance_tonn_BIN=Low | steel_temperature_grab1Celsius_BIN=High | steel_type=Arm500 | steel_weighttonn_BIN=High | swing_frequency_amount_minute_BIN=Medium | temperature_measurement1_Celsius_BIN=Low | temperature_measurement2_Celsius_BIN=Low | water_consumption_BIN=High | water_temperature_deltaCelsius_BIN=High | workpiece_slice_geometry=180x180,30012905 | 30012913,16,2,8,23
2020-03-05,K_012,14,RUL_BIN=Healthy | alloy_speed_meter_minute_BIN=Medium | alloy_type=open | cast_in_row_BIN=Low | crystallizer_movementmm_BIN=Low | num_crystallizer_BIN=Low | resistance_tonn_BIN=Low | steel_temperature_grab1Celsius_BIN=High | steel_type=Arm500 | steel_weighttonn_BIN=High | swing_frequency_amount_minute_BIN=Medium | temperature_measurement1_Celsius_BIN=Low | temperature_measurement2_Celsius_BIN=Low | water_consumption_BIN=High | water_temperature_deltaCelsius_BIN=High | workpiece_slice_geometry=180x180,30011717 | 30012905 | 30012912,16,3,8,23
2020-03-05,K_012,15,RUL_BIN=Healthy | alloy_speed_meter_minute_BIN=Medium | alloy_type=open | cast_in_row_BIN=Low | crystallizer_movementmm_BIN=Low | num_crystallizer_BIN=Low | num_stream_BIN=Medium | resistance_tonn_BIN=Low | steel_temperature_grab1Celsius_BIN=High | steel_type=Arm500 | steel_weighttonn_BIN=High | swing_frequency_amount_minute_BIN=Medium | temperature_measurement1_Celsius_BIN=Low | temperature_measurement2_Celsius_BIN=Low | water_consumption_BIN=High | water_temperature_deltaCelsius_BIN=High | workpiece_slice_geometry=180x180,30011717,17,1,8,23
2020-03-05,K_012,16,RUL_BIN=Healthy | alloy_speed_meter_minute_BIN=Medium | alloy_type=open | cast_in_row_BIN=Low | crystallizer_movementmm_BIN=Low | num_crystallizer_BIN=Low | num_stream_BIN=Low | resistance_tonn_BIN=Low | steel_temperature_grab1Celsius_BIN=High | steel_type=Arm500 | steel_weighttonn_BIN=High | swing_frequency_amount_minute_BIN=Medium | temperature_measurement1_Celsius_BIN=Low | temperature_measurement2_Celsius_BIN=Low | water_consumption_BIN=High | water_temperature_deltaCelsius_BIN=High | workpiece_slice_geometry=180x180,30012912,17,1,8,23
2020-03-05,K_012,17,RUL_BIN=Healthy | alloy_speed_meter_minute_BIN=Medium | alloy_type=open | cast_in_row_BIN=Low | crystallizer_movementmm_BIN=Low | num_crystallizer_BIN=Low | num_stream_BIN=High | resistance_tonn_BIN=Low | steel_temperature_grab1Celsius_BIN=High | steel_type=Arm500 | steel_weighttonn_BIN=High | swing_frequency_amount_minute_BIN=Medium | temperature_measurement1_Celsius_BIN=Low | temperature_measurement2_Celsius_BIN=Low | water_consumption_BIN=High | water_temperature_deltaCelsius_BIN=High | workpiece_slice_geometry=180x180,30012905,17,1,8,23
2020-03-05,K_012,18,RUL_BIN=Healthy | alloy_speed_meter_minute_BIN=Medium | alloy_type=open | cast_in_row_BIN=Low | crystallizer_movementmm_BIN=Low | num_crystallizer_BIN=High | num_stream_BIN=High | resistance_tonn_BIN=Low | steel_temperature_grab1Celsius_BIN=High | steel_type=Arm500 | steel_weighttonn_BIN=High | swing_frequency_amount_minute_BIN=Medium | temperature_measurement1_Celsius_BIN=Low | temperature_measurement2_Celsius_BIN=Low | water_consumption_BIN=High | water_temperature_deltaCelsius_BIN=High | workpiece_slice_geometry=180x180,30012913,17,1,8,23
2020-03-05,K_012,19,RUL_BIN=Critical | alloy_speed_meter_minute_BIN=Medium | alloy_type=open | cast_in_row_BIN=Low | crystallizer_movementmm_BIN=Low | num_crystallizer_BIN=Low | num_stream_BIN=High | resistance_tonn_BIN=Low | steel_temperature_grab1Celsius_BIN=High | steel_type=Arm500 | steel_weighttonn_BIN=High | swing_frequency_amount_minute_BIN=Medium | temperature_measurement1_Celsius_BIN=Low | temperature_measurement2_Celsius_BIN=Low | water_consumption_BIN=High | water_temperature_deltaCelsius_BIN=High | workpiece_slice_geometry=180x180,30012907,17,1,8,23
2020-03-05,K_012,20,RUL_BIN=Critical | RUL_BIN=Healthy | RUL_BIN=Low | RUL_BIN=Medium | alloy_speed_meter_minute_BIN=Medium | alloy_type=open | cast_in_row_BIN=Low | crystallizer_movementmm_BIN=Low | num_crystallizer_BIN=High | num_crystallizer_BIN=Low | num_stream_BIN=High | num_stream_BIN=Low | num_stream_BIN=Medium | resistance_tonn_BIN=Low | steel_temperature_grab1Celsius_BIN=High | steel_type=Arm500 | steel_weighttonn_BIN=High | swing_frequency_amount_minute_BIN=Medium | temperature_measurement1_Celsius_BIN=Low | temperature_measurement2_Celsius_BIN=Low | water_consumption_BIN=High | water_temperature_deltaCelsius_BIN=High | workpiece_slice_geometry=180x180,,23,0,8,23
2020-03-07,K_013,0,alloy_speed_meter_minute_BIN=Medium | alloy_type=open | cast_in_row_BIN=Low | crystallizer_movementmm_BIN=High | resistance_tonn_BIN=Low | steel_temperature_grab1Celsius_BIN=High | steel_type=Arm500 | steel_weighttonn_BIN=High | swing_frequency_amount_minute_BIN=High | temperature_measurement1_Celsius_BIN=Low | temperature_measurement2_Celsius_BIN=Low | water_consumption_BIN=High | water_temperature_deltaCelsius_BIN=High | workpiece_slice_geometry=180x180,30012903 | 30012904 | 30012905 | 30012909 | 30012912 | 30012913,14,6,6,21
2020-03-07,K_013,1,alloy_speed_meter_minute_BIN=Medium | alloy_type=open | cast_in_row_BIN=Low | crystallizer_movementmm_BIN=High | num_crystallizer_BIN=Low | resistance_tonn_BIN=Low | steel_temperature_grab1Celsius_BIN=High | steel_type=Arm500 | steel_weighttonn_BIN=High | swing_frequency_amount_minute_BIN=High | temperature_measurement1_Celsius_BIN=Low | temperature_measurement2_Celsius_BIN=Low | water_consumption_BIN=High | water_temperature_deltaCelsius_BIN=High | workpiece_slice_geometry=180x180,30012904 | 30012905 | 30012912,15,3,6,21
2020-03-07,K_013,2,alloy_speed_meter_minute_BIN=Medium | alloy_type=open | cast_in_row_BIN=Low | crystallizer_movementmm_BIN=High | num_crystallizer_BIN=High | resistance_tonn_BIN=Low | steel_temperature_grab1Celsius_BIN=High | steel_type=Arm500 | steel_weighttonn_BIN=High | swing_frequency_amount_minute_BIN=High | temperature_measurement1_Celsius_BIN=Low | temperature_measurement2_Celsius_BIN=Low | water_consumption_BIN=High | water_temperature_deltaCelsius_BIN=High | workpiece_slice_geometry=180x180,30012903 | 30012909 | 30012913,15,3,6,21
2020-03-07,K_013,3,RUL_BIN=Medium | alloy_speed_meter_minute_BIN=Medium | alloy_type=open | cast_in_row_BIN=Low | crystallizer_movementmm_BIN=High | num_stream_BIN=High | resistance_tonn_BIN=Low | steel_temperature_grab1Celsius_BIN=High | steel_type=Arm500 | steel_weighttonn_BIN=High | swing_frequency_amount_minute_BIN=High | temperature_measurement1_Celsius_BIN=Low | temperature_measurement2_Celsius_BIN=Low | water_consumption_BIN=High | water_temperature_deltaCelsius_BIN=High | workpiece_slice_geometry=180x180,30012905 | 30012913,16,2,6,21
2020-03-07,K_013,4,RUL_BIN=Medium | alloy_speed_meter_minute_BIN=Medium | alloy_type=open | cast_in_row_BIN=Low | crystallizer_movementmm_BIN=High | num_crystallizer_BIN=Low | num_stream_BIN=High | resistance_tonn_BIN=Low | steel_temperature_grab1Celsius_BIN=High | steel_type=Arm500 | steel_weighttonn_BIN=High | swing_frequency_amount_minute_BIN=High | temperature_measurement1_Celsius_BIN=Low | temperature_measurement2_Celsius_BIN=Low | water_consumption_BIN=High | water_temperature_deltaCelsius_BIN=High | workpiece_slice_geometry=180x180,30012905,17,1,6,21
2020-03-07,K_013,5,RUL_BIN=Medium | alloy_speed_meter_minute_BIN=Medium | alloy_type=open | cast_in_row_BIN=Low | crystallizer_movementmm_BIN=High | num_crystallizer_BIN=High | num_stream_BIN=High | resistance_tonn_BIN=Low | steel_temperature_grab1Celsius_BIN=High | steel_type=Arm500 | steel_weighttonn_BIN=High | swing_frequency_amount_minute_BIN=High | temperature_measurement1_Celsius_BIN=Low | temperature_measurement2_Celsius_BIN=Low | water_consumption_BIN=High | water_temperature_deltaCelsius_BIN=High | workpiece_slice_geometry=180x180,30012913,17,1,6,21
2020-03-07,K_013,6,RUL_BIN=Low | alloy_speed_meter_minute_BIN=Medium | alloy_type=open | cast_in_row_BIN=Low | crystallizer_movementmm_BIN=High | resistance_tonn_BIN=Low | steel_temperature_grab1Celsius_BIN=High | steel_type=Arm500 | steel_weighttonn_BIN=High | swing_frequency_amount_minute_BIN=High | temperature_measurement1_Celsius_BIN=Low | temperature_measurement2_Celsius_BIN=Low | water_consumption_BIN=High | water_temperature_deltaCelsius_BIN=High | workpiece_slice_geometry=180x180,30012903 | 30012904 | 30012909 | 30012912,15,4,6,21
2020-03-07,K_013,7,RUL_BIN=Low | alloy_speed_meter_minute_BIN=Medium | alloy_type=open | cast_in_row_BIN=Low | crystallizer_movementmm_BIN=High | num_stream_BIN=Medium | resistance_tonn_BIN=Low | steel_temperature_grab1Celsius_BIN=High | steel_type=Arm500 | steel_weighttonn_BIN=High | swing_frequency_amount_minute_BIN=High | temperature_measurement1_Celsius_BIN=Low | temperature_measurement2_Celsius_BIN=Low | water_consumption_BIN=High | water_temperature_deltaCelsius_BIN=High | workpiece_slice_geometry=180x180,30012904 | 30012909,16,2,6,21
2020-03-07,K_013,8,RUL_BIN=Low | alloy_speed_meter_minute_BIN=Medium | alloy_type=open | cast_in_row_BIN=Low | crystallizer_movementmm_BIN=High | num_stream_BIN=Low | resistance_tonn_BIN=Low | steel_temperature_grab1Celsius_BIN=High | steel_type=Arm500 | steel_weighttonn_BIN=High | swing_frequency_amount_minute_BIN=High | temperature_measurement1_Celsius_BIN=Low | temperature_measurement2_Celsius_BIN=Low | water_consumption_BIN=High | water_temperature_deltaCelsius_BIN=High | workpiece_slice_geometry=180x180,30012903 | 30012912,16,2,6,21
2020-03-07,K_013,9,RUL_BIN=Low | alloy_speed_meter_minute_BIN=Medium | alloy_type=open | cast_in_row_BIN=Low | crystallizer_movementmm_BIN=High | num_crystallizer_BIN=Low | resistance_tonn_BIN=Low | steel_temperature_grab1Celsius_BIN=High | steel_type=Arm500 | steel_weighttonn_BIN=High | swing_frequency_amount_minute_BIN=High | temperature_measurement1_Celsius_BIN=Low | temperature_measurement2_Celsius_BIN=Low | water_consumption_BIN=High | water_temperature_deltaCelsius_BIN=High | workpiece_slice_geometry=180x180,30012904 | 30012912,16,2,6,21
2020-03-07,K_013,10,RUL_BIN=Low | alloy_speed_meter_minute_BIN=Medium | alloy_type=open | cast_in_row_BIN=Low | crystallizer_movementmm_BIN=High | num_crystallizer_BIN=Low | num_stream_BIN=Medium | resistance_tonn_BIN=Low | steel_temperature_grab1Celsius_BIN=High | steel_type=Arm500 | steel_weighttonn_BIN=High | swing_frequency_amount_minute_BIN=High | temperature_measurement1_Celsius_BIN=Low | temperature_measurement2_Celsius_BIN=Low | water_consumption_BIN=High | water_temperature_deltaCelsius_BIN=High | workpiece_slice_geometry=180x180,30012904,17,1,6,21
2020-03-07,K_013,11,RUL_BIN=Low | alloy_speed_meter_minute_BIN=Medium | alloy_type=open | cast_in_row_BIN=Low | crystallizer_movementmm_BIN=High | num_crystallizer_BIN=Low | num_stream_BIN=Low | resistance_tonn_BIN=Low | steel_temperature_grab1Celsius_BIN=High | steel_type=Arm500 | steel_weighttonn_BIN=High | swing_frequency_amount_minute_BIN=High | temperature_measurement1_Celsius_BIN=Low | temperature_measurement2_Celsius_BIN=Low | water_consumption_BIN=High | water_temperature_deltaCelsius_BIN=High | workpiece_slice_geometry=180x180,30012912,17,1,6,21
2020-03-07,K_013,12,RUL_BIN=Low | alloy_speed_meter_minute_BIN=Medium | alloy_type=open | cast_in_row_BIN=Low | crystallizer_movementmm_BIN=High | num_crystallizer_BIN=High | resistance_tonn_BIN=Low | steel_temperature_grab1Celsius_BIN=High | steel_type=Arm500 | steel_weighttonn_BIN=High | swing_frequency_amount_minute_BIN=High | temperature_measurement1_Celsius_BIN=Low | temperature_measurement2_Celsius_BIN=Low | water_consumption_BIN=High | water_temperature_deltaCelsius_BIN=High | workpiece_slice_geometry=180x180,30012903 | 30012909,16,2,6,21
2020-03-07,K_013,13,RUL_BIN=Low | alloy_speed_meter_minute_BIN=Medium | alloy_type=open | cast_in_row_BIN=Low | crystallizer_movementmm_BIN=High | num_crystallizer_BIN=High | num_stream_BIN=Medium | resistance_tonn_BIN=Low | steel_temperature_grab1Celsius_BIN=High | steel_type=Arm500 | steel_weighttonn_BIN=High | swing_frequency_amount_minute_BIN=High | temperature_measurement1_Celsius_BIN=Low | temperature_measurement2_Celsius_BIN=Low | water_consumption_BIN=High | water_temperature_deltaCelsius_BIN=High | workpiece_slice_geometry=180x180,30012909,17,1,6,21
2020-03-07,K_013,14,RUL_BIN=Low | alloy_speed_meter_minute_BIN=Medium | alloy_type=open | cast_in_row_BIN=Low | crystallizer_movementmm_BIN=High | num_crystallizer_BIN=High | num_stream_BIN=Low | resistance_tonn_BIN=Low | steel_temperature_grab1Celsius_BIN=High | steel_type=Arm500 | steel_weighttonn_BIN=High | swing_frequency_amount_minute_BIN=High | temperature_measurement1_Celsius_BIN=Low | temperature_measurement2_Celsius_BIN=Low | water_consumption_BIN=High | water_temperature_deltaCelsius_BIN=High | workpiece_slice_geometry=180x180,30012903,17,1,6,21
2020-03-07,K_013,15,RUL_BIN=Low | RUL_BIN=Medium | alloy_speed_meter_minute_BIN=Medium | alloy_type=open | cast_in_row_BIN=Low | crystallizer_movementmm_BIN=High | num_crystallizer_BIN=High | num_crystallizer_BIN=Low | num_stream_BIN=High | num_stream_BIN=Low | num_stream_BIN=Medium | resistance_tonn_BIN=Low | steel_temperature_grab1Celsius_BIN=High | steel_type=Arm500 | steel_weighttonn_BIN=High | swing_frequency_amount_minute_BIN=High | temperature_measurement1_Celsius_BIN=Low | temperature_measurement2_Celsius_BIN=Low | water_consumption_BIN=High | water_temperature_deltaCelsius_BIN=High | workpiece_slice_geometry=180x180,,21,0,6,21
2020-03-08,K_014,0,alloy_speed_meter_minute_BIN=Medium | alloy_type=open | cast_in_row_BIN=Medium | crystallizer_movementmm_BIN=Low | resistance_tonn_BIN=Low | steel_temperature_grab1Celsius_BIN=High | steel_type=Arm500 | steel_weighttonn_BIN=Medium | swing_frequency_amount_minute_BIN=High | temperature_measurement1_Celsius_BIN=Low | temperature_measurement2_Celsius_BIN=Low | water_consumption_BIN=High | water_temperature_deltaCelsius_BIN=High | workpiece_slice_geometry=180x180,30011717 | 30012903 | 30012904 | 30012905 | 30012909 | 30012912 | 30012913 | 30014079 | 30014080,14,9,9,22
2020-03-08,K_014,1,alloy_speed_meter_minute_BIN=Medium | alloy_type=open | cast_in_row_BIN=Medium | crystallizer_movementmm_BIN=Low | num_stream_BIN=Medium | resistance_tonn_BIN=Low | steel_temperature_grab1Celsius_BIN=High | steel_type=Arm500 | steel_weighttonn_BIN=Medium | swing_frequency_amount_minute_BIN=High | temperature_measurement1_Celsius_BIN=Low | temperature_measurement2_Celsius_BIN=Low | water_consumption_BIN=High | water_temperature_deltaCelsius_BIN=High | workpiece_slice_geometry=180x180,30011717 | 30012904 | 30012909,15,3,9,22
2020-03-08,K_014,2,alloy_speed_meter_minute_BIN=Medium | alloy_type=open | cast_in_row_BIN=Medium | crystallizer_movementmm_BIN=Low | num_stream_BIN=Low | resistance_tonn_BIN=Low | steel_temperature_grab1Celsius_BIN=High | steel_type=Arm500 | steel_weighttonn_BIN=Medium | swing_frequency_amount_minute_BIN=High | temperature_measurement1_Celsius_BIN=Low | temperature_measurement2_Celsius_BIN=Low | water_consumption_BIN=High | water_temperature_deltaCelsius_BIN=High | workpiece_slice_geometry=180x180,30012903 | 30012912 | 30014079 | 30014080,15,4,9,22
2020-03-08,K_014,3,alloy_speed_meter_minute_BIN=Medium | alloy_type=open | cast_in_row_BIN=Medium | crystallizer_movementmm_BIN=Low | num_crystallizer_BIN=Low | resistance_tonn_BIN=Low | steel_temperature_grab1Celsius_BIN=High | steel_type=Arm500 | steel_weighttonn_BIN=Medium | swing_frequency_amount_minute_BIN=High | temperature_measurement1_Celsius_BIN=Low | temperature_measurement2_Celsius_BIN=Low | water_consumption_BIN=High | water_temperature_deltaCelsius_BIN=High | workpiece_slice_geometry=180x180,30011717 | 30012904 | 30012905 | 30012912 | 30014080,15,5,9,22
2020-03-08,K_014,4,alloy_speed_meter_minute_BIN=Medium | alloy_type=open | cast_in_row_BIN=Medium | crystallizer_movementmm_BIN=Low | num_crystallizer_BIN=Low | num_stream_BIN=Medium | resistance_tonn_BIN=Low | steel_temperature_grab1Celsius_BIN=High | steel_type=Arm500 | steel_weighttonn_BIN=Medium | swing_frequency_amount_minute_BIN=High | temperature_measurement1_Celsius_BIN=Low | temperature_measurement2_Celsius_BIN=Low | water_consumption_BIN=High | water_temperature_deltaCelsius_BIN=High | workpiece_slice_geometry=180x180,30011717 | 30012904,16,2,9,22
2020-03-08,K_014,5,alloy_speed_meter_minute_BIN=Medium | alloy_type=open | cast_in_row_BIN=Medium | crystallizer_movementmm_BIN=Low | num_crystallizer_BIN=Low | num_stream_BIN=Low | resistance_tonn_BIN=Low | steel_temperature_grab1Celsius_BIN=High | steel_type=Arm500 | steel_weighttonn_BIN=Medium | swing_frequency_amount_minute_BIN=High | temperature_measurement1_Celsius_BIN=Low | temperature_measurement2_Celsius_BIN=Low | water_consumption_BIN=High | water_temperature_deltaCelsius_BIN=High | workpiece_slice_geometry=180x180,30012912 | 30014080,16,2,9,22
2020-03-08,K_014,6,alloy_speed_meter_minute_BIN=Medium | alloy_type=open | cast_in_row_BIN=Medium | crystallizer_movementmm_BIN=Low | num_crystallizer_BIN=High | resistance_tonn_BIN=Low | steel_temperature_grab1Celsius_BIN=High | steel_type=Arm500 | steel_weighttonn_BIN=Medium | swing_frequency_amount_minute_BIN=High | temperature_measurement1_Celsius_BIN=Low | temperature_measurement2_Celsius_BIN=Low | water_consumption_BIN=High | water_temperature_deltaCelsius_BIN=High | workpiece_slice_geometry=180x180,30012903 | 30012909 | 30012913 | 30014079,15,4,9,22
2020-03-08,K_014,7,alloy_speed_meter_minute_BIN=Medium | alloy_type=open | cast_in_row_BIN=Medium | crystallizer_movementmm_BIN=Low | num_crystallizer_BIN=High | num_stream_BIN=Low | resistance_tonn_BIN=Low | steel_temperature_grab1Celsius_BIN=High | steel_type=Arm500 | steel_weighttonn_BIN=Medium | swing_frequency_amount_minute_BIN=High | temperature_measurement1_Celsius_BIN=Low | temperature_measurement2_Celsius_BIN=Low | water_consumption_BIN=High | water_temperature_deltaCelsius_BIN=High | workpiece_slice_geometry=180x180,30012903 | 30014079,16,2,9,22
2020-03-08,K_014,8,RUL_BIN=Medium | alloy_speed_meter_minute_BIN=Medium | alloy_type=open | cast_in_row_BIN=Medium | crystallizer_movementmm_BIN=Low | num_stream_BIN=Low | resistance_tonn_BIN=Low | steel_temperature_grab1Celsius_BIN=High | steel_type=Arm500 | steel_weighttonn_BIN=Medium | swing_frequency_amount_minute_BIN=High | temperature_measurement1_Celsius_BIN=Low | temperature_measurement2_Celsius_BIN=Low | water_consumption_BIN=High | water_temperature_deltaCelsius_BIN=High | workpiece_slice_geometry=180x180,30014079 | 30014080,16,2,9,22
2020-03-08,K_014,9,RUL_BIN=Medium | alloy_speed_meter_minute_BIN=Medium | alloy_type=open | cast_in_row_BIN=Medium | crystallizer_movementmm_BIN=Low | num_crystallizer_BIN=Low | num_stream_BIN=Low | resistance_tonn_BIN=Low | steel_temperature_grab1Celsius_BIN=High | steel_type=Arm500 | steel_weighttonn_BIN=Medium | swing_frequency_amount_minute_BIN=High | temperature_measurement1_Celsius_BIN=Low | temperature_measurement2_Celsius_BIN=Low | water_consumption_BIN=High | water_temperature_deltaCelsius_BIN=High | workpiece_slice_geometry=180x180,30014080,17,1,9,22
2020-03-08,K_014,10,RUL_BIN=Medium | alloy_speed_meter_minute_BIN=Medium | alloy_type=open | cast_in_row_BIN=Medium | crystallizer_movementmm_BIN=Low | num_crystallizer_BIN=High | num_stream_BIN=Low | resistance_tonn_BIN=Low | steel_temperature_grab1Celsius_BIN=High | steel_type=Arm500 | steel_weighttonn_BIN=Medium | swing_frequency_amount_minute_BIN=High | temperature_measurement1_Celsius_BIN=Low | temperature_measurement2_Celsius_BIN=Low | water_consumption_BIN=High | water_temperature_deltaCelsius_BIN=High | workpiece_slice_geometry=180x180,30014079,17,1,9,22
2020-03-08,K_014,11,RUL_BIN=Low | alloy_speed_meter_minute_BIN=Medium | alloy_type=open | cast_in_row_BIN=Medium | crystallizer_movementmm_BIN=Low | resistance_tonn_BIN=Low | steel_temperature_grab1Celsius_BIN=High | steel_type=Arm500 | steel_weighttonn_BIN=Medium | swing_frequency_amount_minute_BIN=High | temperature_measurement1_Celsius_BIN=Low | temperature_measurement2_Celsius_BIN=Low | water_consumption_BIN=High | water_temperature_deltaCelsius_BIN=High | workpiece_slice_geometry=180x180,30011717 | 30012905 | 30012913,15,3,9,22
2020-03-08,K_014,12,RUL_BIN=Low | alloy_speed_meter_minute_BIN=Medium | alloy_type=open | cast_in_row_BIN=Medium | crystallizer_movementmm_BIN=Low | num_stream_BIN=High | resistance_tonn_BIN=Low | steel_temperature_grab1Celsius_BIN=High | steel_type=Arm500 | steel_weighttonn_BIN=Medium | swing_frequency_amount_minute_BIN=High | temperature_measurement1_Celsius_BIN=Low | temperature_measurement2_Celsius_BIN=Low | water_consumption_BIN=High | water_temperature_deltaCelsius_BIN=High | workpiece_slice_geometry=180x180,30012905 | 30012913,16,2,9,22
2020-03-08,K_014,13,RUL_BIN=Low | alloy_speed_meter_minute_BIN=Medium | alloy_type=open | cast_in_row_BIN=Medium | crystallizer_movementmm_BIN=Low | num_crystallizer_BIN=Low | resistance_tonn_BIN=Low | steel_temperature_grab1Celsius_BIN=High | steel_type=Arm500 | steel_weighttonn_BIN=Medium | swing_frequency_amount_minute_BIN=High | temperature_measurement1_Celsius_BIN=Low | temperature_measurement2_Celsius_BIN=Low | water_consumption_BIN=High | water_temperature_deltaCelsius_BIN=High | workpiece_slice_geometry=180x180,30011717 | 30012905,16,2,9,22
2020-03-08,K_014,14,RUL_BIN=Low | alloy_speed_meter_minute_BIN=Medium | alloy_type=open | cast_in_row_BIN=Medium | crystallizer_movementmm_BIN=Low | num_crystallizer_BIN=Low | num_stream_BIN=Medium | resistance_tonn_BIN=Low | steel_temperature_grab1Celsius_BIN=High | steel_type=Arm500 | steel_weighttonn_BIN=Medium | swing_frequency_amount_minute_BIN=High | temperature_measurement1_Celsius_BIN=Low | temperature_measurement2_Celsius_BIN=Low | water_consumption_BIN=High | water_temperature_deltaCelsius_BIN=High | workpiece_slice_geometry=180x180,30011717,17,1,9,22
2020-03-08,K_014,15,RUL_BIN=Low | alloy_speed_meter_minute_BIN=Medium | alloy_type=open | cast_in_row_BIN=Medium | crystallizer_movementmm_BIN=Low | num_crystallizer_BIN=Low | num_stream_BIN=High | resistance_tonn_BIN=Low | steel_temperature_grab1Celsius_BIN=High | steel_type=Arm500 | steel_weighttonn_BIN=Medium | swing_frequency_amount_minute_BIN=High | temperature_measurement1_Celsius_BIN=Low | temperature_measurement2_Celsius_BIN=Low | water_consumption_BIN=High | water_temperature_deltaCelsius_BIN=High | workpiece_slice_geometry=180x180,30012905,17,1,9,22
2020-03-08,K_014,16,RUL_BIN=Low | alloy_speed_meter_minute_BIN=Medium | alloy_type=open | cast_in_row_BIN=Medium | crystallizer_movementmm_BIN=Low | num_crystallizer_BIN=High | num_stream_BIN=High | resistance_tonn_BIN=Low | steel_temperature_grab1Celsius_BIN=High | steel_type=Arm500 | steel_weighttonn_BIN=Medium | swing_frequency_amount_minute_BIN=High | temperature_measurement1_Celsius_BIN=Low | temperature_measurement2_Celsius_BIN=Low | water_consumption_BIN=High | water_temperature_deltaCelsius_BIN=High | workpiece_slice_geometry=180x180,30012913,17,1,9,22
2020-03-08,K_014,17,RUL_BIN=Critical | alloy_speed_meter_minute_BIN=Medium | alloy_type=open | cast_in_row_BIN=Medium | crystallizer_movementmm_BIN=Low | resistance_tonn_BIN=Low | steel_temperature_grab1Celsius_BIN=High | steel_type=Arm500 | steel_weighttonn_BIN=Medium | swing_frequency_amount_minute_BIN=High | temperature_measurement1_Celsius_BIN=Low | temperature_measurement2_Celsius_BIN=Low | water_consumption_BIN=High | water_temperature_deltaCelsius_BIN=High | workpiece_slice_geometry=180x180,30012903 | 30012904 | 30012909 | 30012912,15,4,9,22
2020-03-08,K_014,18,RUL_BIN=Critical | alloy_speed_meter_minute_BIN=Medium | alloy_type=open | cast_in_row_BIN=Medium | crystallizer_movementmm_BIN=Low | num_stream_BIN=Medium | resistance_tonn_BIN=Low | steel_temperature_grab1Celsius_BIN=High | steel_type=Arm500 | steel_weighttonn_BIN=Medium | swing_frequency_amount_minute_BIN=High | temperature_measurement1_Celsius_BIN=Low | temperature_measurement2_Celsius_BIN=Low | water_consumption_BIN=High | water_temperature_deltaCelsius_BIN=High | workpiece_slice_geometry=180x180,30012904 | 30012909,16,2,9,22
2020-03-08,K_014,19,RUL_BIN=Critical | alloy_speed_meter_minute_BIN=Medium | alloy_type=open | cast_in_row_BIN=Medium | crystallizer_movementmm_BIN=Low | num_stream_BIN=Low | resistance_tonn_BIN=Low | steel_temperature_grab1Celsius_BIN=High | steel_type=Arm500 | steel_weighttonn_BIN=Medium | swing_frequency_amount_minute_BIN=High | temperature_measurement1_Celsius_BIN=Low | temperature_measurement2_Celsius_BIN=Low | water_consumption_BIN=High | water_temperature_deltaCelsius_BIN=High | workpiece_slice_geometry=180x180,30012903 | 30012912,16,2,9,22
2020-03-08,K_014,20,RUL_BIN=Critical | alloy_speed_meter_minute_BIN=Medium | alloy_type=open | cast_in_row_BIN=Medium | crystallizer_movementmm_BIN=Low | num_crystallizer_BIN=Low | resistance_tonn_BIN=Low | steel_temperature_grab1Celsius_BIN=High | steel_type=Arm500 | steel_weighttonn_BIN=Medium | swing_frequency_amount_minute_BIN=High | temperature_measurement1_Celsius_BIN=Low | temperature_measurement2_Celsius_BIN=Low | water_consumption_BIN=High | water_temperature_deltaCelsius_BIN=High | workpiece_slice_geometry=180x180,30012904 | 30012912,16,2,9,22
2020-03-08,K_014,21,RUL_BIN=Critical | alloy_speed_meter_minute_BIN=Medium | alloy_type=open | cast_in_row_BIN=Medium | crystallizer_movementmm_BIN=Low | num_crystallizer_BIN=Low | num_stream_BIN=Medium | resistance_tonn_BIN=Low | steel_temperature_grab1Celsius_BIN=High | steel_type=Arm500 | steel_weighttonn_BIN=Medium | swing_frequency_amount_minute_BIN=High | temperature_measurement1_Celsius_BIN=Low | temperature_measurement2_Celsius_BIN=Low | water_consumption_BIN=High | water_temperature_deltaCelsius_BIN=High | workpiece_slice_geometry=180x180,30012904,17,1,9,22
2020-03-08,K_014,22,RUL_BIN=Critical | alloy_speed_meter_minute_BIN=Medium | alloy_type=open | cast_in_row_BIN=Medium | crystallizer_movementmm_BIN=Low | num_crystallizer_BIN=Low | num_stream_BIN=Low | resistance_tonn_BIN=Low | steel_temperature_grab1Celsius_BIN=High | steel_type=Arm500 | steel_weighttonn_BIN=Medium | swing_frequency_amount_minute_BIN=High | temperature_measurement1_Celsius_BIN=Low | temperature_measurement2_Celsius_BIN=Low | water_consumption_BIN=High | water_temperature_deltaCelsius_BIN=High | workpiece_slice_geometry=180x180,30012912,17,1,9,22
2020-03-08,K_014,23,RUL_BIN=Critical | alloy_speed_meter_minute_BIN=Medium | alloy_type=open | cast_in_row_BIN=Medium | crystallizer_movementmm_BIN=Low | num_crystallizer_BIN=High | resistance_tonn_BIN=Low | steel_temperature_grab1Celsius_BIN=High | steel_type=Arm500 | steel_weighttonn_BIN=Medium | swing_frequency_amount_minute_BIN=High | temperature_measurement1_Celsius_BIN=Low | temperature_measurement2_Celsius_BIN=Low | water_consumption_BIN=High | water_temperature_deltaCelsius_BIN=High | workpiece_slice_geometry=180x180,30012903 | 30012909,16,2,9,22
2020-03-08,K_014,24,RUL_BIN=Critical | alloy_speed_meter_minute_BIN=Medium | alloy_type=open | cast_in_row_BIN=Medium | crystallizer_movementmm_BIN=Low | num_crystallizer_BIN=High | num_stream_BIN=Medium | resistance_tonn_BIN=Low | steel_temperature_grab1Celsius_BIN=High | steel_type=Arm500 | steel_weighttonn_BIN=Medium | swing_frequency_amount_minute_BIN=High | temperature_measurement1_Celsius_BIN=Low | temperature_measurement2_Celsius_BIN=Low | water_consumption_BIN=High | water_temperature_deltaCelsius_BIN=High | workpiece_slice_geometry=180x180,30012909,17,1,9,22
2020-03-08,K_014,25,RUL_BIN=Critical | alloy_speed_meter_minute_BIN=Medium | alloy_type=open | cast_in_row_BIN=Medium | crystallizer_movementmm_BIN=Low | num_crystallizer_BIN=High | num_stream_BIN=Low | resistance_tonn_BIN=Low | steel_temperature_grab1Celsius_BIN=High | steel_type=Arm500 | steel_weighttonn_BIN=Medium | swing_frequency_amount_minute_BIN=High | temperature_measurement1_Celsius_BIN=Low | temperature_measurement2_Celsius_BIN=Low | water_consumption_BIN=High | water_temperature_deltaCelsius_BIN=High | workpiece_slice_geometry=180x180,30012903,17,1,9,22
2020-03-08,K_014,26,RUL_BIN=Critical | RUL_BIN=Low | RUL_BIN=Medium | alloy_speed_meter_minute_BIN=Medium | alloy_type=open | cast_in_row_BIN=Medium | crystallizer_movementmm_BIN=Low | num_crystallizer_BIN=High | num_crystallizer_BIN=Low | num_stream_BIN=High | num_stream_BIN=Low | num_stream_BIN=Medium | resistance_tonn_BIN=Low | steel_temperature_grab1Celsius_BIN=High | steel_type=Arm500 | steel_weighttonn_BIN=Medium | swing_frequency_amount_minute_BIN=High | temperature_measurement1_Celsius_BIN=Low | temperature_measurement2_Celsius_BIN=Low | water_consumption_BIN=High | water_temperature_deltaCelsius_BIN=High | workpiece_slice_geometry=180x180,,22,0,9,22
2020-03-09,K_015,0,RUL_BIN=Critical | alloy_speed_meter_minute_BIN=Medium | alloy_type=open | cast_in_row_BIN=Low | crystallizer_movementmm_BIN=Low | resistance_tonn_BIN=Low | steel_temperature_grab1Celsius_BIN=High | steel_type=Arm500 | steel_weighttonn_BIN=High | swing_frequency_amount_minute_BIN=High | temperature_measurement1_Celsius_BIN=Low | temperature_measurement2_Celsius_BIN=Low | water_consumption_BIN=High | water_temperature_deltaCelsius_BIN=High | workpiece_slice_geometry=180x180,30011717 | 30012905 | 30012909 | 30012913 | 30014079 | 30014080,15,6,6,20
2020-03-09,K_015,1,RUL_BIN=Critical | alloy_speed_meter_minute_BIN=Medium | alloy_type=open | cast_in_row_BIN=Low | crystallizer_movementmm_BIN=Low | num_stream_BIN=Medium | resistance_tonn_BIN=Low | steel_temperature_grab1Celsius_BIN=High | steel_type=Arm500 | steel_weighttonn_BIN=High | swing_frequency_amount_minute_BIN=High | temperature_measurement1_Celsius_BIN=Low | temperature_measurement2_Celsius_BIN=Low | water_consumption_BIN=High | water_temperature_deltaCelsius_BIN=High | workpiece_slice_geometry=180x180,30011717 | 30012909,16,2,6,20
2020-03-09,K_015,2,RUL_BIN=Critical | alloy_speed_meter_minute_BIN=Medium | alloy_type=open | cast_in_row_BIN=Low | crystallizer_movementmm_BIN=Low | num_stream_BIN=Low | resistance_tonn_BIN=Low | steel_temperature_grab1Celsius_BIN=High | steel_type=Arm500 | steel_weighttonn_BIN=High | swing_frequency_amount_minute_BIN=High | temperature_measurement1_Celsius_BIN=Low | temperature_measurement2_Celsius_BIN=Low | water_consumption_BIN=High | water_temperature_deltaCelsius_BIN=High | workpiece_slice_geometry=180x180,30014079 | 30014080,16,2,6,20
2020-03-09,K_015,3,RUL_BIN=Critical | alloy_speed_meter_minute_BIN=Medium | alloy_type=open | cast_in_row_BIN=Low | crystallizer_movementmm_BIN=Low | num_stream_BIN=High | resistance_tonn_BIN=Low | steel_temperature_grab1Celsius_BIN=High | steel_type=Arm500 | steel_weighttonn_BIN=High | swing_frequency_amount_minute_BIN=High | temperature_measurement1_Celsius_BIN=Low | temperature_measurement2_Celsius_BIN=Low | water_consumption_BIN=High | water_temperature_deltaCelsius_BIN=High | workpiece_slice_geometry=180x180,30012905 | 30012913,16,2,6,20
2020-03-09,K_015,4,RUL_BIN=Critical | alloy_speed_meter_minute_BIN=Medium | alloy_type=open | cast_in_row_BIN=Low | crystallizer_movementmm_BIN=Low | num_crystallizer_BIN=Low | resistance_tonn_BIN=Low | steel_temperature_grab1Celsius_BIN=High | steel_type=Arm500 | steel_weighttonn_BIN=High | swing_frequency_amount_minute_BIN=High | temperature_measurement1_Celsius_BIN=Low | temperature_measurement2_Celsius_BIN=Low | water_consumption_BIN=High | water_temperature_deltaCelsius_BIN=High | workpiece_slice_geometry=180x180,30011717 | 30012905 | 30014080,16,3,6,20
2020-03-09,K_015,5,RUL_BIN=Critical | alloy_speed_meter_minute_BIN=Medium | alloy_type=open | cast_in_row_BIN=Low | crystallizer_movementmm_BIN=Low | num_crystallizer_BIN=Low | num_stream_BIN=Medium | resistance_tonn_BIN=Low | steel_temperature_grab1Celsius_BIN=High | steel_type=Arm500 | steel_weighttonn_BIN=High | swing_frequency_amount_minute_BIN=High | temperature_measurement1_Celsius_BIN=Low | temperature_measurement2_Celsius_BIN=Low | water_consumption_BIN=High | water_temperature_deltaCelsius_BIN=High | workpiece_slice_geometry=180x180,30011717,17,1,6,20
2020-03-09,K_015,6,RUL_BIN=Critical | alloy_speed_meter_minute_BIN=Medium | alloy_type=open | cast_in_row_BIN=Low | crystallizer_movementmm_BIN=Low | num_crystallizer_BIN=Low | num_stream_BIN=Low | resistance_tonn_BIN=Low | steel_temperature_grab1Celsius_BIN=High | steel_type=Arm500 | steel_weighttonn_BIN=High | swing_frequency_amount_minute_BIN=High | temperature_measurement1_Celsius_BIN=Low | temperature_measurement2_Celsius_BIN=Low | water_consumption_BIN=High | water_temperature_deltaCelsius_BIN=High | workpiece_slice_geometry=180x180,30014080,17,1,6,20
2020-03-09,K_015,7,RUL_BIN=Critical | alloy_speed_meter_minute_BIN=Medium | alloy_type=open | cast_in_row_BIN=Low | crystallizer_movementmm_BIN=Low | num_crystallizer_BIN=Low | num_stream_BIN=High | resistance_tonn_BIN=Low | steel_temperature_grab1Celsius_BIN=High | steel_type=Arm500 | steel_weighttonn_BIN=High | swing_frequency_amount_minute_BIN=High | temperature_measurement1_Celsius_BIN=Low | temperature_measurement2_Celsius_BIN=Low | water_consumption_BIN=High | water_temperature_deltaCelsius_BIN=High | workpiece_slice_geometry=180x180,30012905,17,1,6,20
2020-03-09,K_015,8,RUL_BIN=Critical | alloy_speed_meter_minute_BIN=Medium | alloy_type=open | cast_in_row_BIN=Low | crystallizer_movementmm_BIN=Low | num_crystallizer_BIN=High | resistance_tonn_BIN=Low | steel_temperature_grab1Celsius_BIN=High | steel_type=Arm500 | steel_weighttonn_BIN=High | swing_frequency_amount_minute_BIN=High | temperature_measurement1_Celsius_BIN=Low | temperature_measurement2_Celsius_BIN=Low | water_consumption_BIN=High | water_temperature_deltaCelsius_BIN=High | workpiece_slice_geometry=180x180,30012909 | 30012913 | 30014079,16,3,6,20
2020-03-09,K_015,9,RUL_BIN=Critical | alloy_speed_meter_minute_BIN=Medium | alloy_type=open | cast_in_row_BIN=Low | crystallizer_movementmm_BIN=Low | num_crystallizer_BIN=High | num_stream_BIN=Medium | resistance_tonn_BIN=Low | steel_temperature_grab1Celsius_BIN=High | steel_type=Arm500 | steel_weighttonn_BIN=High | swing_frequency_amount_minute_BIN=High | temperature_measurement1_Celsius_BIN=Low | temperature_measurement2_Celsius_BIN=Low | water_consumption_BIN=High | water_temperature_deltaCelsius_BIN=High | workpiece_slice_geometry=180x180,30012909,17,1,6,20
2020-03-09,K_015,10,RUL_BIN=Critical | alloy_speed_meter_minute_BIN=Medium | alloy_type=open | cast_in_row_BIN=Low | crystallizer_movementmm_BIN=Low | num_crystallizer_BIN=High | num_stream_BIN=Low | resistance_tonn_BIN=Low | steel_temperature_grab1Celsius_BIN=High | steel_type=Arm500 | steel_weighttonn_BIN=High | swing_frequency_amount_minute_BIN=High | temperature_measurement1_Celsius_BIN=Low | temperature_measurement2_Celsius_BIN=Low | water_consumption_BIN=High | water_temperature_deltaCelsius_BIN=High | workpiece_slice_geometry=180x180,30014079,17,1,6,20
2020-03-09,K_015,11,RUL_BIN=Critical | alloy_speed_meter_minute_BIN=Medium | alloy_type=open | cast_in_row_BIN=Low | crystallizer_movementmm_BIN=Low | num_crystallizer_BIN=High | num_stream_BIN=High | resistance_tonn_BIN=Low | steel_temperature_grab1Celsius_BIN=High | steel_type=Arm500 | steel_weighttonn_BIN=High | swing_frequency_amount_minute_BIN=High | temperature_measurement1_Celsius_BIN=Low | temperature_measurement2_Celsius_BIN=Low | water_consumption_BIN=High | water_temperature_deltaCelsius_BIN=High | workpiece_slice_geometry=180x180,30012913,17,1,6,20
2020-03-09,K_015,12,RUL_BIN=Critical | alloy_speed_meter_minute_BIN=Medium | alloy_type=open | cast_in_row_BIN=Low | crystallizer_movementmm_BIN=Low | num_crystallizer_BIN=High | num_crystallizer_BIN=Low | num_stream_BIN=High | num_stream_BIN=Low | num_stream_BIN=Medium | resistance_tonn_BIN=Low | steel_temperature_grab1Celsius_BIN=High | steel_type=Arm500 | steel_weighttonn_BIN=High | swing_frequency_amount_minute_BIN=High | temperature_measurement1_Celsius_BIN=Low | temperature_measurement2_Celsius_BIN=Low | water_consumption_BIN=High | water_temperature_deltaCelsius_BIN=High | workpiece_slice_geometry=180x180,,20,0,6,20
2020-04-07,K_016,0,RUL_BIN=Healthy | alloy_speed_meter_minute_BIN=Medium | alloy_type=open | cast_in_row_BIN=Medium | crystallizer_movementmm_BIN=Low | resistance_tonn_BIN=Low | steel_temperature_grab1Celsius_BIN=High | steel_type=Arm500 | steel_weighttonn_BIN=High | swing_frequency_amount_minute_BIN=High | temperature_measurement1_Celsius_BIN=Low | temperature_measurement2_Celsius_BIN=Low | water_consumption_BIN=High | water_temperature_deltaCelsius_BIN=High | workpiece_slice_geometry=180x180,30014077 | 30014082 | 30014083 | 30014084 | 30014085,15,5,5,20
2020-04-07,K_016,1,RUL_BIN=Healthy | alloy_speed_meter_minute_BIN=Medium | alloy_type=open | cast_in_row_BIN=Medium | crystallizer_movementmm_BIN=Low | num_stream_BIN=Medium | resistance_tonn_BIN=Low | steel_temperature_grab1Celsius_BIN=High | steel_type=Arm500 | steel_weighttonn_BIN=High | swing_frequency_amount_minute_BIN=High | temperature_measurement1_Celsius_BIN=Low | temperature_measurement2_Celsius_BIN=Low | water_consumption_BIN=High | water_temperature_deltaCelsius_BIN=High | workpiece_slice_geometry=180x180,30014083 | 30014085,16,2,5,20
2020-04-07,K_016,2,RUL_BIN=Healthy | alloy_speed_meter_minute_BIN=Medium | alloy_type=open | cast_in_row_BIN=Medium | crystallizer_movementmm_BIN=Low | num_crystallizer_BIN=Low | num_stream_BIN=Medium | resistance_tonn_BIN=Low | steel_temperature_grab1Celsius_BIN=High | steel_type=Arm500 | steel_weighttonn_BIN=High | swing_frequency_amount_minute_BIN=High | temperature_measurement1_Celsius_BIN=Low | temperature_measurement2_Celsius_BIN=Low | water_consumption_BIN=High | water_temperature_deltaCelsius_BIN=High | workpiece_slice_geometry=180x180,30014085,17,1,5,20
2020-04-07,K_016,3,RUL_BIN=Healthy | alloy_speed_meter_minute_BIN=Medium | alloy_type=open | cast_in_row_BIN=Medium | crystallizer_movementmm_BIN=Low | num_crystallizer_BIN=High | resistance_tonn_BIN=Low | steel_temperature_grab1Celsius_BIN=High | steel_type=Arm500 | steel_weighttonn_BIN=High | swing_frequency_amount_minute_BIN=High | temperature_measurement1_Celsius_BIN=Low | temperature_measurement2_Celsius_BIN=Low | water_consumption_BIN=High | water_temperature_deltaCelsius_BIN=High | workpiece_slice_geometry=180x180,30014077 | 30014082 | 30014083 | 30014084,16,4,5,20
2020-04-07,K_016,4,RUL_BIN=Healthy | alloy_speed_meter_minute_BIN=Medium | alloy_type=open | cast_in_row_BIN=Medium | crystallizer_movementmm_BIN=Low | num_crystallizer_BIN=High | num_stream_BIN=Medium | resistance_tonn_BIN=Low | steel_temperature_grab1Celsius_BIN=High | steel_type=Arm500 | steel_weighttonn_BIN=High | swing_frequency_amount_minute_BIN=High | temperature_measurement1_Celsius_BIN=Low | temperature_measurement2_Celsius_BIN=Low | water_consumption_BIN=High | water_temperature_deltaCelsius_BIN=High | workpiece_slice_geometry=180x180,30014083,17,1,5,20
2020-04-07,K_016,5,RUL_BIN=Healthy | alloy_speed_meter_minute_BIN=Medium | alloy_type=open | cast_in_row_BIN=Medium | crystallizer_movementmm_BIN=Low | num_crystallizer_BIN=High | num_stream_BIN=Low | resistance_tonn_BIN=Low | steel_temperature_grab1Celsius_BIN=High | steel_type=Arm500 | steel_weighttonn_BIN=High | swing_frequency_amount_minute_BIN=High | temperature_measurement1_Celsius_BIN=Low | temperature_measurement2_Celsius_BIN=Low | water_consumption_BIN=High | water_temperature_deltaCelsius_BIN=High | workpiece_slice_geometry=180x180,30014077,17,1,5,20
2020-04-07,K_016,6,RUL_BIN=Healthy | alloy_speed_meter_minute_BIN=Medium | alloy_type=open | cast_in_row_BIN=Medium | crystallizer_movementmm_BIN=Low | num_crystallizer_BIN=High | num_stream_BIN=High | resistance_tonn_BIN=Low | steel_temperature_grab1Celsius_BIN=High | steel_type=Arm500 | steel_weighttonn_BIN=High | swing_frequency_amount_minute_BIN=High | temperature_measurement1_Celsius_BIN=Low | temperature_measurement2_Celsius_BIN=Low | water_consumption_BIN=High | water_temperature_deltaCelsius_BIN=High | workpiece_slice_geometry=180x180,30014082 | 30014084,17,2,5,20
2020-04-07,K_016,7,RUL_BIN=Healthy | alloy_speed_meter_minute_BIN=Medium | alloy_type=open | cast_in_row_BIN=Medium | crystallizer_movementmm_BIN=Low | num_crystallizer_BIN=High | num_crystallizer_BIN=Low | num_stream_BIN=High | num_stream_BIN=Low | num_stream_BIN=Medium | resistance_tonn_BIN=Low | steel_temperature_grab1Celsius_BIN=High | steel_type=Arm500 | steel_weighttonn_BIN=High | swing_frequency_amount_minute_BIN=High | temperature_measurement1_Celsius_BIN=Low | temperature_measurement2_Celsius_BIN=Low | water_consumption_BIN=High | water_temperature_deltaCelsius_BIN=High | workpiece_slice_geometry=180x180,,20,0,5,20
2020-04-08,K_017,0,alloy_speed_meter_minute_BIN=Medium | alloy_type=open | crystallizer_movementmm_BIN=Low | resistance_tonn_BIN=Low | steel_temperature_grab1Celsius_BIN=High | steel_type=Arm500 | steel_weighttonn_BIN=Medium | swing_frequency_amount_minute_BIN=High | temperature_measurement1_Celsius_BIN=Low | temperature_measurement2_Celsius_BIN=Low | water_consumption_BIN=High | water_temperature_deltaCelsius_BIN=High | workpiece_slice_geometry=180x180,30012264 | 30014077 | 30014082 | 30014083 | 30014084 | 30014085,13,6,6,22
2020-04-08,K_017,1,alloy_speed_meter_minute_BIN=Medium | alloy_type=open | crystallizer_movementmm_BIN=Low | num_crystallizer_BIN=High | resistance_tonn_BIN=Low | steel_temperature_grab1Celsius_BIN=High | steel_type=Arm500 | steel_weighttonn_BIN=Medium | swing_frequency_amount_minute_BIN=High | temperature_measurement1_Celsius_BIN=Low | temperature_measurement2_Celsius_BIN=Low | water_consumption_BIN=High | water_temperature_deltaCelsius_BIN=High | workpiece_slice_geometry=180x180,30012264 | 30014077 | 30014082 | 30014083 | 30014084,14,5,6,22
2020-04-08,K_017,2,alloy_speed_meter_minute_BIN=Medium | alloy_type=open | crystallizer_movementmm_BIN=Low | num_crystallizer_BIN=High | num_stream_BIN=Low | resistance_tonn_BIN=Low | steel_temperature_grab1Celsius_BIN=High | steel_type=Arm500 | steel_weighttonn_BIN=Medium | swing_frequency_amount_minute_BIN=High | temperature_measurement1_Celsius_BIN=Low | temperature_measurement2_Celsius_BIN=Low | water_consumption_BIN=High | water_temperature_deltaCelsius_BIN=High | workpiece_slice_geometry=180x180,30012264 | 30014077,15,2,6,22
2020-04-08,K_017,3,RUL_BIN=Low | alloy_speed_meter_minute_BIN=Medium | alloy_type=open | cast_in_row_BIN=High | crystallizer_movementmm_BIN=Low | resistance_tonn_BIN=Low | steel_temperature_grab1Celsius_BIN=High | steel_type=Arm500 | steel_weighttonn_BIN=Medium | swing_frequency_amount_minute_BIN=High | temperature_measurement1_Celsius_BIN=Low | temperature_measurement2_Celsius_BIN=Low | water_consumption_BIN=High | water_temperature_deltaCelsius_BIN=High | workpiece_slice_geometry=180x180,30014077 | 30014082 | 30014083 | 30014084 | 30014085,15,5,6,22
2020-04-08,K_017,4,RUL_BIN=Low | alloy_speed_meter_minute_BIN=Medium | alloy_type=open | cast_in_row_BIN=High | crystallizer_movementmm_BIN=Low | num_stream_BIN=Medium | resistance_tonn_BIN=Low | steel_temperature_grab1Celsius_BIN=High | steel_type=Arm500 | steel_weighttonn_BIN=Medium | swing_frequency_amount_minute_BIN=High | temperature_measurement1_Celsius_BIN=Low | temperature_measurement2_Celsius_BIN=Low | water_consumption_BIN=High | water_temperature_deltaCelsius_BIN=High | workpiece_slice_geometry=180x180,30014083 | 30014085,16,2,6,22
2020-04-08,K_017,5,RUL_BIN=Low | alloy_speed_meter_minute_BIN=Medium | alloy_type=open | cast_in_row_BIN=High | crystallizer_movementmm_BIN=Low | num_crystallizer_BIN=Low | num_stream_BIN=Medium | resistance_tonn_BIN=Low | steel_temperature_grab1Celsius_BIN=High | steel_type=Arm500 | steel_weighttonn_BIN=Medium | swing_frequency_amount_minute_BIN=High | temperature_measurement1_Celsius_BIN=Low | temperature_measurement2_Celsius_BIN=Low | water_consumption_BIN=High | water_temperature_deltaCelsius_BIN=High | workpiece_slice_geometry=180x180,30014085,17,1,6,22
2020-04-08,K_017,6,RUL_BIN=Low | alloy_speed_meter_minute_BIN=Medium | alloy_type=open | cast_in_row_BIN=High | crystallizer_movementmm_BIN=Low | num_crystallizer_BIN=High | resistance_tonn_BIN=Low | steel_temperature_grab1Celsius_BIN=High | steel_type=Arm500 | steel_weighttonn_BIN=Medium | swing_frequency_amount_minute_BIN=High | temperature_measurement1_Celsius_BIN=Low | temperature_measurement2_Celsius_BIN=Low | water_consumption_BIN=High | water_temperature_deltaCelsius_BIN=High | workpiece_slice_geometry=180x180,30014077 | 30014082 | 30014083 | 30014084,16,4,6,22
2020-04-08,K_017,7,RUL_BIN=Low | alloy_speed_meter_minute_BIN=Medium | alloy_type=open | cast_in_row_BIN=High | crystallizer_movementmm_BIN=Low | num_crystallizer_BIN=High | num_stream_BIN=Medium | resistance_tonn_BIN=Low | steel_temperature_grab1Celsius_BIN=High | steel_type=Arm500 | steel_weighttonn_BIN=Medium | swing_frequency_amount_minute_BIN=High | temperature_measurement1_Celsius_BIN=Low | temperature_measurement2_Celsius_BIN=Low | water_consumption_BIN=High | water_temperature_deltaCelsius_BIN=High | workpiece_slice_geometry=180x180,30014083,17,1,6,22
2020-04-08,K_017,8,RUL_BIN=Low | alloy_speed_meter_minute_BIN=Medium | alloy_type=open | cast_in_row_BIN=High | crystallizer_movementmm_BIN=Low | num_crystallizer_BIN=High | num_stream_BIN=Low | resistance_tonn_BIN=Low | steel_temperature_grab1Celsius_BIN=High | steel_type=Arm500 | steel_weighttonn_BIN=Medium | swing_frequency_amount_minute_BIN=High | temperature_measurement1_Celsius_BIN=Low | temperature_measurement2_Celsius_BIN=Low | water_consumption_BIN=High | water_temperature_deltaCelsius_BIN=High | workpiece_slice_geometry=180x180,30014077,17,1,6,22
2020-04-08,K_017,9,RUL_BIN=Low | alloy_speed_meter_minute_BIN=Medium | alloy_type=open | cast_in_row_BIN=High | crystallizer_movementmm_BIN=Low | num_crystallizer_BIN=High | num_stream_BIN=High | resistance_tonn_BIN=Low | steel_temperature_grab1Celsius_BIN=High | steel_type=Arm500 | steel_weighttonn_BIN=Medium | swing_frequency_amount_minute_BIN=High | temperature_measurement1_Celsius_BIN=Low | temperature_measurement2_Celsius_BIN=Low | water_consumption_BIN=High | water_temperature_deltaCelsius_BIN=High | workpiece_slice_geometry=180x180,30014082 | 30014084,17,2,6,22
2020-04-08,K_017,10,RUL_BIN=Critical | alloy_speed_meter_minute_BIN=Medium | alloy_type=open | cast_in_row_BIN=Low | crystallizer_movementmm_BIN=Low | num_crystallizer_BIN=High | num_stream_BIN=Low | resistance_tonn_BIN=Low | steel_temperature_grab1Celsius_BIN=High | steel_type=Arm500 | steel_weighttonn_BIN=Medium | swing_frequency_amount_minute_BIN=High | temperature_measurement1_Celsius_BIN=Low | temperature_measurement2_Celsius_BIN=Low | water_consumption_BIN=High | water_temperature_deltaCelsius_BIN=High | workpiece_slice_geometry=180x180,30012264,17,1,6,22
2020-04-08,K_017,11,RUL_BIN=Critical | RUL_BIN=Low | alloy_speed_meter_minute_BIN=Medium | alloy_type=open | cast_in_row_BIN=High | cast_in_row_BIN=Low | crystallizer_movementmm_BIN=Low | num_crystallizer_BIN=High | num_crystallizer_BIN=Low | num_stream_BIN=High | num_stream_BIN=Low | num_stream_BIN=Medium | resistance_tonn_BIN=Low | steel_temperature_grab1Celsius_BIN=High | steel_type=Arm500 | steel_weighttonn_BIN=Medium | swing_frequency_amount_minute_BIN=High | temperature_measurement1_Celsius_BIN=Low | temperature_measurement2_Celsius_BIN=Low | water_consumption_BIN=High | water_temperature_deltaCelsius_BIN=High | workpiece_slice_geometry=180x180,,22,0,6,22
2020-04-09,K_018,0,RUL_BIN=Critical | alloy_speed_meter_minute_BIN=Medium | alloy_type=open | cast_in_row_BIN=Medium | crystallizer_movementmm_BIN=Low | resistance_tonn_BIN=Low | steel_temperature_grab1Celsius_BIN=High | steel_type=Arm500 | steel_weighttonn_BIN=Medium | swing_frequency_amount_minute_BIN=High | temperature_measurement1_Celsius_BIN=Low | temperature_measurement2_Celsius_BIN=Low | water_consumption_BIN=High | water_temperature_deltaCelsius_BIN=High | workpiece_slice_geometry=180x180,30014077 | 30014082 | 30014083 | 30014084 | 30014085,15,5,5,20
2020-04-09,K_018,1,RUL_BIN=Critical | alloy_speed_meter_minute_BIN=Medium | alloy_type=open | cast_in_row_BIN=Medium | crystallizer_movementmm_BIN=Low | num_stream_BIN=Medium | resistance_tonn_BIN=Low | steel_temperature_grab1Celsius_BIN=High | steel_type=Arm500 | steel_weighttonn_BIN=Medium | swing_frequency_amount_minute_BIN=High | temperature_measurement1_Celsius_BIN=Low | temperature_measurement2_Celsius_BIN=Low | water_consumption_BIN=High | water_temperature_deltaCelsius_BIN=High | workpiece_slice_geometry=180x180,30014083 | 30014085,16,2,5,20
2020-04-09,K_018,2,RUL_BIN=Critical | alloy_speed_meter_minute_BIN=Medium | alloy_type=open | cast_in_row_BIN=Medium | crystallizer_movementmm_BIN=Low | num_crystallizer_BIN=Low | num_stream_BIN=Medium | resistance_tonn_BIN=Low | steel_temperature_grab1Celsius_BIN=High | steel_type=Arm500 | steel_weighttonn_BIN=Medium | swing_frequency_amount_minute_BIN=High | temperature_measurement1_Celsius_BIN=Low | temperature_measurement2_Celsius_BIN=Low | water_consumption_BIN=High | water_temperature_deltaCelsius_BIN=High | workpiece_slice_geometry=180x180,30014085,17,1,5,20
2020-04-09,K_018,3,RUL_BIN=Critical | alloy_speed_meter_minute_BIN=Medium | alloy_type=open | cast_in_row_BIN=Medium | crystallizer_movementmm_BIN=Low | num_crystallizer_BIN=High | resistance_tonn_BIN=Low | steel_temperature_grab1Celsius_BIN=High | steel_type=Arm500 | steel_weighttonn_BIN=Medium | swing_frequency_amount_minute_BIN=High | temperature_measurement1_Celsius_BIN=Low | temperature_measurement2_Celsius_BIN=Low | water_consumption_BIN=High | water_temperature_deltaCelsius_BIN=High | workpiece_slice_geometry=180x180,30014077 | 30014082 | 30014083 | 30014084,16,4,5,20
2020-04-09,K_018,4,RUL_BIN=Critical | alloy_speed_meter_minute_BIN=Medium | alloy_type=open | cast_in_row_BIN=Medium | crystallizer_movementmm_BIN=Low | num_crystallizer_BIN=High | num_stream_BIN=Medium | resistance_tonn_BIN=Low | steel_temperature_grab1Celsius_BIN=High | steel_type=Arm500 | steel_weighttonn_BIN=Medium | swing_frequency_amount_minute_BIN=High | temperature_measurement1_Celsius_BIN=Low | temperature_measurement2_Celsius_BIN=Low | water_consumption_BIN=High | water_temperature_deltaCelsius_BIN=High | workpiece_slice_geometry=180x180,30014083,17,1,5,20
2020-04-09,K_018,5,RUL_BIN=Critical | alloy_speed_meter_minute_BIN=Medium | alloy_type=open | cast_in_row_BIN=Medium | crystallizer_movementmm_BIN=Low | num_crystallizer_BIN=High | num_stream_BIN=Low | resistance_tonn_BIN=Low | steel_temperature_grab1Celsius_BIN=High | steel_type=Arm500 | steel_weighttonn_BIN=Medium | swing_frequency_amount_minute_BIN=High | temperature_measurement1_Celsius_BIN=Low | temperature_measurement2_Celsius_BIN=Low | water_consumption_BIN=High | water_temperature_deltaCelsius_BIN=High | workpiece_slice_geometry=180x180,30014077,17,1,5,20
2020-04-09,K_018,6,RUL_BIN=Critical | alloy_speed_meter_minute_BIN=Medium | alloy_type=open | cast_in_row_BIN=Medium | crystallizer_movementmm_BIN=Low | num_crystallizer_BIN=High | num_stream_BIN=High | resistance_tonn_BIN=Low | steel_temperature_grab1Celsius_BIN=High | steel_type=Arm500 | steel_weighttonn_BIN=Medium | swing_frequency_amount_minute_BIN=High | temperature_measurement1_Celsius_BIN=Low | temperature_measurement2_Celsius_BIN=Low | water_consumption_BIN=High | water_temperature_deltaCelsius_BIN=High | workpiece_slice_geometry=180x180,30014082 | 30014084,17,2,5,20
2020-04-09,K_018,7,RUL_BIN=Critical | alloy_speed_meter_minute_BIN=Medium | alloy_type=open | cast_in_row_BIN=Medium | crystallizer_movementmm_BIN=Low | num_crystallizer_BIN=High | num_crystallizer_BIN=Low | num_stream_BIN=High | num_stream_BIN=Low | num_stream_BIN=Medium | resistance_tonn_BIN=Low | steel_temperature_grab1Celsius_BIN=High | steel_type=Arm500 | steel_weighttonn_BIN=Medium | swing_frequency_amount_minute_BIN=High | temperature_measurement1_Celsius_BIN=Low | temperature_measurement2_Celsius_BIN=Low | water_consumption_BIN=High | water_temperature_deltaCelsius_BIN=High | workpiece_slice_geometry=180x180,,20,0,5,20
2020-05-05,K_019,0,RUL_BIN=Healthy | alloy_speed_meter_minute_BIN=High | alloy_type=open | cast_in_row_BIN=Low | crystallizer_movementmm_BIN=High | resistance_tonn_BIN=Low | steel_temperature_grab1Celsius_BIN=High | steel_type=St3sp | steel_weighttonn_BIN=High | swing_frequency_amount_minute_BIN=Medium | temperature_measurement1_Celsius_BIN=Low | temperature_measurement2_Celsius_BIN=Low | water_consumption_BIN=High | water_temperature_deltaCelsius_BIN=High | workpiece_slice_geometry=150x150,30014183 | 30014184 | 30014185 | 30014186 | 30014187,15,5,5,20
2020-05-05,K_019,1,RUL_BIN=Healthy | alloy_speed_meter_minute_BIN=High | alloy_type=open | cast_in_row_BIN=Low | crystallizer_movementmm_BIN=High | num_stream_BIN=Low | resistance_tonn_BIN=Low | steel_temperature_grab1Celsius_BIN=High | steel_type=St3sp | steel_weighttonn_BIN=High | swing_frequency_amount_minute_BIN=Medium | temperature_measurement1_Celsius_BIN=Low | temperature_measurement2_Celsius_BIN=Low | water_consumption_BIN=High | water_temperature_deltaCelsius_BIN=High | workpiece_slice_geometry=150x150,30014184 | 30014186,16,2,5,20
2020-05-05,K_019,2,RUL_BIN=Healthy | alloy_speed_meter_minute_BIN=High | alloy_type=open | cast_in_row_BIN=Low | crystallizer_movementmm_BIN=High | num_crystallizer_BIN=Low | resistance_tonn_BIN=Low | steel_temperature_grab1Celsius_BIN=High | steel_type=St3sp | steel_weighttonn_BIN=High | swing_frequency_amount_minute_BIN=Medium | temperature_measurement1_Celsius_BIN=Low | temperature_measurement2_Celsius_BIN=Low | water_consumption_BIN=High | water_temperature_deltaCelsius_BIN=High | workpiece_slice_geometry=150x150,30014185 | 30014186,16,2,5,20
2020-05-05,K_019,3,RUL_BIN=Healthy | alloy_speed_meter_minute_BIN=High | alloy_type=open | cast_in_row_BIN=Low | crystallizer_movementmm_BIN=High | num_crystallizer_BIN=Low | num_stream_BIN=Low | resistance_tonn_BIN=Low | steel_temperature_grab1Celsius_BIN=High | steel_type=St3sp | steel_weighttonn_BIN=High | swing_frequency_amount_minute_BIN=Medium | temperature_measurement1_Celsius_BIN=Low | temperature_measurement2_Celsius_BIN=Low | water_consumption_BIN=High | water_temperature_deltaCelsius_BIN=High | workpiece_slice_geometry=150x150,30014186,17,1,5,20
2020-05-05,K_019,4,RUL_BIN=Healthy | alloy_speed_meter_minute_BIN=High | alloy_type=open | cast_in_row_BIN=Low | crystallizer_movementmm_BIN=High | num_crystallizer_BIN=Low | num_stream_BIN=High | resistance_tonn_BIN=Low | steel_temperature_grab1Celsius_BIN=High | steel_type=St3sp | steel_weighttonn_BIN=High | swing_frequency_amount_minute_BIN=Medium | temperature_measurement1_Celsius_BIN=Low | temperature_measurement2_Celsius_BIN=Low | water_consumption_BIN=High | water_temperature_deltaCelsius_BIN=High | workpiece_slice_geometry=150x150,30014185,17,1,5,20
2020-05-05,K_019,5,RUL_BIN=Healthy | alloy_speed_meter_minute_BIN=High | alloy_type=open | cast_in_row_BIN=Low | crystallizer_movementmm_BIN=High | num_crystallizer_BIN=High | resistance_tonn_BIN=Low | steel_temperature_grab1Celsius_BIN=High | steel_type=St3sp | steel_weighttonn_BIN=High | swing_frequency_amount_minute_BIN=Medium | temperature_measurement1_Celsius_BIN=Low | temperature_measurement2_Celsius_BIN=Low | water_consumption_BIN=High | water_temperature_deltaCelsius_BIN=High | workpiece_slice_geometry=150x150,30014183 | 30014184 | 30014187,16,3,5,20
2020-05-05,K_019,6,RUL_BIN=Healthy | alloy_speed_meter_minute_BIN=High | alloy_type=open | cast_in_row_BIN=Low | crystallizer_movementmm_BIN=High | num_crystallizer_BIN=High | num_stream_BIN=Medium | resistance_tonn_BIN=Low | steel_temperature_grab1Celsius_BIN=High | steel_type=St3sp | steel_weighttonn_BIN=High | swing_frequency_amount_minute_BIN=Medium | temperature_measurement1_Celsius_BIN=Low | temperature_measurement2_Celsius_BIN=Low | water_consumption_BIN=High | water_temperature_deltaCelsius_BIN=High | workpiece_slice_geometry=150x150,30014183 | 30014187,17,2,5,20
2020-05-05,K_019,7,RUL_BIN=Healthy | alloy_speed_meter_minute_BIN=High | alloy_type=open | cast_in_row_BIN=Low | crystallizer_movementmm_BIN=High | num_crystallizer_BIN=High | num_stream_BIN=Low | resistance_tonn_BIN=Low | steel_temperature_grab1Celsius_BIN=High | steel_type=St3sp | steel_weighttonn_BIN=High | swing_frequency_amount_minute_BIN=Medium | temperature_measurement1_Celsius_BIN=Low | temperature_measurement2_Celsius_BIN=Low | water_consumption_BIN=High | water_temperature_deltaCelsius_BIN=High | workpiece_slice_geometry=150x150,30014184,17,1,5,20
2020-05-05,K_019,8,RUL_BIN=Healthy | alloy_speed_meter_minute_BIN=High | alloy_type=open | cast_in_row_BIN=Low | crystallizer_movementmm_BIN=High | num_crystallizer_BIN=High | num_crystallizer_BIN=Low | num_stream_BIN=High | num_stream_BIN=Low | num_stream_BIN=Medium | resistance_tonn_BIN=Low | steel_temperature_grab1Celsius_BIN=High | steel_type=St3sp | steel_weighttonn_BIN=High | swing_frequency_amount_minute_BIN=Medium | temperature_measurement1_Celsius_BIN=Low | temperature_measurement2_Celsius_BIN=Low | water_consumption_BIN=High | water_temperature_deltaCelsius_BIN=High | workpiece_slice_geometry=150x150,,20,0,5,20
2020-05-07,K_020,0,alloy_speed_meter_minute_BIN=Medium | alloy_type=open | cast_in_row_BIN=Low | crystallizer_movementmm_BIN=High | resistance_tonn_BIN=Low | steel_temperature_grab1Celsius_BIN=High | steel_type=Arm500 | swing_frequency_amount_minute_BIN=High | temperature_measurement1_Celsius_BIN=Low | temperature_measurement2_Celsius_BIN=Low | water_consumption_BIN=High | water_temperature_deltaCelsius_BIN=High | workpiece_slice_geometry=180x180,30014183 | 30014184 | 30014185 | 30014186 | 30014187 | 30014189,13,6,6,23
2020-05-07,K_020,1,alloy_speed_meter_minute_BIN=Medium | alloy_type=open | cast_in_row_BIN=Low | crystallizer_movementmm_BIN=High | num_stream_BIN=High | resistance_tonn_BIN=Low | steel_temperature_grab1Celsius_BIN=High | steel_type=Arm500 | swing_frequency_amount_minute_BIN=High | temperature_measurement1_Celsius_BIN=Low | temperature_measurement2_Celsius_BIN=Low | water_consumption_BIN=High | water_temperature_deltaCelsius_BIN=High | workpiece_slice_geometry=180x180,30014185 | 30014189,14,2,6,23
2020-05-07,K_020,2,alloy_speed_meter_minute_BIN=Medium | alloy_type=open | cast_in_row_BIN=Low | crystallizer_movementmm_BIN=High | num_crystallizer_BIN=High | resistance_tonn_BIN=Low | steel_temperature_grab1Celsius_BIN=High | steel_type=Arm500 | swing_frequency_amount_minute_BIN=High | temperature_measurement1_Celsius_BIN=Low | temperature_measurement2_Celsius_BIN=Low | water_consumption_BIN=High | water_temperature_deltaCelsius_BIN=High | workpiece_slice_geometry=180x180,30014183 | 30014184 | 30014187 | 30014189,14,4,6,23
2020-05-07,K_020,3,alloy_speed_meter_minute_BIN=Medium | alloy_type=open | cast_in_row_BIN=Low | crystallizer_movementmm_BIN=High | resistance_tonn_BIN=Low | steel_temperature_grab1Celsius_BIN=High | steel_type=Arm500 | steel_weighttonn_BIN=High | swing_frequency_amount_minute_BIN=High | temperature_measurement1_Celsius_BIN=Low | temperature_measurement2_Celsius_BIN=Low | water_consumption_BIN=High | water_temperature_deltaCelsius_BIN=High | workpiece_slice_geometry=180x180,30014183 | 30014184 | 30014185 | 30014186 | 30014187,14,5,6,23
2020-05-07,K_020,4,alloy_speed_meter_minute_BIN=Medium | alloy_type=open | cast_in_row_BIN=Low | crystallizer_movementmm_BIN=High | num_crystallizer_BIN=High | resistance_tonn_BIN=Low | steel_temperature_grab1Celsius_BIN=High | steel_type=Arm500 | steel_weighttonn_BIN=High | swing_frequency_amount_minute_BIN=High | temperature_measurement1_Celsius_BIN=Low | temperature_measurement2_Celsius_BIN=Low | water_consumption_BIN=High | water_temperature_deltaCelsius_BIN=High | workpiece_slice_geometry=180x180,30014183 | 30014184 | 30014187,15,3,6,23
2020-05-07,K_020,5,alloy_speed_meter_minute_BIN=Medium | alloy_type=open | cast_in_row_BIN=Low | crystallizer_movementmm_BIN=High | num_crystallizer_BIN=High | num_stream_BIN=Medium | resistance_tonn_BIN=Low | steel_temperature_grab1Celsius_BIN=High | steel_type=Arm500 | steel_weighttonn_BIN=High | swing_frequency_amount_minute_BIN=High | temperature_measurement1_Celsius_BIN=Low | temperature_measurement2_Celsius_BIN=Low | water_consumption_BIN=High | water_temperature_deltaCelsius_BIN=High | workpiece_slice_geometry=180x180,30014183 | 30014187,16,2,6,23
2020-05-07,K_020,6,RUL_BIN=Medium | alloy_speed_meter_minute_BIN=Medium | alloy_type=open | cast_in_row_BIN=Low | crystallizer_movementmm_BIN=High | resistance_tonn_BIN=Low | steel_temperature_grab1Celsius_BIN=High | steel_type=Arm500 | steel_weighttonn_BIN=High | swing_frequency_amount_minute_BIN=High | temperature_measurement1_Celsius_BIN=Low | temperature_measurement2_Celsius_BIN=Low | water_consumption_BIN=High | water_temperature_deltaCelsius_BIN=High | workpiece_slice_geometry=180x180,30014183 | 30014184 | 30014185 | 30014186,15,4,6,23
2020-05-07,K_020,7,RUL_BIN=Medium | alloy_speed_meter_minute_BIN=Medium | alloy_type=open | cast_in_row_BIN=Low | crystallizer_movementmm_BIN=High | num_stream_BIN=Low | resistance_tonn_BIN=Low | steel_temperature_grab1Celsius_BIN=High | steel_type=Arm500 | steel_weighttonn_BIN=High | swing_frequency_amount_minute_BIN=High | temperature_measurement1_Celsius_BIN=Low | temperature_measurement2_Celsius_BIN=Low | water_consumption_BIN=High | water_temperature_deltaCelsius_BIN=High | workpiece_slice_geometry=180x180,30014184 | 30014186,16,2,6,23
2020-05-07,K_020,8,RUL_BIN=Medium | alloy_speed_meter_minute_BIN=Medium | alloy_type=open | cast_in_row_BIN=Low | crystallizer_movementmm_BIN=High | num_crystallizer_BIN=Low | resistance_tonn_BIN=Low | steel_temperature_grab1Celsius_BIN=High | steel_type=Arm500 | steel_weighttonn_BIN=High | swing_frequency_amount_minute_BIN=High | temperature_measurement1_Celsius_BIN=Low | temperature_measurement2_Celsius_BIN=Low | water_consumption_BIN=High | water_temperature_deltaCelsius_BIN=High | workpiece_slice_geometry=180x180,30014185 | 30014186,16,2,6,23
2020-05-07,K_020,9,RUL_BIN=Medium | alloy_speed_meter_minute_BIN=Medium | alloy_type=open | cast_in_row_BIN=Low | crystallizer_movementmm_BIN=High | num_crystallizer_BIN=Low | num_stream_BIN=Low | resistance_tonn_BIN=Low | steel_temperature_grab1Celsius_BIN=High | steel_type=Arm500 | steel_weighttonn_BIN=High | swing_frequency_amount_minute_BIN=High | temperature_measurement1_Celsius_BIN=Low | temperature_measurement2_Celsius_BIN=Low | water_consumption_BIN=High | water_temperature_deltaCelsius_BIN=High | workpiece_slice_geometry=180x180,30014186,17,1,6,23
2020-05-07,K_020,10,RUL_BIN=Medium | alloy_speed_meter_minute_BIN=Medium | alloy_type=open | cast_in_row_BIN=Low | crystallizer_movementmm_BIN=High | num_crystallizer_BIN=Low | num_stream_BIN=High | resistance_tonn_BIN=Low | steel_temperature_grab1Celsius_BIN=High | steel_type=Arm500 | steel_weighttonn_BIN=High | swing_frequency_amount_minute_BIN=High | temperature_measurement1_Celsius_BIN=Low | temperature_measurement2_Celsius_BIN=Low | water_consumption_BIN=High | water_temperature_deltaCelsius_BIN=High | workpiece_slice_geometry=180x180,30014185,17,1,6,23
2020-05-07,K_020,11,RUL_BIN=Medium | alloy_speed_meter_minute_BIN=Medium | alloy_type=open | cast_in_row_BIN=Low | crystallizer_movementmm_BIN=High | num_crystallizer_BIN=High | resistance_tonn_BIN=Low | steel_temperature_grab1Celsius_BIN=High | steel_type=Arm500 | steel_weighttonn_BIN=High | swing_frequency_amount_minute_BIN=High | temperature_measurement1_Celsius_BIN=Low | temperature_measurement2_Celsius_BIN=Low | water_consumption_BIN=High | water_temperature_deltaCelsius_BIN=High | workpiece_slice_geometry=180x180,30014183 | 30014184,16,2,6,23
2020-05-07,K_020,12,RUL_BIN=Medium | alloy_speed_meter_minute_BIN=Medium | alloy_type=open | cast_in_row_BIN=Low | crystallizer_movementmm_BIN=High | num_crystallizer_BIN=High | num_stream_BIN=Medium | resistance_tonn_BIN=Low | steel_temperature_grab1Celsius_BIN=High | steel_type=Arm500 | steel_weighttonn_BIN=High | swing_frequency_amount_minute_BIN=High | temperature_measurement1_Celsius_BIN=Low | temperature_measurement2_Celsius_BIN=Low | water_consumption_BIN=High | water_temperature_deltaCelsius_BIN=High | workpiece_slice_geometry=180x180,30014183,17,1,6,23
2020-05-07,K_020,13,RUL_BIN=Medium | alloy_speed_meter_minute_BIN=Medium | alloy_type=open | cast_in_row_BIN=Low | crystallizer_movementmm_BIN=High | num_crystallizer_BIN=High | num_stream_BIN=Low | resistance_tonn_BIN=Low | steel_temperature_grab1Celsius_BIN=High | steel_type=Arm500 | steel_weighttonn_BIN=High | swing_frequency_amount_minute_BIN=High | temperature_measurement1_Celsius_BIN=Low | temperature_measurement2_Celsius_BIN=Low | water_consumption_BIN=High | water_temperature_deltaCelsius_BIN=High | workpiece_slice_geometry=180x180,30014184,17,1,6,23
2020-05-07,K_020,14,RUL_BIN=Healthy | alloy_speed_meter_minute_BIN=Medium | alloy_type=open | cast_in_row_BIN=Low | crystallizer_movementmm_BIN=High | num_crystallizer_BIN=High | num_stream_BIN=Medium | resistance_tonn_BIN=Low | steel_temperature_grab1Celsius_BIN=High | steel_type=Arm500 | steel_weighttonn_BIN=High | swing_frequency_amount_minute_BIN=High | temperature_measurement1_Celsius_BIN=Low | temperature_measurement2_Celsius_BIN=Low | water_consumption_BIN=High | water_temperature_deltaCelsius_BIN=High | workpiece_slice_geometry=180x180,30014187,17,1,6,23
2020-05-07,K_020,15,RUL_BIN=Critical | alloy_speed_meter_minute_BIN=Medium | alloy_type=open | cast_in_row_BIN=Low | crystallizer_movementmm_BIN=High | num_crystallizer_BIN=High | num_stream_BIN=High | resistance_tonn_BIN=Low | steel_temperature_grab1Celsius_BIN=High | steel_type=Arm500 | steel_weighttonn_BIN=Medium | swing_frequency_amount_minute_BIN=High | temperature_measurement1_Celsius_BIN=Low | temperature_measurement2_Celsius_BIN=Low | water_consumption_BIN=High | water_temperature_deltaCelsius_BIN=High | workpiece_slice_geometry=180x180,30014189,17,1,6,23
2020-05-07,K_020,16,RUL_BIN=Critical | RUL_BIN=Healthy | RUL_BIN=Medium | alloy_speed_meter_minute_BIN=Medium | alloy_type=open | cast_in_row_BIN=Low | crystallizer_movementmm_BIN=High | num_crystallizer_BIN=High | num_crystallizer_BIN=Low | num_stream_BIN=High | num_stream_BIN=Low | num_stream_BIN=Medium | resistance_tonn_BIN=Low | steel_temperature_grab1Celsius_BIN=High | steel_type=Arm500 | steel_weighttonn_BIN=High | steel_weighttonn_BIN=Medium | swing_frequency_amount_minute_BIN=High | temperature_measurement1_Celsius_BIN=Low | temperature_measurement2_Celsius_BIN=Low | water_consumption_BIN=High | water_temperature_deltaCelsius_BIN=High | workpiece_slice_geometry=180x180,,23,0,6,23
2020-05-08,K_021,0,alloy_speed_meter_minute_BIN=Medium | alloy_type=open | cast_in_row_BIN=Medium | crystallizer_movementmm_BIN=Low | resistance_tonn_BIN=Low | steel_temperature_grab1Celsius_BIN=High | steel_type=Arm500 | steel_weighttonn_BIN=High | swing_frequency_amount_minute_BIN=High | temperature_measurement1_Celsius_BIN=Low | temperature_measurement2_Celsius_BIN=Low | water_consumption_BIN=High | water_temperature_deltaCelsius_BIN=High | workpiece_slice_geometry=180x180,30014183 | 30014184 | 30014185 | 30014186 | 30014187,14,5,5,21
2020-05-08,K_021,1,alloy_speed_meter_minute_BIN=Medium | alloy_type=open | cast_in_row_BIN=Medium | crystallizer_movementmm_BIN=Low | num_crystallizer_BIN=High | resistance_tonn_BIN=Low | steel_temperature_grab1Celsius_BIN=High | steel_type=Arm500 | steel_weighttonn_BIN=High | swing_frequency_amount_minute_BIN=High | temperature_measurement1_Celsius_BIN=Low | temperature_measurement2_Celsius_BIN=Low | water_consumption_BIN=High | water_temperature_deltaCelsius_BIN=High | workpiece_slice_geometry=180x180,30014183 | 30014184 | 30014187,15,3,5,21
2020-05-08,K_021,2,alloy_speed_meter_minute_BIN=Medium | alloy_type=open | cast_in_row_BIN=Medium | crystallizer_movementmm_BIN=Low | num_crystallizer_BIN=High | num_stream_BIN=Medium | resistance_tonn_BIN=Low | steel_temperature_grab1Celsius_BIN=High | steel_type=Arm500 | steel_weighttonn_BIN=High | swing_frequency_amount_minute_BIN=High | temperature_measurement1_Celsius_BIN=Low | temperature_measurement2_Celsius_BIN=Low | water_consumption_BIN=High | water_temperature_deltaCelsius_BIN=High | workpiece_slice_geometry=180x180,30014183 | 30014187,16,2,5,21
2020-05-08,K_021,3,RUL_BIN=Medium | alloy_speed_meter_minute_BIN=Medium | alloy_type=open | cast_in_row_BIN=Medium | crystallizer_movementmm_BIN=Low | num_crystallizer_BIN=High | num_stream_BIN=Medium | resistance_tonn_BIN=Low | steel_temperature_grab1Celsius_BIN=High | steel_type=Arm500 | steel_weighttonn_BIN=High | swing_frequency_amount_minute_BIN=High | temperature_measurement1_Celsius_BIN=Low | temperature_measurement2_Celsius_BIN=Low | water_consumption_BIN=High | water_temperature_deltaCelsius_BIN=High | workpiece_slice_geometry=180x180,30014187,17,1,5,21
2020-05-08,K_021,4,RUL_BIN=Low | alloy_speed_meter_minute_BIN=Medium | alloy_type=open | cast_in_row_BIN=Medium | crystallizer_movementmm_BIN=Low | resistance_tonn_BIN=Low | steel_temperature_grab1Celsius_BIN=High | steel_type=Arm500 | steel_weighttonn_BIN=High | swing_frequency_amount_minute_BIN=High | temperature_measurement1_Celsius_BIN=Low | temperature_measurement2_Celsius_BIN=Low | water_consumption_BIN=High | water_temperature_deltaCelsius_BIN=High | workpiece_slice_geometry=180x180,30014183 | 30014184 | 30014185 | 30014186,15,4,5,21
2020-05-08,K_021,5,RUL_BIN=Low | alloy_speed_meter_minute_BIN=Medium | alloy_type=open | cast_in_row_BIN=Medium | crystallizer_movementmm_BIN=Low | num_stream_BIN=Low | resistance_tonn_BIN=Low | steel_temperature_grab1Celsius_BIN=High | steel_type=Arm500 | steel_weighttonn_BIN=High | swing_frequency_amount_minute_BIN=High | temperature_measurement1_Celsius_BIN=Low | temperature_measurement2_Celsius_BIN=Low | water_consumption_BIN=High | water_temperature_deltaCelsius_BIN=High | workpiece_slice_geometry=180x180,30014184 | 30014186,16,2,5,21
2020-05-08,K_021,6,RUL_BIN=Low | alloy_speed_meter_minute_BIN=Medium | alloy_type=open | cast_in_row_BIN=Medium | crystallizer_movementmm_BIN=Low | num_crystallizer_BIN=Low | resistance_tonn_BIN=Low | steel_temperature_grab1Celsius_BIN=High | steel_type=Arm500 | steel_weighttonn_BIN=High | swing_frequency_amount_minute_BIN=High | temperature_measurement1_Celsius_BIN=Low | temperature_measurement2_Celsius_BIN=Low | water_consumption_BIN=High | water_temperature_deltaCelsius_BIN=High | workpiece_slice_geometry=180x180,30014185 | 30014186,16,2,5,21
2020-05-08,K_021,7,RUL_BIN=Low | alloy_speed_meter_minute_BIN=Medium | alloy_type=open | cast_in_row_BIN=Medium | crystallizer_movementmm_BIN=Low | num_crystallizer_BIN=Low | num_stream_BIN=Low | resistance_tonn_BIN=Low | steel_temperature_grab1Celsius_BIN=High | steel_type=Arm500 | steel_weighttonn_BIN=High | swing_frequency_amount_minute_BIN=High | temperature_measurement1_Celsius_BIN=Low | temperature_measurement2_Celsius_BIN=Low | water_consumption_BIN=High | water_temperature_deltaCelsius_BIN=High | workpiece_slice_geometry=180x180,30014186,17,1,5,21
2020-05-08,K_021,8,RUL_BIN=Low | alloy_speed_meter_minute_BIN=Medium | alloy_type=open | cast_in_row_BIN=Medium | crystallizer_movementmm_BIN=Low | num_crystallizer_BIN=Low | num_stream_BIN=High | resistance_tonn_BIN=Low | steel_temperature_grab1Celsius_BIN=High | steel_type=Arm500 | steel_weighttonn_BIN=High | swing_frequency_amount_minute_BIN=High | temperature_measurement1_Celsius_BIN=Low | temperature_measurement2_Celsius_BIN=Low | water_consumption_BIN=High | water_temperature_deltaCelsius_BIN=High | workpiece_slice_geometry=180x180,30014185,17,1,5,21
2020-05-08,K_021,9,RUL_BIN=Low | alloy_speed_meter_minute_BIN=Medium | alloy_type=open | cast_in_row_BIN=Medium | crystallizer_movementmm_BIN=Low | num_crystallizer_BIN=High | resistance_tonn_BIN=Low | steel_temperature_grab1Celsius_BIN=High | steel_type=Arm500 | steel_weighttonn_BIN=High | swing_frequency_amount_minute_BIN=High | temperature_measurement1_Celsius_BIN=Low | temperature_measurement2_Celsius_BIN=Low | water_consumption_BIN=High | water_temperature_deltaCelsius_BIN=High | workpiece_slice_geometry=180x180,30014183 | 30014184,16,2,5,21
2020-05-08,K_021,10,RUL_BIN=Low | alloy_speed_meter_minute_BIN=Medium | alloy_type=open | cast_in_row_BIN=Medium | crystallizer_movementmm_BIN=Low | num_crystallizer_BIN=High | num_stream_BIN=Medium | resistance_tonn_BIN=Low | steel_temperature_grab1Celsius_BIN=High | steel_type=Arm500 | steel_weighttonn_BIN=High | swing_frequency_amount_minute_BIN=High | temperature_measurement1_Celsius_BIN=Low | temperature_measurement2_Celsius_BIN=Low | water_consumption_BIN=High | water_temperature_deltaCelsius_BIN=High | workpiece_slice_geometry=180x180,30014183,17,1,5,21
2020-05-08,K_021,11,RUL_BIN=Low | alloy_speed_meter_minute_BIN=Medium | alloy_type=open | cast_in_row_BIN=Medium | crystallizer_movementmm_BIN=Low | num_crystallizer_BIN=High | num_stream_BIN=Low | resistance_tonn_BIN=Low | steel_temperature_grab1Celsius_BIN=High | steel_type=Arm500 | steel_weighttonn_BIN=High | swing_frequency_amount_minute_BIN=High | temperature_measurement1_Celsius_BIN=Low | temperature_measurement2_Celsius_BIN=Low | water_consumption_BIN=High | water_temperature_deltaCelsius_BIN=High | workpiece_slice_geometry=180x180,30014184,17,1,5,21
2020-05-08,K_021,12,RUL_BIN=Low | RUL_BIN=Medium | alloy_speed_meter_minute_BIN=Medium | alloy_type=open | cast_in_row_BIN=Medium | crystallizer_movementmm_BIN=Low | num_crystallizer_BIN=High | num_crystallizer_BIN=Low | num_stream_BIN=High | num_stream_BIN=Low | num_stream_BIN=Medium | resistance_tonn_BIN=Low | steel_temperature_grab1Celsius_BIN=High | steel_type=Arm500 | steel_weighttonn_BIN=High | swing_frequency_amount_minute_BIN=High | temperature_measurement1_Celsius_BIN=Low | temperature_measurement2_Celsius_BIN=Low | water_consumption_BIN=High | water_temperature_deltaCelsius_BIN=High | workpiece_slice_geometry=180x180,,21,0,5,21
2020-05-09,K_022,0,alloy_speed_meter_minute_BIN=Medium | alloy_type=open | cast_in_row_BIN=Medium | crystallizer_movementmm_BIN=Low | resistance_tonn_BIN=Low | steel_temperature_grab1Celsius_BIN=High | steel_type=Arm500 | steel_weighttonn_BIN=High | swing_frequency_amount_minute_BIN=High | temperature_measurement1_Celsius_BIN=Low | temperature_measurement2_Celsius_BIN=Low | water_consumption_BIN=High | water_temperature_deltaCelsius_BIN=High | workpiece_slice_geometry=180x180,30013359 | 30013363 | 30014134 | 30014141 | 30014142 | 30014144 | 30014183 | 30014184 | 30014185 | 30014186 | 30014187,14,11,11,23
2020-05-09,K_022,1,alloy_speed_meter_minute_BIN=Medium | alloy_type=open | cast_in_row_BIN=Medium | crystallizer_movementmm_BIN=Low | num_stream_BIN=Medium | resistance_tonn_BIN=Low | steel_temperature_grab1Celsius_BIN=High | steel_type=Arm500 | steel_weighttonn_BIN=High | swing_frequency_amount_minute_BIN=High | temperature_measurement1_Celsius_BIN=Low | temperature_measurement2_Celsius_BIN=Low | water_consumption_BIN=High | water_temperature_deltaCelsius_BIN=High | workpiece_slice_geometry=180x180,30014141 | 30014144 | 30014183 | 30014187,15,4,11,23
2020-05-09,K_022,2,alloy_speed_meter_minute_BIN=Medium | alloy_type=open | cast_in_row_BIN=Medium | crystallizer_movementmm_BIN=Low | num_stream_BIN=Low | resistance_tonn_BIN=Low | steel_temperature_grab1Celsius_BIN=High | steel_type=Arm500 | steel_weighttonn_BIN=High | swing_frequency_amount_minute_BIN=High | temperature_measurement1_Celsius_BIN=Low | temperature_measurement2_Celsius_BIN=Low | water_consumption_BIN=High | water_temperature_deltaCelsius_BIN=High | workpiece_slice_geometry=180x180,30013359 | 30014134 | 30014184 | 30014186,15,4,11,23
2020-05-09,K_022,3,alloy_speed_meter_minute_BIN=Medium | alloy_type=open | cast_in_row_BIN=Medium | crystallizer_movementmm_BIN=Low | num_stream_BIN=High | resistance_tonn_BIN=Low | steel_temperature_grab1Celsius_BIN=High | steel_type=Arm500 | steel_weighttonn_BIN=High | swing_frequency_amount_minute_BIN=High | temperature_measurement1_Celsius_BIN=Low | temperature_measurement2_Celsius_BIN=Low | water_consumption_BIN=High | water_temperature_deltaCelsius_BIN=High | workpiece_slice_geometry=180x180,30013363 | 30014142 | 30014185,15,3,11,23
2020-05-09,K_022,4,alloy_speed_meter_minute_BIN=Medium | alloy_type=open | cast_in_row_BIN=Medium | crystallizer_movementmm_BIN=Low | num_crystallizer_BIN=Medium | resistance_tonn_BIN=Low | steel_temperature_grab1Celsius_BIN=High | steel_type=Arm500 | steel_weighttonn_BIN=High | swing_frequency_amount_minute_BIN=High | temperature_measurement1_Celsius_BIN=Low | temperature_measurement2_Celsius_BIN=Low | water_consumption_BIN=High | water_temperature_deltaCelsius_BIN=High | workpiece_slice_geometry=180x180,30013359 | 30013363 | 30014141 | 30014144,15,4,11,23
2020-05-09,K_022,5,alloy_speed_meter_minute_BIN=Medium | alloy_type=open | cast_in_row_BIN=Medium | crystallizer_movementmm_BIN=Low | num_crystallizer_BIN=Low | resistance_tonn_BIN=Low | steel_temperature_grab1Celsius_BIN=High | steel_type=Arm500 | steel_weighttonn_BIN=High | swing_frequency_amount_minute_BIN=High | temperature_measurement1_Celsius_BIN=Low | temperature_measurement2_Celsius_BIN=Low | water_consumption_BIN=High | water_temperature_deltaCelsius_BIN=High | workpiece_slice_geometry=180x180,30014134 | 30014142 | 30014185 | 30014186,15,4,11,23
2020-05-09,K_022,6,alloy_speed_meter_minute_BIN=Medium | alloy_type=open | cast_in_row_BIN=Medium | crystallizer_movementmm_BIN=Low | num_crystallizer_BIN=Low | num_stream_BIN=Low | resistance_tonn_BIN=Low | steel_temperature_grab1Celsius_BIN=High | steel_type=Arm500 | steel_weighttonn_BIN=High | swing_frequency_amount_minute_BIN=High | temperature_measurement1_Celsius_BIN=Low | temperature_measurement2_Celsius_BIN=Low | water_consumption_BIN=High | water_temperature_deltaCelsius_BIN=High | workpiece_slice_geometry=180x180,30014134 | 30014186,16,2,11,23
2020-05-09,K_022,7,alloy_speed_meter_minute_BIN=Medium | alloy_type=open | cast_in_row_BIN=Medium | crystallizer_movementmm_BIN=Low | num_crystallizer_BIN=Low | num_stream_BIN=High | resistance_tonn_BIN=Low | steel_temperature_grab1Celsius_BIN=High | steel_type=Arm500 | steel_weighttonn_BIN=High | swing_frequency_amount_minute_BIN=High | temperature_measurement1_Celsius_BIN=Low | temperature_measurement2_Celsius_BIN=Low | water_consumption_BIN=High | water_temperature_deltaCelsius_BIN=High | workpiece_slice_geometry=180x180,30014142 | 30014185,16,2,11,23
2020-05-09,K_022,8,alloy_speed_meter_minute_BIN=Medium | alloy_type=open | cast_in_row_BIN=Medium | crystallizer_movementmm_BIN=Low | num_crystallizer_BIN=High | resistance_tonn_BIN=Low | steel_temperature_grab1Celsius_BIN=High | steel_type=Arm500 | steel_weighttonn_BIN=High | swing_frequency_amount_minute_BIN=High | temperature_measurement1_Celsius_BIN=Low | temperature_measurement2_Celsius_BIN=Low | water_consumption_BIN=High | water_temperature_deltaCelsius_BIN=High | workpiece_slice_geometry=180x180,30014183 | 30014184 | 30014187,15,3,11,23
2020-05-09,K_022,9,alloy_speed_meter_minute_BIN=Medium | alloy_type=open | cast_in_row_BIN=Medium | crystallizer_movementmm_BIN=Low | num_crystallizer_BIN=High | num_stream_BIN=Medium | resistance_tonn_BIN=Low | steel_temperature_grab1Celsius_BIN=High | steel_type=Arm500 | steel_weighttonn_BIN=High | swing_frequency_amount_minute_BIN=High | temperature_measurement1_Celsius_BIN=Low | temperature_measurement2_Celsius_BIN=Low | water_consumption_BIN=High | water_temperature_deltaCelsius_BIN=High | workpiece_slice_geometry=180x180,30014183 | 30014187,16,2,11,23
2020-05-09,K_022,10,RUL_BIN=Medium | alloy_speed_meter_minute_BIN=Medium | alloy_type=open | cast_in_row_BIN=Medium | crystallizer_movementmm_BIN=Low | num_crystallizer_BIN=High | num_stream_BIN=Medium | resistance_tonn_BIN=Low | steel_temperature_grab1Celsius_BIN=High | steel_type=Arm500 | steel_weighttonn_BIN=High | swing_frequency_amount_minute_BIN=High | temperature_measurement1_Celsius_BIN=Low | temperature_measurement2_Celsius_BIN=Low | water_consumption_BIN=High | water_temperature_deltaCelsius_BIN=High | workpiece_slice_geometry=180x180,30014187,17,1,11,23
2020-05-09,K_022,11,RUL_BIN=Healthy | alloy_speed_meter_minute_BIN=Medium | alloy_type=open | cast_in_row_BIN=Medium | crystallizer_movementmm_BIN=Low | resistance_tonn_BIN=Low | steel_temperature_grab1Celsius_BIN=High | steel_type=Arm500 | steel_weighttonn_BIN=High | swing_frequency_amount_minute_BIN=High | temperature_measurement1_Celsius_BIN=Low | temperature_measurement2_Celsius_BIN=Low | water_consumption_BIN=High | water_temperature_deltaCelsius_BIN=High | workpiece_slice_geometry=180x180,30013359 | 30014134 | 30014141 | 30014142 | 30014144,15,5,11,23
2020-05-09,K_022,12,RUL_BIN=Healthy | alloy_speed_meter_minute_BIN=Medium | alloy_type=open | cast_in_row_BIN=Medium | crystallizer_movementmm_BIN=Low | num_stream_BIN=Low | resistance_tonn_BIN=Low | steel_temperature_grab1Celsius_BIN=High | steel_type=Arm500 | steel_weighttonn_BIN=High | swing_frequency_amount_minute_BIN=High | temperature_measurement1_Celsius_BIN=Low | temperature_measurement2_Celsius_BIN=Low | water_consumption_BIN=High | water_temperature_deltaCelsius_BIN=High | workpiece_slice_geometry=180x180,30013359 | 30014134,16,2,11,23
2020-05-09,K_022,13,RUL_BIN=Healthy | alloy_speed_meter_minute_BIN=Medium | alloy_type=open | cast_in_row_BIN=Medium | crystallizer_movementmm_BIN=Low | num_crystallizer_BIN=Medium | resistance_tonn_BIN=Low | steel_temperature_grab1Celsius_BIN=High | steel_type=Arm500 | steel_weighttonn_BIN=High | swing_frequency_amount_minute_BIN=High | temperature_measurement1_Celsius_BIN=Low | temperature_measurement2_Celsius_BIN=Low | water_consumption_BIN=High | water_temperature_deltaCelsius_BIN=High | workpiece_slice_geometry=180x180,30013359 | 30014141 | 30014144,16,3,11,23
2020-05-09,K_022,14,RUL_BIN=Healthy | alloy_speed_meter_minute_BIN=Medium | alloy_type=open | cast_in_row_BIN=Medium | crystallizer_movementmm_BIN=Low | num_crystallizer_BIN=Medium | num_stream_BIN=Medium | resistance_tonn_BIN=Low | steel_temperature_grab1Celsius_BIN=High | steel_type=Arm500 | steel_weighttonn_BIN=High | swing_frequency_amount_minute_BIN=High | temperature_measurement1_Celsius_BIN=Low | temperature_measurement2_Celsius_BIN=Low | water_consumption_BIN=High | water_temperature_deltaCelsius_BIN=High | workpiece_slice_geometry=180x180,30014141 | 30014144,17,2,11,23
2020-05-09,K_022,15,RUL_BIN=Healthy | alloy_speed_meter_minute_BIN=Medium | alloy_type=open | cast_in_row_BIN=Medium | crystallizer_movementmm_BIN=Low | num_crystallizer_BIN=Medium | num_stream_BIN=Low | resistance_tonn_BIN=Low | steel_temperature_grab1Celsius_BIN=High | steel_type=Arm500 | steel_weighttonn_BIN=High | swing_frequency_amount_minute_BIN=High | temperature_measurement1_Celsius_BIN=Low | temperature_measurement2_Celsius_BIN=Low | water_consumption_BIN=High | water_temperature_deltaCelsius_BIN=High | workpiece_slice_geometry=180x180,30013359,17,1,11,23
2020-05-09,K_022,16,RUL_BIN=Healthy | alloy_speed_meter_minute_BIN=Medium | alloy_type=open | cast_in_row_BIN=Medium | crystallizer_movementmm_BIN=Low | num_crystallizer_BIN=Low | resistance_tonn_BIN=Low | steel_temperature_grab1Celsius_BIN=High | steel_type=Arm500 | steel_weighttonn_BIN=High | swing_frequency_amount_minute_BIN=High | temperature_measurement1_Celsius_BIN=Low | temperature_measurement2_Celsius_BIN=Low | water_consumption_BIN=High | water_temperature_deltaCelsius_BIN=High | workpiece_slice_geometry=180x180,30014134 | 30014142,16,2,11,23
2020-05-09,K_022,17,RUL_BIN=Healthy | alloy_speed_meter_minute_BIN=Medium | alloy_type=open | cast_in_row_BIN=Medium | crystallizer_movementmm_BIN=Low | num_crystallizer_BIN=Low | num_stream_BIN=Low | resistance_tonn_BIN=Low | steel_temperature_grab1Celsius_BIN=High | steel_type=Arm500 | steel_weighttonn_BIN=High | swing_frequency_amount_minute_BIN=High | temperature_measurement1_Celsius_BIN=Low | temperature_measurement2_Celsius_BIN=Low | water_consumption_BIN=High | water_temperature_deltaCelsius_BIN=High | workpiece_slice_geometry=180x180,30014134,17,1,11,23
2020-05-09,K_022,18,RUL_BIN=Healthy | alloy_speed_meter_minute_BIN=Medium | alloy_type=open | cast_in_row_BIN=Medium | crystallizer_movementmm_BIN=Low | num_crystallizer_BIN=Low | num_stream_BIN=High | resistance_tonn_BIN=Low | steel_temperature_grab1Celsius_BIN=High | steel_type=Arm500 | steel_weighttonn_BIN=High | swing_frequency_amount_minute_BIN=High | temperature_measurement1_Celsius_BIN=Low | temperature_measurement2_Celsius_BIN=Low | water_consumption_BIN=High | water_temperature_deltaCelsius_BIN=High | workpiece_slice_geometry=180x180,30014142,17,1,11,23
2020-05-09,K_022,19,RUL_BIN=Critical | alloy_speed_meter_minute_BIN=Medium | alloy_type=open | cast_in_row_BIN=Medium | crystallizer_movementmm_BIN=Low | resistance_tonn_BIN=Low | steel_temperature_grab1Celsius_BIN=High | steel_type=Arm500 | steel_weighttonn_BIN=High | swing_frequency_amount_minute_BIN=High | temperature_measurement1_Celsius_BIN=Low | temperature_measurement2_Celsius_BIN=Low | water_consumption_BIN=High | water_temperature_deltaCelsius_BIN=High | workpiece_slice_geometry=180x180,30013363 | 30014183 | 30014184 | 30014185 | 30014186,15,5,11,23
2020-05-09,K_022,20,RUL_BIN=Critical | alloy_speed_meter_minute_BIN=Medium | alloy_type=open | cast_in_row_BIN=Medium | crystallizer_movementmm_BIN=Low | num_stream_BIN=Low | resistance_tonn_BIN=Low | steel_temperature_grab1Celsius_BIN=High | steel_type=Arm500 | steel_weighttonn_BIN=High | swing_frequency_amount_minute_BIN=High | temperature_measurement1_Celsius_BIN=Low | temperature_measurement2_Celsius_BIN=Low | water_consumption_BIN=High | water_temperature_deltaCelsius_BIN=High | workpiece_slice_geometry=180x180,30014184 | 30014186,16,2,11,23
2020-05-09,K_022,21,RUL_BIN=Critical | alloy_speed_meter_minute_BIN=Medium | alloy_type=open | cast_in_row_BIN=Medium | crystallizer_movementmm_BIN=Low | num_stream_BIN=High | resistance_tonn_BIN=Low | steel_temperature_grab1Celsius_BIN=High | steel_type=Arm500 | steel_weighttonn_BIN=High | swing_frequency_amount_minute_BIN=High | temperature_measurement1_Celsius_BIN=Low | temperature_measurement2_Celsius_BIN=Low | water_consumption_BIN=High | water_temperature_deltaCelsius_BIN=High | workpiece_slice_geometry=180x180,30013363 | 30014185,16,2,11,23
2020-05-09,K_022,22,RUL_BIN=Critical | alloy_speed_meter_minute_BIN=Medium | alloy_type=open | cast_in_row_BIN=Medium | crystallizer_movementmm_BIN=Low | num_crystallizer_BIN=Medium | num_stream_BIN=High | resistance_tonn_BIN=Low | steel_temperature_grab1Celsius_BIN=High | steel_type=Arm500 | steel_weighttonn_BIN=High | swing_frequency_amount_minute_BIN=High | temperature_measurement1_Celsius_BIN=Low | temperature_measurement2_Celsius_BIN=Low | water_consumption_BIN=High | water_temperature_deltaCelsius_BIN=High | workpiece_slice_geometry=180x180,30013363,17,1,11,23
2020-05-09,K_022,23,RUL_BIN=Critical | alloy_speed_meter_minute_BIN=Medium | alloy_type=open | cast_in_row_BIN=Medium | crystallizer_movementmm_BIN=Low | num_crystallizer_BIN=Low | resistance_tonn_BIN=Low | steel_temperature_grab1Celsius_BIN=High | steel_type=Arm500 | steel_weighttonn_BIN=High | swing_frequency_amount_minute_BIN=High | temperature_measurement1_Celsius_BIN=Low | temperature_measurement2_Celsius_BIN=Low | water_consumption_BIN=High | water_temperature_deltaCelsius_BIN=High | workpiece_slice_geometry=180x180,30014185 | 30014186,16,2,11,23
2020-05-09,K_022,24,RUL_BIN=Critical | alloy_speed_meter_minute_BIN=Medium | alloy_type=open | cast_in_row_BIN=Medium | crystallizer_movementmm_BIN=Low | num_crystallizer_BIN=Low | num_stream_BIN=Low | resistance_tonn_BIN=Low | steel_temperature_grab1Celsius_BIN=High | steel_type=Arm500 | steel_weighttonn_BIN=High | swing_frequency_amount_minute_BIN=High | temperature_measurement1_Celsius_BIN=Low | temperature_measurement2_Celsius_BIN=Low | water_consumption_BIN=High | water_temperature_deltaCelsius_BIN=High | workpiece_slice_geometry=180x180,30014186,17,1,11,23
2020-05-09,K_022,25,RUL_BIN=Critical | alloy_speed_meter_minute_BIN=Medium | alloy_type=open | cast_in_row_BIN=Medium | crystallizer_movementmm_BIN=Low | num_crystallizer_BIN=Low | num_stream_BIN=High | resistance_tonn_BIN=Low | steel_temperature_grab1Celsius_BIN=High | steel_type=Arm500 | steel_weighttonn_BIN=High | swing_frequency_amount_minute_BIN=High | temperature_measurement1_Celsius_BIN=Low | temperature_measurement2_Celsius_BIN=Low | water_consumption_BIN=High | water_temperature_deltaCelsius_BIN=High | workpiece_slice_geometry=180x180,30014185,17,1,11,23
2020-05-09,K_022,26,RUL_BIN=Critical | alloy_speed_meter_minute_BIN=Medium | alloy_type=open | cast_in_row_BIN=Medium | crystallizer_movementmm_BIN=Low | num_crystallizer_BIN=High | resistance_tonn_BIN=Low | steel_temperature_grab1Celsius_BIN=High | steel_type=Arm500 | steel_weighttonn_BIN=High | swing_frequency_amount_minute_BIN=High | temperature_measurement1_Celsius_BIN=Low | temperature_measurement2_Celsius_BIN=Low | water_consumption_BIN=High | water_temperature_deltaCelsius_BIN=High | workpiece_slice_geometry=180x180,30014183 | 30014184,16,2,11,23
2020-05-09,K_022,27,RUL_BIN=Critical | alloy_speed_meter_minute_BIN=Medium | alloy_type=open | cast_in_row_BIN=Medium | crystallizer_movementmm_BIN=Low | num_crystallizer_BIN=High | num_stream_BIN=Medium | resistance_tonn_BIN=Low | steel_temperature_grab1Celsius_BIN=High | steel_type=Arm500 | steel_weighttonn_BIN=High | swing_frequency_amount_minute_BIN=High | temperature_measurement1_Celsius_BIN=Low | temperature_measurement2_Celsius_BIN=Low | water_consumption_BIN=High | water_temperature_deltaCelsius_BIN=High | workpiece_slice_geometry=180x180,30014183,17,1,11,23
2020-05-09,K_022,28,RUL_BIN=Critical | alloy_speed_meter_minute_BIN=Medium | alloy_type=open | cast_in_row_BIN=Medium | crystallizer_movementmm_BIN=Low | num_crystallizer_BIN=High | num_stream_BIN=Low | resistance_tonn_BIN=Low | steel_temperature_grab1Celsius_BIN=High | steel_type=Arm500 | steel_weighttonn_BIN=High | swing_frequency_amount_minute_BIN=High | temperature_measurement1_Celsius_BIN=Low | temperature_measurement2_Celsius_BIN=Low | water_consumption_BIN=High | water_temperature_deltaCelsius_BIN=High | workpiece_slice_geometry=180x180,30014184,17,1,11,23
2020-05-09,K_022,29,RUL_BIN=Critical | RUL_BIN=Healthy | RUL_BIN=Medium | alloy_speed_meter_minute_BIN=Medium | alloy_type=open | cast_in_row_BIN=Medium | crystallizer_movementmm_BIN=Low | num_crystallizer_BIN=High | num_crystallizer_BIN=Low | num_crystallizer_BIN=Medium | num_stream_BIN=High | num_stream_BIN=Low | num_stream_BIN=Medium | resistance_tonn_BIN=Low | steel_temperature_grab1Celsius_BIN=High | steel_type=Arm500 | steel_weighttonn_BIN=High | swing_frequency_amount_minute_BIN=High | temperature_measurement1_Celsius_BIN=Low | temperature_measurement2_Celsius_BIN=Low | water_consumption_BIN=High | water_temperature_deltaCelsius_BIN=High | workpiece_slice_geometry=180x180,,23,0,11,23
2020-05-13,K_023,0,RUL_BIN=Healthy | alloy_speed_meter_minute_BIN=Medium | alloy_type=open | cast_in_row_BIN=Low | crystallizer_movementmm_BIN=Low | resistance_tonn_BIN=Low | steel_temperature_grab1Celsius_BIN=High | steel_type=Arm500 | steel_weighttonn_BIN=High | swing_frequency_amount_minute_BIN=Medium | temperature_measurement1_Celsius_BIN=Low | temperature_measurement2_Celsius_BIN=Low | water_consumption_BIN=High | water_temperature_deltaCelsius_BIN=High | workpiece_slice_geometry=180x180,30014136 | 30014138 | 30014141 | 30014142 | 30014144,15,5,5,21
2020-05-13,K_023,1,RUL_BIN=Healthy | alloy_speed_meter_minute_BIN=Medium | alloy_type=open | cast_in_row_BIN=Low | crystallizer_movementmm_BIN=Low | num_stream_BIN=High | resistance_tonn_BIN=Low | steel_temperature_grab1Celsius_BIN=High | steel_type=Arm500 | steel_weighttonn_BIN=High | swing_frequency_amount_minute_BIN=Medium | temperature_measurement1_Celsius_BIN=Low | temperature_measurement2_Celsius_BIN=Low | water_consumption_BIN=High | water_temperature_deltaCelsius_BIN=High | workpiece_slice_geometry=180x180,30014136 | 30014142,16,2,5,21
2020-05-13,K_023,2,RUL_BIN=Healthy | alloy_speed_meter_minute_BIN=Medium | alloy_type=open | cast_in_row_BIN=Low | crystallizer_movementmm_BIN=Low | num_crystallizer_BIN=Medium | resistance_tonn_BIN=Low | steel_temperature_grab1Celsius_BIN=High | steel_type=Arm500 | steel_weighttonn_BIN=High | swing_frequency_amount_minute_BIN=Medium | temperature_measurement1_Celsius_BIN=Low | temperature_measurement2_Celsius_BIN=Low | water_consumption_BIN=High | water_temperature_deltaCelsius_BIN=High | workpiece_slice_geometry=180x180,30014136 | 30014141 | 30014144,16,3,5,21
2020-05-13,K_023,3,RUL_BIN=Healthy | alloy_speed_meter_minute_BIN=Medium | alloy_type=open | cast_in_row_BIN=Low | crystallizer_movementmm_BIN=Low | num_crystallizer_BIN=Medium | num_stream_BIN=Medium | resistance_tonn_BIN=Low | steel_temperature_grab1Celsius_BIN=High | steel_type=Arm500 | steel_weighttonn_BIN=High | swing_frequency_amount_minute_BIN=Medium | temperature_measurement1_Celsius_BIN=Low | temperature_measurement2_Celsius_BIN=Low | water_consumption_BIN=High | water_temperature_deltaCelsius_BIN=High | workpiece_slice_geometry=180x180,30014141 | 30014144,17,2,5,21
2020-05-13,K_023,4,RUL_BIN=Healthy | alloy_speed_meter_minute_BIN=Medium | alloy_type=open | cast_in_row_BIN=Low | crystallizer_movementmm_BIN=Low | num_crystallizer_BIN=Medium | num_stream_BIN=High | resistance_tonn_BIN=Low | steel_temperature_grab1Celsius_BIN=High | steel_type=Arm500 | steel_weighttonn_BIN=High | swing_frequency_amount_minute_BIN=Medium | temperature_measurement1_Celsius_BIN=Low | temperature_measurement2_Celsius_BIN=Low | water_consumption_BIN=High | water_temperature_deltaCelsius_BIN=High | workpiece_slice_geometry=180x180,30014136,17,1,5,21
2020-05-13,K_023,5,RUL_BIN=Healthy | alloy_speed_meter_minute_BIN=Medium | alloy_type=open | cast_in_row_BIN=Low | crystallizer_movementmm_BIN=Low | num_crystallizer_BIN=Low | num_stream_BIN=High | resistance_tonn_BIN=Low | steel_temperature_grab1Celsius_BIN=High | steel_type=Arm500 | steel_weighttonn_BIN=High | swing_frequency_amount_minute_BIN=Medium | temperature_measurement1_Celsius_BIN=Low | temperature_measurement2_Celsius_BIN=Low | water_consumption_BIN=High | water_temperature_deltaCelsius_BIN=High | workpiece_slice_geometry=180x180,30014142,17,1,5,21
2020-05-13,K_023,6,RUL_BIN=Healthy | alloy_speed_meter_minute_BIN=Medium | alloy_type=open | cast_in_row_BIN=Low | crystallizer_movementmm_BIN=Low | num_crystallizer_BIN=High | num_stream_BIN=Low | resistance_tonn_BIN=Low | steel_temperature_grab1Celsius_BIN=High | steel_type=Arm500 | steel_weighttonn_BIN=High | swing_frequency_amount_minute_BIN=Medium | temperature_measurement1_Celsius_BIN=Low | temperature_measurement2_Celsius_BIN=Low | water_consumption_BIN=High | water_temperature_deltaCelsius_BIN=High | workpiece_slice_geometry=180x180,30014138,17,1,5,21
2020-05-13,K_023,7,RUL_BIN=Healthy | alloy_speed_meter_minute_BIN=Medium | alloy_type=open | cast_in_row_BIN=Low | crystallizer_movementmm_BIN=Low | num_crystallizer_BIN=High | num_crystallizer_BIN=Low | num_crystallizer_BIN=Medium | num_stream_BIN=High | num_stream_BIN=Low | num_stream_BIN=Medium | resistance_tonn_BIN=Low | steel_temperature_grab1Celsius_BIN=High | steel_type=Arm500 | steel_weighttonn_BIN=High | swing_frequency_amount_minute_BIN=Medium | temperature_measurement1_Celsius_BIN=Low | temperature_measurement2_Celsius_BIN=Low | water_consumption_BIN=High | water_temperature_deltaCelsius_BIN=High | workpiece_slice_geometry=180x180,,21,0,5,21
2020-05-14,K_024,0,alloy_speed_meter_minute_BIN=Medium | alloy_type=open | cast_in_row_BIN=Low | crystallizer_movementmm_BIN=Low | resistance_tonn_BIN=Low | steel_temperature_grab1Celsius_BIN=High | steel_type=Arm500 | steel_weighttonn_BIN=High | swing_frequency_amount_minute_BIN=High | temperature_measurement1_Celsius_BIN=Low | temperature_measurement2_Celsius_BIN=Low | water_consumption_BIN=High | water_temperature_deltaCelsius_BIN=High | workpiece_slice_geometry=180x180,30014136 | 30014138 | 30014141 | 30014142 | 30014144,14,5,5,22
2020-05-14,K_024,1,alloy_speed_meter_minute_BIN=Medium | alloy_type=open | cast_in_row_BIN=Low | crystallizer_movementmm_BIN=Low | num_stream_BIN=High | resistance_tonn_BIN=Low | steel_temperature_grab1Celsius_BIN=High | steel_type=Arm500 | steel_weighttonn_BIN=High | swing_frequency_amount_minute_BIN=High | temperature_measurement1_Celsius_BIN=Low | temperature_measurement2_Celsius_BIN=Low | water_consumption_BIN=High | water_temperature_deltaCelsius_BIN=High | workpiece_slice_geometry=180x180,30014136 | 30014142,15,2,5,22
2020-05-14,K_024,2,alloy_speed_meter_minute_BIN=Medium | alloy_type=open | cast_in_row_BIN=Low | crystallizer_movementmm_BIN=Low | num_crystallizer_BIN=Medium | resistance_tonn_BIN=Low | steel_temperature_grab1Celsius_BIN=High | steel_type=Arm500 | steel_weighttonn_BIN=High | swing_frequency_amount_minute_BIN=High | temperature_measurement1_Celsius_BIN=Low | temperature_measurement2_Celsius_BIN=Low | water_consumption_BIN=High | water_temperature_deltaCelsius_BIN=High | workpiece_slice_geometry=180x180,30014136 | 30014141 | 30014144,15,3,5,22
2020-05-14,K_024,3,alloy_speed_meter_minute_BIN=Medium | alloy_type=open | cast_in_row_BIN=Low | crystallizer_movementmm_BIN=Low | num_crystallizer_BIN=Medium | num_stream_BIN=Medium | resistance_tonn_BIN=Low | steel_temperature_grab1Celsius_BIN=High | steel_type=Arm500 | steel_weighttonn_BIN=High | swing_frequency_amount_minute_BIN=High | temperature_measurement1_Celsius_BIN=Low | temperature_measurement2_Celsius_BIN=Low | water_consumption_BIN=High | water_temperature_deltaCelsius_BIN=High | workpiece_slice_geometry=180x180,30014141 | 30014144,16,2,5,22
2020-05-14,K_024,4,RUL_BIN=Medium | alloy_speed_meter_minute_BIN=Medium | alloy_type=open | cast_in_row_BIN=Low | crystallizer_movementmm_BIN=Low | resistance_tonn_BIN=Low | steel_temperature_grab1Celsius_BIN=High | steel_type=Arm500 | steel_weighttonn_BIN=High | swing_frequency_amount_minute_BIN=High | temperature_measurement1_Celsius_BIN=Low | temperature_measurement2_Celsius_BIN=Low | water_consumption_BIN=High | water_temperature_deltaCelsius_BIN=High | workpiece_slice_geometry=180x180,30014141 | 30014142,15,2,5,22
2020-05-14,K_024,5,RUL_BIN=Medium | alloy_speed_meter_minute_BIN=Medium | alloy_type=open | cast_in_row_BIN=Low | crystallizer_movementmm_BIN=Low | num_crystallizer_BIN=Medium | num_stream_BIN=Medium | resistance_tonn_BIN=Low | steel_temperature_grab1Celsius_BIN=High | steel_type=Arm500 | steel_weighttonn_BIN=High | swing_frequency_amount_minute_BIN=High | temperature_measurement1_Celsius_BIN=Low | temperature_measurement2_Celsius_BIN=Low | water_consumption_BIN=High | water_temperature_deltaCelsius_BIN=High | workpiece_slice_geometry=180x180,30014141,17,1,5,22
2020-05-14,K_024,6,RUL_BIN=Medium | alloy_speed_meter_minute_BIN=Medium | alloy_type=open | cast_in_row_BIN=Low | crystallizer_movementmm_BIN=Low | num_crystallizer_BIN=Low | num_stream_BIN=High | resistance_tonn_BIN=Low | steel_temperature_grab1Celsius_BIN=High | steel_type=Arm500 | steel_weighttonn_BIN=High | swing_frequency_amount_minute_BIN=High | temperature_measurement1_Celsius_BIN=Low | temperature_measurement2_Celsius_BIN=Low | water_consumption_BIN=High | water_temperature_deltaCelsius_BIN=High | workpiece_slice_geometry=180x180,30014142,17,1,5,22
2020-05-14,K_024,7,RUL_BIN=Healthy | alloy_speed_meter_minute_BIN=Medium | alloy_type=open | cast_in_row_BIN=Low | crystallizer_movementmm_BIN=Low | resistance_tonn_BIN=Low | steel_temperature_grab1Celsius_BIN=High | steel_type=Arm500 | steel_weighttonn_BIN=High | swing_frequency_amount_minute_BIN=High | temperature_measurement1_Celsius_BIN=Low | temperature_measurement2_Celsius_BIN=Low | water_consumption_BIN=High | water_temperature_deltaCelsius_BIN=High | workpiece_slice_geometry=180x180,30014136 | 30014138 | 30014144,15,3,5,22
2020-05-14,K_024,8,RUL_BIN=Healthy | alloy_speed_meter_minute_BIN=Medium | alloy_type=open | cast_in_row_BIN=Low | crystallizer_movementmm_BIN=Low | num_crystallizer_BIN=Medium | resistance_tonn_BIN=Low | steel_temperature_grab1Celsius_BIN=High | steel_type=Arm500 | steel_weighttonn_BIN=High | swing_frequency_amount_minute_BIN=High | temperature_measurement1_Celsius_BIN=Low | temperature_measurement2_Celsius_BIN=Low | water_consumption_BIN=High | water_temperature_deltaCelsius_BIN=High | workpiece_slice_geometry=180x180,30014136 | 30014144,16,2,5,22
2020-05-14,K_024,9,RUL_BIN=Healthy | alloy_speed_meter_minute_BIN=Medium | alloy_type=open | cast_in_row_BIN=Low | crystallizer_movementmm_BIN=Low | num_crystallizer_BIN=Medium | num_stream_BIN=Medium | resistance_tonn_BIN=Low | steel_temperature_grab1Celsius_BIN=High | steel_type=Arm500 | steel_weighttonn_BIN=High | swing_frequency_amount_minute_BIN=High | temperature_measurement1_Celsius_BIN=Low | temperature_measurement2_Celsius_BIN=Low | water_consumption_BIN=High | water_temperature_deltaCelsius_BIN=High | workpiece_slice_geometry=180x180,30014144,17,1,5,22
2020-05-14,K_024,10,RUL_BIN=Healthy | alloy_speed_meter_minute_BIN=Medium | alloy_type=open | cast_in_row_BIN=Low | crystallizer_movementmm_BIN=Low | num_crystallizer_BIN=Medium | num_stream_BIN=High | resistance_tonn_BIN=Low | steel_temperature_grab1Celsius_BIN=High | steel_type=Arm500 | steel_weighttonn_BIN=High | swing_frequency_amount_minute_BIN=High | temperature_measurement1_Celsius_BIN=Low | temperature_measurement2_Celsius_BIN=Low | water_consumption_BIN=High | water_temperature_deltaCelsius_BIN=High | workpiece_slice_geometry=180x180,30014136,17,1,5,22
2020-05-14,K_024,11,RUL_BIN=Healthy | alloy_speed_meter_minute_BIN=Medium | alloy_type=open | cast_in_row_BIN=Low | crystallizer_movementmm_BIN=Low | num_crystallizer_BIN=High | num_stream_BIN=Low | resistance_tonn_BIN=Low | steel_temperature_grab1Celsius_BIN=High | steel_type=Arm500 | steel_weighttonn_BIN=High | swing_frequency_amount_minute_BIN=High | temperature_measurement1_Celsius_BIN=Low | temperature_measurement2_Celsius_BIN=Low | water_consumption_BIN=High | water_temperature_deltaCelsius_BIN=High | workpiece_slice_geometry=180x180,30014138,17,1,5,22
2020-05-14,K_024,12,RUL_BIN=Healthy | RUL_BIN=Medium | alloy_speed_meter_minute_BIN=Medium | alloy_type=open | cast_in_row_BIN=Low | crystallizer_movementmm_BIN=Low | num_crystallizer_BIN=High | num_crystallizer_BIN=Low | num_crystallizer_BIN=Medium | num_stream_BIN=High | num_stream_BIN=Low | num_stream_BIN=Medium | resistance_tonn_BIN=Low | steel_temperature_grab1Celsius_BIN=High | steel_type=Arm500 | steel_weighttonn_BIN=High | swing_frequency_amount_minute_BIN=High | temperature_measurement1_Celsius_BIN=Low | temperature_measurement2_Celsius_BIN=Low | water_consumption_BIN=High | water_temperature_deltaCelsius_BIN=High | workpiece_slice_geometry=180x180,,22,0,5,22
2020-05-15,K_025,0,alloy_speed_meter_minute_BIN=Medium | alloy_type=open | cast_in_row_BIN=Low | crystallizer_movementmm_BIN=Low | resistance_tonn_BIN=Low | steel_temperature_grab1Celsius_BIN=High | steel_type=25G2S | steel_weighttonn_BIN=High | swing_frequency_amount_minute_BIN=Medium | temperature_measurement1_Celsius_BIN=Low | temperature_measurement2_Celsius_BIN=Low | water_consumption_BIN=High | water_temperature_deltaCelsius_BIN=High | workpiece_slice_geometry=180x180,30014136 | 30014138 | 30014141 | 30014142 | 30014144,14,5,5,22
2020-05-15,K_025,1,alloy_speed_meter_minute_BIN=Medium | alloy_type=open | cast_in_row_BIN=Low | crystallizer_movementmm_BIN=Low | num_stream_BIN=High | resistance_tonn_BIN=Low | steel_temperature_grab1Celsius_BIN=High | steel_type=25G2S | steel_weighttonn_BIN=High | swing_frequency_amount_minute_BIN=Medium | temperature_measurement1_Celsius_BIN=Low | temperature_measurement2_Celsius_BIN=Low | water_consumption_BIN=High | water_temperature_deltaCelsius_BIN=High | workpiece_slice_geometry=180x180,30014136 | 30014142,15,2,5,22
2020-05-15,K_025,2,alloy_speed_meter_minute_BIN=Medium | alloy_type=open | cast_in_row_BIN=Low | crystallizer_movementmm_BIN=Low | num_crystallizer_BIN=Medium | resistance_tonn_BIN=Low | steel_temperature_grab1Celsius_BIN=High | steel_type=25G2S | steel_weighttonn_BIN=High | swing_frequency_amount_minute_BIN=Medium | temperature_measurement1_Celsius_BIN=Low | temperature_measurement2_Celsius_BIN=Low | water_consumption_BIN=High | water_temperature_deltaCelsius_BIN=High | workpiece_slice_geometry=180x180,30014136 | 30014141 | 30014144,15,3,5,22
2020-05-15,K_025,3,alloy_speed_meter_minute_BIN=Medium | alloy_type=open | cast_in_row_BIN=Low | crystallizer_movementmm_BIN=Low | num_crystallizer_BIN=Medium | num_stream_BIN=Medium | resistance_tonn_BIN=Low | steel_temperature_grab1Celsius_BIN=High | steel_type=25G2S | steel_weighttonn_BIN=High | swing_frequency_amount_minute_BIN=Medium | temperature_measurement1_Celsius_BIN=Low | temperature_measurement2_Celsius_BIN=Low | water_consumption_BIN=High | water_temperature_deltaCelsius_BIN=High | workpiece_slice_geometry=180x180,30014141 | 30014144,16,2,5,22
2020-05-15,K_025,4,RUL_BIN=Medium | alloy_speed_meter_minute_BIN=Medium | alloy_type=open | cast_in_row_BIN=Low | crystallizer_movementmm_BIN=Low | resistance_tonn_BIN=Low | steel_temperature_grab1Celsius_BIN=High | steel_type=25G2S | steel_weighttonn_BIN=High | swing_frequency_amount_minute_BIN=Medium | temperature_measurement1_Celsius_BIN=Low | temperature_measurement2_Celsius_BIN=Low | water_consumption_BIN=High | water_temperature_deltaCelsius_BIN=High | workpiece_slice_geometry=180x180,30014138 | 30014141 | 30014142,15,3,5,22
2020-05-15,K_025,5,RUL_BIN=Medium | alloy_speed_meter_minute_BIN=Medium | alloy_type=open | cast_in_row_BIN=Low | crystallizer_movementmm_BIN=Low | num_crystallizer_BIN=Medium | num_stream_BIN=Medium | resistance_tonn_BIN=Low | steel_temperature_grab1Celsius_BIN=High | steel_type=25G2S | steel_weighttonn_BIN=High | swing_frequency_amount_minute_BIN=Medium | temperature_measurement1_Celsius_BIN=Low | temperature_measurement2_Celsius_BIN=Low | water_consumption_BIN=High | water_temperature_deltaCelsius_BIN=High | workpiece_slice_geometry=180x180,30014141,17,1,5,22
2020-05-15,K_025,6,RUL_BIN=Medium | alloy_speed_meter_minute_BIN=Medium | alloy_type=open | cast_in_row_BIN=Low | crystallizer_movementmm_BIN=Low | num_crystallizer_BIN=Low | num_stream_BIN=High | resistance_tonn_BIN=Low | steel_temperature_grab1Celsius_BIN=High | steel_type=25G2S | steel_weighttonn_BIN=High | swing_frequency_amount_minute_BIN=Medium | temperature_measurement1_Celsius_BIN=Low | temperature_measurement2_Celsius_BIN=Low | water_consumption_BIN=High | water_temperature_deltaCelsius_BIN=High | workpiece_slice_geometry=180x180,30014142,17,1,5,22
2020-05-15,K_025,7,RUL_BIN=Medium | alloy_speed_meter_minute_BIN=Medium | alloy_type=open | cast_in_row_BIN=Low | crystallizer_movementmm_BIN=Low | num_crystallizer_BIN=High | num_stream_BIN=Low | resistance_tonn_BIN=Low | steel_temperature_grab1Celsius_BIN=High | steel_type=25G2S | steel_weighttonn_BIN=High | swing_frequency_amount_minute_BIN=Medium | temperature_measurement1_Celsius_BIN=Low | temperature_measurement2_Celsius_BIN=Low | water_consumption_BIN=High | water_temperature_deltaCelsius_BIN=High | workpiece_slice_geometry=180x180,30014138,17,1,5,22
2020-05-15,K_025,8,RUL_BIN=Healthy | alloy_speed_meter_minute_BIN=Medium | alloy_type=open | cast_in_row_BIN=Low | crystallizer_movementmm_BIN=Low | num_crystallizer_BIN=Medium | resistance_tonn_BIN=Low | steel_temperature_grab1Celsius_BIN=High | steel_type=25G2S | steel_weighttonn_BIN=High | swing_frequency_amount_minute_BIN=Medium | temperature_measurement1_Celsius_BIN=Low | temperature_measurement2_Celsius_BIN=Low | water_consumption_BIN=High | water_temperature_deltaCelsius_BIN=High | workpiece_slice_geometry=180x180,30014136 | 30014144,16,2,5,22
2020-05-15,K_025,9,RUL_BIN=Healthy | alloy_speed_meter_minute_BIN=Medium | alloy_type=open | cast_in_row_BIN=Low | crystallizer_movementmm_BIN=Low | num_crystallizer_BIN=Medium | num_stream_BIN=Medium | resistance_tonn_BIN=Low | steel_temperature_grab1Celsius_BIN=High | steel_type=25G2S | steel_weighttonn_BIN=High | swing_frequency_amount_minute_BIN=Medium | temperature_measurement1_Celsius_BIN=Low | temperature_measurement2_Celsius_BIN=Low | water_consumption_BIN=High | water_temperature_deltaCelsius_BIN=High | workpiece_slice_geometry=180x180,30014144,17,1,5,22
2020-05-15,K_025,10,RUL_BIN=Healthy | alloy_speed_meter_minute_BIN=Medium | alloy_type=open | cast_in_row_BIN=Low | crystallizer_movementmm_BIN=Low | num_crystallizer_BIN=Medium | num_stream_BIN=High | resistance_tonn_BIN=Low | steel_temperature_grab1Celsius_BIN=High | steel_type=25G2S | steel_weighttonn_BIN=High | swing_frequency_amount_minute_BIN=Medium | temperature_measurement1_Celsius_BIN=Low | temperature_measurement2_Celsius_BIN=Low | water_consumption_BIN=High | water_temperature_deltaCelsius_BIN=High | workpiece_slice_geometry=180x180,30014136,17,1,5,22
2020-05-15,K_025,11,RUL_BIN=Healthy | RUL_BIN=Medium | alloy_speed_meter_minute_BIN=Medium | alloy_type=open | cast_in_row_BIN=Low | crystallizer_movementmm_BIN=Low | num_crystallizer_BIN=High | num_crystallizer_BIN=Low | num_crystallizer_BIN=Medium | num_stream_BIN=High | num_stream_BIN=Low | num_stream_BIN=Medium | resistance_tonn_BIN=Low | steel_temperature_grab1Celsius_BIN=High | steel_type=25G2S | steel_weighttonn_BIN=High | swing_frequency_amount_minute_BIN=Medium | temperature_measurement1_Celsius_BIN=Low | temperature_measurement2_Celsius_BIN=Low | water_consumption_BIN=High | water_temperature_deltaCelsius_BIN=High | workpiece_slice_geometry=180x180,,22,0,5,22
2020-05-16,K_026,0,alloy_speed_meter_minute_BIN=Medium | alloy_type=open | cast_in_row_BIN=Low | crystallizer_movementmm_BIN=Low | resistance_tonn_BIN=Low | steel_temperature_grab1Celsius_BIN=High | steel_type=1018 | steel_weighttonn_BIN=High | swing_frequency_amount_minute_BIN=Medium | temperature_measurement1_Celsius_BIN=Low | temperature_measurement2_Celsius_BIN=Low | water_consumption_BIN=High | water_temperature_deltaCelsius_BIN=High | workpiece_slice_geometry=180x180,30014136 | 30014138 | 30014141 | 30014142 | 30014144,14,5,5,23
2020-05-16,K_026,1,alloy_speed_meter_minute_BIN=Medium | alloy_type=open | cast_in_row_BIN=Low | crystallizer_movementmm_BIN=Low | num_stream_BIN=High | resistance_tonn_BIN=Low | steel_temperature_grab1Celsius_BIN=High | steel_type=1018 | steel_weighttonn_BIN=High | swing_frequency_amount_minute_BIN=Medium | temperature_measurement1_Celsius_BIN=Low | temperature_measurement2_Celsius_BIN=Low | water_consumption_BIN=High | water_temperature_deltaCelsius_BIN=High | workpiece_slice_geometry=180x180,30014136 | 30014142,15,2,5,23
2020-05-16,K_026,2,alloy_speed_meter_minute_BIN=Medium | alloy_type=open | cast_in_row_BIN=Low | crystallizer_movementmm_BIN=Low | num_crystallizer_BIN=Medium | resistance_tonn_BIN=Low | steel_temperature_grab1Celsius_BIN=High | steel_type=1018 | steel_weighttonn_BIN=High | swing_frequency_amount_minute_BIN=Medium | temperature_measurement1_Celsius_BIN=Low | temperature_measurement2_Celsius_BIN=Low | water_consumption_BIN=High | water_temperature_deltaCelsius_BIN=High | workpiece_slice_geometry=180x180,30014136 | 30014141 | 30014144,15,3,5,23
2020-05-16,K_026,3,alloy_speed_meter_minute_BIN=Medium | alloy_type=open | cast_in_row_BIN=Low | crystallizer_movementmm_BIN=Low | num_crystallizer_BIN=Medium | num_stream_BIN=Medium | resistance_tonn_BIN=Low | steel_temperature_grab1Celsius_BIN=High | steel_type=1018 | steel_weighttonn_BIN=High | swing_frequency_amount_minute_BIN=Medium | temperature_measurement1_Celsius_BIN=Low | temperature_measurement2_Celsius_BIN=Low | water_consumption_BIN=High | water_temperature_deltaCelsius_BIN=High | workpiece_slice_geometry=180x180,30014141 | 30014144,16,2,5,23
2020-05-16,K_026,4,RUL_BIN=Medium | alloy_speed_meter_minute_BIN=Medium | alloy_type=open | cast_in_row_BIN=Low | crystallizer_movementmm_BIN=Low | resistance_tonn_BIN=Low | steel_temperature_grab1Celsius_BIN=High | steel_type=1018 | steel_weighttonn_BIN=High | swing_frequency_amount_minute_BIN=Medium | temperature_measurement1_Celsius_BIN=Low | temperature_measurement2_Celsius_BIN=Low | water_consumption_BIN=High | water_temperature_deltaCelsius_BIN=High | workpiece_slice_geometry=180x180,30014136 | 30014138 | 30014141,15,3,5,23
2020-05-16,K_026,5,RUL_BIN=Medium | alloy_speed_meter_minute_BIN=Medium | alloy_type=open | cast_in_row_BIN=Low | crystallizer_movementmm_BIN=Low | num_crystallizer_BIN=Medium | resistance_tonn_BIN=Low | steel_temperature_grab1Celsius_BIN=High | steel_type=1018 | steel_weighttonn_BIN=High | swing_frequency_amount_minute_BIN=Medium | temperature_measurement1_Celsius_BIN=Low | temperature_measurement2_Celsius_BIN=Low | water_consumption_BIN=High | water_temperature_deltaCelsius_BIN=High | workpiece_slice_geometry=180x180,30014136 | 30014141,16,2,5,23
2020-05-16,K_026,6,RUL_BIN=Medium | alloy_speed_meter_minute_BIN=Medium | alloy_type=open | cast_in_row_BIN=Low | crystallizer_movementmm_BIN=Low | num_crystallizer_BIN=Medium | num_stream_BIN=Medium | resistance_tonn_BIN=Low | steel_temperature_grab1Celsius_BIN=High | steel_type=1018 | steel_weighttonn_BIN=High | swing_frequency_amount_minute_BIN=Medium | temperature_measurement1_Celsius_BIN=Low | temperature_measurement2_Celsius_BIN=Low | water_consumption_BIN=High | water_temperature_deltaCelsius_BIN=High | workpiece_slice_geometry=180x180,30014141,17,1,5,23
2020-05-16,K_026,7,RUL_BIN=Medium | alloy_speed_meter_minute_BIN=Medium | alloy_type=open | cast_in_row_BIN=Low | crystallizer_movementmm_BIN=Low | num_crystallizer_BIN=Medium | num_stream_BIN=High | resistance_tonn_BIN=Low | steel_temperature_grab1Celsius_BIN=High | steel_type=1018 | steel_weighttonn_BIN=High | swing_frequency_amount_minute_BIN=Medium | temperature_measurement1_Celsius_BIN=Low | temperature_measurement2_Celsius_BIN=Low | water_consumption_BIN=High | water_temperature_deltaCelsius_BIN=High | workpiece_slice_geometry=180x180,30014136,17,1,5,23
2020-05-16,K_026,8,RUL_BIN=Medium | alloy_speed_meter_minute_BIN=Medium | alloy_type=open | cast_in_row_BIN=Low | crystallizer_movementmm_BIN=Low | num_crystallizer_BIN=High | num_stream_BIN=Low | resistance_tonn_BIN=Low | steel_temperature_grab1Celsius_BIN=High | steel_type=1018 | steel_weighttonn_BIN=High | swing_frequency_amount_minute_BIN=Medium | temperature_measurement1_Celsius_BIN=Low | temperature_measurement2_Celsius_BIN=Low | water_consumption_BIN=High | water_temperature_deltaCelsius_BIN=High | workpiece_slice_geometry=180x180,30014138,17,1,5,23
2020-05-16,K_026,9,RUL_BIN=Low | alloy_speed_meter_minute_BIN=Medium | alloy_type=open | cast_in_row_BIN=Low | crystallizer_movementmm_BIN=Low | num_crystallizer_BIN=Low | num_stream_BIN=High | resistance_tonn_BIN=Low | steel_temperature_grab1Celsius_BIN=High | steel_type=1018 | steel_weighttonn_BIN=High | swing_frequency_amount_minute_BIN=Medium | temperature_measurement1_Celsius_BIN=Low | temperature_measurement2_Celsius_BIN=Low | water_consumption_BIN=High | water_temperature_deltaCelsius_BIN=High | workpiece_slice_geometry=180x180,30014142,17,1,5,23
2020-05-16,K_026,10,RUL_BIN=Healthy | alloy_speed_meter_minute_BIN=Medium | alloy_type=open | cast_in_row_BIN=Low | crystallizer_movementmm_BIN=Low | num_crystallizer_BIN=Medium | num_stream_BIN=Medium | resistance_tonn_BIN=Low | steel_temperature_grab1Celsius_BIN=High | steel_type=1018 | steel_weighttonn_BIN=High | swing_frequency_amount_minute_BIN=Medium | temperature_measurement1_Celsius_BIN=Low | temperature_measurement2_Celsius_BIN=Low | water_consumption_BIN=High | water_temperature_deltaCelsius_BIN=High | workpiece_slice_geometry=180x180,30014144,17,1,5,23
2020-05-16,K_026,11,RUL_BIN=Healthy | RUL_BIN=Low | RUL_BIN=Medium | alloy_speed_meter_minute_BIN=Medium | alloy_type=open | cast_in_row_BIN=Low | crystallizer_movementmm_BIN=Low | num_crystallizer_BIN=High | num_crystallizer_BIN=Low | num_crystallizer_BIN=Medium | num_stream_BIN=High | num_stream_BIN=Low | num_stream_BIN=Medium | resistance_tonn_BIN=Low | steel_temperature_grab1Celsius_BIN=High | steel_type=1018 | steel_weighttonn_BIN=High | swing_frequency_amount_minute_BIN=Medium | temperature_measurement1_Celsius_BIN=Low | temperature_measurement2_Celsius_BIN=Low | water_consumption_BIN=High | water_temperature_deltaCelsius_BIN=High | workpiece_slice_geometry=180x180,,23,0,5,23
2020-05-17,K_027,0,alloy_speed_meter_minute_BIN=Medium | alloy_type=open | cast_in_row_BIN=Low | crystallizer_movementmm_BIN=Low | resistance_tonn_BIN=Low | steel_temperature_grab1Celsius_BIN=High | steel_type=Arm500 | steel_weighttonn_BIN=High | swing_frequency_amount_minute_BIN=Medium | temperature_measurement1_Celsius_BIN=Low | temperature_measurement2_Celsius_BIN=Low | water_consumption_BIN=High | water_temperature_deltaCelsius_BIN=High | workpiece_slice_geometry=180x180,30014078 | 30014136 | 30014138 | 30014141 | 30014142 | 30014144 | 30014188 | 30014190 | 30014191 | 30014192 | 30014193,14,11,11,23
2020-05-17,K_027,1,alloy_speed_meter_minute_BIN=Medium | alloy_type=open | cast_in_row_BIN=Low | crystallizer_movementmm_BIN=Low | num_stream_BIN=Medium | resistance_tonn_BIN=Low | steel_temperature_grab1Celsius_BIN=High | steel_type=Arm500 | steel_weighttonn_BIN=High | swing_frequency_amount_minute_BIN=Medium | temperature_measurement1_Celsius_BIN=Low | temperature_measurement2_Celsius_BIN=Low | water_consumption_BIN=High | water_temperature_deltaCelsius_BIN=High | workpiece_slice_geometry=180x180,30014141 | 30014144 | 30014192 | 30014193,15,4,11,23
2020-05-17,K_027,2,alloy_speed_meter_minute_BIN=Medium | alloy_type=open | cast_in_row_BIN=Low | crystallizer_movementmm_BIN=Low | num_stream_BIN=Low | resistance_tonn_BIN=Low | steel_temperature_grab1Celsius_BIN=High | steel_type=Arm500 | steel_weighttonn_BIN=High | swing_frequency_amount_minute_BIN=Medium | temperature_measurement1_Celsius_BIN=Low | temperature_measurement2_Celsius_BIN=Low | water_consumption_BIN=High | water_temperature_deltaCelsius_BIN=High | workpiece_slice_geometry=180x180,30014078 | 30014138 | 30014190,15,3,11,23
2020-05-17,K_027,3,alloy_speed_meter_minute_BIN=Medium | alloy_type=open | cast_in_row_BIN=Low | crystallizer_movementmm_BIN=Low | num_stream_BIN=High | resistance_tonn_BIN=Low | steel_temperature_grab1Celsius_BIN=High | steel_type=Arm500 | steel_weighttonn_BIN=High | swing_frequency_amount_minute_BIN=Medium | temperature_measurement1_Celsius_BIN=Low | temperature_measurement2_Celsius_BIN=Low | water_consumption_BIN=High | water_temperature_deltaCelsius_BIN=High | workpiece_slice_geometry=180x180,30014136 | 30014142 | 30014188 | 30014191,15,4,11,23
2020-05-17,K_027,4,alloy_speed_meter_minute_BIN=Medium | alloy_type=open | cast_in_row_BIN=Low | crystallizer_movementmm_BIN=Low | num_crystallizer_BIN=Medium | resistance_tonn_BIN=Low | steel_temperature_grab1Celsius_BIN=High | steel_type=Arm500 | steel_weighttonn_BIN=High | swing_frequency_amount_minute_BIN=Medium | temperature_measurement1_Celsius_BIN=Low | temperature_measurement2_Celsius_BIN=Low | water_consumption_BIN=High | water_temperature_deltaCelsius_BIN=High | workpiece_slice_geometry=180x180,30014136 | 30014141 | 30014144,15,3,11,23
2020-05-17,K_027,5,alloy_speed_meter_minute_BIN=Medium | alloy_type=open | cast_in_row_BIN=Low | crystallizer_movementmm_BIN=Low | num_crystallizer_BIN=Medium | num_stream_BIN=Medium | resistance_tonn_BIN=Low | steel_temperature_grab1Celsius_BIN=High | steel_type=Arm500 | steel_weighttonn_BIN=High | swing_frequency_amount_minute_BIN=Medium | temperature_measurement1_Celsius_BIN=Low | temperature_measurement2_Celsius_BIN=Low | water_consumption_BIN=High | water_temperature_deltaCelsius_BIN=High | workpiece_slice_geometry=180x180,30014141 | 30014144,16,2,11,23
2020-05-17,K_027,6,alloy_speed_meter_minute_BIN=Medium | alloy_type=open | cast_in_row_BIN=Low | crystallizer_movementmm_BIN=Low | num_crystallizer_BIN=Low | resistance_tonn_BIN=Low | steel_temperature_grab1Celsius_BIN=High | steel_type=Arm500 | steel_weighttonn_BIN=High | swing_frequency_amount_minute_BIN=Medium | temperature_measurement1_Celsius_BIN=Low | temperature_measurement2_Celsius_BIN=Low | water_consumption_BIN=High | water_temperature_deltaCelsius_BIN=High | workpiece_slice_geometry=180x180,30014078 | 30014142 | 30014188 | 30014191 | 30014193,15,5,11,23
2020-05-17,K_027,7,alloy_speed_meter_minute_BIN=Medium | alloy_type=open | cast_in_row_BIN=Low | crystallizer_movementmm_BIN=Low | num_crystallizer_BIN=Low | num_stream_BIN=High | resistance_tonn_BIN=Low | steel_temperature_grab1Celsius_BIN=High | steel_type=Arm500 | steel_weighttonn_BIN=High | swing_frequency_amount_minute_BIN=Medium | temperature_measurement1_Celsius_BIN=Low | temperature_measurement2_Celsius_BIN=Low | water_consumption_BIN=High | water_temperature_deltaCelsius_BIN=High | workpiece_slice_geometry=180x180,30014142 | 30014188 | 30014191,16,3,11,23
2020-05-17,K_027,8,alloy_speed_meter_minute_BIN=Medium | alloy_type=open | cast_in_row_BIN=Low | crystallizer_movementmm_BIN=Low | num_crystallizer_BIN=High | resistance_tonn_BIN=Low | steel_temperature_grab1Celsius_BIN=High | steel_type=Arm500 | steel_weighttonn_BIN=High | swing_frequency_amount_minute_BIN=Medium | temperature_measurement1_Celsius_BIN=Low | temperature_measurement2_Celsius_BIN=Low | water_consumption_BIN=High | water_temperature_deltaCelsius_BIN=High | workpiece_slice_geometry=180x180,30014138 | 30014190 | 30014192,15,3,11,23
2020-05-17,K_027,9,alloy_speed_meter_minute_BIN=Medium | alloy_type=open | cast_in_row_BIN=Low | crystallizer_movementmm_BIN=Low | num_crystallizer_BIN=High | num_stream_BIN=Low | resistance_tonn_BIN=Low | steel_temperature_grab1Celsius_BIN=High | steel_type=Arm500 | steel_weighttonn_BIN=High | swing_frequency_amount_minute_BIN=Medium | temperature_measurement1_Celsius_BIN=Low | temperature_measurement2_Celsius_BIN=Low | water_consumption_BIN=High | water_temperature_deltaCelsius_BIN=High | workpiece_slice_geometry=180x180,30014138 | 30014190,16,2,11,23
2020-05-17,K_027,10,RUL_BIN=Medium | alloy_speed_meter_minute_BIN=Medium | alloy_type=open | cast_in_row_BIN=Low | crystallizer_movementmm_BIN=Low | resistance_tonn_BIN=Low | steel_temperature_grab1Celsius_BIN=High | steel_type=Arm500 | steel_weighttonn_BIN=High | swing_frequency_amount_minute_BIN=Medium | temperature_measurement1_Celsius_BIN=Low | temperature_measurement2_Celsius_BIN=Low | water_consumption_BIN=High | water_temperature_deltaCelsius_BIN=High | workpiece_slice_geometry=180x180,30014136 | 30014138,15,2,11,23
2020-05-17,K_027,11,RUL_BIN=Medium | alloy_speed_meter_minute_BIN=Medium | alloy_type=open | cast_in_row_BIN=Low | crystallizer_movementmm_BIN=Low | num_crystallizer_BIN=Medium | num_stream_BIN=High | resistance_tonn_BIN=Low | steel_temperature_grab1Celsius_BIN=High | steel_type=Arm500 | steel_weighttonn_BIN=High | swing_frequency_amount_minute_BIN=Medium | temperature_measurement1_Celsius_BIN=Low | temperature_measurement2_Celsius_BIN=Low | water_consumption_BIN=High | water_temperature_deltaCelsius_BIN=High | workpiece_slice_geometry=180x180,30014136,17,1,11,23
2020-05-17,K_027,12,RUL_BIN=Medium | alloy_speed_meter_minute_BIN=Medium | alloy_type=open | cast_in_row_BIN=Low | crystallizer_movementmm_BIN=Low | num_crystallizer_BIN=High | num_stream_BIN=Low | resistance_tonn_BIN=Low | steel_temperature_grab1Celsius_BIN=High | steel_type=Arm500 | steel_weighttonn_BIN=High | swing_frequency_amount_minute_BIN=Medium | temperature_measurement1_Celsius_BIN=Low | temperature_measurement2_Celsius_BIN=Low | water_consumption_BIN=High | water_temperature_deltaCelsius_BIN=High | workpiece_slice_geometry=180x180,30014138,17,1,11,23
2020-05-17,K_027,13,RUL_BIN=Low | alloy_speed_meter_minute_BIN=Medium | alloy_type=open | cast_in_row_BIN=Low | crystallizer_movementmm_BIN=Low | resistance_tonn_BIN=Low | steel_temperature_grab1Celsius_BIN=High | steel_type=Arm500 | steel_weighttonn_BIN=High | swing_frequency_amount_minute_BIN=Medium | temperature_measurement1_Celsius_BIN=Low | temperature_measurement2_Celsius_BIN=Low | water_consumption_BIN=High | water_temperature_deltaCelsius_BIN=High | workpiece_slice_geometry=180x180,30014141 | 30014142,15,2,11,23
2020-05-17,K_027,14,RUL_BIN=Low | alloy_speed_meter_minute_BIN=Medium | alloy_type=open | cast_in_row_BIN=Low | crystallizer_movementmm_BIN=Low | num_crystallizer_BIN=Medium | num_stream_BIN=Medium | resistance_tonn_BIN=Low | steel_temperature_grab1Celsius_BIN=High | steel_type=Arm500 | steel_weighttonn_BIN=High | swing_frequency_amount_minute_BIN=Medium | temperature_measurement1_Celsius_BIN=Low | temperature_measurement2_Celsius_BIN=Low | water_consumption_BIN=High | water_temperature_deltaCelsius_BIN=High | workpiece_slice_geometry=180x180,30014141,17,1,11,23
2020-05-17,K_027,15,RUL_BIN=Low | alloy_speed_meter_minute_BIN=Medium | alloy_type=open | cast_in_row_BIN=Low | crystallizer_movementmm_BIN=Low | num_crystallizer_BIN=Low | num_stream_BIN=High | resistance_tonn_BIN=Low | steel_temperature_grab1Celsius_BIN=High | steel_type=Arm500 | steel_weighttonn_BIN=High | swing_frequency_amount_minute_BIN=Medium | temperature_measurement1_Celsius_BIN=Low | temperature_measurement2_Celsius_BIN=Low | water_consumption_BIN=High | water_temperature_deltaCelsius_BIN=High | workpiece_slice_geometry=180x180,30014142,17,1,11,23
2020-05-17,K_027,16,RUL_BIN=Healthy | alloy_speed_meter_minute_BIN=Medium | alloy_type=open | cast_in_row_BIN=Low | crystallizer_movementmm_BIN=Low | resistance_tonn_BIN=Low | steel_temperature_grab1Celsius_BIN=High | steel_type=Arm500 | steel_weighttonn_BIN=High | swing_frequency_amount_minute_BIN=Medium | temperature_measurement1_Celsius_BIN=Low | temperature_measurement2_Celsius_BIN=Low | water_consumption_BIN=High | water_temperature_deltaCelsius_BIN=High | workpiece_slice_geometry=180x180,30014078 | 30014144 | 30014188 | 30014190 | 30014191 | 30014192 | 30014193,15,7,11,23
2020-05-17,K_027,17,RUL_BIN=Healthy | alloy_speed_meter_minute_BIN=Medium | alloy_type=open | cast_in_row_BIN=Low | crystallizer_movementmm_BIN=Low | num_stream_BIN=Medium | resistance_tonn_BIN=Low | steel_temperature_grab1Celsius_BIN=High | steel_type=Arm500 | steel_weighttonn_BIN=High | swing_frequency_amount_minute_BIN=Medium | temperature_measurement1_Celsius_BIN=Low | temperature_measurement2_Celsius_BIN=Low | water_consumption_BIN=High | water_temperature_deltaCelsius_BIN=High | workpiece_slice_geometry=180x180,30014144 | 30014192 | 30014193,16,3,11,23
2020-05-17,K_027,18,RUL_BIN=Healthy | alloy_speed_meter_minute_BIN=Medium | alloy_type=open | cast_in_row_BIN=Low | crystallizer_movementmm_BIN=Low | num_stream_BIN=Low | resistance_tonn_BIN=Low | steel_temperature_grab1Celsius_BIN=High | steel_type=Arm500 | steel_weighttonn_BIN=High | swing_frequency_amount_minute_BIN=Medium | temperature_measurement1_Celsius_BIN=Low | temperature_measurement2_Celsius_BIN=Low | water_consumption_BIN=High | water_temperature_deltaCelsius_BIN=High | workpiece_slice_geometry=180x180,30014078 | 30014190,16,2,11,23
2020-05-17,K_027,19,RUL_BIN=Healthy | alloy_speed_meter_minute_BIN=Medium | alloy_type=open | cast_in_row_BIN=Low | crystallizer_movementmm_BIN=Low | num_crystallizer_BIN=Medium | num_stream_BIN=Medium | resistance_tonn_BIN=Low | steel_temperature_grab1Celsius_BIN=High | steel_type=Arm500 | steel_weighttonn_BIN=High | swing_frequency_amount_minute_BIN=Medium | temperature_measurement1_Celsius_BIN=Low | temperature_measurement2_Celsius_BIN=Low | water_consumption_BIN=High | water_temperature_deltaCelsius_BIN=High | workpiece_slice_geometry=180x180,30014144,17,1,11,23
2020-05-17,K_027,20,RUL_BIN=Healthy | alloy_speed_meter_minute_BIN=Medium | alloy_type=open | cast_in_row_BIN=Low | crystallizer_movementmm_BIN=Low | num_crystallizer_BIN=Low | resistance_tonn_BIN=Low | steel_temperature_grab1Celsius_BIN=High | steel_type=Arm500 | steel_weighttonn_BIN=High | swing_frequency_amount_minute_BIN=Medium | temperature_measurement1_Celsius_BIN=Low | temperature_measurement2_Celsius_BIN=Low | water_consumption_BIN=High | water_temperature_deltaCelsius_BIN=High | workpiece_slice_geometry=180x180,30014078 | 30014188 | 30014191 | 30014193,16,4,11,23
2020-05-17,K_027,21,RUL_BIN=Healthy | alloy_speed_meter_minute_BIN=Medium | alloy_type=open | cast_in_row_BIN=Low | crystallizer_movementmm_BIN=Low | num_crystallizer_BIN=Low | num_stream_BIN=Medium | resistance_tonn_BIN=Low | steel_temperature_grab1Celsius_BIN=High | steel_type=Arm500 | steel_weighttonn_BIN=High | swing_frequency_amount_minute_BIN=Medium | temperature_measurement1_Celsius_BIN=Low | temperature_measurement2_Celsius_BIN=Low | water_consumption_BIN=High | water_temperature_deltaCelsius_BIN=High | workpiece_slice_geometry=180x180,30014193,17,1,11,23
2020-05-17,K_027,22,RUL_BIN=Healthy | alloy_speed_meter_minute_BIN=Medium | alloy_type=open | cast_in_row_BIN=Low | crystallizer_movementmm_BIN=Low | num_crystallizer_BIN=Low | num_stream_BIN=Low | resistance_tonn_BIN=Low | steel_temperature_grab1Celsius_BIN=High | steel_type=Arm500 | steel_weighttonn_BIN=High | swing_frequency_amount_minute_BIN=Medium | temperature_measurement1_Celsius_BIN=Low | temperature_measurement2_Celsius_BIN=Low | water_consumption_BIN=High | water_temperature_deltaCelsius_BIN=High | workpiece_slice_geometry=180x180,30014078,17,1,11,23
2020-05-17,K_027,23,RUL_BIN=Healthy | alloy_speed_meter_minute_BIN=Medium | alloy_type=open | cast_in_row_BIN=Low | crystallizer_movementmm_BIN=Low | num_crystallizer_BIN=Low | num_stream_BIN=High | resistance_tonn_BIN=Low | steel_temperature_grab1Celsius_BIN=High | steel_type=Arm500 | steel_weighttonn_BIN=High | swing_frequency_amount_minute_BIN=Medium | temperature_measurement1_Celsius_BIN=Low | temperature_measurement2_Celsius_BIN=Low | water_consumption_BIN=High | water_temperature_deltaCelsius_BIN=High | workpiece_slice_geometry=180x180,30014188 | 30014191,17,2,11,23
2020-05-17,K_027,24,RUL_BIN=Healthy | alloy_speed_meter_minute_BIN=Medium | alloy_type=open | cast_in_row_BIN=Low | crystallizer_movementmm_BIN=Low | num_crystallizer_BIN=High | resistance_tonn_BIN=Low | steel_temperature_grab1Celsius_BIN=High | steel_type=Arm500 | steel_weighttonn_BIN=High | swing_frequency_amount_minute_BIN=Medium | temperature_measurement1_Celsius_BIN=Low | temperature_measurement2_Celsius_BIN=Low | water_consumption_BIN=High | water_temperature_deltaCelsius_BIN=High | workpiece_slice_geometry=180x180,30014190 | 30014192,16,2,11,23
2020-05-17,K_027,25,RUL_BIN=Healthy | alloy_speed_meter_minute_BIN=Medium | alloy_type=open | cast_in_row_BIN=Low | crystallizer_movementmm_BIN=Low | num_crystallizer_BIN=High | num_stream_BIN=Medium | resistance_tonn_BIN=Low | steel_temperature_grab1Celsius_BIN=High | steel_type=Arm500 | steel_weighttonn_BIN=High | swing_frequency_amount_minute_BIN=Medium | temperature_measurement1_Celsius_BIN=Low | temperature_measurement2_Celsius_BIN=Low | water_consumption_BIN=High | water_temperature_deltaCelsius_BIN=High | workpiece_slice_geometry=180x180,30014192,17,1,11,23
2020-05-17,K_027,26,RUL_BIN=Healthy | alloy_speed_meter_minute_BIN=Medium | alloy_type=open | cast_in_row_BIN=Low | crystallizer_movementmm_BIN=Low | num_crystallizer_BIN=High | num_stream_BIN=Low | resistance_tonn_BIN=Low | steel_temperature_grab1Celsius_BIN=High | steel_type=Arm500 | steel_weighttonn_BIN=High | swing_frequency_amount_minute_BIN=Medium | temperature_measurement1_Celsius_BIN=Low | temperature_measurement2_Celsius_BIN=Low | water_consumption_BIN=High | water_temperature_deltaCelsius_BIN=High | workpiece_slice_geometry=180x180,30014190,17,1,11,23
2020-05-17,K_027,27,RUL_BIN=Healthy | RUL_BIN=Low | RUL_BIN=Medium | alloy_speed_meter_minute_BIN=Medium | alloy_type=open | cast_in_row_BIN=Low | crystallizer_movementmm_BIN=Low | num_crystallizer_BIN=High | num_crystallizer_BIN=Low | num_crystallizer_BIN=Medium | num_stream_BIN=High | num_stream_BIN=Low | num_stream_BIN=Medium | resistance_tonn_BIN=Low | steel_temperature_grab1Celsius_BIN=High | steel_type=Arm500 | steel_weighttonn_BIN=High | swing_frequency_amount_minute_BIN=Medium | temperature_measurement1_Celsius_BIN=Low | temperature_measurement2_Celsius_BIN=Low | water_consumption_BIN=High | water_temperature_deltaCelsius_BIN=High | workpiece_slice_geometry=180x180,,23,0,11,23
2020-05-18,K_028,0,alloy_speed_meter_minute_BIN=High | alloy_type=open | cast_in_row_BIN=Medium | crystallizer_movementmm_BIN=High | resistance_tonn_BIN=Low | steel_temperature_grab1Celsius_BIN=High | steel_type=St4sp | steel_weighttonn_BIN=High | swing_frequency_amount_minute_BIN=Low | temperature_measurement1_Celsius_BIN=Low | temperature_measurement2_Celsius_BIN=Low | water_consumption_BIN=High | water_temperature_deltaCelsius_BIN=High | workpiece_slice_geometry=150x150,30014078 | 30014144 | 30014188 | 30014190 | 30014191 | 30014192 | 30014193,14,7,7,22
2020-05-18,K_028,1,alloy_speed_meter_minute_BIN=High | alloy_type=open | cast_in_row_BIN=Medium | crystallizer_movementmm_BIN=High | num_stream_BIN=Low | resistance_tonn_BIN=Low | steel_temperature_grab1Celsius_BIN=High | steel_type=St4sp | steel_weighttonn_BIN=High | swing_frequency_amount_minute_BIN=Low | temperature_measurement1_Celsius_BIN=Low | temperature_measurement2_Celsius_BIN=Low | water_consumption_BIN=High | water_temperature_deltaCelsius_BIN=High | workpiece_slice_geometry=150x150,30014078 | 30014190,15,2,7,22
2020-05-18,K_028,2,alloy_speed_meter_minute_BIN=High | alloy_type=open | cast_in_row_BIN=Medium | crystallizer_movementmm_BIN=High | num_crystallizer_BIN=Low | resistance_tonn_BIN=Low | steel_temperature_grab1Celsius_BIN=High | steel_type=St4sp | steel_weighttonn_BIN=High | swing_frequency_amount_minute_BIN=Low | temperature_measurement1_Celsius_BIN=Low | temperature_measurement2_Celsius_BIN=Low | water_consumption_BIN=High | water_temperature_deltaCelsius_BIN=High | workpiece_slice_geometry=150x150,30014078 | 30014188 | 30014191 | 30014193,15,4,7,22
2020-05-18,K_028,3,alloy_speed_meter_minute_BIN=High | alloy_type=open | cast_in_row_BIN=Medium | crystallizer_movementmm_BIN=High | num_crystallizer_BIN=Low | num_stream_BIN=High | resistance_tonn_BIN=Low | steel_temperature_grab1Celsius_BIN=High | steel_type=St4sp | steel_weighttonn_BIN=High | swing_frequency_amount_minute_BIN=Low | temperature_measurement1_Celsius_BIN=Low | temperature_measurement2_Celsius_BIN=Low | water_consumption_BIN=High | water_temperature_deltaCelsius_BIN=High | workpiece_slice_geometry=150x150,30014188 | 30014191,16,2,7,22
2020-05-18,K_028,4,RUL_BIN=Medium | alloy_speed_meter_minute_BIN=High | alloy_type=open | cast_in_row_BIN=Medium | crystallizer_movementmm_BIN=High | num_crystallizer_BIN=Low | resistance_tonn_BIN=Low | steel_temperature_grab1Celsius_BIN=High | steel_type=St4sp | steel_weighttonn_BIN=High | swing_frequency_amount_minute_BIN=Low | temperature_measurement1_Celsius_BIN=Low | temperature_measurement2_Celsius_BIN=Low | water_consumption_BIN=High | water_temperature_deltaCelsius_BIN=High | workpiece_slice_geometry=150x150,30014078 | 30014188,16,2,7,22
2020-05-18,K_028,5,RUL_BIN=Medium | alloy_speed_meter_minute_BIN=High | alloy_type=open | cast_in_row_BIN=Medium | crystallizer_movementmm_BIN=High | num_crystallizer_BIN=Low | num_stream_BIN=Low | resistance_tonn_BIN=Low | steel_temperature_grab1Celsius_BIN=High | steel_type=St4sp | steel_weighttonn_BIN=High | swing_frequency_amount_minute_BIN=Low | temperature_measurement1_Celsius_BIN=Low | temperature_measurement2_Celsius_BIN=Low | water_consumption_BIN=High | water_temperature_deltaCelsius_BIN=High | workpiece_slice_geometry=150x150,30014078,17,1,7,22
2020-05-18,K_028,6,RUL_BIN=Medium | alloy_speed_meter_minute_BIN=High | alloy_type=open | cast_in_row_BIN=Medium | crystallizer_movementmm_BIN=High | num_crystallizer_BIN=Low | num_stream_BIN=High | resistance_tonn_BIN=Low | steel_temperature_grab1Celsius_BIN=High | steel_type=St4sp | steel_weighttonn_BIN=High | swing_frequency_amount_minute_BIN=Low | temperature_measurement1_Celsius_BIN=Low | temperature_measurement2_Celsius_BIN=Low | water_consumption_BIN=High | water_temperature_deltaCelsius_BIN=High | workpiece_slice_geometry=150x150,30014188,17,1,7,22
2020-05-18,K_028,7,RUL_BIN=Healthy | alloy_speed_meter_minute_BIN=High | alloy_type=open | cast_in_row_BIN=Medium | crystallizer_movementmm_BIN=High | resistance_tonn_BIN=Low | steel_temperature_grab1Celsius_BIN=High | steel_type=St4sp | steel_weighttonn_BIN=High | swing_frequency_amount_minute_BIN=Low | temperature_measurement1_Celsius_BIN=Low | temperature_measurement2_Celsius_BIN=Low | water_consumption_BIN=High | water_temperature_deltaCelsius_BIN=High | workpiece_slice_geometry=150x150,30014144 | 30014190 | 30014191 | 30014192 | 30014193,15,5,7,22
2020-05-18,K_028,8,RUL_BIN=Healthy | alloy_speed_meter_minute_BIN=High | alloy_type=open | cast_in_row_BIN=Medium | crystallizer_movementmm_BIN=High | num_stream_BIN=Medium | resistance_tonn_BIN=Low | steel_temperature_grab1Celsius_BIN=High | steel_type=St4sp | steel_weighttonn_BIN=High | swing_frequency_amount_minute_BIN=Low | temperature_measurement1_Celsius_BIN=Low | temperature_measurement2_Celsius_BIN=Low | water_consumption_BIN=High | water_temperature_deltaCelsius_BIN=High | workpiece_slice_geometry=150x150,30014144 | 30014192 | 30014193,16,3,7,22
2020-05-18,K_028,9,RUL_BIN=Healthy | alloy_speed_meter_minute_BIN=High | alloy_type=open | cast_in_row_BIN=Medium | crystallizer_movementmm_BIN=High | num_crystallizer_BIN=Medium | num_stream_BIN=Medium | resistance_tonn_BIN=Low | steel_temperature_grab1Celsius_BIN=High | steel_type=St4sp | steel_weighttonn_BIN=High | swing_frequency_amount_minute_BIN=Low | temperature_measurement1_Celsius_BIN=Low | temperature_measurement2_Celsius_BIN=Low | water_consumption_BIN=High | water_temperature_deltaCelsius_BIN=High | workpiece_slice_geometry=150x150,30014144,17,1,7,22
2020-05-18,K_028,10,RUL_BIN=Healthy | alloy_speed_meter_minute_BIN=High | alloy_type=open | cast_in_row_BIN=Medium | crystallizer_movementmm_BIN=High | num_crystallizer_BIN=Low | resistance_tonn_BIN=Low | steel_temperature_grab1Celsius_BIN=High | steel_type=St4sp | steel_weighttonn_BIN=High | swing_frequency_amount_minute_BIN=Low | temperature_measurement1_Celsius_BIN=Low | temperature_measurement2_Celsius_BIN=Low | water_consumption_BIN=High | water_temperature_deltaCelsius_BIN=High | workpiece_slice_geometry=150x150,30014191 | 30014193,16,2,7,22
2020-05-18,K_028,11,RUL_BIN=Healthy | alloy_speed_meter_minute_BIN=High | alloy_type=open | cast_in_row_BIN=Medium | crystallizer_movementmm_BIN=High | num_crystallizer_BIN=Low | num_stream_BIN=Medium | resistance_tonn_BIN=Low | steel_temperature_grab1Celsius_BIN=High | steel_type=St4sp | steel_weighttonn_BIN=High | swing_frequency_amount_minute_BIN=Low | temperature_measurement1_Celsius_BIN=Low | temperature_measurement2_Celsius_BIN=Low | water_consumption_BIN=High | water_temperature_deltaCelsius_BIN=High | workpiece_slice_geometry=150x150,30014193,17,1,7,22
2020-05-18,K_028,12,RUL_BIN=Healthy | alloy_speed_meter_minute_BIN=High | alloy_type=open | cast_in_row_BIN=Medium | crystallizer_movementmm_BIN=High | num_crystallizer_BIN=Low | num_stream_BIN=High | resistance_tonn_BIN=Low | steel_temperature_grab1Celsius_BIN=High | steel_type=St4sp | steel_weighttonn_BIN=High | swing_frequency_amount_minute_BIN=Low | temperature_measurement1_Celsius_BIN=Low | temperature_measurement2_Celsius_BIN=Low | water_consumption_BIN=High | water_temperature_deltaCelsius_BIN=High | workpiece_slice_geometry=150x150,30014191,17,1,7,22
2020-05-18,K_028,13,RUL_BIN=Healthy | alloy_speed_meter_minute_BIN=High | alloy_type=open | cast_in_row_BIN=Medium | crystallizer_movementmm_BIN=High | num_crystallizer_BIN=High | resistance_tonn_BIN=Low | steel_temperature_grab1Celsius_BIN=High | steel_type=St4sp | steel_weighttonn_BIN=High | swing_frequency_amount_minute_BIN=Low | temperature_measurement1_Celsius_BIN=Low | temperature_measurement2_Celsius_BIN=Low | water_consumption_BIN=High | water_temperature_deltaCelsius_BIN=High | workpiece_slice_geometry=150x150,30014190 | 30014192,16,2,7,22
2020-05-18,K_028,14,RUL_BIN=Healthy | alloy_speed_meter_minute_BIN=High | alloy_type=open | cast_in_row_BIN=Medium | crystallizer_movementmm_BIN=High | num_crystallizer_BIN=High | num_stream_BIN=Medium | resistance_tonn_BIN=Low | steel_temperature_grab1Celsius_BIN=High | steel_type=St4sp | steel_weighttonn_BIN=High | swing_frequency_amount_minute_BIN=Low | temperature_measurement1_Celsius_BIN=Low | temperature_measurement2_Celsius_BIN=Low | water_consumption_BIN=High | water_temperature_deltaCelsius_BIN=High | workpiece_slice_geometry=150x150,30014192,17,1,7,22
2020-05-18,K_028,15,RUL_BIN=Healthy | alloy_speed_meter_minute_BIN=High | alloy_type=open | cast_in_row_BIN=Medium | crystallizer_movementmm_BIN=High | num_crystallizer_BIN=High | num_stream_BIN=Low | resistance_tonn_BIN=Low | steel_temperature_grab1Celsius_BIN=High | steel_type=St4sp | steel_weighttonn_BIN=High | swing_frequency_amount_minute_BIN=Low | temperature_measurement1_Celsius_BIN=Low | temperature_measurement2_Celsius_BIN=Low | water_consumption_BIN=High | water_temperature_deltaCelsius_BIN=High | workpiece_slice_geometry=150x150,30014190,17,1,7,22
2020-05-18,K_028,16,RUL_BIN=Healthy | RUL_BIN=Medium | alloy_speed_meter_minute_BIN=High | alloy_type=open | cast_in_row_BIN=Medium | crystallizer_movementmm_BIN=High | num_crystallizer_BIN=High | num_crystallizer_BIN=Low | num_crystallizer_BIN=Medium | num_stream_BIN=High | num_stream_BIN=Low | num_stream_BIN=Medium | resistance_tonn_BIN=Low | steel_temperature_grab1Celsius_BIN=High | steel_type=St4sp | steel_weighttonn_BIN=High | swing_frequency_amount_minute_BIN=Low | temperature_measurement1_Celsius_BIN=Low | temperature_measurement2_Celsius_BIN=Low | water_consumption_BIN=High | water_temperature_deltaCelsius_BIN=High | workpiece_slice_geometry=150x150,,22,0,7,22
2020-05-19,K_029,0,alloy_speed_meter_minute_BIN=Medium | alloy_type=open | cast_in_row_BIN=Low | crystallizer_movementmm_BIN=Low | resistance_tonn_BIN=Low | steel_temperature_grab1Celsius_BIN=High | steel_type=Arm500 | steel_weighttonn_BIN=High | swing_frequency_amount_minute_BIN=Medium | temperature_measurement1_Celsius_BIN=Low | temperature_measurement2_Celsius_BIN=Low | water_consumption_BIN=High | water_temperature_deltaCelsius_BIN=High | workpiece_slice_geometry=180x180,30013359 | 30013867 | 30014078 | 30014136 | 30014138 | 30014142 | 30014144 | 30014188 | 30014190 | 30014191 | 30014192 | 30014193,14,12,12,24
2020-05-19,K_029,1,alloy_speed_meter_minute_BIN=Medium | alloy_type=open | cast_in_row_BIN=Low | crystallizer_movementmm_BIN=Low | num_stream_BIN=Medium | resistance_tonn_BIN=Low | steel_temperature_grab1Celsius_BIN=High | steel_type=Arm500 | steel_weighttonn_BIN=High | swing_frequency_amount_minute_BIN=Medium | temperature_measurement1_Celsius_BIN=Low | temperature_measurement2_Celsius_BIN=Low | water_consumption_BIN=High | water_temperature_deltaCelsius_BIN=High | workpiece_slice_geometry=180x180,30013359 | 30014136 | 30014144 | 30014192 | 30014193,15,5,12,24
2020-05-19,K_029,2,alloy_speed_meter_minute_BIN=Medium | alloy_type=open | cast_in_row_BIN=Low | crystallizer_movementmm_BIN=Low | num_stream_BIN=Low | resistance_tonn_BIN=Low | steel_temperature_grab1Celsius_BIN=High | steel_type=Arm500 | steel_weighttonn_BIN=High | swing_frequency_amount_minute_BIN=Medium | temperature_measurement1_Celsius_BIN=Low | temperature_measurement2_Celsius_BIN=Low | water_consumption_BIN=High | water_temperature_deltaCelsius_BIN=High | workpiece_slice_geometry=180x180,30013867 | 30014078 | 30014142 | 30014190,15,4,12,24
2020-05-19,K_029,3,alloy_speed_meter_minute_BIN=Medium | alloy_type=open | cast_in_row_BIN=Low | crystallizer_movementmm_BIN=Low | num_stream_BIN=High | resistance_tonn_BIN=Low | steel_temperature_grab1Celsius_BIN=High | steel_type=Arm500 | steel_weighttonn_BIN=High | swing_frequency_amount_minute_BIN=Medium | temperature_measurement1_Celsius_BIN=Low | temperature_measurement2_Celsius_BIN=Low | water_consumption_BIN=High | water_temperature_deltaCelsius_BIN=High | workpiece_slice_geometry=180x180,30014138 | 30014188 | 30014191,15,3,12,24
2020-05-19,K_029,4,alloy_speed_meter_minute_BIN=Medium | alloy_type=open | cast_in_row_BIN=Low | crystallizer_movementmm_BIN=Low | num_crystallizer_BIN=Medium | resistance_tonn_BIN=Low | steel_temperature_grab1Celsius_BIN=High | steel_type=Arm500 | steel_weighttonn_BIN=High | swing_frequency_amount_minute_BIN=Medium | temperature_measurement1_Celsius_BIN=Low | temperature_measurement2_Celsius_BIN=Low | water_consumption_BIN=High | water_temperature_deltaCelsius_BIN=High | workpiece_slice_geometry=180x180,30013359 | 30013867 | 30014136 | 30014144,15,4,12,24
2020-05-19,K_029,5,alloy_speed_meter_minute_BIN=Medium | alloy_type=open | cast_in_row_BIN=Low | crystallizer_movementmm_BIN=Low | num_crystallizer_BIN=Medium | num_stream_BIN=Medium | resistance_tonn_BIN=Low | steel_temperature_grab1Celsius_BIN=High | steel_type=Arm500 | steel_weighttonn_BIN=High | swing_frequency_amount_minute_BIN=Medium | temperature_measurement1_Celsius_BIN=Low | temperature_measurement2_Celsius_BIN=Low | water_consumption_BIN=High | water_temperature_deltaCelsius_BIN=High | workpiece_slice_geometry=180x180,30013359 | 30014136 | 30014144,16,3,12,24
2020-05-19,K_029,6,alloy_speed_meter_minute_BIN=Medium | alloy_type=open | cast_in_row_BIN=Low | crystallizer_movementmm_BIN=Low | num_crystallizer_BIN=Low | resistance_tonn_BIN=Low | steel_temperature_grab1Celsius_BIN=High | steel_type=Arm500 | steel_weighttonn_BIN=High | swing_frequency_amount_minute_BIN=Medium | temperature_measurement1_Celsius_BIN=Low | temperature_measurement2_Celsius_BIN=Low | water_consumption_BIN=High | water_temperature_deltaCelsius_BIN=High | workpiece_slice_geometry=180x180,30014078 | 30014142 | 30014188 | 30014191 | 30014193,15,5,12,24
2020-05-19,K_029,7,alloy_speed_meter_minute_BIN=Medium | alloy_type=open | cast_in_row_BIN=Low | crystallizer_movementmm_BIN=Low | num_crystallizer_BIN=Low | num_stream_BIN=Low | resistance_tonn_BIN=Low | steel_temperature_grab1Celsius_BIN=High | steel_type=Arm500 | steel_weighttonn_BIN=High | swing_frequency_amount_minute_BIN=Medium | temperature_measurement1_Celsius_BIN=Low | temperature_measurement2_Celsius_BIN=Low | water_consumption_BIN=High | water_temperature_deltaCelsius_BIN=High | workpiece_slice_geometry=180x180,30014078 | 30014142,16,2,12,24
2020-05-19,K_029,8,alloy_speed_meter_minute_BIN=Medium | alloy_type=open | cast_in_row_BIN=Low | crystallizer_movementmm_BIN=Low | num_crystallizer_BIN=High | resistance_tonn_BIN=Low | steel_temperature_grab1Celsius_BIN=High | steel_type=Arm500 | steel_weighttonn_BIN=High | swing_frequency_amount_minute_BIN=Medium | temperature_measurement1_Celsius_BIN=Low | temperature_measurement2_Celsius_BIN=Low | water_consumption_BIN=High | water_temperature_deltaCelsius_BIN=High | workpiece_slice_geometry=180x180,30014138 | 30014190 | 30014192,15,3,12,24
2020-05-19,K_029,9,RUL_BIN=Medium | alloy_speed_meter_minute_BIN=Medium | alloy_type=open | cast_in_row_BIN=Low | crystallizer_movementmm_BIN=Low | resistance_tonn_BIN=Low | steel_temperature_grab1Celsius_BIN=High | steel_type=Arm500 | steel_weighttonn_BIN=High | swing_frequency_amount_minute_BIN=Medium | temperature_measurement1_Celsius_BIN=Low | temperature_measurement2_Celsius_BIN=Low | water_consumption_BIN=High | water_temperature_deltaCelsius_BIN=High | workpiece_slice_geometry=180x180,30014136 | 30014144 | 30014188 | 30014190 | 30014191 | 30014192 | 30014193,15,7,12,24
2020-05-19,K_029,10,RUL_BIN=Medium | alloy_speed_meter_minute_BIN=Medium | alloy_type=open | cast_in_row_BIN=Low | crystallizer_movementmm_BIN=Low | num_stream_BIN=Medium | resistance_tonn_BIN=Low | steel_temperature_grab1Celsius_BIN=High | steel_type=Arm500 | steel_weighttonn_BIN=High | swing_frequency_amount_minute_BIN=Medium | temperature_measurement1_Celsius_BIN=Low | temperature_measurement2_Celsius_BIN=Low | water_consumption_BIN=High | water_temperature_deltaCelsius_BIN=High | workpiece_slice_geometry=180x180,30014136 | 30014144 | 30014192 | 30014193,16,4,12,24
2020-05-19,K_029,11,RUL_BIN=Medium | alloy_speed_meter_minute_BIN=Medium | alloy_type=open | cast_in_row_BIN=Low | crystallizer_movementmm_BIN=Low | num_crystallizer_BIN=Medium | num_stream_BIN=Medium | resistance_tonn_BIN=Low | steel_temperature_grab1Celsius_BIN=High | steel_type=Arm500 | steel_weighttonn_BIN=High | swing_frequency_amount_minute_BIN=Medium | temperature_measurement1_Celsius_BIN=Low | temperature_measurement2_Celsius_BIN=Low | water_consumption_BIN=High | water_temperature_deltaCelsius_BIN=High | workpiece_slice_geometry=180x180,30014136 | 30014144,17,2,12,24
2020-05-19,K_029,12,RUL_BIN=Medium | alloy_speed_meter_minute_BIN=Medium | alloy_type=open | cast_in_row_BIN=Low | crystallizer_movementmm_BIN=Low | num_crystallizer_BIN=Low | resistance_tonn_BIN=Low | steel_temperature_grab1Celsius_BIN=High | steel_type=Arm500 | steel_weighttonn_BIN=High | swing_frequency_amount_minute_BIN=Medium | temperature_measurement1_Celsius_BIN=Low | temperature_measurement2_Celsius_BIN=Low | water_consumption_BIN=High | water_temperature_deltaCelsius_BIN=High | workpiece_slice_geometry=180x180,30014188 | 30014191 | 30014193,16,3,12,24
2020-05-19,K_029,13,RUL_BIN=Medium | alloy_speed_meter_minute_BIN=Medium | alloy_type=open | cast_in_row_BIN=Low | crystallizer_movementmm_BIN=Low | num_crystallizer_BIN=Low | num_stream_BIN=Medium | resistance_tonn_BIN=Low | steel_temperature_grab1Celsius_BIN=High | steel_type=Arm500 | steel_weighttonn_BIN=High | swing_frequency_amount_minute_BIN=Medium | temperature_measurement1_Celsius_BIN=Low | temperature_measurement2_Celsius_BIN=Low | water_consumption_BIN=High | water_temperature_deltaCelsius_BIN=High | workpiece_slice_geometry=180x180,30014193,17,1,12,24
2020-05-19,K_029,14,RUL_BIN=Medium | alloy_speed_meter_minute_BIN=Medium | alloy_type=open | cast_in_row_BIN=Low | crystallizer_movementmm_BIN=Low | num_crystallizer_BIN=Low | num_stream_BIN=High | resistance_tonn_BIN=Low | steel_temperature_grab1Celsius_BIN=High | steel_type=Arm500 | steel_weighttonn_BIN=High | swing_frequency_amount_minute_BIN=Medium | temperature_measurement1_Celsius_BIN=Low | temperature_measurement2_Celsius_BIN=Low | water_consumption_BIN=High | water_temperature_deltaCelsius_BIN=High | workpiece_slice_geometry=180x180,30014188 | 30014191,17,2,12,24
2020-05-19,K_029,15,RUL_BIN=Medium | alloy_speed_meter_minute_BIN=Medium | alloy_type=open | cast_in_row_BIN=Low | crystallizer_movementmm_BIN=Low | num_crystallizer_BIN=High | resistance_tonn_BIN=Low | steel_temperature_grab1Celsius_BIN=High | steel_type=Arm500 | steel_weighttonn_BIN=High | swing_frequency_amount_minute_BIN=Medium | temperature_measurement1_Celsius_BIN=Low | temperature_measurement2_Celsius_BIN=Low | water_consumption_BIN=High | water_temperature_deltaCelsius_BIN=High | workpiece_slice_geometry=180x180,30014190 | 30014192,16,2,12,24
2020-05-19,K_029,16,RUL_BIN=Medium | alloy_speed_meter_minute_BIN=Medium | alloy_type=open | cast_in_row_BIN=Low | crystallizer_movementmm_BIN=Low | num_crystallizer_BIN=High | num_stream_BIN=Medium | resistance_tonn_BIN=Low | steel_temperature_grab1Celsius_BIN=High | steel_type=Arm500 | steel_weighttonn_BIN=High | swing_frequency_amount_minute_BIN=Medium | temperature_measurement1_Celsius_BIN=Low | temperature_measurement2_Celsius_BIN=Low | water_consumption_BIN=High | water_temperature_deltaCelsius_BIN=High | workpiece_slice_geometry=180x180,30014192,17,1,12,24
2020-05-19,K_029,17,RUL_BIN=Medium | alloy_speed_meter_minute_BIN=Medium | alloy_type=open | cast_in_row_BIN=Low | crystallizer_movementmm_BIN=Low | num_crystallizer_BIN=High | num_stream_BIN=Low | resistance_tonn_BIN=Low | steel_temperature_grab1Celsius_BIN=High | steel_type=Arm500 | steel_weighttonn_BIN=High | swing_frequency_amount_minute_BIN=Medium | temperature_measurement1_Celsius_BIN=Low | temperature_measurement2_Celsius_BIN=Low | water_consumption_BIN=High | water_temperature_deltaCelsius_BIN=High | workpiece_slice_geometry=180x180,30014190,17,1,12,24
2020-05-19,K_029,18,RUL_BIN=Low | alloy_speed_meter_minute_BIN=Medium | alloy_type=open | cast_in_row_BIN=Low | crystallizer_movementmm_BIN=Low | resistance_tonn_BIN=Low | steel_temperature_grab1Celsius_BIN=High | steel_type=Arm500 | steel_weighttonn_BIN=High | swing_frequency_amount_minute_BIN=Medium | temperature_measurement1_Celsius_BIN=Low | temperature_measurement2_Celsius_BIN=Low | water_consumption_BIN=High | water_temperature_deltaCelsius_BIN=High | workpiece_slice_geometry=180x180,30014078 | 30014138,15,2,12,24
2020-05-19,K_029,19,RUL_BIN=Low | alloy_speed_meter_minute_BIN=Medium | alloy_type=open | cast_in_row_BIN=Low | crystallizer_movementmm_BIN=Low | num_crystallizer_BIN=Low | num_stream_BIN=Low | resistance_tonn_BIN=Low | steel_temperature_grab1Celsius_BIN=High | steel_type=Arm500 | steel_weighttonn_BIN=High | swing_frequency_amount_minute_BIN=Medium | temperature_measurement1_Celsius_BIN=Low | temperature_measurement2_Celsius_BIN=Low | water_consumption_BIN=High | water_temperature_deltaCelsius_BIN=High | workpiece_slice_geometry=180x180,30014078,17,1,12,24
2020-05-19,K_029,20,RUL_BIN=Low | alloy_speed_meter_minute_BIN=Medium | alloy_type=open | cast_in_row_BIN=Low | crystallizer_movementmm_BIN=Low | num_crystallizer_BIN=High | num_stream_BIN=High | resistance_tonn_BIN=Low | steel_temperature_grab1Celsius_BIN=High | steel_type=Arm500 | steel_weighttonn_BIN=High | swing_frequency_amount_minute_BIN=Medium | temperature_measurement1_Celsius_BIN=Low | temperature_measurement2_Celsius_BIN=Low | water_consumption_BIN=High | water_temperature_deltaCelsius_BIN=High | workpiece_slice_geometry=180x180,30014138,17,1,12,24
2020-05-19,K_029,21,RUL_BIN=Healthy | alloy_speed_meter_minute_BIN=Medium | alloy_type=open | cast_in_row_BIN=Low | crystallizer_movementmm_BIN=Low | num_crystallizer_BIN=Medium | resistance_tonn_BIN=Low | steel_temperature_grab1Celsius_BIN=High | steel_type=Arm500 | steel_weighttonn_BIN=High | swing_frequency_amount_minute_BIN=Medium | temperature_measurement1_Celsius_BIN=Low | temperature_measurement2_Celsius_BIN=Low | water_consumption_BIN=High | water_temperature_deltaCelsius_BIN=High | workpiece_slice_geometry=180x180,30013359 | 30013867,16,2,12,24
2020-05-19,K_029,22,RUL_BIN=Healthy | alloy_speed_meter_minute_BIN=Medium | alloy_type=open | cast_in_row_BIN=Low | crystallizer_movementmm_BIN=Low | num_crystallizer_BIN=Medium | num_stream_BIN=Medium | resistance_tonn_BIN=Low | steel_temperature_grab1Celsius_BIN=High | steel_type=Arm500 | steel_weighttonn_BIN=High | swing_frequency_amount_minute_BIN=Medium | temperature_measurement1_Celsius_BIN=Low | temperature_measurement2_Celsius_BIN=Low | water_consumption_BIN=High | water_temperature_deltaCelsius_BIN=High | workpiece_slice_geometry=180x180,30013359,17,1,12,24
2020-05-19,K_029,23,RUL_BIN=Healthy | alloy_speed_meter_minute_BIN=Medium | alloy_type=open | cast_in_row_BIN=Low | crystallizer_movementmm_BIN=Low | num_crystallizer_BIN=Medium | num_stream_BIN=Low | resistance_tonn_BIN=Low | steel_temperature_grab1Celsius_BIN=High | steel_type=Arm500 | steel_weighttonn_BIN=High | swing_frequency_amount_minute_BIN=Medium | temperature_measurement1_Celsius_BIN=Low | temperature_measurement2_Celsius_BIN=Low | water_consumption_BIN=High | water_temperature_deltaCelsius_BIN=High | workpiece_slice_geometry=180x180,30013867,17,1,12,24
2020-05-19,K_029,24,RUL_BIN=Critical | alloy_speed_meter_minute_BIN=Medium | alloy_type=open | cast_in_row_BIN=Low | crystallizer_movementmm_BIN=Low | num_crystallizer_BIN=Low | num_stream_BIN=Low | resistance_tonn_BIN=Low | steel_temperature_grab1Celsius_BIN=High | steel_type=Arm500 | steel_weighttonn_BIN=High | swing_frequency_amount_minute_BIN=Medium | temperature_measurement1_Celsius_BIN=Low | temperature_measurement2_Celsius_BIN=Low | water_consumption_BIN=High | water_temperature_deltaCelsius_BIN=High | workpiece_slice_geometry=180x180,30014142,17,1,12,24
2020-05-19,K_029,25,RUL_BIN=Critical | RUL_BIN=Healthy | RUL_BIN=Low | RUL_BIN=Medium | alloy_speed_meter_minute_BIN=Medium | alloy_type=open | cast_in_row_BIN=Low | crystallizer_movementmm_BIN=Low | num_crystallizer_BIN=High | num_crystallizer_BIN=Low | num_crystallizer_BIN=Medium | num_stream_BIN=High | num_stream_BIN=Low | num_stream_BIN=Medium | resistance_tonn_BIN=Low | steel_temperature_grab1Celsius_BIN=High | steel_type=Arm500 | steel_weighttonn_BIN=High | swing_frequency_amount_minute_BIN=Medium | temperature_measurement1_Celsius_BIN=Low | temperature_measurement2_Celsius_BIN=Low | water_consumption_BIN=High | water_temperature_deltaCelsius_BIN=High | workpiece_slice_geometry=180x180,,24,0,12,24
2020-05-20,K_030,0,alloy_speed_meter_minute_BIN=Medium | alloy_type=open | cast_in_row_BIN=Low | crystallizer_movementmm_BIN=Low | resistance_tonn_BIN=Low | steel_temperature_grab1Celsius_BIN=High | steel_type=Arm500 | steel_weighttonn_BIN=High | swing_frequency_amount_minute_BIN=High | temperature_measurement1_Celsius_BIN=Low | temperature_measurement2_Celsius_BIN=Low | water_consumption_BIN=High | water_temperature_deltaCelsius_BIN=High | workpiece_slice_geometry=180x180,30013359 | 30013867 | 30014136 | 30014138 | 30014142 | 30014144,14,6,6,23
2020-05-20,K_030,1,alloy_speed_meter_minute_BIN=Medium | alloy_type=open | cast_in_row_BIN=Low | crystallizer_movementmm_BIN=Low | num_stream_BIN=Low | resistance_tonn_BIN=Low | steel_temperature_grab1Celsius_BIN=High | steel_type=Arm500 | steel_weighttonn_BIN=High | swing_frequency_amount_minute_BIN=High | temperature_measurement1_Celsius_BIN=Low | temperature_measurement2_Celsius_BIN=Low | water_consumption_BIN=High | water_temperature_deltaCelsius_BIN=High | workpiece_slice_geometry=180x180,30013867 | 30014142,15,2,6,23
2020-05-20,K_030,2,alloy_speed_meter_minute_BIN=Medium | alloy_type=open | cast_in_row_BIN=Low | crystallizer_movementmm_BIN=Low | num_crystallizer_BIN=Medium | resistance_tonn_BIN=Low | steel_temperature_grab1Celsius_BIN=High | steel_type=Arm500 | steel_weighttonn_BIN=High | swing_frequency_amount_minute_BIN=High | temperature_measurement1_Celsius_BIN=Low | temperature_measurement2_Celsius_BIN=Low | water_consumption_BIN=High | water_temperature_deltaCelsius_BIN=High | workpiece_slice_geometry=180x180,30013359 | 30013867 | 30014136 | 30014144,15,4,6,23
2020-05-20,K_030,3,alloy_speed_meter_minute_BIN=Medium | alloy_type=open | cast_in_row_BIN=Low | crystallizer_movementmm_BIN=Low | num_crystallizer_BIN=Medium | num_stream_BIN=Medium | resistance_tonn_BIN=Low | steel_temperature_grab1Celsius_BIN=High | steel_type=Arm500 | steel_weighttonn_BIN=High | swing_frequency_amount_minute_BIN=High | temperature_measurement1_Celsius_BIN=Low | temperature_measurement2_Celsius_BIN=Low | water_consumption_BIN=High | water_temperature_deltaCelsius_BIN=High | workpiece_slice_geometry=180x180,30013359 | 30014136 | 30014144,16,3,6,23
2020-05-20,K_030,4,RUL_BIN=Medium | alloy_speed_meter_minute_BIN=Medium | alloy_type=open | cast_in_row_BIN=Low | crystallizer_movementmm_BIN=Low | num_crystallizer_BIN=Medium | num_stream_BIN=Medium | resistance_tonn_BIN=Low | steel_temperature_grab1Celsius_BIN=High | steel_type=Arm500 | steel_weighttonn_BIN=High | swing_frequency_amount_minute_BIN=High | temperature_measurement1_Celsius_BIN=Low | temperature_measurement2_Celsius_BIN=Low | water_consumption_BIN=High | water_temperature_deltaCelsius_BIN=High | workpiece_slice_geometry=180x180,30013359 | 30014144,17,2,6,23
2020-05-20,K_030,5,RUL_BIN=Low | alloy_speed_meter_minute_BIN=Medium | alloy_type=open | cast_in_row_BIN=Low | crystallizer_movementmm_BIN=Low | resistance_tonn_BIN=Low | steel_temperature_grab1Celsius_BIN=High | steel_type=Arm500 | steel_weighttonn_BIN=High | swing_frequency_amount_minute_BIN=High | temperature_measurement1_Celsius_BIN=Low | temperature_measurement2_Celsius_BIN=Low | water_consumption_BIN=High | water_temperature_deltaCelsius_BIN=High | workpiece_slice_geometry=180x180,30013867 | 30014136 | 30014138,15,3,6,23
2020-05-20,K_030,6,RUL_BIN=Low | alloy_speed_meter_minute_BIN=Medium | alloy_type=open | cast_in_row_BIN=Low | crystallizer_movementmm_BIN=Low | num_crystallizer_BIN=Medium | resistance_tonn_BIN=Low | steel_temperature_grab1Celsius_BIN=High | steel_type=Arm500 | steel_weighttonn_BIN=High | swing_frequency_amount_minute_BIN=High | temperature_measurement1_Celsius_BIN=Low | temperature_measurement2_Celsius_BIN=Low | water_consumption_BIN=High | water_temperature_deltaCelsius_BIN=High | workpiece_slice_geometry=180x180,30013867 | 30014136,16,2,6,23
2020-05-20,K_030,7,RUL_BIN=Low | alloy_speed_meter_minute_BIN=Medium | alloy_type=open | cast_in_row_BIN=Low | crystallizer_movementmm_BIN=Low | num_crystallizer_BIN=Medium | num_stream_BIN=Medium | resistance_tonn_BIN=Low | steel_temperature_grab1Celsius_BIN=High | steel_type=Arm500 | steel_weighttonn_BIN=High | swing_frequency_amount_minute_BIN=High | temperature_measurement1_Celsius_BIN=Low | temperature_measurement2_Celsius_BIN=Low | water_consumption_BIN=High | water_temperature_deltaCelsius_BIN=High | workpiece_slice_geometry=180x180,30014136,17,1,6,23
2020-05-20,K_030,8,RUL_BIN=Low | alloy_speed_meter_minute_BIN=Medium | alloy_type=open | cast_in_row_BIN=Low | crystallizer_movementmm_BIN=Low | num_crystallizer_BIN=Medium | num_stream_BIN=Low | resistance_tonn_BIN=Low | steel_temperature_grab1Celsius_BIN=High | steel_type=Arm500 | steel_weighttonn_BIN=High | swing_frequency_amount_minute_BIN=High | temperature_measurement1_Celsius_BIN=Low | temperature_measurement2_Celsius_BIN=Low | water_consumption_BIN=High | water_temperature_deltaCelsius_BIN=High | workpiece_slice_geometry=180x180,30013867,17,1,6,23
2020-05-20,K_030,9,RUL_BIN=Low | alloy_speed_meter_minute_BIN=Medium | alloy_type=open | cast_in_row_BIN=Low | crystallizer_movementmm_BIN=Low | num_crystallizer_BIN=High | num_stream_BIN=High | resistance_tonn_BIN=Low | steel_temperature_grab1Celsius_BIN=High | steel_type=Arm500 | steel_weighttonn_BIN=High | swing_frequency_amount_minute_BIN=High | temperature_measurement1_Celsius_BIN=Low | temperature_measurement2_Celsius_BIN=Low | water_consumption_BIN=High | water_temperature_deltaCelsius_BIN=High | workpiece_slice_geometry=180x180,30014138,17,1,6,23
2020-05-20,K_030,10,RUL_BIN=Critical | alloy_speed_meter_minute_BIN=Medium | alloy_type=open | cast_in_row_BIN=Low | crystallizer_movementmm_BIN=Low | num_crystallizer_BIN=Low | num_stream_BIN=Low | resistance_tonn_BIN=Low | steel_temperature_grab1Celsius_BIN=High | steel_type=Arm500 | steel_weighttonn_BIN=High | swing_frequency_amount_minute_BIN=High | temperature_measurement1_Celsius_BIN=Low | temperature_measurement2_Celsius_BIN=Low | water_consumption_BIN=High | water_temperature_deltaCelsius_BIN=High | workpiece_slice_geometry=180x180,30014142,17,1,6,23
2020-05-20,K_030,11,RUL_BIN=Critical | RUL_BIN=Low | RUL_BIN=Medium | alloy_speed_meter_minute_BIN=Medium | alloy_type=open | cast_in_row_BIN=Low | crystallizer_movementmm_BIN=Low | num_crystallizer_BIN=High | num_crystallizer_BIN=Low | num_crystallizer_BIN=Medium | num_stream_BIN=High | num_stream_BIN=Low | num_stream_BIN=Medium | resistance_tonn_BIN=Low | steel_temperature_grab1Celsius_BIN=High | steel_type=Arm500 | steel_weighttonn_BIN=High | swing_frequency_amount_minute_BIN=High | temperature_measurement1_Celsius_BIN=Low | temperature_measurement2_Celsius_BIN=Low | water_consumption_BIN=High | water_temperature_deltaCelsius_BIN=High | workpiece_slice_geometry=180x180,,23,0,6,23
2020-05-21,K_031,0,alloy_speed_meter_minute_BIN=Medium | alloy_type=open | cast_in_row_BIN=Low | crystallizer_movementmm_BIN=Low | resistance_tonn_BIN=Low | steel_temperature_grab1Celsius_BIN=High | steel_type=Arm500 | steel_weighttonn_BIN=High | swing_frequency_amount_minute_BIN=Medium | temperature_measurement1_Celsius_BIN=Low | temperature_measurement2_Celsius_BIN=Low | water_consumption_BIN=High | water_temperature_deltaCelsius_BIN=High | workpiece_slice_geometry=180x180,30013359 | 30013867 | 30014078 | 30014136 | 30014138 | 30014142 | 30014144 | 30014187 | 30014190 | 30014191 | 30014192 | 30014193,14,12,12,23
2020-05-21,K_031,1,alloy_speed_meter_minute_BIN=Medium | alloy_type=open | cast_in_row_BIN=Low | crystallizer_movementmm_BIN=Low | num_stream_BIN=Medium | resistance_tonn_BIN=Low | steel_temperature_grab1Celsius_BIN=High | steel_type=Arm500 | steel_weighttonn_BIN=High | swing_frequency_amount_minute_BIN=Medium | temperature_measurement1_Celsius_BIN=Low | temperature_measurement2_Celsius_BIN=Low | water_consumption_BIN=High | water_temperature_deltaCelsius_BIN=High | workpiece_slice_geometry=180x180,30013359 | 30014136 | 30014144 | 30014187 | 30014192,15,5,12,23
2020-05-21,K_031,2,alloy_speed_meter_minute_BIN=Medium | alloy_type=open | cast_in_row_BIN=Low | crystallizer_movementmm_BIN=Low | num_stream_BIN=Low | resistance_tonn_BIN=Low | steel_temperature_grab1Celsius_BIN=High | steel_type=Arm500 | steel_weighttonn_BIN=High | swing_frequency_amount_minute_BIN=Medium | temperature_measurement1_Celsius_BIN=Low | temperature_measurement2_Celsius_BIN=Low | water_consumption_BIN=High | water_temperature_deltaCelsius_BIN=High | workpiece_slice_geometry=180x180,30013867 | 30014078 | 30014142 | 30014190,15,4,12,23
2020-05-21,K_031,3,alloy_speed_meter_minute_BIN=Medium | alloy_type=open | cast_in_row_BIN=Low | crystallizer_movementmm_BIN=Low | num_stream_BIN=High | resistance_tonn_BIN=Low | steel_temperature_grab1Celsius_BIN=High | steel_type=Arm500 | steel_weighttonn_BIN=High | swing_frequency_amount_minute_BIN=Medium | temperature_measurement1_Celsius_BIN=Low | temperature_measurement2_Celsius_BIN=Low | water_consumption_BIN=High | water_temperature_deltaCelsius_BIN=High | workpiece_slice_geometry=180x180,30014138 | 30014191 | 30014193,15,3,12,23
2020-05-21,K_031,4,alloy_speed_meter_minute_BIN=Medium | alloy_type=open | cast_in_row_BIN=Low | crystallizer_movementmm_BIN=Low | num_crystallizer_BIN=Medium | resistance_tonn_BIN=Low | steel_temperature_grab1Celsius_BIN=High | steel_type=Arm500 | steel_weighttonn_BIN=High | swing_frequency_amount_minute_BIN=Medium | temperature_measurement1_Celsius_BIN=Low | temperature_measurement2_Celsius_BIN=Low | water_consumption_BIN=High | water_temperature_deltaCelsius_BIN=High | workpiece_slice_geometry=180x180,30013359 | 30013867 | 30014136 | 30014144,15,4,12,23
2020-05-21,K_031,5,alloy_speed_meter_minute_BIN=Medium | alloy_type=open | cast_in_row_BIN=Low | crystallizer_movementmm_BIN=Low | num_crystallizer_BIN=Medium | num_stream_BIN=Medium | resistance_tonn_BIN=Low | steel_temperature_grab1Celsius_BIN=High | steel_type=Arm500 | steel_weighttonn_BIN=High | swing_frequency_amount_minute_BIN=Medium | temperature_measurement1_Celsius_BIN=Low | temperature_measurement2_Celsius_BIN=Low | water_consumption_BIN=High | water_temperature_deltaCelsius_BIN=High | workpiece_slice_geometry=180x180,30013359 | 30014136 | 30014144,16,3,12,23
2020-05-21,K_031,6,alloy_speed_meter_minute_BIN=Medium | alloy_type=open | cast_in_row_BIN=Low | crystallizer_movementmm_BIN=Low | num_crystallizer_BIN=Low | resistance_tonn_BIN=Low | steel_temperature_grab1Celsius_BIN=High | steel_type=Arm500 | steel_weighttonn_BIN=High | swing_frequency_amount_minute_BIN=Medium | temperature_measurement1_Celsius_BIN=Low | temperature_measurement2_Celsius_BIN=Low | water_consumption_BIN=High | water_temperature_deltaCelsius_BIN=High | workpiece_slice_geometry=180x180,30014078 | 30014142 | 30014191 | 30014193,15,4,12,23
2020-05-21,K_031,7,alloy_speed_meter_minute_BIN=Medium | alloy_type=open | cast_in_row_BIN=Low | crystallizer_movementmm_BIN=Low | num_crystallizer_BIN=Low | num_stream_BIN=Low | resistance_tonn_BIN=Low | steel_temperature_grab1Celsius_BIN=High | steel_type=Arm500 | steel_weighttonn_BIN=High | swing_frequency_amount_minute_BIN=Medium | temperature_measurement1_Celsius_BIN=Low | temperature_measurement2_Celsius_BIN=Low | water_consumption_BIN=High | water_temperature_deltaCelsius_BIN=High | workpiece_slice_geometry=180x180,30014078 | 30014142,16,2,12,23
2020-05-21,K_031,8,alloy_speed_meter_minute_BIN=Medium | alloy_type=open | cast_in_row_BIN=Low | crystallizer_movementmm_BIN=Low | num_crystallizer_BIN=High | resistance_tonn_BIN=Low | steel_temperature_grab1Celsius_BIN=High | steel_type=Arm500 | steel_weighttonn_BIN=High | swing_frequency_amount_minute_BIN=Medium | temperature_measurement1_Celsius_BIN=Low | temperature_measurement2_Celsius_BIN=Low | water_consumption_BIN=High | water_temperature_deltaCelsius_BIN=High | workpiece_slice_geometry=180x180,30014138 | 30014187 | 30014190 | 30014192,15,4,12,23
2020-05-21,K_031,9,alloy_speed_meter_minute_BIN=Medium | alloy_type=open | cast_in_row_BIN=Low | crystallizer_movementmm_BIN=Low | num_crystallizer_BIN=High | num_stream_BIN=Medium | resistance_tonn_BIN=Low | steel_temperature_grab1Celsius_BIN=High | steel_type=Arm500 | steel_weighttonn_BIN=High | swing_frequency_amount_minute_BIN=Medium | temperature_measurement1_Celsius_BIN=Low | temperature_measurement2_Celsius_BIN=Low | water_consumption_BIN=High | water_temperature_deltaCelsius_BIN=High | workpiece_slice_geometry=180x180,30014187 | 30014192,16,2,12,23
2020-05-21,K_031,10,RUL_BIN=Medium | alloy_speed_meter_minute_BIN=Medium | alloy_type=open | cast_in_row_BIN=Low | crystallizer_movementmm_BIN=Low | resistance_tonn_BIN=Low | steel_temperature_grab1Celsius_BIN=High | steel_type=Arm500 | steel_weighttonn_BIN=High | swing_frequency_amount_minute_BIN=Medium | temperature_measurement1_Celsius_BIN=Low | temperature_measurement2_Celsius_BIN=Low | water_consumption_BIN=High | water_temperature_deltaCelsius_BIN=High | workpiece_slice_geometry=180x180,30013359 | 30014144 | 30014190 | 30014191 | 30014192 | 30014193,15,6,12,23
2020-05-21,K_031,11,RUL_BIN=Medium | alloy_speed_meter_minute_BIN=Medium | alloy_type=open | cast_in_row_BIN=Low | crystallizer_movementmm_BIN=Low | num_stream_BIN=Medium | resistance_tonn_BIN=Low | steel_temperature_grab1Celsius_BIN=High | steel_type=Arm500 | steel_weighttonn_BIN=High | swing_frequency_amount_minute_BIN=Medium | temperature_measurement1_Celsius_BIN=Low | temperature_measurement2_Celsius_BIN=Low | water_consumption_BIN=High | water_temperature_deltaCelsius_BIN=High | workpiece_slice_geometry=180x180,30013359 | 30014144 | 30014192,16,3,12,23
2020-05-21,K_031,12,RUL_BIN=Medium | alloy_speed_meter_minute_BIN=Medium | alloy_type=open | cast_in_row_BIN=Low | crystallizer_movementmm_BIN=Low | num_crystallizer_BIN=Medium | num_stream_BIN=Medium | resistance_tonn_BIN=Low | steel_temperature_grab1Celsius_BIN=High | steel_type=Arm500 | steel_weighttonn_BIN=High | swing_frequency_amount_minute_BIN=Medium | temperature_measurement1_Celsius_BIN=Low | temperature_measurement2_Celsius_BIN=Low | water_consumption_BIN=High | water_temperature_deltaCelsius_BIN=High | workpiece_slice_geometry=180x180,30013359 | 30014144,17,2,12,23
2020-05-21,K_031,13,RUL_BIN=Medium | alloy_speed_meter_minute_BIN=Medium | alloy_type=open | cast_in_row_BIN=Low | crystallizer_movementmm_BIN=Low | num_crystallizer_BIN=Low | num_stream_BIN=High | resistance_tonn_BIN=Low | steel_temperature_grab1Celsius_BIN=High | steel_type=Arm500 | steel_weighttonn_BIN=High | swing_frequency_amount_minute_BIN=Medium | temperature_measurement1_Celsius_BIN=Low | temperature_measurement2_Celsius_BIN=Low | water_consumption_BIN=High | water_temperature_deltaCelsius_BIN=High | workpiece_slice_geometry=180x180,30014191 | 30014193,17,2,12,23
2020-05-21,K_031,14,RUL_BIN=Medium | alloy_speed_meter_minute_BIN=Medium | alloy_type=open | cast_in_row_BIN=Low | crystallizer_movementmm_BIN=Low | num_crystallizer_BIN=High | resistance_tonn_BIN=Low | steel_temperature_grab1Celsius_BIN=High | steel_type=Arm500 | steel_weighttonn_BIN=High | swing_frequency_amount_minute_BIN=Medium | temperature_measurement1_Celsius_BIN=Low | temperature_measurement2_Celsius_BIN=Low | water_consumption_BIN=High | water_temperature_deltaCelsius_BIN=High | workpiece_slice_geometry=180x180,30014190 | 30014192,16,2,12,23
2020-05-21,K_031,15,RUL_BIN=Medium | alloy_speed_meter_minute_BIN=Medium | alloy_type=open | cast_in_row_BIN=Low | crystallizer_movementmm_BIN=Low | num_crystallizer_BIN=High | num_stream_BIN=Medium | resistance_tonn_BIN=Low | steel_temperature_grab1Celsius_BIN=High | steel_type=Arm500 | steel_weighttonn_BIN=High | swing_frequency_amount_minute_BIN=Medium | temperature_measurement1_Celsius_BIN=Low | temperature_measurement2_Celsius_BIN=Low | water_consumption_BIN=High | water_temperature_deltaCelsius_BIN=High | workpiece_slice_geometry=180x180,30014192,17,1,12,23
2020-05-21,K_031,16,RUL_BIN=Medium | alloy_speed_meter_minute_BIN=Medium | alloy_type=open | cast_in_row_BIN=Low | crystallizer_movementmm_BIN=Low | num_crystallizer_BIN=High | num_stream_BIN=Low | resistance_tonn_BIN=Low | steel_temperature_grab1Celsius_BIN=High | steel_type=Arm500 | steel_weighttonn_BIN=High | swing_frequency_amount_minute_BIN=Medium | temperature_measurement1_Celsius_BIN=Low | temperature_measurement2_Celsius_BIN=Low | water_consumption_BIN=High | water_temperature_deltaCelsius_BIN=High | workpiece_slice_geometry=180x180,30014190,17,1,12,23
2020-05-21,K_031,17,RUL_BIN=Low | alloy_speed_meter_minute_BIN=Medium | alloy_type=open | cast_in_row_BIN=Low | crystallizer_movementmm_BIN=Low | resistance_tonn_BIN=Low | steel_temperature_grab1Celsius_BIN=High | steel_type=Arm500 | steel_weighttonn_BIN=High | swing_frequency_amount_minute_BIN=Medium | temperature_measurement1_Celsius_BIN=Low | temperature_measurement2_Celsius_BIN=Low | water_consumption_BIN=High | water_temperature_deltaCelsius_BIN=High | workpiece_slice_geometry=180x180,30014078 | 30014136 | 30014138 | 30014187,15,4,12,23
2020-05-21,K_031,18,RUL_BIN=Low | alloy_speed_meter_minute_BIN=Medium | alloy_type=open | cast_in_row_BIN=Low | crystallizer_movementmm_BIN=Low | num_stream_BIN=Medium | resistance_tonn_BIN=Low | steel_temperature_grab1Celsius_BIN=High | steel_type=Arm500 | steel_weighttonn_BIN=High | swing_frequency_amount_minute_BIN=Medium | temperature_measurement1_Celsius_BIN=Low | temperature_measurement2_Celsius_BIN=Low | water_consumption_BIN=High | water_temperature_deltaCelsius_BIN=High | workpiece_slice_geometry=180x180,30014136 | 30014187,16,2,12,23
2020-05-21,K_031,19,RUL_BIN=Low | alloy_speed_meter_minute_BIN=Medium | alloy_type=open | cast_in_row_BIN=Low | crystallizer_movementmm_BIN=Low | num_crystallizer_BIN=Medium | num_stream_BIN=Medium | resistance_tonn_BIN=Low | steel_temperature_grab1Celsius_BIN=High | steel_type=Arm500 | steel_weighttonn_BIN=High | swing_frequency_amount_minute_BIN=Medium | temperature_measurement1_Celsius_BIN=Low | temperature_measurement2_Celsius_BIN=Low | water_consumption_BIN=High | water_temperature_deltaCelsius_BIN=High | workpiece_slice_geometry=180x180,30014136,17,1,12,23
2020-05-21,K_031,20,RUL_BIN=Low | alloy_speed_meter_minute_BIN=Medium | alloy_type=open | cast_in_row_BIN=Low | crystallizer_movementmm_BIN=Low | num_crystallizer_BIN=Low | num_stream_BIN=Low | resistance_tonn_BIN=Low | steel_temperature_grab1Celsius_BIN=High | steel_type=Arm500 | steel_weighttonn_BIN=High | swing_frequency_amount_minute_BIN=Medium | temperature_measurement1_Celsius_BIN=Low | temperature_measurement2_Celsius_BIN=Low | water_consumption_BIN=High | water_temperature_deltaCelsius_BIN=High | workpiece_slice_geometry=180x180,30014078,17,1,12,23
2020-05-21,K_031,21,RUL_BIN=Low | alloy_speed_meter_minute_BIN=Medium | alloy_type=open | cast_in_row_BIN=Low | crystallizer_movementmm_BIN=Low | num_crystallizer_BIN=High | resistance_tonn_BIN=Low | steel_temperature_grab1Celsius_BIN=High | steel_type=Arm500 | steel_weighttonn_BIN=High | swing_frequency_amount_minute_BIN=Medium | temperature_measurement1_Celsius_BIN=Low | temperature_measurement2_Celsius_BIN=Low | water_consumption_BIN=High | water_temperature_deltaCelsius_BIN=High | workpiece_slice_geometry=180x180,30014138 | 30014187,16,2,12,23
2020-05-21,K_031,22,RUL_BIN=Low | alloy_speed_meter_minute_BIN=Medium | alloy_type=open | cast_in_row_BIN=Low | crystallizer_movementmm_BIN=Low | num_crystallizer_BIN=High | num_stream_BIN=Medium | resistance_tonn_BIN=Low | steel_temperature_grab1Celsius_BIN=High | steel_type=Arm500 | steel_weighttonn_BIN=High | swing_frequency_amount_minute_BIN=Medium | temperature_measurement1_Celsius_BIN=Low | temperature_measurement2_Celsius_BIN=Low | water_consumption_BIN=High | water_temperature_deltaCelsius_BIN=High | workpiece_slice_geometry=180x180,30014187,17,1,12,23
2020-05-21,K_031,23,RUL_BIN=Low | alloy_speed_meter_minute_BIN=Medium | alloy_type=open | cast_in_row_BIN=Low | crystallizer_movementmm_BIN=Low | num_crystallizer_BIN=High | num_stream_BIN=High | resistance_tonn_BIN=Low | steel_temperature_grab1Celsius_BIN=High | steel_type=Arm500 | steel_weighttonn_BIN=High | swing_frequency_amount_minute_BIN=Medium | temperature_measurement1_Celsius_BIN=Low | temperature_measurement2_Celsius_BIN=Low | water_consumption_BIN=High | water_temperature_deltaCelsius_BIN=High | workpiece_slice_geometry=180x180,30014138,17,1,12,23
2020-05-21,K_031,24,RUL_BIN=Critical | alloy_speed_meter_minute_BIN=Medium | alloy_type=open | cast_in_row_BIN=Low | crystallizer_movementmm_BIN=Low | num_stream_BIN=Low | resistance_tonn_BIN=Low | steel_temperature_grab1Celsius_BIN=High | steel_type=Arm500 | steel_weighttonn_BIN=High | swing_frequency_amount_minute_BIN=Medium | temperature_measurement1_Celsius_BIN=Low | temperature_measurement2_Celsius_BIN=Low | water_consumption_BIN=High | water_temperature_deltaCelsius_BIN=High | workpiece_slice_geometry=180x180,30013867 | 30014142,16,2,12,23
2020-05-21,K_031,25,RUL_BIN=Critical | alloy_speed_meter_minute_BIN=Medium | alloy_type=open | cast_in_row_BIN=Low | crystallizer_movementmm_BIN=Low | num_crystallizer_BIN=Medium | num_stream_BIN=Low | resistance_tonn_BIN=Low | steel_temperature_grab1Celsius_BIN=High | steel_type=Arm500 | steel_weighttonn_BIN=High | swing_frequency_amount_minute_BIN=Medium | temperature_measurement1_Celsius_BIN=Low | temperature_measurement2_Celsius_BIN=Low | water_consumption_BIN=High | water_temperature_deltaCelsius_BIN=High | workpiece_slice_geometry=180x180,30013867,17,1,12,23
2020-05-21,K_031,26,RUL_BIN=Critical | alloy_speed_meter_minute_BIN=Medium | alloy_type=open | cast_in_row_BIN=Low | crystallizer_movementmm_BIN=Low | num_crystallizer_BIN=Low | num_stream_BIN=Low | resistance_tonn_BIN=Low | steel_temperature_grab1Celsius_BIN=High | steel_type=Arm500 | steel_weighttonn_BIN=High | swing_frequency_amount_minute_BIN=Medium | temperature_measurement1_Celsius_BIN=Low | temperature_measurement2_Celsius_BIN=Low | water_consumption_BIN=High | water_temperature_deltaCelsius_BIN=High | workpiece_slice_geometry=180x180,30014142,17,1,12,23
2020-05-21,K_031,27,RUL_BIN=Critical | RUL_BIN=Low | RUL_BIN=Medium | alloy_speed_meter_minute_BIN=Medium | alloy_type=open | cast_in_row_BIN=Low | crystallizer_movementmm_BIN=Low | num_crystallizer_BIN=High | num_crystallizer_BIN=Low | num_crystallizer_BIN=Medium | num_stream_BIN=High | num_stream_BIN=Low | num_stream_BIN=Medium | resistance_tonn_BIN=Low | steel_temperature_grab1Celsius_BIN=High | steel_type=Arm500 | steel_weighttonn_BIN=High | swing_frequency_amount_minute_BIN=Medium | temperature_measurement1_Celsius_BIN=Low | temperature_measurement2_Celsius_BIN=Low | water_consumption_BIN=High | water_temperature_deltaCelsius_BIN=High | workpiece_slice_geometry=180x180,,23,0,12,23
2020-05-22,K_032,0,alloy_speed_meter_minute_BIN=High | alloy_type=open | cast_in_row_BIN=Medium | crystallizer_movementmm_BIN=High | resistance_tonn_BIN=Low | steel_temperature_grab1Celsius_BIN=High | steel_type=St4sp | steel_weighttonn_BIN=High | swing_frequency_amount_minute_BIN=Low | temperature_measurement1_Celsius_BIN=Low | temperature_measurement2_Celsius_BIN=Low | water_consumption_BIN=High | water_temperature_deltaCelsius_BIN=High | workpiece_slice_geometry=150x150,30013871 | 30013872 | 30013875 | 30014078 | 30014134 | 30014141 | 30014144 | 30014187 | 30014190 | 30014191 | 30014192 | 30014193,14,12,12,24
2020-05-22,K_032,1,alloy_speed_meter_minute_BIN=High | alloy_type=open | cast_in_row_BIN=Medium | crystallizer_movementmm_BIN=High | num_stream_BIN=Medium | resistance_tonn_BIN=Low | steel_temperature_grab1Celsius_BIN=High | steel_type=St4sp | steel_weighttonn_BIN=High | swing_frequency_amount_minute_BIN=Low | temperature_measurement1_Celsius_BIN=Low | temperature_measurement2_Celsius_BIN=Low | water_consumption_BIN=High | water_temperature_deltaCelsius_BIN=High | workpiece_slice_geometry=150x150,30013871 | 30014144 | 30014187 | 30014192,15,4,12,24
2020-05-22,K_032,2,alloy_speed_meter_minute_BIN=High | alloy_type=open | cast_in_row_BIN=Medium | crystallizer_movementmm_BIN=High | num_stream_BIN=Low | resistance_tonn_BIN=Low | steel_temperature_grab1Celsius_BIN=High | steel_type=St4sp | steel_weighttonn_BIN=High | swing_frequency_amount_minute_BIN=Low | temperature_measurement1_Celsius_BIN=Low | temperature_measurement2_Celsius_BIN=Low | water_consumption_BIN=High | water_temperature_deltaCelsius_BIN=High | workpiece_slice_geometry=150x150,30013875 | 30014078 | 30014134 | 30014190,15,4,12,24
2020-05-22,K_032,3,alloy_speed_meter_minute_BIN=High | alloy_type=open | cast_in_row_BIN=Medium | crystallizer_movementmm_BIN=High | num_stream_BIN=High | resistance_tonn_BIN=Low | steel_temperature_grab1Celsius_BIN=High | steel_type=St4sp | steel_weighttonn_BIN=High | swing_frequency_amount_minute_BIN=Low | temperature_measurement1_Celsius_BIN=Low | temperature_measurement2_Celsius_BIN=Low | water_consumption_BIN=High | water_temperature_deltaCelsius_BIN=High | workpiece_slice_geometry=150x150,30013872 | 30014141 | 30014191 | 30014193,15,4,12,24
2020-05-22,K_032,4,alloy_speed_meter_minute_BIN=High | alloy_type=open | cast_in_row_BIN=Medium | crystallizer_movementmm_BIN=High | num_crystallizer_BIN=Medium | resistance_tonn_BIN=Low | steel_temperature_grab1Celsius_BIN=High | steel_type=St4sp | steel_weighttonn_BIN=High | swing_frequency_amount_minute_BIN=Low | temperature_measurement1_Celsius_BIN=Low | temperature_measurement2_Celsius_BIN=Low | water_consumption_BIN=High | water_temperature_deltaCelsius_BIN=High | workpiece_slice_geometry=150x150,30013871 | 30013875 | 30014141 | 30014144,15,4,12,24
2020-05-22,K_032,5,alloy_speed_meter_minute_BIN=High | alloy_type=open | cast_in_row_BIN=Medium | crystallizer_movementmm_BIN=High | num_crystallizer_BIN=Medium | num_stream_BIN=Medium | resistance_tonn_BIN=Low | steel_temperature_grab1Celsius_BIN=High | steel_type=St4sp | steel_weighttonn_BIN=High | swing_frequency_amount_minute_BIN=Low | temperature_measurement1_Celsius_BIN=Low | temperature_measurement2_Celsius_BIN=Low | water_consumption_BIN=High | water_temperature_deltaCelsius_BIN=High | workpiece_slice_geometry=150x150,30013871 | 30014144,16,2,12,24
2020-05-22,K_032,6,alloy_speed_meter_minute_BIN=High | alloy_type=open | cast_in_row_BIN=Medium | crystallizer_movementmm_BIN=High | num_crystallizer_BIN=Low | resistance_tonn_BIN=Low | steel_temperature_grab1Celsius_BIN=High | steel_type=St4sp | steel_weighttonn_BIN=High | swing_frequency_amount_minute_BIN=Low | temperature_measurement1_Celsius_BIN=Low | temperature_measurement2_Celsius_BIN=Low | water_consumption_BIN=High | water_temperature_deltaCelsius_BIN=High | workpiece_slice_geometry=150x150,30014078 | 30014134 | 30014191 | 30014193,15,4,12,24
2020-05-22,K_032,7,alloy_speed_meter_minute_BIN=High | alloy_type=open | cast_in_row_BIN=Medium | crystallizer_movementmm_BIN=High | num_crystallizer_BIN=Low | num_stream_BIN=Low | resistance_tonn_BIN=Low | steel_temperature_grab1Celsius_BIN=High | steel_type=St4sp | steel_weighttonn_BIN=High | swing_frequency_amount_minute_BIN=Low | temperature_measurement1_Celsius_BIN=Low | temperature_measurement2_Celsius_BIN=Low | water_consumption_BIN=High | water_temperature_deltaCelsius_BIN=High | workpiece_slice_geometry=150x150,30014078 | 30014134,16,2,12,24
2020-05-22,K_032,8,alloy_speed_meter_minute_BIN=High | alloy_type=open | cast_in_row_BIN=Medium | crystallizer_movementmm_BIN=High | num_crystallizer_BIN=High | resistance_tonn_BIN=Low | steel_temperature_grab1Celsius_BIN=High | steel_type=St4sp | steel_weighttonn_BIN=High | swing_frequency_amount_minute_BIN=Low | temperature_measurement1_Celsius_BIN=Low | temperature_measurement2_Celsius_BIN=Low | water_consumption_BIN=High | water_temperature_deltaCelsius_BIN=High | workpiece_slice_geometry=150x150,30013872 | 30014187 | 30014190 | 30014192,15,4,12,24
2020-05-22,K_032,9,RUL_BIN=Medium | alloy_speed_meter_minute_BIN=High | alloy_type=open | cast_in_row_BIN=Medium | crystallizer_movementmm_BIN=High | resistance_tonn_BIN=Low | steel_temperature_grab1Celsius_BIN=High | steel_type=St4sp | steel_weighttonn_BIN=High | swing_frequency_amount_minute_BIN=Low | temperature_measurement1_Celsius_BIN=Low | temperature_measurement2_Celsius_BIN=Low | water_consumption_BIN=High | water_temperature_deltaCelsius_BIN=High | workpiece_slice_geometry=150x150,30014134 | 30014144,15,2,12,24
2020-05-22,K_032,10,RUL_BIN=Medium | alloy_speed_meter_minute_BIN=High | alloy_type=open | cast_in_row_BIN=Medium | crystallizer_movementmm_BIN=High | num_crystallizer_BIN=Medium | num_stream_BIN=Medium | resistance_tonn_BIN=Low | steel_temperature_grab1Celsius_BIN=High | steel_type=St4sp | steel_weighttonn_BIN=High | swing_frequency_amount_minute_BIN=Low | temperature_measurement1_Celsius_BIN=Low | temperature_measurement2_Celsius_BIN=Low | water_consumption_BIN=High | water_temperature_deltaCelsius_BIN=High | workpiece_slice_geometry=150x150,30014144,17,1,12,24
2020-05-22,K_032,11,RUL_BIN=Medium | alloy_speed_meter_minute_BIN=High | alloy_type=open | cast_in_row_BIN=Medium | crystallizer_movementmm_BIN=High | num_crystallizer_BIN=Low | num_stream_BIN=Low | resistance_tonn_BIN=Low | steel_temperature_grab1Celsius_BIN=High | steel_type=St4sp | steel_weighttonn_BIN=High | swing_frequency_amount_minute_BIN=Low | temperature_measurement1_Celsius_BIN=Low | temperature_measurement2_Celsius_BIN=Low | water_consumption_BIN=High | water_temperature_deltaCelsius_BIN=High | workpiece_slice_geometry=150x150,30014134,17,1,12,24
2020-05-22,K_032,12,RUL_BIN=Low | alloy_speed_meter_minute_BIN=High | alloy_type=open | cast_in_row_BIN=Medium | crystallizer_movementmm_BIN=High | resistance_tonn_BIN=Low | steel_temperature_grab1Celsius_BIN=High | steel_type=St4sp | steel_weighttonn_BIN=High | swing_frequency_amount_minute_BIN=Low | temperature_measurement1_Celsius_BIN=Low | temperature_measurement2_Celsius_BIN=Low | water_consumption_BIN=High | water_temperature_deltaCelsius_BIN=High | workpiece_slice_geometry=150x150,30014141 | 30014187 | 30014190 | 30014191 | 30014192 | 30014193,15,6,12,24
2020-05-22,K_032,13,RUL_BIN=Low | alloy_speed_meter_minute_BIN=High | alloy_type=open | cast_in_row_BIN=Medium | crystallizer_movementmm_BIN=High | num_stream_BIN=High | resistance_tonn_BIN=Low | steel_temperature_grab1Celsius_BIN=High | steel_type=St4sp | steel_weighttonn_BIN=High | swing_frequency_amount_minute_BIN=Low | temperature_measurement1_Celsius_BIN=Low | temperature_measurement2_Celsius_BIN=Low | water_consumption_BIN=High | water_temperature_deltaCelsius_BIN=High | workpiece_slice_geometry=150x150,30014141 | 30014191 | 30014193,16,3,12,24
2020-05-22,K_032,14,RUL_BIN=Low | alloy_speed_meter_minute_BIN=High | alloy_type=open | cast_in_row_BIN=Medium | crystallizer_movementmm_BIN=High | num_crystallizer_BIN=Medium | num_stream_BIN=High | resistance_tonn_BIN=Low | steel_temperature_grab1Celsius_BIN=High | steel_type=St4sp | steel_weighttonn_BIN=High | swing_frequency_amount_minute_BIN=Low | temperature_measurement1_Celsius_BIN=Low | temperature_measurement2_Celsius_BIN=Low | water_consumption_BIN=High | water_temperature_deltaCelsius_BIN=High | workpiece_slice_geometry=150x150,30014141,17,1,12,24
2020-05-22,K_032,15,RUL_BIN=Low | alloy_speed_meter_minute_BIN=High | alloy_type=open | cast_in_row_BIN=Medium | crystallizer_movementmm_BIN=High | num_crystallizer_BIN=Low | num_stream_BIN=High | resistance_tonn_BIN=Low | steel_temperature_grab1Celsius_BIN=High | steel_type=St4sp | steel_weighttonn_BIN=High | swing_frequency_amount_minute_BIN=Low | temperature_measurement1_Celsius_BIN=Low | temperature_measurement2_Celsius_BIN=Low | water_consumption_BIN=High | water_temperature_deltaCelsius_BIN=High | workpiece_slice_geometry=150x150,30014191 | 30014193,17,2,12,24
2020-05-22,K_032,16,RUL_BIN=Low | alloy_speed_meter_minute_BIN=High | alloy_type=open | cast_in_row_BIN=Medium | crystallizer_movementmm_BIN=High | num_crystallizer_BIN=High | resistance_tonn_BIN=Low | steel_temperature_grab1Celsius_BIN=High | steel_type=St4sp | steel_weighttonn_BIN=High | swing_frequency_amount_minute_BIN=Low | temperature_measurement1_Celsius_BIN=Low | temperature_measurement2_Celsius_BIN=Low | water_consumption_BIN=High | water_temperature_deltaCelsius_BIN=High | workpiece_slice_geometry=150x150,30014187 | 30014190 | 30014192,16,3,12,24
2020-05-22,K_032,17,RUL_BIN=Low | alloy_speed_meter_minute_BIN=High | alloy_type=open | cast_in_row_BIN=Medium | crystallizer_movementmm_BIN=High | num_crystallizer_BIN=High | num_stream_BIN=Medium | resistance_tonn_BIN=Low | steel_temperature_grab1Celsius_BIN=High | steel_type=St4sp | steel_weighttonn_BIN=High | swing_frequency_amount_minute_BIN=Low | temperature_measurement1_Celsius_BIN=Low | temperature_measurement2_Celsius_BIN=Low | water_consumption_BIN=High | water_temperature_deltaCelsius_BIN=High | workpiece_slice_geometry=150x150,30014187 | 30014192,17,2,12,24
2020-05-22,K_032,18,RUL_BIN=Low | alloy_speed_meter_minute_BIN=High | alloy_type=open | cast_in_row_BIN=Medium | crystallizer_movementmm_BIN=High | num_crystallizer_BIN=High | num_stream_BIN=Low | resistance_tonn_BIN=Low | steel_temperature_grab1Celsius_BIN=High | steel_type=St4sp | steel_weighttonn_BIN=High | swing_frequency_amount_minute_BIN=Low | temperature_measurement1_Celsius_BIN=Low | temperature_measurement2_Celsius_BIN=Low | water_consumption_BIN=High | water_temperature_deltaCelsius_BIN=High | workpiece_slice_geometry=150x150,30014190,17,1,12,24
2020-05-22,K_032,19,RUL_BIN=Healthy | alloy_speed_meter_minute_BIN=High | alloy_type=open | cast_in_row_BIN=Medium | crystallizer_movementmm_BIN=High | resistance_tonn_BIN=Low | steel_temperature_grab1Celsius_BIN=High | steel_type=St4sp | steel_weighttonn_BIN=High | swing_frequency_amount_minute_BIN=Low | temperature_measurement1_Celsius_BIN=Low | temperature_measurement2_Celsius_BIN=Low | water_consumption_BIN=High | water_temperature_deltaCelsius_BIN=High | workpiece_slice_geometry=150x150,30013871 | 30013872 | 30013875,15,3,12,24
2020-05-22,K_032,20,RUL_BIN=Healthy | alloy_speed_meter_minute_BIN=High | alloy_type=open | cast_in_row_BIN=Medium | crystallizer_movementmm_BIN=High | num_crystallizer_BIN=Medium | resistance_tonn_BIN=Low | steel_temperature_grab1Celsius_BIN=High | steel_type=St4sp | steel_weighttonn_BIN=High | swing_frequency_amount_minute_BIN=Low | temperature_measurement1_Celsius_BIN=Low | temperature_measurement2_Celsius_BIN=Low | water_consumption_BIN=High | water_temperature_deltaCelsius_BIN=High | workpiece_slice_geometry=150x150,30013871 | 30013875,16,2,12,24
2020-05-22,K_032,21,RUL_BIN=Healthy | alloy_speed_meter_minute_BIN=High | alloy_type=open | cast_in_row_BIN=Medium | crystallizer_movementmm_BIN=High | num_crystallizer_BIN=Medium | num_stream_BIN=Medium | resistance_tonn_BIN=Low | steel_temperature_grab1Celsius_BIN=High | steel_type=St4sp | steel_weighttonn_BIN=High | swing_frequency_amount_minute_BIN=Low | temperature_measurement1_Celsius_BIN=Low | temperature_measurement2_Celsius_BIN=Low | water_consumption_BIN=High | water_temperature_deltaCelsius_BIN=High | workpiece_slice_geometry=150x150,30013871,17,1,12,24
2020-05-22,K_032,22,RUL_BIN=Healthy | alloy_speed_meter_minute_BIN=High | alloy_type=open | cast_in_row_BIN=Medium | crystallizer_movementmm_BIN=High | num_crystallizer_BIN=Medium | num_stream_BIN=Low | resistance_tonn_BIN=Low | steel_temperature_grab1Celsius_BIN=High | steel_type=St4sp | steel_weighttonn_BIN=High | swing_frequency_amount_minute_BIN=Low | temperature_measurement1_Celsius_BIN=Low | temperature_measurement2_Celsius_BIN=Low | water_consumption_BIN=High | water_temperature_deltaCelsius_BIN=High | workpiece_slice_geometry=150x150,30013875,17,1,12,24
2020-05-22,K_032,23,RUL_BIN=Healthy | alloy_speed_meter_minute_BIN=High | alloy_type=open | cast_in_row_BIN=Medium | crystallizer_movementmm_BIN=High | num_crystallizer_BIN=High | num_stream_BIN=High | resistance_tonn_BIN=Low | steel_temperature_grab1Celsius_BIN=High | steel_type=St4sp | steel_weighttonn_BIN=High | swing_frequency_amount_minute_BIN=Low | temperature_measurement1_Celsius_BIN=Low | temperature_measurement2_Celsius_BIN=Low | water_consumption_BIN=High | water_temperature_deltaCelsius_BIN=High | workpiece_slice_geometry=150x150,30013872,17,1,12,24
2020-05-22,K_032,24,RUL_BIN=Critical | alloy_speed_meter_minute_BIN=High | alloy_type=open | cast_in_row_BIN=Medium | crystallizer_movementmm_BIN=High | num_crystallizer_BIN=Low | num_stream_BIN=Low | resistance_tonn_BIN=Low | steel_temperature_grab1Celsius_BIN=High | steel_type=St4sp | steel_weighttonn_BIN=High | swing_frequency_amount_minute_BIN=Low | temperature_measurement1_Celsius_BIN=Low | temperature_measurement2_Celsius_BIN=Low | water_consumption_BIN=High | water_temperature_deltaCelsius_BIN=High | workpiece_slice_geometry=150x150,30014078,17,1,12,24
2020-05-22,K_032,25,RUL_BIN=Critical | RUL_BIN=Healthy | RUL_BIN=Low | RUL_BIN=Medium | alloy_speed_meter_minute_BIN=High | alloy_type=open | cast_in_row_BIN=Medium | crystallizer_movementmm_BIN=High | num_crystallizer_BIN=High | num_crystallizer_BIN=Low | num_crystallizer_BIN=Medium | num_stream_BIN=High | num_stream_BIN=Low | num_stream_BIN=Medium | resistance_tonn_BIN=Low | steel_temperature_grab1Celsius_BIN=High | steel_type=St4sp | steel_weighttonn_BIN=High | swing_frequency_amount_minute_BIN=Low | temperature_measurement1_Celsius_BIN=Low | temperature_measurement2_Celsius_BIN=Low | water_consumption_BIN=High | water_temperature_deltaCelsius_BIN=High | workpiece_slice_geometry=150x150,,24,0,12,24
2020-05-23,K_033,0,alloy_speed_meter_minute_BIN=Medium | alloy_type=open | cast_in_row_BIN=Low | crystallizer_movementmm_BIN=Low | resistance_tonn_BIN=Low | steel_temperature_grab1Celsius_BIN=High | steel_type=Arm500 | steel_weighttonn_BIN=High | swing_frequency_amount_minute_BIN=Medium | temperature_measurement1_Celsius_BIN=Low | temperature_measurement2_Celsius_BIN=Low | water_consumption_BIN=High | water_temperature_deltaCelsius_BIN=High | workpiece_slice_geometry=180x180,30013871 | 30013872 | 30013875 | 30014134 | 30014141 | 30014144,14,6,6,24
2020-05-23,K_033,1,alloy_speed_meter_minute_BIN=Medium | alloy_type=open | cast_in_row_BIN=Low | crystallizer_movementmm_BIN=Low | num_stream_BIN=Low | resistance_tonn_BIN=Low | steel_temperature_grab1Celsius_BIN=High | steel_type=Arm500 | steel_weighttonn_BIN=High | swing_frequency_amount_minute_BIN=Medium | temperature_measurement1_Celsius_BIN=Low | temperature_measurement2_Celsius_BIN=Low | water_consumption_BIN=High | water_temperature_deltaCelsius_BIN=High | workpiece_slice_geometry=180x180,30013875 | 30014134,15,2,6,24
2020-05-23,K_033,2,alloy_speed_meter_minute_BIN=Medium | alloy_type=open | cast_in_row_BIN=Low | crystallizer_movementmm_BIN=Low | num_stream_BIN=High | resistance_tonn_BIN=Low | steel_temperature_grab1Celsius_BIN=High | steel_type=Arm500 | steel_weighttonn_BIN=High | swing_frequency_amount_minute_BIN=Medium | temperature_measurement1_Celsius_BIN=Low | temperature_measurement2_Celsius_BIN=Low | water_consumption_BIN=High | water_temperature_deltaCelsius_BIN=High | workpiece_slice_geometry=180x180,30013872 | 30014141,15,2,6,24
2020-05-23,K_033,3,alloy_speed_meter_minute_BIN=Medium | alloy_type=open | cast_in_row_BIN=Low | crystallizer_movementmm_BIN=Low | num_crystallizer_BIN=Medium | resistance_tonn_BIN=Low | steel_temperature_grab1Celsius_BIN=High | steel_type=Arm500 | steel_weighttonn_BIN=High | swing_frequency_amount_minute_BIN=Medium | temperature_measurement1_Celsius_BIN=Low | temperature_measurement2_Celsius_BIN=Low | water_consumption_BIN=High | water_temperature_deltaCelsius_BIN=High | workpiece_slice_geometry=180x180,30013871 | 30013875 | 30014141 | 30014144,15,4,6,24
2020-05-23,K_033,4,alloy_speed_meter_minute_BIN=Medium | alloy_type=open | cast_in_row_BIN=Low | crystallizer_movementmm_BIN=Low | num_crystallizer_BIN=Medium | num_stream_BIN=Medium | resistance_tonn_BIN=Low | steel_temperature_grab1Celsius_BIN=High | steel_type=Arm500 | steel_weighttonn_BIN=High | swing_frequency_amount_minute_BIN=Medium | temperature_measurement1_Celsius_BIN=Low | temperature_measurement2_Celsius_BIN=Low | water_consumption_BIN=High | water_temperature_deltaCelsius_BIN=High | workpiece_slice_geometry=180x180,30013871 | 30014144,16,2,6,24
2020-05-23,K_033,5,RUL_BIN=Medium | alloy_speed_meter_minute_BIN=Medium | alloy_type=open | cast_in_row_BIN=Low | crystallizer_movementmm_BIN=Low | resistance_tonn_BIN=Low | steel_temperature_grab1Celsius_BIN=High | steel_type=Arm500 | steel_weighttonn_BIN=High | swing_frequency_amount_minute_BIN=Medium | temperature_measurement1_Celsius_BIN=Low | temperature_measurement2_Celsius_BIN=Low | water_consumption_BIN=High | water_temperature_deltaCelsius_BIN=High | workpiece_slice_geometry=180x180,30013872 | 30014144,15,2,6,24
2020-05-23,K_033,6,RUL_BIN=Medium | alloy_speed_meter_minute_BIN=Medium | alloy_type=open | cast_in_row_BIN=Low | crystallizer_movementmm_BIN=Low | num_crystallizer_BIN=Medium | num_stream_BIN=Medium | resistance_tonn_BIN=Low | steel_temperature_grab1Celsius_BIN=High | steel_type=Arm500 | steel_weighttonn_BIN=High | swing_frequency_amount_minute_BIN=Medium | temperature_measurement1_Celsius_BIN=Low | temperature_measurement2_Celsius_BIN=Low | water_consumption_BIN=High | water_temperature_deltaCelsius_BIN=High | workpiece_slice_geometry=180x180,30014144,17,1,6,24
2020-05-23,K_033,7,RUL_BIN=Medium | alloy_speed_meter_minute_BIN=Medium | alloy_type=open | cast_in_row_BIN=Low | crystallizer_movementmm_BIN=Low | num_crystallizer_BIN=High | num_stream_BIN=High | resistance_tonn_BIN=Low | steel_temperature_grab1Celsius_BIN=High | steel_type=Arm500 | steel_weighttonn_BIN=High | swing_frequency_amount_minute_BIN=Medium | temperature_measurement1_Celsius_BIN=Low | temperature_measurement2_Celsius_BIN=Low | water_consumption_BIN=High | water_temperature_deltaCelsius_BIN=High | workpiece_slice_geometry=180x180,30013872,17,1,6,24
2020-05-23,K_033,8,RUL_BIN=Low | alloy_speed_meter_minute_BIN=Medium | alloy_type=open | cast_in_row_BIN=Low | crystallizer_movementmm_BIN=Low | num_crystallizer_BIN=Low | num_stream_BIN=Low | resistance_tonn_BIN=Low | steel_temperature_grab1Celsius_BIN=High | steel_type=Arm500 | steel_weighttonn_BIN=High | swing_frequency_amount_minute_BIN=Medium | temperature_measurement1_Celsius_BIN=Low | temperature_measurement2_Celsius_BIN=Low | water_consumption_BIN=High | water_temperature_deltaCelsius_BIN=High | workpiece_slice_geometry=180x180,30014134,17,1,6,24
2020-05-23,K_033,9,RUL_BIN=Healthy | alloy_speed_meter_minute_BIN=Medium | alloy_type=open | cast_in_row_BIN=Low | crystallizer_movementmm_BIN=Low | num_crystallizer_BIN=Medium | resistance_tonn_BIN=Low | steel_temperature_grab1Celsius_BIN=High | steel_type=Arm500 | steel_weighttonn_BIN=High | swing_frequency_amount_minute_BIN=Medium | temperature_measurement1_Celsius_BIN=Low | temperature_measurement2_Celsius_BIN=Low | water_consumption_BIN=High | water_temperature_deltaCelsius_BIN=High | workpiece_slice_geometry=180x180,30013871 | 30013875,16,2,6,24
2020-05-23,K_033,10,RUL_BIN=Healthy | alloy_speed_meter_minute_BIN=Medium | alloy_type=open | cast_in_row_BIN=Low | crystallizer_movementmm_BIN=Low | num_crystallizer_BIN=Medium | num_stream_BIN=Medium | resistance_tonn_BIN=Low | steel_temperature_grab1Celsius_BIN=High | steel_type=Arm500 | steel_weighttonn_BIN=High | swing_frequency_amount_minute_BIN=Medium | temperature_measurement1_Celsius_BIN=Low | temperature_measurement2_Celsius_BIN=Low | water_consumption_BIN=High | water_temperature_deltaCelsius_BIN=High | workpiece_slice_geometry=180x180,30013871,17,1,6,24
2020-05-23,K_033,11,RUL_BIN=Healthy | alloy_speed_meter_minute_BIN=Medium | alloy_type=open | cast_in_row_BIN=Low | crystallizer_movementmm_BIN=Low | num_crystallizer_BIN=Medium | num_stream_BIN=Low | resistance_tonn_BIN=Low | steel_temperature_grab1Celsius_BIN=High | steel_type=Arm500 | steel_weighttonn_BIN=High | swing_frequency_amount_minute_BIN=Medium | temperature_measurement1_Celsius_BIN=Low | temperature_measurement2_Celsius_BIN=Low | water_consumption_BIN=High | water_temperature_deltaCelsius_BIN=High | workpiece_slice_geometry=180x180,30013875,17,1,6,24
2020-05-23,K_033,12,RUL_BIN=Critical | alloy_speed_meter_minute_BIN=Medium | alloy_type=open | cast_in_row_BIN=Low | crystallizer_movementmm_BIN=Low | num_crystallizer_BIN=Medium | num_stream_BIN=High | resistance_tonn_BIN=Low | steel_temperature_grab1Celsius_BIN=High | steel_type=Arm500 | steel_weighttonn_BIN=High | swing_frequency_amount_minute_BIN=Medium | temperature_measurement1_Celsius_BIN=Low | temperature_measurement2_Celsius_BIN=Low | water_consumption_BIN=High | water_temperature_deltaCelsius_BIN=High | workpiece_slice_geometry=180x180,30014141,17,1,6,24
2020-05-23,K_033,13,RUL_BIN=Critical | RUL_BIN=Healthy | RUL_BIN=Low | RUL_BIN=Medium | alloy_speed_meter_minute_BIN=Medium | alloy_type=open | cast_in_row_BIN=Low | crystallizer_movementmm_BIN=Low | num_crystallizer_BIN=High | num_crystallizer_BIN=Low | num_crystallizer_BIN=Medium | num_stream_BIN=High | num_stream_BIN=Low | num_stream_BIN=Medium | resistance_tonn_BIN=Low | steel_temperature_grab1Celsius_BIN=High | steel_type=Arm500 | steel_weighttonn_BIN=High | swing_frequency_amount_minute_BIN=Medium | temperature_measurement1_Celsius_BIN=Low | temperature_measurement2_Celsius_BIN=Low | water_consumption_BIN=High | water_temperature_deltaCelsius_BIN=High | workpiece_slice_geometry=180x180,,24,0,6,24
2020-05-24,K_034,0,alloy_speed_meter_minute_BIN=Medium | alloy_type=open | cast_in_row_BIN=Low | crystallizer_movementmm_BIN=Low | resistance_tonn_BIN=Low | steel_temperature_grab1Celsius_BIN=High | steel_type=Arm500 | steel_weighttonn_BIN=High | swing_frequency_amount_minute_BIN=High | temperature_measurement1_Celsius_BIN=Low | temperature_measurement2_Celsius_BIN=Low | water_consumption_BIN=High | water_temperature_deltaCelsius_BIN=High | workpiece_slice_geometry=180x180,30013871 | 30013872 | 30013875 | 30014134 | 30014141 | 30014144,14,6,6,24
2020-05-24,K_034,1,alloy_speed_meter_minute_BIN=Medium | alloy_type=open | cast_in_row_BIN=Low | crystallizer_movementmm_BIN=Low | num_stream_BIN=Low | resistance_tonn_BIN=Low | steel_temperature_grab1Celsius_BIN=High | steel_type=Arm500 | steel_weighttonn_BIN=High | swing_frequency_amount_minute_BIN=High | temperature_measurement1_Celsius_BIN=Low | temperature_measurement2_Celsius_BIN=Low | water_consumption_BIN=High | water_temperature_deltaCelsius_BIN=High | workpiece_slice_geometry=180x180,30013875 | 30014134,15,2,6,24
2020-05-24,K_034,2,alloy_speed_meter_minute_BIN=Medium | alloy_type=open | cast_in_row_BIN=Low | crystallizer_movementmm_BIN=Low | num_stream_BIN=High | resistance_tonn_BIN=Low | steel_temperature_grab1Celsius_BIN=High | steel_type=Arm500 | steel_weighttonn_BIN=High | swing_frequency_amount_minute_BIN=High | temperature_measurement1_Celsius_BIN=Low | temperature_measurement2_Celsius_BIN=Low | water_consumption_BIN=High | water_temperature_deltaCelsius_BIN=High | workpiece_slice_geometry=180x180,30013872 | 30014141,15,2,6,24
2020-05-24,K_034,3,alloy_speed_meter_minute_BIN=Medium | alloy_type=open | cast_in_row_BIN=Low | crystallizer_movementmm_BIN=Low | num_crystallizer_BIN=Medium | resistance_tonn_BIN=Low | steel_temperature_grab1Celsius_BIN=High | steel_type=Arm500 | steel_weighttonn_BIN=High | swing_frequency_amount_minute_BIN=High | temperature_measurement1_Celsius_BIN=Low | temperature_measurement2_Celsius_BIN=Low | water_consumption_BIN=High | water_temperature_deltaCelsius_BIN=High | workpiece_slice_geometry=180x180,30013871 | 30013875 | 30014141 | 30014144,15,4,6,24
2020-05-24,K_034,4,alloy_speed_meter_minute_BIN=Medium | alloy_type=open | cast_in_row_BIN=Low | crystallizer_movementmm_BIN=Low | num_crystallizer_BIN=Medium | num_stream_BIN=Medium | resistance_tonn_BIN=Low | steel_temperature_grab1Celsius_BIN=High | steel_type=Arm500 | steel_weighttonn_BIN=High | swing_frequency_amount_minute_BIN=High | temperature_measurement1_Celsius_BIN=Low | temperature_measurement2_Celsius_BIN=Low | water_consumption_BIN=High | water_temperature_deltaCelsius_BIN=High | workpiece_slice_geometry=180x180,30013871 | 30014144,16,2,6,24
2020-05-24,K_034,5,RUL_BIN=Medium | alloy_speed_meter_minute_BIN=Medium | alloy_type=open | cast_in_row_BIN=Low | crystallizer_movementmm_BIN=Low | num_crystallizer_BIN=Medium | num_stream_BIN=Medium | resistance_tonn_BIN=Low | steel_temperature_grab1Celsius_BIN=High | steel_type=Arm500 | steel_weighttonn_BIN=High | swing_frequency_amount_minute_BIN=High | temperature_measurement1_Celsius_BIN=Low | temperature_measurement2_Celsius_BIN=Low | water_consumption_BIN=High | water_temperature_deltaCelsius_BIN=High | workpiece_slice_geometry=180x180,30013871,17,1,6,24
2020-05-24,K_034,6,RUL_BIN=Low | alloy_speed_meter_minute_BIN=Medium | alloy_type=open | cast_in_row_BIN=Low | crystallizer_movementmm_BIN=Low | resistance_tonn_BIN=Low | steel_temperature_grab1Celsius_BIN=High | steel_type=Arm500 | steel_weighttonn_BIN=High | swing_frequency_amount_minute_BIN=High | temperature_measurement1_Celsius_BIN=Low | temperature_measurement2_Celsius_BIN=Low | water_consumption_BIN=High | water_temperature_deltaCelsius_BIN=High | workpiece_slice_geometry=180x180,30013872 | 30014134 | 30014144,15,3,6,24
2020-05-24,K_034,7,RUL_BIN=Low | alloy_speed_meter_minute_BIN=Medium | alloy_type=open | cast_in_row_BIN=Low | crystallizer_movementmm_BIN=Low | num_crystallizer_BIN=Medium | num_stream_BIN=Medium | resistance_tonn_BIN=Low | steel_temperature_grab1Celsius_BIN=High | steel_type=Arm500 | steel_weighttonn_BIN=High | swing_frequency_amount_minute_BIN=High | temperature_measurement1_Celsius_BIN=Low | temperature_measurement2_Celsius_BIN=Low | water_consumption_BIN=High | water_temperature_deltaCelsius_BIN=High | workpiece_slice_geometry=180x180,30014144,17,1,6,24
2020-05-24,K_034,8,RUL_BIN=Low | alloy_speed_meter_minute_BIN=Medium | alloy_type=open | cast_in_row_BIN=Low | crystallizer_movementmm_BIN=Low | num_crystallizer_BIN=Low | num_stream_BIN=Low | resistance_tonn_BIN=Low | steel_temperature_grab1Celsius_BIN=High | steel_type=Arm500 | steel_weighttonn_BIN=High | swing_frequency_amount_minute_BIN=High | temperature_measurement1_Celsius_BIN=Low | temperature_measurement2_Celsius_BIN=Low | water_consumption_BIN=High | water_temperature_deltaCelsius_BIN=High | workpiece_slice_geometry=180x180,30014134,17,1,6,24
2020-05-24,K_034,9,RUL_BIN=Low | alloy_speed_meter_minute_BIN=Medium | alloy_type=open | cast_in_row_BIN=Low | crystallizer_movementmm_BIN=Low | num_crystallizer_BIN=High | num_stream_BIN=High | resistance_tonn_BIN=Low | steel_temperature_grab1Celsius_BIN=High | steel_type=Arm500 | steel_weighttonn_BIN=High | swing_frequency_amount_minute_BIN=High | temperature_measurement1_Celsius_BIN=Low | temperature_measurement2_Celsius_BIN=Low | water_consumption_BIN=High | water_temperature_deltaCelsius_BIN=High | workpiece_slice_geometry=180x180,30013872,17,1,6,24
2020-05-24,K_034,10,RUL_BIN=Healthy | alloy_speed_meter_minute_BIN=Medium | alloy_type=open | cast_in_row_BIN=Low | crystallizer_movementmm_BIN=Low | num_crystallizer_BIN=Medium | num_stream_BIN=Low | resistance_tonn_BIN=Low | steel_temperature_grab1Celsius_BIN=High | steel_type=Arm500 | steel_weighttonn_BIN=High | swing_frequency_amount_minute_BIN=High | temperature_measurement1_Celsius_BIN=Low | temperature_measurement2_Celsius_BIN=Low | water_consumption_BIN=High | water_temperature_deltaCelsius_BIN=High | workpiece_slice_geometry=180x180,30013875,17,1,6,24
2020-05-24,K_034,11,RUL_BIN=Critical | alloy_speed_meter_minute_BIN=Medium | alloy_type=open | cast_in_row_BIN=Low | crystallizer_movementmm_BIN=Low | num_crystallizer_BIN=Medium | num_stream_BIN=High | resistance_tonn_BIN=Low | steel_temperature_grab1Celsius_BIN=High | steel_type=Arm500 | steel_weighttonn_BIN=High | swing_frequency_amount_minute_BIN=High | temperature_measurement1_Celsius_BIN=Low | temperature_measurement2_Celsius_BIN=Low | water_consumption_BIN=High | water_temperature_deltaCelsius_BIN=High | workpiece_slice_geometry=180x180,30014141,17,1,6,24
2020-05-24,K_034,12,RUL_BIN=Critical | RUL_BIN=Healthy | RUL_BIN=Low | RUL_BIN=Medium | alloy_speed_meter_minute_BIN=Medium | alloy_type=open | cast_in_row_BIN=Low | crystallizer_movementmm_BIN=Low | num_crystallizer_BIN=High | num_crystallizer_BIN=Low | num_crystallizer_BIN=Medium | num_stream_BIN=High | num_stream_BIN=Low | num_stream_BIN=Medium | resistance_tonn_BIN=Low | steel_temperature_grab1Celsius_BIN=High | steel_type=Arm500 | steel_weighttonn_BIN=High | swing_frequency_amount_minute_BIN=High | temperature_measurement1_Celsius_BIN=Low | temperature_measurement2_Celsius_BIN=Low | water_consumption_BIN=High | water_temperature_deltaCelsius_BIN=High | workpiece_slice_geometry=180x180,,24,0,6,24
2020-05-25,K_035,0,alloy_speed_meter_minute_BIN=Medium | alloy_type=open | cast_in_row_BIN=Low | crystallizer_movementmm_BIN=Low | resistance_tonn_BIN=Low | steel_temperature_grab1Celsius_BIN=High | steel_type=Arm500 | steel_weighttonn_BIN=High | swing_frequency_amount_minute_BIN=High | temperature_measurement1_Celsius_BIN=Low | temperature_measurement2_Celsius_BIN=Low | water_consumption_BIN=High | water_temperature_deltaCelsius_BIN=High | workpiece_slice_geometry=180x180,30013871 | 30013872 | 30013875 | 30014134 | 30014141 | 30014144 | 30014187 | 30014188 | 30014190 | 30014191 | 30014192 | 30014193,14,12,12,23
2020-05-25,K_035,1,alloy_speed_meter_minute_BIN=Medium | alloy_type=open | cast_in_row_BIN=Low | crystallizer_movementmm_BIN=Low | num_stream_BIN=Medium | resistance_tonn_BIN=Low | steel_temperature_grab1Celsius_BIN=High | steel_type=Arm500 | steel_weighttonn_BIN=High | swing_frequency_amount_minute_BIN=High | temperature_measurement1_Celsius_BIN=Low | temperature_measurement2_Celsius_BIN=Low | water_consumption_BIN=High | water_temperature_deltaCelsius_BIN=High | workpiece_slice_geometry=180x180,30013871 | 30014144 | 30014187 | 30014192,15,4,12,23
2020-05-25,K_035,2,alloy_speed_meter_minute_BIN=Medium | alloy_type=open | cast_in_row_BIN=Low | crystallizer_movementmm_BIN=Low | num_stream_BIN=Low | resistance_tonn_BIN=Low | steel_temperature_grab1Celsius_BIN=High | steel_type=Arm500 | steel_weighttonn_BIN=High | swing_frequency_amount_minute_BIN=High | temperature_measurement1_Celsius_BIN=Low | temperature_measurement2_Celsius_BIN=Low | water_consumption_BIN=High | water_temperature_deltaCelsius_BIN=High | workpiece_slice_geometry=180x180,30013875 | 30014134 | 30014188 | 30014190,15,4,12,23
2020-05-25,K_035,3,alloy_speed_meter_minute_BIN=Medium | alloy_type=open | cast_in_row_BIN=Low | crystallizer_movementmm_BIN=Low | num_stream_BIN=High | resistance_tonn_BIN=Low | steel_temperature_grab1Celsius_BIN=High | steel_type=Arm500 | steel_weighttonn_BIN=High | swing_frequency_amount_minute_BIN=High | temperature_measurement1_Celsius_BIN=Low | temperature_measurement2_Celsius_BIN=Low | water_consumption_BIN=High | water_temperature_deltaCelsius_BIN=High | workpiece_slice_geometry=180x180,30013872 | 30014141 | 30014191 | 30014193,15,4,12,23
2020-05-25,K_035,4,alloy_speed_meter_minute_BIN=Medium | alloy_type=open | cast_in_row_BIN=Low | crystallizer_movementmm_BIN=Low | num_crystallizer_BIN=Medium | resistance_tonn_BIN=Low | steel_temperature_grab1Celsius_BIN=High | steel_type=Arm500 | steel_weighttonn_BIN=High | swing_frequency_amount_minute_BIN=High | temperature_measurement1_Celsius_BIN=Low | temperature_measurement2_Celsius_BIN=Low | water_consumption_BIN=High | water_temperature_deltaCelsius_BIN=High | workpiece_slice_geometry=180x180,30013871 | 30013875 | 30014141 | 30014144,15,4,12,23
2020-05-25,K_035,5,alloy_speed_meter_minute_BIN=Medium | alloy_type=open | cast_in_row_BIN=Low | crystallizer_movementmm_BIN=Low | num_crystallizer_BIN=Medium | num_stream_BIN=Medium | resistance_tonn_BIN=Low | steel_temperature_grab1Celsius_BIN=High | steel_type=Arm500 | steel_weighttonn_BIN=High | swing_frequency_amount_minute_BIN=High | temperature_measurement1_Celsius_BIN=Low | temperature_measurement2_Celsius_BIN=Low | water_consumption_BIN=High | water_temperature_deltaCelsius_BIN=High | workpiece_slice_geometry=180x180,30013871 | 30014144,16,2,12,23
2020-05-25,K_035,6,alloy_speed_meter_minute_BIN=Medium | alloy_type=open | cast_in_row_BIN=Low | crystallizer_movementmm_BIN=Low | num_crystallizer_BIN=Low | resistance_tonn_BIN=Low | steel_temperature_grab1Celsius_BIN=High | steel_type=Arm500 | steel_weighttonn_BIN=High | swing_frequency_amount_minute_BIN=High | temperature_measurement1_Celsius_BIN=Low | temperature_measurement2_Celsius_BIN=Low | water_consumption_BIN=High | water_temperature_deltaCelsius_BIN=High | workpiece_slice_geometry=180x180,30014134 | 30014188 | 30014191 | 30014193,15,4,12,23
2020-05-25,K_035,7,alloy_speed_meter_minute_BIN=Medium | alloy_type=open | cast_in_row_BIN=Low | crystallizer_movementmm_BIN=Low | num_crystallizer_BIN=Low | num_stream_BIN=Low | resistance_tonn_BIN=Low | steel_temperature_grab1Celsius_BIN=High | steel_type=Arm500 | steel_weighttonn_BIN=High | swing_frequency_amount_minute_BIN=High | temperature_measurement1_Celsius_BIN=Low | temperature_measurement2_Celsius_BIN=Low | water_consumption_BIN=High | water_temperature_deltaCelsius_BIN=High | workpiece_slice_geometry=180x180,30014134 | 30014188,16,2,12,23
2020-05-25,K_035,8,alloy_speed_meter_minute_BIN=Medium | alloy_type=open | cast_in_row_BIN=Low | crystallizer_movementmm_BIN=Low | num_crystallizer_BIN=High | resistance_tonn_BIN=Low | steel_temperature_grab1Celsius_BIN=High | steel_type=Arm500 | steel_weighttonn_BIN=High | swing_frequency_amount_minute_BIN=High | temperature_measurement1_Celsius_BIN=Low | temperature_measurement2_Celsius_BIN=Low | water_consumption_BIN=High | water_temperature_deltaCelsius_BIN=High | workpiece_slice_geometry=180x180,30013872 | 30014187 | 30014190 | 30014192,15,4,12,23
2020-05-25,K_035,9,RUL_BIN=Medium | alloy_speed_meter_minute_BIN=Medium | alloy_type=open | cast_in_row_BIN=Low | crystallizer_movementmm_BIN=Low | num_crystallizer_BIN=Medium | resistance_tonn_BIN=Low | steel_temperature_grab1Celsius_BIN=High | steel_type=Arm500 | steel_weighttonn_BIN=High | swing_frequency_amount_minute_BIN=High | temperature_measurement1_Celsius_BIN=Low | temperature_measurement2_Celsius_BIN=Low | water_consumption_BIN=High | water_temperature_deltaCelsius_BIN=High | workpiece_slice_geometry=180x180,30013871 | 30013875,16,2,12,23
2020-05-25,K_035,10,RUL_BIN=Medium | alloy_speed_meter_minute_BIN=Medium | alloy_type=open | cast_in_row_BIN=Low | crystallizer_movementmm_BIN=Low | num_crystallizer_BIN=Medium | num_stream_BIN=Medium | resistance_tonn_BIN=Low | steel_temperature_grab1Celsius_BIN=High | steel_type=Arm500 | steel_weighttonn_BIN=High | swing_frequency_amount_minute_BIN=High | temperature_measurement1_Celsius_BIN=Low | temperature_measurement2_Celsius_BIN=Low | water_consumption_BIN=High | water_temperature_deltaCelsius_BIN=High | workpiece_slice_geometry=180x180,30013871,17,1,12,23
2020-05-25,K_035,11,RUL_BIN=Medium | alloy_speed_meter_minute_BIN=Medium | alloy_type=open | cast_in_row_BIN=Low | crystallizer_movementmm_BIN=Low | num_crystallizer_BIN=Medium | num_stream_BIN=Low | resistance_tonn_BIN=Low | steel_temperature_grab1Celsius_BIN=High | steel_type=Arm500 | steel_weighttonn_BIN=High | swing_frequency_amount_minute_BIN=High | temperature_measurement1_Celsius_BIN=Low | temperature_measurement2_Celsius_BIN=Low | water_consumption_BIN=High | water_temperature_deltaCelsius_BIN=High | workpiece_slice_geometry=180x180,30013875,17,1,12,23
2020-05-25,K_035,12,RUL_BIN=Low | alloy_speed_meter_minute_BIN=Medium | alloy_type=open | cast_in_row_BIN=Low | crystallizer_movementmm_BIN=Low | resistance_tonn_BIN=Low | steel_temperature_grab1Celsius_BIN=High | steel_type=Arm500 | steel_weighttonn_BIN=High | swing_frequency_amount_minute_BIN=High | temperature_measurement1_Celsius_BIN=Low | temperature_measurement2_Celsius_BIN=Low | water_consumption_BIN=High | water_temperature_deltaCelsius_BIN=High | workpiece_slice_geometry=180x180,30014144 | 30014187 | 30014188 | 30014190 | 30014191 | 30014192 | 30014193,15,7,12,23
2020-05-25,K_035,13,RUL_BIN=Low | alloy_speed_meter_minute_BIN=Medium | alloy_type=open | cast_in_row_BIN=Low | crystallizer_movementmm_BIN=Low | num_stream_BIN=Medium | resistance_tonn_BIN=Low | steel_temperature_grab1Celsius_BIN=High | steel_type=Arm500 | steel_weighttonn_BIN=High | swing_frequency_amount_minute_BIN=High | temperature_measurement1_Celsius_BIN=Low | temperature_measurement2_Celsius_BIN=Low | water_consumption_BIN=High | water_temperature_deltaCelsius_BIN=High | workpiece_slice_geometry=180x180,30014144 | 30014187 | 30014192,16,3,12,23
2020-05-25,K_035,14,RUL_BIN=Low | alloy_speed_meter_minute_BIN=Medium | alloy_type=open | cast_in_row_BIN=Low | crystallizer_movementmm_BIN=Low | num_stream_BIN=Low | resistance_tonn_BIN=Low | steel_temperature_grab1Celsius_BIN=High | steel_type=Arm500 | steel_weighttonn_BIN=High | swing_frequency_amount_minute_BIN=High | temperature_measurement1_Celsius_BIN=Low | temperature_measurement2_Celsius_BIN=Low | water_consumption_BIN=High | water_temperature_deltaCelsius_BIN=High | workpiece_slice_geometry=180x180,30014188 | 30014190,16,2,12,23
2020-05-25,K_035,15,RUL_BIN=Low | alloy_speed_meter_minute_BIN=Medium | alloy_type=open | cast_in_row_BIN=Low | crystallizer_movementmm_BIN=Low | num_crystallizer_BIN=Medium | num_stream_BIN=Medium | resistance_tonn_BIN=Low | steel_temperature_grab1Celsius_BIN=High | steel_type=Arm500 | steel_weighttonn_BIN=High | swing_frequency_amount_minute_BIN=High | temperature_measurement1_Celsius_BIN=Low | temperature_measurement2_Celsius_BIN=Low | water_consumption_BIN=High | water_temperature_deltaCelsius_BIN=High | workpiece_slice_geometry=180x180,30014144,17,1,12,23
2020-05-25,K_035,16,RUL_BIN=Low | alloy_speed_meter_minute_BIN=Medium | alloy_type=open | cast_in_row_BIN=Low | crystallizer_movementmm_BIN=Low | num_crystallizer_BIN=Low | resistance_tonn_BIN=Low | steel_temperature_grab1Celsius_BIN=High | steel_type=Arm500 | steel_weighttonn_BIN=High | swing_frequency_amount_minute_BIN=High | temperature_measurement1_Celsius_BIN=Low | temperature_measurement2_Celsius_BIN=Low | water_consumption_BIN=High | water_temperature_deltaCelsius_BIN=High | workpiece_slice_geometry=180x180,30014188 | 30014191 | 30014193,16,3,12,23
2020-05-25,K_035,17,RUL_BIN=Low | alloy_speed_meter_minute_BIN=Medium | alloy_type=open | cast_in_row_BIN=Low | crystallizer_movementmm_BIN=Low | num_crystallizer_BIN=Low | num_stream_BIN=Low | resistance_tonn_BIN=Low | steel_temperature_grab1Celsius_BIN=High | steel_type=Arm500 | steel_weighttonn_BIN=High | swing_frequency_amount_minute_BIN=High | temperature_measurement1_Celsius_BIN=Low | temperature_measurement2_Celsius_BIN=Low | water_consumption_BIN=High | water_temperature_deltaCelsius_BIN=High | workpiece_slice_geometry=180x180,30014188,17,1,12,23
2020-05-25,K_035,18,RUL_BIN=Low | alloy_speed_meter_minute_BIN=Medium | alloy_type=open | cast_in_row_BIN=Low | crystallizer_movementmm_BIN=Low | num_crystallizer_BIN=Low | num_stream_BIN=High | resistance_tonn_BIN=Low | steel_temperature_grab1Celsius_BIN=High | steel_type=Arm500 | steel_weighttonn_BIN=High | swing_frequency_amount_minute_BIN=High | temperature_measurement1_Celsius_BIN=Low | temperature_measurement2_Celsius_BIN=Low | water_consumption_BIN=High | water_temperature_deltaCelsius_BIN=High | workpiece_slice_geometry=180x180,30014191 | 30014193,17,2,12,23
2020-05-25,K_035,19,RUL_BIN=Low | alloy_speed_meter_minute_BIN=Medium | alloy_type=open | cast_in_row_BIN=Low | crystallizer_movementmm_BIN=Low | num_crystallizer_BIN=High | resistance_tonn_BIN=Low | steel_temperature_grab1Celsius_BIN=High | steel_type=Arm500 | steel_weighttonn_BIN=High | swing_frequency_amount_minute_BIN=High | temperature_measurement1_Celsius_BIN=Low | temperature_measurement2_Celsius_BIN=Low | water_consumption_BIN=High | water_temperature_deltaCelsius_BIN=High | workpiece_slice_geometry=180x180,30014187 | 30014190 | 30014192,16,3,12,23
2020-05-25,K_035,20,RUL_BIN=Low | alloy_speed_meter_minute_BIN=Medium | alloy_type=open | cast_in_row_BIN=Low | crystallizer_movementmm_BIN=Low | num_crystallizer_BIN=High | num_stream_BIN=Medium | resistance_tonn_BIN=Low | steel_temperature_grab1Celsius_BIN=High | steel_type=Arm500 | steel_weighttonn_BIN=High | swing_frequency_amount_minute_BIN=High | temperature_measurement1_Celsius_BIN=Low | temperature_measurement2_Celsius_BIN=Low | water_consumption_BIN=High | water_temperature_deltaCelsius_BIN=High | workpiece_slice_geometry=180x180,30014187 | 30014192,17,2,12,23
2020-05-25,K_035,21,RUL_BIN=Low | alloy_speed_meter_minute_BIN=Medium | alloy_type=open | cast_in_row_BIN=Low | crystallizer_movementmm_BIN=Low | num_crystallizer_BIN=High | num_stream_BIN=Low | resistance_tonn_BIN=Low | steel_temperature_grab1Celsius_BIN=High | steel_type=Arm500 | steel_weighttonn_BIN=High | swing_frequency_amount_minute_BIN=High | temperature_measurement1_Celsius_BIN=Low | temperature_measurement2_Celsius_BIN=Low | water_consumption_BIN=High | water_temperature_deltaCelsius_BIN=High | workpiece_slice_geometry=180x180,30014190,17,1,12,23
2020-05-25,K_035,22,RUL_BIN=Critical | alloy_speed_meter_minute_BIN=Medium | alloy_type=open | cast_in_row_BIN=Low | crystallizer_movementmm_BIN=Low | resistance_tonn_BIN=Low | steel_temperature_grab1Celsius_BIN=High | steel_type=Arm500 | steel_weighttonn_BIN=High | swing_frequency_amount_minute_BIN=High | temperature_measurement1_Celsius_BIN=Low | temperature_measurement2_Celsius_BIN=Low | water_consumption_BIN=High | water_temperature_deltaCelsius_BIN=High | workpiece_slice_geometry=180x180,30013872 | 30014134 | 30014141,15,3,12,23
2020-05-25,K_035,23,RUL_BIN=Critical | alloy_speed_meter_minute_BIN=Medium | alloy_type=open | cast_in_row_BIN=Low | crystallizer_movementmm_BIN=Low | num_stream_BIN=High | resistance_tonn_BIN=Low | steel_temperature_grab1Celsius_BIN=High | steel_type=Arm500 | steel_weighttonn_BIN=High | swing_frequency_amount_minute_BIN=High | temperature_measurement1_Celsius_BIN=Low | temperature_measurement2_Celsius_BIN=Low | water_consumption_BIN=High | water_temperature_deltaCelsius_BIN=High | workpiece_slice_geometry=180x180,30013872 | 30014141,16,2,12,23
2020-05-25,K_035,24,RUL_BIN=Critical | alloy_speed_meter_minute_BIN=Medium | alloy_type=open | cast_in_row_BIN=Low | crystallizer_movementmm_BIN=Low | num_crystallizer_BIN=Medium | num_stream_BIN=High | resistance_tonn_BIN=Low | steel_temperature_grab1Celsius_BIN=High | steel_type=Arm500 | steel_weighttonn_BIN=High | swing_frequency_amount_minute_BIN=High | temperature_measurement1_Celsius_BIN=Low | temperature_measurement2_Celsius_BIN=Low | water_consumption_BIN=High | water_temperature_deltaCelsius_BIN=High | workpiece_slice_geometry=180x180,30014141,17,1,12,23
2020-05-25,K_035,25,RUL_BIN=Critical | alloy_speed_meter_minute_BIN=Medium | alloy_type=open | cast_in_row_BIN=Low | crystallizer_movementmm_BIN=Low | num_crystallizer_BIN=Low | num_stream_BIN=Low | resistance_tonn_BIN=Low | steel_temperature_grab1Celsius_BIN=High | steel_type=Arm500 | steel_weighttonn_BIN=High | swing_frequency_amount_minute_BIN=High | temperature_measurement1_Celsius_BIN=Low | temperature_measurement2_Celsius_BIN=Low | water_consumption_BIN=High | water_temperature_deltaCelsius_BIN=High | workpiece_slice_geometry=180x180,30014134,17,1,12,23
2020-05-25,K_035,26,RUL_BIN=Critical | alloy_speed_meter_minute_BIN=Medium | alloy_type=open | cast_in_row_BIN=Low | crystallizer_movementmm_BIN=Low | num_crystallizer_BIN=High | num_stream_BIN=High | resistance_tonn_BIN=Low | steel_temperature_grab1Celsius_BIN=High | steel_type=Arm500 | steel_weighttonn_BIN=High | swing_frequency_amount_minute_BIN=High | temperature_measurement1_Celsius_BIN=Low | temperature_measurement2_Celsius_BIN=Low | water_consumption_BIN=High | water_temperature_deltaCelsius_BIN=High | workpiece_slice_geometry=180x180,30013872,17,1,12,23
2020-05-25,K_035,27,RUL_BIN=Critical | RUL_BIN=Low | RUL_BIN=Medium | alloy_speed_meter_minute_BIN=Medium | alloy_type=open | cast_in_row_BIN=Low | crystallizer_movementmm_BIN=Low | num_crystallizer_BIN=High | num_crystallizer_BIN=Low | num_crystallizer_BIN=Medium | num_stream_BIN=High | num_stream_BIN=Low | num_stream_BIN=Medium | resistance_tonn_BIN=Low | steel_temperature_grab1Celsius_BIN=High | steel_type=Arm500 | steel_weighttonn_BIN=High | swing_frequency_amount_minute_BIN=High | temperature_measurement1_Celsius_BIN=Low | temperature_measurement2_Celsius_BIN=Low | water_consumption_BIN=High | water_temperature_deltaCelsius_BIN=High | workpiece_slice_geometry=180x180,,23,0,12,23
2020-05-26,K_036,0,alloy_speed_meter_minute_BIN=High | alloy_type=open | cast_in_row_BIN=Medium | crystallizer_movementmm_BIN=High | resistance_tonn_BIN=Low | steel_temperature_grab1Celsius_BIN=High | steel_type=St4sp | steel_weighttonn_BIN=High | swing_frequency_amount_minute_BIN=Low | temperature_measurement1_Celsius_BIN=Low | temperature_measurement2_Celsius_BIN=Low | water_consumption_BIN=High | water_temperature_deltaCelsius_BIN=High | workpiece_slice_geometry=150x150,30014144 | 30014187 | 30014188 | 30014190 | 30014191 | 30014192 | 30014193,14,7,7,22
2020-05-26,K_036,1,alloy_speed_meter_minute_BIN=High | alloy_type=open | cast_in_row_BIN=Medium | crystallizer_movementmm_BIN=High | num_stream_BIN=Medium | resistance_tonn_BIN=Low | steel_temperature_grab1Celsius_BIN=High | steel_type=St4sp | steel_weighttonn_BIN=High | swing_frequency_amount_minute_BIN=Low | temperature_measurement1_Celsius_BIN=Low | temperature_measurement2_Celsius_BIN=Low | water_consumption_BIN=High | water_temperature_deltaCelsius_BIN=High | workpiece_slice_geometry=150x150,30014144 | 30014187 | 30014192,15,3,7,22
2020-05-26,K_036,2,alloy_speed_meter_minute_BIN=High | alloy_type=open | cast_in_row_BIN=Medium | crystallizer_movementmm_BIN=High | num_stream_BIN=Low | resistance_tonn_BIN=Low | steel_temperature_grab1Celsius_BIN=High | steel_type=St4sp | steel_weighttonn_BIN=High | swing_frequency_amount_minute_BIN=Low | temperature_measurement1_Celsius_BIN=Low | temperature_measurement2_Celsius_BIN=Low | water_consumption_BIN=High | water_temperature_deltaCelsius_BIN=High | workpiece_slice_geometry=150x150,30014188 | 30014190,15,2,7,22
2020-05-26,K_036,3,alloy_speed_meter_minute_BIN=High | alloy_type=open | cast_in_row_BIN=Medium | crystallizer_movementmm_BIN=High | num_crystallizer_BIN=Low | resistance_tonn_BIN=Low | steel_temperature_grab1Celsius_BIN=High | steel_type=St4sp | steel_weighttonn_BIN=High | swing_frequency_amount_minute_BIN=Low | temperature_measurement1_Celsius_BIN=Low | temperature_measurement2_Celsius_BIN=Low | water_consumption_BIN=High | water_temperature_deltaCelsius_BIN=High | workpiece_slice_geometry=150x150,30014188 | 30014191 | 30014193,15,3,7,22
2020-05-26,K_036,4,alloy_speed_meter_minute_BIN=High | alloy_type=open | cast_in_row_BIN=Medium | crystallizer_movementmm_BIN=High | num_crystallizer_BIN=High | resistance_tonn_BIN=Low | steel_temperature_grab1Celsius_BIN=High | steel_type=St4sp | steel_weighttonn_BIN=High | swing_frequency_amount_minute_BIN=Low | temperature_measurement1_Celsius_BIN=Low | temperature_measurement2_Celsius_BIN=Low | water_consumption_BIN=High | water_temperature_deltaCelsius_BIN=High | workpiece_slice_geometry=150x150,30014187 | 30014190 | 30014192,15,3,7,22
2020-05-26,K_036,5,alloy_speed_meter_minute_BIN=High | alloy_type=open | cast_in_row_BIN=Medium | crystallizer_movementmm_BIN=High | num_crystallizer_BIN=High | num_stream_BIN=Medium | resistance_tonn_BIN=Low | steel_temperature_grab1Celsius_BIN=High | steel_type=St4sp | steel_weighttonn_BIN=High | swing_frequency_amount_minute_BIN=Low | temperature_measurement1_Celsius_BIN=Low | temperature_measurement2_Celsius_BIN=Low | water_consumption_BIN=High | water_temperature_deltaCelsius_BIN=High | workpiece_slice_geometry=150x150,30014187 | 30014192,16,2,7,22
2020-05-26,K_036,6,RUL_BIN=Low | alloy_speed_meter_minute_BIN=High | alloy_type=open | cast_in_row_BIN=Medium | crystallizer_movementmm_BIN=High | resistance_tonn_BIN=Low | steel_temperature_grab1Celsius_BIN=High | steel_type=St4sp | steel_weighttonn_BIN=High | swing_frequency_amount_minute_BIN=Low | temperature_measurement1_Celsius_BIN=Low | temperature_measurement2_Celsius_BIN=Low | water_consumption_BIN=High | water_temperature_deltaCelsius_BIN=High | workpiece_slice_geometry=150x150,30014144 | 30014190 | 30014191 | 30014192 | 30014193,15,5,7,22
2020-05-26,K_036,7,RUL_BIN=Low | alloy_speed_meter_minute_BIN=High | alloy_type=open | cast_in_row_BIN=Medium | crystallizer_movementmm_BIN=High | num_stream_BIN=Medium | resistance_tonn_BIN=Low | steel_temperature_grab1Celsius_BIN=High | steel_type=St4sp | steel_weighttonn_BIN=High | swing_frequency_amount_minute_BIN=Low | temperature_measurement1_Celsius_BIN=Low | temperature_measurement2_Celsius_BIN=Low | water_consumption_BIN=High | water_temperature_deltaCelsius_BIN=High | workpiece_slice_geometry=150x150,30014144 | 30014192,16,2,7,22
2020-05-26,K_036,8,RUL_BIN=Low | alloy_speed_meter_minute_BIN=High | alloy_type=open | cast_in_row_BIN=Medium | crystallizer_movementmm_BIN=High | num_crystallizer_BIN=Medium | num_stream_BIN=Medium | resistance_tonn_BIN=Low | steel_temperature_grab1Celsius_BIN=High | steel_type=St4sp | steel_weighttonn_BIN=High | swing_frequency_amount_minute_BIN=Low | temperature_measurement1_Celsius_BIN=Low | temperature_measurement2_Celsius_BIN=Low | water_consumption_BIN=High | water_temperature_deltaCelsius_BIN=High | workpiece_slice_geometry=150x150,30014144,17,1,7,22
2020-05-26,K_036,9,RUL_BIN=Low | alloy_speed_meter_minute_BIN=High | alloy_type=open | cast_in_row_BIN=Medium | crystallizer_movementmm_BIN=High | num_crystallizer_BIN=Low | num_stream_BIN=High | resistance_tonn_BIN=Low | steel_temperature_grab1Celsius_BIN=High | steel_type=St4sp | steel_weighttonn_BIN=High | swing_frequency_amount_minute_BIN=Low | temperature_measurement1_Celsius_BIN=Low | temperature_measurement2_Celsius_BIN=Low | water_consumption_BIN=High | water_temperature_deltaCelsius_BIN=High | workpiece_slice_geometry=150x150,30014191 | 30014193,17,2,7,22
2020-05-26,K_036,10,RUL_BIN=Low | alloy_speed_meter_minute_BIN=High | alloy_type=open | cast_in_row_BIN=Medium | crystallizer_movementmm_BIN=High | num_crystallizer_BIN=High | resistance_tonn_BIN=Low | steel_temperature_grab1Celsius_BIN=High | steel_type=St4sp | steel_weighttonn_BIN=High | swing_frequency_amount_minute_BIN=Low | temperature_measurement1_Celsius_BIN=Low | temperature_measurement2_Celsius_BIN=Low | water_consumption_BIN=High | water_temperature_deltaCelsius_BIN=High | workpiece_slice_geometry=150x150,30014190 | 30014192,16,2,7,22
2020-05-26,K_036,11,RUL_BIN=Low | alloy_speed_meter_minute_BIN=High | alloy_type=open | cast_in_row_BIN=Medium | crystallizer_movementmm_BIN=High | num_crystallizer_BIN=High | num_stream_BIN=Medium | resistance_tonn_BIN=Low | steel_temperature_grab1Celsius_BIN=High | steel_type=St4sp | steel_weighttonn_BIN=High | swing_frequency_amount_minute_BIN=Low | temperature_measurement1_Celsius_BIN=Low | temperature_measurement2_Celsius_BIN=Low | water_consumption_BIN=High | water_temperature_deltaCelsius_BIN=High | workpiece_slice_geometry=150x150,30014192,17,1,7,22
2020-05-26,K_036,12,RUL_BIN=Low | alloy_speed_meter_minute_BIN=High | alloy_type=open | cast_in_row_BIN=Medium | crystallizer_movementmm_BIN=High | num_crystallizer_BIN=High | num_stream_BIN=Low | resistance_tonn_BIN=Low | steel_temperature_grab1Celsius_BIN=High | steel_type=St4sp | steel_weighttonn_BIN=High | swing_frequency_amount_minute_BIN=Low | temperature_measurement1_Celsius_BIN=Low | temperature_measurement2_Celsius_BIN=Low | water_consumption_BIN=High | water_temperature_deltaCelsius_BIN=High | workpiece_slice_geometry=150x150,30014190,17,1,7,22
2020-05-26,K_036,13,RUL_BIN=Critical | alloy_speed_meter_minute_BIN=High | alloy_type=open | cast_in_row_BIN=Medium | crystallizer_movementmm_BIN=High | resistance_tonn_BIN=Low | steel_temperature_grab1Celsius_BIN=High | steel_type=St4sp | steel_weighttonn_BIN=High | swing_frequency_amount_minute_BIN=Low | temperature_measurement1_Celsius_BIN=Low | temperature_measurement2_Celsius_BIN=Low | water_consumption_BIN=High | water_temperature_deltaCelsius_BIN=High | workpiece_slice_geometry=150x150,30014187 | 30014188,15,2,7,22
2020-05-26,K_036,14,RUL_BIN=Critical | alloy_speed_meter_minute_BIN=High | alloy_type=open | cast_in_row_BIN=Medium | crystallizer_movementmm_BIN=High | num_crystallizer_BIN=Low | num_stream_BIN=Low | resistance_tonn_BIN=Low | steel_temperature_grab1Celsius_BIN=High | steel_type=St4sp | steel_weighttonn_BIN=High | swing_frequency_amount_minute_BIN=Low | temperature_measurement1_Celsius_BIN=Low | temperature_measurement2_Celsius_BIN=Low | water_consumption_BIN=High | water_temperature_deltaCelsius_BIN=High | workpiece_slice_geometry=150x150,30014188,17,1,7,22
2020-05-26,K_036,15,RUL_BIN=Critical | alloy_speed_meter_minute_BIN=High | alloy_type=open | cast_in_row_BIN=Medium | crystallizer_movementmm_BIN=High | num_crystallizer_BIN=High | num_stream_BIN=Medium | resistance_tonn_BIN=Low | steel_temperature_grab1Celsius_BIN=High | steel_type=St4sp | steel_weighttonn_BIN=High | swing_frequency_amount_minute_BIN=Low | temperature_measurement1_Celsius_BIN=Low | temperature_measurement2_Celsius_BIN=Low | water_consumption_BIN=High | water_temperature_deltaCelsius_BIN=High | workpiece_slice_geometry=150x150,30014187,17,1,7,22
2020-05-26,K_036,16,RUL_BIN=Critical | RUL_BIN=Low | alloy_speed_meter_minute_BIN=High | alloy_type=open | cast_in_row_BIN=Medium | crystallizer_movementmm_BIN=High | num_crystallizer_BIN=High | num_crystallizer_BIN=Low | num_crystallizer_BIN=Medium | num_stream_BIN=High | num_stream_BIN=Low | num_stream_BIN=Medium | resistance_tonn_BIN=Low | steel_temperature_grab1Celsius_BIN=High | steel_type=St4sp | steel_weighttonn_BIN=High | swing_frequency_amount_minute_BIN=Low | temperature_measurement1_Celsius_BIN=Low | temperature_measurement2_Celsius_BIN=Low | water_consumption_BIN=High | water_temperature_deltaCelsius_BIN=High | workpiece_slice_geometry=150x150,,22,0,7,22
2020-05-27,K_037,0,alloy_speed_meter_minute_BIN=High | alloy_type=open | cast_in_row_BIN=High | crystallizer_movementmm_BIN=Low | resistance_tonn_BIN=Low | steel_temperature_grab1Celsius_BIN=High | steel_type=Arm500 | steel_weighttonn_BIN=High | swing_frequency_amount_minute_BIN=Low | temperature_measurement1_Celsius_BIN=Low | temperature_measurement2_Celsius_BIN=Low | water_consumption_BIN=High | water_temperature_deltaCelsius_BIN=High | workpiece_slice_geometry=150x150,30013359 | 30013871 | 30013873 | 30013875 | 30014136 | 30014144 | 30014187 | 30014188 | 30014190 | 30014191 | 30014192 | 30014193,14,12,12,24
2020-05-27,K_037,1,alloy_speed_meter_minute_BIN=High | alloy_type=open | cast_in_row_BIN=High | crystallizer_movementmm_BIN=Low | num_stream_BIN=Medium | resistance_tonn_BIN=Low | steel_temperature_grab1Celsius_BIN=High | steel_type=Arm500 | steel_weighttonn_BIN=High | swing_frequency_amount_minute_BIN=Low | temperature_measurement1_Celsius_BIN=Low | temperature_measurement2_Celsius_BIN=Low | water_consumption_BIN=High | water_temperature_deltaCelsius_BIN=High | workpiece_slice_geometry=150x150,30013871 | 30014136 | 30014144 | 30014187 | 30014192,15,5,12,24
2020-05-27,K_037,2,alloy_speed_meter_minute_BIN=High | alloy_type=open | cast_in_row_BIN=High | crystallizer_movementmm_BIN=Low | num_stream_BIN=Low | resistance_tonn_BIN=Low | steel_temperature_grab1Celsius_BIN=High | steel_type=Arm500 | steel_weighttonn_BIN=High | swing_frequency_amount_minute_BIN=Low | temperature_measurement1_Celsius_BIN=Low | temperature_measurement2_Celsius_BIN=Low | water_consumption_BIN=High | water_temperature_deltaCelsius_BIN=High | workpiece_slice_geometry=150x150,30013359 | 30013875 | 30014188 | 30014190,15,4,12,24
2020-05-27,K_037,3,alloy_speed_meter_minute_BIN=High | alloy_type=open | cast_in_row_BIN=High | crystallizer_movementmm_BIN=Low | num_stream_BIN=High | resistance_tonn_BIN=Low | steel_temperature_grab1Celsius_BIN=High | steel_type=Arm500 | steel_weighttonn_BIN=High | swing_frequency_amount_minute_BIN=Low | temperature_measurement1_Celsius_BIN=Low | temperature_measurement2_Celsius_BIN=Low | water_consumption_BIN=High | water_temperature_deltaCelsius_BIN=High | workpiece_slice_geometry=150x150,30013873 | 30014191 | 30014193,15,3,12,24
2020-05-27,K_037,4,alloy_speed_meter_minute_BIN=High | alloy_type=open | cast_in_row_BIN=High | crystallizer_movementmm_BIN=Low | num_crystallizer_BIN=Medium | resistance_tonn_BIN=Low | steel_temperature_grab1Celsius_BIN=High | steel_type=Arm500 | steel_weighttonn_BIN=High | swing_frequency_amount_minute_BIN=Low | temperature_measurement1_Celsius_BIN=Low | temperature_measurement2_Celsius_BIN=Low | water_consumption_BIN=High | water_temperature_deltaCelsius_BIN=High | workpiece_slice_geometry=150x150,30013359 | 30013871 | 30013873 | 30013875 | 30014136 | 30014144,15,6,12,24
2020-05-27,K_037,5,alloy_speed_meter_minute_BIN=High | alloy_type=open | cast_in_row_BIN=High | crystallizer_movementmm_BIN=Low | num_crystallizer_BIN=Medium | num_stream_BIN=Medium | resistance_tonn_BIN=Low | steel_temperature_grab1Celsius_BIN=High | steel_type=Arm500 | steel_weighttonn_BIN=High | swing_frequency_amount_minute_BIN=Low | temperature_measurement1_Celsius_BIN=Low | temperature_measurement2_Celsius_BIN=Low | water_consumption_BIN=High | water_temperature_deltaCelsius_BIN=High | workpiece_slice_geometry=150x150,30013871 | 30014136 | 30014144,16,3,12,24
2020-05-27,K_037,6,RUL_BIN=Medium | alloy_speed_meter_minute_BIN=High | alloy_type=open | cast_in_row_BIN=High | crystallizer_movementmm_BIN=Low | num_crystallizer_BIN=Medium | resistance_tonn_BIN=Low | steel_temperature_grab1Celsius_BIN=High | steel_type=Arm500 | steel_weighttonn_BIN=High | swing_frequency_amount_minute_BIN=Low | temperature_measurement1_Celsius_BIN=Low | temperature_measurement2_Celsius_BIN=Low | water_consumption_BIN=High | water_temperature_deltaCelsius_BIN=High | workpiece_slice_geometry=150x150,30013359 | 30013871 | 30013875,16,3,12,24
2020-05-27,K_037,7,RUL_BIN=Medium | alloy_speed_meter_minute_BIN=High | alloy_type=open | cast_in_row_BIN=High | crystallizer_movementmm_BIN=Low | num_crystallizer_BIN=Medium | num_stream_BIN=Medium | resistance_tonn_BIN=Low | steel_temperature_grab1Celsius_BIN=High | steel_type=Arm500 | steel_weighttonn_BIN=High | swing_frequency_amount_minute_BIN=Low | temperature_measurement1_Celsius_BIN=Low | temperature_measurement2_Celsius_BIN=Low | water_consumption_BIN=High | water_temperature_deltaCelsius_BIN=High | workpiece_slice_geometry=150x150,30013871,17,1,12,24
2020-05-27,K_037,8,RUL_BIN=Medium | alloy_speed_meter_minute_BIN=High | alloy_type=open | cast_in_row_BIN=High | crystallizer_movementmm_BIN=Low | num_crystallizer_BIN=Medium | num_stream_BIN=Low | resistance_tonn_BIN=Low | steel_temperature_grab1Celsius_BIN=High | steel_type=Arm500 | steel_weighttonn_BIN=High | swing_frequency_amount_minute_BIN=Low | temperature_measurement1_Celsius_BIN=Low | temperature_measurement2_Celsius_BIN=Low | water_consumption_BIN=High | water_temperature_deltaCelsius_BIN=High | workpiece_slice_geometry=150x150,30013359 | 30013875,17,2,12,24
2020-05-27,K_037,9,RUL_BIN=Low | alloy_speed_meter_minute_BIN=High | alloy_type=open | cast_in_row_BIN=High | crystallizer_movementmm_BIN=Low | num_crystallizer_BIN=Medium | num_stream_BIN=Medium | resistance_tonn_BIN=Low | steel_temperature_grab1Celsius_BIN=High | steel_type=Arm500 | steel_weighttonn_BIN=High | swing_frequency_amount_minute_BIN=Low | temperature_measurement1_Celsius_BIN=Low | temperature_measurement2_Celsius_BIN=Low | water_consumption_BIN=High | water_temperature_deltaCelsius_BIN=High | workpiece_slice_geometry=150x150,30014136 | 30014144,17,2,12,24
2020-05-27,K_037,10,RUL_BIN=Healthy | alloy_speed_meter_minute_BIN=High | alloy_type=open | cast_in_row_BIN=High | crystallizer_movementmm_BIN=Low | num_crystallizer_BIN=Medium | num_stream_BIN=High | resistance_tonn_BIN=Low | steel_temperature_grab1Celsius_BIN=High | steel_type=Arm500 | steel_weighttonn_BIN=High | swing_frequency_amount_minute_BIN=Low | temperature_measurement1_Celsius_BIN=Low | temperature_measurement2_Celsius_BIN=Low | water_consumption_BIN=High | water_temperature_deltaCelsius_BIN=High | workpiece_slice_geometry=150x150,30013873,17,1,12,24
2020-05-27,K_037,11,RUL_BIN=Critical | alloy_speed_meter_minute_BIN=High | alloy_type=open | cast_in_row_BIN=High | crystallizer_movementmm_BIN=Low | resistance_tonn_BIN=Low | steel_temperature_grab1Celsius_BIN=High | steel_type=Arm500 | steel_weighttonn_BIN=High | swing_frequency_amount_minute_BIN=Low | temperature_measurement1_Celsius_BIN=Low | temperature_measurement2_Celsius_BIN=Low | water_consumption_BIN=High | water_temperature_deltaCelsius_BIN=High | workpiece_slice_geometry=150x150,30014187 | 30014188 | 30014190 | 30014191 | 30014192 | 30014193,15,6,12,24
2020-05-27,K_037,12,RUL_BIN=Critical | alloy_speed_meter_minute_BIN=High | alloy_type=open | cast_in_row_BIN=High | crystallizer_movementmm_BIN=Low | num_stream_BIN=Low | resistance_tonn_BIN=Low | steel_temperature_grab1Celsius_BIN=High | steel_type=Arm500 | steel_weighttonn_BIN=High | swing_frequency_amount_minute_BIN=Low | temperature_measurement1_Celsius_BIN=Low | temperature_measurement2_Celsius_BIN=Low | water_consumption_BIN=High | water_temperature_deltaCelsius_BIN=High | workpiece_slice_geometry=150x150,30014188 | 30014190,16,2,12,24
2020-05-27,K_037,13,RUL_BIN=Critical | alloy_speed_meter_minute_BIN=High | alloy_type=open | cast_in_row_BIN=High | crystallizer_movementmm_BIN=Low | num_crystallizer_BIN=Low | resistance_tonn_BIN=Low | steel_temperature_grab1Celsius_BIN=High | steel_type=Arm500 | steel_weighttonn_BIN=High | swing_frequency_amount_minute_BIN=Low | temperature_measurement1_Celsius_BIN=Low | temperature_measurement2_Celsius_BIN=Low | water_consumption_BIN=High | water_temperature_deltaCelsius_BIN=High | workpiece_slice_geometry=150x150,30014188 | 30014191 | 30014193,16,3,12,24
2020-05-27,K_037,14,RUL_BIN=Critical | alloy_speed_meter_minute_BIN=High | alloy_type=open | cast_in_row_BIN=High | crystallizer_movementmm_BIN=Low | num_crystallizer_BIN=Low | num_stream_BIN=Low | resistance_tonn_BIN=Low | steel_temperature_grab1Celsius_BIN=High | steel_type=Arm500 | steel_weighttonn_BIN=High | swing_frequency_amount_minute_BIN=Low | temperature_measurement1_Celsius_BIN=Low | temperature_measurement2_Celsius_BIN=Low | water_consumption_BIN=High | water_temperature_deltaCelsius_BIN=High | workpiece_slice_geometry=150x150,30014188,17,1,12,24
2020-05-27,K_037,15,RUL_BIN=Critical | alloy_speed_meter_minute_BIN=High | alloy_type=open | cast_in_row_BIN=High | crystallizer_movementmm_BIN=Low | num_crystallizer_BIN=Low | num_stream_BIN=High | resistance_tonn_BIN=Low | steel_temperature_grab1Celsius_BIN=High | steel_type=Arm500 | steel_weighttonn_BIN=High | swing_frequency_amount_minute_BIN=Low | temperature_measurement1_Celsius_BIN=Low | temperature_measurement2_Celsius_BIN=Low | water_consumption_BIN=High | water_temperature_deltaCelsius_BIN=High | workpiece_slice_geometry=150x150,30014191 | 30014193,17,2,12,24
2020-05-27,K_037,16,RUL_BIN=Critical | alloy_speed_meter_minute_BIN=High | alloy_type=open | cast_in_row_BIN=High | crystallizer_movementmm_BIN=Low | num_crystallizer_BIN=High | resistance_tonn_BIN=Low | steel_temperature_grab1Celsius_BIN=High | steel_type=Arm500 | steel_weighttonn_BIN=High | swing_frequency_amount_minute_BIN=Low | temperature_measurement1_Celsius_BIN=Low | temperature_measurement2_Celsius_BIN=Low | water_consumption_BIN=High | water_temperature_deltaCelsius_BIN=High | workpiece_slice_geometry=150x150,30014187 | 30014190 | 30014192,16,3,12,24
2020-05-27,K_037,17,RUL_BIN=Critical | alloy_speed_meter_minute_BIN=High | alloy_type=open | cast_in_row_BIN=High | crystallizer_movementmm_BIN=Low | num_crystallizer_BIN=High | num_stream_BIN=Medium | resistance_tonn_BIN=Low | steel_temperature_grab1Celsius_BIN=High | steel_type=Arm500 | steel_weighttonn_BIN=High | swing_frequency_amount_minute_BIN=Low | temperature_measurement1_Celsius_BIN=Low | temperature_measurement2_Celsius_BIN=Low | water_consumption_BIN=High | water_temperature_deltaCelsius_BIN=High | workpiece_slice_geometry=150x150,30014187 | 30014192,17,2,12,24
2020-05-27,K_037,18,RUL_BIN=Critical | alloy_speed_meter_minute_BIN=High | alloy_type=open | cast_in_row_BIN=High | crystallizer_movementmm_BIN=Low | num_crystallizer_BIN=High | num_stream_BIN=Low | resistance_tonn_BIN=Low | steel_temperature_grab1Celsius_BIN=High | steel_type=Arm500 | steel_weighttonn_BIN=High | swing_frequency_amount_minute_BIN=Low | temperature_measurement1_Celsius_BIN=Low | temperature_measurement2_Celsius_BIN=Low | water_consumption_BIN=High | water_temperature_deltaCelsius_BIN=High | workpiece_slice_geometry=150x150,30014190,17,1,12,24
2020-05-27,K_037,19,RUL_BIN=Critical | RUL_BIN=Healthy | RUL_BIN=Low | RUL_BIN=Medium | alloy_speed_meter_minute_BIN=High | alloy_type=open | cast_in_row_BIN=High | crystallizer_movementmm_BIN=Low | num_crystallizer_BIN=High | num_crystallizer_BIN=Low | num_crystallizer_BIN=Medium | num_stream_BIN=High | num_stream_BIN=Low | num_stream_BIN=Medium | resistance_tonn_BIN=Low | steel_temperature_grab1Celsius_BIN=High | steel_type=Arm500 | steel_weighttonn_BIN=High | swing_frequency_amount_minute_BIN=Low | temperature_measurement1_Celsius_BIN=Low | temperature_measurement2_Celsius_BIN=Low | water_consumption_BIN=High | water_temperature_deltaCelsius_BIN=High | workpiece_slice_geometry=150x150,,24,0,12,24
2020-05-28,K_038,0,alloy_speed_meter_minute_BIN=Medium | alloy_type=open | cast_in_row_BIN=Medium | crystallizer_movementmm_BIN=Low | num_crystallizer_BIN=Medium | resistance_tonn_BIN=Low | steel_temperature_grab1Celsius_BIN=High | steel_type=Arm500 | steel_weighttonn_BIN=High | swing_frequency_amount_minute_BIN=Medium | temperature_measurement1_Celsius_BIN=Low | temperature_measurement2_Celsius_BIN=Low | water_consumption_BIN=High | water_temperature_deltaCelsius_BIN=High | workpiece_slice_geometry=180x180,30013359 | 30013871 | 30013873 | 30013875 | 30014136 | 30014144,15,6,6,21
2020-05-28,K_038,1,alloy_speed_meter_minute_BIN=Medium | alloy_type=open | cast_in_row_BIN=Medium | crystallizer_movementmm_BIN=Low | num_crystallizer_BIN=Medium | num_stream_BIN=Low | resistance_tonn_BIN=Low | steel_temperature_grab1Celsius_BIN=High | steel_type=Arm500 | steel_weighttonn_BIN=High | swing_frequency_amount_minute_BIN=Medium | temperature_measurement1_Celsius_BIN=Low | temperature_measurement2_Celsius_BIN=Low | water_consumption_BIN=High | water_temperature_deltaCelsius_BIN=High | workpiece_slice_geometry=180x180,30013359 | 30013875,16,2,6,21
2020-05-28,K_038,2,RUL_BIN=Medium | alloy_speed_meter_minute_BIN=Medium | alloy_type=open | cast_in_row_BIN=Medium | crystallizer_movementmm_BIN=Low | num_crystallizer_BIN=Medium | num_stream_BIN=Low | resistance_tonn_BIN=Low | steel_temperature_grab1Celsius_BIN=High | steel_type=Arm500 | steel_weighttonn_BIN=High | swing_frequency_amount_minute_BIN=Medium | temperature_measurement1_Celsius_BIN=Low | temperature_measurement2_Celsius_BIN=Low | water_consumption_BIN=High | water_temperature_deltaCelsius_BIN=High | workpiece_slice_geometry=180x180,30013875,17,1,6,21
2020-05-28,K_038,3,RUL_BIN=Low | alloy_speed_meter_minute_BIN=Medium | alloy_type=open | cast_in_row_BIN=Medium | crystallizer_movementmm_BIN=Low | num_crystallizer_BIN=Medium | resistance_tonn_BIN=Low | steel_temperature_grab1Celsius_BIN=High | steel_type=Arm500 | steel_weighttonn_BIN=High | swing_frequency_amount_minute_BIN=Medium | temperature_measurement1_Celsius_BIN=Low | temperature_measurement2_Celsius_BIN=Low | water_consumption_BIN=High | water_temperature_deltaCelsius_BIN=High | workpiece_slice_geometry=180x180,30013359 | 30013871 | 30014136 | 30014144,16,4,6,21
2020-05-28,K_038,4,RUL_BIN=Low | alloy_speed_meter_minute_BIN=Medium | alloy_type=open | cast_in_row_BIN=Medium | crystallizer_movementmm_BIN=Low | num_crystallizer_BIN=Medium | num_stream_BIN=Medium | resistance_tonn_BIN=Low | steel_temperature_grab1Celsius_BIN=High | steel_type=Arm500 | steel_weighttonn_BIN=High | swing_frequency_amount_minute_BIN=Medium | temperature_measurement1_Celsius_BIN=Low | temperature_measurement2_Celsius_BIN=Low | water_consumption_BIN=High | water_temperature_deltaCelsius_BIN=High | workpiece_slice_geometry=180x180,30013871 | 30014136 | 30014144,17,3,6,21
2020-05-28,K_038,5,RUL_BIN=Low | alloy_speed_meter_minute_BIN=Medium | alloy_type=open | cast_in_row_BIN=Medium | crystallizer_movementmm_BIN=Low | num_crystallizer_BIN=Medium | num_stream_BIN=Low | resistance_tonn_BIN=Low | steel_temperature_grab1Celsius_BIN=High | steel_type=Arm500 | steel_weighttonn_BIN=High | swing_frequency_amount_minute_BIN=Medium | temperature_measurement1_Celsius_BIN=Low | temperature_measurement2_Celsius_BIN=Low | water_consumption_BIN=High | water_temperature_deltaCelsius_BIN=High | workpiece_slice_geometry=180x180,30013359,17,1,6,21
2020-05-28,K_038,6,RUL_BIN=Healthy | alloy_speed_meter_minute_BIN=Medium | alloy_type=open | cast_in_row_BIN=Medium | crystallizer_movementmm_BIN=Low | num_crystallizer_BIN=Medium | num_stream_BIN=High | resistance_tonn_BIN=Low | steel_temperature_grab1Celsius_BIN=High | steel_type=Arm500 | steel_weighttonn_BIN=High | swing_frequency_amount_minute_BIN=Medium | temperature_measurement1_Celsius_BIN=Low | temperature_measurement2_Celsius_BIN=Low | water_consumption_BIN=High | water_temperature_deltaCelsius_BIN=High | workpiece_slice_geometry=180x180,30013873,17,1,6,21
2020-05-28,K_038,7,RUL_BIN=Healthy | RUL_BIN=Low | RUL_BIN=Medium | alloy_speed_meter_minute_BIN=Medium | alloy_type=open | cast_in_row_BIN=Medium | crystallizer_movementmm_BIN=Low | num_crystallizer_BIN=Medium | num_stream_BIN=High | num_stream_BIN=Low | num_stream_BIN=Medium | resistance_tonn_BIN=Low | steel_temperature_grab1Celsius_BIN=High | steel_type=Arm500 | steel_weighttonn_BIN=High | swing_frequency_amount_minute_BIN=Medium | temperature_measurement1_Celsius_BIN=Low | temperature_measurement2_Celsius_BIN=Low | water_consumption_BIN=High | water_temperature_deltaCelsius_BIN=High | workpiece_slice_geometry=180x180,,21,0,6,21
2020-05-29,K_039,0,alloy_speed_meter_minute_BIN=Medium | alloy_type=open | cast_in_row_BIN=Low | crystallizer_movementmm_BIN=Low | num_crystallizer_BIN=Medium | resistance_tonn_BIN=Low | steel_temperature_grab1Celsius_BIN=High | steel_type=Arm500 | steel_weighttonn_BIN=High | swing_frequency_amount_minute_BIN=High | temperature_measurement1_Celsius_BIN=Low | temperature_measurement2_Celsius_BIN=Low | water_consumption_BIN=High | water_temperature_deltaCelsius_BIN=High | workpiece_slice_geometry=180x180,30013359 | 30013871 | 30013873 | 30013875 | 30014136 | 30014144,15,6,6,21
2020-05-29,K_039,1,alloy_speed_meter_minute_BIN=Medium | alloy_type=open | cast_in_row_BIN=Low | crystallizer_movementmm_BIN=Low | num_crystallizer_BIN=Medium | num_stream_BIN=Medium | resistance_tonn_BIN=Low | steel_temperature_grab1Celsius_BIN=High | steel_type=Arm500 | steel_weighttonn_BIN=High | swing_frequency_amount_minute_BIN=High | temperature_measurement1_Celsius_BIN=Low | temperature_measurement2_Celsius_BIN=Low | water_consumption_BIN=High | water_temperature_deltaCelsius_BIN=High | workpiece_slice_geometry=180x180,30013871 | 30014136 | 30014144,16,3,6,21
2020-05-29,K_039,2,RUL_BIN=Medium | alloy_speed_meter_minute_BIN=Medium | alloy_type=open | cast_in_row_BIN=Low | crystallizer_movementmm_BIN=Low | num_crystallizer_BIN=Medium | num_stream_BIN=High | resistance_tonn_BIN=Low | steel_temperature_grab1Celsius_BIN=High | steel_type=Arm500 | steel_weighttonn_BIN=High | swing_frequency_amount_minute_BIN=High | temperature_measurement1_Celsius_BIN=Low | temperature_measurement2_Celsius_BIN=Low | water_consumption_BIN=High | water_temperature_deltaCelsius_BIN=High | workpiece_slice_geometry=180x180,30013873,17,1,6,21
2020-05-29,K_039,3,RUL_BIN=Low | alloy_speed_meter_minute_BIN=Medium | alloy_type=open | cast_in_row_BIN=Low | crystallizer_movementmm_BIN=Low | num_crystallizer_BIN=Medium | resistance_tonn_BIN=Low | steel_temperature_grab1Celsius_BIN=High | steel_type=Arm500 | steel_weighttonn_BIN=High | swing_frequency_amount_minute_BIN=High | temperature_measurement1_Celsius_BIN=Low | temperature_measurement2_Celsius_BIN=Low | water_consumption_BIN=High | water_temperature_deltaCelsius_BIN=High | workpiece_slice_geometry=180x180,30013359 | 30013871 | 30013875,16,3,6,21
2020-05-29,K_039,4,RUL_BIN=Low | alloy_speed_meter_minute_BIN=Medium | alloy_type=open | cast_in_row_BIN=Low | crystallizer_movementmm_BIN=Low | num_crystallizer_BIN=Medium | num_stream_BIN=Medium | resistance_tonn_BIN=Low | steel_temperature_grab1Celsius_BIN=High | steel_type=Arm500 | steel_weighttonn_BIN=High | swing_frequency_amount_minute_BIN=High | temperature_measurement1_Celsius_BIN=Low | temperature_measurement2_Celsius_BIN=Low | water_consumption_BIN=High | water_temperature_deltaCelsius_BIN=High | workpiece_slice_geometry=180x180,30013871,17,1,6,21
2020-05-29,K_039,5,RUL_BIN=Low | alloy_speed_meter_minute_BIN=Medium | alloy_type=open | cast_in_row_BIN=Low | crystallizer_movementmm_BIN=Low | num_crystallizer_BIN=Medium | num_stream_BIN=Low | resistance_tonn_BIN=Low | steel_temperature_grab1Celsius_BIN=High | steel_type=Arm500 | steel_weighttonn_BIN=High | swing_frequency_amount_minute_BIN=High | temperature_measurement1_Celsius_BIN=Low | temperature_measurement2_Celsius_BIN=Low | water_consumption_BIN=High | water_temperature_deltaCelsius_BIN=High | workpiece_slice_geometry=180x180,30013359 | 30013875,17,2,6,21
2020-05-29,K_039,6,RUL_BIN=Critical | alloy_speed_meter_minute_BIN=Medium | alloy_type=open | cast_in_row_BIN=Low | crystallizer_movementmm_BIN=Low | num_crystallizer_BIN=Medium | num_stream_BIN=Medium | resistance_tonn_BIN=Low | steel_temperature_grab1Celsius_BIN=High | steel_type=Arm500 | steel_weighttonn_BIN=High | swing_frequency_amount_minute_BIN=High | temperature_measurement1_Celsius_BIN=Low | temperature_measurement2_Celsius_BIN=Low | water_consumption_BIN=High | water_temperature_deltaCelsius_BIN=High | workpiece_slice_geometry=180x180,30014136 | 30014144,17,2,6,21
2020-05-29,K_039,7,RUL_BIN=Critical | RUL_BIN=Low | RUL_BIN=Medium | alloy_speed_meter_minute_BIN=Medium | alloy_type=open | cast_in_row_BIN=Low | crystallizer_movementmm_BIN=Low | num_crystallizer_BIN=Medium | num_stream_BIN=High | num_stream_BIN=Low | num_stream_BIN=Medium | resistance_tonn_BIN=Low | steel_temperature_grab1Celsius_BIN=High | steel_type=Arm500 | steel_weighttonn_BIN=High | swing_frequency_amount_minute_BIN=High | temperature_measurement1_Celsius_BIN=Low | temperature_measurement2_Celsius_BIN=Low | water_consumption_BIN=High | water_temperature_deltaCelsius_BIN=High | workpiece_slice_geometry=180x180,,21,0,6,21
2020-05-30,K_040,0,alloy_speed_meter_minute_BIN=Medium | alloy_type=open | cast_in_row_BIN=Low | crystallizer_movementmm_BIN=High | steel_temperature_grab1Celsius_BIN=High | steel_type=1015 | steel_weighttonn_BIN=Medium | swing_frequency_amount_minute_BIN=Medium | temperature_measurement1_Celsius_BIN=Low | temperature_measurement2_Celsius_BIN=Low | water_consumption_BIN=High | water_temperature_deltaCelsius_BIN=High | workpiece_slice_geometry=180x180,30013359 | 30013871 | 30013873 | 30013875 | 30013876 | 30014136 | 30014143 | 30014144,13,8,8,23
2020-05-30,K_040,1,alloy_speed_meter_minute_BIN=Medium | alloy_type=open | cast_in_row_BIN=Low | crystallizer_movementmm_BIN=High | num_stream_BIN=High | steel_temperature_grab1Celsius_BIN=High | steel_type=1015 | steel_weighttonn_BIN=Medium | swing_frequency_amount_minute_BIN=Medium | temperature_measurement1_Celsius_BIN=Low | temperature_measurement2_Celsius_BIN=Low | water_consumption_BIN=High | water_temperature_deltaCelsius_BIN=High | workpiece_slice_geometry=180x180,30013873 | 30013876 | 30014143,14,3,8,23
2020-05-30,K_040,2,alloy_speed_meter_minute_BIN=Medium | alloy_type=open | cast_in_row_BIN=Low | crystallizer_movementmm_BIN=High | num_crystallizer_BIN=Medium | steel_temperature_grab1Celsius_BIN=High | steel_type=1015 | steel_weighttonn_BIN=Medium | swing_frequency_amount_minute_BIN=Medium | temperature_measurement1_Celsius_BIN=Low | temperature_measurement2_Celsius_BIN=Low | water_consumption_BIN=High | water_temperature_deltaCelsius_BIN=High | workpiece_slice_geometry=180x180,30013359 | 30013871 | 30013873 | 30013875 | 30014136 | 30014143 | 30014144,14,7,8,23
2020-05-30,K_040,3,alloy_speed_meter_minute_BIN=Medium | alloy_type=open | cast_in_row_BIN=Low | crystallizer_movementmm_BIN=High | num_crystallizer_BIN=Medium | num_stream_BIN=High | steel_temperature_grab1Celsius_BIN=High | steel_type=1015 | steel_weighttonn_BIN=Medium | swing_frequency_amount_minute_BIN=Medium | temperature_measurement1_Celsius_BIN=Low | temperature_measurement2_Celsius_BIN=Low | water_consumption_BIN=High | water_temperature_deltaCelsius_BIN=High | workpiece_slice_geometry=180x180,30013873 | 30014143,15,2,8,23
2020-05-30,K_040,4,alloy_speed_meter_minute_BIN=Medium | alloy_type=open | cast_in_row_BIN=Low | crystallizer_movementmm_BIN=High | num_crystallizer_BIN=Medium | resistance_tonn_BIN=Low | steel_temperature_grab1Celsius_BIN=High | steel_type=1015 | steel_weighttonn_BIN=Medium | swing_frequency_amount_minute_BIN=Medium | temperature_measurement1_Celsius_BIN=Low | temperature_measurement2_Celsius_BIN=Low | water_consumption_BIN=High | water_temperature_deltaCelsius_BIN=High | workpiece_slice_geometry=180x180,30013359 | 30013871 | 30013873 | 30013875 | 30014136 | 30014144,15,6,8,23
2020-05-30,K_040,5,alloy_speed_meter_minute_BIN=Medium | alloy_type=open | cast_in_row_BIN=Low | crystallizer_movementmm_BIN=High | num_crystallizer_BIN=Medium | num_stream_BIN=Low | resistance_tonn_BIN=Low | steel_temperature_grab1Celsius_BIN=High | steel_type=1015 | steel_weighttonn_BIN=Medium | swing_frequency_amount_minute_BIN=Medium | temperature_measurement1_Celsius_BIN=Low | temperature_measurement2_Celsius_BIN=Low | water_consumption_BIN=High | water_temperature_deltaCelsius_BIN=High | workpiece_slice_geometry=180x180,30013359 | 30013875,16,2,8,23
2020-05-30,K_040,6,RUL_BIN=Medium | alloy_speed_meter_minute_BIN=Medium | alloy_type=open | cast_in_row_BIN=Low | crystallizer_movementmm_BIN=High | num_crystallizer_BIN=Medium | num_stream_BIN=High | resistance_tonn_BIN=Low | steel_temperature_grab1Celsius_BIN=High | steel_type=1015 | steel_weighttonn_BIN=Medium | swing_frequency_amount_minute_BIN=Medium | temperature_measurement1_Celsius_BIN=Low | temperature_measurement2_Celsius_BIN=Low | water_consumption_BIN=High | water_temperature_deltaCelsius_BIN=High | workpiece_slice_geometry=180x180,30013873,17,1,8,23
2020-05-30,K_040,7,RUL_BIN=Low | alloy_speed_meter_minute_BIN=Medium | alloy_type=open | cast_in_row_BIN=Low | crystallizer_movementmm_BIN=High | num_crystallizer_BIN=Medium | num_stream_BIN=Low | resistance_tonn_BIN=Low | steel_temperature_grab1Celsius_BIN=High | steel_type=1015 | steel_weighttonn_BIN=Medium | swing_frequency_amount_minute_BIN=Medium | temperature_measurement1_Celsius_BIN=Low | temperature_measurement2_Celsius_BIN=Low | water_consumption_BIN=High | water_temperature_deltaCelsius_BIN=High | workpiece_slice_geometry=180x180,30013875,17,1,8,23
2020-05-30,K_040,8,RUL_BIN=Critical | alloy_speed_meter_minute_BIN=Medium | alloy_type=open | cast_in_row_BIN=Low | crystallizer_movementmm_BIN=High | steel_temperature_grab1Celsius_BIN=High | steel_type=1015 | steel_weighttonn_BIN=Medium | swing_frequency_amount_minute_BIN=Medium | temperature_measurement1_Celsius_BIN=Low | temperature_measurement2_Celsius_BIN=Low | water_consumption_BIN=High | water_temperature_deltaCelsius_BIN=High | workpiece_slice_geometry=180x180,30013359 | 30013871 | 30013876 | 30014136 | 30014143 | 30014144,14,6,8,23
2020-05-30,K_040,9,RUL_BIN=Critical | alloy_speed_meter_minute_BIN=Medium | alloy_type=open | cast_in_row_BIN=Low | crystallizer_movementmm_BIN=High | num_crystallizer_BIN=Medium | steel_temperature_grab1Celsius_BIN=High | steel_type=1015 | steel_weighttonn_BIN=Medium | swing_frequency_amount_minute_BIN=Medium | temperature_measurement1_Celsius_BIN=Low | temperature_measurement2_Celsius_BIN=Low | water_consumption_BIN=High | water_temperature_deltaCelsius_BIN=High | workpiece_slice_geometry=180x180,30013359 | 30013871 | 30014136 | 30014143 | 30014144,15,5,8,23
2020-05-30,K_040,10,RUL_BIN=Critical | alloy_speed_meter_minute_BIN=Medium | alloy_type=open | cast_in_row_BIN=Low | crystallizer_movementmm_BIN=High | num_crystallizer_BIN=Medium | resistance_tonn_BIN=Low | steel_temperature_grab1Celsius_BIN=High | steel_type=1015 | steel_weighttonn_BIN=Medium | swing_frequency_amount_minute_BIN=Medium | temperature_measurement1_Celsius_BIN=Low | temperature_measurement2_Celsius_BIN=Low | water_consumption_BIN=High | water_temperature_deltaCelsius_BIN=High | workpiece_slice_geometry=180x180,30013359 | 30013871 | 30014136 | 30014144,16,4,8,23
2020-05-30,K_040,11,RUL_BIN=Critical | alloy_speed_meter_minute_BIN=Medium | alloy_type=open | cast_in_row_BIN=Low | crystallizer_movementmm_BIN=High | num_crystallizer_BIN=Medium | num_stream_BIN=Medium | resistance_tonn_BIN=Low | steel_temperature_grab1Celsius_BIN=High | steel_type=1015 | steel_weighttonn_BIN=Medium | swing_frequency_amount_minute_BIN=Medium | temperature_measurement1_Celsius_BIN=Low | temperature_measurement2_Celsius_BIN=Low | water_consumption_BIN=High | water_temperature_deltaCelsius_BIN=High | workpiece_slice_geometry=180x180,30013871 | 30014136 | 30014144,17,3,8,23
2020-05-30,K_040,12,RUL_BIN=Critical | alloy_speed_meter_minute_BIN=Medium | alloy_type=open | cast_in_row_BIN=Low | crystallizer_movementmm_BIN=High | num_crystallizer_BIN=Medium | num_stream_BIN=Low | resistance_tonn_BIN=Low | steel_temperature_grab1Celsius_BIN=High | steel_type=1015 | steel_weighttonn_BIN=Medium | swing_frequency_amount_minute_BIN=Medium | temperature_measurement1_Celsius_BIN=Low | temperature_measurement2_Celsius_BIN=Low | water_consumption_BIN=High | water_temperature_deltaCelsius_BIN=High | workpiece_slice_geometry=180x180,30013359,17,1,8,23
2020-05-30,K_040,13,RUL_BIN=Critical | alloy_speed_meter_minute_BIN=Medium | alloy_type=open | cast_in_row_BIN=Low | crystallizer_movementmm_BIN=High | num_stream_BIN=High | resistance_tonn_BIN=High | steel_temperature_grab1Celsius_BIN=High | steel_type=1015 | steel_weighttonn_BIN=Medium | swing_frequency_amount_minute_BIN=Medium | temperature_measurement1_Celsius_BIN=Low | temperature_measurement2_Celsius_BIN=Low | water_consumption_BIN=High | water_temperature_deltaCelsius_BIN=High | workpiece_slice_geometry=180x180,30013876 | 30014143,16,2,8,23
2020-05-30,K_040,14,RUL_BIN=Critical | alloy_speed_meter_minute_BIN=Medium | alloy_type=open | cast_in_row_BIN=Low | crystallizer_movementmm_BIN=High | num_crystallizer_BIN=Medium | num_stream_BIN=High | resistance_tonn_BIN=High | steel_temperature_grab1Celsius_BIN=High | steel_type=1015 | steel_weighttonn_BIN=Medium | swing_frequency_amount_minute_BIN=Medium | temperature_measurement1_Celsius_BIN=Low | temperature_measurement2_Celsius_BIN=Low | water_consumption_BIN=High | water_temperature_deltaCelsius_BIN=High | workpiece_slice_geometry=180x180,30014143,17,1,8,23
2020-05-30,K_040,15,RUL_BIN=Critical | alloy_speed_meter_minute_BIN=Medium | alloy_type=open | cast_in_row_BIN=Low | crystallizer_movementmm_BIN=High | num_crystallizer_BIN=High | num_stream_BIN=High | resistance_tonn_BIN=High | steel_temperature_grab1Celsius_BIN=High | steel_type=1015 | steel_weighttonn_BIN=Medium | swing_frequency_amount_minute_BIN=Medium | temperature_measurement1_Celsius_BIN=Low | temperature_measurement2_Celsius_BIN=Low | water_consumption_BIN=High | water_temperature_deltaCelsius_BIN=High | workpiece_slice_geometry=180x180,30013876,17,1,8,23
2020-05-30,K_040,16,RUL_BIN=Critical | RUL_BIN=Low | RUL_BIN=Medium | alloy_speed_meter_minute_BIN=Medium | alloy_type=open | cast_in_row_BIN=Low | crystallizer_movementmm_BIN=High | num_crystallizer_BIN=High | num_crystallizer_BIN=Medium | num_stream_BIN=High | num_stream_BIN=Low | num_stream_BIN=Medium | resistance_tonn_BIN=High | resistance_tonn_BIN=Low | steel_temperature_grab1Celsius_BIN=High | steel_type=1015 | steel_weighttonn_BIN=Medium | swing_frequency_amount_minute_BIN=Medium | temperature_measurement1_Celsius_BIN=Low | temperature_measurement2_Celsius_BIN=Low | water_consumption_BIN=High | water_temperature_deltaCelsius_BIN=High | workpiece_slice_geometry=180x180,,23,0,8,23
2020-05-31,K_041,0,alloy_speed_meter_minute_BIN=Medium | alloy_type=open | cast_in_row_BIN=Medium | crystallizer_movementmm_BIN=Low | resistance_tonn_BIN=Low | steel_temperature_grab1Celsius_BIN=High | steel_type=Arm500 | steel_weighttonn_BIN=High | swing_frequency_amount_minute_BIN=Medium | temperature_measurement1_Celsius_BIN=Low | temperature_measurement2_Celsius_BIN=Low | water_consumption_BIN=High | water_temperature_deltaCelsius_BIN=High | workpiece_slice_geometry=180x180,30013359 | 30013871 | 30013873 | 30013874 | 30013875 | 30014136 | 30014140 | 30014144,14,8,8,22
2020-05-31,K_041,1,alloy_speed_meter_minute_BIN=Medium | alloy_type=open | cast_in_row_BIN=Medium | crystallizer_movementmm_BIN=Low | num_stream_BIN=Low | resistance_tonn_BIN=Low | steel_temperature_grab1Celsius_BIN=High | steel_type=Arm500 | steel_weighttonn_BIN=High | swing_frequency_amount_minute_BIN=Medium | temperature_measurement1_Celsius_BIN=Low | temperature_measurement2_Celsius_BIN=Low | water_consumption_BIN=High | water_temperature_deltaCelsius_BIN=High | workpiece_slice_geometry=180x180,30013359 | 30013874 | 30013875,15,3,8,22
2020-05-31,K_041,2,alloy_speed_meter_minute_BIN=Medium | alloy_type=open | cast_in_row_BIN=Medium | crystallizer_movementmm_BIN=Low | num_crystallizer_BIN=Medium | resistance_tonn_BIN=Low | steel_temperature_grab1Celsius_BIN=High | steel_type=Arm500 | steel_weighttonn_BIN=High | swing_frequency_amount_minute_BIN=Medium | temperature_measurement1_Celsius_BIN=Low | temperature_measurement2_Celsius_BIN=Low | water_consumption_BIN=High | water_temperature_deltaCelsius_BIN=High | workpiece_slice_geometry=180x180,30013359 | 30013871 | 30013873 | 30013875 | 30014136 | 30014140 | 30014144,15,7,8,22
2020-05-31,K_041,3,alloy_speed_meter_minute_BIN=Medium | alloy_type=open | cast_in_row_BIN=Medium | crystallizer_movementmm_BIN=Low | num_crystallizer_BIN=Medium | num_stream_BIN=Medium | resistance_tonn_BIN=Low | steel_temperature_grab1Celsius_BIN=High | steel_type=Arm500 | steel_weighttonn_BIN=High | swing_frequency_amount_minute_BIN=Medium | temperature_measurement1_Celsius_BIN=Low | temperature_measurement2_Celsius_BIN=Low | water_consumption_BIN=High | water_temperature_deltaCelsius_BIN=High | workpiece_slice_geometry=180x180,30013871 | 30014136 | 30014140 | 30014144,16,4,8,22
2020-05-31,K_041,4,RUL_BIN=Medium | alloy_speed_meter_minute_BIN=Medium | alloy_type=open | cast_in_row_BIN=Medium | crystallizer_movementmm_BIN=Low | num_crystallizer_BIN=Medium | num_stream_BIN=High | resistance_tonn_BIN=Low | steel_temperature_grab1Celsius_BIN=High | steel_type=Arm500 | steel_weighttonn_BIN=High | swing_frequency_amount_minute_BIN=Medium | temperature_measurement1_Celsius_BIN=Low | temperature_measurement2_Celsius_BIN=Low | water_consumption_BIN=High | water_temperature_deltaCelsius_BIN=High | workpiece_slice_geometry=180x180,30013873,17,1,8,22
2020-05-31,K_041,5,RUL_BIN=Healthy | alloy_speed_meter_minute_BIN=Medium | alloy_type=open | cast_in_row_BIN=Medium | crystallizer_movementmm_BIN=Low | resistance_tonn_BIN=Low | steel_temperature_grab1Celsius_BIN=High | steel_type=Arm500 | steel_weighttonn_BIN=High | swing_frequency_amount_minute_BIN=Medium | temperature_measurement1_Celsius_BIN=Low | temperature_measurement2_Celsius_BIN=Low | water_consumption_BIN=High | water_temperature_deltaCelsius_BIN=High | workpiece_slice_geometry=180x180,30013874 | 30014140,15,2,8,22
2020-05-31,K_041,6,RUL_BIN=Healthy | alloy_speed_meter_minute_BIN=Medium | alloy_type=open | cast_in_row_BIN=Medium | crystallizer_movementmm_BIN=Low | num_crystallizer_BIN=Medium | num_stream_BIN=Medium | resistance_tonn_BIN=Low | steel_temperature_grab1Celsius_BIN=High | steel_type=Arm500 | steel_weighttonn_BIN=High | swing_frequency_amount_minute_BIN=Medium | temperature_measurement1_Celsius_BIN=Low | temperature_measurement2_Celsius_BIN=Low | water_consumption_BIN=High | water_temperature_deltaCelsius_BIN=High | workpiece_slice_geometry=180x180,30014140,17,1,8,22
2020-05-31,K_041,7,RUL_BIN=Healthy | alloy_speed_meter_minute_BIN=Medium | alloy_type=open | cast_in_row_BIN=Medium | crystallizer_movementmm_BIN=Low | num_crystallizer_BIN=Low | num_stream_BIN=Low | resistance_tonn_BIN=Low | steel_temperature_grab1Celsius_BIN=High | steel_type=Arm500 | steel_weighttonn_BIN=High | swing_frequency_amount_minute_BIN=Medium | temperature_measurement1_Celsius_BIN=Low | temperature_measurement2_Celsius_BIN=Low | water_consumption_BIN=High | water_temperature_deltaCelsius_BIN=High | workpiece_slice_geometry=180x180,30013874,17,1,8,22
2020-05-31,K_041,8,RUL_BIN=Critical | alloy_speed_meter_minute_BIN=Medium | alloy_type=open | cast_in_row_BIN=Medium | crystallizer_movementmm_BIN=Low | num_crystallizer_BIN=Medium | resistance_tonn_BIN=Low | steel_temperature_grab1Celsius_BIN=High | steel_type=Arm500 | steel_weighttonn_BIN=High | swing_frequency_amount_minute_BIN=Medium | temperature_measurement1_Celsius_BIN=Low | temperature_measurement2_Celsius_BIN=Low | water_consumption_BIN=High | water_temperature_deltaCelsius_BIN=High | workpiece_slice_geometry=180x180,30013359 | 30013871 | 30013875 | 30014136 | 30014144,16,5,8,22
2020-05-31,K_041,9,RUL_BIN=Critical | alloy_speed_meter_minute_BIN=Medium | alloy_type=open | cast_in_row_BIN=Medium | crystallizer_movementmm_BIN=Low | num_crystallizer_BIN=Medium | num_stream_BIN=Medium | resistance_tonn_BIN=Low | steel_temperature_grab1Celsius_BIN=High | steel_type=Arm500 | steel_weighttonn_BIN=High | swing_frequency_amount_minute_BIN=Medium | temperature_measurement1_Celsius_BIN=Low | temperature_measurement2_Celsius_BIN=Low | water_consumption_BIN=High | water_temperature_deltaCelsius_BIN=High | workpiece_slice_geometry=180x180,30013871 | 30014136 | 30014144,17,3,8,22
2020-05-31,K_041,10,RUL_BIN=Critical | alloy_speed_meter_minute_BIN=Medium | alloy_type=open | cast_in_row_BIN=Medium | crystallizer_movementmm_BIN=Low | num_crystallizer_BIN=Medium | num_stream_BIN=Low | resistance_tonn_BIN=Low | steel_temperature_grab1Celsius_BIN=High | steel_type=Arm500 | steel_weighttonn_BIN=High | swing_frequency_amount_minute_BIN=Medium | temperature_measurement1_Celsius_BIN=Low | temperature_measurement2_Celsius_BIN=Low | water_consumption_BIN=High | water_temperature_deltaCelsius_BIN=High | workpiece_slice_geometry=180x180,30013359 | 30013875,17,2,8,22
2020-05-31,K_041,11,RUL_BIN=Critical | RUL_BIN=Healthy | RUL_BIN=Medium | alloy_speed_meter_minute_BIN=Medium | alloy_type=open | cast_in_row_BIN=Medium | crystallizer_movementmm_BIN=Low | num_crystallizer_BIN=Low | num_crystallizer_BIN=Medium | num_stream_BIN=High | num_stream_BIN=Low | num_stream_BIN=Medium | resistance_tonn_BIN=Low | steel_temperature_grab1Celsius_BIN=High | steel_type=Arm500 | steel_weighttonn_BIN=High | swing_frequency_amount_minute_BIN=Medium | temperature_measurement1_Celsius_BIN=Low | temperature_measurement2_Celsius_BIN=Low | water_consumption_BIN=High | water_temperature_deltaCelsius_BIN=High | workpiece_slice_geometry=180x180,,22,0,8,22
2020-06-05,K_042,0,alloy_speed_meter_minute_BIN=High | alloy_type=open | cast_in_row_BIN=Low | crystallizer_movementmm_BIN=High | resistance_tonn_BIN=Low | steel_temperature_grab1Celsius_BIN=High | steel_type=St3sp | steel_weighttonn_BIN=High | swing_frequency_amount_minute_BIN=Low | temperature_measurement1_Celsius_BIN=Low | temperature_measurement2_Celsius_BIN=Low | water_consumption_BIN=High | water_temperature_deltaCelsius_BIN=High | workpiece_slice_geometry=150x150,30013873 | 30013874 | 30014138 | 30014140 | 30014144 | 30014187 | 30014190 | 30014191 | 30014192 | 30014193,14,10,10,23
2020-06-05,K_042,1,alloy_speed_meter_minute_BIN=High | alloy_type=open | cast_in_row_BIN=Low | crystallizer_movementmm_BIN=High | num_stream_BIN=Medium | resistance_tonn_BIN=Low | steel_temperature_grab1Celsius_BIN=High | steel_type=St3sp | steel_weighttonn_BIN=High | swing_frequency_amount_minute_BIN=Low | temperature_measurement1_Celsius_BIN=Low | temperature_measurement2_Celsius_BIN=Low | water_consumption_BIN=High | water_temperature_deltaCelsius_BIN=High | workpiece_slice_geometry=150x150,30014138 | 30014140 | 30014144 | 30014187 | 30014192,15,5,10,23
2020-06-05,K_042,2,alloy_speed_meter_minute_BIN=High | alloy_type=open | cast_in_row_BIN=Low | crystallizer_movementmm_BIN=High | num_stream_BIN=Low | resistance_tonn_BIN=Low | steel_temperature_grab1Celsius_BIN=High | steel_type=St3sp | steel_weighttonn_BIN=High | swing_frequency_amount_minute_BIN=Low | temperature_measurement1_Celsius_BIN=Low | temperature_measurement2_Celsius_BIN=Low | water_consumption_BIN=High | water_temperature_deltaCelsius_BIN=High | workpiece_slice_geometry=150x150,30013874 | 30014190,15,2,10,23
2020-06-05,K_042,3,alloy_speed_meter_minute_BIN=High | alloy_type=open | cast_in_row_BIN=Low | crystallizer_movementmm_BIN=High | num_stream_BIN=High | resistance_tonn_BIN=Low | steel_temperature_grab1Celsius_BIN=High | steel_type=St3sp | steel_weighttonn_BIN=High | swing_frequency_amount_minute_BIN=Low | temperature_measurement1_Celsius_BIN=Low | temperature_measurement2_Celsius_BIN=Low | water_consumption_BIN=High | water_temperature_deltaCelsius_BIN=High | workpiece_slice_geometry=150x150,30013873 | 30014191 | 30014193,15,3,10,23
2020-06-05,K_042,4,alloy_speed_meter_minute_BIN=High | alloy_type=open | cast_in_row_BIN=Low | crystallizer_movementmm_BIN=High | num_crystallizer_BIN=Medium | resistance_tonn_BIN=Low | steel_temperature_grab1Celsius_BIN=High | steel_type=St3sp | steel_weighttonn_BIN=High | swing_frequency_amount_minute_BIN=Low | temperature_measurement1_Celsius_BIN=Low | temperature_measurement2_Celsius_BIN=Low | water_consumption_BIN=High | water_temperature_deltaCelsius_BIN=High | workpiece_slice_geometry=150x150,30013873 | 30014140 | 30014144,15,3,10,23
2020-06-05,K_042,5,alloy_speed_meter_minute_BIN=High | alloy_type=open | cast_in_row_BIN=Low | crystallizer_movementmm_BIN=High | num_crystallizer_BIN=Medium | num_stream_BIN=Medium | resistance_tonn_BIN=Low | steel_temperature_grab1Celsius_BIN=High | steel_type=St3sp | steel_weighttonn_BIN=High | swing_frequency_amount_minute_BIN=Low | temperature_measurement1_Celsius_BIN=Low | temperature_measurement2_Celsius_BIN=Low | water_consumption_BIN=High | water_temperature_deltaCelsius_BIN=High | workpiece_slice_geometry=150x150,30014140 | 30014144,16,2,10,23
2020-06-05,K_042,6,alloy_speed_meter_minute_BIN=High | alloy_type=open | cast_in_row_BIN=Low | crystallizer_movementmm_BIN=High | num_crystallizer_BIN=Low | resistance_tonn_BIN=Low | steel_temperature_grab1Celsius_BIN=High | steel_type=St3sp | steel_weighttonn_BIN=High | swing_frequency_amount_minute_BIN=Low | temperature_measurement1_Celsius_BIN=Low | temperature_measurement2_Celsius_BIN=Low | water_consumption_BIN=High | water_temperature_deltaCelsius_BIN=High | workpiece_slice_geometry=150x150,30013874 | 30014191 | 30014193,15,3,10,23
2020-06-05,K_042,7,RUL_BIN=Medium | alloy_speed_meter_minute_BIN=High | alloy_type=open | cast_in_row_BIN=Low | crystallizer_movementmm_BIN=High | resistance_tonn_BIN=Low | steel_temperature_grab1Celsius_BIN=High | steel_type=St3sp | steel_weighttonn_BIN=High | swing_frequency_amount_minute_BIN=Low | temperature_measurement1_Celsius_BIN=Low | temperature_measurement2_Celsius_BIN=Low | water_consumption_BIN=High | water_temperature_deltaCelsius_BIN=High | workpiece_slice_geometry=150x150,30013874 | 30014140,15,2,10,23
2020-06-05,K_042,8,RUL_BIN=Medium | alloy_speed_meter_minute_BIN=High | alloy_type=open | cast_in_row_BIN=Low | crystallizer_movementmm_BIN=High | num_crystallizer_BIN=Medium | num_stream_BIN=Medium | resistance_tonn_BIN=Low | steel_temperature_grab1Celsius_BIN=High | steel_type=St3sp | steel_weighttonn_BIN=High | swing_frequency_amount_minute_BIN=Low | temperature_measurement1_Celsius_BIN=Low | temperature_measurement2_Celsius_BIN=Low | water_consumption_BIN=High | water_temperature_deltaCelsius_BIN=High | workpiece_slice_geometry=150x150,30014140,17,1,10,23
2020-06-05,K_042,9,RUL_BIN=Medium | alloy_speed_meter_minute_BIN=High | alloy_type=open | cast_in_row_BIN=Low | crystallizer_movementmm_BIN=High | num_crystallizer_BIN=Low | num_stream_BIN=Low | resistance_tonn_BIN=Low | steel_temperature_grab1Celsius_BIN=High | steel_type=St3sp | steel_weighttonn_BIN=High | swing_frequency_amount_minute_BIN=Low | temperature_measurement1_Celsius_BIN=Low | temperature_measurement2_Celsius_BIN=Low | water_consumption_BIN=High | water_temperature_deltaCelsius_BIN=High | workpiece_slice_geometry=150x150,30013874,17,1,10,23
2020-06-05,K_042,10,RUL_BIN=Low | alloy_speed_meter_minute_BIN=High | alloy_type=open | cast_in_row_BIN=Low | crystallizer_movementmm_BIN=High | num_crystallizer_BIN=Medium | num_stream_BIN=High | resistance_tonn_BIN=Low | steel_temperature_grab1Celsius_BIN=High | steel_type=St3sp | steel_weighttonn_BIN=High | swing_frequency_amount_minute_BIN=Low | temperature_measurement1_Celsius_BIN=Low | temperature_measurement2_Celsius_BIN=Low | water_consumption_BIN=High | water_temperature_deltaCelsius_BIN=High | workpiece_slice_geometry=150x150,30013873,17,1,10,23
2020-06-05,K_042,11,RUL_BIN=Critical | alloy_speed_meter_minute_BIN=High | alloy_type=open | cast_in_row_BIN=Low | crystallizer_movementmm_BIN=High | resistance_tonn_BIN=Low | steel_temperature_grab1Celsius_BIN=High | steel_type=St3sp | steel_weighttonn_BIN=High | swing_frequency_amount_minute_BIN=Low | temperature_measurement1_Celsius_BIN=Low | temperature_measurement2_Celsius_BIN=Low | water_consumption_BIN=High | water_temperature_deltaCelsius_BIN=High | workpiece_slice_geometry=150x150,30014138 | 30014144 | 30014187 | 30014190 | 30014191 | 30014192 | 30014193,15,7,10,23
2020-06-05,K_042,12,RUL_BIN=Critical | alloy_speed_meter_minute_BIN=High | alloy_type=open | cast_in_row_BIN=Low | crystallizer_movementmm_BIN=High | num_stream_BIN=Medium | resistance_tonn_BIN=Low | steel_temperature_grab1Celsius_BIN=High | steel_type=St3sp | steel_weighttonn_BIN=High | swing_frequency_amount_minute_BIN=Low | temperature_measurement1_Celsius_BIN=Low | temperature_measurement2_Celsius_BIN=Low | water_consumption_BIN=High | water_temperature_deltaCelsius_BIN=High | workpiece_slice_geometry=150x150,30014138 | 30014144 | 30014187 | 30014192,16,4,10,23
2020-06-05,K_042,13,RUL_BIN=Critical | alloy_speed_meter_minute_BIN=High | alloy_type=open | cast_in_row_BIN=Low | crystallizer_movementmm_BIN=High | num_crystallizer_BIN=Medium | num_stream_BIN=Medium | resistance_tonn_BIN=Low | steel_temperature_grab1Celsius_BIN=High | steel_type=St3sp | steel_weighttonn_BIN=High | swing_frequency_amount_minute_BIN=Low | temperature_measurement1_Celsius_BIN=Low | temperature_measurement2_Celsius_BIN=Low | water_consumption_BIN=High | water_temperature_deltaCelsius_BIN=High | workpiece_slice_geometry=150x150,30014144,17,1,10,23
2020-06-05,K_042,14,RUL_BIN=Critical | alloy_speed_meter_minute_BIN=High | alloy_type=open | cast_in_row_BIN=Low | crystallizer_movementmm_BIN=High | num_crystallizer_BIN=Low | num_stream_BIN=High | resistance_tonn_BIN=Low | steel_temperature_grab1Celsius_BIN=High | steel_type=St3sp | steel_weighttonn_BIN=High | swing_frequency_amount_minute_BIN=Low | temperature_measurement1_Celsius_BIN=Low | temperature_measurement2_Celsius_BIN=Low | water_consumption_BIN=High | water_temperature_deltaCelsius_BIN=High | workpiece_slice_geometry=150x150,30014191 | 30014193,17,2,10,23
2020-06-05,K_042,15,RUL_BIN=Critical | alloy_speed_meter_minute_BIN=High | alloy_type=open | cast_in_row_BIN=Low | crystallizer_movementmm_BIN=High | num_crystallizer_BIN=High | resistance_tonn_BIN=Low | steel_temperature_grab1Celsius_BIN=High | steel_type=St3sp | steel_weighttonn_BIN=High | swing_frequency_amount_minute_BIN=Low | temperature_measurement1_Celsius_BIN=Low | temperature_measurement2_Celsius_BIN=Low | water_consumption_BIN=High | water_temperature_deltaCelsius_BIN=High | workpiece_slice_geometry=150x150,30014138 | 30014187 | 30014190 | 30014192,16,4,10,23
2020-06-05,K_042,16,RUL_BIN=Critical | alloy_speed_meter_minute_BIN=High | alloy_type=open | cast_in_row_BIN=Low | crystallizer_movementmm_BIN=High | num_crystallizer_BIN=High | num_stream_BIN=Medium | resistance_tonn_BIN=Low | steel_temperature_grab1Celsius_BIN=High | steel_type=St3sp | steel_weighttonn_BIN=High | swing_frequency_amount_minute_BIN=Low | temperature_measurement1_Celsius_BIN=Low | temperature_measurement2_Celsius_BIN=Low | water_consumption_BIN=High | water_temperature_deltaCelsius_BIN=High | workpiece_slice_geometry=150x150,30014138 | 30014187 | 30014192,17,3,10,23
2020-06-05,K_042,17,RUL_BIN=Critical | alloy_speed_meter_minute_BIN=High | alloy_type=open | cast_in_row_BIN=Low | crystallizer_movementmm_BIN=High | num_crystallizer_BIN=High | num_stream_BIN=Low | resistance_tonn_BIN=Low | steel_temperature_grab1Celsius_BIN=High | steel_type=St3sp | steel_weighttonn_BIN=High | swing_frequency_amount_minute_BIN=Low | temperature_measurement1_Celsius_BIN=Low | temperature_measurement2_Celsius_BIN=Low | water_consumption_BIN=High | water_temperature_deltaCelsius_BIN=High | workpiece_slice_geometry=150x150,30014190,17,1,10,23
2020-06-05,K_042,18,RUL_BIN=Critical | RUL_BIN=Low | RUL_BIN=Medium | alloy_speed_meter_minute_BIN=High | alloy_type=open | cast_in_row_BIN=Low | crystallizer_movementmm_BIN=High | num_crystallizer_BIN=High | num_crystallizer_BIN=Low | num_crystallizer_BIN=Medium | num_stream_BIN=High | num_stream_BIN=Low | num_stream_BIN=Medium | resistance_tonn_BIN=Low | steel_temperature_grab1Celsius_BIN=High | steel_type=St3sp | steel_weighttonn_BIN=High | swing_frequency_amount_minute_BIN=Low | temperature_measurement1_Celsius_BIN=Low | temperature_measurement2_Celsius_BIN=Low | water_consumption_BIN=High | water_temperature_deltaCelsius_BIN=High | workpiece_slice_geometry=150x150,,23,0,10,23
2020-06-07,K_043,0,alloy_speed_meter_minute_BIN=Medium | alloy_type=open | cast_in_row_BIN=Low | crystallizer_movementmm_BIN=Low | resistance_tonn_BIN=Low | steel_temperature_grab1Celsius_BIN=High | steel_type=Arm500 | steel_weighttonn_BIN=High | swing_frequency_amount_minute_BIN=High | temperature_measurement1_Celsius_BIN=Low | temperature_measurement2_Celsius_BIN=Low | water_consumption_BIN=High | water_temperature_deltaCelsius_BIN=High | workpiece_slice_geometry=180x180,30013873 | 30013874 | 30014138 | 30014140 | 30014144,14,5,5,23
2020-06-07,K_043,1,alloy_speed_meter_minute_BIN=Medium | alloy_type=open | cast_in_row_BIN=Low | crystallizer_movementmm_BIN=Low | num_stream_BIN=Medium | resistance_tonn_BIN=Low | steel_temperature_grab1Celsius_BIN=High | steel_type=Arm500 | steel_weighttonn_BIN=High | swing_frequency_amount_minute_BIN=High | temperature_measurement1_Celsius_BIN=Low | temperature_measurement2_Celsius_BIN=Low | water_consumption_BIN=High | water_temperature_deltaCelsius_BIN=High | workpiece_slice_geometry=180x180,30014138 | 30014140 | 30014144,15,3,5,23
2020-06-07,K_043,2,alloy_speed_meter_minute_BIN=Medium | alloy_type=open | cast_in_row_BIN=Low | crystallizer_movementmm_BIN=Low | num_crystallizer_BIN=Medium | resistance_tonn_BIN=Low | steel_temperature_grab1Celsius_BIN=High | steel_type=Arm500 | steel_weighttonn_BIN=High | swing_frequency_amount_minute_BIN=High | temperature_measurement1_Celsius_BIN=Low | temperature_measurement2_Celsius_BIN=Low | water_consumption_BIN=High | water_temperature_deltaCelsius_BIN=High | workpiece_slice_geometry=180x180,30013873 | 30014140 | 30014144,15,3,5,23
2020-06-07,K_043,3,alloy_speed_meter_minute_BIN=Medium | alloy_type=open | cast_in_row_BIN=Low | crystallizer_movementmm_BIN=Low | num_crystallizer_BIN=Medium | num_stream_BIN=Medium | resistance_tonn_BIN=Low | steel_temperature_grab1Celsius_BIN=High | steel_type=Arm500 | steel_weighttonn_BIN=High | swing_frequency_amount_minute_BIN=High | temperature_measurement1_Celsius_BIN=Low | temperature_measurement2_Celsius_BIN=Low | water_consumption_BIN=High | water_temperature_deltaCelsius_BIN=High | workpiece_slice_geometry=180x180,30014140 | 30014144,16,2,5,23
2020-06-07,K_043,4,RUL_BIN=Medium | alloy_speed_meter_minute_BIN=Medium | alloy_type=open | cast_in_row_BIN=Low | crystallizer_movementmm_BIN=Low | resistance_tonn_BIN=Low | steel_temperature_grab1Celsius_BIN=High | steel_type=Arm500 | steel_weighttonn_BIN=High | swing_frequency_amount_minute_BIN=High | temperature_measurement1_Celsius_BIN=Low | temperature_measurement2_Celsius_BIN=Low | water_consumption_BIN=High | water_temperature_deltaCelsius_BIN=High | workpiece_slice_geometry=180x180,30013874 | 30014140,15,2,5,23
2020-06-07,K_043,5,RUL_BIN=Medium | alloy_speed_meter_minute_BIN=Medium | alloy_type=open | cast_in_row_BIN=Low | crystallizer_movementmm_BIN=Low | num_crystallizer_BIN=Medium | num_stream_BIN=Medium | resistance_tonn_BIN=Low | steel_temperature_grab1Celsius_BIN=High | steel_type=Arm500 | steel_weighttonn_BIN=High | swing_frequency_amount_minute_BIN=High | temperature_measurement1_Celsius_BIN=Low | temperature_measurement2_Celsius_BIN=Low | water_consumption_BIN=High | water_temperature_deltaCelsius_BIN=High | workpiece_slice_geometry=180x180,30014140,17,1,5,23
2020-06-07,K_043,6,RUL_BIN=Medium | alloy_speed_meter_minute_BIN=Medium | alloy_type=open | cast_in_row_BIN=Low | crystallizer_movementmm_BIN=Low | num_crystallizer_BIN=Low | num_stream_BIN=Low | resistance_tonn_BIN=Low | steel_temperature_grab1Celsius_BIN=High | steel_type=Arm500 | steel_weighttonn_BIN=High | swing_frequency_amount_minute_BIN=High | temperature_measurement1_Celsius_BIN=Low | temperature_measurement2_Celsius_BIN=Low | water_consumption_BIN=High | water_temperature_deltaCelsius_BIN=High | workpiece_slice_geometry=180x180,30013874,17,1,5,23
2020-06-07,K_043,7,RUL_BIN=Low | alloy_speed_meter_minute_BIN=Medium | alloy_type=open | cast_in_row_BIN=Low | crystallizer_movementmm_BIN=Low | num_crystallizer_BIN=Medium | num_stream_BIN=High | resistance_tonn_BIN=Low | steel_temperature_grab1Celsius_BIN=High | steel_type=Arm500 | steel_weighttonn_BIN=High | swing_frequency_amount_minute_BIN=High | temperature_measurement1_Celsius_BIN=Low | temperature_measurement2_Celsius_BIN=Low | water_consumption_BIN=High | water_temperature_deltaCelsius_BIN=High | workpiece_slice_geometry=180x180,30013873,17,1,5,23
2020-06-07,K_043,8,RUL_BIN=Critical | alloy_speed_meter_minute_BIN=Medium | alloy_type=open | cast_in_row_BIN=Low | crystallizer_movementmm_BIN=Low | num_stream_BIN=Medium | resistance_tonn_BIN=Low | steel_temperature_grab1Celsius_BIN=High | steel_type=Arm500 | steel_weighttonn_BIN=High | swing_frequency_amount_minute_BIN=High | temperature_measurement1_Celsius_BIN=Low | temperature_measurement2_Celsius_BIN=Low | water_consumption_BIN=High | water_temperature_deltaCelsius_BIN=High | workpiece_slice_geometry=180x180,30014138 | 30014144,16,2,5,23
2020-06-07,K_043,9,RUL_BIN=Critical | alloy_speed_meter_minute_BIN=Medium | alloy_type=open | cast_in_row_BIN=Low | crystallizer_movementmm_BIN=Low | num_crystallizer_BIN=Medium | num_stream_BIN=Medium | resistance_tonn_BIN=Low | steel_temperature_grab1Celsius_BIN=High | steel_type=Arm500 | steel_weighttonn_BIN=High | swing_frequency_amount_minute_BIN=High | temperature_measurement1_Celsius_BIN=Low | temperature_measurement2_Celsius_BIN=Low | water_consumption_BIN=High | water_temperature_deltaCelsius_BIN=High | workpiece_slice_geometry=180x180,30014144,17,1,5,23
2020-06-07,K_043,10,RUL_BIN=Critical | alloy_speed_meter_minute_BIN=Medium | alloy_type=open | cast_in_row_BIN=Low | crystallizer_movementmm_BIN=Low | num_crystallizer_BIN=High | num_stream_BIN=Medium | resistance_tonn_BIN=Low | steel_temperature_grab1Celsius_BIN=High | steel_type=Arm500 | steel_weighttonn_BIN=High | swing_frequency_amount_minute_BIN=High | temperature_measurement1_Celsius_BIN=Low | temperature_measurement2_Celsius_BIN=Low | water_consumption_BIN=High | water_temperature_deltaCelsius_BIN=High | workpiece_slice_geometry=180x180,30014138,17,1,5,23
2020-06-07,K_043,11,RUL_BIN=Critical | RUL_BIN=Low | RUL_BIN=Medium | alloy_speed_meter_minute_BIN=Medium | alloy_type=open | cast_in_row_BIN=Low | crystallizer_movementmm_BIN=Low | num_crystallizer_BIN=High | num_crystallizer_BIN=Low | num_crystallizer_BIN=Medium | num_stream_BIN=High | num_stream_BIN=Low | num_stream_BIN=Medium | resistance_tonn_BIN=Low | steel_temperature_grab1Celsius_BIN=High | steel_type=Arm500 | steel_weighttonn_BIN=High | swing_frequency_amount_minute_BIN=High | temperature_measurement1_Celsius_BIN=Low | temperature_measurement2_Celsius_BIN=Low | water_consumption_BIN=High | water_temperature_deltaCelsius_BIN=High | workpiece_slice_geometry=180x180,,23,0,5,23
2020-06-08,K_044,0,alloy_speed_meter_minute_BIN=Medium | alloy_type=open | cast_in_row_BIN=Low | crystallizer_movementmm_BIN=High | resistance_tonn_BIN=Low | steel_temperature_grab1Celsius_BIN=High | steel_type=Arm500 | steel_weighttonn_BIN=High | swing_frequency_amount_minute_BIN=High | temperature_measurement1_Celsius_BIN=Low | temperature_measurement2_Celsius_BIN=Low | water_consumption_BIN=High | water_temperature_deltaCelsius_BIN=High | workpiece_slice_geometry=180x180,30013873 | 30013874 | 30013875 | 30014138 | 30014140 | 30014144,14,6,6,22
2020-06-08,K_044,1,alloy_speed_meter_minute_BIN=Medium | alloy_type=open | cast_in_row_BIN=Low | crystallizer_movementmm_BIN=High | num_stream_BIN=Medium | resistance_tonn_BIN=Low | steel_temperature_grab1Celsius_BIN=High | steel_type=Arm500 | steel_weighttonn_BIN=High | swing_frequency_amount_minute_BIN=High | temperature_measurement1_Celsius_BIN=Low | temperature_measurement2_Celsius_BIN=Low | water_consumption_BIN=High | water_temperature_deltaCelsius_BIN=High | workpiece_slice_geometry=180x180,30013875 | 30014138 | 30014140 | 30014144,15,4,6,22
2020-06-08,K_044,2,alloy_speed_meter_minute_BIN=Medium | alloy_type=open | cast_in_row_BIN=Low | crystallizer_movementmm_BIN=High | num_crystallizer_BIN=Medium | resistance_tonn_BIN=Low | steel_temperature_grab1Celsius_BIN=High | steel_type=Arm500 | steel_weighttonn_BIN=High | swing_frequency_amount_minute_BIN=High | temperature_measurement1_Celsius_BIN=Low | temperature_measurement2_Celsius_BIN=Low | water_consumption_BIN=High | water_temperature_deltaCelsius_BIN=High | workpiece_slice_geometry=180x180,30013873 | 30013875 | 30014140 | 30014144,15,4,6,22
2020-06-08,K_044,3,alloy_speed_meter_minute_BIN=Medium | alloy_type=open | cast_in_row_BIN=Low | crystallizer_movementmm_BIN=High | num_crystallizer_BIN=Medium | num_stream_BIN=Medium | resistance_tonn_BIN=Low | steel_temperature_grab1Celsius_BIN=High | steel_type=Arm500 | steel_weighttonn_BIN=High | swing_frequency_amount_minute_BIN=High | temperature_measurement1_Celsius_BIN=Low | temperature_measurement2_Celsius_BIN=Low | water_consumption_BIN=High | water_temperature_deltaCelsius_BIN=High | workpiece_slice_geometry=180x180,30013875 | 30014140 | 30014144,16,3,6,22
2020-06-08,K_044,4,RUL_BIN=Low | alloy_speed_meter_minute_BIN=Medium | alloy_type=open | cast_in_row_BIN=Low | crystallizer_movementmm_BIN=High | resistance_tonn_BIN=Low | steel_temperature_grab1Celsius_BIN=High | steel_type=Arm500 | steel_weighttonn_BIN=High | swing_frequency_amount_minute_BIN=High | temperature_measurement1_Celsius_BIN=Low | temperature_measurement2_Celsius_BIN=Low | water_consumption_BIN=High | water_temperature_deltaCelsius_BIN=High | workpiece_slice_geometry=180x180,30013874 | 30014140,15,2,6,22
2020-06-08,K_044,5,RUL_BIN=Low | alloy_speed_meter_minute_BIN=Medium | alloy_type=open | cast_in_row_BIN=Low | crystallizer_movementmm_BIN=High | num_crystallizer_BIN=Medium | num_stream_BIN=Medium | resistance_tonn_BIN=Low | steel_temperature_grab1Celsius_BIN=High | steel_type=Arm500 | steel_weighttonn_BIN=High | swing_frequency_amount_minute_BIN=High | temperature_measurement1_Celsius_BIN=Low | temperature_measurement2_Celsius_BIN=Low | water_consumption_BIN=High | water_temperature_deltaCelsius_BIN=High | workpiece_slice_geometry=180x180,30014140,17,1,6,22
2020-06-08,K_044,6,RUL_BIN=Low | alloy_speed_meter_minute_BIN=Medium | alloy_type=open | cast_in_row_BIN=Low | crystallizer_movementmm_BIN=High | num_crystallizer_BIN=Low | num_stream_BIN=Low | resistance_tonn_BIN=Low | steel_temperature_grab1Celsius_BIN=High | steel_type=Arm500 | steel_weighttonn_BIN=High | swing_frequency_amount_minute_BIN=High | temperature_measurement1_Celsius_BIN=Low | temperature_measurement2_Celsius_BIN=Low | water_consumption_BIN=High | water_temperature_deltaCelsius_BIN=High | workpiece_slice_geometry=180x180,30013874,17,1,6,22
2020-06-08,K_044,7,RUL_BIN=Critical | alloy_speed_meter_minute_BIN=Medium | alloy_type=open | cast_in_row_BIN=Low | crystallizer_movementmm_BIN=High | resistance_tonn_BIN=Low | steel_temperature_grab1Celsius_BIN=High | steel_type=Arm500 | steel_weighttonn_BIN=High | swing_frequency_amount_minute_BIN=High | temperature_measurement1_Celsius_BIN=Low | temperature_measurement2_Celsius_BIN=Low | water_consumption_BIN=High | water_temperature_deltaCelsius_BIN=High | workpiece_slice_geometry=180x180,30013873 | 30013875 | 30014138 | 30014144,15,4,6,22
2020-06-08,K_044,8,RUL_BIN=Critical | alloy_speed_meter_minute_BIN=Medium | alloy_type=open | cast_in_row_BIN=Low | crystallizer_movementmm_BIN=High | num_stream_BIN=Medium | resistance_tonn_BIN=Low | steel_temperature_grab1Celsius_BIN=High | steel_type=Arm500 | steel_weighttonn_BIN=High | swing_frequency_amount_minute_BIN=High | temperature_measurement1_Celsius_BIN=Low | temperature_measurement2_Celsius_BIN=Low | water_consumption_BIN=High | water_temperature_deltaCelsius_BIN=High | workpiece_slice_geometry=180x180,30013875 | 30014138 | 30014144,16,3,6,22
2020-06-08,K_044,9,RUL_BIN=Critical | alloy_speed_meter_minute_BIN=Medium | alloy_type=open | cast_in_row_BIN=Low | crystallizer_movementmm_BIN=High | num_crystallizer_BIN=Medium | resistance_tonn_BIN=Low | steel_temperature_grab1Celsius_BIN=High | steel_type=Arm500 | steel_weighttonn_BIN=High | swing_frequency_amount_minute_BIN=High | temperature_measurement1_Celsius_BIN=Low | temperature_measurement2_Celsius_BIN=Low | water_consumption_BIN=High | water_temperature_deltaCelsius_BIN=High | workpiece_slice_geometry=180x180,30013873 | 30013875 | 30014144,16,3,6,22
2020-06-08,K_044,10,RUL_BIN=Critical | alloy_speed_meter_minute_BIN=Medium | alloy_type=open | cast_in_row_BIN=Low | crystallizer_movementmm_BIN=High | num_crystallizer_BIN=Medium | num_stream_BIN=Medium | resistance_tonn_BIN=Low | steel_temperature_grab1Celsius_BIN=High | steel_type=Arm500 | steel_weighttonn_BIN=High | swing_frequency_amount_minute_BIN=High | temperature_measurement1_Celsius_BIN=Low | temperature_measurement2_Celsius_BIN=Low | water_consumption_BIN=High | water_temperature_deltaCelsius_BIN=High | workpiece_slice_geometry=180x180,30013875 | 30014144,17,2,6,22
2020-06-08,K_044,11,RUL_BIN=Critical | alloy_speed_meter_minute_BIN=Medium | alloy_type=open | cast_in_row_BIN=Low | crystallizer_movementmm_BIN=High | num_crystallizer_BIN=Medium | num_stream_BIN=High | resistance_tonn_BIN=Low | steel_temperature_grab1Celsius_BIN=High | steel_type=Arm500 | steel_weighttonn_BIN=High | swing_frequency_amount_minute_BIN=High | temperature_measurement1_Celsius_BIN=Low | temperature_measurement2_Celsius_BIN=Low | water_consumption_BIN=High | water_temperature_deltaCelsius_BIN=High | workpiece_slice_geometry=180x180,30013873,17,1,6,22
2020-06-08,K_044,12,RUL_BIN=Critical | alloy_speed_meter_minute_BIN=Medium | alloy_type=open | cast_in_row_BIN=Low | crystallizer_movementmm_BIN=High | num_crystallizer_BIN=High | num_stream_BIN=Medium | resistance_tonn_BIN=Low | steel_temperature_grab1Celsius_BIN=High | steel_type=Arm500 | steel_weighttonn_BIN=High | swing_frequency_amount_minute_BIN=High | temperature_measurement1_Celsius_BIN=Low | temperature_measurement2_Celsius_BIN=Low | water_consumption_BIN=High | water_temperature_deltaCelsius_BIN=High | workpiece_slice_geometry=180x180,30014138,17,1,6,22
2020-06-08,K_044,13,RUL_BIN=Critical | RUL_BIN=Low | alloy_speed_meter_minute_BIN=Medium | alloy_type=open | cast_in_row_BIN=Low | crystallizer_movementmm_BIN=High | num_crystallizer_BIN=High | num_crystallizer_BIN=Low | num_crystallizer_BIN=Medium | num_stream_BIN=High | num_stream_BIN=Low | num_stream_BIN=Medium | resistance_tonn_BIN=Low | steel_temperature_grab1Celsius_BIN=High | steel_type=Arm500 | steel_weighttonn_BIN=High | swing_frequency_amount_minute_BIN=High | temperature_measurement1_Celsius_BIN=Low | temperature_measurement2_Celsius_BIN=Low | water_consumption_BIN=High | water_temperature_deltaCelsius_BIN=High | workpiece_slice_geometry=180x180,,22,0,6,22
2020-06-09,K_045,0,RUL_BIN=Critical | alloy_speed_meter_minute_BIN=Medium | alloy_type=open | cast_in_row_BIN=High | crystallizer_movementmm_BIN=Low | resistance_tonn_BIN=Low | steel_temperature_grab1Celsius_BIN=High | steel_type=Arm500 | steel_weighttonn_BIN=High | swing_frequency_amount_minute_BIN=High | temperature_measurement1_Celsius_BIN=Low | temperature_measurement2_Celsius_BIN=Low | water_consumption_BIN=High | water_temperature_deltaCelsius_BIN=High | workpiece_slice_geometry=180x180,30013873 | 30013874 | 30013875 | 30014140 | 30014144,15,5,5,20
2020-06-09,K_045,1,RUL_BIN=Critical | alloy_speed_meter_minute_BIN=Medium | alloy_type=open | cast_in_row_BIN=High | crystallizer_movementmm_BIN=Low | num_crystallizer_BIN=Medium | resistance_tonn_BIN=Low | steel_temperature_grab1Celsius_BIN=High | steel_type=Arm500 | steel_weighttonn_BIN=High | swing_frequency_amount_minute_BIN=High | temperature_measurement1_Celsius_BIN=Low | temperature_measurement2_Celsius_BIN=Low | water_consumption_BIN=High | water_temperature_deltaCelsius_BIN=High | workpiece_slice_geometry=180x180,30013873 | 30013875 | 30014140 | 30014144,16,4,5,20
2020-06-09,K_045,2,RUL_BIN=Critical | alloy_speed_meter_minute_BIN=Medium | alloy_type=open | cast_in_row_BIN=High | crystallizer_movementmm_BIN=Low | num_crystallizer_BIN=Medium | num_stream_BIN=Medium | resistance_tonn_BIN=Low | steel_temperature_grab1Celsius_BIN=High | steel_type=Arm500 | steel_weighttonn_BIN=High | swing_frequency_amount_minute_BIN=High | temperature_measurement1_Celsius_BIN=Low | temperature_measurement2_Celsius_BIN=Low | water_consumption_BIN=High | water_temperature_deltaCelsius_BIN=High | workpiece_slice_geometry=180x180,30013875 | 30014140 | 30014144,17,3,5,20
2020-06-09,K_045,3,RUL_BIN=Critical | alloy_speed_meter_minute_BIN=Medium | alloy_type=open | cast_in_row_BIN=High | crystallizer_movementmm_BIN=Low | num_crystallizer_BIN=Medium | num_stream_BIN=High | resistance_tonn_BIN=Low | steel_temperature_grab1Celsius_BIN=High | steel_type=Arm500 | steel_weighttonn_BIN=High | swing_frequency_amount_minute_BIN=High | temperature_measurement1_Celsius_BIN=Low | temperature_measurement2_Celsius_BIN=Low | water_consumption_BIN=High | water_temperature_deltaCelsius_BIN=High | workpiece_slice_geometry=180x180,30013873,17,1,5,20
2020-06-09,K_045,4,RUL_BIN=Critical | alloy_speed_meter_minute_BIN=Medium | alloy_type=open | cast_in_row_BIN=High | crystallizer_movementmm_BIN=Low | num_crystallizer_BIN=Low | num_stream_BIN=Low | resistance_tonn_BIN=Low | steel_temperature_grab1Celsius_BIN=High | steel_type=Arm500 | steel_weighttonn_BIN=High | swing_frequency_amount_minute_BIN=High | temperature_measurement1_Celsius_BIN=Low | temperature_measurement2_Celsius_BIN=Low | water_consumption_BIN=High | water_temperature_deltaCelsius_BIN=High | workpiece_slice_geometry=180x180,30013874,17,1,5,20
2020-06-09,K_045,5,RUL_BIN=Critical | alloy_speed_meter_minute_BIN=Medium | alloy_type=open | cast_in_row_BIN=High | crystallizer_movementmm_BIN=Low | num_crystallizer_BIN=Low | num_crystallizer_BIN=Medium | num_stream_BIN=High | num_stream_BIN=Low | num_stream_BIN=Medium | resistance_tonn_BIN=Low | steel_temperature_grab1Celsius_BIN=High | steel_type=Arm500 | steel_weighttonn_BIN=High | swing_frequency_amount_minute_BIN=High | temperature_measurement1_Celsius_BIN=Low | temperature_measurement2_Celsius_BIN=Low | water_consumption_BIN=High | water_temperature_deltaCelsius_BIN=High | workpiece_slice_geometry=180x180,,20,0,5,20
2020-07-05,K_046,0,RUL_BIN=Healthy | alloy_speed_meter_minute_BIN=High | alloy_type=close | cast_in_row_BIN=Low | crystallizer_movementmm_BIN=Low | resistance_tonn_BIN=Low | steel_temperature_grab1Celsius_BIN=High | steel_type=1010 | steel_weighttonn_BIN=High | swing_frequency_amount_minute_BIN=Medium | temperature_measurement1_Celsius_BIN=Low | temperature_measurement2_Celsius_BIN=Low | water_consumption_BIN=High | workpiece_slice_geometry=150x150,30014804 | 30014807 | 30014808 | 30014809 | 30014810 | 30014811 | 30014815 | 30014817 | 30014821,14,9,9,22
2020-07-05,K_046,1,RUL_BIN=Healthy | alloy_speed_meter_minute_BIN=High | alloy_type=close | cast_in_row_BIN=Low | crystallizer_movementmm_BIN=Low | num_stream_BIN=Low | resistance_tonn_BIN=Low | steel_temperature_grab1Celsius_BIN=High | steel_type=1010 | steel_weighttonn_BIN=High | swing_frequency_amount_minute_BIN=Medium | temperature_measurement1_Celsius_BIN=Low | temperature_measurement2_Celsius_BIN=Low | water_consumption_BIN=High | workpiece_slice_geometry=150x150,30014807 | 30014817,15,2,9,22
2020-07-05,K_046,2,RUL_BIN=Healthy | alloy_speed_meter_minute_BIN=High | alloy_type=close | cast_in_row_BIN=Low | crystallizer_movementmm_BIN=Low | num_crystallizer_BIN=Medium | resistance_tonn_BIN=Low | steel_temperature_grab1Celsius_BIN=High | steel_type=1010 | steel_weighttonn_BIN=High | swing_frequency_amount_minute_BIN=Medium | temperature_measurement1_Celsius_BIN=Low | temperature_measurement2_Celsius_BIN=Low | water_consumption_BIN=High | workpiece_slice_geometry=150x150,30014804 | 30014807 | 30014808 | 30014810 | 30014815 | 30014821,15,6,9,22
2020-07-05,K_046,3,RUL_BIN=Healthy | alloy_speed_meter_minute_BIN=High | alloy_type=close | cast_in_row_BIN=Low | crystallizer_movementmm_BIN=Low | resistance_tonn_BIN=Low | steel_temperature_grab1Celsius_BIN=High | steel_type=1010 | steel_weighttonn_BIN=High | swing_frequency_amount_minute_BIN=Medium | temperature_measurement1_Celsius_BIN=Low | temperature_measurement2_Celsius_BIN=Low | water_consumption_BIN=High | water_temperature_deltaCelsius_BIN=Low | workpiece_slice_geometry=150x150,30014804 | 30014809 | 30014811 | 30014817 | 30014821,15,5,9,22
2020-07-05,K_046,4,RUL_BIN=Healthy | alloy_speed_meter_minute_BIN=High | alloy_type=close | cast_in_row_BIN=Low | crystallizer_movementmm_BIN=Low | num_stream_BIN=High | resistance_tonn_BIN=Low | steel_temperature_grab1Celsius_BIN=High | steel_type=1010 | steel_weighttonn_BIN=High | swing_frequency_amount_minute_BIN=Medium | temperature_measurement1_Celsius_BIN=Low | temperature_measurement2_Celsius_BIN=Low | water_consumption_BIN=High | water_temperature_deltaCelsius_BIN=Low | workpiece_slice_geometry=150x150,30014804 | 30014809 | 30014811 | 30014821,16,4,9,22
2020-07-05,K_046,5,RUL_BIN=Healthy | alloy_speed_meter_minute_BIN=High | alloy_type=close | cast_in_row_BIN=Low | crystallizer_movementmm_BIN=Low | num_crystallizer_BIN=Medium | num_stream_BIN=High | resistance_tonn_BIN=Low | steel_temperature_grab1Celsius_BIN=High | steel_type=1010 | steel_weighttonn_BIN=High | swing_frequency_amount_minute_BIN=Medium | temperature_measurement1_Celsius_BIN=Low | temperature_measurement2_Celsius_BIN=Low | water_consumption_BIN=High | water_temperature_deltaCelsius_BIN=Low | workpiece_slice_geometry=150x150,30014804 | 30014821,17,2,9,22
2020-07-05,K_046,6,RUL_BIN=Healthy | alloy_speed_meter_minute_BIN=High | alloy_type=close | cast_in_row_BIN=Low | crystallizer_movementmm_BIN=Low | num_crystallizer_BIN=Low | resistance_tonn_BIN=Low | steel_temperature_grab1Celsius_BIN=High | steel_type=1010 | steel_weighttonn_BIN=High | swing_frequency_amount_minute_BIN=Medium | temperature_measurement1_Celsius_BIN=Low | temperature_measurement2_Celsius_BIN=Low | water_consumption_BIN=High | water_temperature_deltaCelsius_BIN=Low | workpiece_slice_geometry=150x150,30014811 | 30014817,16,2,9,22
2020-07-05,K_046,7,RUL_BIN=Healthy | alloy_speed_meter_minute_BIN=High | alloy_type=close | cast_in_row_BIN=Low | crystallizer_movementmm_BIN=Low | num_crystallizer_BIN=Low | num_stream_BIN=Low | resistance_tonn_BIN=Low | steel_temperature_grab1Celsius_BIN=High | steel_type=1010 | steel_weighttonn_BIN=High | swing_frequency_amount_minute_BIN=Medium | temperature_measurement1_Celsius_BIN=Low | temperature_measurement2_Celsius_BIN=Low | water_consumption_BIN=High | water_temperature_deltaCelsius_BIN=Low | workpiece_slice_geometry=150x150,30014817,17,1,9,22
2020-07-05,K_046,8,RUL_BIN=Healthy | alloy_speed_meter_minute_BIN=High | alloy_type=close | cast_in_row_BIN=Low | crystallizer_movementmm_BIN=Low | num_crystallizer_BIN=Low | num_stream_BIN=High | resistance_tonn_BIN=Low | steel_temperature_grab1Celsius_BIN=High | steel_type=1010 | steel_weighttonn_BIN=High | swing_frequency_amount_minute_BIN=Medium | temperature_measurement1_Celsius_BIN=Low | temperature_measurement2_Celsius_BIN=Low | water_consumption_BIN=High | water_temperature_deltaCelsius_BIN=Low | workpiece_slice_geometry=150x150,30014811,17,1,9,22
2020-07-05,K_046,9,RUL_BIN=Healthy | alloy_speed_meter_minute_BIN=High | alloy_type=close | cast_in_row_BIN=Low | crystallizer_movementmm_BIN=Low | num_crystallizer_BIN=High | num_stream_BIN=High | resistance_tonn_BIN=Low | steel_temperature_grab1Celsius_BIN=High | steel_type=1010 | steel_weighttonn_BIN=High | swing_frequency_amount_minute_BIN=Medium | temperature_measurement1_Celsius_BIN=Low | temperature_measurement2_Celsius_BIN=Low | water_consumption_BIN=High | water_temperature_deltaCelsius_BIN=Low | workpiece_slice_geometry=150x150,30014809,17,1,9,22
2020-07-05,K_046,10,RUL_BIN=Healthy | alloy_speed_meter_minute_BIN=High | alloy_type=close | cast_in_row_BIN=Low | crystallizer_movementmm_BIN=Low | num_crystallizer_BIN=Medium | resistance_tonn_BIN=Low | steel_temperature_grab1Celsius_BIN=High | steel_type=1010 | steel_weighttonn_BIN=High | swing_frequency_amount_minute_BIN=Medium | temperature_measurement1_Celsius_BIN=Low | temperature_measurement2_Celsius_BIN=Low | water_consumption_BIN=High | water_temperature_deltaCelsius_BIN=High | workpiece_slice_geometry=150x150,30014807 | 30014808 | 30014810 | 30014815,16,4,9,22
2020-07-05,K_046,11,RUL_BIN=Healthy | alloy_speed_meter_minute_BIN=High | alloy_type=close | cast_in_row_BIN=Low | crystallizer_movementmm_BIN=Low | num_crystallizer_BIN=Medium | num_stream_BIN=Medium | resistance_tonn_BIN=Low | steel_temperature_grab1Celsius_BIN=High | steel_type=1010 | steel_weighttonn_BIN=High | swing_frequency_amount_minute_BIN=Medium | temperature_measurement1_Celsius_BIN=Low | temperature_measurement2_Celsius_BIN=Low | water_consumption_BIN=High | water_temperature_deltaCelsius_BIN=High | workpiece_slice_geometry=150x150,30014808 | 30014810 | 30014815,17,3,9,22
2020-07-05,K_046,12,RUL_BIN=Healthy | alloy_speed_meter_minute_BIN=High | alloy_type=close | cast_in_row_BIN=Low | crystallizer_movementmm_BIN=Low | num_crystallizer_BIN=Medium | num_stream_BIN=Low | resistance_tonn_BIN=Low | steel_temperature_grab1Celsius_BIN=High | steel_type=1010 | steel_weighttonn_BIN=High | swing_frequency_amount_minute_BIN=Medium | temperature_measurement1_Celsius_BIN=Low | temperature_measurement2_Celsius_BIN=Low | water_consumption_BIN=High | water_temperature_deltaCelsius_BIN=High | workpiece_slice_geometry=150x150,30014807,17,1,9,22
2020-07-05,K_046,13,RUL_BIN=Healthy | alloy_speed_meter_minute_BIN=High | alloy_type=close | cast_in_row_BIN=Low | crystallizer_movementmm_BIN=Low | num_crystallizer_BIN=High | num_crystallizer_BIN=Low | num_crystallizer_BIN=Medium | num_stream_BIN=High | num_stream_BIN=Low | num_stream_BIN=Medium | resistance_tonn_BIN=Low | steel_temperature_grab1Celsius_BIN=High | steel_type=1010 | steel_weighttonn_BIN=High | swing_frequency_amount_minute_BIN=Medium | temperature_measurement1_Celsius_BIN=Low | temperature_measurement2_Celsius_BIN=Low | water_consumption_BIN=High | water_temperature_deltaCelsius_BIN=High | water_temperature_deltaCelsius_BIN=Low | workpiece_slice_geometry=150x150,,22,0,9,22
2020-07-07,K_047,0,RUL_BIN=Healthy | alloy_speed_meter_minute_BIN=Medium | alloy_type=open | cast_in_row_BIN=Medium | crystallizer_movementmm_BIN=High | resistance_tonn_BIN=Low | steel_temperature_grab1Celsius_BIN=High | steel_type=Arm500 | steel_weighttonn_BIN=High | swing_frequency_amount_minute_BIN=High | temperature_measurement1_Celsius_BIN=Low | temperature_measurement2_Celsius_BIN=Low | water_consumption_BIN=High | water_temperature_deltaCelsius_BIN=High | workpiece_slice_geometry=180x180,30014803 | 30014811 | 30014815 | 30014820 | 30014821,15,5,5,20
2020-07-07,K_047,1,RUL_BIN=Healthy | alloy_speed_meter_minute_BIN=Medium | alloy_type=open | cast_in_row_BIN=Medium | crystallizer_movementmm_BIN=High | num_stream_BIN=High | resistance_tonn_BIN=Low | steel_temperature_grab1Celsius_BIN=High | steel_type=Arm500 | steel_weighttonn_BIN=High | swing_frequency_amount_minute_BIN=High | temperature_measurement1_Celsius_BIN=Low | temperature_measurement2_Celsius_BIN=Low | water_consumption_BIN=High | water_temperature_deltaCelsius_BIN=High | workpiece_slice_geometry=180x180,30014811 | 30014821,16,2,5,20
2020-07-07,K_047,2,RUL_BIN=Healthy | alloy_speed_meter_minute_BIN=Medium | alloy_type=open | cast_in_row_BIN=Medium | crystallizer_movementmm_BIN=High | num_crystallizer_BIN=Medium | resistance_tonn_BIN=Low | steel_temperature_grab1Celsius_BIN=High | steel_type=Arm500 | steel_weighttonn_BIN=High | swing_frequency_amount_minute_BIN=High | temperature_measurement1_Celsius_BIN=Low | temperature_measurement2_Celsius_BIN=Low | water_consumption_BIN=High | water_temperature_deltaCelsius_BIN=High | workpiece_slice_geometry=180x180,30014803 | 30014815 | 30014820 | 30014821,16,4,5,20
2020-07-07,K_047,3,RUL_BIN=Healthy | alloy_speed_meter_minute_BIN=Medium | alloy_type=open | cast_in_row_BIN=Medium | crystallizer_movementmm_BIN=High | num_crystallizer_BIN=Medium | num_stream_BIN=Medium | resistance_tonn_BIN=Low | steel_temperature_grab1Celsius_BIN=High | steel_type=Arm500 | steel_weighttonn_BIN=High | swing_frequency_amount_minute_BIN=High | temperature_measurement1_Celsius_BIN=Low | temperature_measurement2_Celsius_BIN=Low | water_consumption_BIN=High | water_temperature_deltaCelsius_BIN=High | workpiece_slice_geometry=180x180,30014815,17,1,5,20
2020-07-07,K_047,4,RUL_BIN=Healthy | alloy_speed_meter_minute_BIN=Medium | alloy_type=open | cast_in_row_BIN=Medium | crystallizer_movementmm_BIN=High | num_crystallizer_BIN=Medium | num_stream_BIN=Low | resistance_tonn_BIN=Low | steel_temperature_grab1Celsius_BIN=High | steel_type=Arm500 | steel_weighttonn_BIN=High | swing_frequency_amount_minute_BIN=High | temperature_measurement1_Celsius_BIN=Low | temperature_measurement2_Celsius_BIN=Low | water_consumption_BIN=High | water_temperature_deltaCelsius_BIN=High | workpiece_slice_geometry=180x180,30014803 | 30014820,17,2,5,20
2020-07-07,K_047,5,RUL_BIN=Healthy | alloy_speed_meter_minute_BIN=Medium | alloy_type=open | cast_in_row_BIN=Medium | crystallizer_movementmm_BIN=High | num_crystallizer_BIN=Medium | num_stream_BIN=High | resistance_tonn_BIN=Low | steel_temperature_grab1Celsius_BIN=High | steel_type=Arm500 | steel_weighttonn_BIN=High | swing_frequency_amount_minute_BIN=High | temperature_measurement1_Celsius_BIN=Low | temperature_measurement2_Celsius_BIN=Low | water_consumption_BIN=High | water_temperature_deltaCelsius_BIN=High | workpiece_slice_geometry=180x180,30014821,17,1,5,20
2020-07-07,K_047,6,RUL_BIN=Healthy | alloy_speed_meter_minute_BIN=Medium | alloy_type=open | cast_in_row_BIN=Medium | crystallizer_movementmm_BIN=High | num_crystallizer_BIN=Low | num_stream_BIN=High | resistance_tonn_BIN=Low | steel_temperature_grab1Celsius_BIN=High | steel_type=Arm500 | steel_weighttonn_BIN=High | swing_frequency_amount_minute_BIN=High | temperature_measurement1_Celsius_BIN=Low | temperature_measurement2_Celsius_BIN=Low | water_consumption_BIN=High | water_temperature_deltaCelsius_BIN=High | workpiece_slice_geometry=180x180,30014811,17,1,5,20
2020-07-07,K_047,7,RUL_BIN=Healthy | alloy_speed_meter_minute_BIN=Medium | alloy_type=open | cast_in_row_BIN=Medium | crystallizer_movementmm_BIN=High | num_crystallizer_BIN=Low | num_crystallizer_BIN=Medium | num_stream_BIN=High | num_stream_BIN=Low | num_stream_BIN=Medium | resistance_tonn_BIN=Low | steel_temperature_grab1Celsius_BIN=High | steel_type=Arm500 | steel_weighttonn_BIN=High | swing_frequency_amount_minute_BIN=High | temperature_measurement1_Celsius_BIN=Low | temperature_measurement2_Celsius_BIN=Low | water_consumption_BIN=High | water_temperature_deltaCelsius_BIN=High | workpiece_slice_geometry=180x180,,20,0,5,20
2020-07-08,K_048,0,RUL_BIN=Healthy | alloy_speed_meter_minute_BIN=Medium | alloy_type=open | cast_in_row_BIN=Low | crystallizer_movementmm_BIN=Low | resistance_tonn_BIN=Low | steel_temperature_grab1Celsius_BIN=High | steel_type=Arm500 | steel_weighttonn_BIN=High | swing_frequency_amount_minute_BIN=High | temperature_measurement1_Celsius_BIN=Low | temperature_measurement2_Celsius_BIN=Low | water_consumption_BIN=High | water_temperature_deltaCelsius_BIN=High | workpiece_slice_geometry=180x180,30014803 | 30014804 | 30014809 | 30014811 | 30014815 | 30014820 | 30014821,15,7,7,21
2020-07-08,K_048,1,RUL_BIN=Healthy | alloy_speed_meter_minute_BIN=Medium | alloy_type=open | cast_in_row_BIN=Low | crystallizer_movementmm_BIN=Low | num_stream_BIN=High | resistance_tonn_BIN=Low | steel_temperature_grab1Celsius_BIN=High | steel_type=Arm500 | steel_weighttonn_BIN=High | swing_frequency_amount_minute_BIN=High | temperature_measurement1_Celsius_BIN=Low | temperature_measurement2_Celsius_BIN=Low | water_consumption_BIN=High | water_temperature_deltaCelsius_BIN=High | workpiece_slice_geometry=180x180,30014804 | 30014809 | 30014811 | 30014821,16,4,7,21
2020-07-08,K_048,2,RUL_BIN=Healthy | alloy_speed_meter_minute_BIN=Medium | alloy_type=open | cast_in_row_BIN=Low | crystallizer_movementmm_BIN=Low | num_crystallizer_BIN=Medium | resistance_tonn_BIN=Low | steel_temperature_grab1Celsius_BIN=High | steel_type=Arm500 | steel_weighttonn_BIN=High | swing_frequency_amount_minute_BIN=High | temperature_measurement1_Celsius_BIN=Low | temperature_measurement2_Celsius_BIN=Low | water_consumption_BIN=High | water_temperature_deltaCelsius_BIN=High | workpiece_slice_geometry=180x180,30014803 | 30014804 | 30014815 | 30014820 | 30014821,16,5,7,21
2020-07-08,K_048,3,RUL_BIN=Healthy | alloy_speed_meter_minute_BIN=Medium | alloy_type=open | cast_in_row_BIN=Low | crystallizer_movementmm_BIN=Low | num_crystallizer_BIN=Medium | num_stream_BIN=Medium | resistance_tonn_BIN=Low | steel_temperature_grab1Celsius_BIN=High | steel_type=Arm500 | steel_weighttonn_BIN=High | swing_frequency_amount_minute_BIN=High | temperature_measurement1_Celsius_BIN=Low | temperature_measurement2_Celsius_BIN=Low | water_consumption_BIN=High | water_temperature_deltaCelsius_BIN=High | workpiece_slice_geometry=180x180,30014815,17,1,7,21
2020-07-08,K_048,4,RUL_BIN=Healthy | alloy_speed_meter_minute_BIN=Medium | alloy_type=open | cast_in_row_BIN=Low | crystallizer_movementmm_BIN=Low | num_crystallizer_BIN=Medium | num_stream_BIN=Low | resistance_tonn_BIN=Low | steel_temperature_grab1Celsius_BIN=High | steel_type=Arm500 | steel_weighttonn_BIN=High | swing_frequency_amount_minute_BIN=High | temperature_measurement1_Celsius_BIN=Low | temperature_measurement2_Celsius_BIN=Low | water_consumption_BIN=High | water_temperature_deltaCelsius_BIN=High | workpiece_slice_geometry=180x180,30014803 | 30014820,17,2,7,21
2020-07-08,K_048,5,RUL_BIN=Healthy | alloy_speed_meter_minute_BIN=Medium | alloy_type=open | cast_in_row_BIN=Low | crystallizer_movementmm_BIN=Low | num_crystallizer_BIN=Medium | num_stream_BIN=High | resistance_tonn_BIN=Low | steel_temperature_grab1Celsius_BIN=High | steel_type=Arm500 | steel_weighttonn_BIN=High | swing_frequency_amount_minute_BIN=High | temperature_measurement1_Celsius_BIN=Low | temperature_measurement2_Celsius_BIN=Low | water_consumption_BIN=High | water_temperature_deltaCelsius_BIN=High | workpiece_slice_geometry=180x180,30014804 | 30014821,17,2,7,21
2020-07-08,K_048,6,RUL_BIN=Healthy | alloy_speed_meter_minute_BIN=Medium | alloy_type=open | cast_in_row_BIN=Low | crystallizer_movementmm_BIN=Low | num_crystallizer_BIN=Low | num_stream_BIN=High | resistance_tonn_BIN=Low | steel_temperature_grab1Celsius_BIN=High | steel_type=Arm500 | steel_weighttonn_BIN=High | swing_frequency_amount_minute_BIN=High | temperature_measurement1_Celsius_BIN=Low | temperature_measurement2_Celsius_BIN=Low | water_consumption_BIN=High | water_temperature_deltaCelsius_BIN=High | workpiece_slice_geometry=180x180,30014811,17,1,7,21
2020-07-08,K_048,7,RUL_BIN=Healthy | alloy_speed_meter_minute_BIN=Medium | alloy_type=open | cast_in_row_BIN=Low | crystallizer_movementmm_BIN=Low | num_crystallizer_BIN=High | num_stream_BIN=High | resistance_tonn_BIN=Low | steel_temperature_grab1Celsius_BIN=High | steel_type=Arm500 | steel_weighttonn_BIN=High | swing_frequency_amount_minute_BIN=High | temperature_measurement1_Celsius_BIN=Low | temperature_measurement2_Celsius_BIN=Low | water_consumption_BIN=High | water_temperature_deltaCelsius_BIN=High | workpiece_slice_geometry=180x180,30014809,17,1,7,21
2020-07-08,K_048,8,RUL_BIN=Healthy | alloy_speed_meter_minute_BIN=Medium | alloy_type=open | cast_in_row_BIN=Low | crystallizer_movementmm_BIN=Low | num_crystallizer_BIN=High | num_crystallizer_BIN=Low | num_crystallizer_BIN=Medium | num_stream_BIN=High | num_stream_BIN=Low | num_stream_BIN=Medium | resistance_tonn_BIN=Low | steel_temperature_grab1Celsius_BIN=High | steel_type=Arm500 | steel_weighttonn_BIN=High | swing_frequency_amount_minute_BIN=High | temperature_measurement1_Celsius_BIN=Low | temperature_measurement2_Celsius_BIN=Low | water_consumption_BIN=High | water_temperature_deltaCelsius_BIN=High | workpiece_slice_geometry=180x180,,21,0,7,21
2020-07-09,K_049,0,RUL_BIN=Healthy | alloy_speed_meter_minute_BIN=Medium | alloy_type=open | cast_in_row_BIN=Low | crystallizer_movementmm_BIN=Low | resistance_tonn_BIN=Low | steel_temperature_grab1Celsius_BIN=High | steel_type=Arm500 | steel_weighttonn_BIN=Medium | swing_frequency_amount_minute_BIN=High | temperature_measurement1_Celsius_BIN=Low | temperature_measurement2_Celsius_BIN=Low | water_consumption_BIN=High | water_temperature_deltaCelsius_BIN=High | workpiece_slice_geometry=180x180,30014803 | 30014804 | 30014807 | 30014808 | 30014809 | 30014810 | 30014815 | 30014817 | 30014820,15,9,9,21
2020-07-09,K_049,1,RUL_BIN=Healthy | alloy_speed_meter_minute_BIN=Medium | alloy_type=open | cast_in_row_BIN=Low | crystallizer_movementmm_BIN=Low | num_stream_BIN=Low | resistance_tonn_BIN=Low | steel_temperature_grab1Celsius_BIN=High | steel_type=Arm500 | steel_weighttonn_BIN=Medium | swing_frequency_amount_minute_BIN=High | temperature_measurement1_Celsius_BIN=Low | temperature_measurement2_Celsius_BIN=Low | water_consumption_BIN=High | water_temperature_deltaCelsius_BIN=High | workpiece_slice_geometry=180x180,30014803 | 30014807 | 30014817 | 30014820,16,4,9,21
2020-07-09,K_049,2,RUL_BIN=Healthy | alloy_speed_meter_minute_BIN=Medium | alloy_type=open | cast_in_row_BIN=Low | crystallizer_movementmm_BIN=Low | num_stream_BIN=High | resistance_tonn_BIN=Low | steel_temperature_grab1Celsius_BIN=High | steel_type=Arm500 | steel_weighttonn_BIN=Medium | swing_frequency_amount_minute_BIN=High | temperature_measurement1_Celsius_BIN=Low | temperature_measurement2_Celsius_BIN=Low | water_consumption_BIN=High | water_temperature_deltaCelsius_BIN=High | workpiece_slice_geometry=180x180,30014804 | 30014809,16,2,9,21
2020-07-09,K_049,3,RUL_BIN=Healthy | alloy_speed_meter_minute_BIN=Medium | alloy_type=open | cast_in_row_BIN=Low | crystallizer_movementmm_BIN=Low | num_crystallizer_BIN=Medium | resistance_tonn_BIN=Low | steel_temperature_grab1Celsius_BIN=High | steel_type=Arm500 | steel_weighttonn_BIN=Medium | swing_frequency_amount_minute_BIN=High | temperature_measurement1_Celsius_BIN=Low | temperature_measurement2_Celsius_BIN=Low | water_consumption_BIN=High | water_temperature_deltaCelsius_BIN=High | workpiece_slice_geometry=180x180,30014803 | 30014804 | 30014807 | 30014808 | 30014810 | 30014815 | 30014820,16,7,9,21
2020-07-09,K_049,4,RUL_BIN=Healthy | alloy_speed_meter_minute_BIN=Medium | alloy_type=open | cast_in_row_BIN=Low | crystallizer_movementmm_BIN=Low | num_crystallizer_BIN=Medium | num_stream_BIN=Medium | resistance_tonn_BIN=Low | steel_temperature_grab1Celsius_BIN=High | steel_type=Arm500 | steel_weighttonn_BIN=Medium | swing_frequency_amount_minute_BIN=High | temperature_measurement1_Celsius_BIN=Low | temperature_measurement2_Celsius_BIN=Low | water_consumption_BIN=High | water_temperature_deltaCelsius_BIN=High | workpiece_slice_geometry=180x180,30014808 | 30014810 | 30014815,17,3,9,21
2020-07-09,K_049,5,RUL_BIN=Healthy | alloy_speed_meter_minute_BIN=Medium | alloy_type=open | cast_in_row_BIN=Low | crystallizer_movementmm_BIN=Low | num_crystallizer_BIN=Medium | num_stream_BIN=Low | resistance_tonn_BIN=Low | steel_temperature_grab1Celsius_BIN=High | steel_type=Arm500 | steel_weighttonn_BIN=Medium | swing_frequency_amount_minute_BIN=High | temperature_measurement1_Celsius_BIN=Low | temperature_measurement2_Celsius_BIN=Low | water_consumption_BIN=High | water_temperature_deltaCelsius_BIN=High | workpiece_slice_geometry=180x180,30014803 | 30014807 | 30014820,17,3,9,21
2020-07-09,K_049,6,RUL_BIN=Healthy | alloy_speed_meter_minute_BIN=Medium | alloy_type=open | cast_in_row_BIN=Low | crystallizer_movementmm_BIN=Low | num_crystallizer_BIN=Medium | num_stream_BIN=High | resistance_tonn_BIN=Low | steel_temperature_grab1Celsius_BIN=High | steel_type=Arm500 | steel_weighttonn_BIN=Medium | swing_frequency_amount_minute_BIN=High | temperature_measurement1_Celsius_BIN=Low | temperature_measurement2_Celsius_BIN=Low | water_consumption_BIN=High | water_temperature_deltaCelsius_BIN=High | workpiece_slice_geometry=180x180,30014804,17,1,9,21
2020-07-09,K_049,7,RUL_BIN=Healthy | alloy_speed_meter_minute_BIN=Medium | alloy_type=open | cast_in_row_BIN=Low | crystallizer_movementmm_BIN=Low | num_crystallizer_BIN=Low | num_stream_BIN=Low | resistance_tonn_BIN=Low | steel_temperature_grab1Celsius_BIN=High | steel_type=Arm500 | steel_weighttonn_BIN=Medium | swing_frequency_amount_minute_BIN=High | temperature_measurement1_Celsius_BIN=Low | temperature_measurement2_Celsius_BIN=Low | water_consumption_BIN=High | water_temperature_deltaCelsius_BIN=High | workpiece_slice_geometry=180x180,30014817,17,1,9,21
2020-07-09,K_049,8,RUL_BIN=Healthy | alloy_speed_meter_minute_BIN=Medium | alloy_type=open | cast_in_row_BIN=Low | crystallizer_movementmm_BIN=Low | num_crystallizer_BIN=High | num_stream_BIN=High | resistance_tonn_BIN=Low | steel_temperature_grab1Celsius_BIN=High | steel_type=Arm500 | steel_weighttonn_BIN=Medium | swing_frequency_amount_minute_BIN=High | temperature_measurement1_Celsius_BIN=Low | temperature_measurement2_Celsius_BIN=Low | water_consumption_BIN=High | water_temperature_deltaCelsius_BIN=High | workpiece_slice_geometry=180x180,30014809,17,1,9,21
2020-07-09,K_049,9,RUL_BIN=Healthy | alloy_speed_meter_minute_BIN=Medium | alloy_type=open | cast_in_row_BIN=Low | crystallizer_movementmm_BIN=Low | num_crystallizer_BIN=High | num_crystallizer_BIN=Low | num_crystallizer_BIN=Medium | num_stream_BIN=High | num_stream_BIN=Low | num_stream_BIN=Medium | resistance_tonn_BIN=Low | steel_temperature_grab1Celsius_BIN=High | steel_type=Arm500 | steel_weighttonn_BIN=Medium | swing_frequency_amount_minute_BIN=High | temperature_measurement1_Celsius_BIN=Low | temperature_measurement2_Celsius_BIN=Low | water_consumption_BIN=High | water_temperature_deltaCelsius_BIN=High | workpiece_slice_geometry=180x180,,21,0,9,21
2020-07-13,K_050,0,alloy_speed_meter_minute_BIN=Medium | alloy_type=open | cast_in_row_BIN=Medium | crystallizer_movementmm_BIN=High | resistance_tonn_BIN=Low | steel_temperature_grab1Celsius_BIN=High | steel_type=Arm500 | steel_weighttonn_BIN=High | swing_frequency_amount_minute_BIN=High | temperature_measurement1_Celsius_BIN=Low | temperature_measurement2_Celsius_BIN=Low | water_consumption_BIN=High | water_temperature_deltaCelsius_BIN=High | workpiece_slice_geometry=180x180,30014807 | 30014810 | 30014811 | 30014815 | 30014817 | 30014821,14,6,6,21
2020-07-13,K_050,1,alloy_speed_meter_minute_BIN=Medium | alloy_type=open | cast_in_row_BIN=Medium | crystallizer_movementmm_BIN=High | num_crystallizer_BIN=Medium | resistance_tonn_BIN=Low | steel_temperature_grab1Celsius_BIN=High | steel_type=Arm500 | steel_weighttonn_BIN=High | swing_frequency_amount_minute_BIN=High | temperature_measurement1_Celsius_BIN=Low | temperature_measurement2_Celsius_BIN=Low | water_consumption_BIN=High | water_temperature_deltaCelsius_BIN=High | workpiece_slice_geometry=180x180,30014807 | 30014810 | 30014815 | 30014821,15,4,6,21
2020-07-13,K_050,2,alloy_speed_meter_minute_BIN=Medium | alloy_type=open | cast_in_row_BIN=Medium | crystallizer_movementmm_BIN=High | num_crystallizer_BIN=Medium | num_stream_BIN=Medium | resistance_tonn_BIN=Low | steel_temperature_grab1Celsius_BIN=High | steel_type=Arm500 | steel_weighttonn_BIN=High | swing_frequency_amount_minute_BIN=High | temperature_measurement1_Celsius_BIN=Low | temperature_measurement2_Celsius_BIN=Low | water_consumption_BIN=High | water_temperature_deltaCelsius_BIN=High | workpiece_slice_geometry=180x180,30014810 | 30014815,16,2,6,21
2020-07-13,K_050,3,RUL_BIN=Medium | alloy_speed_meter_minute_BIN=Medium | alloy_type=open | cast_in_row_BIN=Medium | crystallizer_movementmm_BIN=High | num_crystallizer_BIN=Medium | num_stream_BIN=Medium | resistance_tonn_BIN=Low | steel_temperature_grab1Celsius_BIN=High | steel_type=Arm500 | steel_weighttonn_BIN=High | swing_frequency_amount_minute_BIN=High | temperature_measurement1_Celsius_BIN=Low | temperature_measurement2_Celsius_BIN=Low | water_consumption_BIN=High | water_temperature_deltaCelsius_BIN=High | workpiece_slice_geometry=180x180,30014815,17,1,6,21
2020-07-13,K_050,4,RUL_BIN=Healthy | alloy_speed_meter_minute_BIN=Medium | alloy_type=open | cast_in_row_BIN=Medium | crystallizer_movementmm_BIN=High | resistance_tonn_BIN=Low | steel_temperature_grab1Celsius_BIN=High | steel_type=Arm500 | steel_weighttonn_BIN=High | swing_frequency_amount_minute_BIN=High | temperature_measurement1_Celsius_BIN=Low | temperature_measurement2_Celsius_BIN=Low | water_consumption_BIN=High | water_temperature_deltaCelsius_BIN=High | workpiece_slice_geometry=180x180,30014807 | 30014810 | 30014811 | 30014817 | 30014821,15,5,6,21
2020-07-13,K_050,5,RUL_BIN=Healthy | alloy_speed_meter_minute_BIN=Medium | alloy_type=open | cast_in_row_BIN=Medium | crystallizer_movementmm_BIN=High | num_stream_BIN=Low | resistance_tonn_BIN=Low | steel_temperature_grab1Celsius_BIN=High | steel_type=Arm500 | steel_weighttonn_BIN=High | swing_frequency_amount_minute_BIN=High | temperature_measurement1_Celsius_BIN=Low | temperature_measurement2_Celsius_BIN=Low | water_consumption_BIN=High | water_temperature_deltaCelsius_BIN=High | workpiece_slice_geometry=180x180,30014807 | 30014817,16,2,6,21
2020-07-13,K_050,6,RUL_BIN=Healthy | alloy_speed_meter_minute_BIN=Medium | alloy_type=open | cast_in_row_BIN=Medium | crystallizer_movementmm_BIN=High | num_stream_BIN=High | resistance_tonn_BIN=Low | steel_temperature_grab1Celsius_BIN=High | steel_type=Arm500 | steel_weighttonn_BIN=High | swing_frequency_amount_minute_BIN=High | temperature_measurement1_Celsius_BIN=Low | temperature_measurement2_Celsius_BIN=Low | water_consumption_BIN=High | water_temperature_deltaCelsius_BIN=High | workpiece_slice_geometry=180x180,30014811 | 30014821,16,2,6,21
2020-07-13,K_050,7,RUL_BIN=Healthy | alloy_speed_meter_minute_BIN=Medium | alloy_type=open | cast_in_row_BIN=Medium | crystallizer_movementmm_BIN=High | num_crystallizer_BIN=Medium | resistance_tonn_BIN=Low | steel_temperature_grab1Celsius_BIN=High | steel_type=Arm500 | steel_weighttonn_BIN=High | swing_frequency_amount_minute_BIN=High | temperature_measurement1_Celsius_BIN=Low | temperature_measurement2_Celsius_BIN=Low | water_consumption_BIN=High | water_temperature_deltaCelsius_BIN=High | workpiece_slice_geometry=180x180,30014807 | 30014810 | 30014821,16,3,6,21
2020-07-13,K_050,8,RUL_BIN=Healthy | alloy_speed_meter_minute_BIN=Medium | alloy_type=open | cast_in_row_BIN=Medium | crystallizer_movementmm_BIN=High | num_crystallizer_BIN=Medium | num_stream_BIN=Medium | resistance_tonn_BIN=Low | steel_temperature_grab1Celsius_BIN=High | steel_type=Arm500 | steel_weighttonn_BIN=High | swing_frequency_amount_minute_BIN=High | temperature_measurement1_Celsius_BIN=Low | temperature_measurement2_Celsius_BIN=Low | water_consumption_BIN=High | water_temperature_deltaCelsius_BIN=High | workpiece_slice_geometry=180x180,30014810,17,1,6,21
2020-07-13,K_050,9,RUL_BIN=Healthy | alloy_speed_meter_minute_BIN=Medium | alloy_type=open | cast_in_row_BIN=Medium | crystallizer_movementmm_BIN=High | num_crystallizer_BIN=Medium | num_stream_BIN=Low | resistance_tonn_BIN=Low | steel_temperature_grab1Celsius_BIN=High | steel_type=Arm500 | steel_weighttonn_BIN=High | swing_frequency_amount_minute_BIN=High | temperature_measurement1_Celsius_BIN=Low | temperature_measurement2_Celsius_BIN=Low | water_consumption_BIN=High | water_temperature_deltaCelsius_BIN=High | workpiece_slice_geometry=180x180,30014807,17,1,6,21
2020-07-13,K_050,10,RUL_BIN=Healthy | alloy_speed_meter_minute_BIN=Medium | alloy_type=open | cast_in_row_BIN=Medium | crystallizer_movementmm_BIN=High | num_crystallizer_BIN=Medium | num_stream_BIN=High | resistance_tonn_BIN=Low | steel_temperature_grab1Celsius_BIN=High | steel_type=Arm500 | steel_weighttonn_BIN=High | swing_frequency_amount_minute_BIN=High | temperature_measurement1_Celsius_BIN=Low | temperature_measurement2_Celsius_BIN=Low | water_consumption_BIN=High | water_temperature_deltaCelsius_BIN=High | workpiece_slice_geometry=180x180,30014821,17,1,6,21
2020-07-13,K_050,11,RUL_BIN=Healthy | alloy_speed_meter_minute_BIN=Medium | alloy_type=open | cast_in_row_BIN=Medium | crystallizer_movementmm_BIN=High | num_crystallizer_BIN=Low | resistance_tonn_BIN=Low | steel_temperature_grab1Celsius_BIN=High | steel_type=Arm500 | steel_weighttonn_BIN=High | swing_frequency_amount_minute_BIN=High | temperature_measurement1_Celsius_BIN=Low | temperature_measurement2_Celsius_BIN=Low | water_consumption_BIN=High | water_temperature_deltaCelsius_BIN=High | workpiece_slice_geometry=180x180,30014811 | 30014817,16,2,6,21
2020-07-13,K_050,12,RUL_BIN=Healthy | alloy_speed_meter_minute_BIN=Medium | alloy_type=open | cast_in_row_BIN=Medium | crystallizer_movementmm_BIN=High | num_crystallizer_BIN=Low | num_stream_BIN=Low | resistance_tonn_BIN=Low | steel_temperature_grab1Celsius_BIN=High | steel_type=Arm500 | steel_weighttonn_BIN=High | swing_frequency_amount_minute_BIN=High | temperature_measurement1_Celsius_BIN=Low | temperature_measurement2_Celsius_BIN=Low | water_consumption_BIN=High | water_temperature_deltaCelsius_BIN=High | workpiece_slice_geometry=180x180,30014817,17,1,6,21
2020-07-13,K_050,13,RUL_BIN=Healthy | alloy_speed_meter_minute_BIN=Medium | alloy_type=open | cast_in_row_BIN=Medium | crystallizer_movementmm_BIN=High | num_crystallizer_BIN=Low | num_stream_BIN=High | resistance_tonn_BIN=Low | steel_temperature_grab1Celsius_BIN=High | steel_type=Arm500 | steel_weighttonn_BIN=High | swing_frequency_amount_minute_BIN=High | temperature_measurement1_Celsius_BIN=Low | temperature_measurement2_Celsius_BIN=Low | water_consumption_BIN=High | water_temperature_deltaCelsius_BIN=High | workpiece_slice_geometry=180x180,30014811,17,1,6,21
2020-07-13,K_050,14,RUL_BIN=Healthy | RUL_BIN=Medium | alloy_speed_meter_minute_BIN=Medium | alloy_type=open | cast_in_row_BIN=Medium | crystallizer_movementmm_BIN=High | num_crystallizer_BIN=Low | num_crystallizer_BIN=Medium | num_stream_BIN=High | num_stream_BIN=Low | num_stream_BIN=Medium | resistance_tonn_BIN=Low | steel_temperature_grab1Celsius_BIN=High | steel_type=Arm500 | steel_weighttonn_BIN=High | swing_frequency_amount_minute_BIN=High | temperature_measurement1_Celsius_BIN=Low | temperature_measurement2_Celsius_BIN=Low | water_consumption_BIN=High | water_temperature_deltaCelsius_BIN=High | workpiece_slice_geometry=180x180,,21,0,6,21
2020-07-14,K_051,0,alloy_speed_meter_minute_BIN=Medium | alloy_type=open | cast_in_row_BIN=High | crystallizer_movementmm_BIN=Low | resistance_tonn_BIN=Low | steel_temperature_grab1Celsius_BIN=High | steel_type=Arm500 | steel_weighttonn_BIN=High | swing_frequency_amount_minute_BIN=High | temperature_measurement1_Celsius_BIN=Low | temperature_measurement2_Celsius_BIN=Low | water_consumption_BIN=High | water_temperature_deltaCelsius_BIN=High | workpiece_slice_geometry=180x180,30014803 | 30014807 | 30014810 | 30014811 | 30014815 | 30014816 | 30014817 | 30014820 | 30014821,14,9,9,22
2020-07-14,K_051,1,alloy_speed_meter_minute_BIN=Medium | alloy_type=open | cast_in_row_BIN=High | crystallizer_movementmm_BIN=Low | num_stream_BIN=Medium | resistance_tonn_BIN=Low | steel_temperature_grab1Celsius_BIN=High | steel_type=Arm500 | steel_weighttonn_BIN=High | swing_frequency_amount_minute_BIN=High | temperature_measurement1_Celsius_BIN=Low | temperature_measurement2_Celsius_BIN=Low | water_consumption_BIN=High | water_temperature_deltaCelsius_BIN=High | workpiece_slice_geometry=180x180,30014810 | 30014815 | 30014816,15,3,9,22
2020-07-14,K_051,2,alloy_speed_meter_minute_BIN=Medium | alloy_type=open | cast_in_row_BIN=High | crystallizer_movementmm_BIN=Low | num_stream_BIN=Low | resistance_tonn_BIN=Low | steel_temperature_grab1Celsius_BIN=High | steel_type=Arm500 | steel_weighttonn_BIN=High | swing_frequency_amount_minute_BIN=High | temperature_measurement1_Celsius_BIN=Low | temperature_measurement2_Celsius_BIN=Low | water_consumption_BIN=High | water_temperature_deltaCelsius_BIN=High | workpiece_slice_geometry=180x180,30014803 | 30014807 | 30014817 | 30014820,15,4,9,22
2020-07-14,K_051,3,alloy_speed_meter_minute_BIN=Medium | alloy_type=open | cast_in_row_BIN=High | crystallizer_movementmm_BIN=Low | num_crystallizer_BIN=Medium | resistance_tonn_BIN=Low | steel_temperature_grab1Celsius_BIN=High | steel_type=Arm500 | steel_weighttonn_BIN=High | swing_frequency_amount_minute_BIN=High | temperature_measurement1_Celsius_BIN=Low | temperature_measurement2_Celsius_BIN=Low | water_consumption_BIN=High | water_temperature_deltaCelsius_BIN=High | workpiece_slice_geometry=180x180,30014803 | 30014807 | 30014810 | 30014815 | 30014820 | 30014821,15,6,9,22
2020-07-14,K_051,4,alloy_speed_meter_minute_BIN=Medium | alloy_type=open | cast_in_row_BIN=High | crystallizer_movementmm_BIN=Low | num_crystallizer_BIN=Medium | num_stream_BIN=Medium | resistance_tonn_BIN=Low | steel_temperature_grab1Celsius_BIN=High | steel_type=Arm500 | steel_weighttonn_BIN=High | swing_frequency_amount_minute_BIN=High | temperature_measurement1_Celsius_BIN=Low | temperature_measurement2_Celsius_BIN=Low | water_consumption_BIN=High | water_temperature_deltaCelsius_BIN=High | workpiece_slice_geometry=180x180,30014810 | 30014815,16,2,9,22
2020-07-14,K_051,5,alloy_speed_meter_minute_BIN=Medium | alloy_type=open | cast_in_row_BIN=High | crystallizer_movementmm_BIN=Low | num_crystallizer_BIN=Medium | num_stream_BIN=Low | resistance_tonn_BIN=Low | steel_temperature_grab1Celsius_BIN=High | steel_type=Arm500 | steel_weighttonn_BIN=High | swing_frequency_amount_minute_BIN=High | temperature_measurement1_Celsius_BIN=Low | temperature_measurement2_Celsius_BIN=Low | water_consumption_BIN=High | water_temperature_deltaCelsius_BIN=High | workpiece_slice_geometry=180x180,30014803 | 30014807 | 30014820,16,3,9,22
2020-07-14,K_051,6,alloy_speed_meter_minute_BIN=Medium | alloy_type=open | cast_in_row_BIN=High | crystallizer_movementmm_BIN=Low | num_crystallizer_BIN=Low | resistance_tonn_BIN=Low | steel_temperature_grab1Celsius_BIN=High | steel_type=Arm500 | steel_weighttonn_BIN=High | swing_frequency_amount_minute_BIN=High | temperature_measurement1_Celsius_BIN=Low | temperature_measurement2_Celsius_BIN=Low | water_consumption_BIN=High | water_temperature_deltaCelsius_BIN=High | workpiece_slice_geometry=180x180,30014811 | 30014817,15,2,9,22
2020-07-14,K_051,7,RUL_BIN=Medium | alloy_speed_meter_minute_BIN=Medium | alloy_type=open | cast_in_row_BIN=High | crystallizer_movementmm_BIN=Low | resistance_tonn_BIN=Low | steel_temperature_grab1Celsius_BIN=High | steel_type=Arm500 | steel_weighttonn_BIN=High | swing_frequency_amount_minute_BIN=High | temperature_measurement1_Celsius_BIN=Low | temperature_measurement2_Celsius_BIN=Low | water_consumption_BIN=High | water_temperature_deltaCelsius_BIN=High | workpiece_slice_geometry=180x180,30014803 | 30014807 | 30014811 | 30014815 | 30014821,15,5,9,22
2020-07-14,K_051,8,RUL_BIN=Medium | alloy_speed_meter_minute_BIN=Medium | alloy_type=open | cast_in_row_BIN=High | crystallizer_movementmm_BIN=Low | num_stream_BIN=High | resistance_tonn_BIN=Low | steel_temperature_grab1Celsius_BIN=High | steel_type=Arm500 | steel_weighttonn_BIN=High | swing_frequency_amount_minute_BIN=High | temperature_measurement1_Celsius_BIN=Low | temperature_measurement2_Celsius_BIN=Low | water_consumption_BIN=High | water_temperature_deltaCelsius_BIN=High | workpiece_slice_geometry=180x180,30014811 | 30014821,16,2,9,22
2020-07-14,K_051,9,RUL_BIN=Medium | alloy_speed_meter_minute_BIN=Medium | alloy_type=open | cast_in_row_BIN=High | crystallizer_movementmm_BIN=Low | num_crystallizer_BIN=Medium | resistance_tonn_BIN=Low | steel_temperature_grab1Celsius_BIN=High | steel_type=Arm500 | steel_weighttonn_BIN=High | swing_frequency_amount_minute_BIN=High | temperature_measurement1_Celsius_BIN=Low | temperature_measurement2_Celsius_BIN=Low | water_consumption_BIN=High | water_temperature_deltaCelsius_BIN=High | workpiece_slice_geometry=180x180,30014803 | 30014807 | 30014815 | 30014821,16,4,9,22
2020-07-14,K_051,10,RUL_BIN=Medium | alloy_speed_meter_minute_BIN=Medium | alloy_type=open | cast_in_row_BIN=High | crystallizer_movementmm_BIN=Low | num_crystallizer_BIN=Medium | num_stream_BIN=Medium | resistance_tonn_BIN=Low | steel_temperature_grab1Celsius_BIN=High | steel_type=Arm500 | steel_weighttonn_BIN=High | swing_frequency_amount_minute_BIN=High | temperature_measurement1_Celsius_BIN=Low | temperature_measurement2_Celsius_BIN=Low | water_consumption_BIN=High | water_temperature_deltaCelsius_BIN=High | workpiece_slice_geometry=180x180,30014815,17,1,9,22
2020-07-14,K_051,11,RUL_BIN=Medium | alloy_speed_meter_minute_BIN=Medium | alloy_type=open | cast_in_row_BIN=High | crystallizer_movementmm_BIN=Low | num_crystallizer_BIN=Medium | num_stream_BIN=Low | resistance_tonn_BIN=Low | steel_temperature_grab1Celsius_BIN=High | steel_type=Arm500 | steel_weighttonn_BIN=High | swing_frequency_amount_minute_BIN=High | temperature_measurement1_Celsius_BIN=Low | temperature_measurement2_Celsius_BIN=Low | water_consumption_BIN=High | water_temperature_deltaCelsius_BIN=High | workpiece_slice_geometry=180x180,30014803 | 30014807,17,2,9,22
2020-07-14,K_051,12,RUL_BIN=Medium | alloy_speed_meter_minute_BIN=Medium | alloy_type=open | cast_in_row_BIN=High | crystallizer_movementmm_BIN=Low | num_crystallizer_BIN=Medium | num_stream_BIN=High | resistance_tonn_BIN=Low | steel_temperature_grab1Celsius_BIN=High | steel_type=Arm500 | steel_weighttonn_BIN=High | swing_frequency_amount_minute_BIN=High | temperature_measurement1_Celsius_BIN=Low | temperature_measurement2_Celsius_BIN=Low | water_consumption_BIN=High | water_temperature_deltaCelsius_BIN=High | workpiece_slice_geometry=180x180,30014821,17,1,9,22
2020-07-14,K_051,13,RUL_BIN=Medium | alloy_speed_meter_minute_BIN=Medium | alloy_type=open | cast_in_row_BIN=High | crystallizer_movementmm_BIN=Low | num_crystallizer_BIN=Low | num_stream_BIN=High | resistance_tonn_BIN=Low | steel_temperature_grab1Celsius_BIN=High | steel_type=Arm500 | steel_weighttonn_BIN=High | swing_frequency_amount_minute_BIN=High | temperature_measurement1_Celsius_BIN=Low | temperature_measurement2_Celsius_BIN=Low | water_consumption_BIN=High | water_temperature_deltaCelsius_BIN=High | workpiece_slice_geometry=180x180,30014811,17,1,9,22
2020-07-14,K_051,14,RUL_BIN=Healthy | alloy_speed_meter_minute_BIN=Medium | alloy_type=open | cast_in_row_BIN=High | crystallizer_movementmm_BIN=Low | resistance_tonn_BIN=Low | steel_temperature_grab1Celsius_BIN=High | steel_type=Arm500 | steel_weighttonn_BIN=High | swing_frequency_amount_minute_BIN=High | temperature_measurement1_Celsius_BIN=Low | temperature_measurement2_Celsius_BIN=Low | water_consumption_BIN=High | water_temperature_deltaCelsius_BIN=High | workpiece_slice_geometry=180x180,30014810 | 30014816 | 30014817 | 30014820,15,4,9,22
2020-07-14,K_051,15,RUL_BIN=Healthy | alloy_speed_meter_minute_BIN=Medium | alloy_type=open | cast_in_row_BIN=High | crystallizer_movementmm_BIN=Low | num_stream_BIN=Medium | resistance_tonn_BIN=Low | steel_temperature_grab1Celsius_BIN=High | steel_type=Arm500 | steel_weighttonn_BIN=High | swing_frequency_amount_minute_BIN=High | temperature_measurement1_Celsius_BIN=Low | temperature_measurement2_Celsius_BIN=Low | water_consumption_BIN=High | water_temperature_deltaCelsius_BIN=High | workpiece_slice_geometry=180x180,30014810 | 30014816,16,2,9,22
2020-07-14,K_051,16,RUL_BIN=Healthy | alloy_speed_meter_minute_BIN=Medium | alloy_type=open | cast_in_row_BIN=High | crystallizer_movementmm_BIN=Low | num_stream_BIN=Low | resistance_tonn_BIN=Low | steel_temperature_grab1Celsius_BIN=High | steel_type=Arm500 | steel_weighttonn_BIN=High | swing_frequency_amount_minute_BIN=High | temperature_measurement1_Celsius_BIN=Low | temperature_measurement2_Celsius_BIN=Low | water_consumption_BIN=High | water_temperature_deltaCelsius_BIN=High | workpiece_slice_geometry=180x180,30014817 | 30014820,16,2,9,22
2020-07-14,K_051,17,RUL_BIN=Healthy | alloy_speed_meter_minute_BIN=Medium | alloy_type=open | cast_in_row_BIN=High | crystallizer_movementmm_BIN=Low | num_crystallizer_BIN=Medium | resistance_tonn_BIN=Low | steel_temperature_grab1Celsius_BIN=High | steel_type=Arm500 | steel_weighttonn_BIN=High | swing_frequency_amount_minute_BIN=High | temperature_measurement1_Celsius_BIN=Low | temperature_measurement2_Celsius_BIN=Low | water_consumption_BIN=High | water_temperature_deltaCelsius_BIN=High | workpiece_slice_geometry=180x180,30014810 | 30014820,16,2,9,22
2020-07-14,K_051,18,RUL_BIN=Healthy | alloy_speed_meter_minute_BIN=Medium | alloy_type=open | cast_in_row_BIN=High | crystallizer_movementmm_BIN=Low | num_crystallizer_BIN=Medium | num_stream_BIN=Medium | resistance_tonn_BIN=Low | steel_temperature_grab1Celsius_BIN=High | steel_type=Arm500 | steel_weighttonn_BIN=High | swing_frequency_amount_minute_BIN=High | temperature_measurement1_Celsius_BIN=Low | temperature_measurement2_Celsius_BIN=Low | water_consumption_BIN=High | water_temperature_deltaCelsius_BIN=High | workpiece_slice_geometry=180x180,30014810,17,1,9,22
2020-07-14,K_051,19,RUL_BIN=Healthy | alloy_speed_meter_minute_BIN=Medium | alloy_type=open | cast_in_row_BIN=High | crystallizer_movementmm_BIN=Low | num_crystallizer_BIN=Medium | num_stream_BIN=Low | resistance_tonn_BIN=Low | steel_temperature_grab1Celsius_BIN=High | steel_type=Arm500 | steel_weighttonn_BIN=High | swing_frequency_amount_minute_BIN=High | temperature_measurement1_Celsius_BIN=Low | temperature_measurement2_Celsius_BIN=Low | water_consumption_BIN=High | water_temperature_deltaCelsius_BIN=High | workpiece_slice_geometry=180x180,30014820,17,1,9,22
2020-07-14,K_051,20,RUL_BIN=Healthy | alloy_speed_meter_minute_BIN=Medium | alloy_type=open | cast_in_row_BIN=High | crystallizer_movementmm_BIN=Low | num_crystallizer_BIN=Low | num_stream_BIN=Low | resistance_tonn_BIN=Low | steel_temperature_grab1Celsius_BIN=High | steel_type=Arm500 | steel_weighttonn_BIN=High | swing_frequency_amount_minute_BIN=High | temperature_measurement1_Celsius_BIN=Low | temperature_measurement2_Celsius_BIN=Low | water_consumption_BIN=High | water_temperature_deltaCelsius_BIN=High | workpiece_slice_geometry=180x180,30014817,17,1,9,22
2020-07-14,K_051,21,RUL_BIN=Healthy | alloy_speed_meter_minute_BIN=Medium | alloy_type=open | cast_in_row_BIN=High | crystallizer_movementmm_BIN=Low | num_crystallizer_BIN=High | num_stream_BIN=Medium | resistance_tonn_BIN=Low | steel_temperature_grab1Celsius_BIN=High | steel_type=Arm500 | steel_weighttonn_BIN=High | swing_frequency_amount_minute_BIN=High | temperature_measurement1_Celsius_BIN=Low | temperature_measurement2_Celsius_BIN=Low | water_consumption_BIN=High | water_temperature_deltaCelsius_BIN=High | workpiece_slice_geometry=180x180,30014816,17,1,9,22
2020-07-14,K_051,22,RUL_BIN=Healthy | RUL_BIN=Medium | alloy_speed_meter_minute_BIN=Medium | alloy_type=open | cast_in_row_BIN=High | crystallizer_movementmm_BIN=Low | num_crystallizer_BIN=High | num_crystallizer_BIN=Low | num_crystallizer_BIN=Medium | num_stream_BIN=High | num_stream_BIN=Low | num_stream_BIN=Medium | resistance_tonn_BIN=Low | steel_temperature_grab1Celsius_BIN=High | steel_type=Arm500 | steel_weighttonn_BIN=High | swing_frequency_amount_minute_BIN=High | temperature_measurement1_Celsius_BIN=Low | temperature_measurement2_Celsius_BIN=Low | water_consumption_BIN=High | water_temperature_deltaCelsius_BIN=High | workpiece_slice_geometry=180x180,,22,0,9,22
2020-07-15,K_052,0,alloy_speed_meter_minute_BIN=Medium | alloy_type=open | cast_in_row_BIN=Medium | crystallizer_movementmm_BIN=High | resistance_tonn_BIN=Low | steel_temperature_grab1Celsius_BIN=High | steel_type=Arm500 | steel_weighttonn_BIN=High | swing_frequency_amount_minute_BIN=High | temperature_measurement1_Celsius_BIN=Low | temperature_measurement2_Celsius_BIN=Low | water_consumption_BIN=High | water_temperature_deltaCelsius_BIN=High | workpiece_slice_geometry=180x180,30014803 | 30014804 | 30014808 | 30014809 | 30014811 | 30014815 | 30014816 | 30014820 | 30014821,14,9,9,22
2020-07-15,K_052,1,alloy_speed_meter_minute_BIN=Medium | alloy_type=open | cast_in_row_BIN=Medium | crystallizer_movementmm_BIN=High | num_stream_BIN=Medium | resistance_tonn_BIN=Low | steel_temperature_grab1Celsius_BIN=High | steel_type=Arm500 | steel_weighttonn_BIN=High | swing_frequency_amount_minute_BIN=High | temperature_measurement1_Celsius_BIN=Low | temperature_measurement2_Celsius_BIN=Low | water_consumption_BIN=High | water_temperature_deltaCelsius_BIN=High | workpiece_slice_geometry=180x180,30014808 | 30014815 | 30014816,15,3,9,22
2020-07-15,K_052,2,alloy_speed_meter_minute_BIN=Medium | alloy_type=open | cast_in_row_BIN=Medium | crystallizer_movementmm_BIN=High | num_stream_BIN=High | resistance_tonn_BIN=Low | steel_temperature_grab1Celsius_BIN=High | steel_type=Arm500 | steel_weighttonn_BIN=High | swing_frequency_amount_minute_BIN=High | temperature_measurement1_Celsius_BIN=Low | temperature_measurement2_Celsius_BIN=Low | water_consumption_BIN=High | water_temperature_deltaCelsius_BIN=High | workpiece_slice_geometry=180x180,30014804 | 30014809 | 30014811 | 30014821,15,4,9,22
2020-07-15,K_052,3,alloy_speed_meter_minute_BIN=Medium | alloy_type=open | cast_in_row_BIN=Medium | crystallizer_movementmm_BIN=High | num_crystallizer_BIN=Medium | resistance_tonn_BIN=Low | steel_temperature_grab1Celsius_BIN=High | steel_type=Arm500 | steel_weighttonn_BIN=High | swing_frequency_amount_minute_BIN=High | temperature_measurement1_Celsius_BIN=Low | temperature_measurement2_Celsius_BIN=Low | water_consumption_BIN=High | water_temperature_deltaCelsius_BIN=High | workpiece_slice_geometry=180x180,30014803 | 30014804 | 30014808 | 30014815 | 30014820 | 30014821,15,6,9,22
2020-07-15,K_052,4,alloy_speed_meter_minute_BIN=Medium | alloy_type=open | cast_in_row_BIN=Medium | crystallizer_movementmm_BIN=High | num_crystallizer_BIN=Medium | num_stream_BIN=Medium | resistance_tonn_BIN=Low | steel_temperature_grab1Celsius_BIN=High | steel_type=Arm500 | steel_weighttonn_BIN=High | swing_frequency_amount_minute_BIN=High | temperature_measurement1_Celsius_BIN=Low | temperature_measurement2_Celsius_BIN=Low | water_consumption_BIN=High | water_temperature_deltaCelsius_BIN=High | workpiece_slice_geometry=180x180,30014808 | 30014815,16,2,9,22
2020-07-15,K_052,5,alloy_speed_meter_minute_BIN=Medium | alloy_type=open | cast_in_row_BIN=Medium | crystallizer_movementmm_BIN=High | num_crystallizer_BIN=Medium | num_stream_BIN=High | resistance_tonn_BIN=Low | steel_temperature_grab1Celsius_BIN=High | steel_type=Arm500 | steel_weighttonn_BIN=High | swing_frequency_amount_minute_BIN=High | temperature_measurement1_Celsius_BIN=Low | temperature_measurement2_Celsius_BIN=Low | water_consumption_BIN=High | water_temperature_deltaCelsius_BIN=High | workpiece_slice_geometry=180x180,30014804 | 30014821,16,2,9,22
2020-07-15,K_052,6,alloy_speed_meter_minute_BIN=Medium | alloy_type=open | cast_in_row_BIN=Medium | crystallizer_movementmm_BIN=High | num_crystallizer_BIN=High | resistance_tonn_BIN=Low | steel_temperature_grab1Celsius_BIN=High | steel_type=Arm500 | steel_weighttonn_BIN=High | swing_frequency_amount_minute_BIN=High | temperature_measurement1_Celsius_BIN=Low | temperature_measurement2_Celsius_BIN=Low | water_consumption_BIN=High | water_temperature_deltaCelsius_BIN=High | workpiece_slice_geometry=180x180,30014809 | 30014816,15,2,9,22
2020-07-15,K_052,7,RUL_BIN=Medium | alloy_speed_meter_minute_BIN=Medium | alloy_type=open | cast_in_row_BIN=Medium | crystallizer_movementmm_BIN=High | resistance_tonn_BIN=Low | steel_temperature_grab1Celsius_BIN=High | steel_type=Arm500 | steel_weighttonn_BIN=High | swing_frequency_amount_minute_BIN=High | temperature_measurement1_Celsius_BIN=Low | temperature_measurement2_Celsius_BIN=Low | water_consumption_BIN=High | water_temperature_deltaCelsius_BIN=High | workpiece_slice_geometry=180x180,30014803 | 30014809 | 30014811 | 30014815 | 30014820 | 30014821,15,6,9,22
2020-07-15,K_052,8,RUL_BIN=Medium | alloy_speed_meter_minute_BIN=Medium | alloy_type=open | cast_in_row_BIN=Medium | crystallizer_movementmm_BIN=High | num_stream_BIN=High | resistance_tonn_BIN=Low | steel_temperature_grab1Celsius_BIN=High | steel_type=Arm500 | steel_weighttonn_BIN=High | swing_frequency_amount_minute_BIN=High | temperature_measurement1_Celsius_BIN=Low | temperature_measurement2_Celsius_BIN=Low | water_consumption_BIN=High | water_temperature_deltaCelsius_BIN=High | workpiece_slice_geometry=180x180,30014809 | 30014811 | 30014821,16,3,9,22
2020-07-15,K_052,9,RUL_BIN=Medium | alloy_speed_meter_minute_BIN=Medium | alloy_type=open | cast_in_row_BIN=Medium | crystallizer_movementmm_BIN=High | num_crystallizer_BIN=Medium | resistance_tonn_BIN=Low | steel_temperature_grab1Celsius_BIN=High | steel_type=Arm500 | steel_weighttonn_BIN=High | swing_frequency_amount_minute_BIN=High | temperature_measurement1_Celsius_BIN=Low | temperature_measurement2_Celsius_BIN=Low | water_consumption_BIN=High | water_temperature_deltaCelsius_BIN=High | workpiece_slice_geometry=180x180,30014803 | 30014815 | 30014820 | 30014821,16,4,9,22
2020-07-15,K_052,10,RUL_BIN=Medium | alloy_speed_meter_minute_BIN=Medium | alloy_type=open | cast_in_row_BIN=Medium | crystallizer_movementmm_BIN=High | num_crystallizer_BIN=Medium | num_stream_BIN=Medium | resistance_tonn_BIN=Low | steel_temperature_grab1Celsius_BIN=High | steel_type=Arm500 | steel_weighttonn_BIN=High | swing_frequency_amount_minute_BIN=High | temperature_measurement1_Celsius_BIN=Low | temperature_measurement2_Celsius_BIN=Low | water_consumption_BIN=High | water_temperature_deltaCelsius_BIN=High | workpiece_slice_geometry=180x180,30014815,17,1,9,22
2020-07-15,K_052,11,RUL_BIN=Medium | alloy_speed_meter_minute_BIN=Medium | alloy_type=open | cast_in_row_BIN=Medium | crystallizer_movementmm_BIN=High | num_crystallizer_BIN=Medium | num_stream_BIN=Low | resistance_tonn_BIN=Low | steel_temperature_grab1Celsius_BIN=High | steel_type=Arm500 | steel_weighttonn_BIN=High | swing_frequency_amount_minute_BIN=High | temperature_measurement1_Celsius_BIN=Low | temperature_measurement2_Celsius_BIN=Low | water_consumption_BIN=High | water_temperature_deltaCelsius_BIN=High | workpiece_slice_geometry=180x180,30014803 | 30014820,17,2,9,22
2020-07-15,K_052,12,RUL_BIN=Medium | alloy_speed_meter_minute_BIN=Medium | alloy_type=open | cast_in_row_BIN=Medium | crystallizer_movementmm_BIN=High | num_crystallizer_BIN=Medium | num_stream_BIN=High | resistance_tonn_BIN=Low | steel_temperature_grab1Celsius_BIN=High | steel_type=Arm500 | steel_weighttonn_BIN=High | swing_frequency_amount_minute_BIN=High | temperature_measurement1_Celsius_BIN=Low | temperature_measurement2_Celsius_BIN=Low | water_consumption_BIN=High | water_temperature_deltaCelsius_BIN=High | workpiece_slice_geometry=180x180,30014821,17,1,9,22
2020-07-15,K_052,13,RUL_BIN=Medium | alloy_speed_meter_minute_BIN=Medium | alloy_type=open | cast_in_row_BIN=Medium | crystallizer_movementmm_BIN=High | num_crystallizer_BIN=Low | num_stream_BIN=High | resistance_tonn_BIN=Low | steel_temperature_grab1Celsius_BIN=High | steel_type=Arm500 | steel_weighttonn_BIN=High | swing_frequency_amount_minute_BIN=High | temperature_measurement1_Celsius_BIN=Low | temperature_measurement2_Celsius_BIN=Low | water_consumption_BIN=High | water_temperature_deltaCelsius_BIN=High | workpiece_slice_geometry=180x180,30014811,17,1,9,22
2020-07-15,K_052,14,RUL_BIN=Medium | alloy_speed_meter_minute_BIN=Medium | alloy_type=open | cast_in_row_BIN=Medium | crystallizer_movementmm_BIN=High | num_crystallizer_BIN=High | num_stream_BIN=High | resistance_tonn_BIN=Low | steel_temperature_grab1Celsius_BIN=High | steel_type=Arm500 | steel_weighttonn_BIN=High | swing_frequency_amount_minute_BIN=High | temperature_measurement1_Celsius_BIN=Low | temperature_measurement2_Celsius_BIN=Low | water_consumption_BIN=High | water_temperature_deltaCelsius_BIN=High | workpiece_slice_geometry=180x180,30014809,17,1,9,22
2020-07-15,K_052,15,RUL_BIN=Healthy | alloy_speed_meter_minute_BIN=Medium | alloy_type=open | cast_in_row_BIN=Medium | crystallizer_movementmm_BIN=High | resistance_tonn_BIN=Low | steel_temperature_grab1Celsius_BIN=High | steel_type=Arm500 | steel_weighttonn_BIN=High | swing_frequency_amount_minute_BIN=High | temperature_measurement1_Celsius_BIN=Low | temperature_measurement2_Celsius_BIN=Low | water_consumption_BIN=High | water_temperature_deltaCelsius_BIN=High | workpiece_slice_geometry=180x180,30014804 | 30014808 | 30014816,15,3,9,22
2020-07-15,K_052,16,RUL_BIN=Healthy | alloy_speed_meter_minute_BIN=Medium | alloy_type=open | cast_in_row_BIN=Medium | crystallizer_movementmm_BIN=High | num_stream_BIN=Medium | resistance_tonn_BIN=Low | steel_temperature_grab1Celsius_BIN=High | steel_type=Arm500 | steel_weighttonn_BIN=High | swing_frequency_amount_minute_BIN=High | temperature_measurement1_Celsius_BIN=Low | temperature_measurement2_Celsius_BIN=Low | water_consumption_BIN=High | water_temperature_deltaCelsius_BIN=High | workpiece_slice_geometry=180x180,30014808 | 30014816,16,2,9,22
2020-07-15,K_052,17,RUL_BIN=Healthy | alloy_speed_meter_minute_BIN=Medium | alloy_type=open | cast_in_row_BIN=Medium | crystallizer_movementmm_BIN=High | num_crystallizer_BIN=Medium | resistance_tonn_BIN=Low | steel_temperature_grab1Celsius_BIN=High | steel_type=Arm500 | steel_weighttonn_BIN=High | swing_frequency_amount_minute_BIN=High | temperature_measurement1_Celsius_BIN=Low | temperature_measurement2_Celsius_BIN=Low | water_consumption_BIN=High | water_temperature_deltaCelsius_BIN=High | workpiece_slice_geometry=180x180,30014804 | 30014808,16,2,9,22
2020-07-15,K_052,18,RUL_BIN=Healthy | alloy_speed_meter_minute_BIN=Medium | alloy_type=open | cast_in_row_BIN=Medium | crystallizer_movementmm_BIN=High | num_crystallizer_BIN=Medium | num_stream_BIN=Medium | resistance_tonn_BIN=Low | steel_temperature_grab1Celsius_BIN=High | steel_type=Arm500 | steel_weighttonn_BIN=High | swing_frequency_amount_minute_BIN=High | temperature_measurement1_Celsius_BIN=Low | temperature_measurement2_Celsius_BIN=Low | water_consumption_BIN=High | water_temperature_deltaCelsius_BIN=High | workpiece_slice_geometry=180x180,30014808,17,1,9,22
2020-07-15,K_052,19,RUL_BIN=Healthy | alloy_speed_meter_minute_BIN=Medium | alloy_type=open | cast_in_row_BIN=Medium | crystallizer_movementmm_BIN=High | num_crystallizer_BIN=Medium | num_stream_BIN=High | resistance_tonn_BIN=Low | steel_temperature_grab1Celsius_BIN=High | steel_type=Arm500 | steel_weighttonn_BIN=High | swing_frequency_amount_minute_BIN=High | temperature_measurement1_Celsius_BIN=Low | temperature_measurement2_Celsius_BIN=Low | water_consumption_BIN=High | water_temperature_deltaCelsius_BIN=High | workpiece_slice_geometry=180x180,30014804,17,1,9,22
2020-07-15,K_052,20,RUL_BIN=Healthy | alloy_speed_meter_minute_BIN=Medium | alloy_type=open | cast_in_row_BIN=Medium | crystallizer_movementmm_BIN=High | num_crystallizer_BIN=High | num_stream_BIN=Medium | resistance_tonn_BIN=Low | steel_temperature_grab1Celsius_BIN=High | steel_type=Arm500 | steel_weighttonn_BIN=High | swing_frequency_amount_minute_BIN=High | temperature_measurement1_Celsius_BIN=Low | temperature_measurement2_Celsius_BIN=Low | water_consumption_BIN=High | water_temperature_deltaCelsius_BIN=High | workpiece_slice_geometry=180x180,30014816,17,1,9,22
2020-07-15,K_052,21,RUL_BIN=Healthy | RUL_BIN=Medium | alloy_speed_meter_minute_BIN=Medium | alloy_type=open | cast_in_row_BIN=Medium | crystallizer_movementmm_BIN=High | num_crystallizer_BIN=High | num_crystallizer_BIN=Low | num_crystallizer_BIN=Medium | num_stream_BIN=High | num_stream_BIN=Low | num_stream_BIN=Medium | resistance_tonn_BIN=Low | steel_temperature_grab1Celsius_BIN=High | steel_type=Arm500 | steel_weighttonn_BIN=High | swing_frequency_amount_minute_BIN=High | temperature_measurement1_Celsius_BIN=Low | temperature_measurement2_Celsius_BIN=Low | water_consumption_BIN=High | water_temperature_deltaCelsius_BIN=High | workpiece_slice_geometry=180x180,,22,0,9,22
2020-07-16,K_053,0,alloy_speed_meter_minute_BIN=Medium | alloy_type=open | cast_in_row_BIN=Low | crystallizer_movementmm_BIN=Low | resistance_tonn_BIN=Low | steel_temperature_grab1Celsius_BIN=High | steel_type=Arm500 | steel_weighttonn_BIN=High | swing_frequency_amount_minute_BIN=High | temperature_measurement1_Celsius_BIN=Low | temperature_measurement2_Celsius_BIN=Low | water_consumption_BIN=High | water_temperature_deltaCelsius_BIN=High | workpiece_slice_geometry=180x180,30014803 | 30014804 | 30014808 | 30014809 | 30014816 | 30014820,14,6,6,21
2020-07-16,K_053,1,alloy_speed_meter_minute_BIN=Medium | alloy_type=open | cast_in_row_BIN=Low | crystallizer_movementmm_BIN=Low | num_crystallizer_BIN=Medium | resistance_tonn_BIN=Low | steel_temperature_grab1Celsius_BIN=High | steel_type=Arm500 | steel_weighttonn_BIN=High | swing_frequency_amount_minute_BIN=High | temperature_measurement1_Celsius_BIN=Low | temperature_measurement2_Celsius_BIN=Low | water_consumption_BIN=High | water_temperature_deltaCelsius_BIN=High | workpiece_slice_geometry=180x180,30014803 | 30014804 | 30014808 | 30014820,15,4,6,21
2020-07-16,K_053,2,alloy_speed_meter_minute_BIN=Medium | alloy_type=open | cast_in_row_BIN=Low | crystallizer_movementmm_BIN=Low | num_crystallizer_BIN=High | resistance_tonn_BIN=Low | steel_temperature_grab1Celsius_BIN=High | steel_type=Arm500 | steel_weighttonn_BIN=High | swing_frequency_amount_minute_BIN=High | temperature_measurement1_Celsius_BIN=Low | temperature_measurement2_Celsius_BIN=Low | water_consumption_BIN=High | water_temperature_deltaCelsius_BIN=High | workpiece_slice_geometry=180x180,30014809 | 30014816,15,2,6,21
2020-07-16,K_053,3,RUL_BIN=Medium | alloy_speed_meter_minute_BIN=Medium | alloy_type=open | cast_in_row_BIN=Low | crystallizer_movementmm_BIN=Low | resistance_tonn_BIN=Low | steel_temperature_grab1Celsius_BIN=High | steel_type=Arm500 | steel_weighttonn_BIN=High | swing_frequency_amount_minute_BIN=High | temperature_measurement1_Celsius_BIN=Low | temperature_measurement2_Celsius_BIN=Low | water_consumption_BIN=High | water_temperature_deltaCelsius_BIN=High | workpiece_slice_geometry=180x180,30014803 | 30014804 | 30014809 | 30014820,15,4,6,21
2020-07-16,K_053,4,RUL_BIN=Medium | alloy_speed_meter_minute_BIN=Medium | alloy_type=open | cast_in_row_BIN=Low | crystallizer_movementmm_BIN=Low | num_stream_BIN=High | resistance_tonn_BIN=Low | steel_temperature_grab1Celsius_BIN=High | steel_type=Arm500 | steel_weighttonn_BIN=High | swing_frequency_amount_minute_BIN=High | temperature_measurement1_Celsius_BIN=Low | temperature_measurement2_Celsius_BIN=Low | water_consumption_BIN=High | water_temperature_deltaCelsius_BIN=High | workpiece_slice_geometry=180x180,30014804 | 30014809,16,2,6,21
2020-07-16,K_053,5,RUL_BIN=Medium | alloy_speed_meter_minute_BIN=Medium | alloy_type=open | cast_in_row_BIN=Low | crystallizer_movementmm_BIN=Low | num_crystallizer_BIN=Medium | resistance_tonn_BIN=Low | steel_temperature_grab1Celsius_BIN=High | steel_type=Arm500 | steel_weighttonn_BIN=High | swing_frequency_amount_minute_BIN=High | temperature_measurement1_Celsius_BIN=Low | temperature_measurement2_Celsius_BIN=Low | water_consumption_BIN=High | water_temperature_deltaCelsius_BIN=High | workpiece_slice_geometry=180x180,30014803 | 30014804 | 30014820,16,3,6,21
2020-07-16,K_053,6,RUL_BIN=Medium | alloy_speed_meter_minute_BIN=Medium | alloy_type=open | cast_in_row_BIN=Low | crystallizer_movementmm_BIN=Low | num_crystallizer_BIN=Medium | num_stream_BIN=Low | resistance_tonn_BIN=Low | steel_temperature_grab1Celsius_BIN=High | steel_type=Arm500 | steel_weighttonn_BIN=High | swing_frequency_amount_minute_BIN=High | temperature_measurement1_Celsius_BIN=Low | temperature_measurement2_Celsius_BIN=Low | water_consumption_BIN=High | water_temperature_deltaCelsius_BIN=High | workpiece_slice_geometry=180x180,30014803 | 30014820,17,2,6,21
2020-07-16,K_053,7,RUL_BIN=Medium | alloy_speed_meter_minute_BIN=Medium | alloy_type=open | cast_in_row_BIN=Low | crystallizer_movementmm_BIN=Low | num_crystallizer_BIN=Medium | num_stream_BIN=High | resistance_tonn_BIN=Low | steel_temperature_grab1Celsius_BIN=High | steel_type=Arm500 | steel_weighttonn_BIN=High | swing_frequency_amount_minute_BIN=High | temperature_measurement1_Celsius_BIN=Low | temperature_measurement2_Celsius_BIN=Low | water_consumption_BIN=High | water_temperature_deltaCelsius_BIN=High | workpiece_slice_geometry=180x180,30014804,17,1,6,21
2020-07-16,K_053,8,RUL_BIN=Medium | alloy_speed_meter_minute_BIN=Medium | alloy_type=open | cast_in_row_BIN=Low | crystallizer_movementmm_BIN=Low | num_crystallizer_BIN=High | num_stream_BIN=High | resistance_tonn_BIN=Low | steel_temperature_grab1Celsius_BIN=High | steel_type=Arm500 | steel_weighttonn_BIN=High | swing_frequency_amount_minute_BIN=High | temperature_measurement1_Celsius_BIN=Low | temperature_measurement2_Celsius_BIN=Low | water_consumption_BIN=High | water_temperature_deltaCelsius_BIN=High | workpiece_slice_geometry=180x180,30014809,17,1,6,21
2020-07-16,K_053,9,RUL_BIN=Healthy | alloy_speed_meter_minute_BIN=Medium | alloy_type=open | cast_in_row_BIN=Low | crystallizer_movementmm_BIN=Low | num_stream_BIN=Medium | resistance_tonn_BIN=Low | steel_temperature_grab1Celsius_BIN=High | steel_type=Arm500 | steel_weighttonn_BIN=High | swing_frequency_amount_minute_BIN=High | temperature_measurement1_Celsius_BIN=Low | temperature_measurement2_Celsius_BIN=Low | water_consumption_BIN=High | water_temperature_deltaCelsius_BIN=High | workpiece_slice_geometry=180x180,30014808 | 30014816,16,2,6,21
2020-07-16,K_053,10,RUL_BIN=Healthy | alloy_speed_meter_minute_BIN=Medium | alloy_type=open | cast_in_row_BIN=Low | crystallizer_movementmm_BIN=Low | num_crystallizer_BIN=Medium | num_stream_BIN=Medium | resistance_tonn_BIN=Low | steel_temperature_grab1Celsius_BIN=High | steel_type=Arm500 | steel_weighttonn_BIN=High | swing_frequency_amount_minute_BIN=High | temperature_measurement1_Celsius_BIN=Low | temperature_measurement2_Celsius_BIN=Low | water_consumption_BIN=High | water_temperature_deltaCelsius_BIN=High | workpiece_slice_geometry=180x180,30014808,17,1,6,21
2020-07-16,K_053,11,RUL_BIN=Healthy | alloy_speed_meter_minute_BIN=Medium | alloy_type=open | cast_in_row_BIN=Low | crystallizer_movementmm_BIN=Low | num_crystallizer_BIN=High | num_stream_BIN=Medium | resistance_tonn_BIN=Low | steel_temperature_grab1Celsius_BIN=High | steel_type=Arm500 | steel_weighttonn_BIN=High | swing_frequency_amount_minute_BIN=High | temperature_measurement1_Celsius_BIN=Low | temperature_measurement2_Celsius_BIN=Low | water_consumption_BIN=High | water_temperature_deltaCelsius_BIN=High | workpiece_slice_geometry=180x180,30014816,17,1,6,21
2020-07-16,K_053,12,RUL_BIN=Healthy | RUL_BIN=Medium | alloy_speed_meter_minute_BIN=Medium | alloy_type=open | cast_in_row_BIN=Low | crystallizer_movementmm_BIN=Low | num_crystallizer_BIN=High | num_crystallizer_BIN=Medium | num_stream_BIN=High | num_stream_BIN=Low | num_stream_BIN=Medium | resistance_tonn_BIN=Low | steel_temperature_grab1Celsius_BIN=High | steel_type=Arm500 | steel_weighttonn_BIN=High | swing_frequency_amount_minute_BIN=High | temperature_measurement1_Celsius_BIN=Low | temperature_measurement2_Celsius_BIN=Low | water_consumption_BIN=High | water_temperature_deltaCelsius_BIN=High | workpiece_slice_geometry=180x180,,21,0,6,21
2020-07-17,K_054,0,alloy_speed_meter_minute_BIN=Medium | alloy_type=open | cast_in_row_BIN=High | crystallizer_movementmm_BIN=High | resistance_tonn_BIN=Low | steel_temperature_grab1Celsius_BIN=High | steel_type=Arm500 | steel_weighttonn_BIN=High | swing_frequency_amount_minute_BIN=High | temperature_measurement1_Celsius_BIN=Low | temperature_measurement2_Celsius_BIN=Low | water_consumption_BIN=High | water_temperature_deltaCelsius_BIN=High | workpiece_slice_geometry=180x180,30014803 | 30014804 | 30014807 | 30014808 | 30014809 | 30014810 | 30014816 | 30014817 | 30014820,14,9,9,23
2020-07-17,K_054,1,alloy_speed_meter_minute_BIN=Medium | alloy_type=open | cast_in_row_BIN=High | crystallizer_movementmm_BIN=High | num_stream_BIN=Medium | resistance_tonn_BIN=Low | steel_temperature_grab1Celsius_BIN=High | steel_type=Arm500 | steel_weighttonn_BIN=High | swing_frequency_amount_minute_BIN=High | temperature_measurement1_Celsius_BIN=Low | temperature_measurement2_Celsius_BIN=Low | water_consumption_BIN=High | water_temperature_deltaCelsius_BIN=High | workpiece_slice_geometry=180x180,30014808 | 30014810 | 30014816,15,3,9,23
2020-07-17,K_054,2,alloy_speed_meter_minute_BIN=Medium | alloy_type=open | cast_in_row_BIN=High | crystallizer_movementmm_BIN=High | num_stream_BIN=High | resistance_tonn_BIN=Low | steel_temperature_grab1Celsius_BIN=High | steel_type=Arm500 | steel_weighttonn_BIN=High | swing_frequency_amount_minute_BIN=High | temperature_measurement1_Celsius_BIN=Low | temperature_measurement2_Celsius_BIN=Low | water_consumption_BIN=High | water_temperature_deltaCelsius_BIN=High | workpiece_slice_geometry=180x180,30014804 | 30014809,15,2,9,23
2020-07-17,K_054,3,alloy_speed_meter_minute_BIN=Medium | alloy_type=open | cast_in_row_BIN=High | crystallizer_movementmm_BIN=High | num_crystallizer_BIN=Medium | resistance_tonn_BIN=Low | steel_temperature_grab1Celsius_BIN=High | steel_type=Arm500 | steel_weighttonn_BIN=High | swing_frequency_amount_minute_BIN=High | temperature_measurement1_Celsius_BIN=Low | temperature_measurement2_Celsius_BIN=Low | water_consumption_BIN=High | water_temperature_deltaCelsius_BIN=High | workpiece_slice_geometry=180x180,30014803 | 30014804 | 30014807 | 30014808 | 30014810 | 30014820,15,6,9,23
2020-07-17,K_054,4,alloy_speed_meter_minute_BIN=Medium | alloy_type=open | cast_in_row_BIN=High | crystallizer_movementmm_BIN=High | num_crystallizer_BIN=Medium | num_stream_BIN=Medium | resistance_tonn_BIN=Low | steel_temperature_grab1Celsius_BIN=High | steel_type=Arm500 | steel_weighttonn_BIN=High | swing_frequency_amount_minute_BIN=High | temperature_measurement1_Celsius_BIN=Low | temperature_measurement2_Celsius_BIN=Low | water_consumption_BIN=High | water_temperature_deltaCelsius_BIN=High | workpiece_slice_geometry=180x180,30014808 | 30014810,16,2,9,23
2020-07-17,K_054,5,alloy_speed_meter_minute_BIN=Medium | alloy_type=open | cast_in_row_BIN=High | crystallizer_movementmm_BIN=High | num_crystallizer_BIN=High | resistance_tonn_BIN=Low | steel_temperature_grab1Celsius_BIN=High | steel_type=Arm500 | steel_weighttonn_BIN=High | swing_frequency_amount_minute_BIN=High | temperature_measurement1_Celsius_BIN=Low | temperature_measurement2_Celsius_BIN=Low | water_consumption_BIN=High | water_temperature_deltaCelsius_BIN=High | workpiece_slice_geometry=180x180,30014809 | 30014816,15,2,9,23
2020-07-17,K_054,6,RUL_BIN=Medium | alloy_speed_meter_minute_BIN=Medium | alloy_type=open | cast_in_row_BIN=High | crystallizer_movementmm_BIN=High | resistance_tonn_BIN=Low | steel_temperature_grab1Celsius_BIN=High | steel_type=Arm500 | steel_weighttonn_BIN=High | swing_frequency_amount_minute_BIN=High | temperature_measurement1_Celsius_BIN=Low | temperature_measurement2_Celsius_BIN=Low | water_consumption_BIN=High | water_temperature_deltaCelsius_BIN=High | workpiece_slice_geometry=180x180,30014803 | 30014804 | 30014807 | 30014810 | 30014816 | 30014817 | 30014820,15,7,9,23
2020-07-17,K_054,7,RUL_BIN=Medium | alloy_speed_meter_minute_BIN=Medium | alloy_type=open | cast_in_row_BIN=High | crystallizer_movementmm_BIN=High | num_stream_BIN=Medium | resistance_tonn_BIN=Low | steel_temperature_grab1Celsius_BIN=High | steel_type=Arm500 | steel_weighttonn_BIN=High | swing_frequency_amount_minute_BIN=High | temperature_measurement1_Celsius_BIN=Low | temperature_measurement2_Celsius_BIN=Low | water_consumption_BIN=High | water_temperature_deltaCelsius_BIN=High | workpiece_slice_geometry=180x180,30014810 | 30014816,16,2,9,23
2020-07-17,K_054,8,RUL_BIN=Medium | alloy_speed_meter_minute_BIN=Medium | alloy_type=open | cast_in_row_BIN=High | crystallizer_movementmm_BIN=High | num_stream_BIN=Low | resistance_tonn_BIN=Low | steel_temperature_grab1Celsius_BIN=High | steel_type=Arm500 | steel_weighttonn_BIN=High | swing_frequency_amount_minute_BIN=High | temperature_measurement1_Celsius_BIN=Low | temperature_measurement2_Celsius_BIN=Low | water_consumption_BIN=High | water_temperature_deltaCelsius_BIN=High | workpiece_slice_geometry=180x180,30014803 | 30014807 | 30014817 | 30014820,16,4,9,23
2020-07-17,K_054,9,RUL_BIN=Medium | alloy_speed_meter_minute_BIN=Medium | alloy_type=open | cast_in_row_BIN=High | crystallizer_movementmm_BIN=High | num_crystallizer_BIN=Medium | resistance_tonn_BIN=Low | steel_temperature_grab1Celsius_BIN=High | steel_type=Arm500 | steel_weighttonn_BIN=High | swing_frequency_amount_minute_BIN=High | temperature_measurement1_Celsius_BIN=Low | temperature_measurement2_Celsius_BIN=Low | water_consumption_BIN=High | water_temperature_deltaCelsius_BIN=High | workpiece_slice_geometry=180x180,30014803 | 30014804 | 30014807 | 30014810 | 30014820,16,5,9,23
2020-07-17,K_054,10,RUL_BIN=Medium | alloy_speed_meter_minute_BIN=Medium | alloy_type=open | cast_in_row_BIN=High | crystallizer_movementmm_BIN=High | num_crystallizer_BIN=Medium | num_stream_BIN=Medium | resistance_tonn_BIN=Low | steel_temperature_grab1Celsius_BIN=High | steel_type=Arm500 | steel_weighttonn_BIN=High | swing_frequency_amount_minute_BIN=High | temperature_measurement1_Celsius_BIN=Low | temperature_measurement2_Celsius_BIN=Low | water_consumption_BIN=High | water_temperature_deltaCelsius_BIN=High | workpiece_slice_geometry=180x180,30014810,17,1,9,23
2020-07-17,K_054,11,RUL_BIN=Medium | alloy_speed_meter_minute_BIN=Medium | alloy_type=open | cast_in_row_BIN=High | crystallizer_movementmm_BIN=High | num_crystallizer_BIN=Medium | num_stream_BIN=Low | resistance_tonn_BIN=Low | steel_temperature_grab1Celsius_BIN=High | steel_type=Arm500 | steel_weighttonn_BIN=High | swing_frequency_amount_minute_BIN=High | temperature_measurement1_Celsius_BIN=Low | temperature_measurement2_Celsius_BIN=Low | water_consumption_BIN=High | water_temperature_deltaCelsius_BIN=High | workpiece_slice_geometry=180x180,30014803 | 30014807 | 30014820,17,3,9,23
2020-07-17,K_054,12,RUL_BIN=Medium | alloy_speed_meter_minute_BIN=Medium | alloy_type=open | cast_in_row_BIN=High | crystallizer_movementmm_BIN=High | num_crystallizer_BIN=Medium | num_stream_BIN=High | resistance_tonn_BIN=Low | steel_temperature_grab1Celsius_BIN=High | steel_type=Arm500 | steel_weighttonn_BIN=High | swing_frequency_amount_minute_BIN=High | temperature_measurement1_Celsius_BIN=Low | temperature_measurement2_Celsius_BIN=Low | water_consumption_BIN=High | water_temperature_deltaCelsius_BIN=High | workpiece_slice_geometry=180x180,30014804,17,1,9,23
2020-07-17,K_054,13,RUL_BIN=Medium | alloy_speed_meter_minute_BIN=Medium | alloy_type=open | cast_in_row_BIN=High | crystallizer_movementmm_BIN=High | num_crystallizer_BIN=Low | num_stream_BIN=Low | resistance_tonn_BIN=Low | steel_temperature_grab1Celsius_BIN=High | steel_type=Arm500 | steel_weighttonn_BIN=High | swing_frequency_amount_minute_BIN=High | temperature_measurement1_Celsius_BIN=Low | temperature_measurement2_Celsius_BIN=Low | water_consumption_BIN=High | water_temperature_deltaCelsius_BIN=High | workpiece_slice_geometry=180x180,30014817,17,1,9,23
2020-07-17,K_054,14,RUL_BIN=Medium | alloy_speed_meter_minute_BIN=Medium | alloy_type=open | cast_in_row_BIN=High | crystallizer_movementmm_BIN=High | num_crystallizer_BIN=High | num_stream_BIN=Medium | resistance_tonn_BIN=Low | steel_temperature_grab1Celsius_BIN=High | steel_type=Arm500 | steel_weighttonn_BIN=High | swing_frequency_amount_minute_BIN=High | temperature_measurement1_Celsius_BIN=Low | temperature_measurement2_Celsius_BIN=Low | water_consumption_BIN=High | water_temperature_deltaCelsius_BIN=High | workpiece_slice_geometry=180x180,30014816,17,1,9,23
2020-07-17,K_054,15,RUL_BIN=Low | alloy_speed_meter_minute_BIN=Medium | alloy_type=open | cast_in_row_BIN=High | crystallizer_movementmm_BIN=High | num_crystallizer_BIN=High | num_stream_BIN=High | resistance_tonn_BIN=Low | steel_temperature_grab1Celsius_BIN=High | steel_type=Arm500 | steel_weighttonn_BIN=High | swing_frequency_amount_minute_BIN=High | temperature_measurement1_Celsius_BIN=Low | temperature_measurement2_Celsius_BIN=Low | water_consumption_BIN=High | water_temperature_deltaCelsius_BIN=High | workpiece_slice_geometry=180x180,30014809,17,1,9,23
2020-07-17,K_054,16,RUL_BIN=Healthy | alloy_speed_meter_minute_BIN=Medium | alloy_type=open | cast_in_row_BIN=High | crystallizer_movementmm_BIN=High | num_crystallizer_BIN=Medium | num_stream_BIN=Medium | resistance_tonn_BIN=Low | steel_temperature_grab1Celsius_BIN=High | steel_type=Arm500 | steel_weighttonn_BIN=High | swing_frequency_amount_minute_BIN=High | temperature_measurement1_Celsius_BIN=Low | temperature_measurement2_Celsius_BIN=Low | water_consumption_BIN=High | water_temperature_deltaCelsius_BIN=High | workpiece_slice_geometry=180x180,30014808,17,1,9,23
2020-07-17,K_054,17,RUL_BIN=Healthy | RUL_BIN=Low | RUL_BIN=Medium | alloy_speed_meter_minute_BIN=Medium | alloy_type=open | cast_in_row_BIN=High | crystallizer_movementmm_BIN=High | num_crystallizer_BIN=High | num_crystallizer_BIN=Low | num_crystallizer_BIN=Medium | num_stream_BIN=High | num_stream_BIN=Low | num_stream_BIN=Medium | resistance_tonn_BIN=Low | steel_temperature_grab1Celsius_BIN=High | steel_type=Arm500 | steel_weighttonn_BIN=High | swing_frequency_amount_minute_BIN=High | temperature_measurement1_Celsius_BIN=Low | temperature_measurement2_Celsius_BIN=Low | water_consumption_BIN=High | water_temperature_deltaCelsius_BIN=High | workpiece_slice_geometry=180x180,,23,0,9,23
2020-07-18,K_055,0,alloy_speed_meter_minute_BIN=Medium | alloy_type=open | cast_in_row_BIN=Low | crystallizer_movementmm_BIN=Low | resistance_tonn_BIN=Low | steel_temperature_grab1Celsius_BIN=High | steel_type=Arm500 | steel_weighttonn_BIN=High | swing_frequency_amount_minute_BIN=High | temperature_measurement1_Celsius_BIN=Low | temperature_measurement2_Celsius_BIN=Low | water_consumption_BIN=High | water_temperature_deltaCelsius_BIN=High | workpiece_slice_geometry=180x180,30014804 | 30014807 | 30014808 | 30014809 | 30014810 | 30014817,14,6,6,22
2020-07-18,K_055,1,alloy_speed_meter_minute_BIN=Medium | alloy_type=open | cast_in_row_BIN=Low | crystallizer_movementmm_BIN=Low | num_crystallizer_BIN=Medium | resistance_tonn_BIN=Low | steel_temperature_grab1Celsius_BIN=High | steel_type=Arm500 | steel_weighttonn_BIN=High | swing_frequency_amount_minute_BIN=High | temperature_measurement1_Celsius_BIN=Low | temperature_measurement2_Celsius_BIN=Low | water_consumption_BIN=High | water_temperature_deltaCelsius_BIN=High | workpiece_slice_geometry=180x180,30014804 | 30014807 | 30014808 | 30014810,15,4,6,22
2020-07-18,K_055,2,RUL_BIN=Medium | alloy_speed_meter_minute_BIN=Medium | alloy_type=open | cast_in_row_BIN=Low | crystallizer_movementmm_BIN=Low | resistance_tonn_BIN=Low | steel_temperature_grab1Celsius_BIN=High | steel_type=Arm500 | steel_weighttonn_BIN=High | swing_frequency_amount_minute_BIN=High | temperature_measurement1_Celsius_BIN=Low | temperature_measurement2_Celsius_BIN=Low | water_consumption_BIN=High | water_temperature_deltaCelsius_BIN=High | workpiece_slice_geometry=180x180,30014807 | 30014808 | 30014810 | 30014817,15,4,6,22
2020-07-18,K_055,3,RUL_BIN=Medium | alloy_speed_meter_minute_BIN=Medium | alloy_type=open | cast_in_row_BIN=Low | crystallizer_movementmm_BIN=Low | num_stream_BIN=Low | resistance_tonn_BIN=Low | steel_temperature_grab1Celsius_BIN=High | steel_type=Arm500 | steel_weighttonn_BIN=High | swing_frequency_amount_minute_BIN=High | temperature_measurement1_Celsius_BIN=Low | temperature_measurement2_Celsius_BIN=Low | water_consumption_BIN=High | water_temperature_deltaCelsius_BIN=High | workpiece_slice_geometry=180x180,30014807 | 30014817,16,2,6,22
2020-07-18,K_055,4,RUL_BIN=Medium | alloy_speed_meter_minute_BIN=Medium | alloy_type=open | cast_in_row_BIN=Low | crystallizer_movementmm_BIN=Low | num_crystallizer_BIN=Medium | resistance_tonn_BIN=Low | steel_temperature_grab1Celsius_BIN=High | steel_type=Arm500 | steel_weighttonn_BIN=High | swing_frequency_amount_minute_BIN=High | temperature_measurement1_Celsius_BIN=Low | temperature_measurement2_Celsius_BIN=Low | water_consumption_BIN=High | water_temperature_deltaCelsius_BIN=High | workpiece_slice_geometry=180x180,30014807 | 30014808 | 30014810,16,3,6,22
2020-07-18,K_055,5,RUL_BIN=Medium | alloy_speed_meter_minute_BIN=Medium | alloy_type=open | cast_in_row_BIN=Low | crystallizer_movementmm_BIN=Low | num_crystallizer_BIN=Medium | num_stream_BIN=Medium | resistance_tonn_BIN=Low | steel_temperature_grab1Celsius_BIN=High | steel_type=Arm500 | steel_weighttonn_BIN=High | swing_frequency_amount_minute_BIN=High | temperature_measurement1_Celsius_BIN=Low | temperature_measurement2_Celsius_BIN=Low | water_consumption_BIN=High | water_temperature_deltaCelsius_BIN=High | workpiece_slice_geometry=180x180,30014808 | 30014810,17,2,6,22
2020-07-18,K_055,6,RUL_BIN=Medium | alloy_speed_meter_minute_BIN=Medium | alloy_type=open | cast_in_row_BIN=Low | crystallizer_movementmm_BIN=Low | num_crystallizer_BIN=Medium | num_stream_BIN=Low | resistance_tonn_BIN=Low | steel_temperature_grab1Celsius_BIN=High | steel_type=Arm500 | steel_weighttonn_BIN=High | swing_frequency_amount_minute_BIN=High | temperature_measurement1_Celsius_BIN=Low | temperature_measurement2_Celsius_BIN=Low | water_consumption_BIN=High | water_temperature_deltaCelsius_BIN=High | workpiece_slice_geometry=180x180,30014807,17,1,6,22
2020-07-18,K_055,7,RUL_BIN=Medium | alloy_speed_meter_minute_BIN=Medium | alloy_type=open | cast_in_row_BIN=Low | crystallizer_movementmm_BIN=Low | num_crystallizer_BIN=Low | num_stream_BIN=Low | resistance_tonn_BIN=Low | steel_temperature_grab1Celsius_BIN=High | steel_type=Arm500 | steel_weighttonn_BIN=High | swing_frequency_amount_minute_BIN=High | temperature_measurement1_Celsius_BIN=Low | temperature_measurement2_Celsius_BIN=Low | water_consumption_BIN=High | water_temperature_deltaCelsius_BIN=High | workpiece_slice_geometry=180x180,30014817,17,1,6,22
2020-07-18,K_055,8,RUL_BIN=Low | alloy_speed_meter_minute_BIN=Medium | alloy_type=open | cast_in_row_BIN=Low | crystallizer_movementmm_BIN=Low | num_stream_BIN=High | resistance_tonn_BIN=Low | steel_temperature_grab1Celsius_BIN=High | steel_type=Arm500 | steel_weighttonn_BIN=High | swing_frequency_amount_minute_BIN=High | temperature_measurement1_Celsius_BIN=Low | temperature_measurement2_Celsius_BIN=Low | water_consumption_BIN=High | water_temperature_deltaCelsius_BIN=High | workpiece_slice_geometry=180x180,30014804 | 30014809,16,2,6,22
2020-07-18,K_055,9,RUL_BIN=Low | alloy_speed_meter_minute_BIN=Medium | alloy_type=open | cast_in_row_BIN=Low | crystallizer_movementmm_BIN=Low | num_crystallizer_BIN=Medium | num_stream_BIN=High | resistance_tonn_BIN=Low | steel_temperature_grab1Celsius_BIN=High | steel_type=Arm500 | steel_weighttonn_BIN=High | swing_frequency_amount_minute_BIN=High | temperature_measurement1_Celsius_BIN=Low | temperature_measurement2_Celsius_BIN=Low | water_consumption_BIN=High | water_temperature_deltaCelsius_BIN=High | workpiece_slice_geometry=180x180,30014804,17,1,6,22
2020-07-18,K_055,10,RUL_BIN=Low | alloy_speed_meter_minute_BIN=Medium | alloy_type=open | cast_in_row_BIN=Low | crystallizer_movementmm_BIN=Low | num_crystallizer_BIN=High | num_stream_BIN=High | resistance_tonn_BIN=Low | steel_temperature_grab1Celsius_BIN=High | steel_type=Arm500 | steel_weighttonn_BIN=High | swing_frequency_amount_minute_BIN=High | temperature_measurement1_Celsius_BIN=Low | temperature_measurement2_Celsius_BIN=Low | water_consumption_BIN=High | water_temperature_deltaCelsius_BIN=High | workpiece_slice_geometry=180x180,30014809,17,1,6,22
2020-07-18,K_055,11,RUL_BIN=Low | RUL_BIN=Medium | alloy_speed_meter_minute_BIN=Medium | alloy_type=open | cast_in_row_BIN=Low | crystallizer_movementmm_BIN=Low | num_crystallizer_BIN=High | num_crystallizer_BIN=Low | num_crystallizer_BIN=Medium | num_stream_BIN=High | num_stream_BIN=Low | num_stream_BIN=Medium | resistance_tonn_BIN=Low | steel_temperature_grab1Celsius_BIN=High | steel_type=Arm500 | steel_weighttonn_BIN=High | swing_frequency_amount_minute_BIN=High | temperature_measurement1_Celsius_BIN=Low | temperature_measurement2_Celsius_BIN=Low | water_consumption_BIN=High | water_temperature_deltaCelsius_BIN=High | workpiece_slice_geometry=180x180,,22,0,6,22
2020-07-19,K_056,0,alloy_speed_meter_minute_BIN=Medium | alloy_type=open | cast_in_row_BIN=Medium | crystallizer_movementmm_BIN=High | resistance_tonn_BIN=Low | steel_temperature_grab1Celsius_BIN=High | steel_type=Arm500 | steel_weighttonn_BIN=High | swing_frequency_amount_minute_BIN=High | temperature_measurement1_Celsius_BIN=Low | temperature_measurement2_Celsius_BIN=Low | water_consumption_BIN=High | water_temperature_deltaCelsius_BIN=High | workpiece_slice_geometry=180x180,30014804 | 30014807 | 30014808 | 30014809 | 30014810 | 30014811 | 30014815 | 30014817 | 30014821,14,9,9,22
2020-07-19,K_056,1,alloy_speed_meter_minute_BIN=Medium | alloy_type=open | cast_in_row_BIN=Medium | crystallizer_movementmm_BIN=High | num_stream_BIN=Low | resistance_tonn_BIN=Low | steel_temperature_grab1Celsius_BIN=High | steel_type=Arm500 | steel_weighttonn_BIN=High | swing_frequency_amount_minute_BIN=High | temperature_measurement1_Celsius_BIN=Low | temperature_measurement2_Celsius_BIN=Low | water_consumption_BIN=High | water_temperature_deltaCelsius_BIN=High | workpiece_slice_geometry=180x180,30014807 | 30014817,15,2,9,22
2020-07-19,K_056,2,alloy_speed_meter_minute_BIN=Medium | alloy_type=open | cast_in_row_BIN=Medium | crystallizer_movementmm_BIN=High | num_stream_BIN=High | resistance_tonn_BIN=Low | steel_temperature_grab1Celsius_BIN=High | steel_type=Arm500 | steel_weighttonn_BIN=High | swing_frequency_amount_minute_BIN=High | temperature_measurement1_Celsius_BIN=Low | temperature_measurement2_Celsius_BIN=Low | water_consumption_BIN=High | water_temperature_deltaCelsius_BIN=High | workpiece_slice_geometry=180x180,30014804 | 30014809 | 30014811 | 30014821,15,4,9,22
2020-07-19,K_056,3,alloy_speed_meter_minute_BIN=Medium | alloy_type=open | cast_in_row_BIN=Medium | crystallizer_movementmm_BIN=High | num_crystallizer_BIN=Medium | resistance_tonn_BIN=Low | steel_temperature_grab1Celsius_BIN=High | steel_type=Arm500 | steel_weighttonn_BIN=High | swing_frequency_amount_minute_BIN=High | temperature_measurement1_Celsius_BIN=Low | temperature_measurement2_Celsius_BIN=Low | water_consumption_BIN=High | water_temperature_deltaCelsius_BIN=High | workpiece_slice_geometry=180x180,30014804 | 30014807 | 30014808 | 30014810 | 30014815 | 30014821,15,6,9,22
2020-07-19,K_056,4,alloy_speed_meter_minute_BIN=Medium | alloy_type=open | cast_in_row_BIN=Medium | crystallizer_movementmm_BIN=High | num_crystallizer_BIN=Medium | num_stream_BIN=Medium | resistance_tonn_BIN=Low | steel_temperature_grab1Celsius_BIN=High | steel_type=Arm500 | steel_weighttonn_BIN=High | swing_frequency_amount_minute_BIN=High | temperature_measurement1_Celsius_BIN=Low | temperature_measurement2_Celsius_BIN=Low | water_consumption_BIN=High | water_temperature_deltaCelsius_BIN=High | workpiece_slice_geometry=180x180,30014808 | 30014810 | 30014815,16,3,9,22
2020-07-19,K_056,5,RUL_BIN=Medium | alloy_speed_meter_minute_BIN=Medium | alloy_type=open | cast_in_row_BIN=Medium | crystallizer_movementmm_BIN=High | resistance_tonn_BIN=Low | steel_temperature_grab1Celsius_BIN=High | steel_type=Arm500 | steel_weighttonn_BIN=High | swing_frequency_amount_minute_BIN=High | temperature_measurement1_Celsius_BIN=Low | temperature_measurement2_Celsius_BIN=Low | water_consumption_BIN=High | water_temperature_deltaCelsius_BIN=High | workpiece_slice_geometry=180x180,30014808 | 30014810 | 30014811 | 30014817,15,4,9,22
2020-07-19,K_056,6,RUL_BIN=Medium | alloy_speed_meter_minute_BIN=Medium | alloy_type=open | cast_in_row_BIN=Medium | crystallizer_movementmm_BIN=High | num_crystallizer_BIN=Medium | num_stream_BIN=Medium | resistance_tonn_BIN=Low | steel_temperature_grab1Celsius_BIN=High | steel_type=Arm500 | steel_weighttonn_BIN=High | swing_frequency_amount_minute_BIN=High | temperature_measurement1_Celsius_BIN=Low | temperature_measurement2_Celsius_BIN=Low | water_consumption_BIN=High | water_temperature_deltaCelsius_BIN=High | workpiece_slice_geometry=180x180,30014808 | 30014810,17,2,9,22
2020-07-19,K_056,7,RUL_BIN=Medium | alloy_speed_meter_minute_BIN=Medium | alloy_type=open | cast_in_row_BIN=Medium | crystallizer_movementmm_BIN=High | num_crystallizer_BIN=Low | resistance_tonn_BIN=Low | steel_temperature_grab1Celsius_BIN=High | steel_type=Arm500 | steel_weighttonn_BIN=High | swing_frequency_amount_minute_BIN=High | temperature_measurement1_Celsius_BIN=Low | temperature_measurement2_Celsius_BIN=Low | water_consumption_BIN=High | water_temperature_deltaCelsius_BIN=High | workpiece_slice_geometry=180x180,30014811 | 30014817,16,2,9,22
2020-07-19,K_056,8,RUL_BIN=Medium | alloy_speed_meter_minute_BIN=Medium | alloy_type=open | cast_in_row_BIN=Medium | crystallizer_movementmm_BIN=High | num_crystallizer_BIN=Low | num_stream_BIN=Low | resistance_tonn_BIN=Low | steel_temperature_grab1Celsius_BIN=High | steel_type=Arm500 | steel_weighttonn_BIN=High | swing_frequency_amount_minute_BIN=High | temperature_measurement1_Celsius_BIN=Low | temperature_measurement2_Celsius_BIN=Low | water_consumption_BIN=High | water_temperature_deltaCelsius_BIN=High | workpiece_slice_geometry=180x180,30014817,17,1,9,22
2020-07-19,K_056,9,RUL_BIN=Medium | alloy_speed_meter_minute_BIN=Medium | alloy_type=open | cast_in_row_BIN=Medium | crystallizer_movementmm_BIN=High | num_crystallizer_BIN=Low | num_stream_BIN=High | resistance_tonn_BIN=Low | steel_temperature_grab1Celsius_BIN=High | steel_type=Arm500 | steel_weighttonn_BIN=High | swing_frequency_amount_minute_BIN=High | temperature_measurement1_Celsius_BIN=Low | temperature_measurement2_Celsius_BIN=Low | water_consumption_BIN=High | water_temperature_deltaCelsius_BIN=High | workpiece_slice_geometry=180x180,30014811,17,1,9,22
2020-07-19,K_056,10,RUL_BIN=Low | alloy_speed_meter_minute_BIN=Medium | alloy_type=open | cast_in_row_BIN=Medium | crystallizer_movementmm_BIN=High | resistance_tonn_BIN=Low | steel_temperature_grab1Celsius_BIN=High | steel_type=Arm500 | steel_weighttonn_BIN=High | swing_frequency_amount_minute_BIN=High | temperature_measurement1_Celsius_BIN=Low | temperature_measurement2_Celsius_BIN=Low | water_consumption_BIN=High | water_temperature_deltaCelsius_BIN=High | workpiece_slice_geometry=180x180,30014804 | 30014807 | 30014809 | 30014815 | 30014821,15,5,9,22
2020-07-19,K_056,11,RUL_BIN=Low | alloy_speed_meter_minute_BIN=Medium | alloy_type=open | cast_in_row_BIN=Medium | crystallizer_movementmm_BIN=High | num_stream_BIN=High | resistance_tonn_BIN=Low | steel_temperature_grab1Celsius_BIN=High | steel_type=Arm500 | steel_weighttonn_BIN=High | swing_frequency_amount_minute_BIN=High | temperature_measurement1_Celsius_BIN=Low | temperature_measurement2_Celsius_BIN=Low | water_consumption_BIN=High | water_temperature_deltaCelsius_BIN=High | workpiece_slice_geometry=180x180,30014804 | 30014809 | 30014821,16,3,9,22
2020-07-19,K_056,12,RUL_BIN=Low | alloy_speed_meter_minute_BIN=Medium | alloy_type=open | cast_in_row_BIN=Medium | crystallizer_movementmm_BIN=High | num_crystallizer_BIN=Medium | resistance_tonn_BIN=Low | steel_temperature_grab1Celsius_BIN=High | steel_type=Arm500 | steel_weighttonn_BIN=High | swing_frequency_amount_minute_BIN=High | temperature_measurement1_Celsius_BIN=Low | temperature_measurement2_Celsius_BIN=Low | water_consumption_BIN=High | water_temperature_deltaCelsius_BIN=High | workpiece_slice_geometry=180x180,30014804 | 30014807 | 30014815 | 30014821,16,4,9,22
2020-07-19,K_056,13,RUL_BIN=Low | alloy_speed_meter_minute_BIN=Medium | alloy_type=open | cast_in_row_BIN=Medium | crystallizer_movementmm_BIN=High | num_crystallizer_BIN=Medium | num_stream_BIN=Medium | resistance_tonn_BIN=Low | steel_temperature_grab1Celsius_BIN=High | steel_type=Arm500 | steel_weighttonn_BIN=High | swing_frequency_amount_minute_BIN=High | temperature_measurement1_Celsius_BIN=Low | temperature_measurement2_Celsius_BIN=Low | water_consumption_BIN=High | water_temperature_deltaCelsius_BIN=High | workpiece_slice_geometry=180x180,30014815,17,1,9,22
2020-07-19,K_056,14,RUL_BIN=Low | alloy_speed_meter_minute_BIN=Medium | alloy_type=open | cast_in_row_BIN=Medium | crystallizer_movementmm_BIN=High | num_crystallizer_BIN=Medium | num_stream_BIN=Low | resistance_tonn_BIN=Low | steel_temperature_grab1Celsius_BIN=High | steel_type=Arm500 | steel_weighttonn_BIN=High | swing_frequency_amount_minute_BIN=High | temperature_measurement1_Celsius_BIN=Low | temperature_measurement2_Celsius_BIN=Low | water_consumption_BIN=High | water_temperature_deltaCelsius_BIN=High | workpiece_slice_geometry=180x180,30014807,17,1,9,22
2020-07-19,K_056,15,RUL_BIN=Low | alloy_speed_meter_minute_BIN=Medium | alloy_type=open | cast_in_row_BIN=Medium | crystallizer_movementmm_BIN=High | num_crystallizer_BIN=Medium | num_stream_BIN=High | resistance_tonn_BIN=Low | steel_temperature_grab1Celsius_BIN=High | steel_type=Arm500 | steel_weighttonn_BIN=High | swing_frequency_amount_minute_BIN=High | temperature_measurement1_Celsius_BIN=Low | temperature_measurement2_Celsius_BIN=Low | water_consumption_BIN=High | water_temperature_deltaCelsius_BIN=High | workpiece_slice_geometry=180x180,30014804 | 30014821,17,2,9,22
2020-07-19,K_056,16,RUL_BIN=Low | alloy_speed_meter_minute_BIN=Medium | alloy_type=open | cast_in_row_BIN=Medium | crystallizer_movementmm_BIN=High | num_crystallizer_BIN=High | num_stream_BIN=High | resistance_tonn_BIN=Low | steel_temperature_grab1Celsius_BIN=High | steel_type=Arm500 | steel_weighttonn_BIN=High | swing_frequency_amount_minute_BIN=High | temperature_measurement1_Celsius_BIN=Low | temperature_measurement2_Celsius_BIN=Low | water_consumption_BIN=High | water_temperature_deltaCelsius_BIN=High | workpiece_slice_geometry=180x180,30014809,17,1,9,22
2020-07-19,K_056,17,RUL_BIN=Low | RUL_BIN=Medium | alloy_speed_meter_minute_BIN=Medium | alloy_type=open | cast_in_row_BIN=Medium | crystallizer_movementmm_BIN=High | num_crystallizer_BIN=High | num_crystallizer_BIN=Low | num_crystallizer_BIN=Medium | num_stream_BIN=High | num_stream_BIN=Low | num_stream_BIN=Medium | resistance_tonn_BIN=Low | steel_temperature_grab1Celsius_BIN=High | steel_type=Arm500 | steel_weighttonn_BIN=High | swing_frequency_amount_minute_BIN=High | temperature_measurement1_Celsius_BIN=Low | temperature_measurement2_Celsius_BIN=Low | water_consumption_BIN=High | water_temperature_deltaCelsius_BIN=High | workpiece_slice_geometry=180x180,,22,0,9,22
2020-07-20,K_057,0,alloy_speed_meter_minute_BIN=Medium | alloy_type=open | cast_in_row_BIN=Low | crystallizer_movementmm_BIN=Low | resistance_tonn_BIN=Low | steel_temperature_grab1Celsius_BIN=High | steel_type=Arm500 | steel_weighttonn_BIN=High | swing_frequency_amount_minute_BIN=High | temperature_measurement1_Celsius_BIN=Low | temperature_measurement2_Celsius_BIN=Low | water_consumption_BIN=High | water_temperature_deltaCelsius_BIN=High | workpiece_slice_geometry=180x180,30014803 | 30014807 | 30014810 | 30014811 | 30014815 | 30014816 | 30014817 | 30014820 | 30014821,14,9,9,22
2020-07-20,K_057,1,alloy_speed_meter_minute_BIN=Medium | alloy_type=open | cast_in_row_BIN=Low | crystallizer_movementmm_BIN=Low | num_stream_BIN=Medium | resistance_tonn_BIN=Low | steel_temperature_grab1Celsius_BIN=High | steel_type=Arm500 | steel_weighttonn_BIN=High | swing_frequency_amount_minute_BIN=High | temperature_measurement1_Celsius_BIN=Low | temperature_measurement2_Celsius_BIN=Low | water_consumption_BIN=High | water_temperature_deltaCelsius_BIN=High | workpiece_slice_geometry=180x180,30014810 | 30014815 | 30014816,15,3,9,22
2020-07-20,K_057,2,alloy_speed_meter_minute_BIN=Medium | alloy_type=open | cast_in_row_BIN=Low | crystallizer_movementmm_BIN=Low | num_stream_BIN=Low | resistance_tonn_BIN=Low | steel_temperature_grab1Celsius_BIN=High | steel_type=Arm500 | steel_weighttonn_BIN=High | swing_frequency_amount_minute_BIN=High | temperature_measurement1_Celsius_BIN=Low | temperature_measurement2_Celsius_BIN=Low | water_consumption_BIN=High | water_temperature_deltaCelsius_BIN=High | workpiece_slice_geometry=180x180,30014803 | 30014807 | 30014817 | 30014820,15,4,9,22
2020-07-20,K_057,3,alloy_speed_meter_minute_BIN=Medium | alloy_type=open | cast_in_row_BIN=Low | crystallizer_movementmm_BIN=Low | num_stream_BIN=High | resistance_tonn_BIN=Low | steel_temperature_grab1Celsius_BIN=High | steel_type=Arm500 | steel_weighttonn_BIN=High | swing_frequency_amount_minute_BIN=High | temperature_measurement1_Celsius_BIN=Low | temperature_measurement2_Celsius_BIN=Low | water_consumption_BIN=High | water_temperature_deltaCelsius_BIN=High | workpiece_slice_geometry=180x180,30014811 | 30014821,15,2,9,22
2020-07-20,K_057,4,alloy_speed_meter_minute_BIN=Medium | alloy_type=open | cast_in_row_BIN=Low | crystallizer_movementmm_BIN=Low | num_crystallizer_BIN=Medium | resistance_tonn_BIN=Low | steel_temperature_grab1Celsius_BIN=High | steel_type=Arm500 | steel_weighttonn_BIN=High | swing_frequency_amount_minute_BIN=High | temperature_measurement1_Celsius_BIN=Low | temperature_measurement2_Celsius_BIN=Low | water_consumption_BIN=High | water_temperature_deltaCelsius_BIN=High | workpiece_slice_geometry=180x180,30014803 | 30014807 | 30014810 | 30014815 | 30014820 | 30014821,15,6,9,22
2020-07-20,K_057,5,alloy_speed_meter_minute_BIN=Medium | alloy_type=open | cast_in_row_BIN=Low | crystallizer_movementmm_BIN=Low | num_crystallizer_BIN=Medium | num_stream_BIN=Medium | resistance_tonn_BIN=Low | steel_temperature_grab1Celsius_BIN=High | steel_type=Arm500 | steel_weighttonn_BIN=High | swing_frequency_amount_minute_BIN=High | temperature_measurement1_Celsius_BIN=Low | temperature_measurement2_Celsius_BIN=Low | water_consumption_BIN=High | water_temperature_deltaCelsius_BIN=High | workpiece_slice_geometry=180x180,30014810 | 30014815,16,2,9,22
2020-07-20,K_057,6,RUL_BIN=Medium | alloy_speed_meter_minute_BIN=Medium | alloy_type=open | cast_in_row_BIN=Low | crystallizer_movementmm_BIN=Low | resistance_tonn_BIN=Low | steel_temperature_grab1Celsius_BIN=High | steel_type=Arm500 | steel_weighttonn_BIN=High | swing_frequency_amount_minute_BIN=High | temperature_measurement1_Celsius_BIN=Low | temperature_measurement2_Celsius_BIN=Low | water_consumption_BIN=High | water_temperature_deltaCelsius_BIN=High | workpiece_slice_geometry=180x180,30014810 | 30014811 | 30014816 | 30014817,15,4,9,22
2020-07-20,K_057,7,RUL_BIN=Medium | alloy_speed_meter_minute_BIN=Medium | alloy_type=open | cast_in_row_BIN=Low | crystallizer_movementmm_BIN=Low | num_stream_BIN=Medium | resistance_tonn_BIN=Low | steel_temperature_grab1Celsius_BIN=High | steel_type=Arm500 | steel_weighttonn_BIN=High | swing_frequency_amount_minute_BIN=High | temperature_measurement1_Celsius_BIN=Low | temperature_measurement2_Celsius_BIN=Low | water_consumption_BIN=High | water_temperature_deltaCelsius_BIN=High | workpiece_slice_geometry=180x180,30014810 | 30014816,16,2,9,22
2020-07-20,K_057,8,RUL_BIN=Medium | alloy_speed_meter_minute_BIN=Medium | alloy_type=open | cast_in_row_BIN=Low | crystallizer_movementmm_BIN=Low | num_crystallizer_BIN=Medium | num_stream_BIN=Medium | resistance_tonn_BIN=Low | steel_temperature_grab1Celsius_BIN=High | steel_type=Arm500 | steel_weighttonn_BIN=High | swing_frequency_amount_minute_BIN=High | temperature_measurement1_Celsius_BIN=Low | temperature_measurement2_Celsius_BIN=Low | water_consumption_BIN=High | water_temperature_deltaCelsius_BIN=High | workpiece_slice_geometry=180x180,30014810,17,1,9,22
2020-07-20,K_057,9,RUL_BIN=Medium | alloy_speed_meter_minute_BIN=Medium | alloy_type=open | cast_in_row_BIN=Low | crystallizer_movementmm_BIN=Low | num_crystallizer_BIN=Low | resistance_tonn_BIN=Low | steel_temperature_grab1Celsius_BIN=High | steel_type=Arm500 | steel_weighttonn_BIN=High | swing_frequency_amount_minute_BIN=High | temperature_measurement1_Celsius_BIN=Low | temperature_measurement2_Celsius_BIN=Low | water_consumption_BIN=High | water_temperature_deltaCelsius_BIN=High | workpiece_slice_geometry=180x180,30014811 | 30014817,16,2,9,22
2020-07-20,K_057,10,RUL_BIN=Medium | alloy_speed_meter_minute_BIN=Medium | alloy_type=open | cast_in_row_BIN=Low | crystallizer_movementmm_BIN=Low | num_crystallizer_BIN=Low | num_stream_BIN=Low | resistance_tonn_BIN=Low | steel_temperature_grab1Celsius_BIN=High | steel_type=Arm500 | steel_weighttonn_BIN=High | swing_frequency_amount_minute_BIN=High | temperature_measurement1_Celsius_BIN=Low | temperature_measurement2_Celsius_BIN=Low | water_consumption_BIN=High | water_temperature_deltaCelsius_BIN=High | workpiece_slice_geometry=180x180,30014817,17,1,9,22
2020-07-20,K_057,11,RUL_BIN=Medium | alloy_speed_meter_minute_BIN=Medium | alloy_type=open | cast_in_row_BIN=Low | crystallizer_movementmm_BIN=Low | num_crystallizer_BIN=Low | num_stream_BIN=High | resistance_tonn_BIN=Low | steel_temperature_grab1Celsius_BIN=High | steel_type=Arm500 | steel_weighttonn_BIN=High | swing_frequency_amount_minute_BIN=High | temperature_measurement1_Celsius_BIN=Low | temperature_measurement2_Celsius_BIN=Low | water_consumption_BIN=High | water_temperature_deltaCelsius_BIN=High | workpiece_slice_geometry=180x180,30014811,17,1,9,22
2020-07-20,K_057,12,RUL_BIN=Medium | alloy_speed_meter_minute_BIN=Medium | alloy_type=open | cast_in_row_BIN=Low | crystallizer_movementmm_BIN=Low | num_crystallizer_BIN=High | num_stream_BIN=Medium | resistance_tonn_BIN=Low | steel_temperature_grab1Celsius_BIN=High | steel_type=Arm500 | steel_weighttonn_BIN=High | swing_frequency_amount_minute_BIN=High | temperature_measurement1_Celsius_BIN=Low | temperature_measurement2_Celsius_BIN=Low | water_consumption_BIN=High | water_temperature_deltaCelsius_BIN=High | workpiece_slice_geometry=180x180,30014816,17,1,9,22
2020-07-20,K_057,13,RUL_BIN=Low | alloy_speed_meter_minute_BIN=Medium | alloy_type=open | cast_in_row_BIN=Low | crystallizer_movementmm_BIN=Low | num_crystallizer_BIN=Medium | resistance_tonn_BIN=Low | steel_temperature_grab1Celsius_BIN=High | steel_type=Arm500 | steel_weighttonn_BIN=High | swing_frequency_amount_minute_BIN=High | temperature_measurement1_Celsius_BIN=Low | temperature_measurement2_Celsius_BIN=Low | water_consumption_BIN=High | water_temperature_deltaCelsius_BIN=High | workpiece_slice_geometry=180x180,30014803 | 30014807 | 30014815 | 30014820 | 30014821,16,5,9,22
2020-07-20,K_057,14,RUL_BIN=Low | alloy_speed_meter_minute_BIN=Medium | alloy_type=open | cast_in_row_BIN=Low | crystallizer_movementmm_BIN=Low | num_crystallizer_BIN=Medium | num_stream_BIN=Medium | resistance_tonn_BIN=Low | steel_temperature_grab1Celsius_BIN=High | steel_type=Arm500 | steel_weighttonn_BIN=High | swing_frequency_amount_minute_BIN=High | temperature_measurement1_Celsius_BIN=Low | temperature_measurement2_Celsius_BIN=Low | water_consumption_BIN=High | water_temperature_deltaCelsius_BIN=High | workpiece_slice_geometry=180x180,30014815,17,1,9,22
2020-07-20,K_057,15,RUL_BIN=Low | alloy_speed_meter_minute_BIN=Medium | alloy_type=open | cast_in_row_BIN=Low | crystallizer_movementmm_BIN=Low | num_crystallizer_BIN=Medium | num_stream_BIN=Low | resistance_tonn_BIN=Low | steel_temperature_grab1Celsius_BIN=High | steel_type=Arm500 | steel_weighttonn_BIN=High | swing_frequency_amount_minute_BIN=High | temperature_measurement1_Celsius_BIN=Low | temperature_measurement2_Celsius_BIN=Low | water_consumption_BIN=High | water_temperature_deltaCelsius_BIN=High | workpiece_slice_geometry=180x180,30014803 | 30014807 | 30014820,17,3,9,22
2020-07-20,K_057,16,RUL_BIN=Low | alloy_speed_meter_minute_BIN=Medium | alloy_type=open | cast_in_row_BIN=Low | crystallizer_movementmm_BIN=Low | num_crystallizer_BIN=Medium | num_stream_BIN=High | resistance_tonn_BIN=Low | steel_temperature_grab1Celsius_BIN=High | steel_type=Arm500 | steel_weighttonn_BIN=High | swing_frequency_amount_minute_BIN=High | temperature_measurement1_Celsius_BIN=Low | temperature_measurement2_Celsius_BIN=Low | water_consumption_BIN=High | water_temperature_deltaCelsius_BIN=High | workpiece_slice_geometry=180x180,30014821,17,1,9,22
2020-07-20,K_057,17,RUL_BIN=Low | RUL_BIN=Medium | alloy_speed_meter_minute_BIN=Medium | alloy_type=open | cast_in_row_BIN=Low | crystallizer_movementmm_BIN=Low | num_crystallizer_BIN=High | num_crystallizer_BIN=Low | num_crystallizer_BIN=Medium | num_stream_BIN=High | num_stream_BIN=Low | num_stream_BIN=Medium | resistance_tonn_BIN=Low | steel_temperature_grab1Celsius_BIN=High | steel_type=Arm500 | steel_weighttonn_BIN=High | swing_frequency_amount_minute_BIN=High | temperature_measurement1_Celsius_BIN=Low | temperature_measurement2_Celsius_BIN=Low | water_consumption_BIN=High | water_temperature_deltaCelsius_BIN=High | workpiece_slice_geometry=180x180,,22,0,9,22
2020-07-21,K_058,0,alloy_speed_meter_minute_BIN=Medium | alloy_type=open | cast_in_row_BIN=Low | crystallizer_movementmm_BIN=Low | resistance_tonn_BIN=Low | steel_temperature_grab1Celsius_BIN=High | steel_type=Arm500 | steel_weighttonn_BIN=High | swing_frequency_amount_minute_BIN=High | temperature_measurement1_Celsius_BIN=Low | temperature_measurement2_Celsius_BIN=Low | water_consumption_BIN=High | water_temperature_deltaCelsius_BIN=High | workpiece_slice_geometry=180x180,30014803 | 30014811 | 30014815 | 30014816 | 30014820 | 30014821,14,6,6,22
2020-07-21,K_058,1,alloy_speed_meter_minute_BIN=Medium | alloy_type=open | cast_in_row_BIN=Low | crystallizer_movementmm_BIN=Low | num_stream_BIN=Medium | resistance_tonn_BIN=Low | steel_temperature_grab1Celsius_BIN=High | steel_type=Arm500 | steel_weighttonn_BIN=High | swing_frequency_amount_minute_BIN=High | temperature_measurement1_Celsius_BIN=Low | temperature_measurement2_Celsius_BIN=Low | water_consumption_BIN=High | water_temperature_deltaCelsius_BIN=High | workpiece_slice_geometry=180x180,30014815 | 30014816,15,2,6,22
2020-07-21,K_058,2,RUL_BIN=Medium | alloy_speed_meter_minute_BIN=Medium | alloy_type=open | cast_in_row_BIN=Low | crystallizer_movementmm_BIN=Low | num_crystallizer_BIN=High | num_stream_BIN=Medium | resistance_tonn_BIN=Low | steel_temperature_grab1Celsius_BIN=High | steel_type=Arm500 | steel_weighttonn_BIN=High | swing_frequency_amount_minute_BIN=High | temperature_measurement1_Celsius_BIN=Low | temperature_measurement2_Celsius_BIN=Low | water_consumption_BIN=High | water_temperature_deltaCelsius_BIN=High | workpiece_slice_geometry=180x180,30014816,17,1,6,22
2020-07-21,K_058,3,RUL_BIN=Low | alloy_speed_meter_minute_BIN=Medium | alloy_type=open | cast_in_row_BIN=Low | crystallizer_movementmm_BIN=Low | resistance_tonn_BIN=Low | steel_temperature_grab1Celsius_BIN=High | steel_type=Arm500 | steel_weighttonn_BIN=High | swing_frequency_amount_minute_BIN=High | temperature_measurement1_Celsius_BIN=Low | temperature_measurement2_Celsius_BIN=Low | water_consumption_BIN=High | water_temperature_deltaCelsius_BIN=High | workpiece_slice_geometry=180x180,30014803 | 30014811 | 30014815 | 30014820 | 30014821,15,5,6,22
2020-07-21,K_058,4,RUL_BIN=Low | alloy_speed_meter_minute_BIN=Medium | alloy_type=open | cast_in_row_BIN=Low | crystallizer_movementmm_BIN=Low | num_stream_BIN=High | resistance_tonn_BIN=Low | steel_temperature_grab1Celsius_BIN=High | steel_type=Arm500 | steel_weighttonn_BIN=High | swing_frequency_amount_minute_BIN=High | temperature_measurement1_Celsius_BIN=Low | temperature_measurement2_Celsius_BIN=Low | water_consumption_BIN=High | water_temperature_deltaCelsius_BIN=High | workpiece_slice_geometry=180x180,30014811 | 30014821,16,2,6,22
2020-07-21,K_058,5,RUL_BIN=Low | alloy_speed_meter_minute_BIN=Medium | alloy_type=open | cast_in_row_BIN=Low | crystallizer_movementmm_BIN=Low | num_crystallizer_BIN=Medium | resistance_tonn_BIN=Low | steel_temperature_grab1Celsius_BIN=High | steel_type=Arm500 | steel_weighttonn_BIN=High | swing_frequency_amount_minute_BIN=High | temperature_measurement1_Celsius_BIN=Low | temperature_measurement2_Celsius_BIN=Low | water_consumption_BIN=High | water_temperature_deltaCelsius_BIN=High | workpiece_slice_geometry=180x180,30014803 | 30014815 | 30014820 | 30014821,16,4,6,22
2020-07-21,K_058,6,RUL_BIN=Low | alloy_speed_meter_minute_BIN=Medium | alloy_type=open | cast_in_row_BIN=Low | crystallizer_movementmm_BIN=Low | num_crystallizer_BIN=Medium | num_stream_BIN=Medium | resistance_tonn_BIN=Low | steel_temperature_grab1Celsius_BIN=High | steel_type=Arm500 | steel_weighttonn_BIN=High | swing_frequency_amount_minute_BIN=High | temperature_measurement1_Celsius_BIN=Low | temperature_measurement2_Celsius_BIN=Low | water_consumption_BIN=High | water_temperature_deltaCelsius_BIN=High | workpiece_slice_geometry=180x180,30014815,17,1,6,22
2020-07-21,K_058,7,RUL_BIN=Low | alloy_speed_meter_minute_BIN=Medium | alloy_type=open | cast_in_row_BIN=Low | crystallizer_movementmm_BIN=Low | num_crystallizer_BIN=Medium | num_stream_BIN=Low | resistance_tonn_BIN=Low | steel_temperature_grab1Celsius_BIN=High | steel_type=Arm500 | steel_weighttonn_BIN=High | swing_frequency_amount_minute_BIN=High | temperature_measurement1_Celsius_BIN=Low | temperature_measurement2_Celsius_BIN=Low | water_consumption_BIN=High | water_temperature_deltaCelsius_BIN=High | workpiece_slice_geometry=180x180,30014803 | 30014820,17,2,6,22
2020-07-21,K_058,8,RUL_BIN=Low | alloy_speed_meter_minute_BIN=Medium | alloy_type=open | cast_in_row_BIN=Low | crystallizer_movementmm_BIN=Low | num_crystallizer_BIN=Medium | num_stream_BIN=High | resistance_tonn_BIN=Low | steel_temperature_grab1Celsius_BIN=High | steel_type=Arm500 | steel_weighttonn_BIN=High | swing_frequency_amount_minute_BIN=High | temperature_measurement1_Celsius_BIN=Low | temperature_measurement2_Celsius_BIN=Low | water_consumption_BIN=High | water_temperature_deltaCelsius_BIN=High | workpiece_slice_geometry=180x180,30014821,17,1,6,22
2020-07-21,K_058,9,RUL_BIN=Low | alloy_speed_meter_minute_BIN=Medium | alloy_type=open | cast_in_row_BIN=Low | crystallizer_movementmm_BIN=Low | num_crystallizer_BIN=Low | num_stream_BIN=High | resistance_tonn_BIN=Low | steel_temperature_grab1Celsius_BIN=High | steel_type=Arm500 | steel_weighttonn_BIN=High | swing_frequency_amount_minute_BIN=High | temperature_measurement1_Celsius_BIN=Low | temperature_measurement2_Celsius_BIN=Low | water_consumption_BIN=High | water_temperature_deltaCelsius_BIN=High | workpiece_slice_geometry=180x180,30014811,17,1,6,22
2020-07-21,K_058,10,RUL_BIN=Low | RUL_BIN=Medium | alloy_speed_meter_minute_BIN=Medium | alloy_type=open | cast_in_row_BIN=Low | crystallizer_movementmm_BIN=Low | num_crystallizer_BIN=High | num_crystallizer_BIN=Low | num_crystallizer_BIN=Medium | num_stream_BIN=High | num_stream_BIN=Low | num_stream_BIN=Medium | resistance_tonn_BIN=Low | steel_temperature_grab1Celsius_BIN=High | steel_type=Arm500 | steel_weighttonn_BIN=High | swing_frequency_amount_minute_BIN=High | temperature_measurement1_Celsius_BIN=Low | temperature_measurement2_Celsius_BIN=Low | water_consumption_BIN=High | water_temperature_deltaCelsius_BIN=High | workpiece_slice_geometry=180x180,,22,0,6,22
2020-07-22,K_059,0,alloy_speed_meter_minute_BIN=Medium | alloy_type=open | cast_in_row_BIN=Medium | crystallizer_movementmm_BIN=Low | resistance_tonn_BIN=Low | steel_temperature_grab1Celsius_BIN=High | steel_type=Arm500 | steel_weighttonn_BIN=High | swing_frequency_amount_minute_BIN=High | temperature_measurement1_Celsius_BIN=Low | temperature_measurement2_Celsius_BIN=Low | water_consumption_BIN=High | water_temperature_deltaCelsius_BIN=High | workpiece_slice_geometry=180x180,30014803 | 30014811 | 30014815 | 30014816 | 30014820 | 30014821,14,6,6,22
2020-07-22,K_059,1,alloy_speed_meter_minute_BIN=Medium | alloy_type=open | cast_in_row_BIN=Medium | crystallizer_movementmm_BIN=Low | num_stream_BIN=Medium | resistance_tonn_BIN=Low | steel_temperature_grab1Celsius_BIN=High | steel_type=Arm500 | steel_weighttonn_BIN=High | swing_frequency_amount_minute_BIN=High | temperature_measurement1_Celsius_BIN=Low | temperature_measurement2_Celsius_BIN=Low | water_consumption_BIN=High | water_temperature_deltaCelsius_BIN=High | workpiece_slice_geometry=180x180,30014815 | 30014816,15,2,6,22
2020-07-22,K_059,2,RUL_BIN=Medium | alloy_speed_meter_minute_BIN=Medium | alloy_type=open | cast_in_row_BIN=Medium | crystallizer_movementmm_BIN=Low | num_crystallizer_BIN=High | num_stream_BIN=Medium | resistance_tonn_BIN=Low | steel_temperature_grab1Celsius_BIN=High | steel_type=Arm500 | steel_weighttonn_BIN=High | swing_frequency_amount_minute_BIN=High | temperature_measurement1_Celsius_BIN=Low | temperature_measurement2_Celsius_BIN=Low | water_consumption_BIN=High | water_temperature_deltaCelsius_BIN=High | workpiece_slice_geometry=180x180,30014816,17,1,6,22
2020-07-22,K_059,3,RUL_BIN=Low | alloy_speed_meter_minute_BIN=Medium | alloy_type=open | cast_in_row_BIN=Medium | crystallizer_movementmm_BIN=Low | resistance_tonn_BIN=Low | steel_temperature_grab1Celsius_BIN=High | steel_type=Arm500 | steel_weighttonn_BIN=High | swing_frequency_amount_minute_BIN=High | temperature_measurement1_Celsius_BIN=Low | temperature_measurement2_Celsius_BIN=Low | water_consumption_BIN=High | water_temperature_deltaCelsius_BIN=High | workpiece_slice_geometry=180x180,30014803 | 30014811 | 30014815 | 30014820 | 30014821,15,5,6,22
2020-07-22,K_059,4,RUL_BIN=Low | alloy_speed_meter_minute_BIN=Medium | alloy_type=open | cast_in_row_BIN=Medium | crystallizer_movementmm_BIN=Low | num_stream_BIN=High | resistance_tonn_BIN=Low | steel_temperature_grab1Celsius_BIN=High | steel_type=Arm500 | steel_weighttonn_BIN=High | swing_frequency_amount_minute_BIN=High | temperature_measurement1_Celsius_BIN=Low | temperature_measurement2_Celsius_BIN=Low | water_consumption_BIN=High | water_temperature_deltaCelsius_BIN=High | workpiece_slice_geometry=180x180,30014811 | 30014821,16,2,6,22
2020-07-22,K_059,5,RUL_BIN=Low | alloy_speed_meter_minute_BIN=Medium | alloy_type=open | cast_in_row_BIN=Medium | crystallizer_movementmm_BIN=Low | num_crystallizer_BIN=Medium | resistance_tonn_BIN=Low | steel_temperature_grab1Celsius_BIN=High | steel_type=Arm500 | steel_weighttonn_BIN=High | swing_frequency_amount_minute_BIN=High | temperature_measurement1_Celsius_BIN=Low | temperature_measurement2_Celsius_BIN=Low | water_consumption_BIN=High | water_temperature_deltaCelsius_BIN=High | workpiece_slice_geometry=180x180,30014803 | 30014815 | 30014820 | 30014821,16,4,6,22
2020-07-22,K_059,6,RUL_BIN=Low | alloy_speed_meter_minute_BIN=Medium | alloy_type=open | cast_in_row_BIN=Medium | crystallizer_movementmm_BIN=Low | num_crystallizer_BIN=Medium | num_stream_BIN=Medium | resistance_tonn_BIN=Low | steel_temperature_grab1Celsius_BIN=High | steel_type=Arm500 | steel_weighttonn_BIN=High | swing_frequency_amount_minute_BIN=High | temperature_measurement1_Celsius_BIN=Low | temperature_measurement2_Celsius_BIN=Low | water_consumption_BIN=High | water_temperature_deltaCelsius_BIN=High | workpiece_slice_geometry=180x180,30014815,17,1,6,22
2020-07-22,K_059,7,RUL_BIN=Low | alloy_speed_meter_minute_BIN=Medium | alloy_type=open | cast_in_row_BIN=Medium | crystallizer_movementmm_BIN=Low | num_crystallizer_BIN=Medium | num_stream_BIN=Low | resistance_tonn_BIN=Low | steel_temperature_grab1Celsius_BIN=High | steel_type=Arm500 | steel_weighttonn_BIN=High | swing_frequency_amount_minute_BIN=High | temperature_measurement1_Celsius_BIN=Low | temperature_measurement2_Celsius_BIN=Low | water_consumption_BIN=High | water_temperature_deltaCelsius_BIN=High | workpiece_slice_geometry=180x180,30014803 | 30014820,17,2,6,22
2020-07-22,K_059,8,RUL_BIN=Low | alloy_speed_meter_minute_BIN=Medium | alloy_type=open | cast_in_row_BIN=Medium | crystallizer_movementmm_BIN=Low | num_crystallizer_BIN=Medium | num_stream_BIN=High | resistance_tonn_BIN=Low | steel_temperature_grab1Celsius_BIN=High | steel_type=Arm500 | steel_weighttonn_BIN=High | swing_frequency_amount_minute_BIN=High | temperature_measurement1_Celsius_BIN=Low | temperature_measurement2_Celsius_BIN=Low | water_consumption_BIN=High | water_temperature_deltaCelsius_BIN=High | workpiece_slice_geometry=180x180,30014821,17,1,6,22
2020-07-22,K_059,9,RUL_BIN=Low | alloy_speed_meter_minute_BIN=Medium | alloy_type=open | cast_in_row_BIN=Medium | crystallizer_movementmm_BIN=Low | num_crystallizer_BIN=Low | num_stream_BIN=High | resistance_tonn_BIN=Low | steel_temperature_grab1Celsius_BIN=High | steel_type=Arm500 | steel_weighttonn_BIN=High | swing_frequency_amount_minute_BIN=High | temperature_measurement1_Celsius_BIN=Low | temperature_measurement2_Celsius_BIN=Low | water_consumption_BIN=High | water_temperature_deltaCelsius_BIN=High | workpiece_slice_geometry=180x180,30014811,17,1,6,22
2020-07-22,K_059,10,RUL_BIN=Low | RUL_BIN=Medium | alloy_speed_meter_minute_BIN=Medium | alloy_type=open | cast_in_row_BIN=Medium | crystallizer_movementmm_BIN=Low | num_crystallizer_BIN=High | num_crystallizer_BIN=Low | num_crystallizer_BIN=Medium | num_stream_BIN=High | num_stream_BIN=Low | num_stream_BIN=Medium | resistance_tonn_BIN=Low | steel_temperature_grab1Celsius_BIN=High | steel_type=Arm500 | steel_weighttonn_BIN=High | swing_frequency_amount_minute_BIN=High | temperature_measurement1_Celsius_BIN=Low | temperature_measurement2_Celsius_BIN=Low | water_consumption_BIN=High | water_temperature_deltaCelsius_BIN=High | workpiece_slice_geometry=180x180,,22,0,6,22
2020-07-23,K_060,0,alloy_speed_meter_minute_BIN=Medium | alloy_type=open | cast_in_row_BIN=Medium | crystallizer_movementmm_BIN=High | resistance_tonn_BIN=Low | steel_temperature_grab1Celsius_BIN=High | steel_type=Arm500 | steel_weighttonn_BIN=Medium | swing_frequency_amount_minute_BIN=High | temperature_measurement1_Celsius_BIN=Low | temperature_measurement2_Celsius_BIN=Low | water_consumption_BIN=High | water_temperature_deltaCelsius_BIN=High | workpiece_slice_geometry=180x180,30014803 | 30014804 | 30014808 | 30014809 | 30014811 | 30014815 | 30014816 | 30014820 | 30014821,14,9,9,23
2020-07-23,K_060,1,alloy_speed_meter_minute_BIN=Medium | alloy_type=open | cast_in_row_BIN=Medium | crystallizer_movementmm_BIN=High | num_stream_BIN=Medium | resistance_tonn_BIN=Low | steel_temperature_grab1Celsius_BIN=High | steel_type=Arm500 | steel_weighttonn_BIN=Medium | swing_frequency_amount_minute_BIN=High | temperature_measurement1_Celsius_BIN=Low | temperature_measurement2_Celsius_BIN=Low | water_consumption_BIN=High | water_temperature_deltaCelsius_BIN=High | workpiece_slice_geometry=180x180,30014808 | 30014815 | 30014816,15,3,9,23
2020-07-23,K_060,2,alloy_speed_meter_minute_BIN=Medium | alloy_type=open | cast_in_row_BIN=Medium | crystallizer_movementmm_BIN=High | num_stream_BIN=High | resistance_tonn_BIN=Low | steel_temperature_grab1Celsius_BIN=High | steel_type=Arm500 | steel_weighttonn_BIN=Medium | swing_frequency_amount_minute_BIN=High | temperature_measurement1_Celsius_BIN=Low | temperature_measurement2_Celsius_BIN=Low | water_consumption_BIN=High | water_temperature_deltaCelsius_BIN=High | workpiece_slice_geometry=180x180,30014804 | 30014809 | 30014811 | 30014821,15,4,9,23
2020-07-23,K_060,3,alloy_speed_meter_minute_BIN=Medium | alloy_type=open | cast_in_row_BIN=Medium | crystallizer_movementmm_BIN=High | num_crystallizer_BIN=Medium | resistance_tonn_BIN=Low | steel_temperature_grab1Celsius_BIN=High | steel_type=Arm500 | steel_weighttonn_BIN=Medium | swing_frequency_amount_minute_BIN=High | temperature_measurement1_Celsius_BIN=Low | temperature_measurement2_Celsius_BIN=Low | water_consumption_BIN=High | water_temperature_deltaCelsius_BIN=High | workpiece_slice_geometry=180x180,30014803 | 30014804 | 30014808 | 30014815 | 30014820 | 30014821,15,6,9,23
2020-07-23,K_060,4,alloy_speed_meter_minute_BIN=Medium | alloy_type=open | cast_in_row_BIN=Medium | crystallizer_movementmm_BIN=High | num_crystallizer_BIN=Medium | num_stream_BIN=Medium | resistance_tonn_BIN=Low | steel_temperature_grab1Celsius_BIN=High | steel_type=Arm500 | steel_weighttonn_BIN=Medium | swing_frequency_amount_minute_BIN=High | temperature_measurement1_Celsius_BIN=Low | temperature_measurement2_Celsius_BIN=Low | water_consumption_BIN=High | water_temperature_deltaCelsius_BIN=High | workpiece_slice_geometry=180x180,30014808 | 30014815,16,2,9,23
2020-07-23,K_060,5,alloy_speed_meter_minute_BIN=Medium | alloy_type=open | cast_in_row_BIN=Medium | crystallizer_movementmm_BIN=High | num_crystallizer_BIN=High | resistance_tonn_BIN=Low | steel_temperature_grab1Celsius_BIN=High | steel_type=Arm500 | steel_weighttonn_BIN=Medium | swing_frequency_amount_minute_BIN=High | temperature_measurement1_Celsius_BIN=Low | temperature_measurement2_Celsius_BIN=Low | water_consumption_BIN=High | water_temperature_deltaCelsius_BIN=High | workpiece_slice_geometry=180x180,30014809 | 30014816,15,2,9,23
2020-07-23,K_060,6,RUL_BIN=Medium | alloy_speed_meter_minute_BIN=Medium | alloy_type=open | cast_in_row_BIN=Medium | crystallizer_movementmm_BIN=High | num_crystallizer_BIN=Medium | num_stream_BIN=Medium | resistance_tonn_BIN=Low | steel_temperature_grab1Celsius_BIN=High | steel_type=Arm500 | steel_weighttonn_BIN=Medium | swing_frequency_amount_minute_BIN=High | temperature_measurement1_Celsius_BIN=Low | temperature_measurement2_Celsius_BIN=Low | water_consumption_BIN=High | water_temperature_deltaCelsius_BIN=High | workpiece_slice_geometry=180x180,30014808,17,1,9,23
2020-07-23,K_060,7,RUL_BIN=Low | alloy_speed_meter_minute_BIN=Medium | alloy_type=open | cast_in_row_BIN=Medium | crystallizer_movementmm_BIN=High | resistance_tonn_BIN=Low | steel_temperature_grab1Celsius_BIN=High | steel_type=Arm500 | steel_weighttonn_BIN=Medium | swing_frequency_amount_minute_BIN=High | temperature_measurement1_Celsius_BIN=Low | temperature_measurement2_Celsius_BIN=Low | water_consumption_BIN=High | water_temperature_deltaCelsius_BIN=High | workpiece_slice_geometry=180x180,30014803 | 30014804 | 30014811 | 30014815 | 30014816 | 30014820 | 30014821,15,7,9,23
2020-07-23,K_060,8,RUL_BIN=Low | alloy_speed_meter_minute_BIN=Medium | alloy_type=open | cast_in_row_BIN=Medium | crystallizer_movementmm_BIN=High | num_stream_BIN=Medium | resistance_tonn_BIN=Low | steel_temperature_grab1Celsius_BIN=High | steel_type=Arm500 | steel_weighttonn_BIN=Medium | swing_frequency_amount_minute_BIN=High | temperature_measurement1_Celsius_BIN=Low | temperature_measurement2_Celsius_BIN=Low | water_consumption_BIN=High | water_temperature_deltaCelsius_BIN=High | workpiece_slice_geometry=180x180,30014815 | 30014816,16,2,9,23
2020-07-23,K_060,9,RUL_BIN=Low | alloy_speed_meter_minute_BIN=Medium | alloy_type=open | cast_in_row_BIN=Medium | crystallizer_movementmm_BIN=High | num_stream_BIN=High | resistance_tonn_BIN=Low | steel_temperature_grab1Celsius_BIN=High | steel_type=Arm500 | steel_weighttonn_BIN=Medium | swing_frequency_amount_minute_BIN=High | temperature_measurement1_Celsius_BIN=Low | temperature_measurement2_Celsius_BIN=Low | water_consumption_BIN=High | water_temperature_deltaCelsius_BIN=High | workpiece_slice_geometry=180x180,30014804 | 30014811 | 30014821,16,3,9,23
2020-07-23,K_060,10,RUL_BIN=Low | alloy_speed_meter_minute_BIN=Medium | alloy_type=open | cast_in_row_BIN=Medium | crystallizer_movementmm_BIN=High | num_crystallizer_BIN=Medium | resistance_tonn_BIN=Low | steel_temperature_grab1Celsius_BIN=High | steel_type=Arm500 | steel_weighttonn_BIN=Medium | swing_frequency_amount_minute_BIN=High | temperature_measurement1_Celsius_BIN=Low | temperature_measurement2_Celsius_BIN=Low | water_consumption_BIN=High | water_temperature_deltaCelsius_BIN=High | workpiece_slice_geometry=180x180,30014803 | 30014804 | 30014815 | 30014820 | 30014821,16,5,9,23
2020-07-23,K_060,11,RUL_BIN=Low | alloy_speed_meter_minute_BIN=Medium | alloy_type=open | cast_in_row_BIN=Medium | crystallizer_movementmm_BIN=High | num_crystallizer_BIN=Medium | num_stream_BIN=Medium | resistance_tonn_BIN=Low | steel_temperature_grab1Celsius_BIN=High | steel_type=Arm500 | steel_weighttonn_BIN=Medium | swing_frequency_amount_minute_BIN=High | temperature_measurement1_Celsius_BIN=Low | temperature_measurement2_Celsius_BIN=Low | water_consumption_BIN=High | water_temperature_deltaCelsius_BIN=High | workpiece_slice_geometry=180x180,30014815,17,1,9,23
2020-07-23,K_060,12,RUL_BIN=Low | alloy_speed_meter_minute_BIN=Medium | alloy_type=open | cast_in_row_BIN=Medium | crystallizer_movementmm_BIN=High | num_crystallizer_BIN=Medium | num_stream_BIN=Low | resistance_tonn_BIN=Low | steel_temperature_grab1Celsius_BIN=High | steel_type=Arm500 | steel_weighttonn_BIN=Medium | swing_frequency_amount_minute_BIN=High | temperature_measurement1_Celsius_BIN=Low | temperature_measurement2_Celsius_BIN=Low | water_consumption_BIN=High | water_temperature_deltaCelsius_BIN=High | workpiece_slice_geometry=180x180,30014803 | 30014820,17,2,9,23
2020-07-23,K_060,13,RUL_BIN=Low | alloy_speed_meter_minute_BIN=Medium | alloy_type=open | cast_in_row_BIN=Medium | crystallizer_movementmm_BIN=High | num_crystallizer_BIN=Medium | num_stream_BIN=High | resistance_tonn_BIN=Low | steel_temperature_grab1Celsius_BIN=High | steel_type=Arm500 | steel_weighttonn_BIN=Medium | swing_frequency_amount_minute_BIN=High | temperature_measurement1_Celsius_BIN=Low | temperature_measurement2_Celsius_BIN=Low | water_consumption_BIN=High | water_temperature_deltaCelsius_BIN=High | workpiece_slice_geometry=180x180,30014804 | 30014821,17,2,9,23
2020-07-23,K_060,14,RUL_BIN=Low | alloy_speed_meter_minute_BIN=Medium | alloy_type=open | cast_in_row_BIN=Medium | crystallizer_movementmm_BIN=High | num_crystallizer_BIN=Low | num_stream_BIN=High | resistance_tonn_BIN=Low | steel_temperature_grab1Celsius_BIN=High | steel_type=Arm500 | steel_weighttonn_BIN=Medium | swing_frequency_amount_minute_BIN=High | temperature_measurement1_Celsius_BIN=Low | temperature_measurement2_Celsius_BIN=Low | water_consumption_BIN=High | water_temperature_deltaCelsius_BIN=High | workpiece_slice_geometry=180x180,30014811,17,1,9,23
2020-07-23,K_060,15,RUL_BIN=Low | alloy_speed_meter_minute_BIN=Medium | alloy_type=open | cast_in_row_BIN=Medium | crystallizer_movementmm_BIN=High | num_crystallizer_BIN=High | num_stream_BIN=Medium | resistance_tonn_BIN=Low | steel_temperature_grab1Celsius_BIN=High | steel_type=Arm500 | steel_weighttonn_BIN=Medium | swing_frequency_amount_minute_BIN=High | temperature_measurement1_Celsius_BIN=Low | temperature_measurement2_Celsius_BIN=Low | water_consumption_BIN=High | water_temperature_deltaCelsius_BIN=High | workpiece_slice_geometry=180x180,30014816,17,1,9,23
2020-07-23,K_060,16,RUL_BIN=Critical | alloy_speed_meter_minute_BIN=Medium | alloy_type=open | cast_in_row_BIN=Medium | crystallizer_movementmm_BIN=High | num_crystallizer_BIN=High | num_stream_BIN=High | resistance_tonn_BIN=Low | steel_temperature_grab1Celsius_BIN=High | steel_type=Arm500 | steel_weighttonn_BIN=Medium | swing_frequency_amount_minute_BIN=High | temperature_measurement1_Celsius_BIN=Low | temperature_measurement2_Celsius_BIN=Low | water_consumption_BIN=High | water_temperature_deltaCelsius_BIN=High | workpiece_slice_geometry=180x180,30014809,17,1,9,23
2020-07-23,K_060,17,RUL_BIN=Critical | RUL_BIN=Low | RUL_BIN=Medium | alloy_speed_meter_minute_BIN=Medium | alloy_type=open | cast_in_row_BIN=Medium | crystallizer_movementmm_BIN=High | num_crystallizer_BIN=High | num_crystallizer_BIN=Low | num_crystallizer_BIN=Medium | num_stream_BIN=High | num_stream_BIN=Low | num_stream_BIN=Medium | resistance_tonn_BIN=Low | steel_temperature_grab1Celsius_BIN=High | steel_type=Arm500 | steel_weighttonn_BIN=Medium | swing_frequency_amount_minute_BIN=High | temperature_measurement1_Celsius_BIN=Low | temperature_measurement2_Celsius_BIN=Low | water_consumption_BIN=High | water_temperature_deltaCelsius_BIN=High | workpiece_slice_geometry=180x180,,23,0,9,23
2020-07-24,K_061,0,alloy_speed_meter_minute_BIN=Medium | alloy_type=open | cast_in_row_BIN=Low | crystallizer_movementmm_BIN=Low | resistance_tonn_BIN=Low | steel_temperature_grab1Celsius_BIN=High | steel_type=Arm500 | steel_weighttonn_BIN=High | swing_frequency_amount_minute_BIN=High | temperature_measurement1_Celsius_BIN=Low | temperature_measurement2_Celsius_BIN=Low | water_consumption_BIN=High | water_temperature_deltaCelsius_BIN=High | workpiece_slice_geometry=180x180,30014803 | 30014804 | 30014807 | 30014808 | 30014809 | 30014810 | 30014811 | 30014816 | 30014817 | 30014820,14,10,10,22
2020-07-24,K_061,1,alloy_speed_meter_minute_BIN=Medium | alloy_type=open | cast_in_row_BIN=Low | crystallizer_movementmm_BIN=Low | num_stream_BIN=Low | resistance_tonn_BIN=Low | steel_temperature_grab1Celsius_BIN=High | steel_type=Arm500 | steel_weighttonn_BIN=High | swing_frequency_amount_minute_BIN=High | temperature_measurement1_Celsius_BIN=Low | temperature_measurement2_Celsius_BIN=Low | water_consumption_BIN=High | water_temperature_deltaCelsius_BIN=High | workpiece_slice_geometry=180x180,30014803 | 30014807 | 30014817 | 30014820,15,4,10,22
2020-07-24,K_061,2,alloy_speed_meter_minute_BIN=Medium | alloy_type=open | cast_in_row_BIN=Low | crystallizer_movementmm_BIN=Low | num_stream_BIN=High | resistance_tonn_BIN=Low | steel_temperature_grab1Celsius_BIN=High | steel_type=Arm500 | steel_weighttonn_BIN=High | swing_frequency_amount_minute_BIN=High | temperature_measurement1_Celsius_BIN=Low | temperature_measurement2_Celsius_BIN=Low | water_consumption_BIN=High | water_temperature_deltaCelsius_BIN=High | workpiece_slice_geometry=180x180,30014804 | 30014809 | 30014811,15,3,10,22
2020-07-24,K_061,3,alloy_speed_meter_minute_BIN=Medium | alloy_type=open | cast_in_row_BIN=Low | crystallizer_movementmm_BIN=Low | num_crystallizer_BIN=Medium | resistance_tonn_BIN=Low | steel_temperature_grab1Celsius_BIN=High | steel_type=Arm500 | steel_weighttonn_BIN=High | swing_frequency_amount_minute_BIN=High | temperature_measurement1_Celsius_BIN=Low | temperature_measurement2_Celsius_BIN=Low | water_consumption_BIN=High | water_temperature_deltaCelsius_BIN=High | workpiece_slice_geometry=180x180,30014803 | 30014804 | 30014807 | 30014808 | 30014810 | 30014820,15,6,10,22
2020-07-24,K_061,4,alloy_speed_meter_minute_BIN=Medium | alloy_type=open | cast_in_row_BIN=Low | crystallizer_movementmm_BIN=Low | num_crystallizer_BIN=Medium | num_stream_BIN=Low | resistance_tonn_BIN=Low | steel_temperature_grab1Celsius_BIN=High | steel_type=Arm500 | steel_weighttonn_BIN=High | swing_frequency_amount_minute_BIN=High | temperature_measurement1_Celsius_BIN=Low | temperature_measurement2_Celsius_BIN=Low | water_consumption_BIN=High | water_temperature_deltaCelsius_BIN=High | workpiece_slice_geometry=180x180,30014803 | 30014807 | 30014820,16,3,10,22
2020-07-24,K_061,5,alloy_speed_meter_minute_BIN=Medium | alloy_type=open | cast_in_row_BIN=Low | crystallizer_movementmm_BIN=Low | num_crystallizer_BIN=High | resistance_tonn_BIN=Low | steel_temperature_grab1Celsius_BIN=High | steel_type=Arm500 | steel_weighttonn_BIN=High | swing_frequency_amount_minute_BIN=High | temperature_measurement1_Celsius_BIN=Low | temperature_measurement2_Celsius_BIN=Low | water_consumption_BIN=High | water_temperature_deltaCelsius_BIN=High | workpiece_slice_geometry=180x180,30014809 | 30014816,15,2,10,22
2020-07-24,K_061,6,RUL_BIN=Low | alloy_speed_meter_minute_BIN=Medium | alloy_type=open | cast_in_row_BIN=Low | crystallizer_movementmm_BIN=Low | resistance_tonn_BIN=Low | steel_temperature_grab1Celsius_BIN=High | steel_type=Arm500 | steel_weighttonn_BIN=High | swing_frequency_amount_minute_BIN=High | temperature_measurement1_Celsius_BIN=Low | temperature_measurement2_Celsius_BIN=Low | water_consumption_BIN=High | water_temperature_deltaCelsius_BIN=High | workpiece_slice_geometry=180x180,30014807 | 30014808 | 30014810 | 30014811 | 30014816 | 30014817 | 30014820,15,7,10,22
2020-07-24,K_061,7,RUL_BIN=Low | alloy_speed_meter_minute_BIN=Medium | alloy_type=open | cast_in_row_BIN=Low | crystallizer_movementmm_BIN=Low | num_stream_BIN=Medium | resistance_tonn_BIN=Low | steel_temperature_grab1Celsius_BIN=High | steel_type=Arm500 | steel_weighttonn_BIN=High | swing_frequency_amount_minute_BIN=High | temperature_measurement1_Celsius_BIN=Low | temperature_measurement2_Celsius_BIN=Low | water_consumption_BIN=High | water_temperature_deltaCelsius_BIN=High | workpiece_slice_geometry=180x180,30014808 | 30014810 | 30014816,16,3,10,22
2020-07-24,K_061,8,RUL_BIN=Low | alloy_speed_meter_minute_BIN=Medium | alloy_type=open | cast_in_row_BIN=Low | crystallizer_movementmm_BIN=Low | num_stream_BIN=Low | resistance_tonn_BIN=Low | steel_temperature_grab1Celsius_BIN=High | steel_type=Arm500 | steel_weighttonn_BIN=High | swing_frequency_amount_minute_BIN=High | temperature_measurement1_Celsius_BIN=Low | temperature_measurement2_Celsius_BIN=Low | water_consumption_BIN=High | water_temperature_deltaCelsius_BIN=High | workpiece_slice_geometry=180x180,30014807 | 30014817 | 30014820,16,3,10,22
2020-07-24,K_061,9,RUL_BIN=Low | alloy_speed_meter_minute_BIN=Medium | alloy_type=open | cast_in_row_BIN=Low | crystallizer_movementmm_BIN=Low | num_crystallizer_BIN=Medium | resistance_tonn_BIN=Low | steel_temperature_grab1Celsius_BIN=High | steel_type=Arm500 | steel_weighttonn_BIN=High | swing_frequency_amount_minute_BIN=High | temperature_measurement1_Celsius_BIN=Low | temperature_measurement2_Celsius_BIN=Low | water_consumption_BIN=High | water_temperature_deltaCelsius_BIN=High | workpiece_slice_geometry=180x180,30014807 | 30014808 | 30014810 | 30014820,16,4,10,22
2020-07-24,K_061,10,RUL_BIN=Low | alloy_speed_meter_minute_BIN=Medium | alloy_type=open | cast_in_row_BIN=Low | crystallizer_movementmm_BIN=Low | num_crystallizer_BIN=Medium | num_stream_BIN=Medium | resistance_tonn_BIN=Low | steel_temperature_grab1Celsius_BIN=High | steel_type=Arm500 | steel_weighttonn_BIN=High | swing_frequency_amount_minute_BIN=High | temperature_measurement1_Celsius_BIN=Low | temperature_measurement2_Celsius_BIN=Low | water_consumption_BIN=High | water_temperature_deltaCelsius_BIN=High | workpiece_slice_geometry=180x180,30014808 | 30014810,17,2,10,22
2020-07-24,K_061,11,RUL_BIN=Low | alloy_speed_meter_minute_BIN=Medium | alloy_type=open | cast_in_row_BIN=Low | crystallizer_movementmm_BIN=Low | num_crystallizer_BIN=Medium | num_stream_BIN=Low | resistance_tonn_BIN=Low | steel_temperature_grab1Celsius_BIN=High | steel_type=Arm500 | steel_weighttonn_BIN=High | swing_frequency_amount_minute_BIN=High | temperature_measurement1_Celsius_BIN=Low | temperature_measurement2_Celsius_BIN=Low | water_consumption_BIN=High | water_temperature_deltaCelsius_BIN=High | workpiece_slice_geometry=180x180,30014807 | 30014820,17,2,10,22
2020-07-24,K_061,12,RUL_BIN=Low | alloy_speed_meter_minute_BIN=Medium | alloy_type=open | cast_in_row_BIN=Low | crystallizer_movementmm_BIN=Low | num_crystallizer_BIN=Low | resistance_tonn_BIN=Low | steel_temperature_grab1Celsius_BIN=High | steel_type=Arm500 | steel_weighttonn_BIN=High | swing_frequency_amount_minute_BIN=High | temperature_measurement1_Celsius_BIN=Low | temperature_measurement2_Celsius_BIN=Low | water_consumption_BIN=High | water_temperature_deltaCelsius_BIN=High | workpiece_slice_geometry=180x180,30014811 | 30014817,16,2,10,22
2020-07-24,K_061,13,RUL_BIN=Low | alloy_speed_meter_minute_BIN=Medium | alloy_type=open | cast_in_row_BIN=Low | crystallizer_movementmm_BIN=Low | num_crystallizer_BIN=Low | num_stream_BIN=Low | resistance_tonn_BIN=Low | steel_temperature_grab1Celsius_BIN=High | steel_type=Arm500 | steel_weighttonn_BIN=High | swing_frequency_amount_minute_BIN=High | temperature_measurement1_Celsius_BIN=Low | temperature_measurement2_Celsius_BIN=Low | water_consumption_BIN=High | water_temperature_deltaCelsius_BIN=High | workpiece_slice_geometry=180x180,30014817,17,1,10,22
2020-07-24,K_061,14,RUL_BIN=Low | alloy_speed_meter_minute_BIN=Medium | alloy_type=open | cast_in_row_BIN=Low | crystallizer_movementmm_BIN=Low | num_crystallizer_BIN=Low | num_stream_BIN=High | resistance_tonn_BIN=Low | steel_temperature_grab1Celsius_BIN=High | steel_type=Arm500 | steel_weighttonn_BIN=High | swing_frequency_amount_minute_BIN=High | temperature_measurement1_Celsius_BIN=Low | temperature_measurement2_Celsius_BIN=Low | water_consumption_BIN=High | water_temperature_deltaCelsius_BIN=High | workpiece_slice_geometry=180x180,30014811,17,1,10,22
2020-07-24,K_061,15,RUL_BIN=Low | alloy_speed_meter_minute_BIN=Medium | alloy_type=open | cast_in_row_BIN=Low | crystallizer_movementmm_BIN=Low | num_crystallizer_BIN=High | num_stream_BIN=Medium | resistance_tonn_BIN=Low | steel_temperature_grab1Celsius_BIN=High | steel_type=Arm500 | steel_weighttonn_BIN=High | swing_frequency_amount_minute_BIN=High | temperature_measurement1_Celsius_BIN=Low | temperature_measurement2_Celsius_BIN=Low | water_consumption_BIN=High | water_temperature_deltaCelsius_BIN=High | workpiece_slice_geometry=180x180,30014816,17,1,10,22
2020-07-24,K_061,16,RUL_BIN=Critical | alloy_speed_meter_minute_BIN=Medium | alloy_type=open | cast_in_row_BIN=Low | crystallizer_movementmm_BIN=Low | resistance_tonn_BIN=Low | steel_temperature_grab1Celsius_BIN=High | steel_type=Arm500 | steel_weighttonn_BIN=High | swing_frequency_amount_minute_BIN=High | temperature_measurement1_Celsius_BIN=Low | temperature_measurement2_Celsius_BIN=Low | water_consumption_BIN=High | water_temperature_deltaCelsius_BIN=High | workpiece_slice_geometry=180x180,30014803 | 30014804 | 30014809,15,3,10,22
2020-07-24,K_061,17,RUL_BIN=Critical | alloy_speed_meter_minute_BIN=Medium | alloy_type=open | cast_in_row_BIN=Low | crystallizer_movementmm_BIN=Low | num_stream_BIN=High | resistance_tonn_BIN=Low | steel_temperature_grab1Celsius_BIN=High | steel_type=Arm500 | steel_weighttonn_BIN=High | swing_frequency_amount_minute_BIN=High | temperature_measurement1_Celsius_BIN=Low | temperature_measurement2_Celsius_BIN=Low | water_consumption_BIN=High | water_temperature_deltaCelsius_BIN=High | workpiece_slice_geometry=180x180,30014804 | 30014809,16,2,10,22
2020-07-24,K_061,18,RUL_BIN=Critical | alloy_speed_meter_minute_BIN=Medium | alloy_type=open | cast_in_row_BIN=Low | crystallizer_movementmm_BIN=Low | num_crystallizer_BIN=Medium | resistance_tonn_BIN=Low | steel_temperature_grab1Celsius_BIN=High | steel_type=Arm500 | steel_weighttonn_BIN=High | swing_frequency_amount_minute_BIN=High | temperature_measurement1_Celsius_BIN=Low | temperature_measurement2_Celsius_BIN=Low | water_consumption_BIN=High | water_temperature_deltaCelsius_BIN=High | workpiece_slice_geometry=180x180,30014803 | 30014804,16,2,10,22
2020-07-24,K_061,19,RUL_BIN=Critical | alloy_speed_meter_minute_BIN=Medium | alloy_type=open | cast_in_row_BIN=Low | crystallizer_movementmm_BIN=Low | num_crystallizer_BIN=Medium | num_stream_BIN=Low | resistance_tonn_BIN=Low | steel_temperature_grab1Celsius_BIN=High | steel_type=Arm500 | steel_weighttonn_BIN=High | swing_frequency_amount_minute_BIN=High | temperature_measurement1_Celsius_BIN=Low | temperature_measurement2_Celsius_BIN=Low | water_consumption_BIN=High | water_temperature_deltaCelsius_BIN=High | workpiece_slice_geometry=180x180,30014803,17,1,10,22
2020-07-24,K_061,20,RUL_BIN=Critical | alloy_speed_meter_minute_BIN=Medium | alloy_type=open | cast_in_row_BIN=Low | crystallizer_movementmm_BIN=Low | num_crystallizer_BIN=Medium | num_stream_BIN=High | resistance_tonn_BIN=Low | steel_temperature_grab1Celsius_BIN=High | steel_type=Arm500 | steel_weighttonn_BIN=High | swing_frequency_amount_minute_BIN=High | temperature_measurement1_Celsius_BIN=Low | temperature_measurement2_Celsius_BIN=Low | water_consumption_BIN=High | water_temperature_deltaCelsius_BIN=High | workpiece_slice_geometry=180x180,30014804,17,1,10,22
2020-07-24,K_061,21,RUL_BIN=Critical | alloy_speed_meter_minute_BIN=Medium | alloy_type=open | cast_in_row_BIN=Low | crystallizer_movementmm_BIN=Low | num_crystallizer_BIN=High | num_stream_BIN=High | resistance_tonn_BIN=Low | steel_temperature_grab1Celsius_BIN=High | steel_type=Arm500 | steel_weighttonn_BIN=High | swing_frequency_amount_minute_BIN=High | temperature_measurement1_Celsius_BIN=Low | temperature_measurement2_Celsius_BIN=Low | water_consumption_BIN=High | water_temperature_deltaCelsius_BIN=High | workpiece_slice_geometry=180x180,30014809,17,1,10,22
2020-07-24,K_061,22,RUL_BIN=Critical | RUL_BIN=Low | alloy_speed_meter_minute_BIN=Medium | alloy_type=open | cast_in_row_BIN=Low | crystallizer_movementmm_BIN=Low | num_crystallizer_BIN=High | num_crystallizer_BIN=Low | num_crystallizer_BIN=Medium | num_stream_BIN=High | num_stream_BIN=Low | num_stream_BIN=Medium | resistance_tonn_BIN=Low | steel_temperature_grab1Celsius_BIN=High | steel_type=Arm500 | steel_weighttonn_BIN=High | swing_frequency_amount_minute_BIN=High | temperature_measurement1_Celsius_BIN=Low | temperature_measurement2_Celsius_BIN=Low | water_consumption_BIN=High | water_temperature_deltaCelsius_BIN=High | workpiece_slice_geometry=180x180,,22,0,10,22
2020-07-25,K_062,0,alloy_speed_meter_minute_BIN=Medium | alloy_type=open | cast_in_row_BIN=Medium | crystallizer_movementmm_BIN=High | resistance_tonn_BIN=Low | steel_temperature_grab1Celsius_BIN=High | steel_type=Arm500 | steel_weighttonn_BIN=Medium | swing_frequency_amount_minute_BIN=High | temperature_measurement1_Celsius_BIN=Low | temperature_measurement2_Celsius_BIN=Low | water_consumption_BIN=High | water_temperature_deltaCelsius_BIN=High | workpiece_slice_geometry=180x180,30014804 | 30014807 | 30014808 | 30014810 | 30014811 | 30014817,14,6,6,21
2020-07-25,K_062,1,alloy_speed_meter_minute_BIN=Medium | alloy_type=open | cast_in_row_BIN=Medium | crystallizer_movementmm_BIN=High | num_stream_BIN=Low | resistance_tonn_BIN=Low | steel_temperature_grab1Celsius_BIN=High | steel_type=Arm500 | steel_weighttonn_BIN=Medium | swing_frequency_amount_minute_BIN=High | temperature_measurement1_Celsius_BIN=Low | temperature_measurement2_Celsius_BIN=Low | water_consumption_BIN=High | water_temperature_deltaCelsius_BIN=High | workpiece_slice_geometry=180x180,30014807 | 30014817,15,2,6,21
2020-07-25,K_062,2,alloy_speed_meter_minute_BIN=Medium | alloy_type=open | cast_in_row_BIN=Medium | crystallizer_movementmm_BIN=High | num_crystallizer_BIN=Medium | resistance_tonn_BIN=Low | steel_temperature_grab1Celsius_BIN=High | steel_type=Arm500 | steel_weighttonn_BIN=Medium | swing_frequency_amount_minute_BIN=High | temperature_measurement1_Celsius_BIN=Low | temperature_measurement2_Celsius_BIN=Low | water_consumption_BIN=High | water_temperature_deltaCelsius_BIN=High | workpiece_slice_geometry=180x180,30014804 | 30014807 | 30014808 | 30014810,15,4,6,21
2020-07-25,K_062,3,alloy_speed_meter_minute_BIN=Medium | alloy_type=open | cast_in_row_BIN=Medium | crystallizer_movementmm_BIN=High | num_crystallizer_BIN=Low | resistance_tonn_BIN=Low | steel_temperature_grab1Celsius_BIN=High | steel_type=Arm500 | steel_weighttonn_BIN=Medium | swing_frequency_amount_minute_BIN=High | temperature_measurement1_Celsius_BIN=Low | temperature_measurement2_Celsius_BIN=Low | water_consumption_BIN=High | water_temperature_deltaCelsius_BIN=High | workpiece_slice_geometry=180x180,30014811 | 30014817,15,2,6,21
2020-07-25,K_062,4,RUL_BIN=Low | alloy_speed_meter_minute_BIN=Medium | alloy_type=open | cast_in_row_BIN=Medium | crystallizer_movementmm_BIN=High | resistance_tonn_BIN=Low | steel_temperature_grab1Celsius_BIN=High | steel_type=Arm500 | steel_weighttonn_BIN=Medium | swing_frequency_amount_minute_BIN=High | temperature_measurement1_Celsius_BIN=Low | temperature_measurement2_Celsius_BIN=Low | water_consumption_BIN=High | water_temperature_deltaCelsius_BIN=High | workpiece_slice_geometry=180x180,30014808 | 30014810 | 30014817,15,3,6,21
2020-07-25,K_062,5,RUL_BIN=Low | alloy_speed_meter_minute_BIN=Medium | alloy_type=open | cast_in_row_BIN=Medium | crystallizer_movementmm_BIN=High | num_crystallizer_BIN=Medium | num_stream_BIN=Medium | resistance_tonn_BIN=Low | steel_temperature_grab1Celsius_BIN=High | steel_type=Arm500 | steel_weighttonn_BIN=Medium | swing_frequency_amount_minute_BIN=High | temperature_measurement1_Celsius_BIN=Low | temperature_measurement2_Celsius_BIN=Low | water_consumption_BIN=High | water_temperature_deltaCelsius_BIN=High | workpiece_slice_geometry=180x180,30014808 | 30014810,17,2,6,21
2020-07-25,K_062,6,RUL_BIN=Low | alloy_speed_meter_minute_BIN=Medium | alloy_type=open | cast_in_row_BIN=Medium | crystallizer_movementmm_BIN=High | num_crystallizer_BIN=Low | num_stream_BIN=Low | resistance_tonn_BIN=Low | steel_temperature_grab1Celsius_BIN=High | steel_type=Arm500 | steel_weighttonn_BIN=Medium | swing_frequency_amount_minute_BIN=High | temperature_measurement1_Celsius_BIN=Low | temperature_measurement2_Celsius_BIN=Low | water_consumption_BIN=High | water_temperature_deltaCelsius_BIN=High | workpiece_slice_geometry=180x180,30014817,17,1,6,21
2020-07-25,K_062,7,RUL_BIN=Critical | alloy_speed_meter_minute_BIN=Medium | alloy_type=open | cast_in_row_BIN=Medium | crystallizer_movementmm_BIN=High | resistance_tonn_BIN=Low | steel_temperature_grab1Celsius_BIN=High | steel_type=Arm500 | steel_weighttonn_BIN=Medium | swing_frequency_amount_minute_BIN=High | temperature_measurement1_Celsius_BIN=Low | temperature_measurement2_Celsius_BIN=Low | water_consumption_BIN=High | water_temperature_deltaCelsius_BIN=High | workpiece_slice_geometry=180x180,30014804 | 30014807 | 30014811,15,3,6,21
2020-07-25,K_062,8,RUL_BIN=Critical | alloy_speed_meter_minute_BIN=Medium | alloy_type=open | cast_in_row_BIN=Medium | crystallizer_movementmm_BIN=High | num_stream_BIN=High | resistance_tonn_BIN=Low | steel_temperature_grab1Celsius_BIN=High | steel_type=Arm500 | steel_weighttonn_BIN=Medium | swing_frequency_amount_minute_BIN=High | temperature_measurement1_Celsius_BIN=Low | temperature_measurement2_Celsius_BIN=Low | water_consumption_BIN=High | water_temperature_deltaCelsius_BIN=High | workpiece_slice_geometry=180x180,30014804 | 30014811,16,2,6,21
2020-07-25,K_062,9,RUL_BIN=Critical | alloy_speed_meter_minute_BIN=Medium | alloy_type=open | cast_in_row_BIN=Medium | crystallizer_movementmm_BIN=High | num_crystallizer_BIN=Medium | resistance_tonn_BIN=Low | steel_temperature_grab1Celsius_BIN=High | steel_type=Arm500 | steel_weighttonn_BIN=Medium | swing_frequency_amount_minute_BIN=High | temperature_measurement1_Celsius_BIN=Low | temperature_measurement2_Celsius_BIN=Low | water_consumption_BIN=High | water_temperature_deltaCelsius_BIN=High | workpiece_slice_geometry=180x180,30014804 | 30014807,16,2,6,21
2020-07-25,K_062,10,RUL_BIN=Critical | alloy_speed_meter_minute_BIN=Medium | alloy_type=open | cast_in_row_BIN=Medium | crystallizer_movementmm_BIN=High | num_crystallizer_BIN=Medium | num_stream_BIN=Low | resistance_tonn_BIN=Low | steel_temperature_grab1Celsius_BIN=High | steel_type=Arm500 | steel_weighttonn_BIN=Medium | swing_frequency_amount_minute_BIN=High | temperature_measurement1_Celsius_BIN=Low | temperature_measurement2_Celsius_BIN=Low | water_consumption_BIN=High | water_temperature_deltaCelsius_BIN=High | workpiece_slice_geometry=180x180,30014807,17,1,6,21
2020-07-25,K_062,11,RUL_BIN=Critical | alloy_speed_meter_minute_BIN=Medium | alloy_type=open | cast_in_row_BIN=Medium | crystallizer_movementmm_BIN=High | num_crystallizer_BIN=Medium | num_stream_BIN=High | resistance_tonn_BIN=Low | steel_temperature_grab1Celsius_BIN=High | steel_type=Arm500 | steel_weighttonn_BIN=Medium | swing_frequency_amount_minute_BIN=High | temperature_measurement1_Celsius_BIN=Low | temperature_measurement2_Celsius_BIN=Low | water_consumption_BIN=High | water_temperature_deltaCelsius_BIN=High | workpiece_slice_geometry=180x180,30014804,17,1,6,21
2020-07-25,K_062,12,RUL_BIN=Critical | alloy_speed_meter_minute_BIN=Medium | alloy_type=open | cast_in_row_BIN=Medium | crystallizer_movementmm_BIN=High | num_crystallizer_BIN=Low | num_stream_BIN=High | resistance_tonn_BIN=Low | steel_temperature_grab1Celsius_BIN=High | steel_type=Arm500 | steel_weighttonn_BIN=Medium | swing_frequency_amount_minute_BIN=High | temperature_measurement1_Celsius_BIN=Low | temperature_measurement2_Celsius_BIN=Low | water_consumption_BIN=High | water_temperature_deltaCelsius_BIN=High | workpiece_slice_geometry=180x180,30014811,17,1,6,21
2020-07-25,K_062,13,RUL_BIN=Critical | RUL_BIN=Low | alloy_speed_meter_minute_BIN=Medium | alloy_type=open | cast_in_row_BIN=Medium | crystallizer_movementmm_BIN=High | num_crystallizer_BIN=Low | num_crystallizer_BIN=Medium | num_stream_BIN=High | num_stream_BIN=Low | num_stream_BIN=Medium | resistance_tonn_BIN=Low | steel_temperature_grab1Celsius_BIN=High | steel_type=Arm500 | steel_weighttonn_BIN=Medium | swing_frequency_amount_minute_BIN=High | temperature_measurement1_Celsius_BIN=Low | temperature_measurement2_Celsius_BIN=Low | water_consumption_BIN=High | water_temperature_deltaCelsius_BIN=High | workpiece_slice_geometry=180x180,,21,0,6,21
2020-07-26,K_063,0,alloy_speed_meter_minute_BIN=Medium | alloy_type=open | cast_in_row_BIN=Low | crystallizer_movementmm_BIN=Low | resistance_tonn_BIN=Low | steel_temperature_grab1Celsius_BIN=High | steel_type=Arm500 | steel_weighttonn_BIN=High | swing_frequency_amount_minute_BIN=High | temperature_measurement1_Celsius_BIN=Low | temperature_measurement2_Celsius_BIN=Low | water_consumption_BIN=High | water_temperature_deltaCelsius_BIN=High | workpiece_slice_geometry=180x180,30014804 | 30014807 | 30014808 | 30014810 | 30014811 | 30014817 | 30014821 | 30014825,14,8,8,23
2020-07-26,K_063,1,alloy_speed_meter_minute_BIN=Medium | alloy_type=open | cast_in_row_BIN=Low | crystallizer_movementmm_BIN=Low | num_stream_BIN=Low | resistance_tonn_BIN=Low | steel_temperature_grab1Celsius_BIN=High | steel_type=Arm500 | steel_weighttonn_BIN=High | swing_frequency_amount_minute_BIN=High | temperature_measurement1_Celsius_BIN=Low | temperature_measurement2_Celsius_BIN=Low | water_consumption_BIN=High | water_temperature_deltaCelsius_BIN=High | workpiece_slice_geometry=180x180,30014807 | 30014817 | 30014821,15,3,8,23
2020-07-26,K_063,2,alloy_speed_meter_minute_BIN=Medium | alloy_type=open | cast_in_row_BIN=Low | crystallizer_movementmm_BIN=Low | num_stream_BIN=High | resistance_tonn_BIN=Low | steel_temperature_grab1Celsius_BIN=High | steel_type=Arm500 | steel_weighttonn_BIN=High | swing_frequency_amount_minute_BIN=High | temperature_measurement1_Celsius_BIN=Low | temperature_measurement2_Celsius_BIN=Low | water_consumption_BIN=High | water_temperature_deltaCelsius_BIN=High | workpiece_slice_geometry=180x180,30014804 | 30014811 | 30014825,15,3,8,23
2020-07-26,K_063,3,alloy_speed_meter_minute_BIN=Medium | alloy_type=open | cast_in_row_BIN=Low | crystallizer_movementmm_BIN=Low | num_crystallizer_BIN=Medium | resistance_tonn_BIN=Low | steel_temperature_grab1Celsius_BIN=High | steel_type=Arm500 | steel_weighttonn_BIN=High | swing_frequency_amount_minute_BIN=High | temperature_measurement1_Celsius_BIN=Low | temperature_measurement2_Celsius_BIN=Low | water_consumption_BIN=High | water_temperature_deltaCelsius_BIN=High | workpiece_slice_geometry=180x180,30014804 | 30014807 | 30014808 | 30014810 | 30014821,15,5,8,23
2020-07-26,K_063,4,alloy_speed_meter_minute_BIN=Medium | alloy_type=open | cast_in_row_BIN=Low | crystallizer_movementmm_BIN=Low | num_crystallizer_BIN=Low | resistance_tonn_BIN=Low | steel_temperature_grab1Celsius_BIN=High | steel_type=Arm500 | steel_weighttonn_BIN=High | swing_frequency_amount_minute_BIN=High | temperature_measurement1_Celsius_BIN=Low | temperature_measurement2_Celsius_BIN=Low | water_consumption_BIN=High | water_temperature_deltaCelsius_BIN=High | workpiece_slice_geometry=180x180,30014811 | 30014817,15,2,8,23
2020-07-26,K_063,5,RUL_BIN=Low | alloy_speed_meter_minute_BIN=Medium | alloy_type=open | cast_in_row_BIN=Low | crystallizer_movementmm_BIN=Low | resistance_tonn_BIN=Low | steel_temperature_grab1Celsius_BIN=High | steel_type=Arm500 | steel_weighttonn_BIN=High | swing_frequency_amount_minute_BIN=High | temperature_measurement1_Celsius_BIN=Low | temperature_measurement2_Celsius_BIN=Low | water_consumption_BIN=High | water_temperature_deltaCelsius_BIN=High | workpiece_slice_geometry=180x180,30014808 | 30014810 | 30014817,15,3,8,23
2020-07-26,K_063,6,RUL_BIN=Low | alloy_speed_meter_minute_BIN=Medium | alloy_type=open | cast_in_row_BIN=Low | crystallizer_movementmm_BIN=Low | num_crystallizer_BIN=Medium | num_stream_BIN=Medium | resistance_tonn_BIN=Low | steel_temperature_grab1Celsius_BIN=High | steel_type=Arm500 | steel_weighttonn_BIN=High | swing_frequency_amount_minute_BIN=High | temperature_measurement1_Celsius_BIN=Low | temperature_measurement2_Celsius_BIN=Low | water_consumption_BIN=High | water_temperature_deltaCelsius_BIN=High | workpiece_slice_geometry=180x180,30014808 | 30014810,17,2,8,23
2020-07-26,K_063,7,RUL_BIN=Low | alloy_speed_meter_minute_BIN=Medium | alloy_type=open | cast_in_row_BIN=Low | crystallizer_movementmm_BIN=Low | num_crystallizer_BIN=Low | num_stream_BIN=Low | resistance_tonn_BIN=Low | steel_temperature_grab1Celsius_BIN=High | steel_type=Arm500 | steel_weighttonn_BIN=High | swing_frequency_amount_minute_BIN=High | temperature_measurement1_Celsius_BIN=Low | temperature_measurement2_Celsius_BIN=Low | water_consumption_BIN=High | water_temperature_deltaCelsius_BIN=High | workpiece_slice_geometry=180x180,30014817,17,1,8,23
2020-07-26,K_063,8,RUL_BIN=Healthy | alloy_speed_meter_minute_BIN=Medium | alloy_type=open | cast_in_row_BIN=Low | crystallizer_movementmm_BIN=Low | num_crystallizer_BIN=High | num_stream_BIN=High | resistance_tonn_BIN=Low | steel_temperature_grab1Celsius_BIN=High | steel_type=Arm500 | steel_weighttonn_BIN=High | swing_frequency_amount_minute_BIN=High | temperature_measurement1_Celsius_BIN=Low | temperature_measurement2_Celsius_BIN=Low | water_consumption_BIN=High | water_temperature_deltaCelsius_BIN=High | workpiece_slice_geometry=180x180,30014825,17,1,8,23
2020-07-26,K_063,9,RUL_BIN=Critical | alloy_speed_meter_minute_BIN=Medium | alloy_type=open | cast_in_row_BIN=Low | crystallizer_movementmm_BIN=Low | resistance_tonn_BIN=Low | steel_temperature_grab1Celsius_BIN=High | steel_type=Arm500 | steel_weighttonn_BIN=High | swing_frequency_amount_minute_BIN=High | temperature_measurement1_Celsius_BIN=Low | temperature_measurement2_Celsius_BIN=Low | water_consumption_BIN=High | water_temperature_deltaCelsius_BIN=High | workpiece_slice_geometry=180x180,30014804 | 30014807 | 30014811 | 30014821,15,4,8,23
2020-07-26,K_063,10,RUL_BIN=Critical | alloy_speed_meter_minute_BIN=Medium | alloy_type=open | cast_in_row_BIN=Low | crystallizer_movementmm_BIN=Low | num_stream_BIN=High | resistance_tonn_BIN=Low | steel_temperature_grab1Celsius_BIN=High | steel_type=Arm500 | steel_weighttonn_BIN=High | swing_frequency_amount_minute_BIN=High | temperature_measurement1_Celsius_BIN=Low | temperature_measurement2_Celsius_BIN=Low | water_consumption_BIN=High | water_temperature_deltaCelsius_BIN=High | workpiece_slice_geometry=180x180,30014804 | 30014811,16,2,8,23
2020-07-26,K_063,11,RUL_BIN=Critical | alloy_speed_meter_minute_BIN=Medium | alloy_type=open | cast_in_row_BIN=Low | crystallizer_movementmm_BIN=Low | num_crystallizer_BIN=Medium | resistance_tonn_BIN=Low | steel_temperature_grab1Celsius_BIN=High | steel_type=Arm500 | steel_weighttonn_BIN=High | swing_frequency_amount_minute_BIN=High | temperature_measurement1_Celsius_BIN=Low | temperature_measurement2_Celsius_BIN=Low | water_consumption_BIN=High | water_temperature_deltaCelsius_BIN=High | workpiece_slice_geometry=180x180,30014804 | 30014807 | 30014821,16,3,8,23
2020-07-26,K_063,12,RUL_BIN=Critical | alloy_speed_meter_minute_BIN=Medium | alloy_type=open | cast_in_row_BIN=Low | crystallizer_movementmm_BIN=Low | num_crystallizer_BIN=Medium | num_stream_BIN=Low | resistance_tonn_BIN=Low | steel_temperature_grab1Celsius_BIN=High | steel_type=Arm500 | steel_weighttonn_BIN=High | swing_frequency_amount_minute_BIN=High | temperature_measurement1_Celsius_BIN=Low | temperature_measurement2_Celsius_BIN=Low | water_consumption_BIN=High | water_temperature_deltaCelsius_BIN=High | workpiece_slice_geometry=180x180,30014807 | 30014821,17,2,8,23
2020-07-26,K_063,13,RUL_BIN=Critical | alloy_speed_meter_minute_BIN=Medium | alloy_type=open | cast_in_row_BIN=Low | crystallizer_movementmm_BIN=Low | num_crystallizer_BIN=Medium | num_stream_BIN=High | resistance_tonn_BIN=Low | steel_temperature_grab1Celsius_BIN=High | steel_type=Arm500 | steel_weighttonn_BIN=High | swing_frequency_amount_minute_BIN=High | temperature_measurement1_Celsius_BIN=Low | temperature_measurement2_Celsius_BIN=Low | water_consumption_BIN=High | water_temperature_deltaCelsius_BIN=High | workpiece_slice_geometry=180x180,30014804,17,1,8,23
2020-07-26,K_063,14,RUL_BIN=Critical | alloy_speed_meter_minute_BIN=Medium | alloy_type=open | cast_in_row_BIN=Low | crystallizer_movementmm_BIN=Low | num_crystallizer_BIN=Low | num_stream_BIN=High | resistance_tonn_BIN=Low | steel_temperature_grab1Celsius_BIN=High | steel_type=Arm500 | steel_weighttonn_BIN=High | swing_frequency_amount_minute_BIN=High | temperature_measurement1_Celsius_BIN=Low | temperature_measurement2_Celsius_BIN=Low | water_consumption_BIN=High | water_temperature_deltaCelsius_BIN=High | workpiece_slice_geometry=180x180,30014811,17,1,8,23
2020-07-26,K_063,15,RUL_BIN=Critical | RUL_BIN=Healthy | RUL_BIN=Low | alloy_speed_meter_minute_BIN=Medium | alloy_type=open | cast_in_row_BIN=Low | crystallizer_movementmm_BIN=Low | num_crystallizer_BIN=High | num_crystallizer_BIN=Low | num_crystallizer_BIN=Medium | num_stream_BIN=High | num_stream_BIN=Low | num_stream_BIN=Medium | resistance_tonn_BIN=Low | steel_temperature_grab1Celsius_BIN=High | steel_type=Arm500 | steel_weighttonn_BIN=High | swing_frequency_amount_minute_BIN=High | temperature_measurement1_Celsius_BIN=Low | temperature_measurement2_Celsius_BIN=Low | water_consumption_BIN=High | water_temperature_deltaCelsius_BIN=High | workpiece_slice_geometry=180x180,,23,0,8,23
2020-07-27,K_064,0,alloy_speed_meter_minute_BIN=Medium | alloy_type=open | crystallizer_movementmm_BIN=High | resistance_tonn_BIN=Low | steel_temperature_grab1Celsius_BIN=High | steel_type=Arm500 | steel_weighttonn_BIN=High | swing_frequency_amount_minute_BIN=High | temperature_measurement1_Celsius_BIN=Low | temperature_measurement2_Celsius_BIN=Low | water_consumption_BIN=High | water_temperature_deltaCelsius_BIN=High | workpiece_slice_geometry=180x180,30014808 | 30014810 | 30014811 | 30014817 | 30014821 | 30014824 | 30014825,13,7,7,24
2020-07-27,K_064,1,alloy_speed_meter_minute_BIN=Medium | alloy_type=open | crystallizer_movementmm_BIN=High | num_stream_BIN=High | resistance_tonn_BIN=Low | steel_temperature_grab1Celsius_BIN=High | steel_type=Arm500 | steel_weighttonn_BIN=High | swing_frequency_amount_minute_BIN=High | temperature_measurement1_Celsius_BIN=Low | temperature_measurement2_Celsius_BIN=Low | water_consumption_BIN=High | water_temperature_deltaCelsius_BIN=High | workpiece_slice_geometry=180x180,30014811 | 30014824 | 30014825,14,3,7,24
2020-07-27,K_064,2,alloy_speed_meter_minute_BIN=Medium | alloy_type=open | cast_in_row_BIN=Low | crystallizer_movementmm_BIN=High | resistance_tonn_BIN=Low | steel_temperature_grab1Celsius_BIN=High | steel_type=Arm500 | steel_weighttonn_BIN=High | swing_frequency_amount_minute_BIN=High | temperature_measurement1_Celsius_BIN=Low | temperature_measurement2_Celsius_BIN=Low | water_consumption_BIN=High | water_temperature_deltaCelsius_BIN=High | workpiece_slice_geometry=180x180,30014808 | 30014810 | 30014811 | 30014817 | 30014821 | 30014824,14,6,7,24
2020-07-27,K_064,3,alloy_speed_meter_minute_BIN=Medium | alloy_type=open | cast_in_row_BIN=Low | crystallizer_movementmm_BIN=High | num_stream_BIN=Low | resistance_tonn_BIN=Low | steel_temperature_grab1Celsius_BIN=High | steel_type=Arm500 | steel_weighttonn_BIN=High | swing_frequency_amount_minute_BIN=High | temperature_measurement1_Celsius_BIN=Low | temperature_measurement2_Celsius_BIN=Low | water_consumption_BIN=High | water_temperature_deltaCelsius_BIN=High | workpiece_slice_geometry=180x180,30014817 | 30014821,15,2,7,24
2020-07-27,K_064,4,alloy_speed_meter_minute_BIN=Medium | alloy_type=open | cast_in_row_BIN=Low | crystallizer_movementmm_BIN=High | num_stream_BIN=High | resistance_tonn_BIN=Low | steel_temperature_grab1Celsius_BIN=High | steel_type=Arm500 | steel_weighttonn_BIN=High | swing_frequency_amount_minute_BIN=High | temperature_measurement1_Celsius_BIN=Low | temperature_measurement2_Celsius_BIN=Low | water_consumption_BIN=High | water_temperature_deltaCelsius_BIN=High | workpiece_slice_geometry=180x180,30014811 | 30014824,15,2,7,24
2020-07-27,K_064,5,alloy_speed_meter_minute_BIN=Medium | alloy_type=open | cast_in_row_BIN=Low | crystallizer_movementmm_BIN=High | num_crystallizer_BIN=Medium | resistance_tonn_BIN=Low | steel_temperature_grab1Celsius_BIN=High | steel_type=Arm500 | steel_weighttonn_BIN=High | swing_frequency_amount_minute_BIN=High | temperature_measurement1_Celsius_BIN=Low | temperature_measurement2_Celsius_BIN=Low | water_consumption_BIN=High | water_temperature_deltaCelsius_BIN=High | workpiece_slice_geometry=180x180,30014808 | 30014810 | 30014821 | 30014824,15,4,7,24
2020-07-27,K_064,6,alloy_speed_meter_minute_BIN=Medium | alloy_type=open | cast_in_row_BIN=Low | crystallizer_movementmm_BIN=High | num_crystallizer_BIN=Low | resistance_tonn_BIN=Low | steel_temperature_grab1Celsius_BIN=High | steel_type=Arm500 | steel_weighttonn_BIN=High | swing_frequency_amount_minute_BIN=High | temperature_measurement1_Celsius_BIN=Low | temperature_measurement2_Celsius_BIN=Low | water_consumption_BIN=High | water_temperature_deltaCelsius_BIN=High | workpiece_slice_geometry=180x180,30014811 | 30014817,15,2,7,24
2020-07-27,K_064,7,RUL_BIN=Low | alloy_speed_meter_minute_BIN=Medium | alloy_type=open | cast_in_row_BIN=Low | crystallizer_movementmm_BIN=High | resistance_tonn_BIN=Low | steel_temperature_grab1Celsius_BIN=High | steel_type=Arm500 | steel_weighttonn_BIN=High | swing_frequency_amount_minute_BIN=High | temperature_measurement1_Celsius_BIN=Low | temperature_measurement2_Celsius_BIN=Low | water_consumption_BIN=High | water_temperature_deltaCelsius_BIN=High | workpiece_slice_geometry=180x180,30014808 | 30014810 | 30014817,15,3,7,24
2020-07-27,K_064,8,RUL_BIN=Low | alloy_speed_meter_minute_BIN=Medium | alloy_type=open | cast_in_row_BIN=Low | crystallizer_movementmm_BIN=High | num_crystallizer_BIN=Medium | num_stream_BIN=Medium | resistance_tonn_BIN=Low | steel_temperature_grab1Celsius_BIN=High | steel_type=Arm500 | steel_weighttonn_BIN=High | swing_frequency_amount_minute_BIN=High | temperature_measurement1_Celsius_BIN=Low | temperature_measurement2_Celsius_BIN=Low | water_consumption_BIN=High | water_temperature_deltaCelsius_BIN=High | workpiece_slice_geometry=180x180,30014808 | 30014810,17,2,7,24
2020-07-27,K_064,9,RUL_BIN=Low | alloy_speed_meter_minute_BIN=Medium | alloy_type=open | cast_in_row_BIN=Low | crystallizer_movementmm_BIN=High | num_crystallizer_BIN=Low | num_stream_BIN=Low | resistance_tonn_BIN=Low | steel_temperature_grab1Celsius_BIN=High | steel_type=Arm500 | steel_weighttonn_BIN=High | swing_frequency_amount_minute_BIN=High | temperature_measurement1_Celsius_BIN=Low | temperature_measurement2_Celsius_BIN=Low | water_consumption_BIN=High | water_temperature_deltaCelsius_BIN=High | workpiece_slice_geometry=180x180,30014817,17,1,7,24
2020-07-27,K_064,10,RUL_BIN=Healthy | alloy_speed_meter_minute_BIN=Medium | alloy_type=open | crystallizer_movementmm_BIN=High | num_stream_BIN=High | resistance_tonn_BIN=Low | steel_temperature_grab1Celsius_BIN=High | steel_type=Arm500 | steel_weighttonn_BIN=High | swing_frequency_amount_minute_BIN=High | temperature_measurement1_Celsius_BIN=Low | temperature_measurement2_Celsius_BIN=Low | water_consumption_BIN=High | water_temperature_deltaCelsius_BIN=High | workpiece_slice_geometry=180x180,30014824 | 30014825,15,2,7,24
2020-07-27,K_064,11,RUL_BIN=Healthy | alloy_speed_meter_minute_BIN=Medium | alloy_type=open | cast_in_row_BIN=Medium | crystallizer_movementmm_BIN=High | num_crystallizer_BIN=High | num_stream_BIN=High | resistance_tonn_BIN=Low | steel_temperature_grab1Celsius_BIN=High | steel_type=Arm500 | steel_weighttonn_BIN=High | swing_frequency_amount_minute_BIN=High | temperature_measurement1_Celsius_BIN=Low | temperature_measurement2_Celsius_BIN=Low | water_consumption_BIN=High | water_temperature_deltaCelsius_BIN=High | workpiece_slice_geometry=180x180,30014825,17,1,7,24
2020-07-27,K_064,12,RUL_BIN=Healthy | alloy_speed_meter_minute_BIN=Medium | alloy_type=open | cast_in_row_BIN=Low | crystallizer_movementmm_BIN=High | num_crystallizer_BIN=Medium | num_stream_BIN=High | resistance_tonn_BIN=Low | steel_temperature_grab1Celsius_BIN=High | steel_type=Arm500 | steel_weighttonn_BIN=High | swing_frequency_amount_minute_BIN=High | temperature_measurement1_Celsius_BIN=Low | temperature_measurement2_Celsius_BIN=Low | water_consumption_BIN=High | water_temperature_deltaCelsius_BIN=High | workpiece_slice_geometry=180x180,30014824,17,1,7,24
2020-07-27,K_064,13,RUL_BIN=Critical | alloy_speed_meter_minute_BIN=Medium | alloy_type=open | cast_in_row_BIN=Low | crystallizer_movementmm_BIN=High | resistance_tonn_BIN=Low | steel_temperature_grab1Celsius_BIN=High | steel_type=Arm500 | steel_weighttonn_BIN=High | swing_frequency_amount_minute_BIN=High | temperature_measurement1_Celsius_BIN=Low | temperature_measurement2_Celsius_BIN=Low | water_consumption_BIN=High | water_temperature_deltaCelsius_BIN=High | workpiece_slice_geometry=180x180,30014811 | 30014821,15,2,7,24
2020-07-27,K_064,14,RUL_BIN=Critical | alloy_speed_meter_minute_BIN=Medium | alloy_type=open | cast_in_row_BIN=Low | crystallizer_movementmm_BIN=High | num_crystallizer_BIN=Medium | num_stream_BIN=Low | resistance_tonn_BIN=Low | steel_temperature_grab1Celsius_BIN=High | steel_type=Arm500 | steel_weighttonn_BIN=High | swing_frequency_amount_minute_BIN=High | temperature_measurement1_Celsius_BIN=Low | temperature_measurement2_Celsius_BIN=Low | water_consumption_BIN=High | water_temperature_deltaCelsius_BIN=High | workpiece_slice_geometry=180x180,30014821,17,1,7,24
2020-07-27,K_064,15,RUL_BIN=Critical | alloy_speed_meter_minute_BIN=Medium | alloy_type=open | cast_in_row_BIN=Low | crystallizer_movementmm_BIN=High | num_crystallizer_BIN=Low | num_stream_BIN=High | resistance_tonn_BIN=Low | steel_temperature_grab1Celsius_BIN=High | steel_type=Arm500 | steel_weighttonn_BIN=High | swing_frequency_amount_minute_BIN=High | temperature_measurement1_Celsius_BIN=Low | temperature_measurement2_Celsius_BIN=Low | water_consumption_BIN=High | water_temperature_deltaCelsius_BIN=High | workpiece_slice_geometry=180x180,30014811,17,1,7,24
2020-07-27,K_064,16,RUL_BIN=Critical | RUL_BIN=Healthy | RUL_BIN=Low | alloy_speed_meter_minute_BIN=Medium | alloy_type=open | cast_in_row_BIN=Low | cast_in_row_BIN=Medium | crystallizer_movementmm_BIN=High | num_crystallizer_BIN=High | num_crystallizer_BIN=Low | num_crystallizer_BIN=Medium | num_stream_BIN=High | num_stream_BIN=Low | num_stream_BIN=Medium | resistance_tonn_BIN=Low | steel_temperature_grab1Celsius_BIN=High | steel_type=Arm500 | steel_weighttonn_BIN=High | swing_frequency_amount_minute_BIN=High | temperature_measurement1_Celsius_BIN=Low | temperature_measurement2_Celsius_BIN=Low | water_consumption_BIN=High | water_temperature_deltaCelsius_BIN=High | workpiece_slice_geometry=180x180,,24,0,7,24
2020-07-28,K_065,0,alloy_speed_meter_minute_BIN=Medium | alloy_type=open | cast_in_row_BIN=Low | crystallizer_movementmm_BIN=Low | resistance_tonn_BIN=Low | steel_temperature_grab1Celsius_BIN=High | steel_type=Arm500 | steel_weighttonn_BIN=High | swing_frequency_amount_minute_BIN=High | temperature_measurement1_Celsius_BIN=Low | temperature_measurement2_Celsius_BIN=Low | water_consumption_BIN=High | water_temperature_deltaCelsius_BIN=High | workpiece_slice_geometry=180x180,30014808 | 30014810 | 30014817 | 30014821 | 30014824 | 30014825 | 83898,14,7,7,22
2020-07-28,K_065,1,alloy_speed_meter_minute_BIN=Medium | alloy_type=open | cast_in_row_BIN=Low | crystallizer_movementmm_BIN=Low | num_stream_BIN=Low | resistance_tonn_BIN=Low | steel_temperature_grab1Celsius_BIN=High | steel_type=Arm500 | steel_weighttonn_BIN=High | swing_frequency_amount_minute_BIN=High | temperature_measurement1_Celsius_BIN=Low | temperature_measurement2_Celsius_BIN=Low | water_consumption_BIN=High | water_temperature_deltaCelsius_BIN=High | workpiece_slice_geometry=180x180,30014817 | 30014821 | 83898,15,3,7,22
2020-07-28,K_065,2,alloy_speed_meter_minute_BIN=Medium | alloy_type=open | cast_in_row_BIN=Low | crystallizer_movementmm_BIN=Low | num_crystallizer_BIN=Medium | resistance_tonn_BIN=Low | steel_temperature_grab1Celsius_BIN=High | steel_type=Arm500 | steel_weighttonn_BIN=High | swing_frequency_amount_minute_BIN=High | temperature_measurement1_Celsius_BIN=Low | temperature_measurement2_Celsius_BIN=Low | water_consumption_BIN=High | water_temperature_deltaCelsius_BIN=High | workpiece_slice_geometry=180x180,30014808 | 30014810 | 30014821 | 30014824,15,4,7,22
2020-07-28,K_065,3,alloy_speed_meter_minute_BIN=Medium | alloy_type=open | cast_in_row_BIN=Low | crystallizer_movementmm_BIN=Low | num_crystallizer_BIN=Low | num_stream_BIN=Low | resistance_tonn_BIN=Low | steel_temperature_grab1Celsius_BIN=High | steel_type=Arm500 | steel_weighttonn_BIN=High | swing_frequency_amount_minute_BIN=High | temperature_measurement1_Celsius_BIN=Low | temperature_measurement2_Celsius_BIN=Low | water_consumption_BIN=High | water_temperature_deltaCelsius_BIN=High | workpiece_slice_geometry=180x180,30014817 | 83898,16,2,7,22
2020-07-28,K_065,4,RUL_BIN=Healthy | alloy_speed_meter_minute_BIN=Medium | alloy_type=open | cast_in_row_BIN=Low | crystallizer_movementmm_BIN=Low | resistance_tonn_BIN=Low | steel_temperature_grab1Celsius_BIN=High | steel_type=Arm500 | steel_weighttonn_BIN=High | swing_frequency_amount_minute_BIN=High | temperature_measurement1_Celsius_BIN=Low | temperature_measurement2_Celsius_BIN=Low | water_consumption_BIN=High | water_temperature_deltaCelsius_BIN=High | workpiece_slice_geometry=180x180,30014824 | 30014825 | 83898,15,3,7,22
2020-07-28,K_065,5,RUL_BIN=Healthy | alloy_speed_meter_minute_BIN=Medium | alloy_type=open | cast_in_row_BIN=Low | crystallizer_movementmm_BIN=Low | num_stream_BIN=High | resistance_tonn_BIN=Low | steel_temperature_grab1Celsius_BIN=High | steel_type=Arm500 | steel_weighttonn_BIN=High | swing_frequency_amount_minute_BIN=High | temperature_measurement1_Celsius_BIN=Low | temperature_measurement2_Celsius_BIN=Low | water_consumption_BIN=High | water_temperature_deltaCelsius_BIN=High | workpiece_slice_geometry=180x180,30014824 | 30014825,16,2,7,22
2020-07-28,K_065,6,RUL_BIN=Healthy | alloy_speed_meter_minute_BIN=Medium | alloy_type=open | cast_in_row_BIN=Low | crystallizer_movementmm_BIN=Low | num_crystallizer_BIN=Medium | num_stream_BIN=High | resistance_tonn_BIN=Low | steel_temperature_grab1Celsius_BIN=High | steel_type=Arm500 | steel_weighttonn_BIN=High | swing_frequency_amount_minute_BIN=High | temperature_measurement1_Celsius_BIN=Low | temperature_measurement2_Celsius_BIN=Low | water_consumption_BIN=High | water_temperature_deltaCelsius_BIN=High | workpiece_slice_geometry=180x180,30014824,17,1,7,22
2020-07-28,K_065,7,RUL_BIN=Healthy | alloy_speed_meter_minute_BIN=Medium | alloy_type=open | cast_in_row_BIN=Low | crystallizer_movementmm_BIN=Low | num_crystallizer_BIN=Low | num_stream_BIN=Low | resistance_tonn_BIN=Low | steel_temperature_grab1Celsius_BIN=High | steel_type=Arm500 | steel_weighttonn_BIN=High | swing_frequency_amount_minute_BIN=High | temperature_measurement1_Celsius_BIN=Low | temperature_measurement2_Celsius_BIN=Low | water_consumption_BIN=High | water_temperature_deltaCelsius_BIN=High | workpiece_slice_geometry=180x180,83898,17,1,7,22
2020-07-28,K_065,8,RUL_BIN=Healthy | alloy_speed_meter_minute_BIN=Medium | alloy_type=open | cast_in_row_BIN=Low | crystallizer_movementmm_BIN=Low | num_crystallizer_BIN=High | num_stream_BIN=High | resistance_tonn_BIN=Low | steel_temperature_grab1Celsius_BIN=High | steel_type=Arm500 | steel_weighttonn_BIN=High | swing_frequency_amount_minute_BIN=High | temperature_measurement1_Celsius_BIN=Low | temperature_measurement2_Celsius_BIN=Low | water_consumption_BIN=High | water_temperature_deltaCelsius_BIN=High | workpiece_slice_geometry=180x180,30014825,17,1,7,22
2020-07-28,K_065,9,RUL_BIN=Critical | alloy_speed_meter_minute_BIN=Medium | alloy_type=open | cast_in_row_BIN=Low | crystallizer_movementmm_BIN=Low | resistance_tonn_BIN=Low | steel_temperature_grab1Celsius_BIN=High | steel_type=Arm500 | steel_weighttonn_BIN=High | swing_frequency_amount_minute_BIN=High | temperature_measurement1_Celsius_BIN=Low | temperature_measurement2_Celsius_BIN=Low | water_consumption_BIN=High | water_temperature_deltaCelsius_BIN=High | workpiece_slice_geometry=180x180,30014808 | 30014810 | 30014817 | 30014821,15,4,7,22
2020-07-28,K_065,10,RUL_BIN=Critical | alloy_speed_meter_minute_BIN=Medium | alloy_type=open | cast_in_row_BIN=Low | crystallizer_movementmm_BIN=Low | num_stream_BIN=Low | resistance_tonn_BIN=Low | steel_temperature_grab1Celsius_BIN=High | steel_type=Arm500 | steel_weighttonn_BIN=High | swing_frequency_amount_minute_BIN=High | temperature_measurement1_Celsius_BIN=Low | temperature_measurement2_Celsius_BIN=Low | water_consumption_BIN=High | water_temperature_deltaCelsius_BIN=High | workpiece_slice_geometry=180x180,30014817 | 30014821,16,2,7,22
2020-07-28,K_065,11,RUL_BIN=Critical | alloy_speed_meter_minute_BIN=Medium | alloy_type=open | cast_in_row_BIN=Low | crystallizer_movementmm_BIN=Low | num_crystallizer_BIN=Medium | resistance_tonn_BIN=Low | steel_temperature_grab1Celsius_BIN=High | steel_type=Arm500 | steel_weighttonn_BIN=High | swing_frequency_amount_minute_BIN=High | temperature_measurement1_Celsius_BIN=Low | temperature_measurement2_Celsius_BIN=Low | water_consumption_BIN=High | water_temperature_deltaCelsius_BIN=High | workpiece_slice_geometry=180x180,30014808 | 30014810 | 30014821,16,3,7,22
2020-07-28,K_065,12,RUL_BIN=Critical | alloy_speed_meter_minute_BIN=Medium | alloy_type=open | cast_in_row_BIN=Low | crystallizer_movementmm_BIN=Low | num_crystallizer_BIN=Medium | num_stream_BIN=Medium | resistance_tonn_BIN=Low | steel_temperature_grab1Celsius_BIN=High | steel_type=Arm500 | steel_weighttonn_BIN=High | swing_frequency_amount_minute_BIN=High | temperature_measurement1_Celsius_BIN=Low | temperature_measurement2_Celsius_BIN=Low | water_consumption_BIN=High | water_temperature_deltaCelsius_BIN=High | workpiece_slice_geometry=180x180,30014808 | 30014810,17,2,7,22
2020-07-28,K_065,13,RUL_BIN=Critical | alloy_speed_meter_minute_BIN=Medium | alloy_type=open | cast_in_row_BIN=Low | crystallizer_movementmm_BIN=Low | num_crystallizer_BIN=Medium | num_stream_BIN=Low | resistance_tonn_BIN=Low | steel_temperature_grab1Celsius_BIN=High | steel_type=Arm500 | steel_weighttonn_BIN=High | swing_frequency_amount_minute_BIN=High | temperature_measurement1_Celsius_BIN=Low | temperature_measurement2_Celsius_BIN=Low | water_consumption_BIN=High | water_temperature_deltaCelsius_BIN=High | workpiece_slice_geometry=180x180,30014821,17,1,7,22
2020-07-28,K_065,14,RUL_BIN=Critical | alloy_speed_meter_minute_BIN=Medium | alloy_type=open | cast_in_row_BIN=Low | crystallizer_movementmm_BIN=Low | num_crystallizer_BIN=Low | num_stream_BIN=Low | resistance_tonn_BIN=Low | steel_temperature_grab1Celsius_BIN=High | steel_type=Arm500 | steel_weighttonn_BIN=High | swing_frequency_amount_minute_BIN=High | temperature_measurement1_Celsius_BIN=Low | temperature_measurement2_Celsius_BIN=Low | water_consumption_BIN=High | water_temperature_deltaCelsius_BIN=High | workpiece_slice_geometry=180x180,30014817,17,1,7,22
2020-07-28,K_065,15,RUL_BIN=Critical | RUL_BIN=Healthy | alloy_speed_meter_minute_BIN=Medium | alloy_type=open | cast_in_row_BIN=Low | crystallizer_movementmm_BIN=Low | num_crystallizer_BIN=High | num_crystallizer_BIN=Low | num_crystallizer_BIN=Medium | num_stream_BIN=High | num_stream_BIN=Low | num_stream_BIN=Medium | resistance_tonn_BIN=Low | steel_temperature_grab1Celsius_BIN=High | steel_type=Arm500 | steel_weighttonn_BIN=High | swing_frequency_amount_minute_BIN=High | temperature_measurement1_Celsius_BIN=Low | temperature_measurement2_Celsius_BIN=Low | water_consumption_BIN=High | water_temperature_deltaCelsius_BIN=High | workpiece_slice_geometry=180x180,,22,0,7,22
2020-07-29,K_066,0,alloy_speed_meter_minute_BIN=Medium | alloy_type=open | cast_in_row_BIN=Medium | crystallizer_movementmm_BIN=High | resistance_tonn_BIN=Low | steel_temperature_grab1Celsius_BIN=High | steel_type=Arm500 | steel_weighttonn_BIN=High | swing_frequency_amount_minute_BIN=High | temperature_measurement1_Celsius_BIN=Low | temperature_measurement2_Celsius_BIN=Low | water_consumption_BIN=High | water_temperature_deltaCelsius_BIN=High | workpiece_slice_geometry=180x180,30014808 | 30014810 | 30014817 | 30014821 | 30014824 | 30014825 | 83898,14,7,7,23
2020-07-29,K_066,1,alloy_speed_meter_minute_BIN=Medium | alloy_type=open | cast_in_row_BIN=Medium | crystallizer_movementmm_BIN=High | num_stream_BIN=Low | resistance_tonn_BIN=Low | steel_temperature_grab1Celsius_BIN=High | steel_type=Arm500 | steel_weighttonn_BIN=High | swing_frequency_amount_minute_BIN=High | temperature_measurement1_Celsius_BIN=Low | temperature_measurement2_Celsius_BIN=Low | water_consumption_BIN=High | water_temperature_deltaCelsius_BIN=High | workpiece_slice_geometry=180x180,30014817 | 30014821 | 83898,15,3,7,23
2020-07-29,K_066,2,alloy_speed_meter_minute_BIN=Medium | alloy_type=open | cast_in_row_BIN=Medium | crystallizer_movementmm_BIN=High | num_stream_BIN=High | resistance_tonn_BIN=Low | steel_temperature_grab1Celsius_BIN=High | steel_type=Arm500 | steel_weighttonn_BIN=High | swing_frequency_amount_minute_BIN=High | temperature_measurement1_Celsius_BIN=Low | temperature_measurement2_Celsius_BIN=Low | water_consumption_BIN=High | water_temperature_deltaCelsius_BIN=High | workpiece_slice_geometry=180x180,30014810 | 30014824 | 30014825,15,3,7,23
2020-07-29,K_066,3,alloy_speed_meter_minute_BIN=Medium | alloy_type=open | cast_in_row_BIN=Medium | crystallizer_movementmm_BIN=High | num_crystallizer_BIN=Medium | resistance_tonn_BIN=Low | steel_temperature_grab1Celsius_BIN=High | steel_type=Arm500 | steel_weighttonn_BIN=High | swing_frequency_amount_minute_BIN=High | temperature_measurement1_Celsius_BIN=Low | temperature_measurement2_Celsius_BIN=Low | water_consumption_BIN=High | water_temperature_deltaCelsius_BIN=High | workpiece_slice_geometry=180x180,30014808 | 30014810 | 30014821 | 30014824,15,4,7,23
2020-07-29,K_066,4,alloy_speed_meter_minute_BIN=Medium | alloy_type=open | cast_in_row_BIN=Medium | crystallizer_movementmm_BIN=High | num_crystallizer_BIN=Medium | num_stream_BIN=High | resistance_tonn_BIN=Low | steel_temperature_grab1Celsius_BIN=High | steel_type=Arm500 | steel_weighttonn_BIN=High | swing_frequency_amount_minute_BIN=High | temperature_measurement1_Celsius_BIN=Low | temperature_measurement2_Celsius_BIN=Low | water_consumption_BIN=High | water_temperature_deltaCelsius_BIN=High | workpiece_slice_geometry=180x180,30014810 | 30014824,16,2,7,23
2020-07-29,K_066,5,alloy_speed_meter_minute_BIN=Medium | alloy_type=open | cast_in_row_BIN=Medium | crystallizer_movementmm_BIN=High | num_crystallizer_BIN=Low | num_stream_BIN=Low | resistance_tonn_BIN=Low | steel_temperature_grab1Celsius_BIN=High | steel_type=Arm500 | steel_weighttonn_BIN=High | swing_frequency_amount_minute_BIN=High | temperature_measurement1_Celsius_BIN=Low | temperature_measurement2_Celsius_BIN=Low | water_consumption_BIN=High | water_temperature_deltaCelsius_BIN=High | workpiece_slice_geometry=180x180,30014817 | 83898,16,2,7,23
2020-07-29,K_066,6,RUL_BIN=Medium | alloy_speed_meter_minute_BIN=Medium | alloy_type=open | cast_in_row_BIN=Medium | crystallizer_movementmm_BIN=High | resistance_tonn_BIN=Low | steel_temperature_grab1Celsius_BIN=High | steel_type=Arm500 | steel_weighttonn_BIN=High | swing_frequency_amount_minute_BIN=High | temperature_measurement1_Celsius_BIN=Low | temperature_measurement2_Celsius_BIN=Low | water_consumption_BIN=High | water_temperature_deltaCelsius_BIN=High | workpiece_slice_geometry=180x180,30014825 | 83898,15,2,7,23
2020-07-29,K_066,7,RUL_BIN=Medium | alloy_speed_meter_minute_BIN=Medium | alloy_type=open | cast_in_row_BIN=Medium | crystallizer_movementmm_BIN=High | num_crystallizer_BIN=Low | num_stream_BIN=Low | resistance_tonn_BIN=Low | steel_temperature_grab1Celsius_BIN=High | steel_type=Arm500 | steel_weighttonn_BIN=High | swing_frequency_amount_minute_BIN=High | temperature_measurement1_Celsius_BIN=Low | temperature_measurement2_Celsius_BIN=Low | water_consumption_BIN=High | water_temperature_deltaCelsius_BIN=High | workpiece_slice_geometry=180x180,83898,17,1,7,23
2020-07-29,K_066,8,RUL_BIN=Medium | alloy_speed_meter_minute_BIN=Medium | alloy_type=open | cast_in_row_BIN=Medium | crystallizer_movementmm_BIN=High | num_crystallizer_BIN=High | num_stream_BIN=High | resistance_tonn_BIN=Low | steel_temperature_grab1Celsius_BIN=High | steel_type=Arm500 | steel_weighttonn_BIN=High | swing_frequency_amount_minute_BIN=High | temperature_measurement1_Celsius_BIN=Low | temperature_measurement2_Celsius_BIN=Low | water_consumption_BIN=High | water_temperature_deltaCelsius_BIN=High | workpiece_slice_geometry=180x180,30014825,17,1,7,23
2020-07-29,K_066,9,RUL_BIN=Healthy | alloy_speed_meter_minute_BIN=Medium | alloy_type=open | cast_in_row_BIN=Medium | crystallizer_movementmm_BIN=High | num_crystallizer_BIN=Medium | num_stream_BIN=High | resistance_tonn_BIN=Low | steel_temperature_grab1Celsius_BIN=High | steel_type=Arm500 | steel_weighttonn_BIN=High | swing_frequency_amount_minute_BIN=High | temperature_measurement1_Celsius_BIN=Low | temperature_measurement2_Celsius_BIN=Low | water_consumption_BIN=High | water_temperature_deltaCelsius_BIN=High | workpiece_slice_geometry=180x180,30014824,17,1,7,23
2020-07-29,K_066,10,RUL_BIN=Critical | alloy_speed_meter_minute_BIN=Medium | alloy_type=open | cast_in_row_BIN=Medium | crystallizer_movementmm_BIN=High | resistance_tonn_BIN=Low | steel_temperature_grab1Celsius_BIN=High | steel_type=Arm500 | steel_weighttonn_BIN=High | swing_frequency_amount_minute_BIN=High | temperature_measurement1_Celsius_BIN=Low | temperature_measurement2_Celsius_BIN=Low | water_consumption_BIN=High | water_temperature_deltaCelsius_BIN=High | workpiece_slice_geometry=180x180,30014808 | 30014810 | 30014817 | 30014821,15,4,7,23
2020-07-29,K_066,11,RUL_BIN=Critical | alloy_speed_meter_minute_BIN=Medium | alloy_type=open | cast_in_row_BIN=Medium | crystallizer_movementmm_BIN=High | num_stream_BIN=Low | resistance_tonn_BIN=Low | steel_temperature_grab1Celsius_BIN=High | steel_type=Arm500 | steel_weighttonn_BIN=High | swing_frequency_amount_minute_BIN=High | temperature_measurement1_Celsius_BIN=Low | temperature_measurement2_Celsius_BIN=Low | water_consumption_BIN=High | water_temperature_deltaCelsius_BIN=High | workpiece_slice_geometry=180x180,30014817 | 30014821,16,2,7,23
2020-07-29,K_066,12,RUL_BIN=Critical | alloy_speed_meter_minute_BIN=Medium | alloy_type=open | cast_in_row_BIN=Medium | crystallizer_movementmm_BIN=High | num_crystallizer_BIN=Medium | resistance_tonn_BIN=Low | steel_temperature_grab1Celsius_BIN=High | steel_type=Arm500 | steel_weighttonn_BIN=High | swing_frequency_amount_minute_BIN=High | temperature_measurement1_Celsius_BIN=Low | temperature_measurement2_Celsius_BIN=Low | water_consumption_BIN=High | water_temperature_deltaCelsius_BIN=High | workpiece_slice_geometry=180x180,30014808 | 30014810 | 30014821,16,3,7,23
2020-07-29,K_066,13,RUL_BIN=Critical | alloy_speed_meter_minute_BIN=Medium | alloy_type=open | cast_in_row_BIN=Medium | crystallizer_movementmm_BIN=High | num_crystallizer_BIN=Medium | num_stream_BIN=Medium | resistance_tonn_BIN=Low | steel_temperature_grab1Celsius_BIN=High | steel_type=Arm500 | steel_weighttonn_BIN=High | swing_frequency_amount_minute_BIN=High | temperature_measurement1_Celsius_BIN=Low | temperature_measurement2_Celsius_BIN=Low | water_consumption_BIN=High | water_temperature_deltaCelsius_BIN=High | workpiece_slice_geometry=180x180,30014808,17,1,7,23
2020-07-29,K_066,14,RUL_BIN=Critical | alloy_speed_meter_minute_BIN=Medium | alloy_type=open | cast_in_row_BIN=Medium | crystallizer_movementmm_BIN=High | num_crystallizer_BIN=Medium | num_stream_BIN=Low | resistance_tonn_BIN=Low | steel_temperature_grab1Celsius_BIN=High | steel_type=Arm500 | steel_weighttonn_BIN=High | swing_frequency_amount_minute_BIN=High | temperature_measurement1_Celsius_BIN=Low | temperature_measurement2_Celsius_BIN=Low | water_consumption_BIN=High | water_temperature_deltaCelsius_BIN=High | workpiece_slice_geometry=180x180,30014821,17,1,7,23
2020-07-29,K_066,15,RUL_BIN=Critical | alloy_speed_meter_minute_BIN=Medium | alloy_type=open | cast_in_row_BIN=Medium | crystallizer_movementmm_BIN=High | num_crystallizer_BIN=Medium | num_stream_BIN=High | resistance_tonn_BIN=Low | steel_temperature_grab1Celsius_BIN=High | steel_type=Arm500 | steel_weighttonn_BIN=High | swing_frequency_amount_minute_BIN=High | temperature_measurement1_Celsius_BIN=Low | temperature_measurement2_Celsius_BIN=Low | water_consumption_BIN=High | water_temperature_deltaCelsius_BIN=High | workpiece_slice_geometry=180x180,30014810,17,1,7,23
2020-07-29,K_066,16,RUL_BIN=Critical | alloy_speed_meter_minute_BIN=Medium | alloy_type=open | cast_in_row_BIN=Medium | crystallizer_movementmm_BIN=High | num_crystallizer_BIN=Low | num_stream_BIN=Low | resistance_tonn_BIN=Low | steel_temperature_grab1Celsius_BIN=High | steel_type=Arm500 | steel_weighttonn_BIN=High | swing_frequency_amount_minute_BIN=High | temperature_measurement1_Celsius_BIN=Low | temperature_measurement2_Celsius_BIN=Low | water_consumption_BIN=High | water_temperature_deltaCelsius_BIN=High | workpiece_slice_geometry=180x180,30014817,17,1,7,23
2020-07-29,K_066,17,RUL_BIN=Critical | RUL_BIN=Healthy | RUL_BIN=Medium | alloy_speed_meter_minute_BIN=Medium | alloy_type=open | cast_in_row_BIN=Medium | crystallizer_movementmm_BIN=High | num_crystallizer_BIN=High | num_crystallizer_BIN=Low | num_crystallizer_BIN=Medium | num_stream_BIN=High | num_stream_BIN=Low | num_stream_BIN=Medium | resistance_tonn_BIN=Low | steel_temperature_grab1Celsius_BIN=High | steel_type=Arm500 | steel_weighttonn_BIN=High | swing_frequency_amount_minute_BIN=High | temperature_measurement1_Celsius_BIN=Low | temperature_measurement2_Celsius_BIN=Low | water_consumption_BIN=High | water_temperature_deltaCelsius_BIN=High | workpiece_slice_geometry=180x180,,23,0,7,23
2020-07-30,K_067,0,alloy_speed_meter_minute_BIN=Medium | alloy_type=open | cast_in_row_BIN=Low | crystallizer_movementmm_BIN=Low | resistance_tonn_BIN=Low | steel_temperature_grab1Celsius_BIN=High | steel_type=Arm500 | steel_weighttonn_BIN=High | swing_frequency_amount_minute_BIN=High | temperature_measurement1_Celsius_BIN=Low | temperature_measurement2_Celsius_BIN=Low | water_consumption_BIN=High | water_temperature_deltaCelsius_BIN=High | workpiece_slice_geometry=180x180,30014803 | 30014808 | 30014810 | 30014817 | 30014824 | 83898,14,6,6,21
2020-07-30,K_067,1,alloy_speed_meter_minute_BIN=Medium | alloy_type=open | cast_in_row_BIN=Low | crystallizer_movementmm_BIN=Low | num_crystallizer_BIN=Medium | resistance_tonn_BIN=Low | steel_temperature_grab1Celsius_BIN=High | steel_type=Arm500 | steel_weighttonn_BIN=High | swing_frequency_amount_minute_BIN=High | temperature_measurement1_Celsius_BIN=Low | temperature_measurement2_Celsius_BIN=Low | water_consumption_BIN=High | water_temperature_deltaCelsius_BIN=High | workpiece_slice_geometry=180x180,30014803 | 30014808 | 30014810 | 30014824,15,4,6,21
2020-07-30,K_067,2,alloy_speed_meter_minute_BIN=Medium | alloy_type=open | cast_in_row_BIN=Low | crystallizer_movementmm_BIN=Low | num_crystallizer_BIN=Medium | num_stream_BIN=High | resistance_tonn_BIN=Low | steel_temperature_grab1Celsius_BIN=High | steel_type=Arm500 | steel_weighttonn_BIN=High | swing_frequency_amount_minute_BIN=High | temperature_measurement1_Celsius_BIN=Low | temperature_measurement2_Celsius_BIN=Low | water_consumption_BIN=High | water_temperature_deltaCelsius_BIN=High | workpiece_slice_geometry=180x180,30014810 | 30014824,16,2,6,21
2020-07-30,K_067,3,RUL_BIN=Medium | alloy_speed_meter_minute_BIN=Medium | alloy_type=open | cast_in_row_BIN=Low | crystallizer_movementmm_BIN=Low | num_crystallizer_BIN=Medium | num_stream_BIN=High | resistance_tonn_BIN=Low | steel_temperature_grab1Celsius_BIN=High | steel_type=Arm500 | steel_weighttonn_BIN=High | swing_frequency_amount_minute_BIN=High | temperature_measurement1_Celsius_BIN=Low | temperature_measurement2_Celsius_BIN=Low | water_consumption_BIN=High | water_temperature_deltaCelsius_BIN=High | workpiece_slice_geometry=180x180,30014824,17,1,6,21
2020-07-30,K_067,4,RUL_BIN=Critical | alloy_speed_meter_minute_BIN=Medium | alloy_type=open | cast_in_row_BIN=Low | crystallizer_movementmm_BIN=Low | resistance_tonn_BIN=Low | steel_temperature_grab1Celsius_BIN=High | steel_type=Arm500 | steel_weighttonn_BIN=High | swing_frequency_amount_minute_BIN=High | temperature_measurement1_Celsius_BIN=Low | temperature_measurement2_Celsius_BIN=Low | water_consumption_BIN=High | water_temperature_deltaCelsius_BIN=High | workpiece_slice_geometry=180x180,30014803 | 30014808 | 30014810 | 30014817 | 83898,15,5,6,21
2020-07-30,K_067,5,RUL_BIN=Critical | alloy_speed_meter_minute_BIN=Medium | alloy_type=open | cast_in_row_BIN=Low | crystallizer_movementmm_BIN=Low | num_stream_BIN=Low | resistance_tonn_BIN=Low | steel_temperature_grab1Celsius_BIN=High | steel_type=Arm500 | steel_weighttonn_BIN=High | swing_frequency_amount_minute_BIN=High | temperature_measurement1_Celsius_BIN=Low | temperature_measurement2_Celsius_BIN=Low | water_consumption_BIN=High | water_temperature_deltaCelsius_BIN=High | workpiece_slice_geometry=180x180,30014803 | 30014817 | 83898,16,3,6,21
2020-07-30,K_067,6,RUL_BIN=Critical | alloy_speed_meter_minute_BIN=Medium | alloy_type=open | cast_in_row_BIN=Low | crystallizer_movementmm_BIN=Low | num_crystallizer_BIN=Medium | resistance_tonn_BIN=Low | steel_temperature_grab1Celsius_BIN=High | steel_type=Arm500 | steel_weighttonn_BIN=High | swing_frequency_amount_minute_BIN=High | temperature_measurement1_Celsius_BIN=Low | temperature_measurement2_Celsius_BIN=Low | water_consumption_BIN=High | water_temperature_deltaCelsius_BIN=High | workpiece_slice_geometry=180x180,30014803 | 30014808 | 30014810,16,3,6,21
2020-07-30,K_067,7,RUL_BIN=Critical | alloy_speed_meter_minute_BIN=Medium | alloy_type=open | cast_in_row_BIN=Low | crystallizer_movementmm_BIN=Low | num_crystallizer_BIN=Medium | num_stream_BIN=Medium | resistance_tonn_BIN=Low | steel_temperature_grab1Celsius_BIN=High | steel_type=Arm500 | steel_weighttonn_BIN=High | swing_frequency_amount_minute_BIN=High | temperature_measurement1_Celsius_BIN=Low | temperature_measurement2_Celsius_BIN=Low | water_consumption_BIN=High | water_temperature_deltaCelsius_BIN=High | workpiece_slice_geometry=180x180,30014808,17,1,6,21
2020-07-30,K_067,8,RUL_BIN=Critical | alloy_speed_meter_minute_BIN=Medium | alloy_type=open | cast_in_row_BIN=Low | crystallizer_movementmm_BIN=Low | num_crystallizer_BIN=Medium | num_stream_BIN=Low | resistance_tonn_BIN=Low | steel_temperature_grab1Celsius_BIN=High | steel_type=Arm500 | steel_weighttonn_BIN=High | swing_frequency_amount_minute_BIN=High | temperature_measurement1_Celsius_BIN=Low | temperature_measurement2_Celsius_BIN=Low | water_consumption_BIN=High | water_temperature_deltaCelsius_BIN=High | workpiece_slice_geometry=180x180,30014803,17,1,6,21
2020-07-30,K_067,9,RUL_BIN=Critical | alloy_speed_meter_minute_BIN=Medium | alloy_type=open | cast_in_row_BIN=Low | crystallizer_movementmm_BIN=Low | num_crystallizer_BIN=Medium | num_stream_BIN=High | resistance_tonn_BIN=Low | steel_temperature_grab1Celsius_BIN=High | steel_type=Arm500 | steel_weighttonn_BIN=High | swing_frequency_amount_minute_BIN=High | temperature_measurement1_Celsius_BIN=Low | temperature_measurement2_Celsius_BIN=Low | water_consumption_BIN=High | water_temperature_deltaCelsius_BIN=High | workpiece_slice_geometry=180x180,30014810,17,1,6,21
2020-07-30,K_067,10,RUL_BIN=Critical | alloy_speed_meter_minute_BIN=Medium | alloy_type=open | cast_in_row_BIN=Low | crystallizer_movementmm_BIN=Low | num_crystallizer_BIN=Low | num_stream_BIN=Low | resistance_tonn_BIN=Low | steel_temperature_grab1Celsius_BIN=High | steel_type=Arm500 | steel_weighttonn_BIN=High | swing_frequency_amount_minute_BIN=High | temperature_measurement1_Celsius_BIN=Low | temperature_measurement2_Celsius_BIN=Low | water_consumption_BIN=High | water_temperature_deltaCelsius_BIN=High | workpiece_slice_geometry=180x180,30014817 | 83898,17,2,6,21
2020-07-30,K_067,11,RUL_BIN=Critical | RUL_BIN=Medium | alloy_speed_meter_minute_BIN=Medium | alloy_type=open | cast_in_row_BIN=Low | crystallizer_movementmm_BIN=Low | num_crystallizer_BIN=Low | num_crystallizer_BIN=Medium | num_stream_BIN=High | num_stream_BIN=Low | num_stream_BIN=Medium | resistance_tonn_BIN=Low | steel_temperature_grab1Celsius_BIN=High | steel_type=Arm500 | steel_weighttonn_BIN=High | swing_frequency_amount_minute_BIN=High | temperature_measurement1_Celsius_BIN=Low | temperature_measurement2_Celsius_BIN=Low | water_consumption_BIN=High | water_temperature_deltaCelsius_BIN=High | workpiece_slice_geometry=180x180,,21,0,6,21
2020-07-31,K_068,0,alloy_speed_meter_minute_BIN=Medium | alloy_type=open | resistance_tonn_BIN=Low | steel_temperature_grab1Celsius_BIN=High | steel_type=Arm500 | steel_weighttonn_BIN=Medium | swing_frequency_amount_minute_BIN=High | temperature_measurement1_Celsius_BIN=Low | temperature_measurement2_Celsius_BIN=Low | water_consumption_BIN=High | water_temperature_deltaCelsius_BIN=High | workpiece_slice_geometry=180x180,30014803 | 30014808 | 30014810 | 30014815 | 30014816 | 30014817 | 30014820 | 30014824 | 30014825,12,9,9,25
2020-07-31,K_068,1,alloy_speed_meter_minute_BIN=Medium | alloy_type=open | num_crystallizer_BIN=Medium | resistance_tonn_BIN=Low | steel_temperature_grab1Celsius_BIN=High | steel_type=Arm500 | steel_weighttonn_BIN=Medium | swing_frequency_amount_minute_BIN=High | temperature_measurement1_Celsius_BIN=Low | temperature_measurement2_Celsius_BIN=Low | water_consumption_BIN=High | water_temperature_deltaCelsius_BIN=High | workpiece_slice_geometry=180x180,30014803 | 30014808 | 30014810 | 30014815 | 30014820 | 30014824,13,6,9,25
2020-07-31,K_068,2,alloy_speed_meter_minute_BIN=Medium | alloy_type=open | cast_in_row_BIN=Low | crystallizer_movementmm_BIN=Low | resistance_tonn_BIN=Low | steel_temperature_grab1Celsius_BIN=High | steel_type=Arm500 | steel_weighttonn_BIN=Medium | swing_frequency_amount_minute_BIN=High | temperature_measurement1_Celsius_BIN=Low | temperature_measurement2_Celsius_BIN=Low | water_consumption_BIN=High | water_temperature_deltaCelsius_BIN=High | workpiece_slice_geometry=180x180,30014803 | 30014808 | 30014810 | 30014816 | 30014817 | 30014820 | 30014824 | 30014825,14,8,9,25
2020-07-31,K_068,3,alloy_speed_meter_minute_BIN=Medium | alloy_type=open | cast_in_row_BIN=Low | crystallizer_movementmm_BIN=Low | num_stream_BIN=Low | resistance_tonn_BIN=Low | steel_temperature_grab1Celsius_BIN=High | steel_type=Arm500 | steel_weighttonn_BIN=Medium | swing_frequency_amount_minute_BIN=High | temperature_measurement1_Celsius_BIN=Low | temperature_measurement2_Celsius_BIN=Low | water_consumption_BIN=High | water_temperature_deltaCelsius_BIN=High | workpiece_slice_geometry=180x180,30014803 | 30014816 | 30014817 | 30014820,15,4,9,25
2020-07-31,K_068,4,alloy_speed_meter_minute_BIN=Medium | alloy_type=open | cast_in_row_BIN=Low | crystallizer_movementmm_BIN=Low | num_stream_BIN=High | resistance_tonn_BIN=Low | steel_temperature_grab1Celsius_BIN=High | steel_type=Arm500 | steel_weighttonn_BIN=Medium | swing_frequency_amount_minute_BIN=High | temperature_measurement1_Celsius_BIN=Low | temperature_measurement2_Celsius_BIN=Low | water_consumption_BIN=High | water_temperature_deltaCelsius_BIN=High | workpiece_slice_geometry=180x180,30014810 | 30014824 | 30014825,15,3,9,25
2020-07-31,K_068,5,alloy_speed_meter_minute_BIN=Medium | alloy_type=open | cast_in_row_BIN=Low | crystallizer_movementmm_BIN=Low | num_crystallizer_BIN=Medium | resistance_tonn_BIN=Low | steel_temperature_grab1Celsius_BIN=High | steel_type=Arm500 | steel_weighttonn_BIN=Medium | swing_frequency_amount_minute_BIN=High | temperature_measurement1_Celsius_BIN=Low | temperature_measurement2_Celsius_BIN=Low | water_consumption_BIN=High | water_temperature_deltaCelsius_BIN=High | workpiece_slice_geometry=180x180,30014803 | 30014808 | 30014810 | 30014820 | 30014824,15,5,9,25
2020-07-31,K_068,6,alloy_speed_meter_minute_BIN=Medium | alloy_type=open | cast_in_row_BIN=Low | crystallizer_movementmm_BIN=Low | num_crystallizer_BIN=Medium | num_stream_BIN=High | resistance_tonn_BIN=Low | steel_temperature_grab1Celsius_BIN=High | steel_type=Arm500 | steel_weighttonn_BIN=Medium | swing_frequency_amount_minute_BIN=High | temperature_measurement1_Celsius_BIN=Low | temperature_measurement2_Celsius_BIN=Low | water_consumption_BIN=High | water_temperature_deltaCelsius_BIN=High | workpiece_slice_geometry=180x180,30014810 | 30014824,16,2,9,25
2020-07-31,K_068,7,alloy_speed_meter_minute_BIN=Medium | alloy_type=open | cast_in_row_BIN=Low | crystallizer_movementmm_BIN=Low | num_crystallizer_BIN=High | resistance_tonn_BIN=Low | steel_temperature_grab1Celsius_BIN=High | steel_type=Arm500 | steel_weighttonn_BIN=Medium | swing_frequency_amount_minute_BIN=High | temperature_measurement1_Celsius_BIN=Low | temperature_measurement2_Celsius_BIN=Low | water_consumption_BIN=High | water_temperature_deltaCelsius_BIN=High | workpiece_slice_geometry=180x180,30014816 | 30014825,15,2,9,25
2020-07-31,K_068,8,RUL_BIN=Medium | alloy_speed_meter_minute_BIN=Medium | alloy_type=open | cast_in_row_BIN=Low | crystallizer_movementmm_BIN=Low | num_stream_BIN=High | resistance_tonn_BIN=Low | steel_temperature_grab1Celsius_BIN=High | steel_type=Arm500 | steel_weighttonn_BIN=Medium | swing_frequency_amount_minute_BIN=High | temperature_measurement1_Celsius_BIN=Low | temperature_measurement2_Celsius_BIN=Low | water_consumption_BIN=High | water_temperature_deltaCelsius_BIN=High | workpiece_slice_geometry=180x180,30014824 | 30014825,16,2,9,25
2020-07-31,K_068,9,RUL_BIN=Medium | alloy_speed_meter_minute_BIN=Medium | alloy_type=open | cast_in_row_BIN=Low | crystallizer_movementmm_BIN=Low | num_crystallizer_BIN=Medium | num_stream_BIN=High | resistance_tonn_BIN=Low | steel_temperature_grab1Celsius_BIN=High | steel_type=Arm500 | steel_weighttonn_BIN=Medium | swing_frequency_amount_minute_BIN=High | temperature_measurement1_Celsius_BIN=Low | temperature_measurement2_Celsius_BIN=Low | water_consumption_BIN=High | water_temperature_deltaCelsius_BIN=High | workpiece_slice_geometry=180x180,30014824,17,1,9,25
2020-07-31,K_068,10,RUL_BIN=Medium | alloy_speed_meter_minute_BIN=Medium | alloy_type=open | cast_in_row_BIN=Low | crystallizer_movementmm_BIN=Low | num_crystallizer_BIN=High | num_stream_BIN=High | resistance_tonn_BIN=Low | steel_temperature_grab1Celsius_BIN=High | steel_type=Arm500 | steel_weighttonn_BIN=Medium | swing_frequency_amount_minute_BIN=High | temperature_measurement1_Celsius_BIN=Low | temperature_measurement2_Celsius_BIN=Low | water_consumption_BIN=High | water_temperature_deltaCelsius_BIN=High | workpiece_slice_geometry=180x180,30014825,17,1,9,25
2020-07-31,K_068,11,RUL_BIN=Low | alloy_speed_meter_minute_BIN=Medium | alloy_type=open | cast_in_row_BIN=Low | crystallizer_movementmm_BIN=Low | num_crystallizer_BIN=High | num_stream_BIN=Low | resistance_tonn_BIN=Low | steel_temperature_grab1Celsius_BIN=High | steel_type=Arm500 | steel_weighttonn_BIN=Medium | swing_frequency_amount_minute_BIN=High | temperature_measurement1_Celsius_BIN=Low | temperature_measurement2_Celsius_BIN=Low | water_consumption_BIN=High | water_temperature_deltaCelsius_BIN=High | workpiece_slice_geometry=180x180,30014816,17,1,9,25
2020-07-31,K_068,12,RUL_BIN=Critical | alloy_speed_meter_minute_BIN=Medium | alloy_type=open | resistance_tonn_BIN=Low | steel_temperature_grab1Celsius_BIN=High | steel_type=Arm500 | steel_weighttonn_BIN=Medium | swing_frequency_amount_minute_BIN=High | temperature_measurement1_Celsius_BIN=Low | temperature_measurement2_Celsius_BIN=Low | water_consumption_BIN=High | water_temperature_deltaCelsius_BIN=High | workpiece_slice_geometry=180x180,30014803 | 30014808 | 30014810 | 30014815 | 30014817 | 30014820,13,6,9,25
2020-07-31,K_068,13,RUL_BIN=Critical | alloy_speed_meter_minute_BIN=Medium | alloy_type=open | num_crystallizer_BIN=Medium | resistance_tonn_BIN=Low | steel_temperature_grab1Celsius_BIN=High | steel_type=Arm500 | steel_weighttonn_BIN=Medium | swing_frequency_amount_minute_BIN=High | temperature_measurement1_Celsius_BIN=Low | temperature_measurement2_Celsius_BIN=Low | water_consumption_BIN=High | water_temperature_deltaCelsius_BIN=High | workpiece_slice_geometry=180x180,30014803 | 30014808 | 30014810 | 30014815 | 30014820,14,5,9,25
2020-07-31,K_068,14,RUL_BIN=Critical | alloy_speed_meter_minute_BIN=Medium | alloy_type=open | num_crystallizer_BIN=Medium | num_stream_BIN=Medium | resistance_tonn_BIN=Low | steel_temperature_grab1Celsius_BIN=High | steel_type=Arm500 | steel_weighttonn_BIN=Medium | swing_frequency_amount_minute_BIN=High | temperature_measurement1_Celsius_BIN=Low | temperature_measurement2_Celsius_BIN=Low | water_consumption_BIN=High | water_temperature_deltaCelsius_BIN=High | workpiece_slice_geometry=180x180,30014808 | 30014815,15,2,9,25
2020-07-31,K_068,15,RUL_BIN=Critical | alloy_speed_meter_minute_BIN=Medium | alloy_type=open | cast_in_row_BIN=Medium | crystallizer_movementmm_BIN=High | num_crystallizer_BIN=Medium | num_stream_BIN=Medium | resistance_tonn_BIN=Low | steel_temperature_grab1Celsius_BIN=High | steel_type=Arm500 | steel_weighttonn_BIN=Medium | swing_frequency_amount_minute_BIN=High | temperature_measurement1_Celsius_BIN=Low | temperature_measurement2_Celsius_BIN=Low | water_consumption_BIN=High | water_temperature_deltaCelsius_BIN=High | workpiece_slice_geometry=180x180,30014815,17,1,9,25
2020-07-31,K_068,16,RUL_BIN=Critical | alloy_speed_meter_minute_BIN=Medium | alloy_type=open | cast_in_row_BIN=Low | crystallizer_movementmm_BIN=Low | resistance_tonn_BIN=Low | steel_temperature_grab1Celsius_BIN=High | steel_type=Arm500 | steel_weighttonn_BIN=Medium | swing_frequency_amount_minute_BIN=High | temperature_measurement1_Celsius_BIN=Low | temperature_measurement2_Celsius_BIN=Low | water_consumption_BIN=High | water_temperature_deltaCelsius_BIN=High | workpiece_slice_geometry=180x180,30014803 | 30014808 | 30014810 | 30014817 | 30014820,15,5,9,25
2020-07-31,K_068,17,RUL_BIN=Critical | alloy_speed_meter_minute_BIN=Medium | alloy_type=open | cast_in_row_BIN=Low | crystallizer_movementmm_BIN=Low | num_stream_BIN=Low | resistance_tonn_BIN=Low | steel_temperature_grab1Celsius_BIN=High | steel_type=Arm500 | steel_weighttonn_BIN=Medium | swing_frequency_amount_minute_BIN=High | temperature_measurement1_Celsius_BIN=Low | temperature_measurement2_Celsius_BIN=Low | water_consumption_BIN=High | water_temperature_deltaCelsius_BIN=High | workpiece_slice_geometry=180x180,30014803 | 30014817 | 30014820,16,3,9,25
2020-07-31,K_068,18,RUL_BIN=Critical | alloy_speed_meter_minute_BIN=Medium | alloy_type=open | cast_in_row_BIN=Low | crystallizer_movementmm_BIN=Low | num_crystallizer_BIN=Medium | resistance_tonn_BIN=Low | steel_temperature_grab1Celsius_BIN=High | steel_type=Arm500 | steel_weighttonn_BIN=Medium | swing_frequency_amount_minute_BIN=High | temperature_measurement1_Celsius_BIN=Low | temperature_measurement2_Celsius_BIN=Low | water_consumption_BIN=High | water_temperature_deltaCelsius_BIN=High | workpiece_slice_geometry=180x180,30014803 | 30014808 | 30014810 | 30014820,16,4,9,25
2020-07-31,K_068,19,RUL_BIN=Critical | alloy_speed_meter_minute_BIN=Medium | alloy_type=open | cast_in_row_BIN=Low | crystallizer_movementmm_BIN=Low | num_crystallizer_BIN=Medium | num_stream_BIN=Medium | resistance_tonn_BIN=Low | steel_temperature_grab1Celsius_BIN=High | steel_type=Arm500 | steel_weighttonn_BIN=Medium | swing_frequency_amount_minute_BIN=High | temperature_measurement1_Celsius_BIN=Low | temperature_measurement2_Celsius_BIN=Low | water_consumption_BIN=High | water_temperature_deltaCelsius_BIN=High | workpiece_slice_geometry=180x180,30014808,17,1,9,25
2020-07-31,K_068,20,RUL_BIN=Critical | alloy_speed_meter_minute_BIN=Medium | alloy_type=open | cast_in_row_BIN=Low | crystallizer_movementmm_BIN=Low | num_crystallizer_BIN=Medium | num_stream_BIN=Low | resistance_tonn_BIN=Low | steel_temperature_grab1Celsius_BIN=High | steel_type=Arm500 | steel_weighttonn_BIN=Medium | swing_frequency_amount_minute_BIN=High | temperature_measurement1_Celsius_BIN=Low | temperature_measurement2_Celsius_BIN=Low | water_consumption_BIN=High | water_temperature_deltaCelsius_BIN=High | workpiece_slice_geometry=180x180,30014803 | 30014820,17,2,9,25
2020-07-31,K_068,21,RUL_BIN=Critical | alloy_speed_meter_minute_BIN=Medium | alloy_type=open | cast_in_row_BIN=Low | crystallizer_movementmm_BIN=Low | num_crystallizer_BIN=Medium | num_stream_BIN=High | resistance_tonn_BIN=Low | steel_temperature_grab1Celsius_BIN=High | steel_type=Arm500 | steel_weighttonn_BIN=Medium | swing_frequency_amount_minute_BIN=High | temperature_measurement1_Celsius_BIN=Low | temperature_measurement2_Celsius_BIN=Low | water_consumption_BIN=High | water_temperature_deltaCelsius_BIN=High | workpiece_slice_geometry=180x180,30014810,17,1,9,25
2020-07-31,K_068,22,RUL_BIN=Critical | alloy_speed_meter_minute_BIN=Medium | alloy_type=open | cast_in_row_BIN=Low | crystallizer_movementmm_BIN=Low | num_crystallizer_BIN=Low | num_stream_BIN=Low | resistance_tonn_BIN=Low | steel_temperature_grab1Celsius_BIN=High | steel_type=Arm500 | steel_weighttonn_BIN=Medium | swing_frequency_amount_minute_BIN=High | temperature_measurement1_Celsius_BIN=Low | temperature_measurement2_Celsius_BIN=Low | water_consumption_BIN=High | water_temperature_deltaCelsius_BIN=High | workpiece_slice_geometry=180x180,30014817,17,1,9,25
2020-07-31,K_068,23,RUL_BIN=Critical | RUL_BIN=Low | RUL_BIN=Medium | alloy_speed_meter_minute_BIN=Medium | alloy_type=open | cast_in_row_BIN=Low | cast_in_row_BIN=Medium | crystallizer_movementmm_BIN=High | crystallizer_movementmm_BIN=Low | num_crystallizer_BIN=High | num_crystallizer_BIN=Low | num_crystallizer_BIN=Medium | num_stream_BIN=High | num_stream_BIN=Low | num_stream_BIN=Medium | resistance_tonn_BIN=Low | steel_temperature_grab1Celsius_BIN=High | steel_type=Arm500 | steel_weighttonn_BIN=Medium | swing_frequency_amount_minute_BIN=High | temperature_measurement1_Celsius_BIN=Low | temperature_measurement2_Celsius_BIN=Low | water_consumption_BIN=High | water_temperature_deltaCelsius_BIN=High | workpiece_slice_geometry=180x180,,25,0,9,25
2020-08-05,K_069,0,alloy_speed_meter_minute_BIN=High | alloy_type=open | cast_in_row_BIN=Low | crystallizer_movementmm_BIN=Medium | resistance_tonn_BIN=Low | steel_temperature_grab1Celsius_BIN=High | steel_type=St4sp | steel_weighttonn_BIN=High | swing_frequency_amount_minute_BIN=Low | temperature_measurement1_Celsius_BIN=Low | temperature_measurement2_Celsius_BIN=Low | water_consumption_BIN=High | water_temperature_deltaCelsius_BIN=High | workpiece_slice_geometry=150x150,30014811 | 30014812 | 30014814 | 30014819 | 30014824 | 30014825,14,6,6,23
2020-08-05,K_069,1,alloy_speed_meter_minute_BIN=High | alloy_type=open | cast_in_row_BIN=Low | crystallizer_movementmm_BIN=Medium | num_stream_BIN=Low | resistance_tonn_BIN=Low | steel_temperature_grab1Celsius_BIN=High | steel_type=St4sp | steel_weighttonn_BIN=High | swing_frequency_amount_minute_BIN=Low | temperature_measurement1_Celsius_BIN=Low | temperature_measurement2_Celsius_BIN=Low | water_consumption_BIN=High | water_temperature_deltaCelsius_BIN=High | workpiece_slice_geometry=150x150,30014811 | 30014812 | 30014825,15,3,6,23
2020-08-05,K_069,2,alloy_speed_meter_minute_BIN=High | alloy_type=open | cast_in_row_BIN=Low | crystallizer_movementmm_BIN=Medium | num_crystallizer_BIN=Medium | resistance_tonn_BIN=Low | steel_temperature_grab1Celsius_BIN=High | steel_type=St4sp | steel_weighttonn_BIN=High | swing_frequency_amount_minute_BIN=Low | temperature_measurement1_Celsius_BIN=Low | temperature_measurement2_Celsius_BIN=Low | water_consumption_BIN=High | water_temperature_deltaCelsius_BIN=High | workpiece_slice_geometry=150x150,30014814 | 30014819 | 30014824,15,3,6,23
2020-08-05,K_069,3,alloy_speed_meter_minute_BIN=High | alloy_type=open | cast_in_row_BIN=Low | crystallizer_movementmm_BIN=Medium | num_crystallizer_BIN=Medium | num_stream_BIN=High | resistance_tonn_BIN=Low | steel_temperature_grab1Celsius_BIN=High | steel_type=St4sp | steel_weighttonn_BIN=High | swing_frequency_amount_minute_BIN=Low | temperature_measurement1_Celsius_BIN=Low | temperature_measurement2_Celsius_BIN=Low | water_consumption_BIN=High | water_temperature_deltaCelsius_BIN=High | workpiece_slice_geometry=150x150,30014819 | 30014824,16,2,6,23
2020-08-05,K_069,4,alloy_speed_meter_minute_BIN=High | alloy_type=open | cast_in_row_BIN=Low | crystallizer_movementmm_BIN=Medium | num_crystallizer_BIN=Low | num_stream_BIN=Low | resistance_tonn_BIN=Low | steel_temperature_grab1Celsius_BIN=High | steel_type=St4sp | steel_weighttonn_BIN=High | swing_frequency_amount_minute_BIN=Low | temperature_measurement1_Celsius_BIN=Low | temperature_measurement2_Celsius_BIN=Low | water_consumption_BIN=High | water_temperature_deltaCelsius_BIN=High | workpiece_slice_geometry=150x150,30014811 | 30014812,16,2,6,23
2020-08-05,K_069,5,RUL_BIN=Medium | alloy_speed_meter_minute_BIN=High | alloy_type=open | cast_in_row_BIN=Low | crystallizer_movementmm_BIN=Medium | resistance_tonn_BIN=Low | steel_temperature_grab1Celsius_BIN=High | steel_type=St4sp | steel_weighttonn_BIN=High | swing_frequency_amount_minute_BIN=Low | temperature_measurement1_Celsius_BIN=Low | temperature_measurement2_Celsius_BIN=Low | water_consumption_BIN=High | water_temperature_deltaCelsius_BIN=High | workpiece_slice_geometry=150x150,30014824 | 30014825,15,2,6,23
2020-08-05,K_069,6,RUL_BIN=Medium | alloy_speed_meter_minute_BIN=High | alloy_type=open | cast_in_row_BIN=Low | crystallizer_movementmm_BIN=Medium | num_crystallizer_BIN=Medium | num_stream_BIN=High | resistance_tonn_BIN=Low | steel_temperature_grab1Celsius_BIN=High | steel_type=St4sp | steel_weighttonn_BIN=High | swing_frequency_amount_minute_BIN=Low | temperature_measurement1_Celsius_BIN=Low | temperature_measurement2_Celsius_BIN=Low | water_consumption_BIN=High | water_temperature_deltaCelsius_BIN=High | workpiece_slice_geometry=150x150,30014824,17,1,6,23
2020-08-05,K_069,7,RUL_BIN=Medium | alloy_speed_meter_minute_BIN=High | alloy_type=open | cast_in_row_BIN=Low | crystallizer_movementmm_BIN=Medium | num_crystallizer_BIN=High | num_stream_BIN=Low | resistance_tonn_BIN=Low | steel_temperature_grab1Celsius_BIN=High | steel_type=St4sp | steel_weighttonn_BIN=High | swing_frequency_amount_minute_BIN=Low | temperature_measurement1_Celsius_BIN=Low | temperature_measurement2_Celsius_BIN=Low | water_consumption_BIN=High | water_temperature_deltaCelsius_BIN=High | workpiece_slice_geometry=150x150,30014825,17,1,6,23
2020-08-05,K_069,8,RUL_BIN=Healthy | alloy_speed_meter_minute_BIN=High | alloy_type=open | cast_in_row_BIN=Low | crystallizer_movementmm_BIN=Medium | resistance_tonn_BIN=Low | steel_temperature_grab1Celsius_BIN=High | steel_type=St4sp | steel_weighttonn_BIN=High | swing_frequency_amount_minute_BIN=Low | temperature_measurement1_Celsius_BIN=Low | temperature_measurement2_Celsius_BIN=Low | water_consumption_BIN=High | water_temperature_deltaCelsius_BIN=High | workpiece_slice_geometry=150x150,30014812 | 30014814 | 30014819,15,3,6,23
2020-08-05,K_069,9,RUL_BIN=Healthy | alloy_speed_meter_minute_BIN=High | alloy_type=open | cast_in_row_BIN=Low | crystallizer_movementmm_BIN=Medium | num_crystallizer_BIN=Medium | resistance_tonn_BIN=Low | steel_temperature_grab1Celsius_BIN=High | steel_type=St4sp | steel_weighttonn_BIN=High | swing_frequency_amount_minute_BIN=Low | temperature_measurement1_Celsius_BIN=Low | temperature_measurement2_Celsius_BIN=Low | water_consumption_BIN=High | water_temperature_deltaCelsius_BIN=High | workpiece_slice_geometry=150x150,30014814 | 30014819,16,2,6,23
2020-08-05,K_069,10,RUL_BIN=Healthy | alloy_speed_meter_minute_BIN=High | alloy_type=open | cast_in_row_BIN=Low | crystallizer_movementmm_BIN=Medium | num_crystallizer_BIN=Medium | num_stream_BIN=Medium | resistance_tonn_BIN=Low | steel_temperature_grab1Celsius_BIN=High | steel_type=St4sp | steel_weighttonn_BIN=High | swing_frequency_amount_minute_BIN=Low | temperature_measurement1_Celsius_BIN=Low | temperature_measurement2_Celsius_BIN=Low | water_consumption_BIN=High | water_temperature_deltaCelsius_BIN=High | workpiece_slice_geometry=150x150,30014814,17,1,6,23
2020-08-05,K_069,11,RUL_BIN=Healthy | alloy_speed_meter_minute_BIN=High | alloy_type=open | cast_in_row_BIN=Low | crystallizer_movementmm_BIN=Medium | num_crystallizer_BIN=Medium | num_stream_BIN=High | resistance_tonn_BIN=Low | steel_temperature_grab1Celsius_BIN=High | steel_type=St4sp | steel_weighttonn_BIN=High | swing_frequency_amount_minute_BIN=Low | temperature_measurement1_Celsius_BIN=Low | temperature_measurement2_Celsius_BIN=Low | water_consumption_BIN=High | water_temperature_deltaCelsius_BIN=High | workpiece_slice_geometry=150x150,30014819,17,1,6,23
2020-08-05,K_069,12,RUL_BIN=Healthy | alloy_speed_meter_minute_BIN=High | alloy_type=open | cast_in_row_BIN=Low | crystallizer_movementmm_BIN=Medium | num_crystallizer_BIN=Low | num_stream_BIN=Low | resistance_tonn_BIN=Low | steel_temperature_grab1Celsius_BIN=High | steel_type=St4sp | steel_weighttonn_BIN=High | swing_frequency_amount_minute_BIN=Low | temperature_measurement1_Celsius_BIN=Low | temperature_measurement2_Celsius_BIN=Low | water_consumption_BIN=High | water_temperature_deltaCelsius_BIN=High | workpiece_slice_geometry=150x150,30014812,17,1,6,23
2020-08-05,K_069,13,RUL_BIN=Critical | alloy_speed_meter_minute_BIN=High | alloy_type=open | cast_in_row_BIN=Low | crystallizer_movementmm_BIN=Medium | num_crystallizer_BIN=Low | num_stream_BIN=Low | resistance_tonn_BIN=Low | steel_temperature_grab1Celsius_BIN=High | steel_type=St4sp | steel_weighttonn_BIN=High | swing_frequency_amount_minute_BIN=Low | temperature_measurement1_Celsius_BIN=Low | temperature_measurement2_Celsius_BIN=Low | water_consumption_BIN=High | water_temperature_deltaCelsius_BIN=High | workpiece_slice_geometry=150x150,30014811,17,1,6,23
2020-08-05,K_069,14,RUL_BIN=Critical | RUL_BIN=Healthy | RUL_BIN=Medium | alloy_speed_meter_minute_BIN=High | alloy_type=open | cast_in_row_BIN=Low | crystallizer_movementmm_BIN=Medium | num_crystallizer_BIN=High | num_crystallizer_BIN=Low | num_crystallizer_BIN=Medium | num_stream_BIN=High | num_stream_BIN=Low | num_stream_BIN=Medium | resistance_tonn_BIN=Low | steel_temperature_grab1Celsius_BIN=High | steel_type=St4sp | steel_weighttonn_BIN=High | swing_frequency_amount_minute_BIN=Low | temperature_measurement1_Celsius_BIN=Low | temperature_measurement2_Celsius_BIN=Low | water_consumption_BIN=High | water_temperature_deltaCelsius_BIN=High | workpiece_slice_geometry=150x150,,23,0,6,23
2020-08-07,K_070,0,alloy_speed_meter_minute_BIN=Medium | alloy_type=open | cast_in_row_BIN=Low | crystallizer_movementmm_BIN=Low | resistance_tonn_BIN=Low | steel_temperature_grab1Celsius_BIN=High | steel_type=25G2S | steel_weighttonn_BIN=High | swing_frequency_amount_minute_BIN=High | temperature_measurement1_Celsius_BIN=Low | temperature_measurement2_Celsius_BIN=Low | water_consumption_BIN=High | water_temperature_deltaCelsius_BIN=High | workpiece_slice_geometry=180x180,30014806 | 30014812 | 30014814 | 30014816 | 30014820 | 30014824 | 30014825,14,7,7,23
2020-08-07,K_070,1,alloy_speed_meter_minute_BIN=Medium | alloy_type=open | cast_in_row_BIN=Low | crystallizer_movementmm_BIN=Low | num_stream_BIN=Low | resistance_tonn_BIN=Low | steel_temperature_grab1Celsius_BIN=High | steel_type=25G2S | steel_weighttonn_BIN=High | swing_frequency_amount_minute_BIN=High | temperature_measurement1_Celsius_BIN=Low | temperature_measurement2_Celsius_BIN=Low | water_consumption_BIN=High | water_temperature_deltaCelsius_BIN=High | workpiece_slice_geometry=180x180,30014812 | 30014820 | 30014825,15,3,7,23
2020-08-07,K_070,2,alloy_speed_meter_minute_BIN=Medium | alloy_type=open | cast_in_row_BIN=Low | crystallizer_movementmm_BIN=Low | num_stream_BIN=High | resistance_tonn_BIN=Low | steel_temperature_grab1Celsius_BIN=High | steel_type=25G2S | steel_weighttonn_BIN=High | swing_frequency_amount_minute_BIN=High | temperature_measurement1_Celsius_BIN=Low | temperature_measurement2_Celsius_BIN=Low | water_consumption_BIN=High | water_temperature_deltaCelsius_BIN=High | workpiece_slice_geometry=180x180,30014816 | 30014824,15,2,7,23
2020-08-07,K_070,3,alloy_speed_meter_minute_BIN=Medium | alloy_type=open | cast_in_row_BIN=Low | crystallizer_movementmm_BIN=Low | num_crystallizer_BIN=Medium | resistance_tonn_BIN=Low | steel_temperature_grab1Celsius_BIN=High | steel_type=25G2S | steel_weighttonn_BIN=High | swing_frequency_amount_minute_BIN=High | temperature_measurement1_Celsius_BIN=Low | temperature_measurement2_Celsius_BIN=Low | water_consumption_BIN=High | water_temperature_deltaCelsius_BIN=High | workpiece_slice_geometry=180x180,30014814 | 30014820 | 30014824,15,3,7,23
2020-08-07,K_070,4,alloy_speed_meter_minute_BIN=Medium | alloy_type=open | cast_in_row_BIN=Low | crystallizer_movementmm_BIN=Low | num_crystallizer_BIN=High | resistance_tonn_BIN=Low | steel_temperature_grab1Celsius_BIN=High | steel_type=25G2S | steel_weighttonn_BIN=High | swing_frequency_amount_minute_BIN=High | temperature_measurement1_Celsius_BIN=Low | temperature_measurement2_Celsius_BIN=Low | water_consumption_BIN=High | water_temperature_deltaCelsius_BIN=High | workpiece_slice_geometry=180x180,30014816 | 30014825,15,2,7,23
2020-08-07,K_070,5,RUL_BIN=Low | alloy_speed_meter_minute_BIN=Medium | alloy_type=open | cast_in_row_BIN=Low | crystallizer_movementmm_BIN=Low | resistance_tonn_BIN=Low | steel_temperature_grab1Celsius_BIN=High | steel_type=25G2S | steel_weighttonn_BIN=High | swing_frequency_amount_minute_BIN=High | temperature_measurement1_Celsius_BIN=Low | temperature_measurement2_Celsius_BIN=Low | water_consumption_BIN=High | water_temperature_deltaCelsius_BIN=High | workpiece_slice_geometry=180x180,30014824 | 30014825,15,2,7,23
2020-08-07,K_070,6,RUL_BIN=Low | alloy_speed_meter_minute_BIN=Medium | alloy_type=open | cast_in_row_BIN=Low | crystallizer_movementmm_BIN=Low | num_crystallizer_BIN=Medium | num_stream_BIN=High | resistance_tonn_BIN=Low | steel_temperature_grab1Celsius_BIN=High | steel_type=25G2S | steel_weighttonn_BIN=High | swing_frequency_amount_minute_BIN=High | temperature_measurement1_Celsius_BIN=Low | temperature_measurement2_Celsius_BIN=Low | water_consumption_BIN=High | water_temperature_deltaCelsius_BIN=High | workpiece_slice_geometry=180x180,30014824,17,1,7,23
2020-08-07,K_070,7,RUL_BIN=Low | alloy_speed_meter_minute_BIN=Medium | alloy_type=open | cast_in_row_BIN=Low | crystallizer_movementmm_BIN=Low | num_crystallizer_BIN=High | num_stream_BIN=Low | resistance_tonn_BIN=Low | steel_temperature_grab1Celsius_BIN=High | steel_type=25G2S | steel_weighttonn_BIN=High | swing_frequency_amount_minute_BIN=High | temperature_measurement1_Celsius_BIN=Low | temperature_measurement2_Celsius_BIN=Low | water_consumption_BIN=High | water_temperature_deltaCelsius_BIN=High | workpiece_slice_geometry=180x180,30014825,17,1,7,23
2020-08-07,K_070,8,RUL_BIN=Healthy | alloy_speed_meter_minute_BIN=Medium | alloy_type=open | cast_in_row_BIN=Low | crystallizer_movementmm_BIN=Low | resistance_tonn_BIN=Low | steel_temperature_grab1Celsius_BIN=High | steel_type=25G2S | steel_weighttonn_BIN=High | swing_frequency_amount_minute_BIN=High | temperature_measurement1_Celsius_BIN=Low | temperature_measurement2_Celsius_BIN=Low | water_consumption_BIN=High | water_temperature_deltaCelsius_BIN=High | workpiece_slice_geometry=180x180,30014806 | 30014812 | 30014814,15,3,7,23
2020-08-07,K_070,9,RUL_BIN=Healthy | alloy_speed_meter_minute_BIN=Medium | alloy_type=open | cast_in_row_BIN=Low | crystallizer_movementmm_BIN=Low | num_stream_BIN=Medium | resistance_tonn_BIN=Low | steel_temperature_grab1Celsius_BIN=High | steel_type=25G2S | steel_weighttonn_BIN=High | swing_frequency_amount_minute_BIN=High | temperature_measurement1_Celsius_BIN=Low | temperature_measurement2_Celsius_BIN=Low | water_consumption_BIN=High | water_temperature_deltaCelsius_BIN=High | workpiece_slice_geometry=180x180,30014806 | 30014814,16,2,7,23
2020-08-07,K_070,10,RUL_BIN=Healthy | alloy_speed_meter_minute_BIN=Medium | alloy_type=open | cast_in_row_BIN=Low | crystallizer_movementmm_BIN=Low | num_crystallizer_BIN=Medium | num_stream_BIN=Medium | resistance_tonn_BIN=Low | steel_temperature_grab1Celsius_BIN=High | steel_type=25G2S | steel_weighttonn_BIN=High | swing_frequency_amount_minute_BIN=High | temperature_measurement1_Celsius_BIN=Low | temperature_measurement2_Celsius_BIN=Low | water_consumption_BIN=High | water_temperature_deltaCelsius_BIN=High | workpiece_slice_geometry=180x180,30014814,17,1,7,23
2020-08-07,K_070,11,RUL_BIN=Healthy | alloy_speed_meter_minute_BIN=Medium | alloy_type=open | cast_in_row_BIN=Low | crystallizer_movementmm_BIN=Low | num_crystallizer_BIN=Low | resistance_tonn_BIN=Low | steel_temperature_grab1Celsius_BIN=High | steel_type=25G2S | steel_weighttonn_BIN=High | swing_frequency_amount_minute_BIN=High | temperature_measurement1_Celsius_BIN=Low | temperature_measurement2_Celsius_BIN=Low | water_consumption_BIN=High | water_temperature_deltaCelsius_BIN=High | workpiece_slice_geometry=180x180,30014806 | 30014812,16,2,7,23
2020-08-07,K_070,12,RUL_BIN=Healthy | alloy_speed_meter_minute_BIN=Medium | alloy_type=open | cast_in_row_BIN=Low | crystallizer_movementmm_BIN=Low | num_crystallizer_BIN=Low | num_stream_BIN=Medium | resistance_tonn_BIN=Low | steel_temperature_grab1Celsius_BIN=High | steel_type=25G2S | steel_weighttonn_BIN=High | swing_frequency_amount_minute_BIN=High | temperature_measurement1_Celsius_BIN=Low | temperature_measurement2_Celsius_BIN=Low | water_consumption_BIN=High | water_temperature_deltaCelsius_BIN=High | workpiece_slice_geometry=180x180,30014806,17,1,7,23
2020-08-07,K_070,13,RUL_BIN=Healthy | alloy_speed_meter_minute_BIN=Medium | alloy_type=open | cast_in_row_BIN=Low | crystallizer_movementmm_BIN=Low | num_crystallizer_BIN=Low | num_stream_BIN=Low | resistance_tonn_BIN=Low | steel_temperature_grab1Celsius_BIN=High | steel_type=25G2S | steel_weighttonn_BIN=High | swing_frequency_amount_minute_BIN=High | temperature_measurement1_Celsius_BIN=Low | temperature_measurement2_Celsius_BIN=Low | water_consumption_BIN=High | water_temperature_deltaCelsius_BIN=High | workpiece_slice_geometry=180x180,30014812,17,1,7,23
2020-08-07,K_070,14,RUL_BIN=Critical | alloy_speed_meter_minute_BIN=Medium | alloy_type=open | cast_in_row_BIN=Low | crystallizer_movementmm_BIN=Low | resistance_tonn_BIN=Low | steel_temperature_grab1Celsius_BIN=High | steel_type=25G2S | steel_weighttonn_BIN=High | swing_frequency_amount_minute_BIN=High | temperature_measurement1_Celsius_BIN=Low | temperature_measurement2_Celsius_BIN=Low | water_consumption_BIN=High | water_temperature_deltaCelsius_BIN=High | workpiece_slice_geometry=180x180,30014816 | 30014820,15,2,7,23
2020-08-07,K_070,15,RUL_BIN=Critical | alloy_speed_meter_minute_BIN=Medium | alloy_type=open | cast_in_row_BIN=Low | crystallizer_movementmm_BIN=Low | num_crystallizer_BIN=Medium | num_stream_BIN=Low | resistance_tonn_BIN=Low | steel_temperature_grab1Celsius_BIN=High | steel_type=25G2S | steel_weighttonn_BIN=High | swing_frequency_amount_minute_BIN=High | temperature_measurement1_Celsius_BIN=Low | temperature_measurement2_Celsius_BIN=Low | water_consumption_BIN=High | water_temperature_deltaCelsius_BIN=High | workpiece_slice_geometry=180x180,30014820,17,1,7,23
2020-08-07,K_070,16,RUL_BIN=Critical | alloy_speed_meter_minute_BIN=Medium | alloy_type=open | cast_in_row_BIN=Low | crystallizer_movementmm_BIN=Low | num_crystallizer_BIN=High | num_stream_BIN=High | resistance_tonn_BIN=Low | steel_temperature_grab1Celsius_BIN=High | steel_type=25G2S | steel_weighttonn_BIN=High | swing_frequency_amount_minute_BIN=High | temperature_measurement1_Celsius_BIN=Low | temperature_measurement2_Celsius_BIN=Low | water_consumption_BIN=High | water_temperature_deltaCelsius_BIN=High | workpiece_slice_geometry=180x180,30014816,17,1,7,23
2020-08-07,K_070,17,RUL_BIN=Critical | RUL_BIN=Healthy | RUL_BIN=Low | alloy_speed_meter_minute_BIN=Medium | alloy_type=open | cast_in_row_BIN=Low | crystallizer_movementmm_BIN=Low | num_crystallizer_BIN=High | num_crystallizer_BIN=Low | num_crystallizer_BIN=Medium | num_stream_BIN=High | num_stream_BIN=Low | num_stream_BIN=Medium | resistance_tonn_BIN=Low | steel_temperature_grab1Celsius_BIN=High | steel_type=25G2S | steel_weighttonn_BIN=High | swing_frequency_amount_minute_BIN=High | temperature_measurement1_Celsius_BIN=Low | temperature_measurement2_Celsius_BIN=Low | water_consumption_BIN=High | water_temperature_deltaCelsius_BIN=High | workpiece_slice_geometry=180x180,,23,0,7,23
2020-08-08,K_071,0,alloy_speed_meter_minute_BIN=Medium | alloy_type=open | cast_in_row_BIN=Low | crystallizer_movementmm_BIN=Low | resistance_tonn_BIN=Low | steel_temperature_grab1Celsius_BIN=High | steel_type=Arm500 | steel_weighttonn_BIN=High | swing_frequency_amount_minute_BIN=High | temperature_measurement1_Celsius_BIN=Low | temperature_measurement2_Celsius_BIN=Low | water_consumption_BIN=High | water_temperature_deltaCelsius_BIN=High | workpiece_slice_geometry=180x180,30014806 | 30014814 | 30014816 | 30014820 | 30014824 | 30014825,14,6,6,24
2020-08-08,K_071,1,alloy_speed_meter_minute_BIN=Medium | alloy_type=open | cast_in_row_BIN=Low | crystallizer_movementmm_BIN=Low | num_stream_BIN=Medium | resistance_tonn_BIN=Low | steel_temperature_grab1Celsius_BIN=High | steel_type=Arm500 | steel_weighttonn_BIN=High | swing_frequency_amount_minute_BIN=High | temperature_measurement1_Celsius_BIN=Low | temperature_measurement2_Celsius_BIN=Low | water_consumption_BIN=High | water_temperature_deltaCelsius_BIN=High | workpiece_slice_geometry=180x180,30014806 | 30014814,15,2,6,24
2020-08-08,K_071,2,alloy_speed_meter_minute_BIN=Medium | alloy_type=open | cast_in_row_BIN=Low | crystallizer_movementmm_BIN=Low | num_stream_BIN=Low | resistance_tonn_BIN=Low | steel_temperature_grab1Celsius_BIN=High | steel_type=Arm500 | steel_weighttonn_BIN=High | swing_frequency_amount_minute_BIN=High | temperature_measurement1_Celsius_BIN=Low | temperature_measurement2_Celsius_BIN=Low | water_consumption_BIN=High | water_temperature_deltaCelsius_BIN=High | workpiece_slice_geometry=180x180,30014820 | 30014825,15,2,6,24
2020-08-08,K_071,3,alloy_speed_meter_minute_BIN=Medium | alloy_type=open | cast_in_row_BIN=Low | crystallizer_movementmm_BIN=Low | num_stream_BIN=High | resistance_tonn_BIN=Low | steel_temperature_grab1Celsius_BIN=High | steel_type=Arm500 | steel_weighttonn_BIN=High | swing_frequency_amount_minute_BIN=High | temperature_measurement1_Celsius_BIN=Low | temperature_measurement2_Celsius_BIN=Low | water_consumption_BIN=High | water_temperature_deltaCelsius_BIN=High | workpiece_slice_geometry=180x180,30014816 | 30014824,15,2,6,24
2020-08-08,K_071,4,alloy_speed_meter_minute_BIN=Medium | alloy_type=open | cast_in_row_BIN=Low | crystallizer_movementmm_BIN=Low | num_crystallizer_BIN=Medium | resistance_tonn_BIN=Low | steel_temperature_grab1Celsius_BIN=High | steel_type=Arm500 | steel_weighttonn_BIN=High | swing_frequency_amount_minute_BIN=High | temperature_measurement1_Celsius_BIN=Low | temperature_measurement2_Celsius_BIN=Low | water_consumption_BIN=High | water_temperature_deltaCelsius_BIN=High | workpiece_slice_geometry=180x180,30014814 | 30014820 | 30014824,15,3,6,24
2020-08-08,K_071,5,alloy_speed_meter_minute_BIN=Medium | alloy_type=open | cast_in_row_BIN=Low | crystallizer_movementmm_BIN=Low | num_crystallizer_BIN=High | resistance_tonn_BIN=Low | steel_temperature_grab1Celsius_BIN=High | steel_type=Arm500 | steel_weighttonn_BIN=High | swing_frequency_amount_minute_BIN=High | temperature_measurement1_Celsius_BIN=Low | temperature_measurement2_Celsius_BIN=Low | water_consumption_BIN=High | water_temperature_deltaCelsius_BIN=High | workpiece_slice_geometry=180x180,30014816 | 30014825,15,2,6,24
2020-08-08,K_071,6,RUL_BIN=Medium | alloy_speed_meter_minute_BIN=Medium | alloy_type=open | cast_in_row_BIN=Low | crystallizer_movementmm_BIN=Low | num_crystallizer_BIN=Medium | num_stream_BIN=Medium | resistance_tonn_BIN=Low | steel_temperature_grab1Celsius_BIN=High | steel_type=Arm500 | steel_weighttonn_BIN=High | swing_frequency_amount_minute_BIN=High | temperature_measurement1_Celsius_BIN=Low | temperature_measurement2_Celsius_BIN=Low | water_consumption_BIN=High | water_temperature_deltaCelsius_BIN=High | workpiece_slice_geometry=180x180,30014814,17,1,6,24
2020-08-08,K_071,7,RUL_BIN=Low | alloy_speed_meter_minute_BIN=Medium | alloy_type=open | cast_in_row_BIN=Low | crystallizer_movementmm_BIN=Low | resistance_tonn_BIN=Low | steel_temperature_grab1Celsius_BIN=High | steel_type=Arm500 | steel_weighttonn_BIN=High | swing_frequency_amount_minute_BIN=High | temperature_measurement1_Celsius_BIN=Low | temperature_measurement2_Celsius_BIN=Low | water_consumption_BIN=High | water_temperature_deltaCelsius_BIN=High | workpiece_slice_geometry=180x180,30014824 | 30014825,15,2,6,24
2020-08-08,K_071,8,RUL_BIN=Low | alloy_speed_meter_minute_BIN=Medium | alloy_type=open | cast_in_row_BIN=Low | crystallizer_movementmm_BIN=Low | num_crystallizer_BIN=Medium | num_stream_BIN=High | resistance_tonn_BIN=Low | steel_temperature_grab1Celsius_BIN=High | steel_type=Arm500 | steel_weighttonn_BIN=High | swing_frequency_amount_minute_BIN=High | temperature_measurement1_Celsius_BIN=Low | temperature_measurement2_Celsius_BIN=Low | water_consumption_BIN=High | water_temperature_deltaCelsius_BIN=High | workpiece_slice_geometry=180x180,30014824,17,1,6,24
2020-08-08,K_071,9,RUL_BIN=Low | alloy_speed_meter_minute_BIN=Medium | alloy_type=open | cast_in_row_BIN=Low | crystallizer_movementmm_BIN=Low | num_crystallizer_BIN=High | num_stream_BIN=Low | resistance_tonn_BIN=Low | steel_temperature_grab1Celsius_BIN=High | steel_type=Arm500 | steel_weighttonn_BIN=High | swing_frequency_amount_minute_BIN=High | temperature_measurement1_Celsius_BIN=Low | temperature_measurement2_Celsius_BIN=Low | water_consumption_BIN=High | water_temperature_deltaCelsius_BIN=High | workpiece_slice_geometry=180x180,30014825,17,1,6,24
2020-08-08,K_071,10,RUL_BIN=Healthy | alloy_speed_meter_minute_BIN=Medium | alloy_type=open | cast_in_row_BIN=Low | crystallizer_movementmm_BIN=Low | num_crystallizer_BIN=Low | num_stream_BIN=Medium | resistance_tonn_BIN=Low | steel_temperature_grab1Celsius_BIN=High | steel_type=Arm500 | steel_weighttonn_BIN=High | swing_frequency_amount_minute_BIN=High | temperature_measurement1_Celsius_BIN=Low | temperature_measurement2_Celsius_BIN=Low | water_consumption_BIN=High | water_temperature_deltaCelsius_BIN=High | workpiece_slice_geometry=180x180,30014806,17,1,6,24
2020-08-08,K_071,11,RUL_BIN=Critical | alloy_speed_meter_minute_BIN=Medium | alloy_type=open | cast_in_row_BIN=Low | crystallizer_movementmm_BIN=Low | resistance_tonn_BIN=Low | steel_temperature_grab1Celsius_BIN=High | steel_type=Arm500 | steel_weighttonn_BIN=High | swing_frequency_amount_minute_BIN=High | temperature_measurement1_Celsius_BIN=Low | temperature_measurement2_Celsius_BIN=Low | water_consumption_BIN=High | water_temperature_deltaCelsius_BIN=High | workpiece_slice_geometry=180x180,30014816 | 30014820,15,2,6,24
2020-08-08,K_071,12,RUL_BIN=Critical | alloy_speed_meter_minute_BIN=Medium | alloy_type=open | cast_in_row_BIN=Low | crystallizer_movementmm_BIN=Low | num_crystallizer_BIN=Medium | num_stream_BIN=Low | resistance_tonn_BIN=Low | steel_temperature_grab1Celsius_BIN=High | steel_type=Arm500 | steel_weighttonn_BIN=High | swing_frequency_amount_minute_BIN=High | temperature_measurement1_Celsius_BIN=Low | temperature_measurement2_Celsius_BIN=Low | water_consumption_BIN=High | water_temperature_deltaCelsius_BIN=High | workpiece_slice_geometry=180x180,30014820,17,1,6,24
2020-08-08,K_071,13,RUL_BIN=Critical | alloy_speed_meter_minute_BIN=Medium | alloy_type=open | cast_in_row_BIN=Low | crystallizer_movementmm_BIN=Low | num_crystallizer_BIN=High | num_stream_BIN=High | resistance_tonn_BIN=Low | steel_temperature_grab1Celsius_BIN=High | steel_type=Arm500 | steel_weighttonn_BIN=High | swing_frequency_amount_minute_BIN=High | temperature_measurement1_Celsius_BIN=Low | temperature_measurement2_Celsius_BIN=Low | water_consumption_BIN=High | water_temperature_deltaCelsius_BIN=High | workpiece_slice_geometry=180x180,30014816,17,1,6,24
2020-08-08,K_071,14,RUL_BIN=Critical | RUL_BIN=Healthy | RUL_BIN=Low | RUL_BIN=Medium | alloy_speed_meter_minute_BIN=Medium | alloy_type=open | cast_in_row_BIN=Low | crystallizer_movementmm_BIN=Low | num_crystallizer_BIN=High | num_crystallizer_BIN=Low | num_crystallizer_BIN=Medium | num_stream_BIN=High | num_stream_BIN=Low | num_stream_BIN=Medium | resistance_tonn_BIN=Low | steel_temperature_grab1Celsius_BIN=High | steel_type=Arm500 | steel_weighttonn_BIN=High | swing_frequency_amount_minute_BIN=High | temperature_measurement1_Celsius_BIN=Low | temperature_measurement2_Celsius_BIN=Low | water_consumption_BIN=High | water_temperature_deltaCelsius_BIN=High | workpiece_slice_geometry=180x180,,24,0,6,24
2020-08-09,K_072,0,alloy_speed_meter_minute_BIN=Medium | alloy_type=open | cast_in_row_BIN=Medium | crystallizer_movementmm_BIN=Low | resistance_tonn_BIN=Low | steel_temperature_grab1Celsius_BIN=High | steel_type=Arm500 | steel_weighttonn_BIN=High | swing_frequency_amount_minute_BIN=High | temperature_measurement1_Celsius_BIN=Low | temperature_measurement2_Celsius_BIN=Low | water_consumption_BIN=High | water_temperature_deltaCelsius_BIN=High | workpiece_slice_geometry=180x180,30014806 | 30014812 | 30014814 | 30014816 | 30014819 | 30014824 | 30014825,14,7,7,24
2020-08-09,K_072,1,alloy_speed_meter_minute_BIN=Medium | alloy_type=open | cast_in_row_BIN=Medium | crystallizer_movementmm_BIN=Low | num_stream_BIN=Low | resistance_tonn_BIN=Low | steel_temperature_grab1Celsius_BIN=High | steel_type=Arm500 | steel_weighttonn_BIN=High | swing_frequency_amount_minute_BIN=High | temperature_measurement1_Celsius_BIN=Low | temperature_measurement2_Celsius_BIN=Low | water_consumption_BIN=High | water_temperature_deltaCelsius_BIN=High | workpiece_slice_geometry=180x180,30014812 | 30014825,15,2,7,24
2020-08-09,K_072,2,alloy_speed_meter_minute_BIN=Medium | alloy_type=open | cast_in_row_BIN=Medium | crystallizer_movementmm_BIN=Low | num_stream_BIN=High | resistance_tonn_BIN=Low | steel_temperature_grab1Celsius_BIN=High | steel_type=Arm500 | steel_weighttonn_BIN=High | swing_frequency_amount_minute_BIN=High | temperature_measurement1_Celsius_BIN=Low | temperature_measurement2_Celsius_BIN=Low | water_consumption_BIN=High | water_temperature_deltaCelsius_BIN=High | workpiece_slice_geometry=180x180,30014816 | 30014819 | 30014824,15,3,7,24
2020-08-09,K_072,3,alloy_speed_meter_minute_BIN=Medium | alloy_type=open | cast_in_row_BIN=Medium | crystallizer_movementmm_BIN=Low | num_crystallizer_BIN=Medium | resistance_tonn_BIN=Low | steel_temperature_grab1Celsius_BIN=High | steel_type=Arm500 | steel_weighttonn_BIN=High | swing_frequency_amount_minute_BIN=High | temperature_measurement1_Celsius_BIN=Low | temperature_measurement2_Celsius_BIN=Low | water_consumption_BIN=High | water_temperature_deltaCelsius_BIN=High | workpiece_slice_geometry=180x180,30014814 | 30014819 | 30014824,15,3,7,24
2020-08-09,K_072,4,alloy_speed_meter_minute_BIN=Medium | alloy_type=open | cast_in_row_BIN=Medium | crystallizer_movementmm_BIN=Low | num_crystallizer_BIN=Medium | num_stream_BIN=High | resistance_tonn_BIN=Low | steel_temperature_grab1Celsius_BIN=High | steel_type=Arm500 | steel_weighttonn_BIN=High | swing_frequency_amount_minute_BIN=High | temperature_measurement1_Celsius_BIN=Low | temperature_measurement2_Celsius_BIN=Low | water_consumption_BIN=High | water_temperature_deltaCelsius_BIN=High | workpiece_slice_geometry=180x180,30014819 | 30014824,16,2,7,24
2020-08-09,K_072,5,alloy_speed_meter_minute_BIN=Medium | alloy_type=open | cast_in_row_BIN=Medium | crystallizer_movementmm_BIN=Low | num_crystallizer_BIN=Low | resistance_tonn_BIN=Low | steel_temperature_grab1Celsius_BIN=High | steel_type=Arm500 | steel_weighttonn_BIN=High | swing_frequency_amount_minute_BIN=High | temperature_measurement1_Celsius_BIN=Low | temperature_measurement2_Celsius_BIN=Low | water_consumption_BIN=High | water_temperature_deltaCelsius_BIN=High | workpiece_slice_geometry=180x180,30014806 | 30014812,15,2,7,24
2020-08-09,K_072,6,alloy_speed_meter_minute_BIN=Medium | alloy_type=open | cast_in_row_BIN=Medium | crystallizer_movementmm_BIN=Low | num_crystallizer_BIN=High | resistance_tonn_BIN=Low | steel_temperature_grab1Celsius_BIN=High | steel_type=Arm500 | steel_weighttonn_BIN=High | swing_frequency_amount_minute_BIN=High | temperature_measurement1_Celsius_BIN=Low | temperature_measurement2_Celsius_BIN=Low | water_consumption_BIN=High | water_temperature_deltaCelsius_BIN=High | workpiece_slice_geometry=180x180,30014816 | 30014825,15,2,7,24
2020-08-09,K_072,7,RUL_BIN=Medium | alloy_speed_meter_minute_BIN=Medium | alloy_type=open | cast_in_row_BIN=Medium | crystallizer_movementmm_BIN=Low | num_stream_BIN=Medium | resistance_tonn_BIN=Low | steel_temperature_grab1Celsius_BIN=High | steel_type=Arm500 | steel_weighttonn_BIN=High | swing_frequency_amount_minute_BIN=High | temperature_measurement1_Celsius_BIN=Low | temperature_measurement2_Celsius_BIN=Low | water_consumption_BIN=High | water_temperature_deltaCelsius_BIN=High | workpiece_slice_geometry=180x180,30014806 | 30014814,16,2,7,24
2020-08-09,K_072,8,RUL_BIN=Medium | alloy_speed_meter_minute_BIN=Medium | alloy_type=open | cast_in_row_BIN=Medium | crystallizer_movementmm_BIN=Low | num_crystallizer_BIN=Medium | num_stream_BIN=Medium | resistance_tonn_BIN=Low | steel_temperature_grab1Celsius_BIN=High | steel_type=Arm500 | steel_weighttonn_BIN=High | swing_frequency_amount_minute_BIN=High | temperature_measurement1_Celsius_BIN=Low | temperature_measurement2_Celsius_BIN=Low | water_consumption_BIN=High | water_temperature_deltaCelsius_BIN=High | workpiece_slice_geometry=180x180,30014814,17,1,7,24
2020-08-09,K_072,9,RUL_BIN=Medium | alloy_speed_meter_minute_BIN=Medium | alloy_type=open | cast_in_row_BIN=Medium | crystallizer_movementmm_BIN=Low | num_crystallizer_BIN=Low | num_stream_BIN=Medium | resistance_tonn_BIN=Low | steel_temperature_grab1Celsius_BIN=High | steel_type=Arm500 | steel_weighttonn_BIN=High | swing_frequency_amount_minute_BIN=High | temperature_measurement1_Celsius_BIN=Low | temperature_measurement2_Celsius_BIN=Low | water_consumption_BIN=High | water_temperature_deltaCelsius_BIN=High | workpiece_slice_geometry=180x180,30014806,17,1,7,24
2020-08-09,K_072,10,RUL_BIN=Low | alloy_speed_meter_minute_BIN=Medium | alloy_type=open | cast_in_row_BIN=Medium | crystallizer_movementmm_BIN=Low | resistance_tonn_BIN=Low | steel_temperature_grab1Celsius_BIN=High | steel_type=Arm500 | steel_weighttonn_BIN=High | swing_frequency_amount_minute_BIN=High | temperature_measurement1_Celsius_BIN=Low | temperature_measurement2_Celsius_BIN=Low | water_consumption_BIN=High | water_temperature_deltaCelsius_BIN=High | workpiece_slice_geometry=180x180,30014824 | 30014825,15,2,7,24
2020-08-09,K_072,11,RUL_BIN=Low | alloy_speed_meter_minute_BIN=Medium | alloy_type=open | cast_in_row_BIN=Medium | crystallizer_movementmm_BIN=Low | num_crystallizer_BIN=Medium | num_stream_BIN=High | resistance_tonn_BIN=Low | steel_temperature_grab1Celsius_BIN=High | steel_type=Arm500 | steel_weighttonn_BIN=High | swing_frequency_amount_minute_BIN=High | temperature_measurement1_Celsius_BIN=Low | temperature_measurement2_Celsius_BIN=Low | water_consumption_BIN=High | water_temperature_deltaCelsius_BIN=High | workpiece_slice_geometry=180x180,30014824,17,1,7,24
2020-08-09,K_072,12,RUL_BIN=Low | alloy_speed_meter_minute_BIN=Medium | alloy_type=open | cast_in_row_BIN=Medium | crystallizer_movementmm_BIN=Low | num_crystallizer_BIN=High | num_stream_BIN=Low | resistance_tonn_BIN=Low | steel_temperature_grab1Celsius_BIN=High | steel_type=Arm500 | steel_weighttonn_BIN=High | swing_frequency_amount_minute_BIN=High | temperature_measurement1_Celsius_BIN=Low | temperature_measurement2_Celsius_BIN=Low | water_consumption_BIN=High | water_temperature_deltaCelsius_BIN=High | workpiece_slice_geometry=180x180,30014825,17,1,7,24
2020-08-09,K_072,13,RUL_BIN=Healthy | alloy_speed_meter_minute_BIN=Medium | alloy_type=open | cast_in_row_BIN=Medium | crystallizer_movementmm_BIN=Low | resistance_tonn_BIN=Low | steel_temperature_grab1Celsius_BIN=High | steel_type=Arm500 | steel_weighttonn_BIN=High | swing_frequency_amount_minute_BIN=High | temperature_measurement1_Celsius_BIN=Low | temperature_measurement2_Celsius_BIN=Low | water_consumption_BIN=High | water_temperature_deltaCelsius_BIN=High | workpiece_slice_geometry=180x180,30014812 | 30014819,15,2,7,24
2020-08-09,K_072,14,RUL_BIN=Healthy | alloy_speed_meter_minute_BIN=Medium | alloy_type=open | cast_in_row_BIN=Medium | crystallizer_movementmm_BIN=Low | num_crystallizer_BIN=Medium | num_stream_BIN=High | resistance_tonn_BIN=Low | steel_temperature_grab1Celsius_BIN=High | steel_type=Arm500 | steel_weighttonn_BIN=High | swing_frequency_amount_minute_BIN=High | temperature_measurement1_Celsius_BIN=Low | temperature_measurement2_Celsius_BIN=Low | water_consumption_BIN=High | water_temperature_deltaCelsius_BIN=High | workpiece_slice_geometry=180x180,30014819,17,1,7,24
2020-08-09,K_072,15,RUL_BIN=Healthy | alloy_speed_meter_minute_BIN=Medium | alloy_type=open | cast_in_row_BIN=Medium | crystallizer_movementmm_BIN=Low | num_crystallizer_BIN=Low | num_stream_BIN=Low | resistance_tonn_BIN=Low | steel_temperature_grab1Celsius_BIN=High | steel_type=Arm500 | steel_weighttonn_BIN=High | swing_frequency_amount_minute_BIN=High | temperature_measurement1_Celsius_BIN=Low | temperature_measurement2_Celsius_BIN=Low | water_consumption_BIN=High | water_temperature_deltaCelsius_BIN=High | workpiece_slice_geometry=180x180,30014812,17,1,7,24
2020-08-09,K_072,16,RUL_BIN=Critical | alloy_speed_meter_minute_BIN=Medium | alloy_type=open | cast_in_row_BIN=Medium | crystallizer_movementmm_BIN=Low | num_crystallizer_BIN=High | num_stream_BIN=High | resistance_tonn_BIN=Low | steel_temperature_grab1Celsius_BIN=High | steel_type=Arm500 | steel_weighttonn_BIN=High | swing_frequency_amount_minute_BIN=High | temperature_measurement1_Celsius_BIN=Low | temperature_measurement2_Celsius_BIN=Low | water_consumption_BIN=High | water_temperature_deltaCelsius_BIN=High | workpiece_slice_geometry=180x180,30014816,17,1,7,24
2020-08-09,K_072,17,RUL_BIN=Critical | RUL_BIN=Healthy | RUL_BIN=Low | RUL_BIN=Medium | alloy_speed_meter_minute_BIN=Medium | alloy_type=open | cast_in_row_BIN=Medium | crystallizer_movementmm_BIN=Low | num_crystallizer_BIN=High | num_crystallizer_BIN=Low | num_crystallizer_BIN=Medium | num_stream_BIN=High | num_stream_BIN=Low | num_stream_BIN=Medium | resistance_tonn_BIN=Low | steel_temperature_grab1Celsius_BIN=High | steel_type=Arm500 | steel_weighttonn_BIN=High | swing_frequency_amount_minute_BIN=High | temperature_measurement1_Celsius_BIN=Low | temperature_measurement2_Celsius_BIN=Low | water_consumption_BIN=High | water_temperature_deltaCelsius_BIN=High | workpiece_slice_geometry=180x180,,24,0,7,24
2020-08-13,K_073,0,alloy_speed_meter_minute_BIN=Medium | alloy_type=open | cast_in_row_BIN=Low | crystallizer_movementmm_BIN=Low | resistance_tonn_BIN=Low | steel_temperature_grab1Celsius_BIN=High | steel_type=Arm500 | steel_weighttonn_BIN=High | swing_frequency_amount_minute_BIN=High | temperature_measurement1_Celsius_BIN=Low | temperature_measurement2_Celsius_BIN=Low | water_consumption_BIN=High | water_temperature_deltaCelsius_BIN=High | workpiece_slice_geometry=180x180,30014806 | 30014812 | 30014814 | 30014815 | 30014819 | 30014824,14,6,6,22
2020-08-13,K_073,1,alloy_speed_meter_minute_BIN=Medium | alloy_type=open | cast_in_row_BIN=Low | crystallizer_movementmm_BIN=Low | num_stream_BIN=Medium | resistance_tonn_BIN=Low | steel_temperature_grab1Celsius_BIN=High | steel_type=Arm500 | steel_weighttonn_BIN=High | swing_frequency_amount_minute_BIN=High | temperature_measurement1_Celsius_BIN=Low | temperature_measurement2_Celsius_BIN=Low | water_consumption_BIN=High | water_temperature_deltaCelsius_BIN=High | workpiece_slice_geometry=180x180,30014812 | 30014819,15,2,6,22
2020-08-13,K_073,2,alloy_speed_meter_minute_BIN=Medium | alloy_type=open | cast_in_row_BIN=Low | crystallizer_movementmm_BIN=Low | num_crystallizer_BIN=Medium | resistance_tonn_BIN=Low | steel_temperature_grab1Celsius_BIN=High | steel_type=Arm500 | steel_weighttonn_BIN=High | swing_frequency_amount_minute_BIN=High | temperature_measurement1_Celsius_BIN=Low | temperature_measurement2_Celsius_BIN=Low | water_consumption_BIN=High | water_temperature_deltaCelsius_BIN=High | workpiece_slice_geometry=180x180,30014814 | 30014815 | 30014819 | 30014824,15,4,6,22
2020-08-13,K_073,3,alloy_speed_meter_minute_BIN=Medium | alloy_type=open | cast_in_row_BIN=Low | crystallizer_movementmm_BIN=Low | num_crystallizer_BIN=Medium | num_stream_BIN=High | resistance_tonn_BIN=Low | steel_temperature_grab1Celsius_BIN=High | steel_type=Arm500 | steel_weighttonn_BIN=High | swing_frequency_amount_minute_BIN=High | temperature_measurement1_Celsius_BIN=Low | temperature_measurement2_Celsius_BIN=Low | water_consumption_BIN=High | water_temperature_deltaCelsius_BIN=High | workpiece_slice_geometry=180x180,30014814 | 30014815 | 30014824,16,3,6,22
2020-08-13,K_073,4,alloy_speed_meter_minute_BIN=Medium | alloy_type=open | cast_in_row_BIN=Low | crystallizer_movementmm_BIN=Low | num_crystallizer_BIN=Low | resistance_tonn_BIN=Low | steel_temperature_grab1Celsius_BIN=High | steel_type=Arm500 | steel_weighttonn_BIN=High | swing_frequency_amount_minute_BIN=High | temperature_measurement1_Celsius_BIN=Low | temperature_measurement2_Celsius_BIN=Low | water_consumption_BIN=High | water_temperature_deltaCelsius_BIN=High | workpiece_slice_geometry=180x180,30014806 | 30014812,15,2,6,22
2020-08-13,K_073,5,RUL_BIN=Medium | alloy_speed_meter_minute_BIN=Medium | alloy_type=open | cast_in_row_BIN=Low | crystallizer_movementmm_BIN=Low | resistance_tonn_BIN=Low | steel_temperature_grab1Celsius_BIN=High | steel_type=Arm500 | steel_weighttonn_BIN=High | swing_frequency_amount_minute_BIN=High | temperature_measurement1_Celsius_BIN=Low | temperature_measurement2_Celsius_BIN=Low | water_consumption_BIN=High | water_temperature_deltaCelsius_BIN=High | workpiece_slice_geometry=180x180,30014806 | 30014814 | 30014819,15,3,6,22
2020-08-13,K_073,6,RUL_BIN=Medium | alloy_speed_meter_minute_BIN=Medium | alloy_type=open | cast_in_row_BIN=Low | crystallizer_movementmm_BIN=Low | num_crystallizer_BIN=Medium | resistance_tonn_BIN=Low | steel_temperature_grab1Celsius_BIN=High | steel_type=Arm500 | steel_weighttonn_BIN=High | swing_frequency_amount_minute_BIN=High | temperature_measurement1_Celsius_BIN=Low | temperature_measurement2_Celsius_BIN=Low | water_consumption_BIN=High | water_temperature_deltaCelsius_BIN=High | workpiece_slice_geometry=180x180,30014814 | 30014819,16,2,6,22
2020-08-13,K_073,7,RUL_BIN=Medium | alloy_speed_meter_minute_BIN=Medium | alloy_type=open | cast_in_row_BIN=Low | crystallizer_movementmm_BIN=Low | num_crystallizer_BIN=Medium | num_stream_BIN=Medium | resistance_tonn_BIN=Low | steel_temperature_grab1Celsius_BIN=High | steel_type=Arm500 | steel_weighttonn_BIN=High | swing_frequency_amount_minute_BIN=High | temperature_measurement1_Celsius_BIN=Low | temperature_measurement2_Celsius_BIN=Low | water_consumption_BIN=High | water_temperature_deltaCelsius_BIN=High | workpiece_slice_geometry=180x180,30014819,17,1,6,22
2020-08-13,K_073,8,RUL_BIN=Medium | alloy_speed_meter_minute_BIN=Medium | alloy_type=open | cast_in_row_BIN=Low | crystallizer_movementmm_BIN=Low | num_crystallizer_BIN=Medium | num_stream_BIN=High | resistance_tonn_BIN=Low | steel_temperature_grab1Celsius_BIN=High | steel_type=Arm500 | steel_weighttonn_BIN=High | swing_frequency_amount_minute_BIN=High | temperature_measurement1_Celsius_BIN=Low | temperature_measurement2_Celsius_BIN=Low | water_consumption_BIN=High | water_temperature_deltaCelsius_BIN=High | workpiece_slice_geometry=180x180,30014814,17,1,6,22
2020-08-13,K_073,9,RUL_BIN=Medium | alloy_speed_meter_minute_BIN=Medium | alloy_type=open | cast_in_row_BIN=Low | crystallizer_movementmm_BIN=Low | num_crystallizer_BIN=Low | num_stream_BIN=Low | resistance_tonn_BIN=Low | steel_temperature_grab1Celsius_BIN=High | steel_type=Arm500 | steel_weighttonn_BIN=High | swing_frequency_amount_minute_BIN=High | temperature_measurement1_Celsius_BIN=Low | temperature_measurement2_Celsius_BIN=Low | water_consumption_BIN=High | water_temperature_deltaCelsius_BIN=High | workpiece_slice_geometry=180x180,30014806,17,1,6,22
2020-08-13,K_073,10,RUL_BIN=Healthy | alloy_speed_meter_minute_BIN=Medium | alloy_type=open | cast_in_row_BIN=Low | crystallizer_movementmm_BIN=Low | num_crystallizer_BIN=Low | num_stream_BIN=Medium | resistance_tonn_BIN=Low | steel_temperature_grab1Celsius_BIN=High | steel_type=Arm500 | steel_weighttonn_BIN=High | swing_frequency_amount_minute_BIN=High | temperature_measurement1_Celsius_BIN=Low | temperature_measurement2_Celsius_BIN=Low | water_consumption_BIN=High | water_temperature_deltaCelsius_BIN=High | workpiece_slice_geometry=180x180,30014812,17,1,6,22
2020-08-13,K_073,11,RUL_BIN=Critical | alloy_speed_meter_minute_BIN=Medium | alloy_type=open | cast_in_row_BIN=Low | crystallizer_movementmm_BIN=Low | num_crystallizer_BIN=Medium | num_stream_BIN=High | resistance_tonn_BIN=Low | steel_temperature_grab1Celsius_BIN=High | steel_type=Arm500 | steel_weighttonn_BIN=High | swing_frequency_amount_minute_BIN=High | temperature_measurement1_Celsius_BIN=Low | temperature_measurement2_Celsius_BIN=Low | water_consumption_BIN=High | water_temperature_deltaCelsius_BIN=High | workpiece_slice_geometry=180x180,30014815 | 30014824,17,2,6,22
2020-08-13,K_073,12,RUL_BIN=Critical | RUL_BIN=Healthy | RUL_BIN=Medium | alloy_speed_meter_minute_BIN=Medium | alloy_type=open | cast_in_row_BIN=Low | crystallizer_movementmm_BIN=Low | num_crystallizer_BIN=Low | num_crystallizer_BIN=Medium | num_stream_BIN=High | num_stream_BIN=Low | num_stream_BIN=Medium | resistance_tonn_BIN=Low | steel_temperature_grab1Celsius_BIN=High | steel_type=Arm500 | steel_weighttonn_BIN=High | swing_frequency_amount_minute_BIN=High | temperature_measurement1_Celsius_BIN=Low | temperature_measurement2_Celsius_BIN=Low | water_consumption_BIN=High | water_temperature_deltaCelsius_BIN=High | workpiece_slice_geometry=180x180,,22,0,6,22
2020-08-14,K_074,0,alloy_speed_meter_minute_BIN=Medium | alloy_type=open | cast_in_row_BIN=Medium | crystallizer_movementmm_BIN=Low | resistance_tonn_BIN=Low | steel_temperature_grab1Celsius_BIN=High | steel_type=Arm500 | steel_weighttonn_BIN=High | swing_frequency_amount_minute_BIN=High | temperature_measurement1_Celsius_BIN=Low | temperature_measurement2_Celsius_BIN=Low | water_consumption_BIN=High | water_temperature_deltaCelsius_BIN=High | workpiece_slice_geometry=180x180,30014806 | 30014812 | 30014814 | 30014815 | 30014819,14,5,5,22
2020-08-14,K_074,1,alloy_speed_meter_minute_BIN=Medium | alloy_type=open | cast_in_row_BIN=Medium | crystallizer_movementmm_BIN=Low | num_stream_BIN=Medium | resistance_tonn_BIN=Low | steel_temperature_grab1Celsius_BIN=High | steel_type=Arm500 | steel_weighttonn_BIN=High | swing_frequency_amount_minute_BIN=High | temperature_measurement1_Celsius_BIN=Low | temperature_measurement2_Celsius_BIN=Low | water_consumption_BIN=High | water_temperature_deltaCelsius_BIN=High | workpiece_slice_geometry=180x180,30014812 | 30014819,15,2,5,22
2020-08-14,K_074,2,alloy_speed_meter_minute_BIN=Medium | alloy_type=open | cast_in_row_BIN=Medium | crystallizer_movementmm_BIN=Low | num_crystallizer_BIN=Medium | resistance_tonn_BIN=Low | steel_temperature_grab1Celsius_BIN=High | steel_type=Arm500 | steel_weighttonn_BIN=High | swing_frequency_amount_minute_BIN=High | temperature_measurement1_Celsius_BIN=Low | temperature_measurement2_Celsius_BIN=Low | water_consumption_BIN=High | water_temperature_deltaCelsius_BIN=High | workpiece_slice_geometry=180x180,30014814 | 30014815 | 30014819,15,3,5,22
2020-08-14,K_074,3,alloy_speed_meter_minute_BIN=Medium | alloy_type=open | cast_in_row_BIN=Medium | crystallizer_movementmm_BIN=Low | num_crystallizer_BIN=Medium | num_stream_BIN=High | resistance_tonn_BIN=Low | steel_temperature_grab1Celsius_BIN=High | steel_type=Arm500 | steel_weighttonn_BIN=High | swing_frequency_amount_minute_BIN=High | temperature_measurement1_Celsius_BIN=Low | temperature_measurement2_Celsius_BIN=Low | water_consumption_BIN=High | water_temperature_deltaCelsius_BIN=High | workpiece_slice_geometry=180x180,30014814 | 30014815,16,2,5,22
2020-08-14,K_074,4,alloy_speed_meter_minute_BIN=Medium | alloy_type=open | cast_in_row_BIN=Medium | crystallizer_movementmm_BIN=Low | num_crystallizer_BIN=Low | resistance_tonn_BIN=Low | steel_temperature_grab1Celsius_BIN=High | steel_type=Arm500 | steel_weighttonn_BIN=High | swing_frequency_amount_minute_BIN=High | temperature_measurement1_Celsius_BIN=Low | temperature_measurement2_Celsius_BIN=Low | water_consumption_BIN=High | water_temperature_deltaCelsius_BIN=High | workpiece_slice_geometry=180x180,30014806 | 30014812,15,2,5,22
2020-08-14,K_074,5,RUL_BIN=Medium | alloy_speed_meter_minute_BIN=Medium | alloy_type=open | cast_in_row_BIN=Medium | crystallizer_movementmm_BIN=Low | num_crystallizer_BIN=Low | num_stream_BIN=Medium | resistance_tonn_BIN=Low | steel_temperature_grab1Celsius_BIN=High | steel_type=Arm500 | steel_weighttonn_BIN=High | swing_frequency_amount_minute_BIN=High | temperature_measurement1_Celsius_BIN=Low | temperature_measurement2_Celsius_BIN=Low | water_consumption_BIN=High | water_temperature_deltaCelsius_BIN=High | workpiece_slice_geometry=180x180,30014812,17,1,5,22
2020-08-14,K_074,6,RUL_BIN=Low | alloy_speed_meter_minute_BIN=Medium | alloy_type=open | cast_in_row_BIN=Medium | crystallizer_movementmm_BIN=Low | resistance_tonn_BIN=Low | steel_temperature_grab1Celsius_BIN=High | steel_type=Arm500 | steel_weighttonn_BIN=High | swing_frequency_amount_minute_BIN=High | temperature_measurement1_Celsius_BIN=Low | temperature_measurement2_Celsius_BIN=Low | water_consumption_BIN=High | water_temperature_deltaCelsius_BIN=High | workpiece_slice_geometry=180x180,30014806 | 30014814 | 30014819,15,3,5,22
2020-08-14,K_074,7,RUL_BIN=Low | alloy_speed_meter_minute_BIN=Medium | alloy_type=open | cast_in_row_BIN=Medium | crystallizer_movementmm_BIN=Low | num_crystallizer_BIN=Medium | resistance_tonn_BIN=Low | steel_temperature_grab1Celsius_BIN=High | steel_type=Arm500 | steel_weighttonn_BIN=High | swing_frequency_amount_minute_BIN=High | temperature_measurement1_Celsius_BIN=Low | temperature_measurement2_Celsius_BIN=Low | water_consumption_BIN=High | water_temperature_deltaCelsius_BIN=High | workpiece_slice_geometry=180x180,30014814 | 30014819,16,2,5,22
2020-08-14,K_074,8,RUL_BIN=Low | alloy_speed_meter_minute_BIN=Medium | alloy_type=open | cast_in_row_BIN=Medium | crystallizer_movementmm_BIN=Low | num_crystallizer_BIN=Medium | num_stream_BIN=Medium | resistance_tonn_BIN=Low | steel_temperature_grab1Celsius_BIN=High | steel_type=Arm500 | steel_weighttonn_BIN=High | swing_frequency_amount_minute_BIN=High | temperature_measurement1_Celsius_BIN=Low | temperature_measurement2_Celsius_BIN=Low | water_consumption_BIN=High | water_temperature_deltaCelsius_BIN=High | workpiece_slice_geometry=180x180,30014819,17,1,5,22
2020-08-14,K_074,9,RUL_BIN=Low | alloy_speed_meter_minute_BIN=Medium | alloy_type=open | cast_in_row_BIN=Medium | crystallizer_movementmm_BIN=Low | num_crystallizer_BIN=Medium | num_stream_BIN=High | resistance_tonn_BIN=Low | steel_temperature_grab1Celsius_BIN=High | steel_type=Arm500 | steel_weighttonn_BIN=High | swing_frequency_amount_minute_BIN=High | temperature_measurement1_Celsius_BIN=Low | temperature_measurement2_Celsius_BIN=Low | water_consumption_BIN=High | water_temperature_deltaCelsius_BIN=High | workpiece_slice_geometry=180x180,30014814,17,1,5,22
2020-08-14,K_074,10,RUL_BIN=Low | alloy_speed_meter_minute_BIN=Medium | alloy_type=open | cast_in_row_BIN=Medium | crystallizer_movementmm_BIN=Low | num_crystallizer_BIN=Low | num_stream_BIN=Low | resistance_tonn_BIN=Low | steel_temperature_grab1Celsius_BIN=High | steel_type=Arm500 | steel_weighttonn_BIN=High | swing_frequency_amount_minute_BIN=High | temperature_measurement1_Celsius_BIN=Low | temperature_measurement2_Celsius_BIN=Low | water_consumption_BIN=High | water_temperature_deltaCelsius_BIN=High | workpiece_slice_geometry=180x180,30014806,17,1,5,22
2020-08-14,K_074,11,RUL_BIN=Critical | alloy_speed_meter_minute_BIN=Medium | alloy_type=open | cast_in_row_BIN=Medium | crystallizer_movementmm_BIN=Low | num_crystallizer_BIN=Medium | num_stream_BIN=High | resistance_tonn_BIN=Low | steel_temperature_grab1Celsius_BIN=High | steel_type=Arm500 | steel_weighttonn_BIN=High | swing_frequency_amount_minute_BIN=High | temperature_measurement1_Celsius_BIN=Low | temperature_measurement2_Celsius_BIN=Low | water_consumption_BIN=High | water_temperature_deltaCelsius_BIN=High | workpiece_slice_geometry=180x180,30014815,17,1,5,22
2020-08-14,K_074,12,RUL_BIN=Critical | RUL_BIN=Low | RUL_BIN=Medium | alloy_speed_meter_minute_BIN=Medium | alloy_type=open | cast_in_row_BIN=Medium | crystallizer_movementmm_BIN=Low | num_crystallizer_BIN=Low | num_crystallizer_BIN=Medium | num_stream_BIN=High | num_stream_BIN=Low | num_stream_BIN=Medium | resistance_tonn_BIN=Low | steel_temperature_grab1Celsius_BIN=High | steel_type=Arm500 | steel_weighttonn_BIN=High | swing_frequency_amount_minute_BIN=High | temperature_measurement1_Celsius_BIN=Low | temperature_measurement2_Celsius_BIN=Low | water_consumption_BIN=High | water_temperature_deltaCelsius_BIN=High | workpiece_slice_geometry=180x180,,22,0,5,22
2020-08-15,K_075,0,alloy_speed_meter_minute_BIN=Medium | alloy_type=open | cast_in_row_BIN=Medium | crystallizer_movementmm_BIN=Low | resistance_tonn_BIN=Low | steel_temperature_grab1Celsius_BIN=High | steel_type=Arm500 | steel_weighttonn_BIN=High | swing_frequency_amount_minute_BIN=High | temperature_measurement1_Celsius_BIN=Low | temperature_measurement2_Celsius_BIN=Low | water_consumption_BIN=High | water_temperature_deltaCelsius_BIN=High | workpiece_slice_geometry=180x180,30014806 | 30014812 | 30014814 | 30014815 | 30014819 | 30014825,14,6,6,23
2020-08-15,K_075,1,alloy_speed_meter_minute_BIN=Medium | alloy_type=open | cast_in_row_BIN=Medium | crystallizer_movementmm_BIN=Low | num_stream_BIN=Medium | resistance_tonn_BIN=Low | steel_temperature_grab1Celsius_BIN=High | steel_type=Arm500 | steel_weighttonn_BIN=High | swing_frequency_amount_minute_BIN=High | temperature_measurement1_Celsius_BIN=Low | temperature_measurement2_Celsius_BIN=Low | water_consumption_BIN=High | water_temperature_deltaCelsius_BIN=High | workpiece_slice_geometry=180x180,30014812 | 30014819,15,2,6,23
2020-08-15,K_075,2,alloy_speed_meter_minute_BIN=Medium | alloy_type=open | cast_in_row_BIN=Medium | crystallizer_movementmm_BIN=Low | num_stream_BIN=High | resistance_tonn_BIN=Low | steel_temperature_grab1Celsius_BIN=High | steel_type=Arm500 | steel_weighttonn_BIN=High | swing_frequency_amount_minute_BIN=High | temperature_measurement1_Celsius_BIN=Low | temperature_measurement2_Celsius_BIN=Low | water_consumption_BIN=High | water_temperature_deltaCelsius_BIN=High | workpiece_slice_geometry=180x180,30014814 | 30014815 | 30014825,15,3,6,23
2020-08-15,K_075,3,alloy_speed_meter_minute_BIN=Medium | alloy_type=open | cast_in_row_BIN=Medium | crystallizer_movementmm_BIN=Low | num_crystallizer_BIN=Medium | resistance_tonn_BIN=Low | steel_temperature_grab1Celsius_BIN=High | steel_type=Arm500 | steel_weighttonn_BIN=High | swing_frequency_amount_minute_BIN=High | temperature_measurement1_Celsius_BIN=Low | temperature_measurement2_Celsius_BIN=Low | water_consumption_BIN=High | water_temperature_deltaCelsius_BIN=High | workpiece_slice_geometry=180x180,30014814 | 30014815 | 30014819,15,3,6,23
2020-08-15,K_075,4,alloy_speed_meter_minute_BIN=Medium | alloy_type=open | cast_in_row_BIN=Medium | crystallizer_movementmm_BIN=Low | num_crystallizer_BIN=Medium | num_stream_BIN=High | resistance_tonn_BIN=Low | steel_temperature_grab1Celsius_BIN=High | steel_type=Arm500 | steel_weighttonn_BIN=High | swing_frequency_amount_minute_BIN=High | temperature_measurement1_Celsius_BIN=Low | temperature_measurement2_Celsius_BIN=Low | water_consumption_BIN=High | water_temperature_deltaCelsius_BIN=High | workpiece_slice_geometry=180x180,30014814 | 30014815,16,2,6,23
2020-08-15,K_075,5,alloy_speed_meter_minute_BIN=Medium | alloy_type=open | cast_in_row_BIN=Medium | crystallizer_movementmm_BIN=Low | num_crystallizer_BIN=Low | resistance_tonn_BIN=Low | steel_temperature_grab1Celsius_BIN=High | steel_type=Arm500 | steel_weighttonn_BIN=High | swing_frequency_amount_minute_BIN=High | temperature_measurement1_Celsius_BIN=Low | temperature_measurement2_Celsius_BIN=Low | water_consumption_BIN=High | water_temperature_deltaCelsius_BIN=High | workpiece_slice_geometry=180x180,30014806 | 30014812,15,2,6,23
2020-08-15,K_075,6,RUL_BIN=Medium | alloy_speed_meter_minute_BIN=Medium | alloy_type=open | cast_in_row_BIN=Medium | crystallizer_movementmm_BIN=Low | num_crystallizer_BIN=Low | num_stream_BIN=Medium | resistance_tonn_BIN=Low | steel_temperature_grab1Celsius_BIN=High | steel_type=Arm500 | steel_weighttonn_BIN=High | swing_frequency_amount_minute_BIN=High | temperature_measurement1_Celsius_BIN=Low | temperature_measurement2_Celsius_BIN=Low | water_consumption_BIN=High | water_temperature_deltaCelsius_BIN=High | workpiece_slice_geometry=180x180,30014812,17,1,6,23
2020-08-15,K_075,7,RUL_BIN=Low | alloy_speed_meter_minute_BIN=Medium | alloy_type=open | cast_in_row_BIN=Medium | crystallizer_movementmm_BIN=Low | resistance_tonn_BIN=Low | steel_temperature_grab1Celsius_BIN=High | steel_type=Arm500 | steel_weighttonn_BIN=High | swing_frequency_amount_minute_BIN=High | temperature_measurement1_Celsius_BIN=Low | temperature_measurement2_Celsius_BIN=Low | water_consumption_BIN=High | water_temperature_deltaCelsius_BIN=High | workpiece_slice_geometry=180x180,30014806 | 30014814 | 30014819,15,3,6,23
2020-08-15,K_075,8,RUL_BIN=Low | alloy_speed_meter_minute_BIN=Medium | alloy_type=open | cast_in_row_BIN=Medium | crystallizer_movementmm_BIN=Low | num_crystallizer_BIN=Medium | resistance_tonn_BIN=Low | steel_temperature_grab1Celsius_BIN=High | steel_type=Arm500 | steel_weighttonn_BIN=High | swing_frequency_amount_minute_BIN=High | temperature_measurement1_Celsius_BIN=Low | temperature_measurement2_Celsius_BIN=Low | water_consumption_BIN=High | water_temperature_deltaCelsius_BIN=High | workpiece_slice_geometry=180x180,30014814 | 30014819,16,2,6,23
2020-08-15,K_075,9,RUL_BIN=Low | alloy_speed_meter_minute_BIN=Medium | alloy_type=open | cast_in_row_BIN=Medium | crystallizer_movementmm_BIN=Low | num_crystallizer_BIN=Medium | num_stream_BIN=Medium | resistance_tonn_BIN=Low | steel_temperature_grab1Celsius_BIN=High | steel_type=Arm500 | steel_weighttonn_BIN=High | swing_frequency_amount_minute_BIN=High | temperature_measurement1_Celsius_BIN=Low | temperature_measurement2_Celsius_BIN=Low | water_consumption_BIN=High | water_temperature_deltaCelsius_BIN=High | workpiece_slice_geometry=180x180,30014819,17,1,6,23
2020-08-15,K_075,10,RUL_BIN=Low | alloy_speed_meter_minute_BIN=Medium | alloy_type=open | cast_in_row_BIN=Medium | crystallizer_movementmm_BIN=Low | num_crystallizer_BIN=Medium | num_stream_BIN=High | resistance_tonn_BIN=Low | steel_temperature_grab1Celsius_BIN=High | steel_type=Arm500 | steel_weighttonn_BIN=High | swing_frequency_amount_minute_BIN=High | temperature_measurement1_Celsius_BIN=Low | temperature_measurement2_Celsius_BIN=Low | water_consumption_BIN=High | water_temperature_deltaCelsius_BIN=High | workpiece_slice_geometry=180x180,30014814,17,1,6,23
2020-08-15,K_075,11,RUL_BIN=Low | alloy_speed_meter_minute_BIN=Medium | alloy_type=open | cast_in_row_BIN=Medium | crystallizer_movementmm_BIN=Low | num_crystallizer_BIN=Low | num_stream_BIN=Low | resistance_tonn_BIN=Low | steel_temperature_grab1Celsius_BIN=High | steel_type=Arm500 | steel_weighttonn_BIN=High | swing_frequency_amount_minute_BIN=High | temperature_measurement1_Celsius_BIN=Low | temperature_measurement2_Celsius_BIN=Low | water_consumption_BIN=High | water_temperature_deltaCelsius_BIN=High | workpiece_slice_geometry=180x180,30014806,17,1,6,23
2020-08-15,K_075,12,RUL_BIN=Critical | alloy_speed_meter_minute_BIN=Medium | alloy_type=open | cast_in_row_BIN=Medium | crystallizer_movementmm_BIN=Low | num_stream_BIN=High | resistance_tonn_BIN=Low | steel_temperature_grab1Celsius_BIN=High | steel_type=Arm500 | steel_weighttonn_BIN=High | swing_frequency_amount_minute_BIN=High | temperature_measurement1_Celsius_BIN=Low | temperature_measurement2_Celsius_BIN=Low | water_consumption_BIN=High | water_temperature_deltaCelsius_BIN=High | workpiece_slice_geometry=180x180,30014815 | 30014825,16,2,6,23
2020-08-15,K_075,13,RUL_BIN=Critical | alloy_speed_meter_minute_BIN=Medium | alloy_type=open | cast_in_row_BIN=Medium | crystallizer_movementmm_BIN=Low | num_crystallizer_BIN=Medium | num_stream_BIN=High | resistance_tonn_BIN=Low | steel_temperature_grab1Celsius_BIN=High | steel_type=Arm500 | steel_weighttonn_BIN=High | swing_frequency_amount_minute_BIN=High | temperature_measurement1_Celsius_BIN=Low | temperature_measurement2_Celsius_BIN=Low | water_consumption_BIN=High | water_temperature_deltaCelsius_BIN=High | workpiece_slice_geometry=180x180,30014815,17,1,6,23
2020-08-15,K_075,14,RUL_BIN=Critical | alloy_speed_meter_minute_BIN=Medium | alloy_type=open | cast_in_row_BIN=Medium | crystallizer_movementmm_BIN=Low | num_crystallizer_BIN=High | num_stream_BIN=High | resistance_tonn_BIN=Low | steel_temperature_grab1Celsius_BIN=High | steel_type=Arm500 | steel_weighttonn_BIN=High | swing_frequency_amount_minute_BIN=High | temperature_measurement1_Celsius_BIN=Low | temperature_measurement2_Celsius_BIN=Low | water_consumption_BIN=High | water_temperature_deltaCelsius_BIN=High | workpiece_slice_geometry=180x180,30014825,17,1,6,23
2020-08-15,K_075,15,RUL_BIN=Critical | RUL_BIN=Low | RUL_BIN=Medium | alloy_speed_meter_minute_BIN=Medium | alloy_type=open | cast_in_row_BIN=Medium | crystallizer_movementmm_BIN=Low | num_crystallizer_BIN=High | num_crystallizer_BIN=Low | num_crystallizer_BIN=Medium | num_stream_BIN=High | num_stream_BIN=Low | num_stream_BIN=Medium | resistance_tonn_BIN=Low | steel_temperature_grab1Celsius_BIN=High | steel_type=Arm500 | steel_weighttonn_BIN=High | swing_frequency_amount_minute_BIN=High | temperature_measurement1_Celsius_BIN=Low | temperature_measurement2_Celsius_BIN=Low | water_consumption_BIN=High | water_temperature_deltaCelsius_BIN=High | workpiece_slice_geometry=180x180,,23,0,6,23
2020-08-16,K_076,0,alloy_speed_meter_minute_BIN=Medium | alloy_type=open | cast_in_row_BIN=Low | crystallizer_movementmm_BIN=Low | resistance_tonn_BIN=Low | steel_temperature_grab1Celsius_BIN=High | steel_type=Arm500 | steel_weighttonn_BIN=Medium | swing_frequency_amount_minute_BIN=High | temperature_measurement1_Celsius_BIN=Low | temperature_measurement2_Celsius_BIN=Low | water_consumption_BIN=High | water_temperature_deltaCelsius_BIN=High | workpiece_slice_geometry=180x180,30014806 | 30014812 | 30014819 | 30014825,14,4,4,22
2020-08-16,K_076,1,alloy_speed_meter_minute_BIN=Medium | alloy_type=open | cast_in_row_BIN=Low | crystallizer_movementmm_BIN=Low | num_stream_BIN=Medium | resistance_tonn_BIN=Low | steel_temperature_grab1Celsius_BIN=High | steel_type=Arm500 | steel_weighttonn_BIN=Medium | swing_frequency_amount_minute_BIN=High | temperature_measurement1_Celsius_BIN=Low | temperature_measurement2_Celsius_BIN=Low | water_consumption_BIN=High | water_temperature_deltaCelsius_BIN=High | workpiece_slice_geometry=180x180,30014812 | 30014819,15,2,4,22
2020-08-16,K_076,2,alloy_speed_meter_minute_BIN=Medium | alloy_type=open | cast_in_row_BIN=Low | crystallizer_movementmm_BIN=Low | num_crystallizer_BIN=Low | resistance_tonn_BIN=Low | steel_temperature_grab1Celsius_BIN=High | steel_type=Arm500 | steel_weighttonn_BIN=Medium | swing_frequency_amount_minute_BIN=High | temperature_measurement1_Celsius_BIN=Low | temperature_measurement2_Celsius_BIN=Low | water_consumption_BIN=High | water_temperature_deltaCelsius_BIN=High | workpiece_slice_geometry=180x180,30014806 | 30014812,15,2,4,22
2020-08-16,K_076,3,RUL_BIN=Medium | alloy_speed_meter_minute_BIN=Medium | alloy_type=open | cast_in_row_BIN=Low | crystallizer_movementmm_BIN=Low | num_crystallizer_BIN=Low | num_stream_BIN=Medium | resistance_tonn_BIN=Low | steel_temperature_grab1Celsius_BIN=High | steel_type=Arm500 | steel_weighttonn_BIN=Medium | swing_frequency_amount_minute_BIN=High | temperature_measurement1_Celsius_BIN=Low | temperature_measurement2_Celsius_BIN=Low | water_consumption_BIN=High | water_temperature_deltaCelsius_BIN=High | workpiece_slice_geometry=180x180,30014812,17,1,4,22
2020-08-16,K_076,4,RUL_BIN=Critical | alloy_speed_meter_minute_BIN=Medium | alloy_type=open | cast_in_row_BIN=Low | crystallizer_movementmm_BIN=Low | resistance_tonn_BIN=Low | steel_temperature_grab1Celsius_BIN=High | steel_type=Arm500 | steel_weighttonn_BIN=Medium | swing_frequency_amount_minute_BIN=High | temperature_measurement1_Celsius_BIN=Low | temperature_measurement2_Celsius_BIN=Low | water_consumption_BIN=High | water_temperature_deltaCelsius_BIN=High | workpiece_slice_geometry=180x180,30014806 | 30014819 | 30014825,15,3,4,22
2020-08-16,K_076,5,RUL_BIN=Critical | alloy_speed_meter_minute_BIN=Medium | alloy_type=open | cast_in_row_BIN=Low | crystallizer_movementmm_BIN=Low | num_crystallizer_BIN=Medium | num_stream_BIN=Medium | resistance_tonn_BIN=Low | steel_temperature_grab1Celsius_BIN=High | steel_type=Arm500 | steel_weighttonn_BIN=Medium | swing_frequency_amount_minute_BIN=High | temperature_measurement1_Celsius_BIN=Low | temperature_measurement2_Celsius_BIN=Low | water_consumption_BIN=High | water_temperature_deltaCelsius_BIN=High | workpiece_slice_geometry=180x180,30014819,17,1,4,22
2020-08-16,K_076,6,RUL_BIN=Critical | alloy_speed_meter_minute_BIN=Medium | alloy_type=open | cast_in_row_BIN=Low | crystallizer_movementmm_BIN=Low | num_crystallizer_BIN=Low | num_stream_BIN=Low | resistance_tonn_BIN=Low | steel_temperature_grab1Celsius_BIN=High | steel_type=Arm500 | steel_weighttonn_BIN=Medium | swing_frequency_amount_minute_BIN=High | temperature_measurement1_Celsius_BIN=Low | temperature_measurement2_Celsius_BIN=Low | water_consumption_BIN=High | water_temperature_deltaCelsius_BIN=High | workpiece_slice_geometry=180x180,30014806,17,1,4,22
2020-08-16,K_076,7,RUL_BIN=Critical | alloy_speed_meter_minute_BIN=Medium | alloy_type=open | cast_in_row_BIN=Low | crystallizer_movementmm_BIN=Low | num_crystallizer_BIN=High | num_stream_BIN=High | resistance_tonn_BIN=Low | steel_temperature_grab1Celsius_BIN=High | steel_type=Arm500 | steel_weighttonn_BIN=Medium | swing_frequency_amount_minute_BIN=High | temperature_measurement1_Celsius_BIN=Low | temperature_measurement2_Celsius_BIN=Low | water_consumption_BIN=High | water_temperature_deltaCelsius_BIN=High | workpiece_slice_geometry=180x180,30014825,17,1,4,22
2020-08-16,K_076,8,RUL_BIN=Critical | RUL_BIN=Medium | alloy_speed_meter_minute_BIN=Medium | alloy_type=open | cast_in_row_BIN=Low | crystallizer_movementmm_BIN=Low | num_crystallizer_BIN=High | num_crystallizer_BIN=Low | num_crystallizer_BIN=Medium | num_stream_BIN=High | num_stream_BIN=Low | num_stream_BIN=Medium | resistance_tonn_BIN=Low | steel_temperature_grab1Celsius_BIN=High | steel_type=Arm500 | steel_weighttonn_BIN=Medium | swing_frequency_amount_minute_BIN=High | temperature_measurement1_Celsius_BIN=Low | temperature_measurement2_Celsius_BIN=Low | water_consumption_BIN=High | water_temperature_deltaCelsius_BIN=High | workpiece_slice_geometry=180x180,,22,0,4,22
2020-08-17,K_077,0,alloy_speed_meter_minute_BIN=Medium | alloy_type=open | cast_in_row_BIN=Low | crystallizer_movementmm_BIN=Low | resistance_tonn_BIN=Low | steel_temperature_grab1Celsius_BIN=High | steel_type=Arm500 | steel_weighttonn_BIN=Medium | swing_frequency_amount_minute_BIN=High | temperature_measurement1_Celsius_BIN=Low | temperature_measurement2_Celsius_BIN=Low | water_consumption_BIN=High | water_temperature_deltaCelsius_BIN=High | workpiece_slice_geometry=180x180,30014806 | 30014812 | 30014814 | 30014819 | 30014824 | 30014825,14,6,6,22
2020-08-17,K_077,1,alloy_speed_meter_minute_BIN=Medium | alloy_type=open | cast_in_row_BIN=Low | crystallizer_movementmm_BIN=Low | num_stream_BIN=Medium | resistance_tonn_BIN=Low | steel_temperature_grab1Celsius_BIN=High | steel_type=Arm500 | steel_weighttonn_BIN=Medium | swing_frequency_amount_minute_BIN=High | temperature_measurement1_Celsius_BIN=Low | temperature_measurement2_Celsius_BIN=Low | water_consumption_BIN=High | water_temperature_deltaCelsius_BIN=High | workpiece_slice_geometry=180x180,30014812 | 30014814 | 30014819,15,3,6,22
2020-08-17,K_077,2,alloy_speed_meter_minute_BIN=Medium | alloy_type=open | cast_in_row_BIN=Low | crystallizer_movementmm_BIN=Low | num_crystallizer_BIN=Low | resistance_tonn_BIN=Low | steel_temperature_grab1Celsius_BIN=High | steel_type=Arm500 | steel_weighttonn_BIN=Medium | swing_frequency_amount_minute_BIN=High | temperature_measurement1_Celsius_BIN=Low | temperature_measurement2_Celsius_BIN=Low | water_consumption_BIN=High | water_temperature_deltaCelsius_BIN=High | workpiece_slice_geometry=180x180,30014806 | 30014812,15,2,6,22
2020-08-17,K_077,3,RUL_BIN=Medium | alloy_speed_meter_minute_BIN=Medium | alloy_type=open | cast_in_row_BIN=Low | crystallizer_movementmm_BIN=Low | num_crystallizer_BIN=Low | num_stream_BIN=Medium | resistance_tonn_BIN=Low | steel_temperature_grab1Celsius_BIN=High | steel_type=Arm500 | steel_weighttonn_BIN=Medium | swing_frequency_amount_minute_BIN=High | temperature_measurement1_Celsius_BIN=Low | temperature_measurement2_Celsius_BIN=Low | water_consumption_BIN=High | water_temperature_deltaCelsius_BIN=High | workpiece_slice_geometry=180x180,30014812,17,1,6,22
2020-08-17,K_077,4,RUL_BIN=Critical | alloy_speed_meter_minute_BIN=Medium | alloy_type=open | cast_in_row_BIN=Low | crystallizer_movementmm_BIN=Low | resistance_tonn_BIN=Low | steel_temperature_grab1Celsius_BIN=High | steel_type=Arm500 | steel_weighttonn_BIN=Medium | swing_frequency_amount_minute_BIN=High | temperature_measurement1_Celsius_BIN=Low | temperature_measurement2_Celsius_BIN=Low | water_consumption_BIN=High | water_temperature_deltaCelsius_BIN=High | workpiece_slice_geometry=180x180,30014806 | 30014814 | 30014819 | 30014824 | 30014825,15,5,6,22
2020-08-17,K_077,5,RUL_BIN=Critical | alloy_speed_meter_minute_BIN=Medium | alloy_type=open | cast_in_row_BIN=Low | crystallizer_movementmm_BIN=Low | num_stream_BIN=High | resistance_tonn_BIN=Low | steel_temperature_grab1Celsius_BIN=High | steel_type=Arm500 | steel_weighttonn_BIN=Medium | swing_frequency_amount_minute_BIN=High | temperature_measurement1_Celsius_BIN=Low | temperature_measurement2_Celsius_BIN=Low | water_consumption_BIN=High | water_temperature_deltaCelsius_BIN=High | workpiece_slice_geometry=180x180,30014824 | 30014825,16,2,6,22
2020-08-17,K_077,6,RUL_BIN=Critical | alloy_speed_meter_minute_BIN=Medium | alloy_type=open | cast_in_row_BIN=Low | crystallizer_movementmm_BIN=Low | num_crystallizer_BIN=Medium | resistance_tonn_BIN=Low | steel_temperature_grab1Celsius_BIN=High | steel_type=Arm500 | steel_weighttonn_BIN=Medium | swing_frequency_amount_minute_BIN=High | temperature_measurement1_Celsius_BIN=Low | temperature_measurement2_Celsius_BIN=Low | water_consumption_BIN=High | water_temperature_deltaCelsius_BIN=High | workpiece_slice_geometry=180x180,30014814 | 30014819 | 30014824,16,3,6,22
2020-08-17,K_077,7,RUL_BIN=Critical | alloy_speed_meter_minute_BIN=Medium | alloy_type=open | cast_in_row_BIN=Low | crystallizer_movementmm_BIN=Low | num_crystallizer_BIN=Medium | num_stream_BIN=Medium | resistance_tonn_BIN=Low | steel_temperature_grab1Celsius_BIN=High | steel_type=Arm500 | steel_weighttonn_BIN=Medium | swing_frequency_amount_minute_BIN=High | temperature_measurement1_Celsius_BIN=Low | temperature_measurement2_Celsius_BIN=Low | water_consumption_BIN=High | water_temperature_deltaCelsius_BIN=High | workpiece_slice_geometry=180x180,30014814 | 30014819,17,2,6,22
2020-08-17,K_077,8,RUL_BIN=Critical | alloy_speed_meter_minute_BIN=Medium | alloy_type=open | cast_in_row_BIN=Low | crystallizer_movementmm_BIN=Low | num_crystallizer_BIN=Medium | num_stream_BIN=High | resistance_tonn_BIN=Low | steel_temperature_grab1Celsius_BIN=High | steel_type=Arm500 | steel_weighttonn_BIN=Medium | swing_frequency_amount_minute_BIN=High | temperature_measurement1_Celsius_BIN=Low | temperature_measurement2_Celsius_BIN=Low | water_consumption_BIN=High | water_temperature_deltaCelsius_BIN=High | workpiece_slice_geometry=180x180,30014824,17,1,6,22
2020-08-17,K_077,9,RUL_BIN=Critical | alloy_speed_meter_minute_BIN=Medium | alloy_type=open | cast_in_row_BIN=Low | crystallizer_movementmm_BIN=Low | num_crystallizer_BIN=Low | num_stream_BIN=Low | resistance_tonn_BIN=Low | steel_temperature_grab1Celsius_BIN=High | steel_type=Arm500 | steel_weighttonn_BIN=Medium | swing_frequency_amount_minute_BIN=High | temperature_measurement1_Celsius_BIN=Low | temperature_measurement2_Celsius_BIN=Low | water_consumption_BIN=High | water_temperature_deltaCelsius_BIN=High | workpiece_slice_geometry=180x180,30014806,17,1,6,22
2020-08-17,K_077,10,RUL_BIN=Critical | alloy_speed_meter_minute_BIN=Medium | alloy_type=open | cast_in_row_BIN=Low | crystallizer_movementmm_BIN=Low | num_crystallizer_BIN=High | num_stream_BIN=High | resistance_tonn_BIN=Low | steel_temperature_grab1Celsius_BIN=High | steel_type=Arm500 | steel_weighttonn_BIN=Medium | swing_frequency_amount_minute_BIN=High | temperature_measurement1_Celsius_BIN=Low | temperature_measurement2_Celsius_BIN=Low | water_consumption_BIN=High | water_temperature_deltaCelsius_BIN=High | workpiece_slice_geometry=180x180,30014825,17,1,6,22
2020-08-17,K_077,11,RUL_BIN=Critical | RUL_BIN=Medium | alloy_speed_meter_minute_BIN=Medium | alloy_type=open | cast_in_row_BIN=Low | crystallizer_movementmm_BIN=Low | num_crystallizer_BIN=High | num_crystallizer_BIN=Low | num_crystallizer_BIN=Medium | num_stream_BIN=High | num_stream_BIN=Low | num_stream_BIN=Medium | resistance_tonn_BIN=Low | steel_temperature_grab1Celsius_BIN=High | steel_type=Arm500 | steel_weighttonn_BIN=Medium | swing_frequency_amount_minute_BIN=High | temperature_measurement1_Celsius_BIN=Low | temperature_measurement2_Celsius_BIN=Low | water_consumption_BIN=High | water_temperature_deltaCelsius_BIN=High | workpiece_slice_geometry=180x180,,22,0,6,22
2020-08-18,K_078,0,alloy_speed_meter_minute_BIN=Medium | alloy_type=open | cast_in_row_BIN=High | crystallizer_movementmm_BIN=High | resistance_tonn_BIN=Low | steel_temperature_grab1Celsius_BIN=High | steel_type=Arm500 | steel_weighttonn_BIN=High | swing_frequency_amount_minute_BIN=High | temperature_measurement1_Celsius_BIN=Low | temperature_measurement2_Celsius_BIN=Low | water_consumption_BIN=High | water_temperature_deltaCelsius_BIN=High | workpiece_slice_geometry=180x180,30014814 | 30014818 | 30014824 | 530314 К,14,4,4,21
2020-08-18,K_078,1,alloy_speed_meter_minute_BIN=Medium | alloy_type=open | cast_in_row_BIN=High | crystallizer_movementmm_BIN=High | num_stream_BIN=High | resistance_tonn_BIN=Low | steel_temperature_grab1Celsius_BIN=High | steel_type=Arm500 | steel_weighttonn_BIN=High | swing_frequency_amount_minute_BIN=High | temperature_measurement1_Celsius_BIN=Low | temperature_measurement2_Celsius_BIN=Low | water_consumption_BIN=High | water_temperature_deltaCelsius_BIN=High | workpiece_slice_geometry=180x180,30014818 | 30014824,15,2,4,21
2020-08-18,K_078,2,RUL_BIN=Healthy | alloy_speed_meter_minute_BIN=Medium | alloy_type=open | cast_in_row_BIN=High | crystallizer_movementmm_BIN=High | num_crystallizer_BIN=High | resistance_tonn_BIN=Low | steel_temperature_grab1Celsius_BIN=High | steel_type=Arm500 | steel_weighttonn_BIN=High | swing_frequency_amount_minute_BIN=High | temperature_measurement1_Celsius_BIN=Low | temperature_measurement2_Celsius_BIN=Low | water_consumption_BIN=High | water_temperature_deltaCelsius_BIN=High | workpiece_slice_geometry=180x180,30014818 | 530314 К,16,2,4,21
2020-08-18,K_078,3,RUL_BIN=Healthy | alloy_speed_meter_minute_BIN=Medium | alloy_type=open | cast_in_row_BIN=High | crystallizer_movementmm_BIN=High | num_crystallizer_BIN=High | num_stream_BIN=Low | resistance_tonn_BIN=Low | steel_temperature_grab1Celsius_BIN=High | steel_type=Arm500 | steel_weighttonn_BIN=High | swing_frequency_amount_minute_BIN=High | temperature_measurement1_Celsius_BIN=Low | temperature_measurement2_Celsius_BIN=Low | water_consumption_BIN=High | water_temperature_deltaCelsius_BIN=High | workpiece_slice_geometry=180x180,530314 К,17,1,4,21
2020-08-18,K_078,4,RUL_BIN=Healthy | alloy_speed_meter_minute_BIN=Medium | alloy_type=open | cast_in_row_BIN=High | crystallizer_movementmm_BIN=High | num_crystallizer_BIN=High | num_stream_BIN=High | resistance_tonn_BIN=Low | steel_temperature_grab1Celsius_BIN=High | steel_type=Arm500 | steel_weighttonn_BIN=High | swing_frequency_amount_minute_BIN=High | temperature_measurement1_Celsius_BIN=Low | temperature_measurement2_Celsius_BIN=Low | water_consumption_BIN=High | water_temperature_deltaCelsius_BIN=High | workpiece_slice_geometry=180x180,30014818,17,1,4,21
2020-08-18,K_078,5,RUL_BIN=Critical | alloy_speed_meter_minute_BIN=Medium | alloy_type=open | cast_in_row_BIN=High | crystallizer_movementmm_BIN=High | num_crystallizer_BIN=Medium | resistance_tonn_BIN=Low | steel_temperature_grab1Celsius_BIN=High | steel_type=Arm500 | steel_weighttonn_BIN=High | swing_frequency_amount_minute_BIN=High | temperature_measurement1_Celsius_BIN=Low | temperature_measurement2_Celsius_BIN=Low | water_consumption_BIN=High | water_temperature_deltaCelsius_BIN=High | workpiece_slice_geometry=180x180,30014814 | 30014824,16,2,4,21
2020-08-18,K_078,6,RUL_BIN=Critical | alloy_speed_meter_minute_BIN=Medium | alloy_type=open | cast_in_row_BIN=High | crystallizer_movementmm_BIN=High | num_crystallizer_BIN=Medium | num_stream_BIN=Medium | resistance_tonn_BIN=Low | steel_temperature_grab1Celsius_BIN=High | steel_type=Arm500 | steel_weighttonn_BIN=High | swing_frequency_amount_minute_BIN=High | temperature_measurement1_Celsius_BIN=Low | temperature_measurement2_Celsius_BIN=Low | water_consumption_BIN=High | water_temperature_deltaCelsius_BIN=High | workpiece_slice_geometry=180x180,30014814,17,1,4,21
2020-08-18,K_078,7,RUL_BIN=Critical | alloy_speed_meter_minute_BIN=Medium | alloy_type=open | cast_in_row_BIN=High | crystallizer_movementmm_BIN=High | num_crystallizer_BIN=Medium | num_stream_BIN=High | resistance_tonn_BIN=Low | steel_temperature_grab1Celsius_BIN=High | steel_type=Arm500 | steel_weighttonn_BIN=High | swing_frequency_amount_minute_BIN=High | temperature_measurement1_Celsius_BIN=Low | temperature_measurement2_Celsius_BIN=Low | water_consumption_BIN=High | water_temperature_deltaCelsius_BIN=High | workpiece_slice_geometry=180x180,30014824,17,1,4,21
2020-08-18,K_078,8,RUL_BIN=Critical | RUL_BIN=Healthy | alloy_speed_meter_minute_BIN=Medium | alloy_type=open | cast_in_row_BIN=High | crystallizer_movementmm_BIN=High | num_crystallizer_BIN=High | num_crystallizer_BIN=Medium | num_stream_BIN=High | num_stream_BIN=Low | num_stream_BIN=Medium | resistance_tonn_BIN=Low | steel_temperature_grab1Celsius_BIN=High | steel_type=Arm500 | steel_weighttonn_BIN=High | swing_frequency_amount_minute_BIN=High | temperature_measurement1_Celsius_BIN=Low | temperature_measurement2_Celsius_BIN=Low | water_consumption_BIN=High | water_temperature_deltaCelsius_BIN=High | workpiece_slice_geometry=180x180,,21,0,4,21
2020-08-19,K_079,0,alloy_speed_meter_minute_BIN=Medium | alloy_type=open | cast_in_row_BIN=Low | crystallizer_movementmm_BIN=Low | resistance_tonn_BIN=Low | steel_temperature_grab1Celsius_BIN=High | steel_type=Arm500 | steel_weighttonn_BIN=High | swing_frequency_amount_minute_BIN=High | temperature_measurement1_Celsius_BIN=Low | temperature_measurement2_Celsius_BIN=Low | water_consumption_BIN=High | water_temperature_deltaCelsius_BIN=High | workpiece_slice_geometry=180x180,30014812 | 30014814 | 30014818 | 530314 К,14,4,4,23
2020-08-19,K_079,1,alloy_speed_meter_minute_BIN=Medium | alloy_type=open | cast_in_row_BIN=Low | crystallizer_movementmm_BIN=Low | num_stream_BIN=Medium | resistance_tonn_BIN=Low | steel_temperature_grab1Celsius_BIN=High | steel_type=Arm500 | steel_weighttonn_BIN=High | swing_frequency_amount_minute_BIN=High | temperature_measurement1_Celsius_BIN=Low | temperature_measurement2_Celsius_BIN=Low | water_consumption_BIN=High | water_temperature_deltaCelsius_BIN=High | workpiece_slice_geometry=180x180,30014812 | 30014814,15,2,4,23
2020-08-19,K_079,2,RUL_BIN=Low | alloy_speed_meter_minute_BIN=Medium | alloy_type=open | cast_in_row_BIN=Low | crystallizer_movementmm_BIN=Low | num_crystallizer_BIN=Low | num_stream_BIN=Medium | resistance_tonn_BIN=Low | steel_temperature_grab1Celsius_BIN=High | steel_type=Arm500 | steel_weighttonn_BIN=High | swing_frequency_amount_minute_BIN=High | temperature_measurement1_Celsius_BIN=Low | temperature_measurement2_Celsius_BIN=Low | water_consumption_BIN=High | water_temperature_deltaCelsius_BIN=High | workpiece_slice_geometry=180x180,30014812,17,1,4,23
2020-08-19,K_079,3,RUL_BIN=Healthy | alloy_speed_meter_minute_BIN=Medium | alloy_type=open | cast_in_row_BIN=Low | crystallizer_movementmm_BIN=Low | num_crystallizer_BIN=High | resistance_tonn_BIN=Low | steel_temperature_grab1Celsius_BIN=High | steel_type=Arm500 | steel_weighttonn_BIN=High | swing_frequency_amount_minute_BIN=High | temperature_measurement1_Celsius_BIN=Low | temperature_measurement2_Celsius_BIN=Low | water_consumption_BIN=High | water_temperature_deltaCelsius_BIN=High | workpiece_slice_geometry=180x180,30014818 | 530314 К,16,2,4,23
2020-08-19,K_079,4,RUL_BIN=Healthy | alloy_speed_meter_minute_BIN=Medium | alloy_type=open | cast_in_row_BIN=Low | crystallizer_movementmm_BIN=Low | num_crystallizer_BIN=High | num_stream_BIN=Low | resistance_tonn_BIN=Low | steel_temperature_grab1Celsius_BIN=High | steel_type=Arm500 | steel_weighttonn_BIN=High | swing_frequency_amount_minute_BIN=High | temperature_measurement1_Celsius_BIN=Low | temperature_measurement2_Celsius_BIN=Low | water_consumption_BIN=High | water_temperature_deltaCelsius_BIN=High | workpiece_slice_geometry=180x180,530314 К,17,1,4,23
2020-08-19,K_079,5,RUL_BIN=Healthy | alloy_speed_meter_minute_BIN=Medium | alloy_type=open | cast_in_row_BIN=Low | crystallizer_movementmm_BIN=Low | num_crystallizer_BIN=High | num_stream_BIN=High | resistance_tonn_BIN=Low | steel_temperature_grab1Celsius_BIN=High | steel_type=Arm500 | steel_weighttonn_BIN=High | swing_frequency_amount_minute_BIN=High | temperature_measurement1_Celsius_BIN=Low | temperature_measurement2_Celsius_BIN=Low | water_consumption_BIN=High | water_temperature_deltaCelsius_BIN=High | workpiece_slice_geometry=180x180,30014818,17,1,4,23
2020-08-19,K_079,6,RUL_BIN=Critical | alloy_speed_meter_minute_BIN=Medium | alloy_type=open | cast_in_row_BIN=Low | crystallizer_movementmm_BIN=Low | num_crystallizer_BIN=Medium | num_stream_BIN=Medium | resistance_tonn_BIN=Low | steel_temperature_grab1Celsius_BIN=High | steel_type=Arm500 | steel_weighttonn_BIN=High | swing_frequency_amount_minute_BIN=High | temperature_measurement1_Celsius_BIN=Low | temperature_measurement2_Celsius_BIN=Low | water_consumption_BIN=High | water_temperature_deltaCelsius_BIN=High | workpiece_slice_geometry=180x180,30014814,17,1,4,23
2020-08-19,K_079,7,RUL_BIN=Critical | RUL_BIN=Healthy | RUL_BIN=Low | alloy_speed_meter_minute_BIN=Medium | alloy_type=open | cast_in_row_BIN=Low | crystallizer_movementmm_BIN=Low | num_crystallizer_BIN=High | num_crystallizer_BIN=Low | num_crystallizer_BIN=Medium | num_stream_BIN=High | num_stream_BIN=Low | num_stream_BIN=Medium | resistance_tonn_BIN=Low | steel_temperature_grab1Celsius_BIN=High | steel_type=Arm500 | steel_weighttonn_BIN=High | swing_frequency_amount_minute_BIN=High | temperature_measurement1_Celsius_BIN=Low | temperature_measurement2_Celsius_BIN=Low | water_consumption_BIN=High | water_temperature_deltaCelsius_BIN=High | workpiece_slice_geometry=180x180,,23,0,4,23
2020-08-20,K_080,0,alloy_speed_meter_minute_BIN=Medium | alloy_type=open | cast_in_row_BIN=Low | crystallizer_movementmm_BIN=Low | resistance_tonn_BIN=Low | steel_temperature_grab1Celsius_BIN=High | steel_type=Arm500 | steel_weighttonn_BIN=High | swing_frequency_amount_minute_BIN=High | temperature_measurement1_Celsius_BIN=Low | temperature_measurement2_Celsius_BIN=Low | water_consumption_BIN=High | water_temperature_deltaCelsius_BIN=High | workpiece_slice_geometry=180x180,30014139 | 30014812 | 30014818 | 530314 К,14,4,4,23
2020-08-20,K_080,1,alloy_speed_meter_minute_BIN=Medium | alloy_type=open | cast_in_row_BIN=Low | crystallizer_movementmm_BIN=Low | num_stream_BIN=Medium | resistance_tonn_BIN=Low | steel_temperature_grab1Celsius_BIN=High | steel_type=Arm500 | steel_weighttonn_BIN=High | swing_frequency_amount_minute_BIN=High | temperature_measurement1_Celsius_BIN=Low | temperature_measurement2_Celsius_BIN=Low | water_consumption_BIN=High | water_temperature_deltaCelsius_BIN=High | workpiece_slice_geometry=180x180,30014139 | 30014812,15,2,4,23
2020-08-20,K_080,2,RUL_BIN=Medium | alloy_speed_meter_minute_BIN=Medium | alloy_type=open | cast_in_row_BIN=Low | crystallizer_movementmm_BIN=Low | num_crystallizer_BIN=High | resistance_tonn_BIN=Low | steel_temperature_grab1Celsius_BIN=High | steel_type=Arm500 | steel_weighttonn_BIN=High | swing_frequency_amount_minute_BIN=High | temperature_measurement1_Celsius_BIN=Low | temperature_measurement2_Celsius_BIN=Low | water_consumption_BIN=High | water_temperature_deltaCelsius_BIN=High | workpiece_slice_geometry=180x180,30014818 | 530314 К,16,2,4,23
2020-08-20,K_080,3,RUL_BIN=Medium | alloy_speed_meter_minute_BIN=Medium | alloy_type=open | cast_in_row_BIN=Low | crystallizer_movementmm_BIN=Low | num_crystallizer_BIN=High | num_stream_BIN=Low | resistance_tonn_BIN=Low | steel_temperature_grab1Celsius_BIN=High | steel_type=Arm500 | steel_weighttonn_BIN=High | swing_frequency_amount_minute_BIN=High | temperature_measurement1_Celsius_BIN=Low | temperature_measurement2_Celsius_BIN=Low | water_consumption_BIN=High | water_temperature_deltaCelsius_BIN=High | workpiece_slice_geometry=180x180,530314 К,17,1,4,23
2020-08-20,K_080,4,RUL_BIN=Medium | alloy_speed_meter_minute_BIN=Medium | alloy_type=open | cast_in_row_BIN=Low | crystallizer_movementmm_BIN=Low | num_crystallizer_BIN=High | num_stream_BIN=High | resistance_tonn_BIN=Low | steel_temperature_grab1Celsius_BIN=High | steel_type=Arm500 | steel_weighttonn_BIN=High | swing_frequency_amount_minute_BIN=High | temperature_measurement1_Celsius_BIN=Low | temperature_measurement2_Celsius_BIN=Low | water_consumption_BIN=High | water_temperature_deltaCelsius_BIN=High | workpiece_slice_geometry=180x180,30014818,17,1,4,23
2020-08-20,K_080,5,RUL_BIN=Low | alloy_speed_meter_minute_BIN=Medium | alloy_type=open | cast_in_row_BIN=Low | crystallizer_movementmm_BIN=Low | num_crystallizer_BIN=Low | num_stream_BIN=Medium | resistance_tonn_BIN=Low | steel_temperature_grab1Celsius_BIN=High | steel_type=Arm500 | steel_weighttonn_BIN=High | swing_frequency_amount_minute_BIN=High | temperature_measurement1_Celsius_BIN=Low | temperature_measurement2_Celsius_BIN=Low | water_consumption_BIN=High | water_temperature_deltaCelsius_BIN=High | workpiece_slice_geometry=180x180,30014812,17,1,4,23
2020-08-20,K_080,6,RUL_BIN=Healthy | alloy_speed_meter_minute_BIN=Medium | alloy_type=open | cast_in_row_BIN=Low | crystallizer_movementmm_BIN=Low | num_crystallizer_BIN=Medium | num_stream_BIN=Medium | resistance_tonn_BIN=Low | steel_temperature_grab1Celsius_BIN=High | steel_type=Arm500 | steel_weighttonn_BIN=High | swing_frequency_amount_minute_BIN=High | temperature_measurement1_Celsius_BIN=Low | temperature_measurement2_Celsius_BIN=Low | water_consumption_BIN=High | water_temperature_deltaCelsius_BIN=High | workpiece_slice_geometry=180x180,30014139,17,1,4,23
2020-08-20,K_080,7,RUL_BIN=Healthy | RUL_BIN=Low | RUL_BIN=Medium | alloy_speed_meter_minute_BIN=Medium | alloy_type=open | cast_in_row_BIN=Low | crystallizer_movementmm_BIN=Low | num_crystallizer_BIN=High | num_crystallizer_BIN=Low | num_crystallizer_BIN=Medium | num_stream_BIN=High | num_stream_BIN=Low | num_stream_BIN=Medium | resistance_tonn_BIN=Low | steel_temperature_grab1Celsius_BIN=High | steel_type=Arm500 | steel_weighttonn_BIN=High | swing_frequency_amount_minute_BIN=High | temperature_measurement1_Celsius_BIN=Low | temperature_measurement2_Celsius_BIN=Low | water_consumption_BIN=High | water_temperature_deltaCelsius_BIN=High | workpiece_slice_geometry=180x180,,23,0,4,23
2020-08-21,K_081,0,alloy_speed_meter_minute_BIN=Medium | alloy_type=open | cast_in_row_BIN=Medium | crystallizer_movementmm_BIN=Low | resistance_tonn_BIN=Low | steel_temperature_grab1Celsius_BIN=High | steel_type=Arm500 | steel_weighttonn_BIN=High | swing_frequency_amount_minute_BIN=High | temperature_measurement1_Celsius_BIN=Low | temperature_measurement2_Celsius_BIN=Low | water_consumption_BIN=High | water_temperature_deltaCelsius_BIN=High | workpiece_slice_geometry=180x180,30014135 | 30014139 | 30014812 | 30014818 | 530314 К,14,5,5,23
2020-08-21,K_081,1,alloy_speed_meter_minute_BIN=Medium | alloy_type=open | cast_in_row_BIN=Medium | crystallizer_movementmm_BIN=Low | num_stream_BIN=Medium | resistance_tonn_BIN=Low | steel_temperature_grab1Celsius_BIN=High | steel_type=Arm500 | steel_weighttonn_BIN=High | swing_frequency_amount_minute_BIN=High | temperature_measurement1_Celsius_BIN=Low | temperature_measurement2_Celsius_BIN=Low | water_consumption_BIN=High | water_temperature_deltaCelsius_BIN=High | workpiece_slice_geometry=180x180,30014139 | 30014812,15,2,5,23
2020-08-21,K_081,2,alloy_speed_meter_minute_BIN=Medium | alloy_type=open | cast_in_row_BIN=Medium | crystallizer_movementmm_BIN=Low | num_stream_BIN=High | resistance_tonn_BIN=Low | steel_temperature_grab1Celsius_BIN=High | steel_type=Arm500 | steel_weighttonn_BIN=High | swing_frequency_amount_minute_BIN=High | temperature_measurement1_Celsius_BIN=Low | temperature_measurement2_Celsius_BIN=Low | water_consumption_BIN=High | water_temperature_deltaCelsius_BIN=High | workpiece_slice_geometry=180x180,30014135 | 30014818,15,2,5,23
2020-08-21,K_081,3,alloy_speed_meter_minute_BIN=Medium | alloy_type=open | cast_in_row_BIN=Medium | crystallizer_movementmm_BIN=Low | num_crystallizer_BIN=Medium | resistance_tonn_BIN=Low | steel_temperature_grab1Celsius_BIN=High | steel_type=Arm500 | steel_weighttonn_BIN=High | swing_frequency_amount_minute_BIN=High | temperature_measurement1_Celsius_BIN=Low | temperature_measurement2_Celsius_BIN=Low | water_consumption_BIN=High | water_temperature_deltaCelsius_BIN=High | workpiece_slice_geometry=180x180,30014135 | 30014139,15,2,5,23
2020-08-21,K_081,4,alloy_speed_meter_minute_BIN=Medium | alloy_type=open | cast_in_row_BIN=Medium | crystallizer_movementmm_BIN=Low | num_crystallizer_BIN=High | resistance_tonn_BIN=Low | steel_temperature_grab1Celsius_BIN=High | steel_type=Arm500 | steel_weighttonn_BIN=High | swing_frequency_amount_minute_BIN=High | temperature_measurement1_Celsius_BIN=Low | temperature_measurement2_Celsius_BIN=Low | water_consumption_BIN=High | water_temperature_deltaCelsius_BIN=High | workpiece_slice_geometry=180x180,30014818 | 530314 К,15,2,5,23
2020-08-21,K_081,5,RUL_BIN=Medium | alloy_speed_meter_minute_BIN=Medium | alloy_type=open | cast_in_row_BIN=Medium | crystallizer_movementmm_BIN=Low | resistance_tonn_BIN=Low | steel_temperature_grab1Celsius_BIN=High | steel_type=Arm500 | steel_weighttonn_BIN=High | swing_frequency_amount_minute_BIN=High | temperature_measurement1_Celsius_BIN=Low | temperature_measurement2_Celsius_BIN=Low | water_consumption_BIN=High | water_temperature_deltaCelsius_BIN=High | workpiece_slice_geometry=180x180,30014139 | 30014818,15,2,5,23
2020-08-21,K_081,6,RUL_BIN=Medium | alloy_speed_meter_minute_BIN=Medium | alloy_type=open | cast_in_row_BIN=Medium | crystallizer_movementmm_BIN=Low | num_crystallizer_BIN=Medium | num_stream_BIN=Medium | resistance_tonn_BIN=Low | steel_temperature_grab1Celsius_BIN=High | steel_type=Arm500 | steel_weighttonn_BIN=High | swing_frequency_amount_minute_BIN=High | temperature_measurement1_Celsius_BIN=Low | temperature_measurement2_Celsius_BIN=Low | water_consumption_BIN=High | water_temperature_deltaCelsius_BIN=High | workpiece_slice_geometry=180x180,30014139,17,1,5,23
2020-08-21,K_081,7,RUL_BIN=Medium | alloy_speed_meter_minute_BIN=Medium | alloy_type=open | cast_in_row_BIN=Medium | crystallizer_movementmm_BIN=Low | num_crystallizer_BIN=High | num_stream_BIN=High | resistance_tonn_BIN=Low | steel_temperature_grab1Celsius_BIN=High | steel_type=Arm500 | steel_weighttonn_BIN=High | swing_frequency_amount_minute_BIN=High | temperature_measurement1_Celsius_BIN=Low | temperature_measurement2_Celsius_BIN=Low | water_consumption_BIN=High | water_temperature_deltaCelsius_BIN=High | workpiece_slice_geometry=180x180,30014818,17,1,5,23
2020-08-21,K_081,8,RUL_BIN=Low | alloy_speed_meter_minute_BIN=Medium | alloy_type=open | cast_in_row_BIN=Medium | crystallizer_movementmm_BIN=Low | resistance_tonn_BIN=Low | steel_temperature_grab1Celsius_BIN=High | steel_type=Arm500 | steel_weighttonn_BIN=High | swing_frequency_amount_minute_BIN=High | temperature_measurement1_Celsius_BIN=Low | temperature_measurement2_Celsius_BIN=Low | water_consumption_BIN=High | water_temperature_deltaCelsius_BIN=High | workpiece_slice_geometry=180x180,30014812 | 530314 К,15,2,5,23
2020-08-21,K_081,9,RUL_BIN=Low | alloy_speed_meter_minute_BIN=Medium | alloy_type=open | cast_in_row_BIN=Medium | crystallizer_movementmm_BIN=Low | num_crystallizer_BIN=Low | num_stream_BIN=Medium | resistance_tonn_BIN=Low | steel_temperature_grab1Celsius_BIN=High | steel_type=Arm500 | steel_weighttonn_BIN=High | swing_frequency_amount_minute_BIN=High | temperature_measurement1_Celsius_BIN=Low | temperature_measurement2_Celsius_BIN=Low | water_consumption_BIN=High | water_temperature_deltaCelsius_BIN=High | workpiece_slice_geometry=180x180,30014812,17,1,5,23
2020-08-21,K_081,10,RUL_BIN=Low | alloy_speed_meter_minute_BIN=Medium | alloy_type=open | cast_in_row_BIN=Medium | crystallizer_movementmm_BIN=Low | num_crystallizer_BIN=High | num_stream_BIN=Low | resistance_tonn_BIN=Low | steel_temperature_grab1Celsius_BIN=High | steel_type=Arm500 | steel_weighttonn_BIN=High | swing_frequency_amount_minute_BIN=High | temperature_measurement1_Celsius_BIN=Low | temperature_measurement2_Celsius_BIN=Low | water_consumption_BIN=High | water_temperature_deltaCelsius_BIN=High | workpiece_slice_geometry=180x180,530314 К,17,1,5,23
2020-08-21,K_081,11,RUL_BIN=Healthy | alloy_speed_meter_minute_BIN=Medium | alloy_type=open | cast_in_row_BIN=Medium | crystallizer_movementmm_BIN=Low | num_crystallizer_BIN=Medium | num_stream_BIN=High | resistance_tonn_BIN=Low | steel_temperature_grab1Celsius_BIN=High | steel_type=Arm500 | steel_weighttonn_BIN=High | swing_frequency_amount_minute_BIN=High | temperature_measurement1_Celsius_BIN=Low | temperature_measurement2_Celsius_BIN=Low | water_consumption_BIN=High | water_temperature_deltaCelsius_BIN=High | workpiece_slice_geometry=180x180,30014135,17,1,5,23
2020-08-21,K_081,12,RUL_BIN=Healthy | RUL_BIN=Low | RUL_BIN=Medium | alloy_speed_meter_minute_BIN=Medium | alloy_type=open | cast_in_row_BIN=Medium | crystallizer_movementmm_BIN=Low | num_crystallizer_BIN=High | num_crystallizer_BIN=Low | num_crystallizer_BIN=Medium | num_stream_BIN=High | num_stream_BIN=Low | num_stream_BIN=Medium | resistance_tonn_BIN=Low | steel_temperature_grab1Celsius_BIN=High | steel_type=Arm500 | steel_weighttonn_BIN=High | swing_frequency_amount_minute_BIN=High | temperature_measurement1_Celsius_BIN=Low | temperature_measurement2_Celsius_BIN=Low | water_consumption_BIN=High | water_temperature_deltaCelsius_BIN=High | workpiece_slice_geometry=180x180,,23,0,5,23
2020-08-22,K_082,0,alloy_speed_meter_minute_BIN=Medium | alloy_type=open | crystallizer_movementmm_BIN=Low | resistance_tonn_BIN=Low | steel_temperature_grab1Celsius_BIN=High | steel_type=Arm500 | steel_weighttonn_BIN=High | swing_frequency_amount_minute_BIN=High | temperature_measurement1_Celsius_BIN=Low | temperature_measurement2_Celsius_BIN=Low | water_consumption_BIN=High | water_temperature_deltaCelsius_BIN=High | workpiece_slice_geometry=180x180,30014135 | 30014139 | 30014812,13,3,3,21
2020-08-22,K_082,1,alloy_speed_meter_minute_BIN=Medium | alloy_type=open | crystallizer_movementmm_BIN=Low | num_crystallizer_BIN=Medium | resistance_tonn_BIN=Low | steel_temperature_grab1Celsius_BIN=High | steel_type=Arm500 | steel_weighttonn_BIN=High | swing_frequency_amount_minute_BIN=High | temperature_measurement1_Celsius_BIN=Low | temperature_measurement2_Celsius_BIN=Low | water_consumption_BIN=High | water_temperature_deltaCelsius_BIN=High | workpiece_slice_geometry=180x180,30014135 | 30014139,14,2,3,21
2020-08-22,K_082,2,alloy_speed_meter_minute_BIN=Medium | alloy_type=open | cast_in_row_BIN=Medium | crystallizer_movementmm_BIN=Low | resistance_tonn_BIN=Low | steel_temperature_grab1Celsius_BIN=High | steel_type=Arm500 | steel_weighttonn_BIN=High | swing_frequency_amount_minute_BIN=High | temperature_measurement1_Celsius_BIN=Low | temperature_measurement2_Celsius_BIN=Low | water_consumption_BIN=High | water_temperature_deltaCelsius_BIN=High | workpiece_slice_geometry=180x180,30014135 | 30014812,14,2,3,21
2020-08-22,K_082,3,RUL_BIN=Medium | alloy_speed_meter_minute_BIN=Medium | alloy_type=open | cast_in_row_BIN=Medium | crystallizer_movementmm_BIN=Low | num_crystallizer_BIN=Medium | num_stream_BIN=High | resistance_tonn_BIN=Low | steel_temperature_grab1Celsius_BIN=High | steel_type=Arm500 | steel_weighttonn_BIN=High | swing_frequency_amount_minute_BIN=High | temperature_measurement1_Celsius_BIN=Low | temperature_measurement2_Celsius_BIN=Low | water_consumption_BIN=High | water_temperature_deltaCelsius_BIN=High | workpiece_slice_geometry=180x180,30014135,17,1,3,21
2020-08-22,K_082,4,RUL_BIN=Low | alloy_speed_meter_minute_BIN=Medium | alloy_type=open | crystallizer_movementmm_BIN=Low | num_stream_BIN=Medium | resistance_tonn_BIN=Low | steel_temperature_grab1Celsius_BIN=High | steel_type=Arm500 | steel_weighttonn_BIN=High | swing_frequency_amount_minute_BIN=High | temperature_measurement1_Celsius_BIN=Low | temperature_measurement2_Celsius_BIN=Low | water_consumption_BIN=High | water_temperature_deltaCelsius_BIN=High | workpiece_slice_geometry=180x180,30014139 | 30014812,15,2,3,21
2020-08-22,K_082,5,RUL_BIN=Low | alloy_speed_meter_minute_BIN=Medium | alloy_type=open | cast_in_row_BIN=Medium | crystallizer_movementmm_BIN=Low | num_crystallizer_BIN=Low | num_stream_BIN=Medium | resistance_tonn_BIN=Low | steel_temperature_grab1Celsius_BIN=High | steel_type=Arm500 | steel_weighttonn_BIN=High | swing_frequency_amount_minute_BIN=High | temperature_measurement1_Celsius_BIN=Low | temperature_measurement2_Celsius_BIN=Low | water_consumption_BIN=High | water_temperature_deltaCelsius_BIN=High | workpiece_slice_geometry=180x180,30014812,17,1,3,21
2020-08-22,K_082,6,RUL_BIN=Low | alloy_speed_meter_minute_BIN=Medium | alloy_type=open | cast_in_row_BIN=Low | crystallizer_movementmm_BIN=Low | num_crystallizer_BIN=Medium | num_stream_BIN=Medium | resistance_tonn_BIN=Low | steel_temperature_grab1Celsius_BIN=High | steel_type=Arm500 | steel_weighttonn_BIN=High | swing_frequency_amount_minute_BIN=High | temperature_measurement1_Celsius_BIN=Low | temperature_measurement2_Celsius_BIN=Low | water_consumption_BIN=High | water_temperature_deltaCelsius_BIN=High | workpiece_slice_geometry=180x180,30014139,17,1,3,21
2020-08-22,K_082,7,RUL_BIN=Low | RUL_BIN=Medium | alloy_speed_meter_minute_BIN=Medium | alloy_type=open | cast_in_row_BIN=Low | cast_in_row_BIN=Medium | crystallizer_movementmm_BIN=Low | num_crystallizer_BIN=Low | num_crystallizer_BIN=Medium | num_stream_BIN=High | num_stream_BIN=Medium | resistance_tonn_BIN=Low | steel_temperature_grab1Celsius_BIN=High | steel_type=Arm500 | steel_weighttonn_BIN=High | swing_frequency_amount_minute_BIN=High | temperature_measurement1_Celsius_BIN=Low | temperature_measurement2_Celsius_BIN=Low | water_consumption_BIN=High | water_temperature_deltaCelsius_BIN=High | workpiece_slice_geometry=180x180,,21,0,3,21
2020-08-23,K_083,0,alloy_speed_meter_minute_BIN=Medium | alloy_type=open | cast_in_row_BIN=Low | crystallizer_movementmm_BIN=Low | resistance_tonn_BIN=Low | steel_temperature_grab1Celsius_BIN=High | steel_type=Arm500 | steel_weighttonn_BIN=High | swing_frequency_amount_minute_BIN=High | temperature_measurement1_Celsius_BIN=Low | temperature_measurement2_Celsius_BIN=Low | water_consumption_BIN=High | water_temperature_deltaCelsius_BIN=High | workpiece_slice_geometry=180x180,30014135 | 30014812 | 30014818,14,3,3,22
2020-08-23,K_083,1,alloy_speed_meter_minute_BIN=Medium | alloy_type=open | cast_in_row_BIN=Low | crystallizer_movementmm_BIN=Low | num_stream_BIN=High | resistance_tonn_BIN=Low | steel_temperature_grab1Celsius_BIN=High | steel_type=Arm500 | steel_weighttonn_BIN=High | swing_frequency_amount_minute_BIN=High | temperature_measurement1_Celsius_BIN=Low | temperature_measurement2_Celsius_BIN=Low | water_consumption_BIN=High | water_temperature_deltaCelsius_BIN=High | workpiece_slice_geometry=180x180,30014135 | 30014818,15,2,3,22
2020-08-23,K_083,2,RUL_BIN=Medium | alloy_speed_meter_minute_BIN=Medium | alloy_type=open | cast_in_row_BIN=Low | crystallizer_movementmm_BIN=Low | num_crystallizer_BIN=Medium | num_stream_BIN=High | resistance_tonn_BIN=Low | steel_temperature_grab1Celsius_BIN=High | steel_type=Arm500 | steel_weighttonn_BIN=High | swing_frequency_amount_minute_BIN=High | temperature_measurement1_Celsius_BIN=Low | temperature_measurement2_Celsius_BIN=Low | water_consumption_BIN=High | water_temperature_deltaCelsius_BIN=High | workpiece_slice_geometry=180x180,30014135,17,1,3,22
2020-08-23,K_083,3,RUL_BIN=Low | alloy_speed_meter_minute_BIN=Medium | alloy_type=open | cast_in_row_BIN=Low | crystallizer_movementmm_BIN=Low | num_crystallizer_BIN=High | num_stream_BIN=High | resistance_tonn_BIN=Low | steel_temperature_grab1Celsius_BIN=High | steel_type=Arm500 | steel_weighttonn_BIN=High | swing_frequency_amount_minute_BIN=High | temperature_measurement1_Celsius_BIN=Low | temperature_measurement2_Celsius_BIN=Low | water_consumption_BIN=High | water_temperature_deltaCelsius_BIN=High | workpiece_slice_geometry=180x180,30014818,17,1,3,22
2020-08-23,K_083,4,RUL_BIN=Critical | alloy_speed_meter_minute_BIN=Medium | alloy_type=open | cast_in_row_BIN=Low | crystallizer_movementmm_BIN=Low | num_crystallizer_BIN=Low | num_stream_BIN=Medium | resistance_tonn_BIN=Low | steel_temperature_grab1Celsius_BIN=High | steel_type=Arm500 | steel_weighttonn_BIN=High | swing_frequency_amount_minute_BIN=High | temperature_measurement1_Celsius_BIN=Low | temperature_measurement2_Celsius_BIN=Low | water_consumption_BIN=High | water_temperature_deltaCelsius_BIN=High | workpiece_slice_geometry=180x180,30014812,17,1,3,22
2020-08-23,K_083,5,RUL_BIN=Critical | RUL_BIN=Low | RUL_BIN=Medium | alloy_speed_meter_minute_BIN=Medium | alloy_type=open | cast_in_row_BIN=Low | crystallizer_movementmm_BIN=Low | num_crystallizer_BIN=High | num_crystallizer_BIN=Low | num_crystallizer_BIN=Medium | num_stream_BIN=High | num_stream_BIN=Medium | resistance_tonn_BIN=Low | steel_temperature_grab1Celsius_BIN=High | steel_type=Arm500 | steel_weighttonn_BIN=High | swing_frequency_amount_minute_BIN=High | temperature_measurement1_Celsius_BIN=Low | temperature_measurement2_Celsius_BIN=Low | water_consumption_BIN=High | water_temperature_deltaCelsius_BIN=High | workpiece_slice_geometry=180x180,,22,0,3,22
2020-08-24,K_084,0,alloy_speed_meter_minute_BIN=Medium | alloy_type=open | cast_in_row_BIN=Low | resistance_tonn_BIN=Low | steel_temperature_grab1Celsius_BIN=High | steel_type=Arm500 | swing_frequency_amount_minute_BIN=High | temperature_measurement1_Celsius_BIN=Low | temperature_measurement2_Celsius_BIN=Low | water_consumption_BIN=High | water_temperature_deltaCelsius_BIN=High | workpiece_slice_geometry=180x180,30014135 | 30014139 | 30014812 | 30014818 | 530314 К,12,5,5,24
2020-08-24,K_084,1,alloy_speed_meter_minute_BIN=Medium | alloy_type=open | cast_in_row_BIN=Low | crystallizer_movementmm_BIN=Low | resistance_tonn_BIN=Low | steel_temperature_grab1Celsius_BIN=High | steel_type=Arm500 | swing_frequency_amount_minute_BIN=High | temperature_measurement1_Celsius_BIN=Low | temperature_measurement2_Celsius_BIN=Low | water_consumption_BIN=High | water_temperature_deltaCelsius_BIN=High | workpiece_slice_geometry=180x180,30014135 | 30014139 | 30014812 | 30014818,13,4,5,24
2020-08-24,K_084,2,alloy_speed_meter_minute_BIN=Medium | alloy_type=open | cast_in_row_BIN=Low | resistance_tonn_BIN=Low | steel_temperature_grab1Celsius_BIN=High | steel_type=Arm500 | steel_weighttonn_BIN=High | swing_frequency_amount_minute_BIN=High | temperature_measurement1_Celsius_BIN=Low | temperature_measurement2_Celsius_BIN=Low | water_consumption_BIN=High | water_temperature_deltaCelsius_BIN=High | workpiece_slice_geometry=180x180,30014135 | 30014812 | 30014818 | 530314 К,13,4,5,24
2020-08-24,K_084,3,alloy_speed_meter_minute_BIN=Medium | alloy_type=open | cast_in_row_BIN=Low | num_stream_BIN=Low | resistance_tonn_BIN=Low | steel_temperature_grab1Celsius_BIN=High | steel_type=Arm500 | steel_weighttonn_BIN=High | swing_frequency_amount_minute_BIN=High | temperature_measurement1_Celsius_BIN=Low | temperature_measurement2_Celsius_BIN=Low | water_consumption_BIN=High | water_temperature_deltaCelsius_BIN=High | workpiece_slice_geometry=180x180,30014812 | 530314 К,14,2,5,24
2020-08-24,K_084,4,alloy_speed_meter_minute_BIN=Medium | alloy_type=open | cast_in_row_BIN=Low | crystallizer_movementmm_BIN=Low | resistance_tonn_BIN=Low | steel_temperature_grab1Celsius_BIN=High | steel_type=Arm500 | steel_weighttonn_BIN=High | swing_frequency_amount_minute_BIN=High | temperature_measurement1_Celsius_BIN=Low | temperature_measurement2_Celsius_BIN=Low | water_consumption_BIN=High | water_temperature_deltaCelsius_BIN=High | workpiece_slice_geometry=180x180,30014135 | 30014812 | 30014818,14,3,5,24
2020-08-24,K_084,5,RUL_BIN=Low | alloy_speed_meter_minute_BIN=Medium | alloy_type=open | cast_in_row_BIN=Low | resistance_tonn_BIN=Low | steel_temperature_grab1Celsius_BIN=High | steel_type=Arm500 | swing_frequency_amount_minute_BIN=High | temperature_measurement1_Celsius_BIN=Low | temperature_measurement2_Celsius_BIN=Low | water_consumption_BIN=High | water_temperature_deltaCelsius_BIN=High | workpiece_slice_geometry=180x180,30014135 | 30014139 | 30014818 | 530314 К,13,4,5,24
2020-08-24,K_084,6,RUL_BIN=Low | alloy_speed_meter_minute_BIN=Medium | alloy_type=open | cast_in_row_BIN=Low | crystallizer_movementmm_BIN=Low | resistance_tonn_BIN=Low | steel_temperature_grab1Celsius_BIN=High | steel_type=Arm500 | swing_frequency_amount_minute_BIN=High | temperature_measurement1_Celsius_BIN=Low | temperature_measurement2_Celsius_BIN=Low | water_consumption_BIN=High | water_temperature_deltaCelsius_BIN=High | workpiece_slice_geometry=180x180,30014135 | 30014139 | 30014818,14,3,5,24
2020-08-24,K_084,7,RUL_BIN=Low | alloy_speed_meter_minute_BIN=Medium | alloy_type=open | cast_in_row_BIN=Low | crystallizer_movementmm_BIN=Low | num_crystallizer_BIN=Medium | resistance_tonn_BIN=Low | steel_temperature_grab1Celsius_BIN=High | steel_type=Arm500 | swing_frequency_amount_minute_BIN=High | temperature_measurement1_Celsius_BIN=Low | temperature_measurement2_Celsius_BIN=Low | water_consumption_BIN=High | water_temperature_deltaCelsius_BIN=High | workpiece_slice_geometry=180x180,30014135 | 30014139,15,2,5,24
2020-08-24,K_084,8,RUL_BIN=Low | alloy_speed_meter_minute_BIN=Medium | alloy_type=open | cast_in_row_BIN=Low | crystallizer_movementmm_BIN=Low | num_crystallizer_BIN=Medium | num_stream_BIN=Medium | resistance_tonn_BIN=Low | steel_temperature_grab1Celsius_BIN=High | steel_type=Arm500 | steel_weighttonn_BIN=Medium | swing_frequency_amount_minute_BIN=High | temperature_measurement1_Celsius_BIN=Low | temperature_measurement2_Celsius_BIN=Low | water_consumption_BIN=High | water_temperature_deltaCelsius_BIN=High | workpiece_slice_geometry=180x180,30014139,17,1,5,24
2020-08-24,K_084,9,RUL_BIN=Low | alloy_speed_meter_minute_BIN=Medium | alloy_type=open | cast_in_row_BIN=Low | resistance_tonn_BIN=Low | steel_temperature_grab1Celsius_BIN=High | steel_type=Arm500 | steel_weighttonn_BIN=High | swing_frequency_amount_minute_BIN=High | temperature_measurement1_Celsius_BIN=Low | temperature_measurement2_Celsius_BIN=Low | water_consumption_BIN=High | water_temperature_deltaCelsius_BIN=High | workpiece_slice_geometry=180x180,30014135 | 30014818 | 530314 К,14,3,5,24
2020-08-24,K_084,10,RUL_BIN=Low | alloy_speed_meter_minute_BIN=Medium | alloy_type=open | cast_in_row_BIN=Low | num_crystallizer_BIN=High | resistance_tonn_BIN=Low | steel_temperature_grab1Celsius_BIN=High | steel_type=Arm500 | steel_weighttonn_BIN=High | swing_frequency_amount_minute_BIN=High | temperature_measurement1_Celsius_BIN=Low | temperature_measurement2_Celsius_BIN=Low | water_consumption_BIN=High | water_temperature_deltaCelsius_BIN=High | workpiece_slice_geometry=180x180,30014818 | 530314 К,15,2,5,24
2020-08-24,K_084,11,RUL_BIN=Low | alloy_speed_meter_minute_BIN=Medium | alloy_type=open | cast_in_row_BIN=Low | crystallizer_movementmm_BIN=Low | num_stream_BIN=High | resistance_tonn_BIN=Low | steel_temperature_grab1Celsius_BIN=High | steel_type=Arm500 | steel_weighttonn_BIN=High | swing_frequency_amount_minute_BIN=High | temperature_measurement1_Celsius_BIN=Low | temperature_measurement2_Celsius_BIN=Low | water_consumption_BIN=High | water_temperature_deltaCelsius_BIN=High | workpiece_slice_geometry=180x180,30014135 | 30014818,16,2,5,24
2020-08-24,K_084,12,RUL_BIN=Low | alloy_speed_meter_minute_BIN=Medium | alloy_type=open | cast_in_row_BIN=Low | crystallizer_movementmm_BIN=Low | num_crystallizer_BIN=Medium | num_stream_BIN=High | resistance_tonn_BIN=Low | steel_temperature_grab1Celsius_BIN=High | steel_type=Arm500 | steel_weighttonn_BIN=High | swing_frequency_amount_minute_BIN=High | temperature_measurement1_Celsius_BIN=Low | temperature_measurement2_Celsius_BIN=Low | water_consumption_BIN=High | water_temperature_deltaCelsius_BIN=High | workpiece_slice_geometry=180x180,30014135,17,1,5,24
2020-08-24,K_084,13,RUL_BIN=Low | alloy_speed_meter_minute_BIN=Medium | alloy_type=open | cast_in_row_BIN=Low | crystallizer_movementmm_BIN=Low | num_crystallizer_BIN=High | num_stream_BIN=High | resistance_tonn_BIN=Low | steel_temperature_grab1Celsius_BIN=High | steel_type=Arm500 | steel_weighttonn_BIN=High | swing_frequency_amount_minute_BIN=High | temperature_measurement1_Celsius_BIN=Low | temperature_measurement2_Celsius_BIN=Low | water_consumption_BIN=High | water_temperature_deltaCelsius_BIN=High | workpiece_slice_geometry=180x180,30014818,17,1,5,24
2020-08-24,K_084,14,RUL_BIN=Low | alloy_speed_meter_minute_BIN=Medium | alloy_type=open | cast_in_row_BIN=Low | crystallizer_movementmm_BIN=High | num_crystallizer_BIN=High | num_stream_BIN=Low | resistance_tonn_BIN=Low | steel_temperature_grab1Celsius_BIN=High | steel_type=Arm500 | steel_weighttonn_BIN=High | swing_frequency_amount_minute_BIN=High | temperature_measurement1_Celsius_BIN=Low | temperature_measurement2_Celsius_BIN=Low | water_consumption_BIN=High | water_temperature_deltaCelsius_BIN=High | workpiece_slice_geometry=180x180,530314 К,17,1,5,24
2020-08-24,K_084,15,RUL_BIN=Critical | alloy_speed_meter_minute_BIN=Medium | alloy_type=open | cast_in_row_BIN=Low | crystallizer_movementmm_BIN=Low | num_crystallizer_BIN=Low | num_stream_BIN=Low | resistance_tonn_BIN=Low | steel_temperature_grab1Celsius_BIN=High | steel_type=Arm500 | steel_weighttonn_BIN=High | swing_frequency_amount_minute_BIN=High | temperature_measurement1_Celsius_BIN=Low | temperature_measurement2_Celsius_BIN=Low | water_consumption_BIN=High | water_temperature_deltaCelsius_BIN=High | workpiece_slice_geometry=180x180,30014812,17,1,5,24
2020-08-24,K_084,16,RUL_BIN=Critical | RUL_BIN=Low | alloy_speed_meter_minute_BIN=Medium | alloy_type=open | cast_in_row_BIN=Low | crystallizer_movementmm_BIN=High | crystallizer_movementmm_BIN=Low | num_crystallizer_BIN=High | num_crystallizer_BIN=Low | num_crystallizer_BIN=Medium | num_stream_BIN=High | num_stream_BIN=Low | num_stream_BIN=Medium | resistance_tonn_BIN=Low | steel_temperature_grab1Celsius_BIN=High | steel_type=Arm500 | steel_weighttonn_BIN=High | steel_weighttonn_BIN=Medium | swing_frequency_amount_minute_BIN=High | temperature_measurement1_Celsius_BIN=Low | temperature_measurement2_Celsius_BIN=Low | water_consumption_BIN=High | water_temperature_deltaCelsius_BIN=High | workpiece_slice_geometry=180x180,,24,0,5,24
2020-08-25,K_085,0,RUL_BIN=Critical | alloy_speed_meter_minute_BIN=Medium | alloy_type=open | cast_in_row_BIN=Low | crystallizer_movementmm_BIN=Low | resistance_tonn_BIN=Low | steel_temperature_grab1Celsius_BIN=High | steel_type=Arm500 | steel_weighttonn_BIN=High | swing_frequency_amount_minute_BIN=High | temperature_measurement1_Celsius_BIN=Low | temperature_measurement2_Celsius_BIN=Low | water_consumption_BIN=High | water_temperature_deltaCelsius_BIN=High | workpiece_slice_geometry=180x180,30014135 | 30014139 | 30014812 | 30014818 | 530314 К,15,5,5,21
2020-08-25,K_085,1,RUL_BIN=Critical | alloy_speed_meter_minute_BIN=Medium | alloy_type=open | cast_in_row_BIN=Low | crystallizer_movementmm_BIN=Low | num_stream_BIN=Low | resistance_tonn_BIN=Low | steel_temperature_grab1Celsius_BIN=High | steel_type=Arm500 | steel_weighttonn_BIN=High | swing_frequency_amount_minute_BIN=High | temperature_measurement1_Celsius_BIN=Low | temperature_measurement2_Celsius_BIN=Low | water_consumption_BIN=High | water_temperature_deltaCelsius_BIN=High | workpiece_slice_geometry=180x180,30014812 | 530314 К,16,2,5,21
2020-08-25,K_085,2,RUL_BIN=Critical | alloy_speed_meter_minute_BIN=Medium | alloy_type=open | cast_in_row_BIN=Low | crystallizer_movementmm_BIN=Low | num_stream_BIN=High | resistance_tonn_BIN=Low | steel_temperature_grab1Celsius_BIN=High | steel_type=Arm500 | steel_weighttonn_BIN=High | swing_frequency_amount_minute_BIN=High | temperature_measurement1_Celsius_BIN=Low | temperature_measurement2_Celsius_BIN=Low | water_consumption_BIN=High | water_temperature_deltaCelsius_BIN=High | workpiece_slice_geometry=180x180,30014135 | 30014818,16,2,5,21
2020-08-25,K_085,3,RUL_BIN=Critical | alloy_speed_meter_minute_BIN=Medium | alloy_type=open | cast_in_row_BIN=Low | crystallizer_movementmm_BIN=Low | num_crystallizer_BIN=Medium | resistance_tonn_BIN=Low | steel_temperature_grab1Celsius_BIN=High | steel_type=Arm500 | steel_weighttonn_BIN=High | swing_frequency_amount_minute_BIN=High | temperature_measurement1_Celsius_BIN=Low | temperature_measurement2_Celsius_BIN=Low | water_consumption_BIN=High | water_temperature_deltaCelsius_BIN=High | workpiece_slice_geometry=180x180,30014135 | 30014139,16,2,5,21
2020-08-25,K_085,4,RUL_BIN=Critical | alloy_speed_meter_minute_BIN=Medium | alloy_type=open | cast_in_row_BIN=Low | crystallizer_movementmm_BIN=Low | num_crystallizer_BIN=Medium | num_stream_BIN=Medium | resistance_tonn_BIN=Low | steel_temperature_grab1Celsius_BIN=High | steel_type=Arm500 | steel_weighttonn_BIN=High | swing_frequency_amount_minute_BIN=High | temperature_measurement1_Celsius_BIN=Low | temperature_measurement2_Celsius_BIN=Low | water_consumption_BIN=High | water_temperature_deltaCelsius_BIN=High | workpiece_slice_geometry=180x180,30014139,17,1,5,21
2020-08-25,K_085,5,RUL_BIN=Critical | alloy_speed_meter_minute_BIN=Medium | alloy_type=open | cast_in_row_BIN=Low | crystallizer_movementmm_BIN=Low | num_crystallizer_BIN=Medium | num_stream_BIN=High | resistance_tonn_BIN=Low | steel_temperature_grab1Celsius_BIN=High | steel_type=Arm500 | steel_weighttonn_BIN=High | swing_frequency_amount_minute_BIN=High | temperature_measurement1_Celsius_BIN=Low | temperature_measurement2_Celsius_BIN=Low | water_consumption_BIN=High | water_temperature_deltaCelsius_BIN=High | workpiece_slice_geometry=180x180,30014135,17,1,5,21
2020-08-25,K_085,6,RUL_BIN=Critical | alloy_speed_meter_minute_BIN=Medium | alloy_type=open | cast_in_row_BIN=Low | crystallizer_movementmm_BIN=Low | num_crystallizer_BIN=Low | num_stream_BIN=Low | resistance_tonn_BIN=Low | steel_temperature_grab1Celsius_BIN=High | steel_type=Arm500 | steel_weighttonn_BIN=High | swing_frequency_amount_minute_BIN=High | temperature_measurement1_Celsius_BIN=Low | temperature_measurement2_Celsius_BIN=Low | water_consumption_BIN=High | water_temperature_deltaCelsius_BIN=High | workpiece_slice_geometry=180x180,30014812,17,1,5,21
2020-08-25,K_085,7,RUL_BIN=Critical | alloy_speed_meter_minute_BIN=Medium | alloy_type=open | cast_in_row_BIN=Low | crystallizer_movementmm_BIN=Low | num_crystallizer_BIN=High | resistance_tonn_BIN=Low | steel_temperature_grab1Celsius_BIN=High | steel_type=Arm500 | steel_weighttonn_BIN=High | swing_frequency_amount_minute_BIN=High | temperature_measurement1_Celsius_BIN=Low | temperature_measurement2_Celsius_BIN=Low | water_consumption_BIN=High | water_temperature_deltaCelsius_BIN=High | workpiece_slice_geometry=180x180,30014818 | 530314 К,16,2,5,21
2020-08-25,K_085,8,RUL_BIN=Critical | alloy_speed_meter_minute_BIN=Medium | alloy_type=open | cast_in_row_BIN=Low | crystallizer_movementmm_BIN=Low | num_crystallizer_BIN=High | num_stream_BIN=Low | resistance_tonn_BIN=Low | steel_temperature_grab1Celsius_BIN=High | steel_type=Arm500 | steel_weighttonn_BIN=High | swing_frequency_amount_minute_BIN=High | temperature_measurement1_Celsius_BIN=Low | temperature_measurement2_Celsius_BIN=Low | water_consumption_BIN=High | water_temperature_deltaCelsius_BIN=High | workpiece_slice_geometry=180x180,530314 К,17,1,5,21
2020-08-25,K_085,9,RUL_BIN=Critical | alloy_speed_meter_minute_BIN=Medium | alloy_type=open | cast_in_row_BIN=Low | crystallizer_movementmm_BIN=Low | num_crystallizer_BIN=High | num_stream_BIN=High | resistance_tonn_BIN=Low | steel_temperature_grab1Celsius_BIN=High | steel_type=Arm500 | steel_weighttonn_BIN=High | swing_frequency_amount_minute_BIN=High | temperature_measurement1_Celsius_BIN=Low | temperature_measurement2_Celsius_BIN=Low | water_consumption_BIN=High | water_temperature_deltaCelsius_BIN=High | workpiece_slice_geometry=180x180,30014818,17,1,5,21
2020-08-25,K_085,10,RUL_BIN=Critical | alloy_speed_meter_minute_BIN=Medium | alloy_type=open | cast_in_row_BIN=Low | crystallizer_movementmm_BIN=Low | num_crystallizer_BIN=High | num_crystallizer_BIN=Low | num_crystallizer_BIN=Medium | num_stream_BIN=High | num_stream_BIN=Low | num_stream_BIN=Medium | resistance_tonn_BIN=Low | steel_temperature_grab1Celsius_BIN=High | steel_type=Arm500 | steel_weighttonn_BIN=High | swing_frequency_amount_minute_BIN=High | temperature_measurement1_Celsius_BIN=Low | temperature_measurement2_Celsius_BIN=Low | water_consumption_BIN=High | water_temperature_deltaCelsius_BIN=High | workpiece_slice_geometry=180x180,,21,0,5,21
2020-08-26,K_086,0,RUL_BIN=Critical | alloy_speed_meter_minute_BIN=Medium | alloy_type=open | cast_in_row_BIN=Low | crystallizer_movementmm_BIN=High | resistance_tonn_BIN=Low | steel_temperature_grab1Celsius_BIN=High | steel_type=Arm500 | steel_weighttonn_BIN=High | swing_frequency_amount_minute_BIN=High | temperature_measurement1_Celsius_BIN=Low | temperature_measurement2_Celsius_BIN=Low | water_consumption_BIN=High | water_temperature_deltaCelsius_BIN=High | workpiece_slice_geometry=180x180,30014135 | 30014139 | 30014812 | 30014818 | 530314 К,15,5,5,21
2020-08-26,K_086,1,RUL_BIN=Critical | alloy_speed_meter_minute_BIN=Medium | alloy_type=open | cast_in_row_BIN=Low | crystallizer_movementmm_BIN=High | num_stream_BIN=Low | resistance_tonn_BIN=Low | steel_temperature_grab1Celsius_BIN=High | steel_type=Arm500 | steel_weighttonn_BIN=High | swing_frequency_amount_minute_BIN=High | temperature_measurement1_Celsius_BIN=Low | temperature_measurement2_Celsius_BIN=Low | water_consumption_BIN=High | water_temperature_deltaCelsius_BIN=High | workpiece_slice_geometry=180x180,30014812 | 530314 К,16,2,5,21
2020-08-26,K_086,2,RUL_BIN=Critical | alloy_speed_meter_minute_BIN=Medium | alloy_type=open | cast_in_row_BIN=Low | crystallizer_movementmm_BIN=High | num_stream_BIN=High | resistance_tonn_BIN=Low | steel_temperature_grab1Celsius_BIN=High | steel_type=Arm500 | steel_weighttonn_BIN=High | swing_frequency_amount_minute_BIN=High | temperature_measurement1_Celsius_BIN=Low | temperature_measurement2_Celsius_BIN=Low | water_consumption_BIN=High | water_temperature_deltaCelsius_BIN=High | workpiece_slice_geometry=180x180,30014135 | 30014818,16,2,5,21
2020-08-26,K_086,3,RUL_BIN=Critical | alloy_speed_meter_minute_BIN=Medium | alloy_type=open | cast_in_row_BIN=Low | crystallizer_movementmm_BIN=High | num_crystallizer_BIN=Medium | resistance_tonn_BIN=Low | steel_temperature_grab1Celsius_BIN=High | steel_type=Arm500 | steel_weighttonn_BIN=High | swing_frequency_amount_minute_BIN=High | temperature_measurement1_Celsius_BIN=Low | temperature_measurement2_Celsius_BIN=Low | water_consumption_BIN=High | water_temperature_deltaCelsius_BIN=High | workpiece_slice_geometry=180x180,30014135 | 30014139,16,2,5,21
2020-08-26,K_086,4,RUL_BIN=Critical | alloy_speed_meter_minute_BIN=Medium | alloy_type=open | cast_in_row_BIN=Low | crystallizer_movementmm_BIN=High | num_crystallizer_BIN=Medium | num_stream_BIN=Medium | resistance_tonn_BIN=Low | steel_temperature_grab1Celsius_BIN=High | steel_type=Arm500 | steel_weighttonn_BIN=High | swing_frequency_amount_minute_BIN=High | temperature_measurement1_Celsius_BIN=Low | temperature_measurement2_Celsius_BIN=Low | water_consumption_BIN=High | water_temperature_deltaCelsius_BIN=High | workpiece_slice_geometry=180x180,30014139,17,1,5,21
2020-08-26,K_086,5,RUL_BIN=Critical | alloy_speed_meter_minute_BIN=Medium | alloy_type=open | cast_in_row_BIN=Low | crystallizer_movementmm_BIN=High | num_crystallizer_BIN=Medium | num_stream_BIN=High | resistance_tonn_BIN=Low | steel_temperature_grab1Celsius_BIN=High | steel_type=Arm500 | steel_weighttonn_BIN=High | swing_frequency_amount_minute_BIN=High | temperature_measurement1_Celsius_BIN=Low | temperature_measurement2_Celsius_BIN=Low | water_consumption_BIN=High | water_temperature_deltaCelsius_BIN=High | workpiece_slice_geometry=180x180,30014135,17,1,5,21
2020-08-26,K_086,6,RUL_BIN=Critical | alloy_speed_meter_minute_BIN=Medium | alloy_type=open | cast_in_row_BIN=Low | crystallizer_movementmm_BIN=High | num_crystallizer_BIN=Low | num_stream_BIN=Low | resistance_tonn_BIN=Low | steel_temperature_grab1Celsius_BIN=High | steel_type=Arm500 | steel_weighttonn_BIN=High | swing_frequency_amount_minute_BIN=High | temperature_measurement1_Celsius_BIN=Low | temperature_measurement2_Celsius_BIN=Low | water_consumption_BIN=High | water_temperature_deltaCelsius_BIN=High | workpiece_slice_geometry=180x180,30014812,17,1,5,21
2020-08-26,K_086,7,RUL_BIN=Critical | alloy_speed_meter_minute_BIN=Medium | alloy_type=open | cast_in_row_BIN=Low | crystallizer_movementmm_BIN=High | num_crystallizer_BIN=High | resistance_tonn_BIN=Low | steel_temperature_grab1Celsius_BIN=High | steel_type=Arm500 | steel_weighttonn_BIN=High | swing_frequency_amount_minute_BIN=High | temperature_measurement1_Celsius_BIN=Low | temperature_measurement2_Celsius_BIN=Low | water_consumption_BIN=High | water_temperature_deltaCelsius_BIN=High | workpiece_slice_geometry=180x180,30014818 | 530314 К,16,2,5,21
2020-08-26,K_086,8,RUL_BIN=Critical | alloy_speed_meter_minute_BIN=Medium | alloy_type=open | cast_in_row_BIN=Low | crystallizer_movementmm_BIN=High | num_crystallizer_BIN=High | num_stream_BIN=Low | resistance_tonn_BIN=Low | steel_temperature_grab1Celsius_BIN=High | steel_type=Arm500 | steel_weighttonn_BIN=High | swing_frequency_amount_minute_BIN=High | temperature_measurement1_Celsius_BIN=Low | temperature_measurement2_Celsius_BIN=Low | water_consumption_BIN=High | water_temperature_deltaCelsius_BIN=High | workpiece_slice_geometry=180x180,530314 К,17,1,5,21
2020-08-26,K_086,9,RUL_BIN=Critical | alloy_speed_meter_minute_BIN=Medium | alloy_type=open | cast_in_row_BIN=Low | crystallizer_movementmm_BIN=High | num_crystallizer_BIN=High | num_stream_BIN=High | resistance_tonn_BIN=Low | steel_temperature_grab1Celsius_BIN=High | steel_type=Arm500 | steel_weighttonn_BIN=High | swing_frequency_amount_minute_BIN=High | temperature_measurement1_Celsius_BIN=Low | temperature_measurement2_Celsius_BIN=Low | water_consumption_BIN=High | water_temperature_deltaCelsius_BIN=High | workpiece_slice_geometry=180x180,30014818,17,1,5,21
2020-08-26,K_086,10,RUL_BIN=Critical | alloy_speed_meter_minute_BIN=Medium | alloy_type=open | cast_in_row_BIN=Low | crystallizer_movementmm_BIN=High | num_crystallizer_BIN=High | num_crystallizer_BIN=Low | num_crystallizer_BIN=Medium | num_stream_BIN=High | num_stream_BIN=Low | num_stream_BIN=Medium | resistance_tonn_BIN=Low | steel_temperature_grab1Celsius_BIN=High | steel_type=Arm500 | steel_weighttonn_BIN=High | swing_frequency_amount_minute_BIN=High | temperature_measurement1_Celsius_BIN=Low | temperature_measurement2_Celsius_BIN=Low | water_consumption_BIN=High | water_temperature_deltaCelsius_BIN=High | workpiece_slice_geometry=180x180,,21,0,5,21
