anomaly_label,anomaly_score,is_anomaly,calculated_RUL_tons,RUL_Class
1,0.1000173543171774,0,80051,Healthy
1,0.056908945768426644,0,79946,Medium
1,0.09811920903574767,0,79888,Healthy
1,0.05608232549633213,0,79780,Medium
1,0.10237588554771915,0,79722,Healthy
1,0.01604476056370574,0,79636,Healthy
1,0.04172035713750988,0,79617,Medium
1,0.09069099964771138,0,79553,Healthy
1,0.03038150225856684,0,79468,Healthy
1,0.03948018578017032,0,79453,Medium
1,0.09406177588162751,0,79393,Healthy
1,0.029292628523274633,0,79298,Healthy
-1,-0.014909399440725002,1,79283,Medium
1,0.09548150049636811,0,79226,Healthy
-1,-0.004156834808945908,1,79134,Healthy
-1,-0.015423853437607993,1,79113,Medium
1,0.0942747838478582,0,79063,Healthy
-1,-0.006668687243265969,1,78970,Healthy
1,0.04202557999056378,0,78949,Medium
1,0.10435635904687551,0,78900,Healthy
1,0.016597918788483712,0,78799,Healthy
1,0.04136162989144021,0,78785,Medium
1,0.12126543244614452,0,78737,Healthy
-1,-0.144426274370974,1,78635,Healthy
1,0.06231600769326895,0,78621,Medium
1,0.0997128745147815,0,78571,Healthy
-1,-0.11716241388710325,1,78471,Healthy
1,0.06144563694931715,0,78457,Medium
1,0.13167604317853926,0,78398,Healthy
-1,-0.1248769846522313,1,78310,Healthy
1,0.016110649220682505,0,78289,Medium
1,0.12928152509995666,0,78246,Healthy
-1,-0.12581052148292893,1,78147,Healthy
1,0.01595994284243374,0,78121,Medium
1,0.17408293252001789,0,78083,Healthy
-1,-0.1335986433850157,1,77977,Healthy
1,0.010618941043938235,0,77953,Medium
1,0.06754152783720935,0,77908,Healthy
1,0.01588924301827188,0,77835,Healthy
-1,-0.1280209064375526,1,77819,Healthy
1,0.010448064660159129,0,77785,Medium
1,0.13447831759165657,0,77741,Healthy
-1,-0.06058800750383486,1,77672,Healthy
1,0.01692009323850463,0,77661,Healthy
-1,-0.13116979827755693,1,77655,Healthy
1,0.00326186057929434,0,77617,Medium
1,0.08843309655906972,0,77572,Healthy
-1,-0.01979297788257628,1,77512,Healthy
-1,-0.14159084138003064,1,77496,Healthy
1,0.028336275459617588,0,77493,Healthy
1,0.0024654796540511947,0,77448,Medium
1,0.17274886847267745,0,77409,Healthy
1,0.01822826210811257,0,77387,Healthy
1,0.0073178333219774405,0,77357,Healthy
1,0.008573777499079727,0,77340,Healthy
-1,-0.13400499002513855,1,77334,Healthy
1,0.026910954644904117,0,77323,Healthy
1,0.04286495041664895,0,77284,Medium
1,0.17860553946439822,0,77240,Healthy
1,0.028271092169960044,0,77219,Healthy
1,0.016762148777219044,0,77197,Healthy
1,0.021158205001714836,0,77172,Healthy
1,0.011040043181726689,0,77170,Healthy
-1,-0.005278383025458244,1,77159,Healthy
1,0.05795568299487369,0,77120,Medium
1,0.16644217204743206,0,77070,Healthy
1,0.026607118754273795,0,77049,Healthy
-1,-0.0027362693374967106,1,77040,Healthy
-1,-0.03684322930163508,1,77009,Healthy
1,0.020019469048264016,0,77001,Healthy
-1,-0.007908338112193825,1,76995,Healthy
1,0.08261065941325596,0,76947,Medium
1,0.18972273429548914,0,76907,Healthy
-1,-0.006142287088735654,1,76886,Healthy
1,0.010861014710985994,0,76876,Healthy
-1,-0.0310481740484444,1,76853,Healthy
-1,-0.011899505617254391,1,76838,Healthy
1,0.016391356838007742,0,76825,Healthy
1,0.09339994292010495,0,76775,Medium
1,0.18793385866200912,0,76744,Healthy
-1,-0.00785909386024275,1,76722,Healthy
-1,-0.013212208787687696,1,76718,Healthy
-1,-0.005972450166852883,1,76685,Healthy
-1,-0.012573171573891484,1,76674,Healthy
-1,-0.14578744732487525,1,76660,Healthy
1,0.12593961390906472,0,76615,Medium
1,0.17500384626910997,0,76584,Healthy
1,0.029827645120682145,0,76554,Healthy
1,0.017673110053005314,0,76551,Healthy
1,0.18202562588505383,0,76525,Healthy
1,0.009578190329574188,0,76503,Healthy
-1,-0.11637162204901097,1,76496,Healthy
1,0.13439050946572684,0,76454,Medium
1,0.1769165655738737,0,76424,Healthy
1,0.062730068103175,0,76391,Healthy
-1,-0.14473950254154544,1,76387,Healthy
1,0.19538528477969364,0,76362,Healthy
-1,-0.14389714063004178,1,76339,Healthy
-1,-0.12340647821974537,1,76335,Healthy
1,0.11223341874899218,0,76288,Medium
1,0.18761574726165808,0,76257,Healthy
1,0.056461797391159974,0,76225,Healthy
-1,-0.11527017812108853,1,76223,Healthy
1,0.1868122128777055,0,76198,Healthy
-1,-0.11602841254257878,1,76175,Healthy
-1,-0.12416274185627241,1,76172,Healthy
1,0.1205782657228503,0,76122,Medium
1,0.18563729395530276,0,76094,Healthy
1,0.04605945887744589,0,76063,Healthy
-1,-0.12379656600214772,1,76061,Healthy
1,0.19049256538994452,0,76038,Healthy
-1,-0.1252529531743909,1,76013,Healthy
-1,-0.1320899371391061,1,76012,Healthy
1,0.10793905546368232,0,75958,Medium
1,0.1508371261674335,0,75919,Healthy
1,0.03326923304581697,0,75903,Healthy
-1,-0.1248820331791265,1,75899,Healthy
1,0.1585607865982333,0,75878,Healthy
-1,-0.1368477679026494,1,75851,Healthy
-1,-0.12757557700721422,1,75851,Healthy
1,0.11698628992791565,0,75795,Medium
1,0.1869851645342927,0,75753,Healthy
1,0.04333038944572498,0,75740,Healthy
-1,-0.13183503178044853,1,75739,Healthy
1,0.18871150123178287,0,75718,Healthy
-1,-0.1332596829955538,1,75691,Healthy
-1,-0.13325751649503403,1,75681,Healthy
1,0.0974282572686514,0,75632,Medium
1,0.19478315164145732,0,75586,Healthy
1,0.010620904471118742,0,75584,Healthy
-1,-0.1368477679026494,1,75577,Healthy
1,0.1772455098454142,0,75555,Healthy
-1,-0.13754192888912553,1,75529,Healthy
-1,-0.12701791532647388,1,75523,Healthy
1,0.10495762845677858,0,75469,Medium
1,0.18683158292631374,0,75426,Healthy
1,0.04816109217224618,0,75416,Healthy
-1,-0.13341285314852247,1,75407,Healthy
1,0.19390448798479548,0,75395,Healthy
-1,-0.13148136790760778,1,75359,Healthy
-1,-0.1351434855641559,1,75359,Healthy
1,0.10887366543957522,0,75305,Medium
-1,-0.005513317769262116,1,75261,Healthy
1,0.16764604453546,0,75260,Healthy
-1,-0.1273258086162833,1,75250,Healthy
1,0.18233286237848195,0,75232,Healthy
-1,-0.14282001401190358,1,75200,Healthy
-1,-0.1420147020610799,1,75200,Healthy
1,0.11624574527911186,0,75142,Medium
1,0.060435042454215326,0,75097,Healthy
1,0.1870442371611008,0,75097,Healthy
-1,-0.1319462808620293,1,75086,Healthy
1,0.16342379064308904,0,75069,Healthy
-1,-0.1345305048613733,1,75038,Healthy
-1,-0.13705671768908922,1,75038,Healthy
1,0.11994394553490362,0,74976,Medium
1,0.18667671862040586,0,74937,Healthy
1,0.03447803910186553,0,74927,Healthy
-1,-0.1423293612904717,1,74926,Healthy
1,0.16521469599118777,0,74912,Healthy
1,0.012649218652907579,0,74874,Healthy
1,0.010932015812733953,0,74874,Healthy
1,0.12720815064759317,0,74809,Medium
1,0.17218633758526986,0,74774,Healthy
-1,-0.13468612864274088,1,74765,Healthy
1,0.04497575036642154,0,74763,Healthy
1,0.17231444975712434,0,74740,Healthy
-1,-0.037222097459093106,1,74713,Healthy
-1,-0.035860342080705765,1,74713,Healthy
1,0.11678665987426029,0,74646,Medium
1,0.03145913283465318,0,74613,Healthy
1,0.18684762801852872,0,74610,Healthy
1,0.02726956618293308,0,74601,Healthy
1,0.011909065915627237,0,74601,Healthy
-1,-0.03423806918737782,1,74557,Healthy
-1,-0.0302847941608807,1,74557,Healthy
1,0.1272827242017821,0,74483,Medium
1,0.07871349295335395,0,74454,Healthy
1,0.1854868240162435,0,74444,Healthy
-1,-0.035928605838083216,1,74439,Healthy
1,0.013786125827530582,0,74433,Healthy
-1,-0.008430727009093308,1,74389,Healthy
-1,-0.0030444041485517825,1,74389,Healthy
1,0.1225386024141712,0,74313,Medium
1,0.1546802090231968,0,74293,Healthy
-1,-0.030357994627341567,1,74283,Healthy
1,0.18647159909977984,0,74281,Healthy
1,0.005824785226078322,0,74272,Healthy
1,0.18242106448395307,0,74229,Healthy
1,0.17833884313392734,0,74229,Healthy
1,0.1295403460690726,0,74144,Medium
1,0.118167012442217,0,74135,Healthy
1,0.1893624157036296,0,74118,Healthy
-1,-0.0037594823241929864,1,74115,Healthy
-1,-0.0078108584491768385,1,74110,Healthy
1,0.18537894580086578,0,74065,Healthy
1,0.1817016030110682,0,74065,Healthy
1,0.10881079657075132,0,73995,Healthy
1,0.13077798857822587,0,73981,Medium
1,0.004289890922074546,0,73953,Healthy
1,0.17065805658547162,0,73951,Healthy
1,0.0724219466781062,0,73943,Healthy
1,0.17270918673281616,0,73902,Healthy
1,0.17739310794285812,0,73902,Healthy
1,0.11940973489273826,0,73843,Healthy
1,0.1381004401145814,0,73817,Medium
1,0.012344675634218594,0,73787,Healthy
1,0.17172491082748542,0,73782,Healthy
1,0.0867707770264115,0,73777,Healthy
1,0.1759857538170212,0,73742,Healthy
1,0.18069132583889125,0,73742,Healthy
1,0.15113757200523759,0,73685,Healthy
1,0.12059213315394529,0,73657,Medium
-1,-0.049388669046338984,1,73623,Healthy
1,0.1713681854575927,0,73619,Healthy
1,0.15302991661837373,0,73610,Healthy
1,0.14845636048979094,0,73582,Healthy
1,0.14213804784974432,0,73582,Healthy
1,0.15309371025899698,0,73517,Healthy
1,0.12472203716658314,0,73497,Medium
-1,-0.013152591936581914,1,73457,Healthy
1,0.14056512709337343,0,73456,Healthy
1,0.13994400799190249,0,73444,Healthy
1,0.17698201596455354,0,73422,Healthy
1,0.172434080739931,0,73422,Healthy
1,0.18261193667297326,0,73355,Healthy
1,0.10532215837518516,0,73328,Medium
1,0.1545372974920064,0,73299,Healthy
-1,-0.0270322980547959,1,73295,Healthy
1,0.14628967652844022,0,73280,Healthy
1,0.16439646447482403,0,73259,Healthy
1,0.15841437436597394,0,73259,Healthy
1,0.15970744603423465,0,73201,Healthy
1,0.11130323134031211,0,73158,Medium
-1,-0.04684842304758774,1,73142,Healthy
1,0.14181759302985764,0,73129,Healthy
1,0.1480903311658106,0,73114,Healthy
1,0.1841128021250365,0,73099,Healthy
1,0.17912833478686074,0,73099,Healthy
1,0.09616147919876411,0,73028,Healthy
1,0.12479696824279068,0,72995,Medium
-1,-0.03499977580552227,1,72976,Healthy
1,0.12102923386990805,0,72960,Healthy
1,0.11191768464652868,0,72942,Healthy
1,0.16697091486550958,0,72936,Healthy
1,0.17208543309037672,0,72936,Healthy
1,0.1524516195810814,0,72859,Healthy
1,0.13055870134282416,0,72832,Medium
-1,-0.028541456301864332,1,72804,Healthy
1,0.10042470254705771,0,72788,Healthy
1,0.1365119401863587,0,72775,Healthy
1,0.15136083665730338,0,72772,Healthy
1,0.15532885389655804,0,72772,Healthy
1,0.1450811798644805,0,72693,Healthy
1,0.11174775342615934,0,72676,Medium
1,0.12271003431380179,0,72635,Healthy
1,0.030658068488431334,0,72633,Healthy
1,0.16521469599118777,0,72615,Healthy
1,0.15502368832676877,0,72615,Healthy
1,0.14360191997410005,0,72612,Healthy
1,0.14447495596513876,0,72536,Healthy
1,0.1214323798246526,0,72520,Medium
1,0.11170318527154255,0,72476,Healthy
1,0.05958290025188118,0,72471,Healthy
1,0.15900858001925172,0,72449,Healthy
1,0.15423432964624556,0,72443,Healthy
1,0.15833121617742524,0,72443,Healthy
1,0.14962048746313095,0,72379,Healthy
1,0.1310336513574244,0,72356,Medium
1,0.02870766275919745,0,72317,Healthy
1,0.03102053983871167,0,72317,Healthy
1,0.06348027629186315,0,72309,Healthy
1,0.07455722185522545,0,72302,Healthy
1,0.10555526860268033,0,72283,Healthy
1,0.14971857105131997,0,72213,Healthy
1,0.10433131162649906,0,72184,Medium
1,0.07629036328165845,0,72158,Healthy
1,0.07908195826103737,0,72158,Healthy
1,0.03538210825952348,0,72146,Healthy
1,0.07935822504717543,0,72135,Healthy
1,0.10026004470310679,0,72123,Healthy
1,0.13700051144989822,0,72046,Healthy
1,0.10948079997211008,0,72011,Medium
1,0.15135176244866777,0,71997,Healthy
1,0.15507199973230545,0,71997,Healthy
1,0.08816154593642411,0,71980,Healthy
1,0.053263991070894745,0,71963,Healthy
1,0.10315433833148607,0,71956,Healthy
1,0.11886877793046868,0,71886,Healthy
1,0.09581644626858454,0,71848,Medium
1,0.11396235423135825,0,71839,Healthy
1,0.11783936096543529,0,71839,Healthy
1,0.15124375069900275,0,71814,Healthy
1,0.09332431682161896,0,71791,Healthy
1,0.0936771782952735,0,71790,Healthy
1,0.1259877711484489,0,71714,Healthy
1,0.10504061738221154,0,71699,Healthy
1,0.10799905703073764,0,71699,Healthy
1,0.10030822660911165,0,71685,Medium
1,0.15124375069900275,0,71648,Healthy
1,0.08879321052920064,0,71627,Healthy
1,0.07369993114305778,0,71621,Healthy
1,0.11408917127111057,0,71547,Healthy
1,0.11881564433710395,0,71547,Healthy
1,0.1438718412126232,0,71541,Healthy
1,0.09872650819156864,0,71515,Medium
1,0.151971628095332,0,71485,Healthy
1,0.01604476056370574,0,71472,Healthy
1,0.10180187846922467,0,71461,Healthy
1,0.053063893576905774,0,71449,Healthy
1,0.1466946077459223,0,71389,Healthy
1,0.15151301700382797,0,71389,Healthy
1,0.11236897168195137,0,71378,Healthy
1,0.10480719356942597,0,71346,Medium
1,0.151971628095332,0,71322,Healthy
1,0.03038150225856684,0,71304,Healthy
1,0.1000173543171774,0,71298,Healthy
1,0.05156409402599149,0,71283,Healthy
1,0.1506589025771537,0,71221,Healthy
1,0.15356022070573438,0,71221,Healthy
1,0.08983501611852174,0,71209,Healthy
1,0.06606863523425283,0,71205,Healthy
1,0.12972876273932288,0,71180,Medium
1,0.1492599081462967,0,71155,Healthy
1,0.09811920903574767,0,71134,Healthy
1,0.029292628523274633,0,71134,Healthy
1,0.04474424158711077,0,71113,Healthy
1,0.17797782854862826,0,71059,Healthy
1,0.18247926645093437,0,71059,Healthy
1,0.10623714748518248,0,71040,Healthy
1,0.0733274705530157,0,71038,Healthy
1,0.13791138108284445,0,71013,Medium
1,0.1492599081462967,0,70989,Healthy
-1,-0.004156834808945908,1,70970,Healthy
1,0.10237588554771915,0,70968,Healthy
1,0.056110714347448465,0,70947,Healthy
1,0.1554875966678666,0,70905,Healthy
1,0.15923281450160603,0,70905,Healthy
1,0.11782594233637578,0,70873,Healthy
1,0.13952554061815148,0,70872,Healthy
1,0.11002187352037923,0,70853,Medium
1,0.15951089378869637,0,70826,Healthy
-1,-0.006668687243265969,1,70806,Healthy
1,0.09069099964771138,0,70799,Healthy
1,0.05424477394923277,0,70784,Healthy
1,0.15362850951346163,0,70739,Healthy
1,0.15401323380386073,0,70739,Healthy
1,0.11477433609666082,0,70710,Healthy
1,0.12703838136797335,0,70705,Healthy
1,0.11594139812575899,0,70693,Medium
1,0.15951089378869637,0,70663,Healthy
1,0.09406177588162751,0,70639,Healthy
1,0.016597918788483712,0,70635,Healthy
1,0.060238055604768026,0,70618,Healthy
1,0.15500497300413874,0,70575,Healthy
1,0.15364308327363851,0,70575,Healthy
1,0.13339258194920278,0,70542,Healthy
1,0.10690193717741897,0,70541,Healthy
1,0.10875754409900118,0,70520,Medium
1,0.15740073868561805,0,70500,Healthy
1,0.09548150049636811,0,70473,Healthy
-1,-0.144426274370974,1,70471,Healthy
1,0.044636756704350966,0,70448,Healthy
1,0.15369644093819002,0,70409,Healthy
1,0.15273193913347988,0,70409,Healthy
1,0.1344045489083069,0,70376,Healthy
1,0.1308430694607856,0,70375,Healthy
1,0.11553834034843224,0,70348,Medium
1,0.15740073868561805,0,70336,Healthy
1,0.0942747838478582,0,70309,Healthy
-1,-0.11716241388710325,1,70307,Healthy
1,0.07044009226103043,0,70282,Healthy
1,0.16032498504172044,0,70246,Healthy
1,0.16173532024547405,0,70246,Healthy
1,0.07409598953145186,0,70211,Healthy
1,0.10203919160538155,0,70203,Healthy
1,0.12771999091097935,0,70182,Medium
1,0.16601585690477805,0,70173,Healthy
1,0.10435635904687551,0,70146,Healthy
-1,-0.1248769846522313,1,70146,Healthy
1,0.05135528337466855,0,70116,Healthy
1,0.1597519497884804,0,70083,Healthy
1,0.1607629727189599,0,70083,Healthy
1,0.08489613251863626,0,70045,Healthy
1,0.1268653517458911,0,70037,Healthy
1,0.1375091127264132,0,70015,Medium
1,0.16601585690477805,0,70010,Healthy
1,0.12095423845560355,0,69983,Healthy
-1,-0.12581052148292893,1,69983,Healthy
1,0.015505667884971208,0,69944,Healthy
1,0.16617617948942198,0,69920,Healthy
1,0.1678790561772412,0,69920,Healthy
1,0.11116331211876301,0,69879,Healthy
1,0.1313017769231734,0,69874,Healthy
1,0.11890249710137535,0,69849,Medium
1,0.14026246905404854,0,69838,Healthy
1,0.0997128745147815,0,69817,Healthy
-1,-0.1335986433850157,1,69813,Healthy
1,0.15139282024201212,0,69780,Healthy
1,0.1406332330108237,0,69747,Healthy
1,0.13802664863900715,0,69747,Healthy
1,0.11034328227214107,0,69713,Healthy
1,0.14543325049448325,0,69711,Healthy
1,0.12715689565358362,0,69683,Medium
1,0.14026246905404854,0,69665,Healthy
-1,-0.1280209064375526,1,69655,Healthy
1,0.13167604317853926,0,69644,Healthy
1,0.04089145785241788,0,69623,Healthy
1,0.1533571196840745,0,69578,Healthy
1,0.1553909139954633,0,69578,Healthy
1,0.09081400151707009,0,69545,Healthy
1,0.09231210869682188,0,69543,Healthy
1,0.12203576638932223,0,69522,Medium
1,0.15575177129020928,0,69496,Healthy
1,0.12928152509995666,0,69493,Healthy
-1,-0.13116979827755693,1,69491,Healthy
-1,-0.0036317161640294637,1,69435,Healthy
1,0.11287209230482526,0,69418,Healthy
1,0.11415265979532035,0,69418,Healthy
1,0.08354393480109196,0,69389,Healthy
1,0.08618447359168907,0,69384,Healthy
1,0.1313573706452858,0,69362,Medium
-1,-0.14159084138003064,1,69332,Healthy
1,0.17408293252001789,0,69329,Healthy
1,0.15575177129020928,0,69327,Healthy
1,0.14001285385906476,0,69271,Healthy
1,0.15182628457718167,0,69251,Healthy
1,0.15458182050947983,0,69251,Healthy
1,0.1084117952356421,0,69223,Healthy
1,0.08683956087090877,0,69218,Healthy
1,0.09284911171795174,0,69187,Medium
-1,-0.13400499002513855,1,69170,Healthy
1,0.115551290775039,0,69166,Healthy
1,0.06754152783720935,0,69154,Healthy
1,0.17756335858252675,0,69108,Healthy
1,0.1538657115833369,0,69085,Healthy
1,0.15163940060055875,0,69085,Healthy
1,0.1569828573676662,0,69060,Healthy
1,0.07944944101767476,0,69052,Healthy
1,0.10444059804758676,0,69011,Medium
1,0.115551290775039,0,69006,Healthy
1,0.011040043181726689,0,69006,Healthy
1,0.13447831759165657,0,68988,Healthy
1,0.18232570109052354,0,68942,Healthy
1,0.1446254279887756,0,68916,Healthy
1,0.14647563522370272,0,68916,Healthy
1,0.07413580197280739,0,68889,Healthy
1,0.12836115719718982,0,68888,Healthy
1,0.12287424060991942,0,68848,Medium
-1,-0.03684322930163508,1,68845,Healthy
1,0.15198872490078685,0,68840,Healthy
1,0.08843309655906972,0,68818,Healthy
1,0.17796963126043647,0,68775,Healthy
1,0.14270046030045835,0,68750,Healthy
1,0.14505091735372871,0,68750,Healthy
1,0.08431372015968408,0,68723,Healthy
1,0.12714780066479897,0,68718,Healthy
-1,-0.0310481740484444,1,68689,Healthy
1,0.13530504402062488,0,68685,Medium
1,0.15198872490078685,0,68674,Healthy
1,0.1770862511849967,0,68655,Healthy
1,0.1127884448956386,0,68606,Healthy
1,0.1320039434105882,0,68580,Healthy
1,0.13446898770648902,0,68580,Healthy
1,0.0836097272156982,0,68559,Healthy
1,0.17440060300213373,0,68552,Healthy
-1,-0.005972450166852883,1,68521,Healthy
1,0.16110081958739536,0,68518,Medium
1,0.1519793687592182,0,68508,Healthy
1,0.1827575833749312,0,68486,Healthy
1,0.15147162578712914,0,68443,Healthy
1,0.16944402205104991,0,68417,Healthy
1,0.16750425230559968,0,68417,Healthy
1,0.08314160195080983,0,68396,Healthy
1,0.14550461864286046,0,68380,Healthy
1,0.1730896122428887,0,68352,Medium
1,0.07253086689633603,0,68349,Healthy
1,0.1519793687592182,0,68341,Healthy
1,0.1697592341483662,0,68317,Healthy
1,0.15969490793242214,0,68277,Healthy
1,0.13165539220212552,0,68242,Healthy
1,0.13254781655200365,0,68242,Healthy
1,0.08862908355289201,0,68230,Healthy
1,0.05396920893119839,0,68229,Healthy
1,0.16437645615190083,0,68189,Medium
1,0.0867707770264115,0,68182,Healthy
1,0.14505040372268269,0,68172,Healthy
1,0.19315891315698525,0,68153,Healthy
1,0.14512495816901244,0,68120,Healthy
1,0.15129914239507375,0,68075,Healthy
1,0.15249768203788344,0,68075,Healthy
1,0.0768261239097291,0,68061,Healthy
1,0.08968005512906391,0,68056,Healthy
1,0.17600327549245415,0,68026,Medium
1,0.15302991661837373,0,68015,Healthy
1,0.14505040372268269,0,68003,Healthy
1,0.19121844925259612,0,67990,Healthy
1,0.1406402207138815,0,67947,Healthy
1,0.1687287124325525,0,67912,Healthy
1,0.16632429799148873,0,67912,Healthy
1,0.08269626151165232,0,67900,Healthy
1,0.11668870936863668,0,67896,Healthy
1,0.17245447921228801,0,67856,Medium
1,0.13994400799190249,0,67849,Healthy
1,0.14181486182105774,0,67836,Healthy
1,0.17909591999260244,0,67830,Healthy
1,0.12616276610435234,0,67777,Healthy
1,0.1687610318290782,0,67746,Healthy
1,0.16579666317591235,0,67746,Healthy
1,0.08315574814716414,0,67734,Healthy
1,0.13487106213951677,0,67721,Healthy
1,0.17932268222086073,0,67687,Medium
1,0.146561000739456,0,67686,Healthy
1,0.18072677074921784,0,67670,Healthy
1,0.14181486182105774,0,67670,Healthy
1,0.15495904472485383,0,67611,Healthy
1,0.15415552424220508,0,67583,Healthy
1,0.15686670939680986,0,67583,Healthy
1,0.08194054369746434,0,67571,Healthy
1,0.1836726952811088,0,67557,Healthy
1,0.1480903311658106,0,67520,Healthy
1,0.16117109433587784,0,67515,Medium
1,0.19112572654268928,0,67504,Healthy
1,0.1357217312133407,0,67501,Healthy
1,0.11274413299472752,0,67456,Healthy
1,0.15020654391934918,0,67426,Healthy
1,0.1500955893486457,0,67426,Healthy
1,0.09470109034788532,0,67408,Healthy
1,0.17325114289099514,0,67385,Healthy
1,0.11191768464652868,0,67347,Healthy
1,0.16941251401641627,0,67343,Low
1,0.18938908926732573,0,67341,Healthy
1,0.1357217312133407,0,67332,Healthy
1,0.1875657090910261,0,67296,Healthy
1,0.12197334903848878,0,67272,Healthy
1,0.12262880932247916,0,67272,Healthy
1,0.11013791828204855,0,67245,Healthy
1,0.13720252411483558,0,67213,Healthy
1,0.06682535841322262,0,67188,Low
1,0.13606303338098608,0,67181,Healthy
1,0.16821309518107014,0,67168,Healthy
1,0.15579016727955813,0,67165,Healthy
1,0.18112301206202952,0,67136,Healthy
1,0.13127692770975258,0,67112,Healthy
1,0.13350508792379528,0,67112,Healthy
1,0.08909853397187728,0,67079,Healthy
1,0.17397377355649135,0,67056,Healthy
1,0.07466211115432592,0,67033,Low
1,0.14360191997410005,0,67018,Healthy
1,0.16821309518107014,0,67005,Healthy
1,0.19225610797380305,0,66999,Healthy
1,0.18714735943911098,0,66966,Healthy
1,0.15935742464058256,0,66945,Healthy
1,0.15768009372638853,0,66945,Healthy
1,0.12276723833328618,0,66906,Healthy
1,0.14040107812640584,0,66889,Healthy
1,0.06975586332751965,0,66869,Low
1,0.15900858001925172,0,66855,Healthy
1,0.19901909615401647,0,66833,Healthy
1,0.13636814020744642,0,66830,Healthy
1,0.17661165613006746,0,66803,Healthy
1,0.15415027697409062,0,66779,Healthy
1,0.15229148227313621,0,66779,Healthy
1,0.12411065558469048,0,66754,Healthy
1,0.18887572292205518,0,66720,Healthy
1,0.06385291268686838,0,66706,Low
1,0.10522255059082947,0,66688,Healthy
1,0.1933437215856071,0,66672,Healthy
1,0.13636814020744642,0,66654,Healthy
1,0.1872473518948526,0,66634,Healthy
1,0.1372412309507034,0,66613,Healthy
1,0.14074366198120614,0,66613,Healthy
1,0.1680298378226357,0,66591,Healthy
1,0.19686659243300897,0,66554,Healthy
1,0.16734999671831563,0,66543,Low
1,0.09951043718793917,0,66528,Healthy
1,0.17334417700211557,0,66506,Healthy
1,0.1506905754959223,0,66488,Healthy
1,0.15460845969045195,0,66461,Healthy
1,0.12191108716727139,0,66459,Healthy
1,0.12189194979971113,0,66459,Healthy
1,0.06050929842563374,0,66416,Healthy
1,0.18421655517781477,0,66388,Healthy
1,0.1693338595912549,0,66379,Low
1,0.10284823040152818,0,66362,Healthy
1,0.1934154735972869,0,66343,Healthy
1,0.1506905754959223,0,66322,Healthy
1,0.19672639630340166,0,66298,Healthy
1,0.1873773833453828,0,66293,Healthy
1,0.19131503631336233,0,66293,Healthy
1,0.12782250958819352,0,66249,Healthy
1,0.19144046437606754,0,66227,Healthy
1,0.13724823095564698,0,66225,Low
1,0.0935730277165045,0,66196,Healthy
1,0.1920172533870339,0,66183,Healthy
1,0.16610543766120145,0,66159,Healthy
1,0.1815825337257398,0,66129,Healthy
1,0.1765904702220944,0,66123,Healthy
1,0.1802324412479207,0,66123,Healthy
1,0.07448087097675932,0,66114,Healthy
1,0.0812115738789167,0,66080,Healthy
1,0.14051001407989228,0,66071,Low
1,0.194751188034733,0,66064,Healthy
1,0.08879321052920064,0,66033,Healthy
1,0.17785380536448264,0,66020,Healthy
1,0.16610543766120145,0,65995,Healthy
1,0.19096590707790811,0,65966,Healthy
1,0.18383696692380747,0,65957,Healthy
1,0.18080421263897933,0,65957,Healthy
1,0.09018865405662013,0,65948,Healthy
1,0.175832614853495,0,65917,Healthy
1,0.1629750173194215,0,65902,Low
1,0.1927531692761998,0,65898,Healthy
1,0.10146499596586261,0,65866,Healthy
1,0.19395569253735567,0,65857,Healthy
1,0.16641738441923132,0,65829,Healthy
1,0.1831165206844927,0,65802,Healthy
1,0.18267177818739644,0,65794,Healthy
1,0.18631393805239355,0,65794,Healthy
1,0.1575572139505052,0,65781,Healthy
1,0.18095447133776565,0,65748,Healthy
1,0.1922940450111133,0,65738,Healthy
1,0.16374435488915962,0,65732,Low
1,0.1000173543171774,0,65703,Healthy
1,0.19109864655060033,0,65690,Healthy
1,0.16641738441923132,0,65663,Healthy
1,0.17515497732647634,0,65639,Healthy
1,0.17716979006166123,0,65628,Healthy
1,0.1803632407545217,0,65628,Healthy
1,0.14346425401956292,0,65615,Healthy
1,0.168997695078838,0,65578,Healthy
1,0.17353706353593146,0,65569,Low
1,0.19237510559173537,0,65569,Healthy
1,0.09747267163669299,0,65540,Healthy
1,0.19266379418538015,0,65527,Healthy
1,0.1530701126773738,0,65500,Healthy
1,0.17381691356810353,0,65476,Healthy
1,0.12733401296185742,0,65455,Healthy
1,0.12458281588510256,0,65455,Healthy
1,0.15108654384060793,0,65452,Healthy
1,0.19204579263930938,0,65415,Healthy
1,0.17488292941983685,0,65406,Low
1,0.17292968949120846,0,65396,Healthy
1,0.10237588554771915,0,65374,Healthy
1,0.19487594169564926,0,65364,Healthy
1,0.1530701126773738,0,65337,Healthy
1,0.17305197859221894,0,65313,Healthy
1,0.17297926590656582,0,65289,Healthy
1,0.17666857913971157,0,65289,Healthy
1,0.1516446280662121,0,65285,Healthy
1,0.18972018590059064,0,65252,Healthy
1,0.16839084226415346,0,65236,Low
1,0.18892692725822224,0,65227,Healthy
1,0.09105154684608369,0,65204,Healthy
1,0.1747205285488716,0,65198,Healthy
1,0.14710980266769924,0,65179,Healthy
1,0.19029533868700632,0,65144,Healthy
1,0.17009588034347684,0,65120,Healthy
1,0.1727290627721048,0,65120,Healthy
1,0.11559798078304118,0,65113,Healthy
1,0.17739196020724363,0,65092,Healthy
1,0.17061884934139415,0,65067,Low
1,0.1860884899709443,0,65061,Healthy
1,0.09385362474726067,0,65044,Healthy
1,0.1746660709274504,0,65028,Healthy
1,0.14710980266769924,0,65022,Healthy
1,0.1729700582198535,0,64984,Healthy
1,0.1555163177276891,0,64947,Healthy
1,0.1523276833412482,0,64947,Healthy
1,0.13979074724005947,0,64947,Healthy
1,0.1795939729965016,0,64932,Healthy
1,0.16993042257396118,0,64904,Low
1,0.19584268699626867,0,64894,Healthy
1,0.09548150049636811,0,64878,Healthy
1,0.11898166157911783,0,64869,Healthy
1,0.17522317851581126,0,64865,Healthy
1,0.19178671002386638,0,64817,Healthy
1,0.1461200940739782,0,64784,Healthy
1,0.1524654900031342,0,64778,Healthy
1,0.15559710004854793,0,64778,Healthy
1,0.1894251453552342,0,64765,Healthy
1,0.17086434262655703,0,64740,Low
1,0.1902401443938938,0,64728,Healthy
1,0.11898166157911783,0,64715,Medium
1,0.0942747838478582,0,64715,Healthy
1,0.14236376589565436,0,64702,Healthy
1,0.14927771478308588,0,64651,Healthy
1,0.16276799712311907,0,64620,Healthy
1,0.15296767745074752,0,64609,Healthy
1,0.1563066780164003,0,64609,Healthy
1,0.18790484783199501,0,64602,Healthy
1,0.13833189730387674,0,64583,Low
1,0.18975762924365225,0,64559,Healthy
1,0.12938307868716514,0,64554,Medium
1,0.10435635904687551,0,64552,Healthy
1,0.16114693132927976,0,64545,Healthy
1,0.19277986444470468,0,64485,Healthy
1,0.10959575796117721,0,64454,Healthy
1,0.15538735955838157,0,64439,Healthy
1,0.15205000215197706,0,64439,Healthy
1,0.1534341421915003,0,64427,Healthy
1,0.1457475622985664,0,64426,Low
1,0.18417084905165032,0,64402,Healthy
1,0.12938307868716514,0,64394,Medium
1,0.12095423845560355,0,64389,Healthy
1,0.14450394507748238,0,64376,Healthy
1,0.18675373053632915,0,64315,Healthy
1,0.10365207636833101,0,64294,Healthy
1,0.15468759377410857,0,64276,Healthy
1,0.15805106730076368,0,64276,Healthy
1,0.18939851105438582,0,64261,Healthy
1,0.15565406100294304,0,64259,Low
1,0.18823715632987764,0,64232,Healthy
1,0.15721689889762724,0,64228,Medium
1,0.09900299402804247,0,64222,Healthy
1,0.1264359736631293,0,64206,Healthy
1,0.1693281022645753,0,64143,Healthy
1,0.1060350276038482,0,64128,Healthy
1,0.14737961006814881,0,64110,Healthy
1,0.1488230270618418,0,64110,Healthy
1,0.19518818473413213,0,64094,Healthy
1,0.16011877419909631,0,64091,Low
1,0.1842307331274522,0,64066,Healthy
1,0.15721689889762724,0,64062,Medium
1,0.13167604317853926,0,64050,Healthy
1,0.10768101016799309,0,64034,Healthy
1,0.16728842332126925,0,63985,Healthy
1,0.09579824098185746,0,63962,Healthy
1,0.12687916442521757,0,63938,Healthy
1,0.13037768932833382,0,63938,Healthy
1,0.189411021966979,0,63934,Healthy
1,0.08823664547392346,0,63919,Low
1,0.12928152509995666,0,63898,Healthy
1,0.18781317536075381,0,63897,Healthy
1,0.15247283221186675,0,63896,Medium
1,0.05090697700041669,0,63879,Healthy
1,0.18381645183767314,0,63825,Healthy
1,0.09214073097985448,0,63798,Healthy
1,0.13010995357810828,0,63768,Healthy
1,0.13208723122981553,0,63768,Healthy
1,0.16876883471805193,0,63768,Healthy
1,0.0854724094047783,0,63747,Low
1,0.17408293252001789,0,63735,Healthy
1,0.15247283221186675,0,63729,Medium
1,0.1823635974470757,0,63727,Healthy
1,0.130294992780088,0,63722,Healthy
1,0.18647490978585707,0,63661,Healthy
1,0.10397586609454668,0,63632,Healthy
1,0.18961272170722598,0,63605,Healthy
1,0.13305781291456126,0,63599,Healthy
1,0.13500048885255772,0,63599,Healthy
1,0.1574673909740717,0,63589,Low
1,0.1492306293420108,0,63564,Healthy
1,0.13522900531808413,0,63563,Medium
1,0.06756434734329614,0,63559,Healthy
1,0.08357660617745932,0,63556,Healthy
1,0.18190871666493558,0,63501,Healthy
1,0.10295074772544927,0,63469,Healthy
1,0.1882905369995625,0,63445,Healthy
1,0.15937390896707732,0,63431,Low
1,0.11653978912798629,0,63426,Healthy
1,0.11928035886584282,0,63426,Healthy
1,0.13522900531808413,0,63397,Medium
1,0.13447831759165657,0,63393,Healthy
1,0.05098165719967418,0,63392,Healthy
1,0.13500252531454748,0,63392,Healthy
1,0.18404981487187955,0,63338,Healthy
1,0.10004905828632044,0,63306,Healthy
1,0.17506016454405726,0,63281,Healthy
1,0.11055416578274507,0,63265,Low
1,0.10112796913115835,0,63254,Healthy
1,0.09862274782663477,0,63254,Healthy
1,0.11794669683493503,0,63243,Medium
1,0.1534651658082064,0,63229,Healthy
1,0.11011606481658631,0,63227,Healthy
1,0.08843309655906972,0,63224,Healthy
1,0.1659464195789343,0,63178,Healthy
1,0.10464429335961889,0,63139,Healthy
1,0.18972491333248248,0,63118,Healthy
1,0.11227250667678906,0,63098,Low
1,0.11794669683493503,0,63089,Medium
1,0.12838404581407004,0,63085,Healthy
1,0.1302606526165515,0,63085,Healthy
1,0.16182248175403885,0,63066,Healthy
1,0.1549038385535758,0,63061,Healthy
1,0.15128456621151437,0,63060,Healthy
1,0.17790003907467994,0,63018,Healthy
1,0.09320939507131154,0,62970,Healthy
1,0.18836546200886278,0,62952,Healthy
1,0.14270963296062134,0,62938,Low
1,0.1887275656693,0,62923,Medium
1,0.13028296940041323,0,62922,Healthy
1,0.1329923847222762,0,62922,Healthy
1,0.15164015479030662,0,62897,Healthy
1,0.11964575997197474,0,62896,Healthy
1,0.1597316712943998,0,62891,Healthy
1,0.13922306863208522,0,62856,Healthy
1,0.09659807717269142,0,62810,Healthy
1,0.18921674301853603,0,62789,Healthy
1,0.14729001517455498,0,62778,Low
1,0.1887275656693,0,62757,Medium
1,0.1140553542469468,0,62749,Healthy
1,0.11670615089236025,0,62749,Healthy
1,0.15786748178239235,0,62733,Healthy
1,0.1492599081462967,0,62731,Healthy
1,0.14973516513106405,0,62722,Healthy
1,0.17892047340422684,0,62694,Healthy
1,0.09830246701412637,0,62644,Healthy
1,0.19223221856100814,0,62626,Healthy
1,0.13843472299658244,0,62606,Low
1,0.17837733830354247,0,62587,Medium
1,0.1219579785275296,0,62583,Healthy
1,0.12346819445081647,0,62583,Healthy
1,0.1584477951227825,0,62568,Healthy
1,0.14127938523065997,0,62564,Healthy
1,0.1708343898119799,0,62559,Healthy
1,0.1523276833412482,0,62559,Healthy
1,0.17246785490341326,0,62532,Healthy
1,0.09723132967455522,0,62481,Healthy
1,0.17197621266789803,0,62459,Healthy
1,0.13935204919733224,0,62433,Low
1,0.17837733830354247,0,62418,Medium
1,0.07528790407298369,0,62406,Healthy
1,0.07773231499098537,0,62406,Healthy
1,0.15621276706461784,0,62405,Healthy
1,0.1501940216922905,0,62397,Healthy
1,0.17069950425505598,0,62396,Healthy
1,0.1524654900031342,0,62389,Healthy
1,0.17258050210095638,0,62372,Healthy
1,0.10715967687811295,0,62318,Healthy
1,0.1715457701400921,0,62290,Healthy
1,0.16654249565572798,0,62267,Low
1,0.18254195757803937,0,62252,Medium
1,0.14737354955254117,0,62242,Healthy
1,0.15340200081625172,0,62242,Healthy
1,0.16578320152785786,0,62242,Healthy
1,0.16000086022855464,0,62236,Healthy
1,0.12098453303339918,0,62231,Healthy
1,0.15296767745074752,0,62220,Healthy
1,0.1076155832211681,0,62193,Healthy
1,0.12431496607922987,0,62154,Healthy
1,0.1722830402069202,0,62127,Healthy
1,0.1654519003073302,0,62101,Low
1,0.18254195757803937,0,62085,Medium
1,0.17859545927471593,0,62079,Healthy
1,0.1747052941331586,0,62079,Healthy
1,0.16087610294006338,0,62075,Healthy
1,0.13947665762791234,0,62069,Healthy
1,0.1231572061883408,0,62065,Healthy
1,0.15205000215197706,0,62051,Healthy
1,0.18046544944974313,0,62033,Healthy
1,0.10135752362140776,0,61988,Healthy
1,0.1403853423558356,0,61964,Healthy
1,0.1673942266416334,0,61934,Low
1,0.1841419098053253,0,61922,Medium
1,0.14768492434925717,0,61913,Healthy
1,0.15198322857632524,0,61913,Healthy
1,0.17142488632692515,0,61909,Healthy
1,0.15575177129020928,0,61900,Healthy
1,0.13774318081494874,0,61896,Healthy
1,0.15468759377410857,0,61887,Healthy
1,0.1835298032630578,0,61870,Healthy
1,0.1334771226093019,0,61816,Healthy
1,0.15944668184690763,0,61807,Healthy
1,0.169821424503178,0,61768,Low
1,0.1841419098053253,0,61759,Medium
1,0.1751286309542603,0,61750,Healthy
1,0.17928278956444255,0,61750,Healthy
1,0.169381510376844,0,61746,Healthy
1,0.11490284654618416,0,61740,Healthy
1,0.14568745303450337,0,61729,Healthy
1,0.14737961006814881,0,61721,Healthy
1,0.17160232999075697,0,61704,Healthy
1,0.1358421749542667,0,61664,Healthy
1,0.1413723531625813,0,61637,Healthy
1,0.17017772214179722,0,61602,Low
1,0.17812331855171343,0,61593,Medium
1,0.18131933390487398,0,61580,Healthy
1,0.1763272021067508,0,61580,Healthy
1,0.15139399451344743,0,61573,Healthy
1,0.13402029532028797,0,61571,Healthy
1,0.1429842156500662,0,61566,Healthy
1,0.12687916442521757,0,61549,Healthy
1,0.15816864634305633,0,61547,Healthy
1,0.17615642159910666,0,61501,Healthy
1,0.12534098000401317,0,61468,Healthy
1,0.1732723760153539,0,61435,Low
1,0.17812331855171343,0,61426,Medium
1,0.1650465182727967,0,61411,Healthy
1,0.16895015178317613,0,61411,Healthy
1,0.1518586051167481,0,61407,Healthy
1,0.17190880762965616,0,61404,Healthy
1,0.11321218188193499,0,61394,Healthy
1,0.1891545866046087,0,61383,Healthy
1,0.13010995357810828,0,61379,Healthy
1,0.07024364561348606,0,61325,Healthy
1,0.10515073186497303,0,61296,Healthy
1,0.17761642320292476,0,61269,Low
1,0.1240490124776285,0,61254,Medium
1,0.1847703233598864,0,61245,Healthy
1,0.18941488181543675,0,61245,Healthy
1,0.17981145570265933,0,61238,Healthy
1,0.14533015662796978,0,61238,Healthy
1,0.11792941885008373,0,61228,Healthy
1,0.16387177874300396,0,61220,Healthy
1,0.13305781291456126,0,61210,Healthy
1,0.13712134910587426,0,61159,Healthy
1,0.04763685126946049,0,61141,Healthy
1,0.17795824337157584,0,61103,Low
1,0.1240490124776285,0,61082,Medium
1,0.18471179938721444,0,61082,Healthy
1,0.1894460306796597,0,61082,Healthy
1,0.17179559541490352,0,61078,Healthy
1,0.14209682036580285,0,61072,Healthy
1,0.13434227551367578,0,61064,Healthy
1,0.18028672827214653,0,61057,Healthy
1,0.11653978912798629,0,61038,Healthy
1,0.09155606461675103,0,60990,Healthy
1,0.1280206981643951,0,60984,Healthy
1,0.16599218114285086,0,60939,Low
1,0.161951796207352,0,60918,Healthy
1,0.15714395596485425,0,60918,Healthy
1,0.17471615366563187,0,60915,Medium
1,0.15453383281336575,0,60912,Healthy
1,0.1357217312133407,0,60902,Healthy
1,0.038830200987327035,0,60892,Healthy
1,0.180127926811892,0,60891,Healthy
1,0.09862274782663477,0,60865,Healthy
1,0.17274886847267745,0,60827,Healthy
1,0.08108032599315979,0,60817,Healthy
1,0.16895779703950475,0,60776,Low
1,0.15246659072223934,0,60752,Healthy
1,0.15864833230414543,0,60752,Healthy
1,0.01822826210811257,0,60752,Healthy
1,0.17471615366563187,0,60749,Medium
1,0.17242369724878914,0,60749,Healthy
1,0.16821309518107014,0,60739,Healthy
1,0.1265394154186269,0,60726,Healthy
1,0.1803289808980632,0,60725,Healthy
1,0.12838404581407004,0,60696,Healthy
1,0.1781170096011777,0,60657,Healthy
1,0.04899104578724256,0,60654,Healthy
1,0.1812310323315645,0,60613,Low
1,0.17216782948527526,0,60588,Healthy
1,0.1560199126466823,0,60586,Healthy
1,0.16113637493011962,0,60586,Healthy
1,0.028271092169960044,0,60584,Healthy
1,0.17224501979173434,0,60580,Medium
1,0.10927294945775162,0,60569,Healthy
1,0.13615946586397143,0,60564,Healthy
1,0.19386578208575006,0,60561,Healthy
1,0.13028296940041323,0,60533,Healthy
1,0.1664931696808974,0,60488,Healthy
1,0.10661596448975075,0,60488,Healthy
1,0.18242639558980622,0,60449,Low
1,0.1579571710193557,0,60425,Healthy
1,0.10413733401354425,0,60417,Healthy
1,0.10691647908870916,0,60417,Healthy
1,0.026607118754273795,0,60414,Healthy
1,0.17224501979173434,0,60410,Medium
1,0.08764073899511432,0,60402,Healthy
1,0.1506905754959223,0,60397,Healthy
1,0.15872536145022054,0,60395,Healthy
1,0.1140553542469468,0,60360,Healthy
1,0.11820992209443998,0,60354,Healthy
1,0.18151942674214216,0,60328,Healthy
1,0.18886195248307386,0,60325,Healthy
1,0.18248329436283772,0,60286,Low
1,0.1734560154891705,0,60262,Healthy
1,0.09926225629745844,0,60253,Healthy
1,0.09438294597689562,0,60253,Healthy
-1,-0.006142287088735654,1,60250,Healthy
1,0.15642874585295236,0,60238,Medium
1,0.1660622791968988,0,60234,Healthy
1,0.10590741766506451,0,60230,Healthy
1,0.13421786318965628,0,60229,Healthy
1,0.1219579785275296,0,60194,Healthy
1,0.06662440526255492,0,60191,Healthy
1,0.1936467354585656,0,60165,Healthy
1,0.1870863942603137,0,60162,Healthy
1,0.11025043197907625,0,60132,Healthy
1,0.18486185916430797,0,60123,Low
1,0.17174738069944118,0,60096,Healthy
-1,-0.00785909386024275,1,60086,Healthy
1,0.11023830028521142,0,60081,Healthy
1,0.11503803090707021,0,60081,Healthy
1,0.16668435742824544,0,60068,Healthy
1,0.15642874585295236,0,60066,Medium
1,0.05934944721917046,0,60064,Healthy
1,0.15999085043155303,0,60055,Healthy
1,0.10563763896129602,0,60031,Healthy
1,0.07528790407298369,0,60018,Healthy
1,0.18512963722769404,0,60002,Healthy
1,0.17469368351426828,0,60001,Healthy
1,0.09818322965594467,0,59966,Healthy
1,0.15341153823878728,0,59960,Low
1,0.1723135684898373,0,59933,Healthy
1,0.017673110053005314,0,59916,Healthy
1,0.11822611213997736,0,59909,Healthy
1,0.12076636954536824,0,59909,Healthy
1,0.152998543253749,0,59905,Healthy
1,0.10217667047407442,0,59901,Healthy
1,0.15744660618626805,0,59896,Medium
1,0.12145572693289736,0,59894,Healthy
1,0.10956596791455298,0,59864,Healthy
1,0.14737354955254117,0,59853,Healthy
1,0.18915305005649036,0,59842,Healthy
1,0.17674579514719418,0,59841,Healthy
1,0.09348642857118011,0,59800,Healthy
1,0.15033936153328864,0,59796,Low
1,0.1743228556201184,0,59769,Healthy
-1,-0.14473950254154544,1,59751,Healthy
1,0.1466786115181845,0,59748,Healthy
1,0.15044972744805651,0,59742,Healthy
1,0.14736032832809465,0,59742,Healthy
1,0.14309411554783052,0,59734,Healthy
1,0.0763903453437429,0,59728,Medium
1,0.15744660618626805,0,59727,Medium
1,0.03653989150809722,0,59698,Healthy
1,0.1747052941331586,0,59690,Healthy
1,0.1575335845595276,0,59682,Healthy
1,0.18690175839691814,0,59675,Healthy
1,0.07978598663491698,0,59634,Healthy
1,0.13484356417175952,0,59630,Low
1,0.156772541138821,0,59603,Healthy
1,0.1185207668596267,0,59594,Healthy
-1,-0.11527017812108853,1,59587,Healthy
1,0.13028012541923933,0,59580,Healthy
1,0.12172673164939285,0,59576,Healthy
1,0.1217597188356015,0,59576,Healthy
1,0.09837804919962473,0,59565,Medium
1,0.15564626533505,0,59558,Medium
1,0.08820387048099015,0,59535,Healthy
1,0.14768492434925717,0,59524,Healthy
1,0.18708484106146134,0,59522,Healthy
1,0.18537223932995295,0,59512,Healthy
1,0.06786371432024002,0,59474,Healthy
1,0.12346239068148823,0,59464,Low
1,0.15460084017757053,0,59453,Healthy
1,0.15875434155249024,0,59434,Healthy
1,0.12938307868716514,0,59434,Healthy
-1,-0.12379656600214772,1,59426,Healthy
1,0.1820712373400724,0,59414,Healthy
1,0.12276122437712289,0,59410,Healthy
1,0.12385141350690149,0,59410,Healthy
1,0.10687314990146968,0,59399,Medium
1,0.15564626533505,0,59388,Medium
1,0.10585352338766912,0,59372,Healthy
1,0.1751286309542603,0,59361,Healthy
1,0.1746746515302418,0,59359,Healthy
1,0.1505471280712466,0,59336,Healthy
1,0.05969373528581512,0,59304,Healthy
1,0.17828268345985837,0,59294,Low
1,0.15104998336869474,0,59293,Healthy
1,0.15898877777852866,0,59271,Healthy
1,0.15721689889762724,0,59267,Healthy
-1,-0.1248820331791265,1,59263,Healthy
1,0.19018214277702217,0,59247,Healthy
1,0.13820036954587628,0,59240,Healthy
1,0.13663839814417128,0,59240,Healthy
1,0.09876473959802795,0,59233,Medium
1,0.1559635390550423,0,59219,Medium
1,0.11935417880009641,0,59208,Healthy
1,0.19116988460315876,0,59198,Healthy
1,0.1763272021067508,0,59192,Healthy
1,0.1868613457619555,0,59170,Healthy
1,0.06456362303534313,0,59135,Healthy
1,0.15460758636364647,0,59133,Healthy
1,0.17691294735430568,0,59124,Low
1,0.12825438275978046,0,59107,Healthy
-1,-0.13183503178044853,1,59103,Healthy
1,0.1533365164093406,0,59101,Healthy
1,0.18703908203973552,0,59084,Healthy
1,0.14689738899180388,0,59074,Healthy
1,0.14354259785768897,0,59074,Healthy
1,0.10116282247777081,0,59064,Medium
1,0.1559635390550423,0,59050,Medium
1,0.11448935529068321,0,59042,Healthy
1,0.1784253832485712,0,59035,Healthy
1,0.1650465182727967,0,59022,Healthy
1,0.19478315164145732,0,59004,Healthy
1,0.0542926602925482,0,58977,Healthy
1,0.1397454136964883,0,58976,Healthy
1,0.12029448483474164,0,58960,Low
1,0.14394013124890714,0,58950,Healthy
-1,-0.1368477679026494,1,58942,Healthy
1,0.1356503333179303,0,58935,Healthy
1,0.17910376974989095,0,58921,Healthy
1,0.1405457468838261,0,58911,Healthy
1,0.14263754037134269,0,58911,Healthy
1,0.08843305591244627,0,58894,Medium
1,0.16086014939450965,0,58887,Medium
1,0.019093980315533443,0,58879,Healthy
1,0.16263218507933336,0,58872,Healthy
1,0.1847703233598864,0,58856,Healthy
1,0.18683158292631374,0,58844,Healthy
1,0.07589439261217046,0,58823,Healthy
1,0.1429655498412702,0,58819,Healthy
1,0.11771372027655141,0,58796,Low
1,0.13218942902852654,0,58781,Healthy
1,0.11794669683493503,0,58781,Healthy
-1,-0.13341285314852247,1,58772,Healthy
1,0.14270811488806157,0,58761,Healthy
1,0.11603857776459353,0,58739,Healthy
1,0.11648274598641517,0,58739,Healthy
1,0.053836273820945135,0,58733,Medium
1,0.16086014939450965,0,58723,Medium
1,0.16521469599118777,0,58715,Healthy
1,0.040703589728332434,0,58712,Healthy
1,0.18471179938721444,0,58693,Healthy
1,0.16766418196812477,0,58678,Healthy
1,0.15552053287426676,0,58659,Healthy
1,0.14569455103350937,0,58656,Healthy
1,0.08575421005711797,0,58650,Healthy
1,0.08963565452963157,0,58633,Low
1,0.18880695853710794,0,58615,Healthy
-1,-0.1273258086162833,1,58614,Healthy
1,0.11043845011692627,0,58612,Healthy
1,0.11841661315961388,0,58572,Healthy
1,0.11602805261726451,0,58572,Healthy
1,0.14621153260839215,0,58570,Medium
1,0.1495570007257198,0,58557,Medium
1,0.12262667071948019,0,58552,Healthy
1,0.17018231730894262,0,58543,Healthy
1,0.15714395596485425,0,58530,Healthy
1,0.18683302503271754,0,58514,Healthy
1,0.1244633453032527,0,58499,Healthy
1,0.15038537422426557,0,58496,Healthy
1,0.1801155978652922,0,58484,Medium
1,0.08350201936336377,0,58469,Low
-1,-0.1319462808620293,1,58450,Healthy
1,0.1779504995114315,0,58445,Healthy
1,0.09001704646209024,0,58440,Healthy
1,0.02936143824555615,0,58417,Healthy
1,0.13064334543289352,0,58409,Healthy
1,0.1342634890262464,0,58409,Healthy
1,0.14283346427902344,0,58404,Medium
1,0.1495570007257198,0,58391,Medium
1,0.12414560097377203,0,58383,Healthy
1,0.15246659072223934,0,58363,Healthy
1,0.1862251390530671,0,58354,Healthy
1,0.13495088189377702,0,58339,Healthy
1,0.1340840272576851,0,58333,Healthy
1,0.17502825249877985,0,58324,Medium
1,0.1318902437634093,0,58312,Low
-1,-0.1423293612904717,1,58291,Healthy
1,0.037667612266523376,0,58285,Healthy
1,0.18235531245049397,0,58279,Healthy
1,0.08048354995500323,0,58258,Healthy
1,0.0367918307603069,0,58237,Healthy
1,0.04210392392468343,0,58237,Medium
1,0.17587326449091378,0,58234,Medium
1,0.12422140060875703,0,58219,Healthy
1,0.1317537493183389,0,58218,Medium
1,0.1560199126466823,0,58197,Healthy
1,0.17193688681170427,0,58191,Healthy
1,0.14988523282267557,0,58175,Healthy
1,0.13597265581088452,0,58167,Healthy
1,0.17846619893247406,0,58161,Medium
1,0.13143311239097744,0,58155,Low
-1,-0.13468612864274088,1,58129,Healthy
1,0.11482251026855866,0,58128,Healthy
1,0.1841419098053253,0,58116,Medium
1,0.15325288100033485,0,58097,Healthy
1,0.12311311092407207,0,58071,Medium
1,0.12801282752265025,0,58071,Medium
1,0.17473297146809086,0,58068,Medium
1,0.12865234514807722,0,58053,Healthy
1,0.1317537493183389,0,58046,Medium
1,0.10413733401354425,0,58028,Healthy
1,0.1867978558065599,0,58028,Healthy
1,0.09673111619785074,0,58021,Healthy
1,0.16626724005857274,0,58004,Healthy
1,0.18481222280163367,0,57998,Medium
1,0.17436141412551115,0,57992,Low
1,0.011909065915627237,0,57965,Healthy
1,0.07400566742494857,0,57961,Healthy
1,0.17812331855171343,0,57950,Medium
1,0.11694651632034819,0,57938,Healthy
1,0.1098857028968529,0,57913,Medium
1,0.10580351417652173,0,57913,Medium
1,0.16827520132632906,0,57908,Medium
1,0.11160189529222381,0,57884,Healthy
1,0.13421831530546086,0,57877,Medium
1,0.09438294597689562,0,57865,Healthy
1,0.1854195619138116,0,57862,Healthy
1,0.1042727277124813,0,57858,Healthy
1,0.18488145904069292,0,57840,Medium
1,0.1698870327183737,0,57840,Healthy
1,0.17179972655971665,0,57828,Low
-1,-0.035928605838083216,1,57804,Healthy
1,0.10387935686999106,0,57799,Healthy
1,0.043710192181730445,0,57798,Healthy
1,0.1240490124776285,0,57777,Medium
1,0.08920038281405662,0,57747,Medium
1,0.0843474396652582,0,57747,Medium
1,0.1646585319973235,0,57735,Medium
1,0.10537461861332492,0,57724,Healthy
1,0.13421831530546086,0,57707,Medium
1,0.1864217761102166,0,57698,Healthy
1,0.11023830028521142,0,57692,Healthy
1,0.09111578924822011,0,57692,Healthy
1,0.18658145357762201,0,57683,Medium
1,0.1664168237600568,0,57674,Healthy
1,0.059555540842809895,0,57667,Low
-1,-0.030357994627341567,1,57648,Healthy
1,0.1157277493258958,0,57647,Healthy
1,0.10114865024421094,0,57632,Healthy
1,0.17471615366563187,0,57611,Medium
1,0.10454299203871587,0,57575,Medium
1,0.10962797627999188,0,57575,Medium
1,0.19010151397575492,0,57572,Medium
1,0.11216879120061513,0,57557,Healthy
1,0.058501931642920224,0,57541,Healthy
1,0.13656027589226982,0,57538,Medium
1,0.18857685824524284,0,57535,Healthy
1,0.11822611213997736,0,57520,Healthy
1,0.19608233583708928,0,57517,Medium
1,0.17332928850881918,0,57508,Healthy
1,0.058256863958762395,0,57505,Low
1,0.14895979156129585,0,57489,Healthy
-1,-0.0037594823241929864,1,57480,Healthy
1,0.18202562588505383,0,57472,Healthy
1,0.17112042823327817,0,57442,Medium
1,0.17676178080832222,0,57415,Medium
1,0.060596689416588745,0,57409,Medium
1,0.062495672830905125,0,57409,Medium
1,0.12739658308302843,0,57391,Healthy
1,0.08595743594673527,0,57378,Healthy
1,0.13656027589226982,0,57369,Medium
1,0.17078363242875355,0,57369,Healthy
1,0.200652279844849,0,57354,Medium
1,0.094002393882119,0,57347,Healthy
1,0.15008605261348829,0,57342,Low
1,0.15087191748835577,0,57339,Healthy
1,0.15228463878887655,0,57321,Healthy
1,0.1770862511849967,0,57317,Healthy
1,0.19538528477969364,0,57309,Healthy
1,0.15571474520242995,0,57269,Medium
1,0.1803729627345514,0,57246,Medium
1,0.10344422277704463,0,57245,Medium
1,0.10069898097685781,0,57245,Medium
1,0.07466451057712892,0,57225,Healthy
1,0.09352305620832313,0,57218,Healthy
1,0.1711687181482931,0,57200,Healthy
1,0.16884897868281473,0,57200,Medium
1,0.12070750739868003,0,57196,Medium
1,0.14456879562796476,0,57178,Low
1,0.1481272028480609,0,57178,Healthy
1,0.17792536267721148,0,57175,Healthy
1,0.18141902008318878,0,57158,Healthy
1,0.1827575833749312,0,57147,Healthy
1,0.1868122128777055,0,57146,Healthy
1,0.15728037241080173,0,57100,Medium
1,0.18044035350751758,0,57077,Medium
1,0.07621350809726868,0,57073,Medium
1,0.07877703859410573,0,57073,Medium
1,0.08284461908959695,0,57061,Healthy
1,0.09214011358833757,0,57058,Healthy
1,0.17024085378272574,0,57036,Healthy
1,0.19054034050727148,0,57034,Medium
1,0.12070750739868003,0,57024,Medium
1,0.16353768788965556,0,57018,Low
1,0.15934681298532327,0,57018,Healthy
1,0.14054343316688228,0,57012,Healthy
1,0.1577802334769044,0,57004,Healthy
1,0.19049256538994452,0,56986,Healthy
1,0.1697592341483662,0,56978,Healthy
1,0.15571425257389576,0,56931,Medium
1,0.19253584908592086,0,56910,Medium
1,0.0953960764901024,0,56910,Medium
1,0.09758811565254999,0,56910,Medium
1,0.10228937705381846,0,56898,Healthy
1,0.09092178622903369,0,56895,Healthy
1,0.13941050266061317,0,56873,Healthy
1,0.20007027780295306,0,56871,Medium
1,0.16169756097986898,0,56858,Low
1,0.1372849112705788,0,56855,Healthy
1,0.1768219778647664,0,56855,Healthy
1,0.10082075816160235,0,56851,Medium
1,0.1555163177276891,0,56832,Healthy
1,0.1585607865982333,0,56826,Healthy
1,0.19315891315698525,0,56815,Healthy
1,0.15582367302004796,0,56761,Medium
1,0.16125705755287023,0,56756,Medium
1,0.10436807469956538,0,56744,Medium
1,0.1067599898964185,0,56744,Medium
1,0.10414200496487941,0,56732,Healthy
1,0.09000761815560354,0,56731,Healthy
1,0.15383726186810887,0,56716,Healthy
1,0.18084256738904203,0,56708,Medium
1,0.14220824880275046,0,56698,Healthy
1,0.1694994076764429,0,56695,Low
1,0.1601843321185109,0,56683,Healthy
1,0.10082075816160235,0,56679,Medium
1,0.18871150123178287,0,56665,Healthy
1,0.15559710004854793,0,56663,Healthy
1,0.19121844925259612,0,56652,Healthy
1,0.16086014939450965,0,56598,Medium
1,0.16176469192030807,0,56590,Medium
1,0.09612455559871474,0,56578,Medium
1,0.0980806267314,0,56578,Medium
1,0.06262607977786805,0,56578,Healthy
1,0.12089384415409077,0,56562,Healthy
1,0.14111595258768783,0,56547,Healthy
1,0.15100134032126994,0,56541,Medium
1,0.14263890319627293,0,56532,Healthy
1,0.16509291435839935,0,56531,Low
1,0.17596984985785658,0,56520,Healthy
1,0.13209381707403922,0,56510,Medium
1,0.1772455098454142,0,56502,Healthy
1,0.1563066780164003,0,56493,Healthy
1,0.17909591999260244,0,56491,Healthy
1,0.1495570007257198,0,56432,Medium
1,0.1747696157092714,0,56421,Medium
1,0.10124489093057915,0,56409,Medium
1,0.1019118543795624,0,56409,Medium
1,0.0329169439346525,0,56406,Healthy
1,0.09017689796340123,0,56399,Healthy
1,0.08565095199215306,0,56387,Medium
1,0.12060659343487984,0,56378,Healthy
1,0.14780006319944677,0,56377,Low
1,0.13273067733030458,0,56365,Healthy
1,0.19390448798479548,0,56342,Healthy
1,0.13209381707403922,0,56340,Medium
1,0.18072677074921784,0,56331,Healthy
1,0.15538735955838157,0,56324,Healthy
1,0.1313347261301696,0,56259,Medium
1,0.1703269660428367,0,56255,Medium
1,0.03364080109187073,0,56248,Healthy
1,0.1153685898897785,0,56239,Healthy
1,0.08839154869904076,0,56239,Medium
1,0.08692699247081775,0,56239,Medium
1,0.16665672355937983,0,56224,Medium
1,0.14586802290634743,0,56223,Low
1,0.10046753709937856,0,56205,Healthy
1,0.11454451147612821,0,56205,Healthy
1,0.16976978050898278,0,56193,Healthy
1,0.18233286237848195,0,56179,Healthy
1,0.13412443319516604,0,56177,Medium
1,0.19112572654268928,0,56165,Healthy
1,0.15822281111230208,0,56161,Healthy
1,0.19316717666336486,0,56091,Medium
1,0.13411194212444738,0,56090,Medium
1,0.051953828190797746,0,56078,Medium
1,0.05422256843722695,0,56078,Medium
1,0.026357253051608187,0,56075,Healthy
1,0.09845741042397232,0,56070,Medium
1,0.11984672710293437,0,56069,Healthy
1,0.13498302458506622,0,56056,Low
1,0.0321067739251355,0,56051,Healthy
1,0.13046531197267586,0,56042,Healthy
1,0.12170612922049645,0,56033,Healthy
1,0.16342379064308904,0,56016,Healthy
1,0.13412443319516604,0,56014,Medium
1,0.18938908926732573,0,56002,Healthy
1,0.1488230270618418,0,55995,Healthy
1,0.13656027589226982,0,55921,Medium
1,0.03216388233180456,0,55921,Healthy
1,0.1435829403871816,0,55915,Medium
1,0.1465675687912733,0,55915,Medium
1,0.14364916477299772,0,55912,Medium
1,0.1353690874279751,0,55907,Medium
1,0.10556593053933189,0,55906,Healthy
1,0.11320580529847907,0,55894,Healthy
1,0.1256972530016653,0,55890,Low
1,0.17510605350233055,0,55879,Healthy
1,0.13928271332487802,0,55860,Healthy
1,0.16521469599118777,0,55859,Healthy
1,0.11912397108125566,0,55842,Medium
1,0.15579016727955813,0,55826,Healthy
1,0.13037768932833382,0,55822,Healthy
1,0.06393159881834642,0,55761,Healthy
1,0.12103011028328753,0,55748,Medium
1,0.14323138592568196,0,55748,Medium
1,0.13953437655694423,0,55748,Medium
1,0.10179628688863862,0,55747,Medium
1,0.10979201618145346,0,55743,Healthy
1,0.1357990824286584,0,55743,Medium
1,0.06391914890433897,0,55727,Healthy
1,0.17358858345556427,0,55724,Low
1,0.13865082217886482,0,55719,Healthy
1,0.1100705479717049,0,55697,Healthy
1,0.17231444975712434,0,55687,Healthy
1,0.11912397108125566,0,55669,Medium
1,0.19225610797380305,0,55660,Healthy
1,0.13208723122981553,0,55653,Healthy
1,0.04825475776614596,0,55598,Healthy
1,0.12401013323474958,0,55583,Medium
1,0.13085327855612855,0,55582,Medium
1,0.17657984477157013,0,55579,Medium
1,0.17173034777891066,0,55579,Medium
1,0.10115811874550307,0,55576,Medium
1,0.09364565232997846,0,55576,Healthy
1,0.03502735364264942,0,55564,Healthy
1,0.03145913283465318,0,55560,Healthy
1,0.1664258581340165,0,55557,Low
1,0.14439345726952463,0,55556,Healthy
1,0.08912361213970027,0,55528,Healthy
1,0.12400895797677497,0,55503,Medium
1,0.19901909615401647,0,55494,Healthy
1,0.13500048885255772,0,55484,Healthy
1,0.08123030587567476,0,55431,Healthy
1,0.11341943453264675,0,55420,Medium
1,0.15870585178504976,0,55413,Medium
1,0.17071143900520652,0,55413,Medium
1,0.17503810790622298,0,55413,Medium
1,0.10721463470204867,0,55410,Healthy
1,0.13248831880069534,0,55407,Medium
1,0.07871349295335395,0,55401,Healthy
1,0.12704430991509125,0,55400,Low
1,0.08846219566356622,0,55398,Healthy
1,0.14702616178382139,0,55390,Healthy
1,0.10333732285312303,0,55358,Healthy
1,0.12400895797677497,0,55337,Medium
1,0.1933437215856071,0,55334,Healthy
1,0.11928035886584282,0,55311,Healthy
1,0.17324445795890714,0,55268,Healthy
1,0.13183113867702484,0,55263,Medium
1,0.1665058195373661,0,55253,Medium
1,0.16931043009209473,0,55253,Medium
1,0.13425882881994083,0,55244,Medium
1,0.12437727997983355,0,55243,Low
1,0.1720602936869317,0,55243,Medium
1,0.1546802090231968,0,55240,Healthy
1,0.10556250949847396,0,55238,Healthy
1,0.18242106448395307,0,55238,Healthy
1,0.1380841505239404,0,55230,Healthy
1,0.11308807055263487,0,55192,Healthy
1,0.17334417700211557,0,55168,Healthy
1,0.08213795632386894,0,55160,Medium
1,0.101361248005916,0,55139,Healthy
1,0.1689817945596292,0,55105,Healthy
1,0.13292652025932766,0,55094,Medium
1,0.118167012442217,0,55082,Healthy
1,0.16000941774751137,0,55080,Medium
1,0.1651431377538286,0,55080,Medium
1,0.18728688927482423,0,55080,Low
1,0.18185458848515257,0,55080,Medium
1,0.1817016030110682,0,55075,Healthy
1,0.10152732645300044,0,55074,Healthy
1,0.10428728137034887,0,55073,Healthy
1,0.1188090632433057,0,55071,Medium
1,0.11150752980115769,0,55029,Healthy
1,0.1934154735972869,0,55004,Healthy
1,0.08213795632386894,0,54984,Medium
1,0.1302606526165515,0,54969,Healthy
1,0.1555870210811171,0,54945,Healthy
1,0.10881079657075132,0,54943,Healthy
1,0.09143411378507765,0,54925,Medium
1,0.1911771287829208,0,54917,Medium
1,0.18789563913773621,0,54917,Medium
1,0.18202830702463918,0,54917,Medium
1,0.1791266252700719,0,54916,Low
1,0.17270918673281616,0,54912,Healthy
1,0.14128651020577848,0,54909,Healthy
1,0.041478553836848064,0,54907,Healthy
1,0.1235684435024687,0,54905,Medium
1,0.10448616190305077,0,54860,Healthy
1,0.1920172533870339,0,54844,Healthy
1,0.15340200081625172,0,54819,Medium
1,0.13270647163718235,0,54806,Healthy
1,0.11940973489273826,0,54791,Healthy
1,0.16330204451891972,0,54779,Healthy
1,0.09701349990733327,0,54765,Medium
1,0.17246678689865408,0,54760,Medium
1,0.17668167664734868,0,54760,Medium
1,0.1759857538170212,0,54751,Healthy
1,0.18449495151429074,0,54748,Medium
1,0.1762669324830194,0,54744,Low
1,0.1292884730966719,0,54743,Healthy
1,0.11213396205974263,0,54738,Healthy
1,0.08209437485107157,0,54728,Medium
1,0.12616907127248006,0,54693,Healthy
1,0.17785380536448264,0,54681,Healthy
1,0.15340200081625172,0,54655,Medium
1,0.11670615089236025,0,54634,Healthy
1,0.15113757200523759,0,54633,Healthy
1,0.17252076858847037,0,54615,Healthy
1,0.15819185570806593,0,54598,Medium
1,0.14213804784974432,0,54591,Healthy
1,0.1751729574509907,0,54591,Medium
1,0.17976779665332626,0,54591,Medium
1,0.17872278930836905,0,54584,Medium
1,0.13535678062276024,0,54583,Healthy
1,0.11929858562147605,0,54575,Healthy
1,0.1656107553801332,0,54571,Low
1,0.15340200081625172,0,54564,Medium
1,0.07386209985706332,0,54530,Healthy
1,0.19395569253735567,0,54518,Healthy
1,0.17859545927471593,0,54492,Medium
1,0.12346819445081647,0,54468,Healthy
1,0.15309371025899698,0,54464,Healthy
1,0.14220319888965643,0,54446,Healthy
1,0.1009655333467172,0,54438,Medium
1,0.172434080739931,0,54431,Healthy
1,0.13274419911722302,0,54423,Healthy
1,0.17570678079140883,0,54421,Medium
1,0.18069593304434195,0,54421,Medium
1,0.1791358257513525,0,54418,Medium
1,0.11955811813818001,0,54411,Healthy
1,0.18115013830163573,0,54402,Low
1,0.17827595127039553,0,54401,Medium
1,0.08305630737032099,0,54364,Healthy
1,0.19109864655060033,0,54352,Healthy
1,0.17859545927471593,0,54329,Medium
1,0.18261193667297326,0,54302,Healthy
1,0.07773231499098537,0,54291,Healthy
1,0.16577023806610758,0,54280,Healthy
1,0.13481434820603982,0,54275,Medium
1,0.15841437436597394,0,54268,Healthy
1,0.13705993917226916,0,54263,Healthy
1,0.19244031973284254,0,54255,Medium
1,0.18885126802949898,0,54255,Medium
1,0.17365923349002105,0,54249,Medium
1,0.08481569540715128,0,54239,Healthy
1,0.1520714084886624,0,54235,Medium
1,0.17081819245697533,0,54233,Low
1,0.108220594462626,0,54198,Healthy
1,0.19266379418538015,0,54189,Healthy
1,0.1520714084886624,0,54163,Medium
1,0.15970744603423465,0,54148,Healthy
1,0.14687845085640844,0,54127,Healthy
1,0.13324522806718248,0,54115,Medium
1,0.17912833478686074,0,54108,Healthy
1,0.1613816529437901,0,54107,Healthy
1,0.12245867214227363,0,54106,Healthy
1,0.1577134570116761,0,54101,Medium
1,0.1609955816727327,0,54101,Medium
1,0.19108543299401892,0,54082,Medium
1,0.08006883968453554,0,54078,Healthy
1,0.1866745717563803,0,54072,Low
1,0.1793650027286362,0,54072,Medium
1,0.10916164081853219,0,54032,Healthy
1,0.19487594169564926,0,54025,Healthy
1,0.1520714084886624,0,53997,Medium
1,0.15408366850869865,0,53982,Healthy
1,0.1737517503870984,0,53964,Healthy
1,0.14034763373375608,0,53952,Medium
1,0.13954867755917932,0,53950,Healthy
1,0.12610922235440786,0,53949,Healthy
1,0.16697091486550958,0,53945,Healthy
1,0.1586319731527892,0,53935,Medium
1,0.1628223572498781,0,53935,Medium
1,0.09896820904340092,0,53921,Healthy
1,0.15604085002053547,0,53916,Medium
1,0.1799784492063417,0,53912,Low
1,0.18119486607746882,0,53902,Medium
1,0.09234711557734376,0,53862,Healthy
1,0.1747205285488716,0,53859,Healthy
1,0.17928278956444255,0,53833,Medium
1,0.1540228020268281,0,53819,Healthy
1,0.14747616343504377,0,53797,Healthy
1,0.1301642535913815,0,53786,Healthy
1,0.15136083665730338,0,53782,Healthy
1,0.1586951523050722,0,53781,Healthy
1,0.07083263411679114,0,53773,Medium
1,0.17079089818526966,0,53766,Medium
1,0.17571604224906123,0,53766,Medium
1,0.12967484605226987,0,53757,Healthy
1,0.17163385355019745,0,53756,Medium
1,0.18463850903516416,0,53743,Low
1,0.16873705060176136,0,53733,Medium
1,0.07838979884778241,0,53708,Healthy
1,0.1746660709274504,0,53690,Healthy
1,0.17928278956444255,0,53670,Medium
1,0.15225303264279105,0,53653,Medium
1,0.17479333048622814,0,53634,Healthy
1,0.13381610817500866,0,53626,Healthy
1,0.15502368832676877,0,53625,Healthy
1,0.16453299912541886,0,53618,Healthy
1,0.1225430046675855,0,53618,Medium
1,0.16737134095660378,0,53599,Medium
1,0.17067597080576813,0,53599,Medium
1,0.13330542994887012,0,53594,Healthy
1,0.18452778397980846,0,53590,Medium
1,0.1739930605009477,0,53573,Low
1,0.18921306464729243,0,53567,Medium
1,0.10530149452704524,0,53542,Healthy
1,0.17522317851581126,0,53527,Healthy
1,0.1811130529461049,0,53501,Medium
1,0.16112564823383124,0,53489,Medium
1,0.11896679562138351,0,53469,Healthy
1,0.17600932766531596,0,53465,Medium
1,0.17137660924315712,0,53457,Medium
1,0.15700325491595735,0,53455,Healthy
1,0.15423432964624556,0,53453,Healthy
1,0.1902685972317944,0,53436,Medium
1,0.19365849992636985,0,53436,Medium
1,0.1678992318108865,0,53428,Healthy
1,0.1599987468334394,0,53427,Medium
1,0.18947035911210458,0,53413,Low
1,0.18914061834408408,0,53403,Medium
1,0.15258641137711076,0,53379,Healthy
1,0.14236376589565436,0,53363,Healthy
1,0.1811130529461049,0,53332,Medium
1,0.03102053983871167,0,53326,Healthy
1,0.15860831714681123,0,53326,Medium
1,0.13400363295938544,0,53305,Healthy
1,0.16433706612984283,0,53296,Medium
1,0.19016255586799363,0,53294,Medium
1,0.1615644347783785,0,53285,Healthy
1,0.16937477058486972,0,53261,Healthy
1,0.14371143190523045,0,53257,Medium
1,0.14943064114883564,0,53257,Medium
1,0.13957059013525908,0,53257,Medium
1,0.18221769034654606,0,53252,Low
1,0.1620261081156978,0,53240,Medium
1,0.1271293491874283,0,53206,Healthy
1,0.16114693132927976,0,53206,Healthy
1,0.07908195826103737,0,53167,Healthy
1,0.16681268274766448,0,53163,Medium
1,0.16895015178317613,0,53162,Medium
1,0.08305472980026285,0,53151,Healthy
1,0.1846469937040104,0,53129,Medium
1,0.14899766311119444,0,53128,Healthy
1,0.17760916232520768,0,53125,Medium
1,0.15440165552158358,0,53100,Healthy
1,0.18040107708255237,0,53097,Medium
1,0.13013815876109053,0,53088,Medium
1,0.13589283993086126,0,53088,Medium
1,0.17832550247155232,0,53086,Low
1,0.15873066422512372,0,53074,Medium
1,0.12582622071624394,0,53037,Healthy
1,0.14450394507748238,0,53037,Healthy
1,0.15507199973230545,0,53006,Healthy
1,0.16895015178317613,0,52993,Medium
1,0.14139910864551375,0,52991,Medium
1,0.09080761937501514,0,52988,Healthy
1,0.18432948474736488,0,52966,Medium
1,0.16814057225019752,0,52965,Healthy
1,0.1777994568185342,0,52962,Medium
1,0.16786226246671093,0,52937,Healthy
1,0.19009140065595587,0,52934,Medium
1,0.12764847139088303,0,52927,Medium
1,0.1302588597989764,0,52927,Medium
1,0.1700942424868222,0,52919,Low
1,0.16119427555794674,0,52908,Medium
1,0.17217191697305667,0,52871,Healthy
1,0.1264359736631293,0,52868,Healthy
1,0.017994632372278718,0,52852,Healthy
1,0.11783936096543529,0,52848,Healthy
1,0.18941488181543675,0,52827,Medium
1,0.08061576456297631,0,52822,Healthy
1,0.15608385979768358,0,52821,Medium
1,0.15700053686523174,0,52803,Medium
1,0.18743708763141742,0,52799,Medium
1,0.1538766461749151,0,52796,Healthy
1,0.1709682951780762,0,52777,Healthy
1,0.18178008239698562,0,52774,Medium
1,0.15340605966861826,0,52757,Medium
1,0.1584759896609797,0,52757,Medium
1,0.1848682202226582,0,52756,Low
1,0.1072291388476529,0,52738,Medium
1,0.10799905703073764,0,52708,Healthy
1,0.14421226089130218,0,52699,Healthy
1,0.10768101016799309,0,52696,Healthy
1,0.031108135813054938,0,52684,Healthy
1,0.04509756778956253,0,52671,Healthy
1,0.11533770936758192,0,52661,Medium
1,0.18941488181543675,0,52660,Medium
1,0.15214526062730788,0,52637,Medium
1,0.16631122246855912,0,52636,Healthy
1,0.19274260129285986,0,52632,Medium
1,0.1819143721921367,0,52616,Healthy
1,0.12910371350365568,0,52614,Medium
1,0.17592318569071308,0,52593,Low
1,0.16631485166824417,0,52588,Medium
1,0.17197323802352232,0,52588,Medium
1,0.09989268113557409,0,52575,Medium
1,0.11881564433710395,0,52556,Healthy
1,0.04504033886354786,0,52548,Healthy
1,0.05090697700041669,0,52541,Healthy
1,0.029736505081181086,0,52513,Healthy
1,0.07502665008220355,0,52508,Healthy
1,0.1894460306796597,0,52497,Medium
1,0.15323833981981932,0,52495,Medium
1,0.15334765611005363,0,52479,Healthy
1,0.15578634325064372,0,52471,Medium
1,0.1943378772347168,0,52469,Medium
1,0.1728461629301451,0,52456,Healthy
1,0.11713990394890683,0,52448,Medium
1,0.02618246156081039,0,52430,Healthy
1,0.19317941864556026,0,52426,Low
1,0.17805814024537048,0,52425,Medium
1,0.18185458848515257,0,52425,Medium
1,0.11503803090707021,0,52403,Medium
1,0.15151301700382797,0,52398,Healthy
1,0.130294992780088,0,52384,Healthy
1,0.0893190082025122,0,52375,Healthy
-1,-0.004375465043851001,1,52350,Healthy
1,0.08087773184379637,0,52348,Healthy
1,0.1894460306796597,0,52334,Medium
1,0.15246380876008642,0,52329,Medium
1,0.16719731701129636,0,52315,Medium
1,0.15492025189140218,0,52309,Healthy
1,0.10321865909681549,0,52301,Medium
1,0.17610397279639256,0,52290,Healthy
1,0.15803452953685387,0,52288,Medium
1,0.1776380131975107,0,52262,Medium
1,0.18270480379224446,0,52262,Medium
1,0.18056977382441658,0,52260,Low
1,0.02853559976502884,0,52258,Healthy
1,0.12027887441763202,0,52230,Medium
1,0.15356022070573438,0,52230,Healthy
1,0.08357660617745932,0,52217,Healthy
1,0.11390278880804428,0,52215,Healthy
1,0.07156765288349926,0,52191,Healthy
-1,-0.006522675544550993,1,52186,Healthy
1,0.161951796207352,0,52171,Medium
1,0.14431554327904095,0,52159,Medium
1,0.1918493882339518,0,52149,Medium
1,0.1399927089692402,0,52143,Healthy
1,0.09468642827987478,0,52138,Medium
1,0.18171737466796,0,52126,Healthy
1,0.10392171046477638,0,52118,Medium
1,0.1667400230893457,0,52093,Low
1,0.18449495151429074,0,52092,Medium
1,0.060106860111554694,0,52092,Healthy
1,0.1788413421640936,0,52092,Medium
1,0.18247926645093437,0,52068,Healthy
1,0.09441176437560478,0,52058,Medium
1,0.05098165719967418,0,52054,Healthy
1,0.12996857402746392,0,52040,Healthy
1,0.08181076984927904,0,52025,Healthy
1,0.01789059050733588,0,52015,Healthy
1,0.161951796207352,0,52008,Medium
1,0.1432625758025925,0,51993,Medium
1,0.17338174925805128,0,51989,Medium
1,0.12014067962027519,0,51982,Healthy
1,0.18101675469991235,0,51966,Healthy
1,0.10962693307266719,0,51966,Medium
1,0.1394814420349711,0,51961,Medium
1,0.17848945696469792,0,51929,Medium
1,0.17428200013761264,0,51929,Medium
1,0.07062347358505189,0,51926,Healthy
1,0.15681698520877635,0,51926,Low
1,0.15923281450160603,0,51914,Healthy
1,0.1252883379673479,0,51891,Healthy
1,0.15212452274701532,0,51889,Medium
1,0.11011606481658631,0,51888,Healthy
1,0.17855108428166305,0,51876,Healthy
1,0.07955343008858479,0,51861,Healthy
-1,-0.14432207491897375,1,51851,Healthy
1,0.15864833230414543,0,51841,Medium
1,0.19344019445138855,0,51829,Medium
1,0.13612216935460253,0,51824,Medium
1,0.1382698400260708,0,51816,Healthy
1,0.18570295015003146,0,51800,Healthy
1,0.16776068227798352,0,51798,Medium
1,0.11766692953719876,0,51793,Medium
1,0.1746841822355874,0,51763,Medium
1,0.1793807571023952,0,51763,Medium
1,0.07344053705628062,0,51762,Healthy
-1,-0.03454893386147895,1,51757,Low
1,0.1555163177276891,0,51742,Healthy
1,0.1770374469043361,0,51728,Healthy
1,0.07027569749425161,0,51728,Healthy
1,0.14536203163561967,0,51722,Medium
1,0.05187650016422973,0,51708,Healthy
1,0.16919791447646754,0,51704,Healthy
-1,-0.11652626440822111,1,51687,Healthy
1,0.15864833230414543,0,51675,Medium
1,0.1959990443246743,0,51663,Medium
1,0.16895956406943002,0,51661,Medium
1,0.12066796992467477,0,51653,Healthy
1,0.16247714726250817,0,51637,Healthy
1,0.15666962627568798,0,51635,Medium
1,0.0937323591472779,0,51621,Medium
1,0.17448201099544197,0,51594,Medium
1,0.16874438175575696,0,51594,Medium
1,0.035594909636440186,0,51590,Healthy
-1,-0.03324491863641743,1,51589,Low
1,0.15559710004854793,0,51572,Healthy
1,0.11027363370458843,0,51567,Healthy
1,0.14473743755873214,0,51565,Medium
1,0.1616685234066344,0,51565,Healthy
1,0.03307495220576617,0,51536,Healthy
1,0.1332462203762258,0,51532,Healthy
-1,-0.12548369750145627,1,51525,Healthy
1,0.16125972584554094,0,51509,Medium
1,0.17776601522854824,0,51506,Medium
1,0.15051162697021736,0,51487,Healthy
1,0.134762758019213,0,51485,Medium
1,0.1856742093557862,0,51473,Healthy
1,0.1632110105324337,0,51472,Medium
1,0.14735365664835548,0,51451,Medium
1,0.1913225863253284,0,51427,Medium
1,0.18710923486931202,0,51427,Medium
1,0.07519242251398867,0,51426,Healthy
1,0.023683997590120964,0,51425,Low
1,0.1502707832376256,0,51408,Medium
1,0.1563066780164003,0,51403,Healthy
1,0.1531539312241867,0,51402,Healthy
1,0.11344130999479157,0,51401,Healthy
1,0.04456919702332929,0,51378,Healthy
1,0.1693889949452937,0,51375,Healthy
-1,-0.12611058294105115,1,51363,Healthy
1,0.18113970837785426,0,51349,Medium
1,0.16125972584554094,0,51343,Medium
1,0.1509073423367916,0,51320,Healthy
1,0.15165816215105815,0,51319,Medium
1,0.06690333855277619,0,51309,Medium
1,0.1638133311039735,0,51301,Healthy
1,0.1399736828835781,0,51285,Medium
1,0.15630081393066764,0,51261,Medium
1,0.021153052178896736,0,51261,Low
1,0.15315920588504806,0,51261,Medium
1,0.061462147054963834,0,51258,Healthy
1,0.1500243476620906,0,51242,Medium
1,0.15994315426423367,0,51242,Healthy
1,0.03858592631966273,0,51235,Healthy
1,0.15538735955838157,0,51234,Healthy
1,0.13447725044320896,0,51208,Healthy
1,0.03939940412005016,0,51205,Healthy
-1,-0.13395865323894374,1,51193,Healthy
1,0.1873084505678339,0,51188,Medium
1,0.10691647908870916,0,51173,Medium
1,0.16650722269519325,0,51156,Medium
1,0.15293456435263175,0,51148,Healthy
1,0.17246129475118316,0,51138,Healthy
1,0.13586684534184518,0,51136,Medium
1,0.1367733007157328,0,51128,Medium
1,0.17163385355019745,0,51101,Medium
1,0.16725831246037576,0,51101,Medium
1,0.07348741459833769,0,51095,Healthy
1,0.022786953756054107,0,51093,Low
1,0.1213090772828852,0,51081,Healthy
1,0.13832684737037276,0,51076,Medium
1,0.09074301120819245,0,51071,Healthy
1,0.15805106730076368,0,51070,Healthy
1,0.09360787028342382,0,51039,Healthy
1,0.18591676149727143,0,51039,Healthy
-1,-0.12755864843949338,1,51035,Healthy
1,0.1510840410386451,0,51035,Medium
1,0.10691647908870916,0,51004,Medium
1,0.16753520157047797,0,50989,Medium
1,0.1786062357324577,0,50982,Healthy
1,0.1417026620511757,0,50971,Medium
1,0.17283205295825405,0,50971,Healthy
1,0.15155899023221342,0,50970,Medium
1,0.18208231496252175,0,50935,Medium
1,0.18471326695899803,0,50935,Medium
1,0.07114560379115908,0,50931,Healthy
1,0.020066505559096393,0,50925,Low
1,0.1559318929456121,0,50921,Healthy
1,0.11884514316356082,0,50916,Medium
1,0.11340776070879677,0,50908,Healthy
1,0.1488230270618418,0,50904,Healthy
1,0.1861489355850558,0,50875,Healthy
1,0.19325733786637517,0,50873,Healthy
-1,-0.13127384187437963,1,50871,Healthy
1,0.19430171694383602,0,50871,Medium
1,0.09926225629745844,0,50841,Medium
1,0.15348939466851147,0,50826,Medium
1,0.1742150711917359,0,50816,Healthy
1,0.1548027294567796,0,50807,Medium
1,0.14263890319627293,0,50805,Medium
1,0.18223054182883602,0,50802,Healthy
1,0.16009712191344644,0,50772,Medium
1,0.15594771839534977,0,50772,Medium
1,0.05476442183259422,0,50769,Healthy
1,0.0008359104436240772,0,50759,Low
1,0.13615379316158283,0,50758,Healthy
1,0.12430369628743204,0,50745,Healthy
1,0.12713688878360657,0,50743,Medium
1,0.13037768932833382,0,50732,Healthy
1,0.17987894619888617,0,50714,Medium
1,0.18111885822523788,0,50712,Healthy
-1,-0.14193792662841376,1,50712,Healthy
1,0.18018917158336156,0,50706,Healthy
1,0.010828450998147554,0,50683,Healthy
1,0.09926225629745844,0,50678,Medium
1,0.14742141619049431,0,50669,Medium
1,0.1837161452624897,0,50652,Healthy
1,0.13273067733030458,0,50639,Medium
1,0.13946748612313692,0,50637,Healthy
1,0.13928419349082943,0,50637,Medium
1,0.062102018788717295,0,50605,Healthy
1,0.14423108329717482,0,50602,Medium
1,0.1500189988458948,0,50602,Medium
1,0.16196623232839114,0,50598,Healthy
-1,-0.0018056511229274097,1,50593,Low
1,0.12026034559144588,0,50579,Healthy
1,0.14489777741969334,0,50571,Medium
1,0.13208723122981553,0,50562,Healthy
1,0.16843590417308507,0,50552,Healthy
-1,-0.1341434452565523,1,50550,Healthy
1,0.18353240912785096,0,50548,Medium
1,0.18869294226255778,0,50546,Healthy
-1,-0.061464162794305555,1,50520,Healthy
1,0.11942171725679857,0,50515,Medium
1,0.11503803090707021,0,50505,Medium
1,0.18292939013274356,0,50486,Healthy
1,0.11454451147612821,0,50479,Medium
1,0.1317751171381389,0,50474,Medium
1,0.13433811566995485,0,50473,Healthy
1,0.18113559089285108,0,50442,Medium
1,0.17712368424934938,0,50442,Medium
1,0.05080551778457687,0,50437,Healthy
1,0.14621654633693681,0,50435,Healthy
1,0.05768613795279742,0,50425,Low
1,0.020474427489713398,0,50415,Healthy
1,0.11431728656888945,0,50408,Medium
1,0.13500048885255772,0,50393,Healthy
1,0.012321089911915939,0,50386,Healthy
1,0.17490432338973944,0,50386,Healthy
1,0.19657042611936132,0,50385,Medium
1,0.19067778520868828,0,50383,Healthy
-1,-0.022302696931719823,1,50360,Healthy
1,0.13071586256131257,0,50355,Medium
1,0.11503803090707021,0,50333,Medium
1,0.1767446982331522,0,50320,Healthy
1,0.13652025582170169,0,50312,Healthy
1,0.12058913234492119,0,50306,Medium
1,0.10645572802611397,0,50302,Medium
1,0.18685971958363728,0,50279,Medium
1,0.1916130506174326,0,50279,Medium
1,0.021864808028875804,0,50278,Healthy
1,0.13147454788686136,0,50272,Healthy
1,0.05410472748838224,0,50257,Low
1,0.04198169234551752,0,50249,Healthy
1,0.09213081826469538,0,50239,Medium
-1,-0.036133433778560375,1,50225,Healthy
1,0.18720998554067958,0,50225,Medium
1,0.18387302830757207,0,50223,Healthy
1,0.11928035886584282,0,50221,Healthy
1,0.18962615520011933,0,50217,Healthy
-1,-0.0005098713239509722,1,50205,Healthy
1,0.15766730387704453,0,50189,Medium
1,0.12076636954536824,0,50160,Medium
1,0.18267234818420086,0,50157,Healthy
1,0.1417186837225608,0,50149,Healthy
1,0.144515963494804,0,50136,Medium
1,0.13830506699009326,0,50134,Medium
1,0.17879997274931875,0,50119,Medium
1,0.1825737204771286,0,50119,Medium
1,0.13408426133359097,0,50115,Healthy
1,0.04782668931146017,0,50106,Healthy
1,0.045571457350729316,0,50096,Low
1,0.126264820145423,0,50089,Healthy
1,0.1073774358212502,0,50069,Medium
-1,-0.0305996642048586,1,50069,Healthy
1,0.18154669179552363,0,50068,Medium
1,0.18918351464236588,0,50057,Healthy
1,0.15320595766691558,0,50053,Healthy
1,0.10112796913115835,0,50048,Healthy
1,0.01142762391970742,0,50045,Healthy
1,0.15355862579099766,0,50023,Medium
1,0.17756662285933023,0,49997,Healthy
1,0.12076636954536824,0,49988,Medium
1,0.04995646456739711,0,49981,Healthy
1,0.14944083585146306,0,49972,Medium
1,0.10923089976054007,0,49971,Medium
1,0.12553908151513665,0,49959,Medium
1,0.12990500668571103,0,49959,Medium
1,0.13466868146471916,0,49943,Healthy
1,0.05544070933202372,0,49938,Healthy
1,0.042948555359602514,0,49934,Low
1,0.1294677469969211,0,49919,Healthy
1,0.11851114735731977,0,49903,Medium
1,0.18825416070598677,0,49902,Medium
-1,-0.004318089687579851,1,49901,Healthy
1,0.18908096335219637,0,49887,Healthy
-1,-0.007181965924147993,1,49887,Healthy
1,0.17814099775790643,0,49887,Healthy
1,0.1302606526165515,0,49879,Healthy
1,0.13753455590187907,0,49856,Medium
1,0.1672896517308094,0,49840,Healthy
1,0.04758492505007195,0,49818,Healthy
1,0.029911982911305146,0,49816,Healthy
1,0.09441176437560478,0,49816,Medium
1,0.1289034610818709,0,49806,Medium
1,0.08793200374285426,0,49801,Medium
1,0.11163067471843402,0,49792,Medium
1,0.11736119570149633,0,49792,Medium
1,0.04660647949396135,0,49774,Healthy
1,0.04509203711920706,0,49764,Low
1,0.12899560540997174,0,49756,Healthy
1,0.18151942674214216,0,49741,Healthy
1,0.11432627811420587,0,49740,Medium
1,0.19188423532215365,0,49735,Medium
1,0.00653805503123317,0,49724,Healthy
1,0.1329923847222762,0,49716,Healthy
1,0.1673520435739982,0,49715,Healthy
1,0.17213607348162896,0,49715,Healthy
1,0.11954937960901862,0,49702,Medium
1,0.1611894445913976,0,49683,Healthy
1,0.0879926440325916,0,49659,Healthy
1,0.07736010412985572,0,49657,Healthy
1,0.09441176437560478,0,49643,Medium
1,0.12338892881901864,0,49640,Medium
1,0.15832690833737328,0,49632,Medium
1,0.15321309377695524,0,49632,Medium
1,0.10101247676823671,0,49632,Medium
1,0.012297403513877647,0,49608,Healthy
1,0.04106025556298054,0,49594,Low
1,0.13263816198437933,0,49590,Healthy
1,0.17627893846369586,0,49578,Medium
1,0.1936467354585656,0,49577,Healthy
1,0.10775452077352043,0,49570,Medium
-1,-0.01688695663739448,1,49566,Healthy
1,0.15143924252515006,0,49558,Healthy
1,0.1858178629803814,0,49546,Healthy
1,0.11670615089236025,0,49543,Medium
1,0.19054422401187626,0,49536,Medium
1,0.15296598505681008,0,49525,Healthy
1,0.1521632403651758,0,49496,Healthy
1,0.03407000935600535,0,49490,Healthy
1,0.11801868603458304,0,49480,Medium
1,0.15257634164200357,0,49474,Medium
1,0.11068182987767322,0,49466,Medium
1,0.10392171046477638,0,49463,Medium
1,0.09649385033957358,0,49463,Medium
1,0.057620236386361656,0,49442,Healthy
1,0.06800229210640135,0,49430,Low
1,0.11494829069691709,0,49420,Healthy
1,0.1760281340087635,0,49418,Medium
1,0.18512963722769404,0,49414,Healthy
1,0.1300895128740444,0,49404,Medium
1,0.02283645279941038,0,49402,Healthy
1,0.1705003623542677,0,49388,Healthy
1,0.18180473928352503,0,49379,Healthy
1,0.12346819445081647,0,49377,Medium
1,0.1806677318206123,0,49367,Medium
1,0.18559808185684945,0,49359,Healthy
1,0.11447691142097705,0,49338,Healthy
1,0.03901487410239801,0,49320,Healthy
1,0.10760184101423131,0,49317,Medium
1,0.1402035462358452,0,49306,Medium
1,0.1329286415309398,0,49306,Medium
1,0.15257634164200357,0,49305,Medium
1,0.10913261522137607,0,49302,Medium
1,0.1583066605485226,0,49296,Healthy
1,0.040952769623723295,0,49278,Healthy
1,0.06467865112000454,0,49266,Low
1,0.11142378956251903,0,49260,Healthy
1,0.13837735014825986,0,49255,Medium
1,0.18915305005649036,0,49254,Healthy
1,0.017410798631902313,0,49248,Healthy
1,0.07535150820747649,0,49241,Medium
1,0.05141137743468438,0,49239,Healthy
1,0.17537338860218443,0,49225,Healthy
1,0.1921636563904388,0,49213,Healthy
1,0.18432124489661655,0,49201,Medium
1,0.07773231499098537,0,49201,Medium
1,0.10579424773443208,0,49198,Healthy
1,0.18853644057831842,0,49196,Healthy
1,0.1040341769568352,0,49153,Healthy
1,0.09097943674395226,0,49144,Medium
1,0.16199561708841043,0,49143,Medium
1,0.16753893470059644,0,49143,Medium
1,0.14541282866471045,0,49138,Medium
1,0.1848446454533077,0,49136,Healthy
1,0.10143990193191066,0,49133,Medium
-1,-0.014078651787958973,1,49108,Healthy
1,0.053581313846512324,0,49102,Low
1,0.11854281481072748,0,49094,Healthy
1,0.1575335845595276,0,49094,Healthy
1,0.17447635495182645,0,49089,Medium
1,0.028336275459617588,0,49080,Healthy
1,0.08489441488884059,0,49075,Medium
1,0.04811261665382116,0,49073,Healthy
1,0.16658560458000293,0,49062,Healthy
1,0.11471116211070548,0,49047,Healthy
1,0.18565882537549944,0,49047,Healthy
1,0.12563352983246195,0,49039,Healthy
1,0.18591474899661947,0,49037,Medium
1,0.15340200081625172,0,49036,Medium
1,0.10938286586422558,0,48990,Healthy
1,0.14688108901320301,0,48981,Medium
1,0.15685939344186384,0,48980,Medium
1,0.149949276148871,0,48980,Medium
1,0.14541282866471045,0,48972,Medium
1,0.17788655993333868,0,48969,Healthy
1,0.12471518363383566,0,48967,Medium
1,0.04289858268866176,0,48944,Healthy
1,0.05144844500158818,0,48939,Low
1,0.18708484106146134,0,48934,Healthy
1,0.15708767057126133,0,48929,Medium
1,0.13285616120749894,0,48927,Healthy
1,0.03577926268811049,0,48911,Healthy
1,0.02679174466362444,0,48910,Healthy
1,0.11162731761228323,0,48909,Medium
1,0.1716585063843568,0,48893,Healthy
1,0.14645490976234266,0,48889,Healthy
1,0.13587681093249582,0,48879,Healthy
1,0.18667392499916513,0,48878,Healthy
1,0.17859545927471593,0,48873,Medium
1,0.1800453409307724,0,48871,Medium
1,0.15715355402460363,0,48816,Medium
1,0.1636661821800261,0,48816,Medium
1,0.11952170636482046,0,48815,Medium
1,0.14488456703250657,0,48815,Medium
1,0.08109671607527197,0,48814,Healthy
1,0.1916674795281908,0,48809,Healthy
1,0.07058765956294888,0,48804,Medium
1,0.06354908016995897,0,48780,Healthy
1,0.06386563604513079,0,48775,Low
1,0.1746746515302418,0,48771,Healthy
1,0.0787867234071139,0,48761,Healthy
1,0.12660616994897772,0,48759,Medium
1,0.026070865519666864,0,48751,Healthy
-1,-0.005278383025458244,1,48747,Healthy
1,0.11119420251258355,0,48742,Medium
1,0.1605173491310446,0,48736,Healthy
1,0.17969200066769442,0,48721,Healthy
1,0.1501139494744293,0,48720,Healthy
1,0.14512796333124056,0,48719,Healthy
1,0.15198322857632524,0,48707,Medium
1,0.12627189270618455,0,48699,Medium
1,0.14488456703250657,0,48658,Medium
1,0.06294197259843398,0,48653,Medium
1,0.06660503770109716,0,48653,Medium
1,0.13076644936837245,0,48648,Medium
1,0.10355819005772521,0,48648,Healthy
1,0.18732152464898882,0,48646,Healthy
1,0.08004931677485672,0,48637,Medium
1,0.01882995428851464,0,48612,Healthy
1,0.19116988460315876,0,48611,Healthy
1,0.06181570888589105,0,48611,Low
1,0.09792396616821164,0,48595,Healthy
1,0.17597687595978895,0,48590,Medium
1,0.03661907428013589,0,48588,Healthy
-1,-0.007908338112193825,1,48583,Healthy
1,0.09180418328270712,0,48573,Medium
1,0.17913436416033707,0,48572,Healthy
1,0.17756209505734588,0,48558,Healthy
1,0.14797666098865486,0,48556,Healthy
1,0.18450158450855042,0,48551,Healthy
1,0.17928278956444255,0,48544,Medium
1,0.17669289036116548,0,48533,Medium
1,0.15041593041179024,0,48501,Medium
1,0.13167348878538326,0,48488,Medium
1,0.07450250467159186,0,48485,Healthy
1,0.19668948068839043,0,48481,Healthy
1,0.13047714239771813,0,48481,Medium
1,0.13588228915841627,0,48481,Medium
1,0.10645395917877992,0,48471,Medium
1,0.1784253832485712,0,48448,Healthy
1,0.01401322528617388,0,48444,Healthy
1,0.04495360296204898,0,48441,Low
1,0.10608610088776904,0,48435,Healthy
1,0.005388683317748111,0,48432,Healthy
1,0.1241277413375606,0,48424,Medium
1,0.08229384195594402,0,48419,Medium
1,0.016391356838007742,0,48412,Healthy
1,0.1551365123289602,0,48404,Healthy
1,0.1643607652115408,0,48403,Healthy
1,0.10716628326277211,0,48396,Healthy
1,0.1810856359332596,0,48385,Healthy
1,0.18131933390487398,0,48375,Medium
1,0.17273593719611097,0,48363,Medium
1,0.15041593041179024,0,48344,Medium
1,0.07314791633993062,0,48325,Medium
1,0.09711818134866174,0,48315,Healthy
1,0.19744166796747598,0,48315,Healthy
1,0.1456202825270208,0,48315,Medium
1,0.15206939135985725,0,48315,Medium
1,0.10773046270614423,0,48305,Medium
1,0.16263218507933336,0,48284,Healthy
1,0.0053290272348872625,0,48276,Healthy
1,0.04294040330944904,0,48271,Low
1,0.10898917575822342,0,48268,Healthy
1,0.15262170222960264,0,48264,Medium
1,0.04224395072675913,0,48264,Healthy
1,0.10929478021251443,0,48253,Medium
-1,-0.14578744732487525,1,48248,Healthy
1,0.17655315933237425,0,48243,Healthy
1,0.1530780179904388,0,48233,Healthy
1,0.09441176437560478,0,48232,Healthy
1,0.18494753151856547,0,48216,Healthy
1,0.16895015178317613,0,48205,Medium
1,0.15715292631411548,0,48191,Medium
1,0.15011576827955214,0,48178,Medium
1,0.11954878532527802,0,48156,Medium
1,0.08158652763357749,0,48155,Healthy
1,0.1558524378528524,0,48151,Medium
1,0.14992763183255486,0,48151,Medium
1,0.18158226009731943,0,48149,Healthy
1,0.0919305264945739,0,48136,Medium
1,0.16521469599118777,0,48127,Healthy
1,0.04286495041664895,0,48112,Healthy
-1,-0.012088526416962675,1,48109,Healthy
1,0.0014284486086993953,0,48105,Low
1,0.12668904370772,0,48099,Healthy
1,0.14396561494094878,0,48094,Medium
1,0.15614818164402494,0,48090,Medium
1,0.16356010672538662,0,48086,Healthy
-1,-0.11637162204901097,1,48084,Healthy
1,0.1283996090982064,0,48069,Healthy
1,0.15212452274701532,0,48062,Healthy
1,0.17934486512092174,0,48046,Healthy
1,0.18941488181543675,0,48039,Medium
1,0.15737072179357736,0,48021,Medium
1,0.15011576827955214,0,48011,Medium
1,0.12164942258307865,0,47996,Medium
1,0.16958631728690404,0,47992,Healthy
1,0.13379011052798262,0,47982,Medium
1,0.14024710450274663,0,47982,Medium
1,0.07815534496013704,0,47982,Medium
1,0.09301821299668656,0,47980,Healthy
1,0.17018231730894262,0,47955,Healthy
1,0.05365157727934178,0,47945,Healthy
1,0.08261065941325596,0,47939,Healthy
1,0.055949983719306096,0,47937,Low
1,0.13419785709552345,0,47937,Medium
1,0.09527090664169441,0,47936,Healthy
-1,-0.12386592596567425,1,47922,Healthy
1,0.12965773344342174,0,47917,Medium
1,0.1647526996941156,0,47917,Healthy
1,0.13643005170357747,0,47909,Healthy
1,0.14536203163561967,0,47896,Healthy
1,0.14446520665675971,0,47883,Healthy
1,0.1894460306796597,0,47876,Medium
1,0.1558056910124862,0,47852,Medium
1,0.13829508092368964,0,47845,Medium
1,0.12547988006433475,0,47836,Medium
1,0.18209603291482912,0,47832,Healthy
1,0.02936143824555615,0,47829,Healthy
1,0.1267741117305179,0,47819,Medium
1,0.13201592219068536,0,47819,Medium
1,0.0926086806707131,0,47816,Healthy
1,0.10530149452704524,0,47815,Medium
1,0.1263067919710501,0,47779,Healthy
1,0.1218316028717829,0,47775,Healthy
1,0.028959239207323573,0,47775,Healthy
1,0.1260870730270014,0,47774,Medium
1,0.04875056406406941,0,47771,Low
-1,-0.12400949113379423,1,47760,Healthy
1,0.14919753859020468,0,47751,Healthy
1,0.12749664414430528,0,47748,Medium
1,0.1299994814465204,0,47743,Healthy
1,0.14473743755873214,0,47739,Healthy
1,0.161951796207352,0,47713,Medium
1,0.13356476767193282,0,47711,Healthy
1,0.15640159346983057,0,47683,Medium
1,0.13829508092368964,0,47679,Medium
1,0.16671644053642687,0,47678,Healthy
1,0.08048354995500323,0,47670,Healthy
1,0.09839855990723245,0,47663,Medium
1,0.09272436858884014,0,47653,Healthy
1,0.15246582943827408,0,47652,Medium
1,0.09847640906422961,0,47647,Medium
1,0.10692779526746699,0,47647,Medium
1,0.11223341874899218,0,47613,Healthy
1,0.04036702099096512,0,47611,Healthy
1,0.12663546440485246,0,47606,Healthy
1,0.028032718129141543,0,47605,Low
1,0.0976426784657699,0,47605,Medium
-1,-0.1320899371391061,1,47600,Healthy
1,0.12466248004947639,0,47590,Healthy
1,0.11901175715597506,0,47583,Healthy
1,0.1502707832376256,0,47582,Healthy
1,0.17577850409809814,0,47582,Medium
1,0.1503129797694231,0,47548,Healthy
1,0.15864833230414543,0,47546,Medium
1,0.16033407312602133,0,47520,Medium
1,0.11881189300087325,0,47519,Medium
1,0.1984178444432821,0,47515,Healthy
1,0.05787577536825933,0,47514,Medium
1,0.15325288100033485,0,47509,Healthy
1,0.1383925819593383,0,47480,Medium
1,0.144515963494804,0,47480,Medium
1,0.12703274388647762,0,47480,Medium
1,0.051268604913009774,0,47475,Healthy
1,0.10793905546368232,0,47449,Healthy
1,0.022406303584283083,0,47449,Healthy
1,0.10809724588645175,0,47443,Healthy
-1,-0.1368477679026494,1,47438,Healthy
1,0.04562982180349673,0,47435,Low
1,0.15234893761855367,0,47434,Medium
1,0.14287512574505068,0,47423,Healthy
1,0.15326076498708874,0,47417,Healthy
1,0.1500243476620906,0,47416,Healthy
1,0.14648875333020023,0,47410,Medium
1,0.15761058732015887,0,47384,Healthy
1,0.16113637493011962,0,47380,Medium
1,0.11881189300087325,0,47359,Medium
1,0.15023693727515575,0,47353,Medium
1,0.11694651632034819,0,47351,Healthy
1,0.19513205867856726,0,47348,Healthy
1,0.13924094417827865,0,47339,Medium
1,0.14445717280673426,0,47317,Medium
1,0.1499431403718232,0,47317,Medium
1,0.1259346858462138,0,47311,Medium
1,0.06344610781582033,0,47305,Healthy
1,0.0974282572686514,0,47286,Healthy
1,0.010967481933210621,0,47281,Healthy
1,0.016440823540514682,0,47279,Medium
1,0.11427541978876676,0,47279,Healthy
1,0.06304693134296774,0,47271,Low
-1,-0.13325751649503403,1,47268,Healthy
1,0.00447330472845997,0,47260,Healthy
1,0.12414361868611479,0,47260,Healthy
1,0.05407690642063112,0,47258,Medium
1,0.13832684737037276,0,47250,Healthy
1,0.11986072499070438,0,47215,Healthy
1,0.10387935686999106,0,47211,Healthy
1,0.10691647908870916,0,47211,Medium
1,0.1781128819576499,0,47191,Healthy
1,0.12706899850466297,0,47186,Medium
1,0.1325200551059285,0,47181,Medium
1,0.16305999218593048,0,47166,Medium
1,0.12078877127320514,0,47151,Medium
1,0.12894729015309708,0,47151,Medium
1,0.17217191697305667,0,47144,Medium
1,0.11175065341444873,0,47139,Healthy
1,0.10887366543957522,0,47123,Healthy
1,0.0013876302382654915,0,47120,Healthy
1,0.1360774288337251,0,47119,Medium
1,0.09767682457058985,0,47113,Healthy
-1,-0.12701791532647388,1,47111,Healthy
1,0.03910499240137477,0,47101,Low
1,0.1489666204658286,0,47094,Healthy
1,0.1560932850565438,0,47094,Healthy
1,0.11884514316356082,0,47090,Healthy
1,0.09012075866253577,0,47086,Medium
-1,-0.025932771430757562,1,47069,Healthy
1,0.1157277493258958,0,47059,Healthy
1,0.1535583947061187,0,47052,Healthy
1,0.09926225629745844,0,47048,Medium
1,0.19730787638146496,0,47028,Healthy
1,0.12706899850466297,0,47014,Medium
1,0.13485944327846094,0,47012,Medium
1,0.1748670832960723,0,46994,Medium
1,0.12353872316096648,0,46985,Medium
1,0.11675194219458668,0,46985,Medium
1,0.08854928434977849,0,46973,Healthy
1,0.14411950871292367,0,46973,Medium
1,0.12435765646058644,0,46965,Medium
-1,-0.010798528883890768,1,46958,Healthy
1,0.11994394553490362,0,46956,Healthy
1,0.11255557147041595,0,46947,Healthy
-1,-0.13148136790760778,1,46947,Healthy
1,0.03884445267305381,0,46941,Low
1,0.14735437575189803,0,46930,Healthy
1,0.15742169158538666,0,46928,Healthy
1,0.160414807411298,0,46923,Medium
1,0.12713688878360657,0,46917,Healthy
-1,-0.03600991593085345,1,46905,Healthy
1,0.14895979156129585,0,46901,Healthy
1,0.14015817544213977,0,46883,Medium
1,0.11503803090707021,0,46875,Medium
1,0.166868579391454,0,46874,Healthy
1,0.1375534111813574,0,46842,Medium
1,0.14530978139533302,0,46841,Medium
1,0.1121894216171273,0,46825,Medium
1,0.11740650026194094,0,46825,Medium
1,0.14702075338381848,0,46824,Medium
1,0.044231546310125824,0,46821,Medium
1,0.08718912407410939,0,46811,Medium
1,0.08112366243769037,0,46803,Healthy
1,0.00035212360818592803,0,46800,Healthy
1,0.11678665987426029,0,46793,Healthy
-1,-0.1420147020610799,1,46787,Healthy
1,0.047760005083193,0,46776,Low
1,0.11117353912704347,0,46774,Healthy
1,0.14055792222144664,0,46767,Healthy
1,0.06596792675688906,0,46759,Medium
1,0.16085403428868184,0,46755,Healthy
1,0.14489777741969334,0,46745,Healthy
-1,-0.014293839471186454,1,46741,Healthy
1,0.15228463878887655,0,46733,Healthy
1,0.18136783515323118,0,46717,Healthy
1,0.14736032832809465,0,46716,Medium
1,0.12076636954536824,0,46703,Medium
1,0.12158893159093265,0,46670,Medium
1,0.14530978139533302,0,46669,Medium
1,0.10780751188543047,0,46661,Medium
1,0.10198065304618198,0,46661,Medium
1,0.17167008471129752,0,46658,Medium
1,0.11918616583493602,0,46657,Medium
1,0.08873354597467009,0,46649,Medium
1,0.0889389218710368,0,46637,Healthy
1,0.011192952330969841,0,46635,Healthy
-1,-0.1345305048613733,1,46626,Healthy
1,0.1225386024141712,0,46624,Healthy
1,0.05198926860379871,0,46612,Low
1,0.1060022767753383,0,46611,Healthy
1,0.12379858851331504,0,46607,Healthy
1,0.18483043127360155,0,46589,Healthy
1,0.13294954599445508,0,46587,Medium
1,0.11431728656888945,0,46582,Healthy
-1,-0.030470438875065065,1,46575,Healthy
1,0.18141902008318878,0,46571,Healthy
1,0.1800610680858109,0,46560,Healthy
1,0.1217597188356015,0,46550,Medium
1,0.09699441996277658,0,46530,Medium
1,0.11521674785769093,0,46506,Medium
1,0.10224987360938748,0,46498,Medium
1,0.1315263589057371,0,46497,Medium
1,0.08509063171244441,0,46489,Medium
1,0.0907495289074145,0,46489,Medium
1,0.11344080275902241,0,46488,Medium
1,0.1505484785375482,0,46486,Medium
1,0.05062275444211772,0,46474,Healthy
-1,-0.05191873950174575,1,46471,Healthy
1,0.012649218652907579,0,46462,Healthy
1,0.13077798857822587,0,46460,Healthy
1,0.10523190758811374,0,46450,Healthy
1,0.040965004162987095,0,46444,Low
1,0.045082626270135595,0,46444,Healthy
1,0.1803884840529641,0,46423,Healthy
1,0.14800287148860886,0,46421,Medium
1,0.1577802334769044,0,46417,Healthy
-1,-0.010851617134985503,1,46413,Healthy
1,0.09213081826469538,0,46412,Healthy
1,0.19136625652411404,0,46397,Healthy
1,0.12276122437712289,0,46384,Medium
1,0.15257634164200357,0,46361,Medium
1,0.11521674785769093,0,46343,Medium
1,0.16113727412067375,0,46340,Medium
1,0.133754267879714,0,46328,Medium
1,0.14703585381280204,0,46326,Medium
1,0.14177858266811583,0,46326,Medium
1,0.18090830261009988,0,46323,Medium
1,0.12982367535552392,0,46313,Medium
1,0.06077907014393935,0,46311,Healthy
-1,-0.016478679384944517,1,46305,Healthy
1,0.12059213315394529,0,46300,Healthy
-1,-0.035860342080705765,1,46300,Healthy
1,0.015144774230381186,0,46286,Low
1,0.1746944708432382,0,46284,Healthy
1,0.11868144932945529,0,46274,Healthy
1,0.19108633807290654,0,46260,Healthy
1,0.15269479742700676,0,46258,Medium
-1,-0.019172861156170118,1,46253,Healthy
1,0.15401323380386073,0,46251,Healthy
1,0.1073774358212502,0,46243,Healthy
1,0.19241123795667775,0,46231,Healthy
1,0.13663839814417128,0,46215,Medium
1,0.14541282866471045,0,46195,Medium
1,0.1894670954629662,0,46174,Medium
1,0.09217421622676703,0,46173,Medium
1,0.13438168819914592,0,46165,Medium
1,0.1121775286393672,0,46160,Medium
1,0.11968683529958768,0,46160,Medium
1,0.1662814044904965,0,46159,Medium
1,0.178235074540058,0,46150,Medium
-1,-0.029908223423055214,1,46144,Healthy
-1,-0.027370941066420906,1,46143,Healthy
1,0.09938222929722546,0,46138,Healthy
1,0.10532215837518516,0,46131,Healthy
-1,-0.0034858781213934487,1,46120,Low
1,0.15667282983056324,0,46113,Healthy
1,0.1262254652257111,0,46111,Healthy
-1,-0.05553938166143757,1,46096,Healthy
1,0.18946156767069083,0,46093,Healthy
1,0.13710915393440298,0,46088,Medium
1,0.15500497300413874,0,46087,Healthy
1,0.11851114735731977,0,46077,Healthy
1,0.1736289915794927,0,46065,Healthy
1,0.14354259785768897,0,46048,Medium
1,0.14488456703250657,0,46038,Medium
1,0.1642611444827583,0,46020,Medium
1,0.08700785491487778,0,46005,Medium
1,0.09217421622676703,0,46004,Medium
1,0.13203178876838212,0,45993,Medium
1,0.12504376601943462,0,45993,Medium
1,0.1192944616954087,0,45993,Medium
-1,-0.046960608065758525,1,45990,Healthy
1,0.1686774785270448,0,45977,Medium
-1,-0.0030444041485517825,1,45976,Healthy
1,0.08702779492475565,0,45972,Healthy
1,0.12479696824279068,0,45968,Healthy
1,0.018400741636955376,0,45963,Low
1,0.07118437177958231,0,45961,Healthy
1,0.12633368265364886,0,45948,Healthy
1,0.1828412161233725,0,45927,Healthy
-1,-0.018926286747862786,1,45926,Healthy
1,0.13020455086246913,0,45925,Medium
1,0.15369644093819002,0,45921,Healthy
1,0.11432627811420587,0,45913,Healthy
1,0.18696039255561148,0,45904,Healthy
1,0.1405457468838261,0,45885,Medium
1,0.15041593041179024,0,45881,Medium
1,0.18542939599066877,0,45859,Medium
1,0.13553972311523294,0,45839,Medium
1,0.10741940561264379,0,45835,Medium
1,0.12763416315392795,0,45833,Medium
1,0.131662055863419,0,45833,Medium
1,0.12400568713930937,0,45826,Medium
-1,-0.03351813467142384,1,45824,Healthy
1,0.17274886847267745,0,45813,Healthy
1,0.11275102028906153,0,45812,Healthy
1,0.10803217104635343,0,45809,Healthy
1,0.13306385598340487,0,45805,Medium
1,0.15162497591546226,0,45804,Healthy
1,0.04437356686030791,0,45799,Low
1,0.09118055582141499,0,45776,Healthy
1,0.1888442773717688,0,45764,Healthy
-1,-0.0030367523886619674,1,45760,Healthy
1,0.16173532024547405,0,45758,Healthy
1,0.10268190299889202,0,45753,Medium
1,0.17778636420496907,0,45744,Healthy
1,0.10775452077352043,0,45744,Healthy
1,0.15011576827955214,0,45715,Medium
1,0.11603857776459353,0,45713,Medium
1,0.18337538370403111,0,45690,Medium
1,0.09485967338260315,0,45688,Medium
1,0.06801714655492452,0,45670,Medium
1,0.07431415426975074,0,45670,Medium
1,0.10741940561264379,0,45665,Medium
-1,-0.02906637292159009,1,45652,Healthy
1,0.081244424282709,0,45650,Medium
1,0.1310336513574244,0,45648,Healthy
1,0.1692244855481913,0,45648,Medium
1,0.07700711956389167,0,45647,Healthy
1,0.1480079068428991,0,45647,Healthy
1,0.17860553946439822,0,45644,Healthy
-1,-0.0033722151518303933,1,45635,Low
1,0.08389731406449152,0,45615,Healthy
1,0.18403254728612323,0,45604,Healthy
1,0.1607629727189599,0,45595,Healthy
-1,-0.007282233441429642,1,45594,Healthy
1,0.14178804707324083,0,45586,Medium
1,0.18481839900190888,0,45581,Healthy
1,0.1300895128740444,0,45578,Medium
1,0.13829508092368964,0,45548,Medium
1,0.11602805261726451,0,45546,Medium
1,0.16039556793839632,0,45522,Medium
1,0.18371811743577598,0,45521,Medium
1,0.11440986945868781,0,45501,Medium
1,0.1201986340733186,0,45501,Medium
1,0.1188379262224662,0,45499,Medium
1,0.14171330869621934,0,45493,Healthy
-1,-0.010005217666549937,1,45490,Healthy
1,0.15317244407347225,0,45486,Medium
1,0.11607675871020923,0,45482,Healthy
1,0.13348423529733272,0,45482,Medium
1,0.10445413019829114,0,45476,Healthy
1,0.16644217204743206,0,45475,Healthy
1,0.03795777303233161,0,45474,Low
1,0.10241942096722706,0,45457,Healthy
1,0.17352623223660862,0,45447,Healthy
1,0.1678790561772412,0,45432,Healthy
-1,-0.01694043210282925,1,45426,Healthy
1,0.1753734981137528,0,45424,Healthy
1,0.14807301072264484,0,45423,Medium
1,0.07535150820747649,0,45415,Medium
1,0.11881189300087325,0,45388,Medium
1,0.13064334543289352,0,45383,Medium
1,0.1470587414144341,0,45365,Medium
1,0.1879440166032751,0,45354,Medium
1,0.11558721163827862,0,45341,Medium
1,0.12179072478046787,0,45341,Medium
1,0.1188379262224662,0,45333,Medium
1,0.17568238352467125,0,45323,Healthy
1,0.08552681347956503,0,45323,Medium
1,0.17833167026228885,0,45323,Medium
1,0.054099237771120356,0,45319,Healthy
1,0.09581644626858454,0,45312,Healthy
1,0.18474779036649225,0,45312,Medium
1,0.18972273429548914,0,45311,Healthy
1,0.040190510536509017,0,45310,Low
1,0.13404560078222194,0,45294,Healthy
1,0.16689562431687777,0,45290,Healthy
1,0.18519090409060912,0,45261,Healthy
-1,-0.013672926388229367,1,45260,Healthy
1,0.1406332330108237,0,45259,Healthy
1,0.12285012127757583,0,45257,Medium
1,0.08489441488884059,0,45248,Medium
1,0.12736940350521753,0,45216,Medium
1,0.0367918307603069,0,45211,Medium
1,0.12285077697400154,0,45208,Medium
1,0.17719017786540847,0,45185,Medium
1,0.12097447818433149,0,45180,Medium
1,0.1256199345099948,0,45180,Medium
1,0.11384550397683385,0,45170,Medium
1,0.13088972248680147,0,45162,Medium
1,0.1860249669958674,0,45160,Healthy
1,0.15156836078336156,0,45156,Medium
1,0.06746608706929347,0,45150,Healthy
1,0.18793385866200912,0,45148,Healthy
1,0.19249186531982793,0,45146,Medium
1,0.04305515393183579,0,45144,Low
1,0.09872650819156864,0,45143,Healthy
1,0.15896357554222879,0,45133,Medium
1,0.1368465902287117,0,45131,Healthy
-1,-0.014863862328492128,1,45096,Healthy
1,0.11206428356231984,0,45092,Healthy
1,0.11879684250781475,0,45091,Medium
1,0.1553909139954633,0,45090,Healthy
1,0.11162731761228323,0,45082,Medium
1,0.12311311092407207,0,45045,Medium
1,0.14530978139533302,0,45043,Medium
1,0.15228173551358043,0,45042,Medium
1,0.18364477329351014,0,45028,Medium
1,0.09193946596893987,0,45007,Medium
1,0.09854743595298077,0,45007,Medium
1,0.11384550397683385,0,45007,Medium
1,0.12234525671007335,0,44999,Medium
1,0.18465922137922275,0,44994,Healthy
1,0.17991490016802147,0,44993,Medium
1,0.17500384626910997,0,44988,Healthy
1,0.07062163178842445,0,44983,Healthy
1,0.043433708830822315,0,44980,Low
1,0.17918457961956974,0,44980,Medium
1,0.12972876273932288,0,44977,Healthy
1,0.19275889957380593,0,44966,Medium
1,0.17105076630742239,0,44964,Healthy
-1,-0.04734612226419632,1,44939,Healthy
1,0.11414238078490874,0,44931,Medium
1,0.11415265979532035,0,44930,Healthy
1,0.18427880824994491,0,44929,Healthy
1,0.11119420251258355,0,44916,Medium
1,0.10580351417652173,0,44888,Medium
1,0.15312765503660752,0,44885,Medium
1,0.11525798333043685,0,44880,Medium
1,0.19707397048994507,0,44865,Medium
1,0.043685476660389244,0,44859,Medium
1,0.0489888361599744,0,44859,Medium
1,0.1074545209066679,0,44837,Medium
1,0.14747958900835334,0,44835,Medium
1,0.18903419758638862,0,44831,Healthy
1,0.1769165655738737,0,44828,Healthy
1,0.1814585273392592,0,44824,Medium
1,0.18835085498394155,0,44820,Medium
1,0.11002187352037923,0,44816,Healthy
1,0.0295803601409641,0,44814,Low
1,0.047555142243780546,0,44811,Healthy
1,0.19546493354580813,0,44803,Medium
1,0.17257457774307078,0,44798,Healthy
-1,-0.016768957467390377,1,44773,Healthy
1,0.10279867591092212,0,44768,Medium
1,0.17666218782070936,0,44765,Healthy
1,0.15458182050947983,0,44763,Healthy
1,0.09180418328270712,0,44747,Medium
1,0.15211383203483503,0,44728,Medium
1,0.0843474396652582,0,44721,Medium
1,0.09217421622676703,0,44711,Medium
1,0.16709569578779387,0,44711,Medium
1,0.12766400236459513,0,44683,Medium
1,0.12003152299227454,0,44683,Medium
1,0.1795509287021636,0,44671,Medium
1,0.0702741027464111,0,44670,Medium
1,0.1074545209066679,0,44668,Medium
1,0.18761574726165808,0,44662,Healthy
1,0.1900203770064256,0,44657,Medium
1,0.16905202760410087,0,44654,Medium
1,0.13361861887929455,0,44646,Medium
1,0.10944422769427553,0,44644,Healthy
1,0.006112317135474887,0,44640,Low
1,0.0843467413060835,0,44639,Healthy
1,0.15842197099105304,0,44637,Healthy
1,0.003923216244690497,0,44613,Healthy
1,0.1799778959433031,0,44599,Healthy
1,0.1538657115833369,0,44597,Healthy
1,0.08625519000715326,0,44595,Medium
1,0.08229384195594402,0,44593,Medium
1,0.14632684825034287,0,44571,Medium
1,0.1653221844222647,0,44557,Medium
1,0.10454299203871587,0,44549,Medium
1,0.10741940561264379,0,44542,Medium
1,0.11383567880642775,0,44515,Medium
1,0.14447728140715332,0,44511,Medium
1,0.15021421436345728,0,44511,Medium
1,0.18788719529436998,0,44504,Medium
1,0.1295565040746341,0,44502,Medium
1,0.18563729395530276,0,44499,Healthy
1,0.18910706575937192,0,44490,Medium
1,0.18930120127572275,0,44488,Medium
1,0.1429676524533972,0,44486,Medium
1,0.12771999091097935,0,44478,Healthy
1,0.007984556026338518,0,44474,Low
1,0.1718273200185318,0,44473,Healthy
1,0.0665000312817079,0,44469,Healthy
1,0.005313391646717069,0,44445,Healthy
1,0.1570240498984945,0,44442,Healthy
1,0.14284826093285174,0,44432,Medium
1,0.14647563522370272,0,44428,Healthy
1,0.10929478021251443,0,44426,Medium
1,0.1501768578635515,0,44414,Medium
1,0.1831366366162438,0,44400,Medium
1,0.060596689416588745,0,44383,Medium
1,0.1188379262224662,0,44375,Medium
1,0.0456694138074657,0,44357,Medium
1,0.1941037982478288,0,44341,Medium
1,0.16347686869770045,0,44339,Medium
1,0.15632087690285523,0,44338,Medium
1,0.1295565040746341,0,44335,Medium
1,0.1886268366724519,0,44330,Medium
1,0.15319253556011264,0,44326,Medium
1,0.1898820810667785,0,44325,Medium
1,0.1508371261674335,0,44323,Healthy
1,0.1736119923624787,0,44313,Healthy
1,0.022633364057271566,0,44312,Low
1,0.11890249710137535,0,44311,Healthy
1,0.0450823856382484,0,44297,Healthy
-1,-0.0008451135603857463,1,44286,Healthy
1,0.17750616137493125,0,44279,Healthy
1,0.11422746804908657,0,44266,Medium
1,0.15614818164402494,0,44263,Medium
1,0.14505091735372871,0,44262,Healthy
1,0.09952671262660218,0,44257,Medium
1,0.1925621498831584,0,44240,Medium
1,0.10069898097685781,0,44219,Medium
1,0.11388330887044246,0,44212,Medium
1,0.12422849636034378,0,44194,Medium
1,0.17967929140039246,0,44181,Medium
1,0.07524322419675578,0,44172,Medium
1,0.124632466315787,0,44169,Medium
1,0.13421429647769573,0,44169,Medium
1,0.15743972400463518,0,44163,Medium
1,0.16215992423997,0,44162,Medium
1,0.1886398137109236,0,44161,Medium
1,0.1869851645342927,0,44157,Healthy
1,0.18530693731560016,0,44153,Healthy
1,0.12203576638932223,0,44151,Healthy
1,0.012834175370815881,0,44142,Low
1,0.044859894894003105,0,44131,Healthy
-1,-0.0034433089639593906,1,44118,Healthy
1,0.1721349964858611,0,44110,Healthy
1,0.1006344450527018,0,44100,Medium
1,0.12726238994548178,0,44099,Medium
1,0.13446898770648902,0,44092,Healthy
1,0.12965773344342174,0,44091,Medium
1,0.18561652919698762,0,44077,Medium
1,0.07621350809726868,0,44047,Medium
1,0.1074545209066679,0,44043,Medium
1,0.13195081594126207,0,44033,Medium
1,0.12065959189901165,0,44012,Medium
1,0.07524322419675578,0,44009,Medium
1,0.1112270606049563,0,44003,Medium
1,0.15121397152427968,0,44003,Medium
1,0.16019719466454413,0,44003,Medium
1,0.15910735293538136,0,43996,Medium
1,0.1766868158779557,0,43993,Healthy
1,0.19478315164145732,0,43991,Healthy
1,0.16726323932637993,0,43988,Medium
-1,-0.014219471327772348,1,43978,Low
1,0.09284911171795174,0,43976,Healthy
1,0.03817766342889117,0,43961,Healthy
-1,-0.002151597840056363,1,43950,Healthy
1,0.15393379694064663,0,43949,Healthy
1,0.10007760306960595,0,43940,Medium
1,0.12877988180135636,0,43939,Medium
1,0.16944402205104991,0,43929,Healthy
1,0.12749664414430528,0,43921,Medium
1,0.19027563276224074,0,43917,Medium
1,0.0953960764901024,0,43884,Medium
1,0.1295565040746341,0,43876,Medium
1,0.1539203087576005,0,43873,Medium
1,0.12008731695584002,0,43851,Medium
1,0.08478828332085186,0,43843,Medium
1,0.16109891882006644,0,43840,Medium
1,0.18683158292631374,0,43831,Healthy
1,0.12713027523141956,0,43831,Medium
1,0.1361218185071249,0,43831,Medium
1,0.16169992433748887,0,43829,Medium
1,0.18012117772808806,0,43826,Healthy
1,0.0002784027640729825,0,43821,Low
1,0.18521348372403534,0,43819,Medium
1,0.12345558582149757,0,43813,Healthy
1,0.04987363402992828,0,43795,Healthy
1,0.1732949582373719,0,43789,Healthy
-1,-0.012518151576517034,1,43786,Healthy
1,0.06961049912353784,0,43776,Medium
1,0.08994184889973611,0,43773,Medium
1,0.17577850409809814,0,43755,Medium
1,0.13273851831490308,0,43754,Healthy
1,0.17730138836713077,0,43744,Medium
1,0.10436807469956538,0,43718,Medium
1,0.07524322419675578,0,43713,Medium
1,0.1295575545606638,0,43709,Medium
1,0.12380768831895933,0,43691,Medium
1,0.08478828332085186,0,43677,Medium
1,0.13492881137516366,0,43677,Medium
1,0.1706642341245453,0,43667,Medium
1,0.16310138692900572,0,43667,Medium
1,0.16764604453546,0,43664,Healthy
1,0.18636840407805316,0,43663,Healthy
1,0.10827136720613584,0,43660,Medium
1,0.005242353586500825,0,43653,Low
1,0.1811713993653899,0,43653,Medium
1,0.16198069581338137,0,43646,Healthy
1,0.14559894806815127,0,43635,Healthy
1,0.049222983439743184,0,43632,Healthy
1,0.0038761350471741007,0,43622,Healthy
1,0.06283593356628409,0,43607,Medium
1,0.11556396462307977,0,43607,Medium
1,0.15249768203788344,0,43587,Healthy
1,0.14648875333020023,0,43584,Medium
1,0.19005813642731129,0,43584,Medium
1,0.09612455559871474,0,43552,Medium
1,0.08478828332085186,0,43547,Medium
1,0.15553023207962424,0,43546,Medium
1,0.11369961190668793,0,43525,Medium
1,0.14292341620265198,0,43517,Medium
1,0.11162731761228323,0,43510,Medium
1,0.1849176197268163,0,43503,Healthy
1,0.1870442371611008,0,43501,Healthy
1,0.09953232387907046,0,43497,Medium
1,0.017532814098609184,0,43489,Low
1,0.12203222738607011,0,43489,Medium
1,0.12790496969301657,0,43489,Medium
1,0.19193289012705134,0,43487,Medium
1,0.16437645615190083,0,43483,Healthy
1,0.16183201457943142,0,43466,Healthy
1,0.0535028646611192,0,43466,Healthy
1,0.013259998407969875,0,43458,Healthy
1,0.1177063321365146,0,43447,Medium
1,0.07125528855007435,0,43443,Medium
1,0.05407690642063112,0,43432,Medium
1,0.16838768661577203,0,43424,Healthy
1,0.18502226657435927,0,43421,Medium
1,0.10124489093057915,0,43383,Medium
1,0.11162731761228323,0,43381,Medium
1,0.1745027755737536,0,43380,Medium
1,0.12241042061993451,0,43359,Medium
1,0.13533890643166563,0,43350,Medium
1,0.11162731761228323,0,43344,Medium
1,0.18667671862040586,0,43341,Healthy
1,0.1904663744419559,0,43336,Healthy
1,0.11623360591079201,0,43324,Medium
1,0.019246630930818576,0,43323,Low
1,0.1414990509528366,0,43323,Medium
1,0.15177333666197484,0,43323,Medium
1,0.18510901133455188,0,43320,Medium
1,0.17245447921228801,0,43314,Healthy
1,0.15792410189703843,0,43307,Healthy
1,0.13697452141052102,0,43300,Healthy
1,0.010965005002984474,0,43298,Medium
1,0.03916946660962217,0,43296,Healthy
1,0.016255448528372463,0,43295,Healthy
1,0.003941607374222,0,43294,Healthy
1,0.1220660020579249,0,43287,Medium
1,0.09012075866253577,0,43259,Medium
1,0.1687610318290782,0,43258,Healthy
1,0.16737405956215812,0,43257,Medium
1,0.18811105286550434,0,43216,Medium
1,0.11092294617852039,0,43215,Medium
1,0.08839154869904076,0,43213,Medium
1,0.12705807435362454,0,43195,Medium
1,0.1239983433333815,0,43190,Medium
1,0.17218633758526986,0,43178,Healthy
1,0.11092294617852039,0,43178,Medium
1,0.16797683388879125,0,43173,Healthy
1,0.002950997851283388,0,43155,Low
1,0.15252128572545032,0,43153,Medium
1,0.16496626123839636,0,43153,Medium
1,0.12140639388775482,0,43152,Medium
1,0.18680934326593923,0,43151,Medium
1,0.18487113547229922,0,43147,Healthy
1,0.16117109433587784,0,43142,Healthy
1,0.04903183499234176,0,43138,Medium
1,0.08211596082592898,0,43137,Healthy
-1,-0.011284438134997465,1,43133,Healthy
1,0.06573762913449588,0,43130,Healthy
-1,-0.008770468384586616,1,43126,Healthy
1,0.09329316037470331,0,43114,Medium
1,0.11464937398043057,0,43099,Medium
1,0.15686670939680986,0,43095,Healthy
1,0.18002454459531203,0,43091,Medium
1,0.051953828190797746,0,43052,Medium
1,0.17819953691156115,0,43050,Medium
1,0.09063936612115125,0,43045,Medium
1,0.1239535329676163,0,43035,Medium
1,0.1581256434361566,0,43024,Medium
1,0.18684762801852872,0,43015,Healthy
1,0.11092294617852039,0,43012,Low
1,0.19022385604880354,0,43010,Healthy
1,0.1791031237881322,0,42994,Medium
1,0.16776849739399358,0,42990,Medium
1,0.1786215962890586,0,42990,Medium
1,0.06682535841322262,0,42986,Healthy
-1,-0.004876303306290297,1,42985,Low
1,0.1776105921001203,0,42981,Healthy
1,0.03891500958396088,0,42981,Medium
1,0.09616147919876411,0,42980,Medium
1,0.12556131136451798,0,42976,Healthy
-1,-0.012431785158174335,1,42969,Healthy
1,0.05794806491427268,0,42965,Medium
1,0.04614780498241544,0,42964,Healthy
-1,-0.008673002298588806,1,42956,Healthy
1,0.1500955893486457,0,42938,Healthy
1,0.16678781319226493,0,42934,Medium
1,0.1327689980774387,0,42924,Medium
1,0.14161534344864557,0,42893,Medium
1,0.0813541169867184,0,42891,Medium
1,0.1435829403871816,0,42889,Medium
1,0.007736637823678061,0,42867,Medium
1,0.11974713064555592,0,42866,Medium
1,0.1854868240162435,0,42848,Healthy
1,0.09143435573200831,0,42842,Low
1,0.16746015674759718,0,42837,Healthy
1,0.18417495906216858,0,42825,Medium
1,0.16538340665525764,0,42824,Medium
1,0.17779074520198873,0,42824,Medium
1,0.06975586332751965,0,42823,Healthy
1,0.00030124313604129593,0,42823,Low
1,0.1031704796902207,0,42821,Medium
1,0.1911093872068173,0,42820,Healthy
1,0.1524516195810814,0,42810,Medium
1,0.13296407626625062,0,42810,Healthy
-1,-0.0031295587037810657,1,42801,Healthy
1,0.000632261670451495,0,42794,Healthy
1,0.010258533792576019,0,42791,Healthy
1,0.13924094417827865,0,42789,Medium
1,0.12262880932247916,0,42784,Healthy
1,0.16854636311997956,0,42768,Medium
1,0.18188741688283644,0,42761,Medium
1,0.18450853017475938,0,42726,Medium
1,0.10929478021251443,0,42725,Medium
1,0.13953437655694423,0,42722,Medium
1,0.06773473666523455,0,42709,Medium
1,0.15309886259108235,0,42701,Medium
1,0.18647159909977984,0,42685,Healthy
1,0.17698639851080739,0,42674,Healthy
1,0.09143435573200831,0,42673,Low
-1,-0.005691884271707748,1,42664,Low
1,0.16734999671831563,0,42660,Healthy
1,0.14763379612017968,0,42658,Medium
1,0.18068495894486442,0,42658,Medium
1,0.18671056335128972,0,42657,Medium
1,0.1758055977976405,0,42657,Medium
1,0.18704422584369212,0,42657,Healthy
1,0.05004985667059492,0,42644,Healthy
1,0.1450811798644805,0,42644,Medium
-1,-0.02227236321232695,1,42633,Healthy
1,0.14470071272956925,0,42628,Healthy
-1,-0.013580918069871828,1,42624,Healthy
1,0.133600233689535,0,42624,Healthy
1,0.16248544479124072,0,42617,Medium
1,0.11747132752753603,0,42614,Medium
1,0.17137193332962924,0,42588,Medium
1,0.19625423220944188,0,42563,Medium
1,0.15546406953451708,0,42562,Medium
1,0.17173034777891066,0,42553,Medium
1,0.06541020086909938,0,42549,Medium
1,0.15145573040271237,0,42538,Medium
1,0.1893624157036296,0,42522,Healthy
1,0.0813541169867184,0,42519,Low
1,0.1766642681029923,0,42508,Healthy
1,0.13724823095564698,0,42506,Healthy
-1,-0.014841409143055428,1,42496,Low
1,0.1964192388083728,0,42493,Healthy
1,0.1593713157351525,0,42491,Medium
1,0.16729364096515964,0,42491,Medium
1,0.1561703264484675,0,42491,Medium
1,0.1840607063742999,0,42489,Medium
1,0.14447495596513876,0,42487,Medium
1,0.10528974642592748,0,42480,Healthy
-1,-0.04792857693603669,1,42476,Healthy
1,0.04090509833490796,0,42471,Healthy
1,0.09216581687994962,0,42459,Medium
-1,-0.0031188672562139086,1,42458,Healthy
1,0.15935742464058256,0,42457,Healthy
1,0.17494257504760924,0,42445,Medium
1,0.13512661142299615,0,42416,Medium
1,0.19505433584674642,0,42397,Medium
1,0.12965773344342174,0,42389,Medium
1,0.17071143900520652,0,42387,Medium
1,0.12846970497692295,0,42383,Medium
1,0.14434458595629918,0,42374,Medium
1,0.0813541169867184,0,42365,Low
1,0.17065805658547162,0,42356,Healthy
1,0.18603530600068147,0,42339,Healthy
1,0.1629750173194215,0,42336,Healthy
1,0.14962048746313095,0,42330,Medium
1,0.18202413595645683,0,42328,Medium
1,0.17214689431838304,0,42328,Medium
1,0.1970045594988145,0,42326,Healthy
-1,-0.01502920146281006,1,42326,Low
1,0.1560945472458551,0,42325,Medium
1,0.17817073229332436,0,42320,Medium
1,0.13089814764644653,0,42317,Healthy
-1,-0.030577624414350635,1,42308,Healthy
-1,-0.011094215497404858,1,42299,Healthy
1,0.15040242852294594,0,42292,Medium
1,0.15457692526300365,0,42291,Healthy
-1,-0.0058985102506216025,1,42282,Healthy
1,0.1466578809339873,0,42275,Medium
1,0.1723110586944389,0,42259,Medium
-1,-0.043998062210552136,1,42241,Medium
1,0.1665058195373661,0,42227,Medium
1,0.12751209675173725,0,42220,Medium
1,0.1222474622612123,0,42216,Medium
1,0.12666983971420542,0,42214,Medium
1,0.10929478021251443,0,42199,Low
1,0.17172491082748542,0,42186,Healthy
1,0.17353706353593146,0,42173,Healthy
1,0.1431728280242751,0,42173,Healthy
1,0.17119155127584584,0,42165,Medium
1,0.14971857105131997,0,42164,Medium
-1,-0.007598100011253273,1,42164,Low
1,0.18021400020474765,0,42160,Healthy
1,0.09762553228485477,0,42159,Medium
1,0.10616167740516236,0,42159,Medium
1,0.1427290255453052,0,42157,Medium
1,0.1408612406297144,0,42154,Healthy
-1,-0.006748624046770901,1,42148,Healthy
-1,-0.0034466965267877514,1,42137,Healthy
1,0.14074366198120614,0,42125,Healthy
1,0.15160045508559816,0,42125,Medium
1,0.1360949674530874,0,42119,Healthy
1,0.17193756531580734,0,42109,Medium
1,0.13723629493946526,0,42093,Medium
1,0.0020504115924578903,0,42073,Medium
1,0.10813569435345693,0,42057,Medium
1,0.08191411180360336,0,42057,Medium
1,0.16000941774751137,0,42054,Medium
1,0.1755423618790254,0,42054,Medium
1,0.10929478021251443,0,42032,Low
1,0.1713681854575927,0,42023,Healthy
1,0.13774303462088927,0,42010,Healthy
1,0.1688047795723372,0,42004,Healthy
1,0.16823186708607818,0,42003,Healthy
1,0.13700051144989822,0,41997,Medium
1,0.1705144558631515,0,41996,Medium
-1,-0.023141431319291694,1,41994,Low
1,0.1308605809224524,0,41989,Medium
1,0.14109469144162562,0,41989,Medium
1,0.13816758033566612,0,41987,Healthy
1,0.13079445778866405,0,41984,Medium
-1,-0.02687060777299566,1,41980,Healthy
1,0.12189194979971113,0,41971,Healthy
-1,-0.03177938423870863,1,41959,Healthy
1,0.13695911297333108,0,41959,Medium
1,0.17170771977015725,0,41956,Healthy
1,0.15010833737489326,0,41937,Medium
1,0.18651401758516883,0,41923,Medium
1,0.040465926157478016,0,41914,Medium
1,0.04111915890578155,0,41905,Medium
1,0.18789563913773621,0,41891,Medium
1,0.17976515739698357,0,41891,Medium
1,0.14716028793961244,0,41882,Medium
1,0.15546406953451708,0,41869,Low
1,0.025307179344618902,0,41868,Healthy
1,0.14056512709337343,0,41860,Healthy
1,0.1408612828245992,0,41849,Healthy
1,0.18112790266516227,0,41843,Healthy
1,0.16993042257396118,0,41840,Healthy
1,0.11886877793046868,0,41837,Medium
1,0.17686316117486678,0,41829,Medium
-1,-0.01218032007899228,1,41828,Low
1,0.032433951576720466,0,41824,Healthy
1,0.12742242515895663,0,41823,Medium
1,0.11743127021354144,0,41823,Medium
1,0.14863483609440475,0,41821,Medium
1,0.09517483222170403,0,41814,Healthy
1,0.19131503631336233,0,41805,Healthy
1,0.12244765265906621,0,41802,Medium
1,0.10128427887315444,0,41798,Healthy
1,0.17753397070962662,0,41789,Healthy
1,0.18087623632914396,0,41773,Medium
1,0.19508612664139052,0,41757,Medium
1,0.04015772210539015,0,41753,Medium
1,0.1765644389587292,0,41738,Medium
1,0.17246678689865408,0,41734,Medium
1,0.0530039798245,0,41731,Medium
1,0.16247706116943844,0,41720,Medium
1,0.15546406953451708,0,41706,Low
1,0.15788148354736092,0,41705,Healthy
1,0.1545372974920064,0,41703,Healthy
1,0.02810565657417541,0,41696,Healthy
1,0.16587304284216337,0,41689,Healthy
1,0.14600496861248652,0,41685,Healthy
1,0.13833189730387674,0,41683,Healthy
-1,-0.019013124906347212,1,41668,Low
1,0.1259877711484489,0,41665,Medium
1,0.15192392408025546,0,41663,Medium
1,0.1616789147817842,0,41663,Medium
1,0.1608033707675109,0,41663,Medium
1,0.05536529007052449,0,41658,Healthy
1,0.1573394568636291,0,41658,Medium
1,0.10743290025857644,0,41647,Healthy
1,0.11868366860816887,0,41641,Healthy
1,0.1237699757295253,0,41635,Medium
1,0.18048816172196974,0,41635,Healthy
1,0.17147074780634697,0,41623,Healthy
1,0.14145811245409934,0,41595,Medium
1,0.03759301342659438,0,41594,Medium
1,0.1822572048443381,0,41591,Medium
1,0.17414166338560977,0,41572,Medium
1,0.03580453150444951,0,41569,Medium
1,0.1751729574509907,0,41565,Medium
1,0.09083667397457029,0,41558,Medium
1,0.1848446454533077,0,41544,Healthy
1,0.12965773344342174,0,41534,Low
1,0.14181759302985764,0,41534,Healthy
1,0.05950877483776795,0,41530,Healthy
1,0.19752498983422645,0,41526,Healthy
1,0.05406676549369338,0,41518,Healthy
1,0.15623904178577142,0,41516,Healthy
-1,-0.011559796951629453,1,41507,Low
1,0.16349030533502268,0,41503,Medium
1,0.13611321412328053,0,41500,Medium
1,0.14586521617907372,0,41500,Medium
1,0.14262105063993902,0,41497,Healthy
1,0.1438718412126232,0,41493,Medium
1,0.1181740898436689,0,41489,Medium
1,0.09176932166980256,0,41478,Medium
1,0.07351298102698989,0,41475,Healthy
1,0.0888517521250265,0,41471,Healthy
1,0.18383696692380747,0,41469,Healthy
1,0.106846178448469,0,41454,Healthy
1,0.04259214274905321,0,41432,Medium
1,0.1889423648213922,0,41431,Medium
1,0.1647978583025667,0,41429,Medium
1,0.16563127877872058,0,41415,Medium
1,0.10669834639525166,0,41412,Medium
1,0.11823277800948917,0,41398,Medium
1,0.12203222738607011,0,41386,Medium
1,0.17788655993333868,0,41378,Healthy
1,0.07057277689851987,0,41364,Healthy
1,0.12102923386990805,0,41364,Healthy
1,0.12965773344342174,0,41361,Low
1,0.1950860271598599,0,41360,Healthy
1,0.05088061540062072,0,41355,Healthy
1,0.08823664547392346,0,41343,Healthy
1,0.15572542992970861,0,41332,Medium
1,0.12760037944194302,0,41332,Medium
1,0.1374048077369628,0,41332,Medium
1,0.11236897168195137,0,41329,Medium
-1,-0.040113155358766694,1,41329,Low
1,0.14591548045544528,0,41328,Healthy
1,0.15733009309029689,0,41325,Medium
1,0.1015584865459132,0,41318,Medium
1,0.1057478500768868,0,41312,Healthy
1,0.18631393805239355,0,41306,Healthy
1,0.12074210816757824,0,41305,Healthy
1,0.14363659881376423,0,41291,Healthy
1,0.04413351595305459,0,41273,Medium
1,0.19185333967077983,0,41268,Medium
1,0.17623883166940063,0,41259,Medium
1,0.09996440280366647,0,41258,Medium
1,0.10688564418271917,0,41254,Medium
1,0.1360119977405081,0,41223,Medium
1,0.1414990509528366,0,41220,Medium
1,0.1915718230275933,0,41218,Healthy
1,0.18048723699771896,0,41203,Healthy
1,0.07346385285828005,0,41200,Healthy
1,0.09018022091230443,0,41195,Healthy
1,0.10042470254705771,0,41192,Healthy
1,0.12749664414430528,0,41192,Low
1,0.1574673909740717,0,41186,Healthy
1,0.12997964138298873,0,41174,Medium
1,0.13832046668684372,0,41174,Medium
1,0.1353827648645866,0,41174,Medium
1,0.11524089924875608,0,41168,Low
1,0.14465200809704254,0,41165,Healthy
1,0.11807065614911089,0,41161,Medium
1,0.08983501611852174,0,41160,Medium
1,0.13942151990948798,0,41156,Medium
1,0.09272007195429616,0,41152,Healthy
1,0.1803632407545217,0,41140,Healthy
1,0.10550430873341743,0,41133,Healthy
1,0.15336054252968773,0,41124,Healthy
1,0.0479551404642814,0,41108,Medium
1,0.18996372226661562,0,41101,Medium
1,0.11712255777023539,0,41101,Medium
1,0.1877595533884559,0,41096,Medium
1,0.1523410124131946,0,41094,Medium
1,0.1841201332993419,0,41059,Medium
1,0.18714929795745422,0,41054,Healthy
1,0.15252128572545032,0,41051,Medium
1,0.19782354524371948,0,41039,Healthy
1,0.030658068488431334,0,41037,Healthy
1,0.03596269118614559,0,41028,Healthy
1,0.03717175861223454,0,41026,Healthy
1,0.12749664414430528,0,41023,Low
1,0.11055416578274507,0,41019,Healthy
1,0.13373938264061558,0,41010,Low
1,0.147958215234741,0,41008,Medium
1,0.13718698891380193,0,41008,Medium
1,0.15896344225007653,0,41008,Medium
1,0.14753308801711046,0,40999,Healthy
1,0.10531413534790685,0,40995,Medium
1,0.10623714748518248,0,40991,Medium
1,0.14694023371242237,0,40990,Medium
1,0.08947765804967256,0,40982,Healthy
1,0.1392070349408046,0,40969,Healthy
1,0.12733401296185742,0,40967,Healthy
1,0.13824880293069486,0,40967,Healthy
1,0.04621982592239615,0,40948,Medium
1,0.18961336999485012,0,40941,Medium
1,0.15041892144937846,0,40941,Medium
1,0.15044260430501405,0,40934,Medium
1,0.1866127037199003,0,40930,Medium
1,0.19652163696162162,0,40890,Healthy
1,0.16776849739399358,0,40887,Medium
1,0.17260393606402563,0,40887,Medium
1,0.16721472393482262,0,40885,Healthy
1,0.11170318527154255,0,40880,Healthy
1,0.07557355717433756,0,40864,Healthy
1,0.14270963296062134,0,40859,Healthy
1,0.04238433049522694,0,40857,Healthy
1,0.1755423618790254,0,40856,Low
1,0.15921787576505253,0,40848,Medium
1,0.16693367042444085,0,40848,Medium
1,0.16291317540953903,0,40848,Medium
1,0.10644781719612267,0,40841,Low
1,0.06992575589208228,0,40838,Medium
1,0.131951444627945,0,40829,Healthy
1,0.11782594233637578,0,40824,Medium
1,0.12133357379975968,0,40824,Medium
1,0.09127004986358356,0,40811,Healthy
1,0.10005390802678865,0,40803,Healthy
1,0.17696235880684497,0,40801,Healthy
1,0.13509984670534014,0,40795,Healthy
1,0.030865648951507008,0,40791,Medium
1,0.1281979173085182,0,40780,Medium
1,0.15292606371129647,0,40778,Medium
1,0.18959254623503485,0,40772,Medium
1,0.19682766256385148,0,40764,Medium
1,0.1824115478701976,0,40728,Healthy
1,0.19734196176937235,0,40724,Healthy
1,0.16538340665525764,0,40721,Medium
1,0.139273129623452,0,40715,Medium
1,0.06348027629186315,0,40714,Healthy
1,0.06143180048338215,0,40696,Healthy
1,0.1755423618790254,0,40690,Low
1,0.1075934900394816,0,40690,Healthy
1,0.13843472299658244,0,40687,Healthy
1,0.1261466385648356,0,40682,Medium
1,0.13930504973389823,0,40682,Medium
1,0.13340955365952106,0,40682,Medium
1,0.13847839347341068,0,40675,Low
1,0.12449787911550947,0,40669,Healthy
1,0.09719860841180145,0,40668,Medium
1,0.11477433609666082,0,40661,Medium
1,0.12307108688780194,0,40657,Medium
1,0.07106886042120003,0,40644,Healthy
1,0.12940856623452807,0,40634,Healthy
1,0.1727290627721048,0,40632,Healthy
1,0.10248137996793727,0,40627,Medium
1,0.08560629336229153,0,40625,Medium
1,0.11982939747692384,0,40625,Healthy
1,0.15583024247346905,0,40611,Medium
1,0.16971314988192387,0,40599,Medium
1,0.1797617895455499,0,40597,Medium
1,0.18110842694739693,0,40571,Healthy
1,0.18144743113885925,0,40558,Healthy
1,0.1733974623137985,0,40558,Medium
1,0.1758055977976405,0,40555,Medium
1,0.03538210825952348,0,40550,Healthy
1,0.07413751456273965,0,40533,Healthy
1,0.11220451977168366,0,40526,Healthy
1,0.16654249565572798,0,40520,Healthy
1,0.14674245632951083,0,40519,Low
1,0.09281200310328147,0,40518,Medium
1,0.08584368156811728,0,40518,Medium
1,0.07956800015738236,0,40518,Medium
1,0.06549068495136567,0,40508,Medium
1,0.13185739930467305,0,40503,Healthy
1,0.12452340741679435,0,40502,Low
1,0.10690193717741897,0,40492,Medium
1,0.13663839814417128,0,40488,Medium
1,0.15058206880544722,0,40481,Healthy
1,0.13389511821108707,0,40470,Healthy
1,0.10084152828215759,0,40464,Medium
1,0.10256950924771968,0,40462,Medium
1,0.1555163177276891,0,40459,Healthy
1,0.1485785630103783,0,40459,Healthy
1,0.1559256022007271,0,40444,Medium
1,0.19284935931275288,0,40434,Medium
1,0.18598033161229816,0,40430,Medium
1,0.1203557704540752,0,40426,Healthy
1,0.19242539973872208,0,40408,Healthy
1,0.16914845322819572,0,40401,Healthy
1,0.13943819636620897,0,40391,Medium
1,0.1593713157351525,0,40389,Medium
1,0.08816154593642411,0,40385,Healthy
1,0.0719620150313191,0,40369,Healthy
1,0.18763504835679462,0,40355,Medium
1,0.1832136350169905,0,40355,Medium
1,0.18996920223143027,0,40355,Medium
1,0.1673942266416334,0,40354,Healthy
1,0.08378862505936535,0,40351,Healthy
1,0.14674245632951083,0,40347,Low
1,0.04568349801793525,0,40345,Medium
1,0.15972032756393406,0,40339,Low
1,0.14769964994728935,0,40336,Healthy
1,0.1308430694607856,0,40326,Medium
1,0.14354259785768897,0,40322,Medium
1,0.14767580566440253,0,40315,Healthy
1,0.15937300229289547,0,40307,Healthy
1,0.116285339316753,0,40304,Medium
1,0.14681912787452278,0,40296,Healthy
1,0.09831571805855249,0,40292,Medium
1,0.15559710004854793,0,40290,Healthy
1,0.15047593300944145,0,40284,Medium
1,0.12515813652168617,0,40265,Medium
1,0.18287620934932286,0,40264,Medium
1,0.05813787707864798,0,40263,Healthy
1,0.19346734109621394,0,40242,Healthy
1,0.1820139610554462,0,40241,Healthy
1,0.17214689431838304,0,40226,Medium
1,0.1780765709191034,0,40225,Healthy
1,0.18958716559827127,0,40222,Medium
1,0.054945147208553924,0,40207,Healthy
1,0.05407690642063112,0,40195,Low
1,0.1768029279343225,0,40189,Medium
1,0.1847672694541741,0,40189,Medium
1,0.1815212968408132,0,40189,Medium
1,0.17063283302616267,0,40188,Healthy
1,0.03750624531744684,0,40186,Medium
1,0.10486255516218546,0,40185,Healthy
1,0.11860565172569854,0,40173,Low
1,0.09116862977531043,0,40170,Healthy
1,0.07409598953145186,0,40163,Medium
1,0.14263754037134269,0,40159,Medium
1,0.09953813717087495,0,40155,Healthy
1,0.15655468314969295,0,40141,Medium
1,0.1390629759554916,0,40139,Healthy
1,0.12867379404072593,0,40138,Healthy
1,0.10559863567009864,0,40135,Medium
1,0.15861487611520186,0,40124,Medium
1,0.1563066780164003,0,40121,Healthy
1,0.1926282792813767,0,40098,Medium
1,0.1558918289817663,0,40096,Medium
1,0.07116900943809201,0,40093,Healthy
1,0.16566713647683506,0,40087,Healthy
1,0.1745014073215504,0,40076,Healthy
1,0.19374396170756059,0,40061,Healthy
1,0.09762553228485477,0,40056,Medium
1,0.19764662601024469,0,40056,Medium
1,0.06237817382260158,0,40043,Healthy
1,0.05407690642063112,0,40043,Low
1,0.14867258658397892,0,40032,Medium
1,0.1572304256906893,0,40032,Medium
1,0.1532436669832145,0,40032,Medium
1,0.08939682706348506,0,40026,Medium
1,0.17761642320292476,0,40021,Healthy
1,0.07549800190046557,0,40021,Healthy
1,0.11062980873988687,0,40004,Healthy
1,0.14875792858409198,0,40003,Low
1,0.08489613251863626,0,39996,Medium
1,0.15807610888574053,0,39992,Healthy
1,0.11567188016349284,0,39986,Medium
1,0.11502805849396175,0,39981,Medium
1,0.1523410124131946,0,39981,Medium
1,0.11176648917568743,0,39977,Healthy
1,0.14376259147047205,0,39973,Healthy
1,0.16415198279117638,0,39961,Medium
1,0.15538735955838157,0,39951,Healthy
1,0.1866356680854694,0,39931,Medium
1,0.14079623601658925,0,39929,Medium
1,0.07552522957865132,0,39927,Healthy
1,0.19757070979296176,0,39924,Healthy
1,0.18696039255561148,0,39916,Healthy
1,0.11528632098725283,0,39907,Healthy
1,0.11619317031111426,0,39907,Healthy
1,0.11046213421305356,0,39907,Healthy
1,0.11122899491714411,0,39907,Healthy
1,0.18597070885475336,0,39898,Healthy
1,0.18485756258986263,0,39889,Medium
1,0.1308605809224524,0,39887,Medium
1,0.05000277845986889,0,39875,Healthy
1,0.0894569874486425,0,39871,Low
1,0.16208057332941272,0,39866,Low
1,0.1700554268094021,0,39866,Medium
1,0.16746567878592938,0,39866,Medium
1,0.07128286644427595,0,39863,Medium
1,0.16599218114285086,0,39858,Healthy
1,0.09827311646692205,0,39852,Healthy
1,0.1216513251142089,0,39843,Healthy
1,0.15156150740050411,0,39840,Low
1,0.11116331211876301,0,39830,Medium
1,0.1547130046211352,0,39828,Healthy
1,0.14864947507479376,0,39820,Medium
1,0.11597934285680916,0,39820,Medium
1,0.15044260430501405,0,39820,Medium
1,0.1309808245568631,0,39811,Healthy
1,0.15364252313021087,0,39807,Healthy
1,0.14367113470352594,0,39804,Medium
1,0.15822281111230208,0,39788,Healthy
1,0.17284654658102772,0,39769,Medium
1,0.185908477449022,0,39762,Medium
1,0.19513205867856726,0,39757,Healthy
1,0.17778636420496907,0,39756,Healthy
1,0.05189084949179268,0,39755,Healthy
1,0.14847853519907184,0,39747,Healthy
1,0.14812754602367195,0,39747,Healthy
1,0.1403517575282025,0,39747,Healthy
1,0.14224342376172583,0,39747,Healthy
1,0.1894501915816008,0,39738,Healthy
1,0.1919149647202011,0,39729,Medium
1,0.11743127021354144,0,39721,Medium
1,0.021282745256837488,0,39716,Healthy
1,0.15276112312384044,0,39706,Low
1,0.16108466132320248,0,39706,Medium
1,0.15922185929634491,0,39706,Medium
1,0.0798871582616762,0,39703,Medium
1,0.0894569874486425,0,39699,Low
1,0.18111902447229428,0,39695,Healthy
1,0.08160460009209375,0,39692,Healthy
1,0.12502285685747588,0,39677,Healthy
1,0.1694245779712933,0,39677,Low
1,0.1383412660506056,0,39668,Healthy
1,0.1281979173085182,0,39667,Medium
1,0.11034328227214107,0,39664,Medium
1,0.13042219857780796,0,39657,Medium
1,0.14520214412223748,0,39654,Medium
1,0.09404091890103156,0,39651,Healthy
1,0.12576322710721405,0,39650,Medium
1,0.1388032399145263,0,39638,Healthy
1,0.1488230270618418,0,39622,Medium
1,0.15974792237773083,0,39606,Medium
1,0.1807036368268114,0,39605,Medium
1,0.18039909412773142,0,39600,Healthy
1,0.18481839900190888,0,39592,Healthy
1,0.09016054107785071,0,39582,Healthy
1,0.14563331798660561,0,39580,Healthy
1,0.14462640786840064,0,39580,Healthy
1,0.13734058590040138,0,39580,Healthy
1,0.13978766889227534,0,39580,Healthy
1,0.15697986653780976,0,39578,Healthy
1,0.1948486874120381,0,39566,Medium
1,0.15192392408025546,0,39561,Medium
1,0.04724349352398627,0,39543,Healthy
1,0.17950684154216712,0,39539,Medium
1,0.17701540498635904,0,39539,Medium
1,0.1722678528610499,0,39539,Low
1,0.09645392239896139,0,39537,Medium
1,0.15976240715593715,0,39535,Low
1,0.18248329436283772,0,39532,Healthy
1,0.09442464853195282,0,39516,Healthy
1,0.13050137558152108,0,39508,Healthy
1,0.14253678278847742,0,39508,Healthy
1,0.14608043674598192,0,39507,Low
1,0.15583024247346905,0,39497,Medium
1,0.09231210869682188,0,39494,Medium
1,0.13274563306053905,0,39491,Healthy
1,0.14193286038135694,0,39491,Medium
1,0.19565525220043956,0,39487,Medium
1,0.03672210065122872,0,39484,Medium
1,0.15270421896893904,0,39468,Healthy
1,0.13037768932833382,0,39450,Medium
1,0.15273401970350475,0,39438,Medium
1,0.1972621228433587,0,39437,Healthy
1,0.18567065118955556,0,39436,Medium
1,0.1754327644637269,0,39435,Healthy
1,0.18703600500556805,0,39418,Healthy
1,0.14237680326031193,0,39417,Healthy
1,0.14081536880853834,0,39417,Healthy
1,0.13389611078974134,0,39417,Healthy
1,0.13574055577667293,0,39417,Healthy
1,0.07133199938804285,0,39413,Healthy
1,0.1928861057601231,0,39400,Medium
1,0.13611321412328053,0,39397,Medium
1,0.13204168633829466,0,39377,Medium
1,0.17657829915301126,0,39376,Medium
1,0.17084290774740402,0,39376,Low
1,0.1792544503564188,0,39376,Medium
1,0.05502631323823215,0,39375,Healthy
1,0.06354717827221523,0,39372,Low
1,0.15341153823878728,0,39368,Medium
1,0.09366435507841925,0,39353,Healthy
1,0.12848056938725078,0,39348,Healthy
1,0.12858501547594203,0,39347,Low
1,0.11026737878377535,0,39344,Healthy
1,0.08354393480109196,0,39340,Medium
1,0.11178516550537648,0,39333,Healthy
1,0.1559256022007271,0,39331,Medium
1,0.15136568844818593,0,39328,Medium
1,0.19184296293669972,0,39321,Medium
1,0.12306518657317611,0,39318,Medium
1,0.1494434001149273,0,39305,Healthy
1,0.031366600712371406,0,39283,Medium
1,0.16721472393482262,0,39283,Healthy
1,0.13208723122981553,0,39280,Medium
1,0.18519090409060912,0,39272,Healthy
1,0.1824417437431679,0,39269,Medium
1,0.1749003693067503,0,39255,Healthy
1,0.15119810682438706,0,39254,Healthy
1,0.15060493925823104,0,39254,Healthy
1,0.1418350943001876,0,39254,Healthy
1,0.14456612258772672,0,39254,Healthy
1,0.0499858509762402,0,39241,Healthy
1,0.19232679118215157,0,39240,Medium
1,0.12760037944194302,0,39229,Medium
1,0.17863759592820072,0,39213,Medium
1,0.1756505139707764,0,39213,Medium
1,0.16964714756614124,0,39213,Low
1,0.04692512882865629,0,39212,Healthy
1,0.13317222832108228,0,39210,Medium
1,0.13484356417175952,0,39202,Medium
1,0.13276804727179276,0,39200,Low
1,0.09376468049029585,0,39190,Healthy
1,0.15749841111482665,0,39188,Healthy
1,0.13624200269035197,0,39184,Healthy
1,0.14832741357917079,0,39181,Low
1,0.1084117952356421,0,39174,Medium
1,0.15047593300944145,0,39171,Medium
1,0.14713086184565533,0,39164,Medium
1,0.08990661333061062,0,39161,Healthy
1,0.10580351417652173,0,39161,Medium
1,0.18535665106394833,0,39160,Medium
1,0.1399872189550057,0,39148,Healthy
1,0.18132318721334106,0,39126,Healthy
1,0.08846661996325378,0,39114,Medium
1,0.13500048885255772,0,39111,Medium
1,0.11206428356231984,0,39103,Healthy
1,0.18677859137141434,0,39100,Medium
1,0.1922903859698265,0,39095,Healthy
1,0.14683310386806891,0,39090,Healthy
1,0.14792487574090235,0,39090,Healthy
1,0.1392527583336628,0,39090,Healthy
1,0.14173312529336152,0,39090,Healthy
1,0.04954583039769933,0,39075,Healthy
1,0.022446629514078498,0,39075,Medium
1,0.1940125367989634,0,39070,Medium
1,0.056688149674409605,0,39053,Medium
1,0.14715197533349206,0,39053,Low
1,0.15649350965561437,0,39053,Medium
1,0.153284692942684,0,39053,Medium
1,0.01284711831809826,0,39046,Healthy
1,0.1480219276688135,0,39034,Low
1,0.17868473440204297,0,39032,Medium
1,0.16163855564103635,0,39025,Healthy
1,0.10910938557754668,0,39020,Low
1,0.1416626912004409,0,39015,Healthy
1,0.052156911196045375,0,39011,Medium
1,0.1569828573676662,0,39011,Medium
1,0.15861487611520186,0,39011,Medium
1,0.15196313869742567,0,39001,Medium
1,0.17616006970928205,0,39000,Medium
1,0.1414709081114126,0,38995,Healthy
1,0.08513443850093488,0,38995,Medium
1,0.14303064228303747,0,38982,Healthy
1,0.17492918317775652,0,38969,Healthy
1,0.09793544654574982,0,38945,Medium
1,0.18431115217433275,0,38940,Healthy
1,0.11928035886584282,0,38938,Medium
1,0.18176450522393522,0,38932,Healthy
1,0.18139002809155508,0,38931,Medium
1,0.15264310239767004,0,38927,Healthy
1,0.15319472354693098,0,38927,Healthy
1,0.14503922099477468,0,38927,Healthy
1,0.14768063751028693,0,38927,Healthy
1,0.04433562541658487,0,38905,Healthy
1,0.08026937472952073,0,38905,Medium
1,0.17178922024173487,0,38898,Medium
1,0.1272197438739634,0,38896,Low
1,0.10000129857081075,0,38890,Low
1,0.11487175776241498,0,38890,Medium
1,0.10664081019035554,0,38890,Low
1,0.056908945768426644,0,38880,Healthy
1,0.15210404655909537,0,38870,Low
1,0.12029448483474164,0,38868,Medium
1,0.14895236882102852,0,38860,Low
1,0.16293647437823666,0,38859,Healthy
1,0.12380029707299095,0,38851,Healthy
1,0.16415198279117638,0,38848,Medium
1,0.06398056165486515,0,38842,Medium
1,0.1425788269161698,0,38841,Medium
1,0.12836115719718982,0,38839,Medium
1,0.10381102959895566,0,38836,Medium
1,0.14524989532620214,0,38831,Healthy
1,0.10487241701219313,0,38822,Medium
1,0.13688389198827766,0,38820,Healthy
1,0.19136625652411404,0,38806,Healthy
1,0.17684094164659564,0,38777,Healthy
1,0.049992638632628816,0,38776,Medium
1,0.14783049250157437,0,38768,Medium
1,0.1629892917622623,0,38768,Healthy
1,0.14311153039957214,0,38767,Healthy
1,0.14468341066027307,0,38767,Healthy
1,0.13571011747030792,0,38767,Healthy
1,0.1380179257702871,0,38767,Healthy
1,0.101361248005916,0,38766,Medium
1,0.05602836096987496,0,38739,Healthy
1,0.09145148282698712,0,38736,Medium
1,0.14160391495396035,0,38736,Low
1,0.17956929864969795,0,38730,Low
1,0.1868713705927474,0,38730,Low
1,0.18433721919577933,0,38730,Low
1,0.1894196070693207,0,38729,Medium
1,0.04172035713750988,0,38716,Healthy
1,0.08963565452963157,0,38705,Medium
1,0.12719620943296667,0,38703,Low
1,0.13552726737500842,0,38701,Low
1,0.14367113470352594,0,38691,Medium
1,0.13009435928523055,0,38688,Healthy
1,0.1493660050053478,0,38686,Healthy
1,0.11348730242132776,0,38679,Medium
1,0.113438025958438,0,38676,Medium
1,0.13146886011376868,0,38674,Medium
1,0.12714780066479897,0,38669,Medium
1,0.1319785016091769,0,38665,Healthy
1,0.17333280509185678,0,38664,Healthy
1,0.060869824301855335,0,38656,Medium
1,0.19346734109621394,0,38640,Healthy
1,0.16787736835329536,0,38611,Healthy
1,0.1801550849754161,0,38610,Healthy
1,0.0819301028810202,0,38606,Low
1,0.13297591621673227,0,38600,Healthy
1,0.13505813777536374,0,38600,Healthy
1,0.12662812110767846,0,38600,Healthy
1,0.12875282950211098,0,38600,Healthy
1,0.1302606526165515,0,38597,Medium
1,0.13406705508130734,0,38595,Medium
1,0.05461922643000505,0,38576,Healthy
1,0.18010942561388738,0,38570,Low
1,0.046907999332886696,0,38567,Medium
1,0.18288245123267044,0,38566,Low
1,0.17731688458859785,0,38566,Low
1,0.17149323980198017,0,38566,Low
1,0.18530143433040397,0,38562,Medium
1,0.1318902437634093,0,38548,Medium
-1,-0.014909399440725002,1,38546,Healthy
1,0.12815571775750978,0,38538,Low
1,0.12576322710721405,0,38537,Medium
1,0.10394516112558971,0,38531,Low
1,0.14745291965864427,0,38529,Healthy
1,0.11008937416354314,0,38522,Healthy
1,0.16383042017418464,0,38516,Medium
1,0.14650646352010083,0,38511,Medium
1,0.0899757762815066,0,38509,Medium
1,0.18177869370375682,0,38504,Healthy
1,0.17440060300213373,0,38503,Medium
1,0.13134259211826116,0,38496,Healthy
1,0.1005060342418942,0,38493,Medium
1,0.1745014073215504,0,38473,Healthy
1,0.1570797885252176,0,38453,Healthy
1,0.1688844295634827,0,38439,Healthy
1,0.18937051981527275,0,38437,Low
1,0.1470960259161599,0,38437,Healthy
1,0.14744485821438302,0,38437,Healthy
1,0.138960973736998,0,38437,Healthy
1,0.14073968612143123,0,38437,Healthy
1,0.13270647163718235,0,38434,Medium
1,0.15294290566119734,0,38432,Medium
1,0.058498901014315485,0,38410,Healthy
1,0.17305259845688625,0,38410,Low
1,0.16998491743495808,0,38403,Low
1,0.16392556203706693,0,38403,Low
1,0.17474311294133177,0,38403,Low
1,0.0778488607235408,0,38398,Medium
1,0.19500552346319094,0,38396,Medium
1,0.17436141412551115,0,38384,Medium
1,0.04202557999056378,0,38382,Healthy
1,0.19565525220043956,0,38373,Medium
1,0.09974479944074227,0,38366,Low
1,0.15825116076573897,0,38364,Low
1,0.1489929733567688,0,38360,Healthy
1,0.12423310491423079,0,38356,Healthy
1,0.1254833239425419,0,38354,Medium
1,0.1786785670768864,0,38350,Medium
1,0.19278861794777497,0,38341,Healthy
1,0.08246618709905712,0,38340,Medium
1,0.14550461864286046,0,38331,Medium
1,0.1440802967790692,0,38329,Healthy
1,0.07498079956523418,0,38320,Medium
1,0.18696039255561148,0,38313,Healthy
1,0.030374147042938837,0,38313,Healthy
1,0.17761992259164527,0,38290,Healthy
1,0.12587960304061258,0,38280,Healthy
1,0.12795500709791502,0,38280,Healthy
1,0.12046551314470494,0,38280,Healthy
1,0.12248114237261676,0,38280,Healthy
1,0.16100711352988745,0,38269,Medium
1,0.14031808220126196,0,38265,Low
1,0.11670615089236025,0,38261,Medium
1,0.13567288586022347,0,38249,Low
1,0.12904405993305507,0,38249,Low
1,0.1380154610377915,0,38249,Low
1,0.044284265773415155,0,38240,Healthy
1,0.12494223827480727,0,38237,Low
1,0.18920004336509655,0,38230,Medium
1,0.1806181807866652,0,38228,Medium
1,0.06291939040130273,0,38223,Medium
1,0.06231600769326895,0,38218,Healthy
1,0.19184296293669972,0,38207,Medium
1,0.16382788474590737,0,38201,Low
1,0.13964395778060545,0,38199,Low
1,0.14585881168796044,0,38191,Medium
1,0.15177634471992246,0,38190,Healthy
1,0.12314775263601418,0,38183,Healthy
1,0.1377814313752529,0,38183,Medium
1,0.05396920893119839,0,38180,Medium
1,0.1927352232528694,0,38178,Healthy
1,0.09000763646639243,0,38174,Medium
1,0.10528229383638932,0,38173,Healthy
1,0.09330975588200302,0,38166,Healthy
1,0.09425624626932494,0,38157,Medium
1,0.17778636420496907,0,38153,Healthy
1,0.17235270258674623,0,38121,Healthy
1,0.14691231153858653,0,38117,Healthy
1,0.14761698406190193,0,38117,Healthy
1,0.13986459860953188,0,38117,Healthy
1,0.14163945168217623,0,38117,Healthy
1,0.11867176004798041,0,38099,Medium
1,0.12346819445081647,0,38095,Medium
1,0.17300756553484448,0,38092,Low
1,0.15698416645456997,0,38083,Low
1,0.16938029328493331,0,38083,Low
1,0.16408391257121346,0,38083,Low
1,0.06982456061794168,0,38074,Healthy
1,0.15740785251917716,0,38068,Low
1,0.18953378590941972,0,38061,Medium
1,0.15008605261348829,0,38059,Medium
1,0.13170409584748682,0,38056,Medium
1,0.016110649220682505,0,38050,Healthy
1,0.18535665106394833,0,38047,Medium
1,0.14557637650624977,0,38036,Low
1,0.1486997713060032,0,38035,Low
1,0.11347210356590437,0,38030,Medium
1,0.15375894532415502,0,38024,Healthy
1,0.14629598417662293,0,38024,Medium
1,0.11565432110068358,0,38021,Healthy
1,0.11788803042752666,0,38020,Healthy
1,0.04924732532283271,0,38010,Medium
1,0.17963772108762438,0,38008,Medium
1,0.08968005512906391,0,38007,Medium
1,0.13697148505148937,0,38000,Healthy
1,0.10322603770046168,0,37991,Medium
1,0.18481839900190888,0,37990,Healthy
1,0.15373989931079418,0,37961,Healthy
1,0.11467828846369205,0,37956,Healthy
1,0.1137751597177506,0,37956,Healthy
1,0.10485398080691216,0,37956,Healthy
1,0.10765975147002305,0,37956,Healthy
1,0.15677628113638187,0,37936,Medium
1,0.1813358977308716,0,37926,Low
1,0.07773231499098537,0,37918,Medium
1,0.16354212170523363,0,37917,Low
1,0.17634388797928957,0,37917,Low
1,0.17079649330072416,0,37917,Low
1,0.14316797937825065,0,37914,Low
1,0.05062597866749152,0,37908,Healthy
1,0.18416170297700135,0,37904,Medium
1,0.16353768788965556,0,37899,Medium
1,0.17616006970928205,0,37887,Medium
1,0.16334796109482658,0,37884,Medium
1,0.010618941043938235,0,37882,Healthy
1,0.12184199251485273,0,37870,Low
1,0.12114899439508886,0,37867,Medium
1,0.15458040632927822,0,37867,Medium
1,0.14929508374920358,0,37865,Low
1,0.14714981673662325,0,37863,Healthy
1,0.1647321164777672,0,37858,Healthy
1,0.05202256108425751,0,37853,Healthy
1,0.05954316313152713,0,37847,Medium
1,0.19511813776780484,0,37845,Medium
1,0.1632110105324337,0,37844,Medium
1,0.1753734981137528,0,37833,Healthy
1,0.13988752461604936,0,37833,Healthy
1,0.09594793574781446,0,37826,Medium
1,0.173355450690181,0,37801,Healthy
1,0.12194108823581634,0,37793,Healthy
1,0.12237126916912477,0,37793,Healthy
1,0.11236139960428582,0,37793,Healthy
1,0.11473045366958295,0,37793,Healthy
1,0.13955639130232972,0,37767,Medium
1,0.1073056077755854,0,37760,Low
1,0.16540696591642928,0,37760,Low
1,0.14687845085640844,0,37754,Medium
1,0.1677639093442373,0,37754,Low
1,0.17913398877891784,0,37754,Low
1,0.17434362052382912,0,37754,Low
1,0.1694994076764429,0,37736,Medium
1,0.014783200837525046,0,37735,Healthy
1,0.1884574433684042,0,37734,Medium
1,0.10381102959895566,0,37723,Medium
1,0.1706209311218368,0,37721,Healthy
1,0.17374487049882437,0,37717,Medium
1,0.00326186057929434,0,37714,Healthy
1,0.1323941812067257,0,37704,Medium
1,0.11886145559981903,0,37704,Low
1,0.17545819726322198,0,37704,Medium
1,0.16091297328737142,0,37699,Low
1,0.15028984902142778,0,37695,Healthy
1,0.19711226252703873,0,37692,Healthy
1,0.18879411172058286,0,37685,Medium
1,0.13150606252864933,0,37683,Healthy
1,0.06690333855277619,0,37681,Medium
1,0.07719906911489782,0,37679,Healthy
1,0.09962963619823173,0,37675,Medium
1,0.18519090409060912,0,37670,Healthy
1,0.10029352200925651,0,37656,Medium
1,0.14479144271333944,0,37647,Healthy
1,0.1338046956717865,0,37630,Healthy
1,0.13340511518497483,0,37630,Healthy
1,0.12460820234963021,0,37630,Healthy
1,0.1269677786472494,0,37630,Healthy
1,0.1704453443766012,0,37603,Low
1,0.14882569591495132,0,37601,Medium
1,0.18972027568723676,0,37600,Low
1,0.1737517503870984,0,37591,Medium
1,0.19361938574313448,0,37590,Low
1,0.1868875004181833,0,37590,Low
1,0.18161079270981528,0,37590,Low
1,0.14780006319944677,0,37582,Medium
1,0.14988303631076988,0,37572,Healthy
1,0.18460247789545375,0,37568,Medium
1,0.11348730242132776,0,37566,Medium
1,0.15165338718726146,0,37552,Healthy
1,0.1580967612892587,0,37551,Medium
1,0.04286495041664895,0,37550,Healthy
1,0.1142076826433952,0,37544,Low
1,0.11824035463641841,0,37540,Medium
1,0.18013375817120147,0,37538,Medium
1,0.10843405325799504,0,37536,Low
1,0.17834896667449707,0,37533,Healthy
1,0.13845893977276053,0,37520,Healthy
1,0.1687736581594036,0,37519,Healthy
1,0.18936575071075085,0,37519,Medium
1,0.12803132868808564,0,37516,Healthy
1,0.13586684534184518,0,37509,Medium
1,0.08810444426133957,0,37508,Medium
1,0.11206428356231984,0,37501,Healthy
1,0.08851870710472143,0,37486,Medium
1,0.16183371245540157,0,37477,Healthy
1,0.11903775358796742,0,37466,Healthy
1,0.11943993610124931,0,37466,Healthy
1,0.10998764115878301,0,37466,Healthy
1,0.11231949821189047,0,37466,Healthy
1,0.17445065463282622,0,37446,Low
1,0.12056070898025323,0,37434,Medium
1,0.1369967243597105,0,37432,Low
1,0.12893573046746165,0,37432,Low
1,0.11822203596448816,0,37432,Low
1,0.1819710427438968,0,37427,Low
1,0.14747616343504377,0,37425,Medium
1,0.04285417876518516,0,37415,Healthy
1,0.13498302458506622,0,37415,Medium
1,0.16383042017418464,0,37403,Medium
1,0.18845857355934392,0,37399,Medium
1,0.1818275272029814,0,37391,Medium
1,0.15369545276076862,0,37388,Healthy
1,0.15314926522969313,0,37381,Medium
1,0.10264879027340634,0,37380,Low
1,0.15633656690237974,0,37379,Healthy
1,0.08261065941325596,0,37377,Healthy
1,0.05530783308089904,0,37374,Medium
1,0.15131075934214977,0,37369,Low
1,0.13859297303133683,0,37357,Healthy
1,0.18597579817226229,0,37356,Medium
1,0.1303086344437166,0,37353,Healthy
1,0.18377281288878483,0,37353,Healthy
1,0.1088622272973136,0,37345,Medium
1,0.15155899023221342,0,37342,Medium
1,0.18427880824994491,0,37337,Healthy
1,0.05402251963543181,0,37325,Medium
1,0.13552469975849502,0,37311,Healthy
1,0.05625636115437077,0,37300,Healthy
1,0.06160111395050505,0,37300,Healthy
1,0.05136282598061337,0,37300,Healthy
1,0.053268388686309565,0,37300,Healthy
1,0.1896593323654106,0,37280,Low
1,0.12221004666043078,0,37268,Medium
1,0.1655399641726535,0,37266,Low
1,0.15555928505446476,0,37266,Low
1,0.17336227494940737,0,37266,Low
1,0.19878840499977363,0,37264,Low
1,0.17479333048622814,0,37262,Medium
1,0.17404723369796443,0,37249,Medium
1,0.1786785670768864,0,37236,Medium
1,0.1821644532860467,0,37229,Medium
-1,-0.002734622584997237,1,37226,Healthy
1,0.12810699284606775,0,37225,Healthy
1,0.17425309251377574,0,37219,Medium
1,0.12593961390906472,0,37217,Healthy
1,0.18578130651923558,0,37211,Medium
1,0.08571344565307537,0,37208,Low
1,0.09441176437560478,0,37207,Healthy
1,0.15664534016772386,0,37203,Low
1,0.08163341698346094,0,37196,Medium
1,0.19018519909121562,0,37189,Medium
1,0.1850513643495274,0,37187,Healthy
1,0.10741962207403544,0,37186,Healthy
1,0.10054971117356354,0,37185,Healthy
1,0.07681538310000513,0,37183,Medium
1,0.1548027294567796,0,37179,Medium
1,0.17666218782070936,0,37174,Healthy
1,0.1464515575924079,0,37162,Medium
1,0.08389461877014537,0,37148,Healthy
1,0.08137189612417073,0,37122,Healthy
1,0.08232818834115085,0,37122,Healthy
1,0.07590517901923233,0,37122,Healthy
1,0.07845928911419459,0,37122,Healthy
1,0.18998577615944923,0,37117,Low
1,0.17144715129706295,0,37103,Low
1,0.16156804179859902,0,37103,Low
1,0.18007330730715176,0,37103,Low
1,0.18067673669672984,0,37102,Low
1,0.137311622176792,0,37099,Medium
1,0.12792563647888622,0,37092,Medium
1,0.17600932766531596,0,37092,Medium
1,0.1377814313752529,0,37069,Medium
1,0.13183180483210322,0,37068,Healthy
1,0.14997472100614845,0,37066,Medium
1,0.1383651328342349,0,37063,Healthy
1,0.16071315285583998,0,37058,Medium
1,0.19151769891513426,0,37055,Medium
1,0.11223341874899218,0,37051,Healthy
1,0.0910365549323292,0,37049,Low
1,0.14227745009977472,0,37045,Low
1,0.15257634164200357,0,37037,Medium
-1,-0.031916660796755814,1,37032,Medium
1,0.181876297135872,0,37029,Medium
-1,-0.007116340523631859,1,37027,Medium
1,0.17522242678621902,0,37026,Healthy
1,0.09416257854638199,0,37023,Medium
1,0.1894089681444336,0,37018,Healthy
1,0.13928419349082943,0,37010,Medium
1,0.1799778959433031,0,37008,Healthy
1,0.14323138592568196,0,36996,Medium
1,0.12479071748671139,0,36987,Healthy
1,0.1727225259125535,0,36960,Low
-1,-0.033706088845412374,1,36958,Healthy
-1,-0.039663003803963925,1,36958,Healthy
-1,-0.03508109946674309,1,36958,Healthy
-1,-0.03466614580894167,1,36958,Healthy
1,0.1680112763682382,0,36943,Low
1,0.15770983611994688,0,36943,Low
1,0.177435908319255,0,36943,Low
1,0.1965082092683449,0,36935,Low
1,0.14410858773477098,0,36933,Medium
1,0.18728688927482423,0,36928,Medium
1,0.16433706612984283,0,36923,Medium
1,0.14629598417662293,0,36911,Medium
1,0.16330352045109364,0,36908,Healthy
1,0.17597491946078153,0,36900,Healthy
1,0.17732653972678608,0,36897,Medium
1,0.13712960907159705,0,36894,Medium
1,0.17398389970198064,0,36893,Medium
1,0.10793905546368232,0,36887,Healthy
1,0.14441617094337028,0,36886,Low
1,0.11341906422567599,0,36878,Low
1,0.14541282866471045,0,36871,Medium
1,0.18410846030578742,0,36869,Medium
1,0.02797761089352757,0,36866,Medium
1,0.11511878372937634,0,36866,Medium
1,0.16841861683288706,0,36863,Healthy
1,0.08991896580636666,0,36860,Medium
1,0.1570797885252176,0,36851,Healthy
1,0.1317751171381389,0,36847,Medium
1,0.14927210724560025,0,36839,Healthy
1,0.17666530076610287,0,36827,Medium
1,0.13116545964530207,0,36821,Healthy
1,0.18478012816252493,0,36799,Low
1,0.023957029050098777,0,36792,Healthy
1,0.010468096126483695,0,36792,Healthy
1,0.02259760582367698,0,36792,Healthy
1,0.023957029050098777,0,36792,Healthy
1,0.10734828363191273,0,36789,Low
1,0.09591034611221827,0,36789,Low
1,0.1185072358549602,0,36789,Low
1,0.19639567337458924,0,36775,Low
1,0.14206593147858793,0,36769,Medium
1,0.1846469937040104,0,36757,Medium
1,0.1762669324830194,0,36756,Medium
1,0.15458040632927822,0,36754,Medium
1,0.16287504786713003,0,36745,Healthy
1,0.1730249531393253,0,36740,Medium
1,0.1803154852706355,0,36733,Healthy
1,0.15428084276466592,0,36731,Medium
1,0.18123204504595913,0,36724,Medium
1,0.0974282572686514,0,36724,Healthy
1,0.147247659032754,0,36722,Low
1,0.14488456703250657,0,36714,Medium
1,0.12584774176131763,0,36712,Low
1,0.14302302413917917,0,36703,Medium
1,0.18021545914807136,0,36703,Medium
1,0.02827214874825612,0,36702,Medium
1,0.17927288207976977,0,36700,Healthy
1,0.13377326145927443,0,36698,Medium
1,0.17768451690141557,0,36688,Healthy
1,0.10645572802611397,0,36674,Medium
1,0.17583116938960475,0,36667,Healthy
1,0.17503810790622298,0,36660,Medium
1,0.050924199951732585,0,36655,Healthy
1,0.18847586580412728,0,36636,Low
1,0.025302622392683882,0,36628,Healthy
1,0.01466651790455642,0,36628,Healthy
1,0.02371679003669669,0,36628,Healthy
1,0.025529404646330578,0,36628,Healthy
1,0.14265979393542744,0,36626,Low
1,0.13395626119449888,0,36626,Low
1,0.15291354351571845,0,36626,Low
1,0.20088737656740063,0,36612,Low
1,0.11283982698824468,0,36597,Medium
1,0.18432948474736488,0,36594,Medium
1,0.17545819726322198,0,36591,Medium
1,0.18115013830163573,0,36586,Medium
1,0.18670043288968713,0,36574,Medium
1,0.13372297658440474,0,36573,Healthy
1,0.1613230979545235,0,36567,Medium
1,0.17698588839474377,0,36567,Healthy
1,0.10887366543957522,0,36561,Healthy
1,0.1893663370236211,0,36557,Medium
1,0.15041593041179024,0,36557,Medium
1,0.11777820216589141,0,36556,Low
1,0.12858111800973399,0,36552,Low
1,0.16847760895339803,0,36546,Medium
1,0.16194750264161895,0,36540,Healthy
1,0.14472399255885726,0,36539,Medium
1,0.03790197241299831,0,36536,Medium
1,0.12437964589706241,0,36535,Medium
1,0.17250656589952712,0,36518,Healthy
1,0.144515963494804,0,36508,Medium
1,0.1539898552596155,0,36500,Healthy
1,0.16891526732157391,0,36500,Medium
1,0.1056926409835518,0,36491,Healthy
1,0.18589686758608842,0,36473,Low
1,0.12430302886263384,0,36469,Low
1,0.11526111194487121,0,36469,Low
1,0.13515498184698005,0,36469,Low
1,0.03396814588543717,0,36462,Healthy
1,0.022564619122308893,0,36462,Healthy
1,0.03170936035110683,0,36462,Healthy
1,0.033494728289694686,0,36462,Healthy
1,0.19827977688536447,0,36446,Low
1,0.11789049099191612,0,36431,Medium
1,0.15700053686523174,0,36430,Medium
1,0.1866745717563803,0,36426,Medium
1,0.18013375817120147,0,36424,Medium
1,0.14279266104173632,0,36412,Healthy
1,0.190099872033754,0,36405,Medium
1,0.12082140722752888,0,36398,Medium
1,0.10949937209056004,0,36398,Healthy
1,0.18832925836784253,0,36397,Medium
1,0.18806893737431746,0,36396,Low
1,0.11994394553490362,0,36394,Healthy
1,0.15011576827955214,0,36391,Medium
1,0.06880703905950658,0,36389,Low
1,0.1830481397167893,0,36380,Medium
1,0.10875105014839465,0,36373,Healthy
-1,-0.017684778671670953,1,36373,Medium
1,0.1819336740959317,0,36373,Medium
1,0.14757115796127684,0,36372,Medium
1,0.15393379694064663,0,36358,Healthy
1,0.14944083585146306,0,36345,Medium
1,0.19876188332676764,0,36337,Healthy
1,0.12975848969914172,0,36328,Healthy
1,0.1651431377538286,0,36328,Medium
1,0.15653147831632425,0,36308,Low
1,0.14742792516577607,0,36308,Low
1,0.13945079885077932,0,36308,Low
1,0.1877693839049676,0,36307,Low
-1,-0.02053779810868095,1,36299,Healthy
-1,-0.029544433841307893,1,36299,Healthy
-1,-0.02139440038486129,1,36299,Healthy
-1,-0.02139440038486129,1,36299,Healthy
1,0.20151299207721363,0,36282,Low
1,0.13302531427107667,0,36268,Medium
1,0.15314926522969313,0,36267,Medium
1,0.15214526062730788,0,36264,Medium
1,0.12912701491037482,0,36259,Healthy
1,0.18463850903516416,0,36257,Medium
1,0.17322370891232308,0,36239,Medium
1,0.15733009309029689,0,36235,Medium
1,0.1463242609933808,0,36235,Healthy
1,0.1934904939789464,0,36234,Medium
1,0.1801717305235782,0,36232,Low
1,0.11678665987426029,0,36231,Healthy
1,0.13829508092368964,0,36224,Medium
1,0.16843024582938193,0,36223,Medium
1,0.11457465854873539,0,36220,Low
1,0.16403692557703714,0,36207,Healthy
1,0.031905035310056395,0,36207,Medium
1,0.18362929701904118,0,36207,Medium
1,0.0728657801538119,0,36207,Medium
1,0.1732296133175582,0,36198,Healthy
1,0.1289034610818709,0,36179,Medium
1,0.1953792234714295,0,36171,Healthy
1,0.13951416360444263,0,36165,Healthy
1,0.1911771287829208,0,36165,Medium
1,0.19270490884996694,0,36144,Low
1,0.13869618915797777,0,36142,Low
1,0.15737095298646903,0,36142,Low
1,0.1468984784772443,0,36142,Low
1,0.029153704527590363,0,36133,Healthy
1,0.017793508310086414,0,36133,Healthy
1,0.02732693983634249,0,36133,Healthy
1,0.027497204916704487,0,36133,Healthy
1,0.19529654313101286,0,36119,Low
1,0.18578130651923558,0,36098,Medium
1,0.15578634325064372,0,36098,Medium
1,0.128689827762969,0,36098,Healthy
1,0.18947035911210458,0,36096,Medium
1,0.0375990433130573,0,36095,Medium
1,0.015143830818524995,0,36073,Medium
1,0.19064712749772106,0,36069,Low
1,0.1564928204938229,0,36068,Healthy
1,0.19154089070115826,0,36068,Medium
1,0.1417000262791957,0,36066,Medium
1,0.11881189300087325,0,36064,Medium
1,0.1225386024141712,0,36062,Healthy
1,0.11684441433747311,0,36060,Low
1,0.18652383014340806,0,36059,Medium
1,0.1371147247758912,0,36053,Healthy
1,0.11646437876918786,0,36051,Medium
1,0.1695374170724933,0,36046,Medium
1,0.14479144271333944,0,36044,Healthy
1,0.04453951101078857,0,36041,Medium
1,0.12338892881901864,0,36012,Medium
1,0.19441823207410713,0,36011,Healthy
1,0.17668167664734868,0,36008,Medium
1,0.13648931716582036,0,35999,Healthy
1,0.12803317021180916,0,35985,Low
1,0.1470629123403745,0,35985,Low
1,0.13655401884156587,0,35985,Low
1,0.1968845626709172,0,35981,Low
1,0.041010757198300274,0,35967,Healthy
1,0.027430426232303518,0,35967,Healthy
1,0.037887019062101124,0,35967,Healthy
1,0.039724234677054104,0,35967,Healthy
1,0.17725137525832996,0,35953,Low
1,0.16071315285583998,0,35944,Medium
1,0.10599259899765817,0,35931,Healthy
1,0.17871625913583306,0,35930,Medium
1,0.12716833209101497,0,35929,Medium
1,0.10321865909681549,0,35929,Medium
1,0.142469803922872,0,35911,Healthy
1,0.1735951790467798,0,35909,Low
-1,-0.060677141157484904,1,35909,Medium
1,0.1941972375887827,0,35904,Medium
1,0.12136478671068407,0,35899,Low
1,0.15044972744805651,0,35899,Medium
1,0.13077798857822587,0,35898,Healthy
1,0.18026054162805893,0,35896,Medium
1,0.04855434000355707,0,35894,Medium
1,0.15989641929069814,0,35892,Healthy
1,0.12706899850466297,0,35892,Medium
1,0.18157958158464788,0,35882,Medium
1,0.03230967516507399,0,35875,Medium
1,0.16183371245540157,0,35875,Healthy
1,0.11801868603458304,0,35852,Medium
1,0.17306964478678727,0,35848,Healthy
1,0.17976779665332626,0,35838,Medium
1,0.03088546412816484,0,35835,Healthy
1,0.14960920919202908,0,35822,Low
1,0.1391995954801709,0,35822,Low
1,0.15852518044249708,0,35822,Low
1,0.19103645529004892,0,35814,Low
1,0.028933983435342037,0,35801,Healthy
1,0.01734614017714109,0,35801,Healthy
1,0.02684005614259477,0,35801,Healthy
1,0.028137032454305877,0,35801,Healthy
1,0.14760799716220868,0,35799,Low
1,0.17732653972678608,0,35784,Medium
1,0.10874336704088583,0,35772,Medium
1,0.11386106874554613,0,35770,Healthy
1,0.1848682202226582,0,35766,Medium
1,0.09468642827987478,0,35765,Medium
-1,-0.02082690711500068,1,35749,Medium
1,0.1148168948086073,0,35743,Low
1,0.18849406217574222,0,35741,Medium
1,0.139065237753841,0,35739,Healthy
1,0.12059213315394529,0,35738,Healthy
1,0.12172673164939285,0,35733,Medium
1,0.12636136107215384,0,35731,Medium
1,0.1614567947282467,0,35730,Medium
1,0.09200814773424032,0,35726,Low
1,0.17984605017788935,0,35722,Medium
1,0.1340456357594585,0,35720,Healthy
1,0.14530978139533302,0,35719,Medium
1,0.01846949130372033,0,35711,Healthy
1,0.014659688036541052,0,35711,Medium
1,0.1839332656854465,0,35691,Healthy
1,0.10760184101423131,0,35689,Low
1,0.05242576943510646,0,35669,Healthy
1,0.12790496969301657,0,35660,Low
1,0.11843750645339068,0,35659,Low
1,0.10250246614505026,0,35659,Low
1,0.13192482004683725,0,35659,Low
1,0.17651510709005874,0,35654,Low
1,0.03550653404656601,0,35635,Healthy
1,0.02310572767978436,0,35635,Healthy
1,0.03406548971171264,0,35635,Healthy
1,0.03406548971171264,0,35635,Healthy
1,0.1673777150503608,0,35630,Low
1,0.1730249531393253,0,35627,Medium
1,0.12066110076722603,0,35607,Healthy
1,0.08707735593194371,0,35606,Medium
1,0.19317941864556026,0,35600,Medium
1,0.006328509997175047,0,35594,Medium
1,0.10962693307266719,0,35593,Medium
1,0.05571750922215063,0,35578,Low
1,0.17488926381907594,0,35577,Low
1,0.1722117634948354,0,35575,Medium
1,0.13471639708408284,0,35569,Medium
1,0.12426087587134205,0,35569,Healthy
1,0.10532215837518516,0,35569,Healthy
1,0.1722092493320237,0,35567,Medium
1,0.12385141350690149,0,35567,Medium
1,0.193854059364842,0,35562,Medium
1,0.11521674785769093,0,35556,Medium
1,0.1591009221278083,0,35554,Healthy
1,0.03283593815286767,0,35549,Medium
1,0.036877102137837126,0,35549,Healthy
1,0.19371616053949126,0,35524,Healthy
1,0.09097943674395226,0,35517,Low
1,0.14186720090549831,0,35509,Healthy
1,0.1449074241592933,0,35499,Low
1,0.13482393367656204,0,35499,Low
1,0.15389976283204482,0,35499,Low
1,0.15229150495326865,0,35493,Low
1,0.17824295886384223,0,35488,Low
1,0.17814503861337133,0,35464,Low
1,0.021107019289038687,0,35463,Healthy
1,0.010503172836028973,0,35463,Healthy
1,0.020276046568537875,0,35463,Healthy
1,0.02132584524551373,0,35463,Healthy
1,0.18670043288968713,0,35461,Medium
1,0.08362075300404775,0,35441,Healthy
1,0.014999782058832567,0,35434,Medium
1,0.10400958407038569,0,35433,Medium
1,0.1667400230893457,0,35433,Medium
1,0.14947625620255622,0,35422,Low
1,0.11766692953719876,0,35421,Medium
1,0.13754721300706058,0,35421,Medium
1,0.15863039186419875,0,35409,Medium
1,0.12479696824279068,0,35405,Healthy
1,0.15284479499176667,0,35403,Healthy
1,0.1380879285035188,0,35402,Low
1,0.18571277417421195,0,35401,Medium
1,0.17834936053127004,0,35401,Medium
1,0.13820036954587628,0,35398,Medium
1,0.158513741726172,0,35393,Healthy
1,0.11508916773757993,0,35390,Healthy
1,0.10745779870031724,0,35390,Medium
1,0.09217421622676703,0,35387,Medium
1,0.19843521289662297,0,35361,Medium
1,0.14688108901320301,0,35353,Low
1,0.14505450050774332,0,35339,Healthy
1,0.14642480495621474,0,35339,Low
1,0.1348474851735938,0,35339,Low
1,0.15592970245354876,0,35339,Low
1,0.16614439945536202,0,35334,Low
1,0.16496626123839636,0,35324,Low
1,0.17602142365616358,0,35300,Low
1,0.022316960776131878,0,35295,Healthy
1,0.013778381994264732,0,35295,Healthy
1,0.02114724196656803,0,35295,Healthy
1,0.02202939261077974,0,35295,Healthy
1,0.190099872033754,0,35291,Medium
1,0.11303745970088214,0,35281,Healthy
-1,-0.005104063468868825,1,35277,Medium
1,0.057287603373603,0,35267,Medium
-1,-0.03331972285805729,1,35264,Medium
1,0.17212269230989435,0,35262,Low
1,0.14694023371242237,0,35254,Medium
1,0.161764971327083,0,35252,Medium
1,0.11174775342615934,0,35249,Healthy
1,0.1333821020292542,0,35246,Medium
1,0.13941040516594533,0,35240,Healthy
1,0.1871503585336291,0,35235,Medium
1,0.14689738899180388,0,35231,Medium
1,0.1616495213781836,0,35230,Low
1,0.1340140166004834,0,35228,Medium
1,0.1029053906974905,0,35227,Healthy
1,0.09721244592530803,0,35223,Medium
1,0.105230983534149,0,35223,Healthy
1,0.10741940561264379,0,35218,Medium
1,0.18026478902188436,0,35198,Medium
1,0.11952170636482046,0,35187,Low
1,0.14371118247734244,0,35176,Healthy
1,0.161091711699557,0,35175,Low
1,0.1516199953378261,0,35175,Low
1,0.14051885129860503,0,35175,Low
1,0.1942921094045834,0,35171,Low
1,0.1786215962890586,0,35161,Low
1,0.15908889689130112,0,35140,Low
1,0.004131168036936805,0,35129,Healthy
-1,-0.00670893290250274,1,35129,Healthy
1,0.0036292041087868654,0,35129,Healthy
1,0.0035276119328899735,0,35129,Healthy
1,0.17322370891232308,0,35125,Medium
1,0.10046859830308286,0,35124,Healthy
1,0.007741364511708593,0,35113,Medium
1,0.09860788288579003,0,35104,Medium
1,0.02681913153246218,0,35101,Medium
1,0.145364078495838,0,35090,Low
1,0.12133357379975968,0,35088,Medium
1,0.1310336513574244,0,35086,Healthy
1,0.17299216575956444,0,35086,Medium
1,0.1309884928756802,0,35083,Healthy
1,0.16016186825930628,0,35083,Medium
1,0.19302990596073855,0,35072,Medium
1,0.14263754037134269,0,35068,Medium
1,0.16383463714853336,0,35067,Medium
1,0.12087306458350783,0,35064,Healthy
1,0.1741680537845966,0,35057,Low
1,0.11366654911834218,0,35054,Healthy
1,0.10503096093386566,0,35054,Medium
1,0.1188379262224662,0,35051,Medium
1,0.1951247888215955,0,35035,Medium
1,0.10759790547548403,0,35021,Low
1,0.12931185571771248,0,35021,Low
1,0.11831667386623557,0,35021,Low
1,0.13076644936837245,0,35021,Low
1,0.17050626409134712,0,35011,Low
1,0.14643591821926083,0,35010,Healthy
1,0.177941531718543,0,34995,Low
1,0.15251986699440812,0,34977,Low
1,0.05923893587794632,0,34964,Healthy
1,0.04063329392592585,0,34963,Healthy
1,0.02840280050598032,0,34963,Healthy
1,0.03973364612899266,0,34963,Healthy
1,0.03997031640134163,0,34963,Healthy
1,0.01650977295324818,0,34959,Medium
-1,-0.014785950559054184,1,34955,Medium
1,0.026194670012250065,0,34933,Medium
1,0.074308413098705,0,34931,Medium
1,0.1704809475231382,0,34923,Low
1,0.16961965563757797,0,34922,Medium
1,0.12307108688780194,0,34922,Medium
1,0.13875198001650918,0,34917,Healthy
1,0.1781500678687416,0,34916,Medium
1,0.10433131162649906,0,34914,Healthy
1,0.19105730475653648,0,34912,Medium
1,0.17859876178842427,0,34907,Medium
1,0.11648274598641517,0,34896,Medium
1,0.09888574238599768,0,34888,Healthy
1,0.08298539323464438,0,34888,Healthy
1,0.08959669066500708,0,34888,Medium
1,0.11384550397683385,0,34888,Medium
1,0.14705137530025914,0,34888,Low
1,0.19281215480121222,0,34875,Medium
1,0.14530795235846644,0,34861,Low
1,0.1340145158071685,0,34861,Low
1,0.12465544561594533,0,34861,Low
1,0.13167348878538326,0,34861,Low
1,0.19348002853867857,0,34848,Low
1,0.12940117988512762,0,34840,Healthy
1,0.18671056335128972,0,34828,Low
1,0.18209344809280142,0,34814,Low
1,0.10728464850140346,0,34804,Healthy
1,0.029694942424053017,0,34795,Healthy
1,0.01984784146188001,0,34795,Healthy
1,0.02886010419991869,0,34795,Healthy
1,0.02923805829703774,0,34795,Healthy
-1,-0.05976969612884009,1,34795,Medium
1,0.027588063333032986,0,34792,Medium
1,0.09441672481504365,0,34768,Medium
1,0.0040552385659542445,0,34767,Medium
1,0.16802640895763898,0,34763,Low
1,0.15348059066128417,0,34762,Medium
1,0.1912449330891028,0,34753,Medium
1,0.13663839814417128,0,34752,Medium
1,0.10822322149709879,0,34752,Medium
1,0.14737238727491075,0,34751,Healthy
1,0.09581644626858454,0,34750,Healthy
1,0.1968976293090119,0,34745,Medium
1,0.11841661315961388,0,34729,Medium
1,0.08897594599181524,0,34723,Medium
1,0.09942101917237867,0,34723,Healthy
1,0.1537866036272026,0,34722,Healthy
1,0.17149144843849745,0,34722,Low
1,0.1074545209066679,0,34719,Medium
1,0.1818405871797163,0,34718,Medium
1,0.15580746500368614,0,34701,Low
1,0.14569634487970945,0,34701,Low
1,0.1372954833582563,0,34701,Low
1,0.07314791633993062,0,34698,Low
1,0.16597802652095706,0,34684,Low
1,0.12366057490494253,0,34680,Healthy
1,0.1680848782732915,0,34662,Low
1,0.11612849521936747,0,34648,Low
1,0.07648281359794618,0,34640,Healthy
-1,-0.019718671894014772,1,34636,Medium
1,0.025710941174229007,0,34631,Healthy
1,0.013712260131339638,0,34631,Healthy
1,0.023475164547820282,0,34631,Healthy
1,0.025471952926137464,0,34631,Healthy
1,0.061245352334966974,0,34628,Medium
1,0.10444081042704267,0,34602,Medium
1,0.1467246934696036,0,34599,Medium
1,0.05859746087907197,0,34599,Medium
1,0.11439418341214935,0,34597,Low
1,0.1853910667779876,0,34592,Medium
1,0.18108488254275623,0,34587,Medium
1,0.14354259785768897,0,34586,Medium
1,0.17647423671945844,0,34582,Medium
1,0.09872650819156864,0,34581,Healthy
1,0.13068572591611022,0,34581,Healthy
1,0.1342634890262464,0,34566,Medium
1,0.0520380927443278,0,34566,Medium
1,0.060045102697279806,0,34566,Healthy
1,0.12341180439520821,0,34553,Healthy
1,0.1295565040746341,0,34553,Medium
1,0.1651654009619199,0,34551,Medium
1,0.14975072220590147,0,34549,Low
1,0.14020656641802104,0,34541,Low
1,0.15916616933372718,0,34541,Low
1,0.14906162582960847,0,34541,Low
-1,-0.008297497772356777,1,34534,Healthy
1,0.11954878532527802,0,34528,Low
1,0.17398106885258252,0,34524,Low
1,0.13109292565457992,0,34514,Healthy
1,0.18202413595645683,0,34499,Low
1,0.10166762294823872,0,34484,Low
1,0.02505412910884286,0,34480,Healthy
1,0.007265023883660682,0,34480,Medium
1,0.05352683157867211,0,34462,Medium
1,0.02820617626083055,0,34461,Healthy
1,0.01680906693913775,0,34461,Healthy
1,0.02649420287878468,0,34461,Healthy
1,0.027752209260917926,0,34461,Healthy
1,0.047021788791052344,0,34437,Medium
1,0.09551856602361741,0,34437,Medium
1,0.1741497632319911,0,34436,Medium
1,0.13153751565069333,0,34433,Low
1,0.17799971421664368,0,34432,Medium
1,0.14615594254560743,0,34429,Medium
1,0.14263754037134269,0,34423,Medium
1,0.19768258579256098,0,34419,Medium
1,0.12972876273932288,0,34415,Healthy
1,0.1457300144693809,0,34412,Healthy
1,0.05536375650851899,0,34406,Medium
1,0.06664007002480293,0,34406,Healthy
1,0.16791342058505626,0,34394,Medium
1,0.04210392392468343,0,34394,Medium
1,0.11454750254269391,0,34392,Healthy
1,0.07524322419675578,0,34389,Medium
1,0.18116892992963263,0,34386,Low
1,0.12743790366747726,0,34378,Low
1,0.14818971016604882,0,34378,Low
1,0.1365561895507496,0,34378,Low
1,0.12448378360925466,0,34377,Low
1,0.12164942258307865,0,34368,Low
1,0.14559854518379278,0,34347,Healthy
1,0.09457900835943017,0,34331,Low
1,0.10616167740516236,0,34330,Low
1,0.01707461727442472,0,34321,Medium
1,0.054393796162911956,0,34319,Healthy
1,0.04529001401080868,0,34300,Medium
1,0.017709894283012617,0,34299,Healthy
1,0.009336221301190162,0,34299,Healthy
1,0.016389407587346527,0,34299,Healthy
1,0.016857447967146277,0,34299,Healthy
1,0.10955938452224973,0,34270,Medium
1,0.047322896929057445,0,34267,Medium
1,0.09890548418280193,0,34267,Medium
1,0.18757209019283505,0,34263,Medium
1,0.18316939127033527,0,34262,Medium
1,0.08659912984729018,0,34258,Low
1,0.11002187352037923,0,34254,Healthy
1,0.11567188016349284,0,34251,Medium
1,0.1409983095919516,0,34249,Healthy
1,0.17346998083290432,0,34246,Medium
1,0.1333697562039976,0,34237,Healthy
1,0.12416192018158251,0,34237,Medium
1,0.12801282752265025,0,34228,Medium
1,0.15090730913082134,0,34225,Medium
1,0.08478828332085186,0,34223,Medium
1,0.12282416285170733,0,34221,Low
1,0.14477988979269896,0,34221,Low
1,0.13371310830354333,0,34221,Low
1,0.11316201377605917,0,34220,Healthy
1,0.1654613428849252,0,34220,Low
1,0.12547988006433475,0,34208,Low
1,0.1405783346139921,0,34208,Low
-1,-0.15603540179309527,1,34206,Healthy
1,0.08985678025735006,0,34181,Healthy
-1,-0.0036720082457696313,1,34163,Medium
1,0.08098662135417117,0,34161,Low
1,0.14109469144162562,0,34160,Low
1,0.026780065425348165,0,34159,Healthy
1,0.030344447905213845,0,34141,Medium
1,0.013881466111998919,0,34140,Healthy
1,0.008776666288804691,0,34140,Healthy
1,0.013558412496813,0,34140,Healthy
1,0.013637140886394783,0,34140,Healthy
1,0.10017211307264345,0,34107,Medium
1,0.07005297276470734,0,34103,Medium
1,0.1982746240605941,0,34100,Medium
1,0.1751916911134228,0,34099,Medium
1,0.08648324237961669,0,34097,Medium
1,0.13398191335703108,0,34092,Healthy
1,0.16295514807460598,0,34092,Low
1,0.11597934285680916,0,34084,Medium
1,0.18398304546651506,0,34083,Medium
1,0.10875754409900118,0,34082,Healthy
1,0.1281529444281354,0,34074,Healthy
1,0.1184749455674104,0,34074,Medium
1,0.01650977295324818,0,34073,Healthy
1,0.1098857028968529,0,34071,Medium
1,0.17774619292598487,0,34065,Medium
1,0.14929641236151386,0,34061,Low
1,0.1393726089749064,0,34061,Low
1,0.1599553602478211,0,34061,Low
1,0.11162731761228323,0,34057,Medium
1,0.16770129285683433,0,34056,Low
-1,-0.15066583188664462,1,34055,Healthy
1,0.01893165348967152,0,34054,Healthy
1,0.16395412691401923,0,34041,Low
1,0.09839855990723245,0,34035,Low
1,0.11000477728526648,0,34015,Healthy
1,0.010651371162067158,0,34000,Medium
1,0.09194858019048657,0,33996,Healthy
1,0.12742242515895663,0,33994,Low
1,0.06532789065115424,0,33992,Low
-1,-0.003047956294042531,1,33980,Healthy
-1,-0.006815828197817453,1,33980,Healthy
-1,-0.0036780771808953006,1,33980,Healthy
-1,-0.003047956294042531,1,33980,Healthy
1,0.04207617281869447,0,33977,Medium
1,0.08840601571894502,0,33953,Medium
1,0.05664720696914216,0,33939,Medium
1,0.05339598352601438,0,33936,Medium
1,0.19654458228334282,0,33933,Medium
1,0.18441105005499137,0,33930,Medium
1,0.13614181130241648,0,33926,Healthy
1,0.13310467607296428,0,33922,Low
1,0.13042219857780796,0,33921,Medium
1,0.1838030801493759,0,33917,Medium
1,0.12771999091097935,0,33916,Healthy
-1,-0.05976969612884009,1,33909,Healthy
1,0.16980068939407428,0,33904,Medium
1,0.08920038281405662,0,33904,Medium
1,0.12857484256121587,0,33901,Medium
1,0.13607896107092193,0,33901,Healthy
1,0.17533825720466256,0,33899,Low
1,0.13595165472195703,0,33898,Low
1,0.1257391330820486,0,33898,Low
1,0.14918908966130612,0,33898,Low
1,0.12285713838356266,0,33891,Healthy
-1,-0.11962131325438319,1,33891,Healthy
1,0.11092294617852039,0,33891,Medium
1,0.05787577536825933,0,33886,Low
1,0.17588402662737224,0,33872,Low
1,0.12037370740181108,0,33855,Healthy
-1,-0.012940441107020084,1,33842,Medium
1,0.1616789147817842,0,33834,Low
1,0.14845971177738498,0,33832,Low
1,0.08477009257997264,0,33830,Healthy
1,0.011153524571653084,0,33821,Medium
1,0.038380652868688636,0,33814,Healthy
1,0.0284341383505482,0,33814,Healthy
1,0.03704641240864104,0,33814,Healthy
1,0.038264029926075804,0,33814,Healthy
1,0.08379790126892023,0,33784,Medium
-1,-0.04275194834495166,1,33777,Medium
1,0.06638008517694044,0,33776,Medium
1,0.14460311048001545,0,33773,Medium
1,0.1290377675057484,0,33764,Healthy
1,0.12516657582216956,0,33762,Low
1,0.14901362063266843,0,33757,Medium
-1,-0.019718671894014772,1,33749,Healthy
1,0.11890249710137535,0,33749,Healthy
1,0.03672210065122872,0,33749,Medium
1,0.19196797711294766,0,33747,Medium
1,0.10903688376713827,0,33747,Low
1,0.09929579777366226,0,33747,Low
1,0.1190897510279676,0,33747,Low
1,0.19351113955353627,0,33741,Medium
1,0.14988697406582402,0,33738,Healthy
1,0.14024578933375043,0,33738,Medium
1,0.18810407892643066,0,33736,Low
1,0.10962797627999188,0,33732,Medium
1,0.14076280630537485,0,33727,Healthy
1,0.09143435573200831,0,33721,Medium
-1,-0.07213398441440344,1,33716,Healthy
1,0.13924094417827865,0,33711,Low
1,0.18779074670048623,0,33709,Low
1,0.12305856772900492,0,33688,Healthy
1,0.029363475755600832,0,33678,Medium
1,0.12742386696913038,0,33672,Low
1,0.14586521617907372,0,33671,Low
1,0.0895078393906576,0,33664,Healthy
1,0.04568238958984239,0,33653,Medium
1,0.062261819172415966,0,33648,Healthy
1,0.05344105926459841,0,33648,Healthy
1,0.060965662216554195,0,33648,Healthy
1,0.06196068415491979,0,33648,Healthy
1,0.06392515612934613,0,33614,Medium
1,0.0030398763418250097,0,33610,Medium
1,0.1687641888831372,0,33608,Healthy
1,0.14105128156775437,0,33607,Medium
1,0.046557013681971404,0,33605,Medium
1,0.19279681428327372,0,33594,Medium
1,0.007265023883660682,0,33594,Healthy
1,0.12210147629885171,0,33590,Critical
1,0.12203576638932223,0,33589,Healthy
1,0.15015641110615235,0,33587,Low
1,0.13905424907328667,0,33587,Low
1,0.16059118731343763,0,33587,Low
1,0.12306518657317611,0,33583,Medium
1,0.14753426987518792,0,33582,Medium
1,0.18690714918743334,0,33581,Medium
1,0.1606792682201011,0,33579,Low
1,0.11475983939629747,0,33575,Healthy
1,0.10523714310939447,0,33575,Medium
1,0.0813541169867184,0,33567,Medium
1,0.062495672830905125,0,33566,Medium
1,0.13620989910816866,0,33558,Healthy
1,0.06552656992895955,0,33552,Healthy
1,0.18675853845742973,0,33543,Low
1,0.16305999218593048,0,33539,Low
1,0.13982730888453526,0,33519,Healthy
1,0.06224626323784482,0,33514,Medium
1,0.1374048077369628,0,33503,Low
1,0.12611079141757736,0,33501,Low
-1,-0.006987777171842291,1,33498,Medium
1,0.10095345126021532,0,33497,Healthy
1,0.021336534788632067,0,33480,Healthy
1,0.014391283868280924,0,33480,Healthy
1,0.020993881999798014,0,33480,Healthy
1,0.021234889660091016,0,33480,Healthy
1,0.14302853966217283,0,33454,Medium
1,0.04165559192383117,0,33451,Medium
1,0.17648553530306488,0,33448,Healthy
-1,-0.0021884922832821063,1,33446,Medium
1,0.17457591364114428,0,33437,Medium
1,0.01707461727442472,0,33434,Healthy
1,0.14740080793938476,0,33427,Low
1,0.13544451594984785,0,33427,Low
1,0.15778445285372839,0,33427,Low
1,0.10580351417652173,0,33425,Medium
1,0.1760831901905467,0,33425,Medium
1,0.17226078885815221,0,33424,Medium
1,0.02910800407311176,0,33423,Critical
1,0.14270966470731516,0,33419,Medium
1,0.18228670012613124,0,33416,Low
1,0.09284911171795174,0,33414,Healthy
1,0.14083751655390142,0,33408,Healthy
1,0.13226722150577447,0,33408,Medium
1,0.10344422277704463,0,33402,Medium
1,0.10929478021251443,0,33401,Medium
1,0.09883792718522894,0,33395,Healthy
1,0.10487070878207727,0,33392,Healthy
1,0.19685897888674425,0,33376,Low
1,0.1748670832960723,0,33366,Low
1,0.10916368197662946,0,33356,Healthy
1,0.056414992141965103,0,33349,Medium
1,0.03257847875566755,0,33348,Low
1,0.13742838849408806,0,33346,Low
1,0.057850629215176474,0,33334,Medium
1,0.07117848637274171,0,33320,Healthy
1,0.06605640701006499,0,33317,Healthy
1,0.05492121269728001,0,33317,Healthy
1,0.06501483929870372,0,33317,Healthy
1,0.06572519063440013,0,33317,Healthy
1,0.12255543729927021,0,33294,Medium
1,0.0407594739673498,0,33289,Medium
1,0.18712094320465555,0,33285,Healthy
-1,-0.012451379354504355,1,33278,Medium
-1,-0.0036720082457696313,1,33277,Healthy
1,0.17263728872658635,0,33271,Medium
1,0.18792932779833116,0,33262,Medium
1,0.122765545844495,0,33260,Low
1,0.14915326052192224,0,33260,Low
1,0.13300637950454264,0,33260,Critical
1,0.13570113274518003,0,33260,Low
1,0.08513443850093488,0,33259,Medium
1,0.1784693408375409,0,33258,Medium
1,0.14544270621857291,0,33257,Medium
1,0.15569299303622647,0,33253,Low
1,0.12913755544118677,0,33251,Healthy
1,0.12198741689907738,0,33251,Medium
1,0.12287424060991942,0,33250,Healthy
1,0.15546406953451708,0,33238,Medium
1,0.11046460516445616,0,33231,Healthy
1,0.07877703859410573,0,33230,Medium
1,0.06043196772058157,0,33220,Healthy
1,0.1798703687816502,0,33210,Low
1,0.14702075338381848,0,33197,Low
1,0.13366933612921578,0,33195,Healthy
1,0.04564907954107533,0,33187,Medium
1,0.14324844690074,0,33183,Low
1,0.09052750494468975,0,33179,Low
1,0.031776252084426915,0,33164,Medium
1,0.1481780166028246,0,33160,Healthy
1,0.056207537037697985,0,33153,Healthy
1,0.048267332767908844,0,33153,Healthy
1,0.0554284835661879,0,33153,Healthy
1,0.055958946367147155,0,33153,Healthy
1,0.039879638008644136,0,33130,Medium
1,0.12256660659928292,0,33123,Medium
1,0.19139928312574828,0,33121,Healthy
1,0.010651371162067158,0,33113,Healthy
1,0.16838075079930487,0,33111,Medium
-1,-0.012067205741987275,1,33108,Medium
1,0.1776708308792907,0,33099,Medium
1,0.13193934183112488,0,33097,Low
1,0.15828442041479374,0,33097,Low
1,0.1495315751170097,0,33097,Critical
1,0.14589257360207136,0,33097,Low
1,0.15182221778701938,0,33094,Medium
1,0.18894220713624965,0,33091,Medium
1,0.15242770586411908,0,33089,Low
1,0.10487241701219313,0,33087,Medium
1,0.16110081958739536,0,33084,Healthy
1,0.13384248240911267,0,33082,Medium
1,0.1439492534507648,0,33082,Healthy
1,0.09882808231381662,0,33068,Healthy
1,0.09758811565254999,0,33067,Low
1,0.12965773344342174,0,33066,Medium
1,0.06227012458149367,0,33065,Healthy
1,0.19297442767574768,0,33047,Low
1,0.17167008471129752,0,33031,Low
1,0.031496827351817025,0,33027,Medium
1,0.1397199959958097,0,33026,Healthy
1,0.09380582894598927,0,33017,Low
1,0.10100061853581022,0,33010,Low
1,0.04208901887665095,0,33000,Medium
1,0.16406738393456566,0,32994,Healthy
1,0.06510456364093287,0,32987,Healthy
1,0.056917760006203355,0,32987,Healthy
1,0.06456921659312032,0,32987,Healthy
1,0.06486875978230372,0,32987,Healthy
1,0.04430766782652307,0,32969,Medium
1,0.12998602587152547,0,32968,Medium
-1,-0.012940441107020084,1,32956,Healthy
1,0.1747229480480239,0,32952,Healthy
-1,-0.003699017253386283,1,32946,Medium
1,0.16302528288835394,0,32939,Medium
1,0.17168802989520265,0,32935,Medium
1,0.137982100976403,0,32931,Low
1,0.16222990811312227,0,32931,Low
1,0.15062938491297506,0,32931,Low
1,0.1321724179813475,0,32929,Low
1,0.18332776524537536,0,32928,Medium
1,0.1446323186001351,0,32928,Critical
1,0.06297037492893659,0,32927,Medium
1,0.16437645615190083,0,32921,Healthy
1,0.060869824301855335,0,32921,Medium
1,0.14215578755824188,0,32916,Healthy
1,0.13340984063207129,0,32916,Medium
1,0.11656183901842093,0,32905,Healthy
1,0.1067599898964185,0,32901,Low
1,0.12749664414430528,0,32896,Medium
1,0.127235987348168,0,32896,Healthy
1,0.12314822698989664,0,32878,Low
1,0.12227932551249987,0,32863,Healthy
1,0.04248853446111356,0,32863,Medium
1,0.10937074039208206,0,32860,Low
1,0.1505484785375482,0,32858,Low
1,0.05625239744567556,0,32840,Low
1,0.024366800420061563,0,32839,Medium
1,0.1224419337827819,0,32833,Healthy
1,0.06293384787468159,0,32823,Healthy
1,0.054636029743299175,0,32823,Healthy
1,0.06252249058170317,0,32823,Healthy
1,0.06290272379818185,0,32823,Healthy
1,0.04624720359232071,0,32810,Medium
1,0.13981863537364214,0,32805,Medium
1,0.029363475755600832,0,32792,Healthy
1,0.18953175722690502,0,32789,Healthy
-1,-0.01881223845488389,1,32776,Medium
1,0.19004025248005713,0,32776,Medium
1,0.1712086568704302,0,32772,Medium
1,0.15291832338162448,0,32771,Low
1,0.1410173588486241,0,32771,Low
1,0.12769427874735473,0,32771,Low
1,0.1222533584359427,0,32769,Low
1,0.05842398724019787,0,32764,Medium
1,0.10897191371200898,0,32764,Critical
1,0.18777844519712183,0,32762,Medium
1,0.1005060342418942,0,32757,Medium
1,0.17245447921228801,0,32751,Healthy
1,0.12516394525986363,0,32746,Healthy
1,0.11545249144075426,0,32746,Medium
1,0.08137540906848933,0,32741,Healthy
1,0.0980806267314,0,32735,Low
1,0.1495916501195943,0,32733,Healthy
1,0.1755423618790254,0,32730,Medium
1,0.15659908542339313,0,32708,Low
1,0.010149066313249633,0,32708,Medium
1,0.12733601849363396,0,32699,Healthy
1,0.13688333218766474,0,32697,Low
1,0.18090830261009988,0,32695,Low
1,0.08700701667175409,0,32671,Low
1,0.0123488855163022,0,32671,Medium
1,0.1623943263642078,0,32670,Healthy
1,0.18461728706376102,0,32667,Healthy
1,0.04560151413929825,0,32659,Healthy
1,0.03680349718061804,0,32659,Healthy
1,0.04473985321380447,0,32659,Healthy
1,0.044772125046245836,0,32659,Healthy
1,0.0497930881642511,0,32644,Medium
1,0.08962153791276745,0,32639,Medium
1,0.1827875947040905,0,32629,Healthy
1,0.06224626323784482,0,32628,Healthy
1,0.1753083455539069,0,32619,Medium
1,0.13102147784706825,0,32617,Low
1,0.1150616754514377,0,32617,Low
1,0.10151887232860768,0,32617,Low
-1,-0.008148752378548507,1,32610,Medium
1,0.1703092177506813,0,32609,Medium
1,0.09175028939580854,0,32604,Medium
1,0.14315098429507933,0,32603,Low
1,0.16920084215107883,0,32602,Medium
1,0.0657505017338702,0,32590,Critical
1,0.10817772465553427,0,32587,Medium
1,0.1154653283084845,0,32587,Healthy
1,0.07498079956523418,0,32585,Medium
1,0.16117109433587784,0,32580,Healthy
1,0.10720067426685514,0,32572,Healthy
1,0.10951542707145867,0,32566,Medium
1,0.1019118543795624,0,32566,Low
1,0.14674245632951083,0,32558,Medium
1,0.14053447182144008,0,32542,Low
1,0.04710078930772488,0,32540,Medium
1,0.13693440510634042,0,32540,Low
1,0.10843451294457235,0,32533,Medium
1,0.1413492527365156,0,32516,Low
1,0.15016244271377632,0,32513,Healthy
1,0.002298084261738942,0,32509,Medium
1,0.18915847202516933,0,32502,Low
1,0.1679422540606253,0,32498,Healthy
1,0.06267520005290239,0,32496,Healthy
1,0.05414794420952207,0,32496,Healthy
1,0.061993290755402775,0,32496,Healthy
1,0.06223047679605337,0,32496,Healthy
1,0.047930184067524806,0,32485,Medium
1,0.10456936688777174,0,32482,Medium
1,0.08434774867299921,0,32463,Low
1,0.11524689493885626,0,32463,Low
1,0.1836740992810879,0,32463,Healthy
1,0.09824728730915622,0,32463,Low
1,0.056414992141965103,0,32462,Healthy
-1,-0.01624915068562982,1,32450,Medium
1,0.17715448880213613,0,32449,Medium
1,0.18673682194768737,0,32440,Medium
1,0.18493224552724713,0,32439,Medium
1,0.0735866755667105,0,32435,Critical
1,0.04678907399232102,0,32435,Medium
1,0.11805404727454927,0,32427,Low
1,0.06682535841322262,0,32424,Healthy
1,0.13124309574645315,0,32422,Medium
1,0.09425624626932494,0,32422,Medium
1,0.1411278866529072,0,32422,Healthy
1,0.14003561694492794,0,32409,Healthy
1,0.05407690642063112,0,32407,Medium
1,0.1496302831736443,0,32403,Medium
1,0.08692699247081775,0,32396,Low
-1,-0.005912101738951181,1,32385,Medium
1,0.1734794881264592,0,32382,Low
1,0.15647519634543194,0,32380,Low
1,0.12227499331001507,0,32367,Medium
1,0.1555824991576109,0,32356,Healthy
1,0.1645123232301205,0,32350,Low
-1,-0.01041420958204764,1,32347,Medium
1,0.17189681901766335,0,32334,Healthy
1,0.05388694841432806,0,32330,Healthy
1,0.046886550092774315,0,32330,Healthy
1,0.05310579706867691,0,32330,Healthy
1,0.053318386247050986,0,32330,Healthy
1,0.14053320113025097,0,32329,Low
1,0.031624388645742796,0,32328,Medium
1,0.13250330099788254,0,32319,Medium
1,0.09107001220493571,0,32309,Low
1,0.07616269292854388,0,32309,Low
1,0.10634399359700658,0,32309,Low
1,0.04564907954107533,0,32300,Healthy
1,0.18099470497691883,0,32299,Healthy
-1,-0.008866735641347323,1,32289,Medium
1,0.1776931476291574,0,32280,Medium
1,0.1706283829991438,0,32280,Medium
1,0.1817328820057792,0,32273,Medium
1,0.10139930540421138,0,32269,Low
1,0.05149200799186526,0,32266,Medium
1,0.13845819776907264,0,32266,Critical
1,0.06975586332751965,0,32261,Healthy
1,0.1465304665992319,0,32258,Healthy
1,0.1383462204978929,0,32258,Medium
1,0.10322603770046168,0,32256,Medium
1,0.09634666031427364,0,32239,Healthy
1,0.13333908645531617,0,32237,Medium
1,0.05422256843722695,0,32235,Low
1,0.0894569874486425,0,32234,Medium
1,0.060149341135478984,0,32221,Medium
1,0.16153636207261585,0,32219,Low
1,0.12834939522099598,0,32211,Low
1,0.12052824702662757,0,32194,Medium
1,0.001747930744503745,0,32190,Medium
1,0.16983566670132427,0,32189,Healthy
1,0.17606141974294004,0,32181,Low
1,0.14647040128715133,0,32171,Healthy
1,0.021789444706971972,0,32164,Healthy
1,0.01826130924497149,0,32164,Healthy
1,0.02177789526574392,0,32164,Healthy
1,0.02154868723933756,0,32164,Healthy
1,0.13321114946817086,0,32162,Medium
1,0.08547857020852051,0,32161,Medium
1,0.1715871481525858,0,32157,Low
1,0.1578596755514563,0,32146,Low
1,0.14475649082023279,0,32146,Low
1,0.1297821774920095,0,32146,Low
1,0.031496827351817025,0,32141,Healthy
1,0.18525290093807362,0,32133,Healthy
1,0.1896892183916571,0,32114,Medium
1,0.18954563202938712,0,32113,Medium
-1,-0.0373774990187965,1,32111,Medium
1,0.09849341291299052,0,32109,Low
1,0.11136624057273053,0,32103,Medium
1,0.1590301471873617,0,32102,Critical
1,0.11163994590239185,0,32098,Medium
1,0.16734999671831563,0,32098,Healthy
1,0.09594793574781446,0,32090,Medium
1,0.13181394743739577,0,32087,Healthy
1,0.12313367927877589,0,32087,Medium
1,0.15692214641149516,0,32077,Healthy
1,0.11464937398043057,0,32074,Medium
1,0.1440836126121262,0,32073,Medium
1,0.1465675687912733,0,32072,Low
1,0.1272381912214644,0,32057,Low
1,0.03325621525357503,0,32051,Medium
1,0.15422159338473806,0,32051,Low
1,0.11772477709232704,0,32031,Medium
1,0.1708434403077792,0,32026,Healthy
1,0.008062120869775313,0,32024,Medium
1,0.18748508089369298,0,32018,Low
1,0.1452585238086072,0,32014,Healthy
1,0.15174808046217386,0,32002,Medium
1,0.10341512292974392,0,31998,Medium
1,0.039257494365354306,0,31992,Healthy
1,0.0318244706050016,0,31992,Healthy
1,0.03727778723790143,0,31992,Healthy
1,0.03813330491169664,0,31992,Healthy
1,0.1806416280600413,0,31991,Low
1,0.12420002639892358,0,31983,Low
1,0.1520411566982643,0,31983,Low
1,0.13795158737916424,0,31983,Low
1,0.04248853446111356,0,31977,Healthy
1,0.17663523976356343,0,31973,Healthy
1,0.15889874089003286,0,31960,Medium
1,0.11524089924875608,0,31950,Medium
1,0.13216169520129223,0,31948,Low
1,0.148720635078413,0,31947,Medium
1,0.13724823095564698,0,31944,Healthy
1,0.18113786812839872,0,31937,Medium
1,0.11432773814052533,0,31936,Critical
1,0.11380288991225457,0,31935,Medium
1,0.08055721105142727,0,31934,Medium
1,0.08723024497492388,0,31934,Healthy
1,0.10029352200925651,0,31921,Medium
1,0.14323138592568196,0,31905,Low
1,0.15620191609992679,0,31905,Healthy
1,0.10653657941453759,0,31901,Medium
1,0.1327755537164746,0,31899,Medium
1,0.032759993584574376,0,31896,Low
1,0.16611819512181997,0,31893,Low
1,0.0444613170514091,0,31887,Medium
1,0.15461134334429016,0,31869,Healthy
1,0.052518468448164546,0,31864,Medium
-1,-0.051825884389361865,1,31860,Medium
1,0.17791955798388975,0,31854,Healthy
1,0.18650747851395894,0,31851,Low
1,0.12830918940288655,0,31833,Medium
1,0.02587900335723403,0,31830,Healthy
1,0.017451538380349407,0,31830,Healthy
1,0.02451259268025363,0,31830,Healthy
1,0.025009072494821094,0,31830,Healthy
1,0.09851488388250551,0,31829,Medium
1,0.1657019108962452,0,31824,Low
1,0.010149066313249633,0,31822,Healthy
1,0.13716503193646173,0,31817,Low
1,0.12304417295077164,0,31817,Low
1,0.15140700953110092,0,31817,Low
1,0.17930172514604065,0,31813,Healthy
1,0.15915071462477653,0,31793,Medium
1,0.13373938264061558,0,31792,Medium
1,0.12234093358532039,0,31791,Low
1,0.19010093648658283,0,31781,Medium
1,0.1629750173194215,0,31774,Healthy
1,0.1556278532033213,0,31773,Critical
1,0.1640746546033766,0,31771,Medium
1,0.14287392034324964,0,31770,Healthy
1,0.1325500975229208,0,31770,Medium
1,0.08456308813146557,0,31760,Medium
1,0.08851870710472143,0,31751,Medium
1,0.08702352616165532,0,31739,Low
1,0.15139484196043235,0,31738,Medium
1,0.17657984477157013,0,31736,Low
1,0.18163265073539953,0,31735,Medium
1,0.055488420763380786,0,31729,Healthy
1,0.08950543396380672,0,31727,Low
1,0.0269649198136227,0,31725,Medium
1,0.16914207624046884,0,31709,Healthy
1,0.1289883528780063,0,31694,Medium
-1,-0.019057571969135934,1,31694,Medium
1,0.1790613446476974,0,31691,Healthy
1,0.19653738532713272,0,31685,Low
1,0.11841387621815808,0,31679,Medium
1,0.10662412395094045,0,31672,Medium
1,0.02952079741944269,0,31664,Healthy
1,0.0231330538246447,0,31664,Healthy
1,0.027160360265189754,0,31664,Healthy
1,0.0292528368193663,0,31664,Healthy
1,0.190212570401264,0,31664,Low
1,0.1214394913125888,0,31660,Low
1,0.1070731185304779,0,31660,Low
1,0.134874084609228,0,31660,Low
1,0.04710078930772488,0,31654,Healthy
1,0.1756669281341549,0,31647,Healthy
1,0.1469444429215106,0,31625,Low
1,0.17129374411861614,0,31624,Medium
1,0.10644781719612267,0,31623,Medium
1,0.17353706353593146,0,31611,Healthy
1,0.18509714255406212,0,31611,Medium
1,0.14714325933949846,0,31609,Healthy
1,0.13819118252875429,0,31609,Medium
1,0.13740961705269666,0,31606,Critical
1,0.16855988961483576,0,31604,Medium
1,0.10820361269851891,0,31593,Medium
1,0.05402251963543181,0,31590,Medium
1,0.13553972311523294,0,31573,Low
1,0.1491904054600377,0,31571,Medium
1,0.17503810790622298,0,31570,Low
1,0.1427319153267676,0,31564,Healthy
1,0.17137193332962924,0,31563,Medium
1,0.09867679824611442,0,31558,Low
1,0.014152471578294135,0,31557,Medium
1,0.17052303470944635,0,31546,Healthy
-1,-0.03202970717138398,1,31532,Medium
1,0.13620951441669477,0,31531,Medium
1,0.17951777185324802,0,31519,Low
1,0.15143576457859576,0,31519,Healthy
1,0.11528632098725283,0,31517,Medium
1,0.16193752362531721,0,31515,Medium
1,0.10499178841804774,0,31506,Low
1,0.0896301522192744,0,31506,Low
1,0.12212294189872958,0,31506,Low
-1,-0.005912101738951181,1,31498,Healthy
1,0.03550533895971364,0,31496,Healthy
1,0.028453983792216864,0,31496,Healthy
1,0.034268480473480745,0,31496,Healthy
1,0.03535088407423559,0,31496,Healthy
1,0.18180499525585814,0,31492,Low
1,0.16380521937507575,0,31490,Healthy
1,0.14740231027144546,0,31459,Low
1,0.16808209365589322,0,31458,Medium
1,0.13847839347341068,0,31457,Medium
1,0.1834992394713606,0,31446,Medium
1,0.18909842427487134,0,31446,Healthy
1,0.15164166861328765,0,31443,Critical
1,0.16839084226415346,0,31442,Medium
1,0.16627464357802874,0,31439,Medium
1,0.13375150005290187,0,31432,Medium
1,0.07276828983549732,0,31430,Medium
1,0.1464515575924079,0,31427,Medium
1,0.09515242962956494,0,31422,Low
1,0.16931043009209473,0,31410,Low
1,0.128574449954321,0,31399,Medium
1,0.005306038043825012,0,31396,Medium
1,0.12466563308089562,0,31394,Healthy
1,0.13512661142299615,0,31391,Medium
1,0.04993095880853515,0,31389,Low
1,0.16785867248662967,0,31383,Healthy
-1,-0.0502738971390998,1,31379,Medium
1,0.1363974921424277,0,31368,Medium
1,0.07933734422235095,0,31361,Low
1,0.1601054244400611,0,31358,Healthy
1,0.14847853519907184,0,31357,Medium
1,0.19175540347575726,0,31356,Low
1,0.13753017096375286,0,31343,Low
1,0.1223035456538889,0,31343,Low
1,0.15179453860275183,0,31343,Low
1,0.060149341135478984,0,31334,Healthy
1,0.03735738940544242,0,31330,Healthy
1,0.029329720586264485,0,31330,Healthy
1,0.03677393749646396,0,31330,Healthy
1,0.037003982238286603,0,31330,Healthy
1,0.1988314073125384,0,31329,Low
1,0.18039511057505642,0,31323,Healthy
1,0.1909995800983043,0,31295,Medium
1,0.1383941530231762,0,31293,Low
1,0.12452340741679435,0,31284,Medium
1,0.16685426332515385,0,31281,Medium
1,0.16993042257396118,0,31278,Medium
1,0.18631173738692047,0,31278,Medium
1,0.1811712578494068,0,31278,Medium
1,0.11131843225965543,0,31271,Critical
1,0.10242447806352306,0,31261,Medium
1,0.14323138592568196,0,31260,Medium
1,0.1602876032438174,0,31256,Low
1,0.11612238822808657,0,31251,Medium
1,0.1651431377538286,0,31237,Low
1,0.13071793897103084,0,31234,Healthy
1,0.17164615799545008,0,31234,Medium
-1,-0.008662921607040186,1,31234,Medium
1,0.11906862705095311,0,31230,Medium
1,0.08197910958552668,0,31219,Low
1,0.17234057094892757,0,31217,Healthy
-1,-0.03906899814789411,1,31213,Medium
1,0.1433968815818717,0,31204,Healthy
1,0.09989509163458321,0,31196,Medium
1,0.1341136466152843,0,31195,Low
1,0.14563331798660561,0,31191,Medium
1,0.12429856943452433,0,31186,Low
1,0.0988481741193718,0,31173,Low
1,0.12891190297776428,0,31173,Low
1,0.114497522086495,0,31173,Low
1,0.16498784848906012,0,31166,Healthy
1,0.1798943618446847,0,31166,Low
1,0.03325621525357503,0,31164,Healthy
1,0.01992453378928627,0,31162,Healthy
1,0.012297332138313966,0,31162,Healthy
1,0.018890864178531586,0,31162,Healthy
1,0.019448308319866214,0,31162,Healthy
1,0.15144701305511477,0,31126,Low
1,0.13833189730387674,0,31121,Medium
1,0.15972032756393406,0,31121,Medium
1,0.18073530348372452,0,31121,Medium
1,0.14128550456364108,0,31116,Medium
1,0.1071645194086066,0,31108,Medium
1,0.12384198417443076,0,31108,Medium
1,0.15980523083314296,0,31107,Critical
1,0.08148442851775295,0,31101,Medium
1,0.14797760381009856,0,31099,Low
1,0.17666530076610287,0,31091,Medium
1,0.151970677303994,0,31091,Medium
1,0.003456133572797504,0,31076,Medium
1,0.1911771287829208,0,31074,Low
1,0.13671169971429187,0,31067,Medium
1,0.1528253310296635,0,31066,Medium
1,0.11285698576054004,0,31062,Healthy
1,0.17621377542701772,0,31053,Healthy
1,0.1881994651322434,0,31050,Low
1,0.14018365355002999,0,31044,Healthy
1,0.08791516637178948,0,31044,Low
-1,-0.032275388631300306,1,31041,Medium
1,0.0945215225430473,0,31035,Medium
1,0.14237680326031193,0,31027,Medium
1,0.15561549055254414,0,31017,Low
1,0.13225951074783976,0,31013,Low
1,0.11886994809118656,0,31013,Low
1,0.10157042760385654,0,31013,Low
1,0.18214746880417532,0,31003,Healthy
1,0.0444613170514091,0,31000,Healthy
1,0.18850314710529875,0,30997,Low
1,0.051412727173253736,0,30996,Healthy
1,0.04389763582230277,0,30996,Healthy
1,0.05085203106747227,0,30996,Healthy
1,0.05120622797910335,0,30996,Healthy
1,0.1512422942599776,0,30963,Low
1,0.18441166317113422,0,30957,Medium
1,0.11860565172569854,0,30955,Medium
1,0.07012356656836544,0,30954,Medium
1,0.06445516171224902,0,30954,Medium
1,0.15565406100294304,0,30954,Medium
1,0.1317455485395959,0,30946,Medium
1,0.12373392878781964,0,30942,Low
1,0.15537259500504413,0,30941,Critical
1,0.1805705960251669,0,30931,Medium
1,0.09919367866961137,0,30925,Medium
1,0.17503810790622298,0,30925,Medium
1,0.17668167664734868,0,30917,Low
1,0.010292140296355834,0,30910,Medium
1,0.15477184902772934,0,30903,Medium
1,0.1067013318251096,0,30903,Healthy
1,0.1857086560878618,0,30898,Medium
1,0.1806222632508132,0,30890,Healthy
1,0.1543990733568591,0,30878,Low
1,0.13860747798349166,0,30877,Low
1,0.11323988795581974,0,30877,Medium
1,0.12363301825648743,0,30877,Healthy
1,0.11405882189937078,0,30872,Medium
1,0.15119810682438706,0,30864,Medium
1,0.1407628396551603,0,30851,Low
1,0.11630297202719025,0,30847,Low
1,0.09969240963621734,0,30847,Low
1,0.12959126101754787,0,30847,Low
1,0.17564741201157935,0,30840,Healthy
1,0.0269649198136227,0,30839,Healthy
1,0.03963695344064733,0,30832,Healthy
1,0.03341035167501705,0,30832,Healthy
1,0.03894258934582806,0,30832,Healthy
1,0.03963695344064733,0,30832,Healthy
1,0.1968781735711198,0,30831,Low
1,0.1647063019475229,0,30800,Low
1,0.179111298536145,0,30797,Medium
1,0.16984514302266462,0,30791,Medium
1,0.1616527646126215,0,30791,Medium
1,0.14854444634069225,0,30785,Medium
1,0.12894837037533802,0,30785,Medium
1,0.08823664547392346,0,30781,Medium
1,0.15307778821825435,0,30776,Low
1,0.1331445101946977,0,30769,Critical
1,0.16891526732157391,0,30765,Medium
1,0.1732714346332293,0,30764,Medium
1,0.09488798256191922,0,30762,Medium
1,0.17976779665332626,0,30748,Low
-1,-0.05092732665781996,1,30747,Medium
1,0.1509564443800533,0,30740,Healthy
1,0.19503140807374453,0,30732,Medium
1,0.11707408937358177,0,30728,Medium
1,0.17489396997714723,0,30724,Healthy
1,0.14178871283759809,0,30721,Low
1,0.1276523954328163,0,30716,Healthy
1,0.14261651955620325,0,30714,Medium
1,0.052006915578025836,0,30708,Medium
1,0.1712935362042936,0,30705,Low
1,0.14683310386806891,0,30701,Medium
1,0.17185223705585828,0,30691,Low
1,0.11106292048543354,0,30687,Low
1,0.096622826308284,0,30687,Low
1,0.1255084313839252,0,30687,Low
1,0.15711287272371233,0,30674,Healthy
1,0.014152471578294135,0,30671,Healthy
1,0.19668745150894285,0,30671,Low
1,0.038885314199889054,0,30664,Healthy
1,0.0319461646618322,0,30664,Healthy
1,0.03858065735269112,0,30664,Healthy
1,0.03948413967895292,0,30664,Healthy
1,0.16028536751330313,0,30634,Low
1,0.18124770276278895,0,30634,Medium
1,0.1574673909740717,0,30624,Medium
1,0.15156150740050411,0,30622,Medium
1,0.15809304446199363,0,30622,Medium
1,0.14733175655770014,0,30622,Medium
1,0.15405247054399407,0,30619,Low
1,0.15462839070260365,0,30616,Medium
1,0.18641554750960831,0,30604,Medium
1,0.12251468601213755,0,30599,Critical
1,0.09390304565333785,0,30599,Medium
1,0.1651431377538286,0,30592,Medium
-1,-0.015491244353609046,1,30581,Medium
1,0.12790496969301657,0,30569,Low
1,0.032185341386895105,0,30568,Healthy
1,0.1333912732267568,0,30567,Medium
1,0.1813671192069271,0,30566,Medium
1,0.11912862240178773,0,30564,Low
1,0.1617215420023254,0,30564,Healthy
1,0.1350835751189644,0,30553,Healthy
1,0.14438839951965238,0,30551,Medium
1,0.1802560303570992,0,30539,Low
1,0.06557640944321208,0,30539,Medium
1,0.15264310239767004,0,30538,Medium
1,0.1596973702121593,0,30528,Low
1,0.12213978110064733,0,30524,Low
1,0.1069465478336834,0,30524,Low
1,0.13588059143367193,0,30524,Low
1,0.16749001162929983,0,30511,Healthy
1,0.005306038043825012,0,30509,Healthy
1,0.20151493113960917,0,30507,Low
-1,-0.021799943098202545,1,30489,Healthy
-1,-0.02490023229894378,1,30489,Healthy
-1,-0.02177366347394616,1,30489,Healthy
-1,-0.021799943098202545,1,30489,Healthy
1,0.1625930327268616,0,30474,Medium
1,0.17771994271928693,0,30467,Low
1,0.152251046810655,0,30462,Low
1,0.16863174891587845,0,30459,Medium
1,0.1729432545042583,0,30458,Medium
1,0.1652522636684146,0,30458,Medium
1,0.11055416578274507,0,30457,Medium
1,0.16811170964764205,0,30446,Low
1,0.18286159896830567,0,30440,Medium
1,0.16030394641448037,0,30436,Critical
1,0.1911771287829208,0,30429,Medium
1,0.052447534920554206,0,30420,Medium
-1,-0.029102559981660003,1,30419,Medium
1,0.18880390123487506,0,30405,Medium
1,0.15177333666197484,0,30403,Low
1,0.14744604213105417,0,30401,Medium
1,0.16348215482764805,0,30398,Healthy
1,0.1510809933700048,0,30398,Low
1,0.08969340872455839,0,30391,Healthy
1,0.0993678560497015,0,30387,Healthy
1,0.18051752009037797,0,30384,Medium
1,0.14311153039957214,0,30377,Medium
1,0.0683078186251278,0,30373,Medium
1,0.16311636973758764,0,30373,Low
1,0.11976767751379636,0,30361,Low
1,0.10372856801120273,0,30361,Low
1,0.13262991557928971,0,30361,Low
1,0.15247494953447177,0,30360,Low
-1,-0.008662921607040186,1,30347,Healthy
1,0.17377350156683236,0,30344,Medium
1,0.19776873948346774,0,30341,Low
1,0.013090422935517432,0,30325,Healthy
1,0.02031149853633385,0,30325,Healthy
1,0.01846949130372033,0,30325,Healthy
1,0.014659688036541052,0,30325,Healthy
1,0.17402487566039593,0,30314,Medium
1,0.14723479708767817,0,30305,Low
1,0.14270963296062134,0,30297,Medium
1,0.1774224084194399,0,30295,Medium
1,0.18499823085033207,0,30295,Medium
1,0.16634900117777357,0,30295,Low
1,0.14608043674598192,0,30289,Medium
1,0.17870152040030524,0,30283,Low
1,0.19322266294427032,0,30276,Medium
1,0.16210862793762948,0,30273,Critical
1,0.17668167664734868,0,30272,Medium
-1,-0.04811231752500067,1,30266,Medium
1,0.06780708933173485,0,30251,Medium
1,0.14683546877454362,0,30244,Healthy
1,0.1920420813411154,0,30242,Medium
1,0.14929344280472973,0,30241,Low
1,0.16496626123839636,0,30234,Low
1,0.09687738381843103,0,30233,Healthy
1,0.12413274826225751,0,30229,Medium
1,0.12783711527412484,0,30227,Healthy
1,0.1824838746212888,0,30218,Medium
1,0.1881607242964739,0,30212,Low
1,0.13297591621673227,0,30211,Medium
1,0.0319397123880375,0,30205,Low
1,0.04585857785487901,0,30200,Medium
1,0.11087524896565049,0,30197,Low
1,0.09575880389106123,0,30197,Low
1,0.12404077558427279,0,30197,Low
1,0.003456133572797504,0,30190,Healthy
1,0.20157790603464132,0,30178,Low
1,0.13128543889399508,0,30172,Medium
1,0.031149501303873728,0,30163,Healthy
1,0.03910555782268699,0,30163,Healthy
1,0.036877102137837126,0,30163,Healthy
1,0.03283593815286767,0,30163,Healthy
1,0.13843019191638706,0,30152,Medium
1,0.1502910740112971,0,30148,Low
1,0.17665063789201513,0,30132,Low
1,0.1846632858645766,0,30132,Medium
1,0.12858501547594203,0,30129,Medium
1,0.13843472299658244,0,30125,Medium
1,0.17872720297962608,0,30120,Low
1,0.09701955962400372,0,30120,Low
1,0.19325394467764878,0,30110,Medium
1,0.17976779665332626,0,30103,Medium
-1,-0.03782422026278487,1,30100,Medium
1,0.12156107316519044,0,30097,Critical
1,0.1164553392294661,0,30085,Medium
1,0.14789598980541319,0,30084,Low
1,0.1796681565716874,0,30080,Healthy
1,0.18977306884204675,0,30076,Medium
1,0.1786215962890586,0,30071,Low
1,0.11737950558706556,0,30070,Healthy
1,0.12339708687383372,0,30062,Medium
1,0.16899058687385426,0,30057,Medium
1,0.051911642399336655,0,30055,Healthy
1,0.1470960259161599,0,30048,Medium
1,0.18071779249596048,0,30040,Low
1,0.08915439624437921,0,30036,Low
1,0.09203944584495216,0,30031,Low
1,0.12194628383021622,0,30031,Low
1,0.10817037823982878,0,30031,Low
1,0.08287966555840298,0,30028,Low
1,0.010292140296355834,0,30024,Healthy
1,0.19455916047515381,0,30015,Low
1,0.15938302227322393,0,30011,Medium
1,0.10472237518188404,0,30004,Medium
1,0.11648514938909904,0,30004,Medium
1,0.11508916773757993,0,30004,Medium
1,0.10745779870031724,0,30004,Medium
1,0.09906432011950067,0,29991,Low
1,0.17611616893721643,0,29990,Medium
1,0.15812493636835556,0,29978,Medium
1,0.1539802499462004,0,29978,Low
1,0.1483979667912792,0,29963,Medium
1,0.16654249565572798,0,29958,Medium
1,0.11407265570968239,0,29953,Low
1,0.18062366720404177,0,29951,Low
1,0.1762914700107177,0,29944,Medium
1,0.14117668101762793,0,29937,Critical
1,0.18069593304434195,0,29933,Medium
-1,-0.03050055859638301,1,29928,Medium
1,0.14189983970765357,0,29927,Low
1,0.15451290672240425,0,29920,Healthy
1,0.09271260956382676,0,29918,Medium
1,0.18912424425682667,0,29916,Medium
1,0.07187366518523863,0,29910,Healthy
1,0.17779074520198873,0,29904,Low
1,0.1415420372556651,0,29896,Medium
1,0.1814158531301041,0,29893,Medium
1,0.12587960304061258,0,29890,Medium
1,0.02243844559707464,0,29886,Healthy
1,0.10123354389376166,0,29877,Low
1,0.13324633551857362,0,29877,Low
1,0.11775828125259796,0,29877,Low
1,0.19756555503402817,0,29877,Low
1,0.09942603944719824,0,29866,Low
-1,-0.05092732665781996,1,29860,Healthy
1,0.06486675244982576,0,29859,Low
1,0.17480197758565452,0,29851,Medium
1,0.1774532824561333,0,29848,Low
1,0.09358451482633606,0,29837,Medium
1,0.1057256353867208,0,29837,Medium
1,0.105230983534149,0,29837,Medium
1,0.09721244592530803,0,29837,Medium
1,0.10022155138890682,0,29834,Low
1,0.16941242149605484,0,29828,Medium
1,0.17900242654845683,0,29808,Medium
1,0.1695651796362419,0,29808,Low
1,0.10893610127803122,0,29803,Medium
1,0.13985261842364666,0,29799,Low
1,0.1673942266416334,0,29792,Medium
1,0.1755155055228954,0,29788,Low
1,0.16490911758017746,0,29787,Medium
1,0.15483035186465333,0,29771,Critical
1,0.14452465990891283,0,29770,Low
1,0.1924202104292836,0,29767,Medium
1,0.1203557704540752,0,29758,Low
1,0.17894446061936692,0,29757,Healthy
1,0.12154518919557339,0,29749,Healthy
1,0.08526213265222637,0,29749,Medium
1,0.18934526976929955,0,29747,Medium
1,0.10243204882926421,0,29739,Medium
1,0.18671056335128972,0,29738,Low
1,0.18034230266177254,0,29733,Medium
1,0.14691231153858653,0,29727,Medium
1,0.10425979098525973,0,29720,Healthy
1,0.1792993819221304,0,29714,Low
1,0.11078558916977754,0,29711,Low
1,0.0930726623689147,0,29711,Low
1,0.1255181795696682,0,29711,Low
1,0.05144807858142486,0,29697,Low
1,0.11354120017406155,0,29696,Medium
1,0.14613946735201178,0,29695,Low
-1,-0.015491244353609046,1,29694,Healthy
1,0.04261700749267494,0,29686,Low
1,0.10020883814113479,0,29674,Low
1,0.16904755623535994,0,29668,Medium
1,0.10182652056066477,0,29667,Medium
1,0.11422148153064171,0,29667,Medium
1,0.11366654911834218,0,29667,Medium
1,0.10503096093386566,0,29667,Medium
1,0.06593608384955651,0,29645,Medium
1,0.062665033153186,0,29645,Low
1,0.14883784228725122,0,29642,Medium
1,0.14392920427352224,0,29642,Low
1,0.17812075808864242,0,29627,Medium
1,0.17017772214179722,0,29626,Medium
1,0.1762524519942424,0,29621,Low
1,0.1609955816727327,0,29613,Medium
1,0.09466617465041977,0,29613,Low
1,0.13247330752370606,0,29598,Critical
1,0.05813787707864798,0,29595,Low
1,0.15044805750560597,0,29594,Healthy
1,0.09155484434740918,0,29586,Healthy
1,0.0924376847965157,0,29583,Medium
1,0.1693472217012323,0,29574,Medium
1,0.15364612721976606,0,29573,Medium
1,0.19412275055430012,0,29573,Medium
1,0.16729364096515964,0,29572,Low
1,0.11467828846369205,0,29567,Medium
1,0.035765594286471414,0,29550,Healthy
1,0.18499547904550595,0,29545,Low
1,0.10532915408844956,0,29545,Low
1,0.08751196660131683,0,29545,Low
1,0.12018140873728195,0,29545,Low
1,0.18892593605891994,0,29536,Medium
-1,-0.029102559981660003,1,29533,Healthy
1,0.08295192831523002,0,29528,Low
1,0.16823535007413032,0,29525,Low
1,0.04448779378603307,0,29520,Low
1,0.09049961839678466,0,29507,Low
1,0.08702381209405607,0,29502,Medium
1,0.09953140445100728,0,29502,Medium
1,0.09888574238599768,0,29502,Medium
1,0.08959669066500708,0,29502,Medium
1,0.10387337777814776,0,29489,Medium
1,0.12719620943296667,0,29485,Medium
1,0.19484822212459169,0,29479,Medium
1,0.18636346801624692,0,29479,Low
1,0.1514092544491476,0,29476,Low
1,0.16318558652143578,0,29473,Medium
1,0.17761642320292476,0,29459,Medium
1,0.09708724414741526,0,29456,Low
1,0.17022947040953706,0,29452,Low
1,0.1628223572498781,0,29447,Medium
1,0.1582788332605043,0,29434,Healthy
1,0.13246266445753085,0,29432,Critical
1,0.034342540194497784,0,29426,Healthy
1,0.07116900943809201,0,29426,Low
1,0.04269619436699734,0,29419,Medium
1,0.18546700266362898,0,29413,Medium
1,0.11077342059875406,0,29412,Medium
1,0.18202413595645683,0,29409,Low
1,0.18598033161229816,0,29405,Medium
1,0.12194108823581634,0,29404,Medium
-1,-0.04811231752500067,1,29379,Healthy
1,0.19458402363111987,0,29379,Low
1,0.07481030806144007,0,29378,Low
1,0.10450798700803415,0,29378,Low
1,0.09067442753199656,0,29378,Low
1,0.1822378490905487,0,29376,Medium
-1,-0.015039717219161308,1,29375,Healthy
1,0.17841012524709393,0,29359,Low
1,0.18937051981527275,0,29359,Low
1,0.03733375623650148,0,29351,Low
1,0.06317153954644456,0,29341,Low
1,0.0863996389492262,0,29337,Medium
1,0.09981786315619295,0,29337,Medium
1,0.09942101917237867,0,29337,Medium
1,0.08897594599181524,0,29337,Medium
1,0.1885403048140451,0,29329,Medium
1,0.10394516112558971,0,29313,Medium
1,0.16789177261527022,0,29312,Medium
1,0.15996748626902707,0,29312,Low
1,0.17578978845481608,0,29312,Low
1,0.19476328714616498,0,29310,Medium
1,0.16599218114285086,0,29296,Medium
1,0.09840511663907336,0,29296,Low
1,0.10964559622221398,0,29286,Healthy
1,0.18879941800017852,0,29286,Low
1,0.17593291039630443,0,29278,Medium
1,0.14688140621186585,0,29266,Critical
1,0.07276292990486105,0,29265,Healthy
1,0.07552522957865132,0,29259,Low
1,0.05355995555068305,0,29256,Medium
-1,-0.021821343834280582,1,29251,Medium
1,0.18717842150888386,0,29246,Medium
1,0.1338046956717865,0,29240,Medium
1,0.10616167740516236,0,29239,Low
1,0.18287620934932286,0,29239,Medium
1,0.19379435643531756,0,29219,Low
1,0.07842303438002685,0,29218,Low
1,0.06295386047556034,0,29218,Low
1,0.09004188683351377,0,29218,Low
-1,-0.03782422026278487,1,29213,Healthy
1,0.006517470644096468,0,29209,Healthy
1,0.18737305393334625,0,29206,Medium
1,0.17571337873597298,0,29196,Low
1,0.14031808220126196,0,29186,Low
1,0.04904880899269548,0,29184,Low
1,0.04984838286415505,0,29181,Low
1,0.04892510086569268,0,29180,Medium
1,0.060046799490848346,0,29180,Medium
1,0.060045102697279806,0,29180,Medium
1,0.0520380927443278,0,29180,Medium
1,0.19289259727225744,0,29166,Medium
1,0.157735867693861,0,29146,Medium
1,0.16886841675522324,0,29146,Low
1,0.18219039712831575,0,29146,Medium
1,0.17425772924188898,0,29146,Low
1,0.19162591307428906,0,29143,Medium
1,0.1812310323315645,0,29133,Medium
1,0.0918759895826326,0,29129,Low
1,0.14970814657459042,0,29129,Healthy
1,0.15383114819586408,0,29119,Low
1,0.17128443819603445,0,29111,Medium
1,0.10837676606045249,0,29109,Critical
1,0.04324659489927973,0,29105,Healthy
1,0.05189084949179268,0,29087,Low
-1,-0.013332540830093387,1,29086,Medium
1,0.09975938210448176,0,29084,Medium
1,0.1934106968065547,0,29083,Medium
1,0.11903775358796742,0,29077,Medium
1,0.19197129698049847,0,29072,Medium
1,0.14109469144162562,0,29070,Low
1,0.19846215551337365,0,29055,Low
1,0.06987401997432374,0,29049,Low
1,0.05459522587079613,0,29049,Low
1,0.08511645778884919,0,29049,Low
1,0.17854070000188416,0,29043,Medium
-1,-0.03050055859638301,1,29041,Healthy
1,0.01675883997359373,0,29039,Healthy
1,0.15853694508374405,0,29036,Low
1,0.039635115107059526,0,29024,Low
1,0.0484450296954404,0,29021,Low
1,0.052657514030235886,0,29020,Medium
1,0.06712911841558478,0,29020,Medium
1,0.06664007002480293,0,29020,Medium
1,0.05536375650851899,0,29020,Medium
1,0.17300756553484448,0,29014,Low
1,0.1787291502851489,0,29000,Medium
1,0.1781128819576499,0,28986,Medium
1,0.16382788474590737,0,28983,Medium
1,0.18928076252444148,0,28983,Low
1,0.18127861817027358,0,28983,Low
1,0.19768716016414012,0,28983,Medium
1,0.18248329436283772,0,28969,Medium
1,0.15238086997682326,0,28966,Healthy
1,0.05771781329093201,0,28963,Low
1,0.16851387124147266,0,28959,Low
1,0.19365849992636985,0,28948,Medium
1,0.15831314134885105,0,28942,Critical
1,0.10810681202693334,0,28942,Healthy
1,0.006604505082055678,0,28924,Medium
1,0.19023454645035048,0,28923,Medium
1,0.08904578000985847,0,28917,Medium
1,0.09016054107785071,0,28914,Low
1,0.05625636115437077,0,28911,Medium
1,0.1860451047964501,0,28906,Medium
1,0.12742242515895663,0,28904,Low
1,0.1953243324430078,0,28889,Low
1,0.10822322149709879,0,28886,Healthy
1,0.07589264851115551,0,28880,Low
1,0.05876578259179155,0,28880,Low
1,0.09013473021920088,0,28880,Low
1,0.18770956740915207,0,28874,Medium
1,0.1523541409444979,0,28873,Low
1,0.1042331802966398,0,28864,Low
1,0.019062082737425823,0,28863,Healthy
1,0.053436346224708275,0,28855,Low
1,0.11989131268135678,0,28851,Medium
1,0.13400075204450806,0,28851,Medium
1,0.1333697562039976,0,28851,Medium
1,0.12416192018158251,0,28851,Medium
1,0.18114732044685833,0,28847,Low
1,0.1628094417987075,0,28843,Medium
1,0.16361123157279245,0,28828,Low
1,0.17075042869085483,0,28828,Medium
1,0.19418047805033167,0,28823,Medium
1,0.17718841425733717,0,28820,Low
1,0.1486997713060032,0,28817,Medium
1,0.16092374913727175,0,28809,Healthy
1,0.15341153823878728,0,28806,Medium
1,0.0724684519256042,0,28799,Low
1,0.1828994418592763,0,28793,Low
1,0.11677793438252065,0,28782,Critical
1,0.10464580541262875,0,28776,Healthy
1,0.14371143190523045,0,28769,Medium
-1,-0.02284476215895903,1,28757,Medium
1,0.19698035062106295,0,28756,Medium
1,0.10939356515253135,0,28754,Medium
1,0.07133199938804285,0,28745,Low
1,0.1616789147817842,0,28744,Low
1,0.18643227734937245,0,28737,Medium
1,0.08137189612417073,0,28733,Medium
1,0.18561434212418854,0,28726,Healthy
1,0.19884961133038392,0,28726,Low
1,0.048939661862488104,0,28722,Low
1,0.07755173474077792,0,28722,Low
1,0.06539199601469964,0,28722,Low
1,0.18016042824236944,0,28709,Low
1,0.16539282780314907,0,28709,Healthy
1,0.15367787777627562,0,28701,Medium
1,0.14935645775080608,0,28700,Low
1,0.11493441353351813,0,28688,Medium
1,0.1291213063168959,0,28688,Medium
1,0.1281529444281354,0,28688,Medium
1,0.1184749455674104,0,28688,Medium
1,0.03910104862896713,0,28686,Low
1,0.1650601177898589,0,28681,Low
1,0.1976760986055212,0,28679,Medium
1,0.15016985830497087,0,28677,Medium
1,0.14168647077068386,0,28677,Low
1,0.16335667015963395,0,28669,Medium
1,0.1591897636482994,0,28663,Low
1,0.006611446848436842,0,28654,Low
1,0.14929508374920358,0,28647,Medium
1,0.17533805118037993,0,28646,Healthy
1,0.13484356417175952,0,28640,Medium
1,0.1581464432736317,0,28630,Low
-1,-0.014118041186107266,1,28621,Critical
1,0.10801279173336525,0,28610,Healthy
1,0.13589283993086126,0,28600,Medium
-1,-0.050587377782832066,1,28598,Medium
1,0.1761267769859522,0,28593,Medium
1,0.07809634646660107,0,28592,Medium
1,0.14586521617907372,0,28580,Low
1,0.1811119649211443,0,28580,Medium
1,0.04987181396059137,0,28573,Low
-1,-0.033706088845412374,1,28569,Medium
1,0.0855138010805277,0,28567,Low
1,0.07439686731721801,0,28567,Low
1,0.09670178423209536,0,28567,Low
1,0.17913347936089596,0,28566,Healthy
1,0.1923237214306553,0,28563,Low
1,0.18075130883801754,0,28543,Healthy
1,0.11684151831998169,0,28543,Low
1,0.19546760315530415,0,28538,Medium
1,0.15605441611625137,0,28534,Low
1,0.1895359248740922,0,28521,Low
1,0.0649308062646608,0,28519,Low
1,0.1708199807543001,0,28516,Medium
1,0.1247068883164073,0,28515,Medium
1,0.13657472058012432,0,28515,Medium
1,0.13607896107092193,0,28515,Medium
1,0.12857484256121587,0,28515,Medium
1,0.17715751201714558,0,28512,Medium
1,0.09898350207028045,0,28504,Medium
1,0.08354270593669255,0,28504,Low
1,0.15955994641470483,0,28503,Low
1,0.04976964189380906,0,28494,Low
1,0.14599881761635264,0,28489,Healthy
1,0.16091297328737142,0,28481,Medium
1,0.17828268345985837,0,28470,Medium
1,0.1468164210232154,0,28461,Low
-1,-0.006922959385451732,1,28455,Critical
1,0.12017987435136918,0,28443,Healthy
1,0.13053221321839864,0,28439,Medium
-1,-0.0003327739956664466,1,28436,Medium
1,0.0034244257191485827,0,28435,Medium
1,0.19773000519073536,0,28430,Medium
1,0.1374048077369628,0,28412,Low
1,0.18573976775455414,0,28410,Medium
1,0.04954583039769933,0,28407,Low
1,0.15229104551221,0,28404,Low
1,0.17277768647391978,0,28404,Low
1,0.1633860748054699,0,28404,Low
1,0.023957029050098777,0,28403,Medium
1,0.17490586266367175,0,28397,Low
1,0.18388079526405682,0,28396,Healthy
1,0.17720950894617227,0,28386,Healthy
1,0.10466342974030907,0,28380,Low
1,0.17907892571622758,0,28369,Medium
1,0.15602325836555048,0,28368,Low
1,0.17641646808807637,0,28355,Medium
1,0.19010629949821173,0,28353,Medium
1,0.045308705773676516,0,28353,Low
1,0.13701972658113815,0,28352,Medium
1,0.15000140913663806,0,28352,Medium
1,0.14988697406582402,0,28352,Medium
1,0.14024578933375043,0,28352,Medium
1,0.1819710427438968,0,28349,Low
1,0.15298732994578068,0,28346,Healthy
1,0.1651159313933266,0,28346,Low
1,0.03742615608754485,0,28337,Low
1,0.14131334713087496,0,28331,Medium
1,0.1279374540116417,0,28331,Low
1,0.17151062030888237,0,28326,Medium
1,0.10843405325799504,0,28318,Medium
1,0.12029448483474164,0,28306,Medium
1,0.1783634827237866,0,28301,Low
1,0.01300338315535643,0,28294,Critical
1,0.0019389715494575466,0,28273,Medium
1,0.1584759896609797,0,28269,Medium
1,0.09355181847783262,0,28269,Medium
1,0.09020958258637624,0,28266,Healthy
1,0.031238828280508724,0,28258,Low
1,0.17325481503830586,0,28257,Medium
1,0.18251146386348244,0,28244,Medium
1,0.14086418836646947,0,28244,Low
1,0.12830541498195597,0,28244,Low
1,0.11711652185360033,0,28244,Low
1,0.1446861544130485,0,28243,Low
1,0.025302622392683882,0,28239,Medium
1,0.043565492255240534,0,28237,Low
1,0.17638687924381202,0,28233,Healthy
1,0.169487891326845,0,28229,Healthy
1,0.09462702638172182,0,28226,Low
1,0.17191598007213355,0,28208,Low
1,0.19031893128608007,0,28206,Medium
1,0.1865638791720861,0,28192,Medium
1,0.10107561111450519,0,28189,Medium
1,0.11472905714175047,0,28189,Medium
1,0.11475983939629747,0,28189,Medium
1,0.10523714310939447,0,28189,Medium
1,0.18794223447129266,0,28187,Medium
1,0.19865110797389823,0,28186,Low
1,0.17828117963211204,0,28182,Low
1,0.1673961387727934,0,28182,Healthy
1,0.008780350432479933,0,28181,Low
1,0.09907880597333235,0,28177,Low
1,0.1633171187556866,0,28165,Medium
1,0.15400600285214772,0,28165,Low
1,0.14486057851187556,0,28162,Medium
1,0.15131075934214977,0,28152,Medium
1,0.08963565452963157,0,28143,Medium
1,0.18846134884588395,0,28137,Low
-1,-0.01637600433259101,1,28127,Critical
1,0.12974142286160434,0,28107,Medium
1,0.1481780166028246,0,28106,Healthy
-1,-0.004897885547464842,1,28100,Medium
1,0.17197323802352232,0,28100,Medium
1,0.18463901397273774,0,28094,Medium
1,0.0875377512970722,0,28088,Low
1,0.13926015247090667,0,28078,Low
1,0.1268478260918689,0,28078,Low
1,0.153271162121408,0,28078,Low
1,0.18601082810117775,0,28075,Medium
1,0.03396814588543717,0,28073,Medium
1,0.16442539264315298,0,28073,Low
1,0.05602836096987496,0,28071,Low
1,0.1836721864254079,0,28069,Healthy
1,0.18438874696173718,0,28064,Healthy
1,0.08421746984872452,0,28057,Low
1,0.18075317985854233,0,28042,Medium
1,0.17179104612810392,0,28039,Low
1,0.18834775847779028,0,28026,Medium
1,0.1804919869916412,0,28023,Low
1,0.129856460856292,0,28022,Medium
1,0.14106735253995362,0,28022,Medium
1,0.14083751655390142,0,28022,Medium
1,0.13226722150577447,0,28022,Medium
1,0.18775714774478347,0,28021,Medium
1,0.14162174663410532,0,28018,Low
1,0.14594530441108905,0,28014,Low
1,0.18188101604998874,0,28013,Healthy
1,0.18037896607936416,0,28013,Low
1,0.12623335246691725,0,28002,Medium
1,0.1151072084241645,0,28002,Low
1,0.1331411715097809,0,27999,Medium
1,0.1318902437634093,0,27986,Medium
1,0.15664534016772386,0,27985,Medium
1,0.18011893092990944,0,27977,Low
-1,-0.044902927030004536,1,27968,Critical
1,0.12237072317993958,0,27944,Medium
1,0.16406738393456566,0,27940,Healthy
-1,-0.005338138942912352,1,27938,Medium
1,0.18185458848515257,0,27937,Medium
1,0.18324255491997365,0,27928,Medium
1,0.09783225643729165,0,27919,Low
1,0.13928740317209448,0,27912,Low
1,0.12726303772501557,0,27912,Low
1,0.15384890902277504,0,27912,Low
-1,-0.02053779810868095,1,27909,Medium
1,0.05461922643000505,0,27908,Low
1,0.1752933659585374,0,27907,Low
1,0.18004988402638478,0,27906,Medium
1,0.19319765135236355,0,27903,Healthy
1,0.1491052946295579,0,27892,Healthy
1,0.06811327702941705,0,27888,Low
1,0.17317214564091682,0,27879,Medium
1,0.17810113721651843,0,27872,Low
1,0.11948595234763759,0,27865,Medium
1,0.13025358863226816,0,27865,Medium
1,0.12913755544118677,0,27865,Medium
1,0.12198741689907738,0,27865,Medium
1,0.03801719783239621,0,27861,Low
1,0.1695597584552872,0,27860,Medium
1,0.20116224846770386,0,27857,Medium
1,0.18718105621329872,0,27854,Low
1,0.1553003628923007,0,27847,Low
1,0.17480707396738104,0,27847,Healthy
1,0.17730686587218752,0,27847,Low
1,0.11446891761194078,0,27839,Medium
1,0.14348635834158646,0,27835,Low
1,0.15645095299589984,0,27835,Medium
1,0.0910365549323292,0,27831,Medium
1,0.17436141412551115,0,27822,Medium
1,0.12636461448572417,0,27817,Low
1,0.009062254893184796,0,27804,Critical
1,0.14044984747347333,0,27781,Medium
1,0.1224419337827819,0,27779,Healthy
1,0.07016005512389079,0,27777,Medium
1,0.18270480379224446,0,27774,Medium
1,0.19247616873060885,0,27759,Medium
1,0.049589458714577206,0,27750,Low
1,0.15997691611106396,0,27749,Healthy
1,0.1696785259233901,0,27748,Low
1,0.15827834690555637,0,27748,Low
1,0.18271496203691623,0,27748,Low
1,0.17372226839480132,0,27744,Low
1,0.029153704527590363,0,27743,Medium
1,0.14783049250157437,0,27742,Medium
1,0.058946989064031285,0,27742,Low
1,0.1924935417825444,0,27728,Healthy
1,0.14903436104629397,0,27728,Low
1,0.17420975456663407,0,27716,Medium
1,0.16220009437131844,0,27706,Low
1,0.18232477669347202,0,27699,Medium
1,0.13060110334386826,0,27696,Medium
1,0.14452237340516988,0,27696,Medium
1,0.1439492534507648,0,27696,Medium
1,0.13384248240911267,0,27696,Medium
1,0.16517450735202915,0,27691,Medium
1,0.19653948746677108,0,27687,Low
1,0.17626936252091535,0,27687,Healthy
1,0.17812647295025735,0,27687,Low
1,0.15281568801579287,0,27681,Low
1,0.10402302501205785,0,27678,Medium
-1,-0.010111634806601155,1,27672,Low
1,0.11501300087248822,0,27669,Medium
1,0.1002668468075581,0,27669,Low
1,0.14441617094337028,0,27668,Medium
1,0.059555540842809895,0,27661,Medium
1,0.1132912426621927,0,27651,Low
1,0.008281933259211338,0,27643,Critical
1,0.1623943263642078,0,27616,Healthy
1,0.05015611617517046,0,27616,Medium
1,0.07324731135293283,0,27615,Medium
1,0.18449495151429074,0,27604,Medium
1,0.1479632052149637,0,27593,Medium
1,0.17437948497330025,0,27585,Low
1,0.1646839863505158,0,27585,Low
1,0.18778014691681216,0,27585,Low
1,0.15575543512488477,0,27584,Low
1,0.17158422025326764,0,27582,Healthy
1,0.08144551356838386,0,27581,Low
1,0.041010757198300274,0,27577,Medium
1,0.044284265773415155,0,27572,Low
1,0.13397198820386153,0,27570,Medium
1,0.12839727973488868,0,27567,Low
1,0.1757659400260978,0,27559,Healthy
1,0.17154710082426827,0,27553,Medium
1,0.16506225149507053,0,27546,Low
1,0.17156799660621375,0,27539,Medium
1,0.1311124332896219,0,27529,Medium
1,0.14248893968239218,0,27529,Medium
1,0.14215578755824188,0,27529,Medium
1,0.13340984063207129,0,27529,Medium
1,0.19628052280898534,0,27527,Low
1,0.1827894738960934,0,27527,Healthy
1,0.1843389674705343,0,27527,Low
1,0.149219764801169,0,27525,Medium
1,0.17085514378713157,0,27521,Low
1,0.1267673943602199,0,27512,Medium
1,0.13358370344393133,0,27508,Low
1,0.14709320657296304,0,27504,Medium
1,0.12423101170163364,0,27502,Medium
1,0.10760024517473532,0,27502,Low
1,0.15008605261348829,0,27497,Medium
1,0.15527600293615623,0,27491,Low
1,0.003283484562067396,0,27470,Critical
1,0.1179956661218341,0,27460,Medium
1,0.15016244271377632,0,27459,Healthy
1,0.06864198466478821,0,27456,Medium
1,0.17917236509166096,0,27441,Medium
1,0.14287184694575317,0,27430,Medium
1,0.14652031682500538,0,27428,Healthy
1,0.14956304449635976,0,27421,Low
1,0.1741022829629985,0,27419,Low
1,0.16278870655239697,0,27419,Low
1,0.18657970760121245,0,27419,Low
1,0.028933983435342037,0,27412,Medium
1,0.18789309509137292,0,27411,Low
1,0.15264523446244477,0,27407,Medium
1,0.06982456061794168,0,27406,Low
1,0.12731476693626959,0,27396,Low
1,0.1876219846012125,0,27396,Healthy
1,0.18967926872673313,0,27384,Medium
1,0.17862945466208435,0,27376,Medium
1,0.15721467761199925,0,27375,Low
1,0.20099409968217957,0,27364,Low
1,0.11289325218715962,0,27360,Medium
1,0.12576055725944385,0,27360,Medium
1,0.12516394525986363,0,27360,Medium
1,0.11545249144075426,0,27360,Medium
1,0.18424356946418302,0,27357,Healthy
1,0.18321191647800622,0,27357,Low
1,0.17222779665519078,0,27352,Low
1,0.16797266440648545,0,27351,Medium
1,0.16927322764326308,0,27345,Low
1,0.11787689439692861,0,27338,Medium
1,0.16353768788965556,0,27337,Medium
1,0.10464287070680106,0,27337,Medium
1,0.1616736281901363,0,27337,Medium
1,0.15004606786109992,0,27337,Low
1,0.100067111979253,0,27321,Low
1,0.007258233147881321,0,27313,Medium
1,0.002666583477018536,0,27308,Critical
1,0.05258475607225144,0,27303,Medium
1,0.1555824991576109,0,27302,Healthy
1,0.1634680790100525,0,27294,Healthy
1,0.1793807571023952,0,27275,Medium
1,0.1464660022667344,0,27269,Medium
1,0.19197806316531918,0,27265,Healthy
1,0.17907958272529134,0,27257,Low
1,0.17766575313555294,0,27253,Low
1,0.166863431602709,0,27253,Low
1,0.19039770386535826,0,27253,Low
1,0.02031149853633385,0,27247,Medium
1,0.16100711352988745,0,27244,Medium
1,0.13869895590243236,0,27241,Low
1,0.05062597866749152,0,27240,Low
1,0.13936737889681006,0,27239,Low
1,0.17816807885411956,0,27233,Healthy
1,0.11502805849396175,0,27225,Healthy
1,0.17285905701003396,0,27223,Medium
1,0.17208002421951202,0,27219,Medium
1,0.12359798740775751,0,27217,Low
1,0.10420229653508117,0,27201,Medium
1,0.11577328755141664,0,27201,Medium
1,0.1154653283084845,0,27201,Medium
1,0.10817772465553427,0,27201,Medium
1,0.1983143657456618,0,27198,Low
1,0.1669091453320946,0,27194,Healthy
1,0.1680940753406165,0,27194,Low
1,0.12295019188572143,0,27190,Medium
1,0.1781983433419162,0,27186,Low
1,0.17501741874441173,0,27179,Low
1,0.187677321535485,0,27178,Medium
1,0.0897962524924577,0,27178,Medium
1,0.1694994076764429,0,27174,Medium
1,0.15105740499412162,0,27173,Medium
1,0.13360177699403913,0,27173,Low
1,0.1364410677944934,0,27164,Low
1,0.06740122785026786,0,27154,Medium
1,0.07505192221277118,0,27147,Critical
1,0.12238415964662053,0,27140,Medium
1,0.16983566670132427,0,27135,Healthy
1,0.16417117798129266,0,27122,Healthy
1,0.17448201099544197,0,27106,Medium
1,0.172679307333368,0,27105,Healthy
1,0.15276098125430898,0,27105,Medium
1,0.11358890210219835,0,27091,Low
1,0.03910555782268699,0,27086,Medium
1,0.14853056164959727,0,27083,Low
1,0.13592938039225305,0,27083,Low
1,0.16591183592724917,0,27083,Low
1,0.14530664499066565,0,27078,Low
1,0.11867176004798041,0,27074,Medium
1,0.17212221784455756,0,27070,Healthy
1,0.014783200837525046,0,27067,Low
1,0.17189176685369972,0,27067,Low
1,0.14864947507479376,0,27065,Healthy
1,0.19266229041753608,0,27057,Medium
1,0.18009517170416628,0,27056,Medium
1,0.15832948866648727,0,27051,Low
1,0.12685316268683505,0,27036,Medium
1,0.14154825399217974,0,27036,Medium
1,0.1411278866529072,0,27036,Medium
1,0.13124309574645315,0,27036,Medium
1,0.20127629582166562,0,27035,Low
1,0.15829948571876912,0,27031,Healthy
1,0.15902311379462253,0,27031,Low
1,0.14248076377052993,0,27030,Medium
1,0.160730325594367,0,27019,Low
1,0.14780006319944677,0,27019,Medium
1,0.08974908380700397,0,27018,Medium
1,0.1797899524491236,0,27014,Medium
1,0.16901915170445014,0,27012,Low
1,0.1497270590857011,0,27010,Medium
1,0.1351387689031348,0,27010,Low
1,0.034303973552709977,0,27003,Medium
1,0.1646779052069538,0,27001,Low
1,0.05553898173653782,0,26985,Critical
1,0.1320701120656868,0,26978,Medium
1,0.1708434403077792,0,26972,Healthy
1,0.06156414473976968,0,26947,Healthy
1,0.1327044793179188,0,26942,Healthy
1,0.19170581063170739,0,26939,Medium
1,0.06390652670915925,0,26938,Medium
1,0.09851612164296192,0,26928,Low
1,0.11648514938909904,0,26927,Medium
1,0.16754833369924482,0,26920,Low
1,0.19403816995236622,0,26920,Low
1,0.1811040066365771,0,26920,Low
1,0.09517724057327748,0,26913,Low
1,0.15672400942277137,0,26911,Medium
1,0.17123387747686242,0,26906,Healthy
1,0.14972958105048673,0,26904,Low
1,0.1814202574891498,0,26900,Low
1,0.14520214412223748,0,26898,Healthy
1,0.15138853629258675,0,26891,Medium
1,0.15580411618683138,0,26890,Low
1,0.10680810105605681,0,26887,Medium
1,0.12953583045623657,0,26876,Medium
1,0.16354007129008413,0,26874,Healthy
1,0.168448163913678,0,26874,Low
1,0.1346708989413372,0,26872,Medium
1,0.14718405409593666,0,26872,Medium
1,0.1465304665992319,0,26872,Medium
1,0.1383462204978929,0,26872,Medium
1,0.19505568938982343,0,26871,Low
1,0.1644472396659541,0,26859,Low
1,0.11834622267528822,0,26858,Medium
1,0.13498302458506622,0,26853,Medium
1,0.19064712749772106,0,26852,Medium
1,0.105318112420769,0,26843,Low
1,0.09754539574151588,0,26841,Medium
1,0.08247721334551505,0,26841,Low
1,0.15377380000526136,0,26838,Low
1,0.052251590987502095,0,26837,Medium
1,0.07588720263678411,0,26826,Critical
1,0.1574315322680645,0,26818,Medium
1,0.15461134334429016,0,26815,Healthy
1,0.14139254667671275,0,26782,Healthy
1,0.14966096778303634,0,26781,Healthy
1,0.05938902120067596,0,26775,Medium
1,0.0922260617004042,0,26774,Low
1,0.15630081393066764,0,26773,Medium
1,0.14975519498878093,0,26763,Low
1,0.17603375202141663,0,26763,Low
1,0.16451802193299758,0,26763,Low
1,0.1057256353867208,0,26759,Medium
1,0.11230698361788022,0,26756,Low
1,0.04285417876518516,0,26747,Low
1,0.17146007908843341,0,26743,Healthy
1,0.13915482672941637,0,26742,Medium
1,0.14193286038135694,0,26735,Healthy
1,0.16540696591642928,0,26734,Low
1,0.1939673907944433,0,26725,Medium
1,0.12079731044376801,0,26724,Low
1,0.17994568247172327,0,26724,Medium
1,0.18163948382059553,0,26710,Medium
1,0.17760415790735862,0,26705,Low
1,0.17800552241252482,0,26705,Healthy
1,0.17677845120777197,0,26705,Low
1,0.1195731590394572,0,26701,Medium
1,0.13238690306893502,0,26701,Medium
1,0.13181394743739577,0,26701,Medium
1,0.12313367927877589,0,26701,Medium
1,0.11156064857673936,0,26701,Medium
1,0.1738617370678811,0,26691,Medium
1,0.15789080853900256,0,26688,Low
1,0.17358858345556427,0,26687,Medium
1,0.01239500724373832,0,26683,Critical
1,0.14143704176652794,0,26680,Low
1,0.1376792891062324,0,26677,Medium
1,0.12054881667560502,0,26677,Low
1,0.09673285841242674,0,26676,Medium
1,0.160414807411298,0,26675,Low
1,0.16914207624046884,0,26655,Healthy
1,0.12936010938346426,0,26655,Medium
1,0.11423616310260948,0,26622,Healthy
1,0.0916433514810801,0,26615,Medium
1,0.17163385355019745,0,26613,Medium
1,0.12906822600752282,0,26612,Healthy
1,0.07984279753406864,0,26605,Low
1,0.17906452188162858,0,26600,Low
1,0.1662470448376288,0,26600,Low
1,0.1924646075908487,0,26600,Low
1,0.1393030197734445,0,26592,Low
1,0.11422148153064171,0,26590,Medium
1,0.1482992286231387,0,26575,Medium
1,0.18972027568723676,0,26574,Low
1,0.1866210685624235,0,26574,Healthy
1,0.15136568844818593,0,26572,Healthy
1,0.07570140235495565,0,26561,Low
1,0.17209348618231962,0,26560,Medium
-1,-0.00393289229288174,1,26558,Low
1,0.1878405600977997,0,26555,Medium
1,0.14725479796701435,0,26551,Low
1,0.07663170353170606,0,26548,Medium
1,0.08890096523285707,0,26548,Medium
1,0.08723024497492388,0,26548,Medium
1,0.08055721105142727,0,26548,Medium
1,0.18996988297398537,0,26544,Medium
1,0.18457102285705135,0,26538,Healthy
1,0.18362652719419548,0,26538,Low
1,0.13938727977623772,0,26535,Medium
1,0.13832046668684372,0,26530,Low
1,0.12704430991509125,0,26530,Medium
1,0.11449102648377979,0,26525,Medium
1,0.07537123063280265,0,26523,Critical
1,0.13556315288852666,0,26514,Medium
1,0.11778279128758051,0,26514,Low
1,0.15272141188620064,0,26514,Low
1,0.09938392349152442,0,26513,Medium
1,0.06596792675688906,0,26512,Low
1,0.17052303470944635,0,26492,Healthy
1,0.15796815426199945,0,26491,Medium
1,0.13231716434274265,0,26459,Healthy
1,0.135508687302703,0,26452,Healthy
1,0.18471326695899803,0,26447,Low
1,0.047627774586485705,0,26446,Medium
1,0.06328288561266376,0,26436,Low
1,0.1395982240190744,0,26435,Low
1,0.16086021595982997,0,26428,Low
1,0.14666410328041435,0,26428,Low
1,0.17641804646600429,0,26428,Low
1,0.09953140445100728,0,26425,Medium
1,0.16995651005326418,0,26414,Healthy
1,0.12067910886094252,0,26409,Medium
1,0.14713086184565533,0,26408,Healthy
1,0.18215920500794774,0,26402,Low
1,0.18030070801180564,0,26398,Low
1,0.14050434255838617,0,26395,Low
1,0.17544830606377948,0,26394,Medium
1,0.12982471275994645,0,26384,Medium
1,0.14291126976297464,0,26384,Medium
1,0.14287392034324964,0,26384,Medium
1,0.1325500975229208,0,26384,Medium
1,0.17020627625589219,0,26383,Medium
1,0.16761691583261362,0,26382,Low
1,0.1869589633683768,0,26380,Medium
1,0.04316437746675761,0,26372,Critical
1,0.17814079342857048,0,26369,Healthy
1,0.1770007923040368,0,26369,Low
1,0.13933560351276575,0,26368,Medium
1,0.18728688927482423,0,26366,Medium
1,0.13718698891380193,0,26364,Low
1,0.17488926381907594,0,26359,Medium
1,0.13641817296155762,0,26357,Low
1,0.14111542100847468,0,26354,Medium
1,0.12357866757770064,0,26354,Low
1,0.08743477261707538,0,26353,Medium
1,0.13294954599445508,0,26339,Low
1,0.16785867248662967,0,26329,Healthy
1,0.17919463007436665,0,26325,Medium
1,0.16760050160000634,0,26317,Healthy
1,0.08440167626676887,0,26292,Healthy
1,0.16009712191344644,0,26284,Low
1,0.1169225422142634,0,26280,Healthy
1,0.053396270871268636,0,26277,Medium
1,0.1467517299198821,0,26276,Low
1,0.15811975250108817,0,26275,Low
1,0.177963405409639,0,26264,Low
1,0.1649593247912608,0,26264,Low
1,0.19152617179621123,0,26264,Low
1,0.09981786315619295,0,26260,Medium
1,0.18991995453899613,0,26247,Healthy
1,0.15196313869742567,0,26245,Healthy
1,0.12226684325764181,0,26243,Medium
1,0.1989680940914061,0,26238,Low
1,0.15161780323901675,0,26237,Medium
1,0.1777847073335067,0,26232,Low
1,0.17217214700725197,0,26232,Low
1,0.17112996010765558,0,26225,Medium
1,0.13436072719820769,0,26223,Medium
1,0.14706972127437062,0,26223,Medium
1,0.14714325933949846,0,26223,Medium
1,0.13819118252875429,0,26223,Medium
1,0.17881763073240436,0,26217,Medium
1,0.17814503861337133,0,26216,Low
1,0.17187603530131568,0,26212,Healthy
1,0.17557051131655088,0,26212,Low
1,0.05959271006630995,0,26207,Critical
1,0.148780712742611,0,26204,Low
1,0.16693367042444085,0,26204,Low
1,0.1289548342271012,0,26202,Medium
1,0.1762669324830194,0,26194,Medium
1,0.14075095021780548,0,26191,Medium
1,0.12428554911833928,0,26191,Low
1,0.13449514513130678,0,26184,Low
1,0.06848253800762266,0,26184,Medium
1,0.14800287148860886,0,26173,Low
1,0.17234057094892757,0,26162,Healthy
1,0.19050040657899864,0,26162,Medium
1,0.16219590797026912,0,26145,Healthy
1,0.09223067118207062,0,26126,Healthy
1,0.1103554058635614,0,26120,Healthy
1,0.12472009606934131,0,26116,Low
1,0.1500189988458948,0,26114,Low
1,0.11221041823634881,0,26110,Medium
1,0.13096380985582112,0,26106,Low
1,0.060046799490848346,0,26102,Medium
1,0.1425788269161698,0,26085,Healthy
1,0.1486570427043788,0,26081,Healthy
1,0.18077876910849772,0,26076,Low
1,0.14433792849223137,0,26075,Low
1,0.17258255857097815,0,26074,Medium
1,0.13736643891234912,0,26074,Medium
1,0.18178196768188498,0,26065,Low
1,0.18460103820976315,0,26065,Medium
1,0.18110166667910327,0,26060,Medium
1,0.18935155396725661,0,26060,Medium
1,0.18909842427487134,0,26060,Medium
1,0.1834992394713606,0,26060,Medium
1,0.14227547704358456,0,26057,Medium
1,0.1763106692788226,0,26053,Low
1,0.187754790167598,0,26046,Healthy
1,0.18723422886139718,0,26046,Low
1,0.10111419576522945,0,26046,Critical
1,0.17212269230989435,0,26044,Low
1,0.13930504973389823,0,26038,Low
1,0.14210769863869754,0,26036,Medium
1,0.18115013830163573,0,26024,Medium
1,0.1278453200781552,0,26024,Medium
1,0.11013370731342009,0,26018,Medium
1,0.09488849748596084,0,26018,Low
1,0.1194362571472129,0,26014,Low
1,0.15269479742700676,0,26010,Low
1,0.17593331483157731,0,25999,Healthy
1,0.18142722851818638,0,25995,Medium
1,0.05973636741046734,0,25970,Healthy
1,0.15473347118553926,0,25957,Healthy
1,0.13330921045327804,0,25957,Medium
1,0.18113559089285108,0,25954,Low
1,0.1274020006456134,0,25952,Low
1,0.11486763430997754,0,25946,Medium
1,0.08359157499569525,0,25946,Medium
1,0.1232240184927425,0,25944,Low
1,0.06712911841558478,0,25943,Low
1,0.17028060931541233,0,25938,Low
1,0.15828219029685342,0,25938,Low
1,0.18334846559250956,0,25938,Low
1,0.13146886011376868,0,25919,Healthy
1,0.19035859743238315,0,25915,Healthy
1,0.15708505056262034,0,25909,Low
1,0.14410858773477098,0,25907,Medium
1,0.1874805197588385,0,25907,Low
1,0.16777734869082572,0,25905,Medium
1,0.18730810032321138,0,25901,Medium
1,0.17828531771166434,0,25899,Low
1,0.15859961329691358,0,25892,Low
1,0.17942696284757836,0,25891,Medium
1,0.1869360032911706,0,25891,Medium
1,0.18631173738692047,0,25891,Medium
1,0.1811712578494068,0,25891,Medium
1,0.17243522023565638,0,25883,Healthy
1,0.1770941587224576,0,25883,Low
1,0.10471399869673265,0,25882,Critical
1,0.09281200310328147,0,25875,Low
1,0.14192233820956673,0,25873,Medium
1,0.14483348439582566,0,25872,Low
1,0.1866745717563803,0,25864,Medium
1,0.15790685691253076,0,25863,Medium
1,0.14154784034151086,0,25855,Medium
1,0.12601797329919978,0,25855,Low
1,0.14793982898147695,0,25848,Low
1,0.13710915393440298,0,25841,Low
1,0.1467263250955697,0,25838,Medium
1,0.1806222632508132,0,25836,Healthy
1,0.1513436042915367,0,25804,Healthy
1,0.15445654947382959,0,25791,Medium
1,0.19170356074090272,0,25791,Low
1,0.1340583315791381,0,25789,Low
1,0.16850788239987446,0,25789,Low
1,0.12787585943554558,0,25787,Low
1,0.14968108401044933,0,25787,Low
1,0.13753297480219145,0,25787,Low
1,0.037147563776717574,0,25785,Healthy
1,0.17999353176698618,0,25780,Medium
1,0.13400075204450806,0,25774,Low
1,0.08578708773288246,0,25771,Medium
1,0.14650646352010083,0,25755,Healthy
1,0.14725915480934954,0,25748,Low
1,0.18559940540498054,0,25746,Healthy
1,0.14856455094515436,0,25744,Medium
1,0.14184506614865322,0,25744,Medium
1,0.18251957049764467,0,25741,Medium
1,0.1965082092683449,0,25740,Low
1,0.12126274668844722,0,25731,Medium
1,0.14111542100847468,0,25731,Medium
1,0.12357866757770064,0,25731,Medium
1,0.140845539377924,0,25731,Medium
1,0.11261901272853536,0,25730,Low
1,0.1520847930549697,0,25729,Low
1,0.09448229130532454,0,25723,Critical
1,0.12638922119912815,0,25713,Low
1,0.12423265451647614,0,25713,Healthy
1,0.18996920223143027,0,25711,Low
1,0.1534801716149808,0,25709,Medium
1,0.17003039062761827,0,25705,Low
1,0.14370572400987008,0,25703,Medium
1,0.18463850903516416,0,25695,Medium
1,0.10514852935652569,0,25686,Low
1,0.12277185242301697,0,25686,Medium
1,0.15238212844346172,0,25685,Low
1,0.13020455086246913,0,25677,Low
1,0.18832936311926807,0,25672,Medium
1,0.17489396997714723,0,25670,Healthy
1,0.0887131314441284,0,25635,Low
1,0.13042932852457073,0,25635,Healthy
1,0.18265825726995372,0,25631,Low
1,0.14245706265028585,0,25626,Low
1,0.17297291275127202,0,25624,Low
1,0.16217222018094707,0,25624,Low
1,0.18899115676973016,0,25624,Low
1,0.17522975441869587,0,25620,Medium
1,0.13342870608587848,0,25618,Medium
1,0.1291213063168959,0,25610,Low
1,0.0945872127771793,0,25608,Healthy
1,0.10930221985623695,0,25605,Medium
1,0.1254833239425419,0,25598,Healthy
1,0.16824190239141285,0,25584,Medium
1,0.16523029422817176,0,25582,Low
1,0.1965338383423777,0,25580,Low
1,0.18485320058885918,0,25578,Medium
1,0.1669271143165174,0,25573,Medium
1,0.11240770555621837,0,25572,Medium
1,0.12226971784181795,0,25568,Medium
1,0.14049867699612018,0,25568,Medium
1,0.12428554911833928,0,25568,Medium
1,0.14037086756409534,0,25568,Medium
1,0.150074796796611,0,25567,Low
1,0.18130476374245552,0,25566,Low
1,0.16449769673410353,0,25556,Low
1,0.16014424635218877,0,25556,Healthy
1,0.07307185051238901,0,25554,Critical
1,0.1675075538688145,0,25545,Low
1,0.1847672694541741,0,25545,Low
1,0.15098417249769136,0,25543,Medium
1,0.18947035911210458,0,25534,Medium
1,0.10481293041006562,0,25530,Medium
1,0.1456810540470272,0,25528,Low
1,0.1352015622824273,0,25525,Medium
1,0.1180273774695692,0,25525,Low
1,0.1617215420023254,0,25510,Healthy
1,0.19733344553193272,0,25509,Medium
1,0.10268190299889202,0,25505,Low
1,0.13826502210352676,0,25475,Healthy
1,0.12963542297519792,0,25471,Low
1,0.13835085098132371,0,25469,Low
1,0.1443208912453251,0,25464,Low
1,0.13468572810785245,0,25464,Low
1,0.16032350326180478,0,25464,Low
1,0.09190992137093001,0,25461,Low
1,0.1409169055852813,0,25458,Medium
1,0.17910015366594,0,25457,Medium
1,0.08346094639331847,0,25451,Healthy
1,0.07639752861459714,0,25441,Medium
1,0.13657472058012432,0,25438,Low
1,0.14585881168796044,0,25435,Healthy
1,0.14132909138409305,0,25430,Medium
1,0.16639950435018247,0,25419,Low
1,0.1669658332350928,0,25418,Medium
1,0.20088737656740063,0,25417,Low
1,0.16754611451423396,0,25415,Medium
1,0.11746330074453243,0,25406,Medium
1,0.1587074160400288,0,25400,Low
1,0.11605658370013505,0,25400,Low
1,0.09019814418367572,0,25396,Medium
1,0.10974672741871339,0,25396,Medium
1,0.09488849748596084,0,25396,Medium
1,0.10960429736232946,0,25396,Medium
1,0.13492882067081474,0,25393,Critical
1,0.18252198203105746,0,25393,Healthy
1,0.18113204031034397,0,25393,Low
1,0.1572304256906893,0,25388,Low
1,0.11350909444558133,0,25379,Low
1,0.17026607705249774,0,25377,Medium
1,0.17832550247155232,0,25368,Medium
1,0.14872602093695564,0,25362,Low
1,0.11498930963788573,0,25362,Low
1,0.13236775890108732,0,25362,Medium
1,0.14184882402577542,0,25361,Medium
1,0.16299490155336938,0,25344,Healthy
1,0.19483880221638156,0,25342,Medium
1,0.14178804707324083,0,25339,Low
1,0.09719746728999601,0,25318,Low
1,0.117963683406412,0,25304,Low
1,0.10875220784825201,0,25304,Low
1,0.11734038631659044,0,25303,Healthy
1,0.15093095501268894,0,25301,Low
1,0.13741687105811923,0,25301,Low
1,0.16471691042275577,0,25301,Low
1,0.18543550521529284,0,25294,Low
1,0.09680569011765705,0,25284,Medium
1,0.15000140913663806,0,25275,Low
1,0.11347210356590437,0,25274,Healthy
1,0.03806876525520553,0,25273,Healthy
1,0.10211243830134548,0,25272,Medium
1,0.15609008623335563,0,25261,Medium
1,0.17882507955407667,0,25258,Medium
1,0.16495482945164758,0,25256,Low
1,0.18140243984460303,0,25255,Medium
1,0.19811114554138615,0,25251,Low
1,0.1441465424265606,0,25243,Low
1,0.13302531427107667,0,25242,Medium
1,0.10100152120785572,0,25237,Low
1,0.16042821215665015,0,25233,Critical
1,0.12465049913846449,0,25232,Medium
1,0.1415296793218644,0,25232,Medium
1,0.12601797329919978,0,25232,Medium
1,0.14040844439715555,0,25232,Medium
1,0.17711136607840633,0,25227,Healthy
1,0.17378529357584555,0,25227,Low
1,0.1700554268094021,0,25222,Low
1,0.1307351900550352,0,25216,Low
1,0.16199627132099348,0,25205,Medium
1,0.1848682202226582,0,25204,Medium
1,0.16035776269257074,0,25196,Low
1,0.1556217859775933,0,25195,Medium
1,0.12951658894682622,0,25193,Medium
1,0.11224145279032433,0,25193,Low
1,0.14683546877454362,0,25190,Healthy
-1,-0.040868925663408495,1,25186,Medium
1,0.14807301072264484,0,25176,Low
1,0.1624709875847702,0,25152,Low
1,0.15832690833737328,0,25144,Low
1,0.1115002426131258,0,25143,Healthy
1,0.13596657919830546,0,25140,Low
1,0.18433258759955268,0,25137,Low
1,0.1506767332969487,0,25135,Low
1,0.13613532105861254,0,25135,Low
1,0.1639830721090501,0,25135,Low
1,0.0484586763003908,0,25129,Medium
1,0.08211575466315058,0,25112,Medium
1,0.11472905714175047,0,25111,Low
1,0.12114899439508886,0,25111,Healthy
1,0.01151378065330766,0,25103,Healthy
1,0.14111542100847468,0,25101,Medium
1,0.14050838017008616,0,25096,Medium
1,0.14113949791897717,0,25096,Low
1,0.1854434538438342,0,25091,Medium
1,0.20151299207721363,0,25087,Low
1,0.09412665657474506,0,25083,Low
1,0.15072413126453826,0,25072,Critical
1,0.14035918677380838,0,25071,Low
1,0.03761645540307379,0,25070,Medium
1,0.1866928266404812,0,25064,Healthy
1,0.18514817900447933,0,25064,Low
1,0.10149156824482775,0,25063,Medium
1,0.1231140911163851,0,25063,Medium
1,0.10514852935652569,0,25063,Medium
1,0.12329553066731025,0,25063,Medium
1,0.16108466132320248,0,25062,Low
1,0.08659912984729018,0,25040,Low
1,0.19317941864556026,0,25038,Medium
1,0.11779980633854226,0,25035,Medium
1,0.10230676112602965,0,25035,Low
1,0.1397060930844395,0,25031,Medium
1,0.1343050575775835,0,25031,Healthy
1,0.08551395581964205,0,25030,Medium
1,0.14021116814788032,0,25027,Low
1,0.1796681565716874,0,25026,Healthy
1,0.0022036546599892848,0,25019,Medium
1,0.12285012127757583,0,25009,Low
1,0.1498114063138844,0,24995,Low
1,0.13567787570957796,0,24983,Low
1,0.15391235431653555,0,24980,Healthy
1,0.18572495506917697,0,24980,Low
1,0.1039873100239801,0,24975,Low
1,0.15961640227039975,0,24974,Low
1,0.14590711147055718,0,24974,Low
1,0.1325309709395069,0,24974,Low
1,0.13814708380548463,0,24963,Medium
1,0.1323941812067257,0,24948,Healthy
1,0.14106735253995362,0,24945,Low
1,0.14075095021780548,0,24938,Medium
1,0.09146606230998522,0,24937,Healthy
1,0.09792738612466123,0,24936,Medium
1,0.17967207982017402,0,24934,Medium
1,0.09562025037561439,0,24933,Low
1,0.17960444478851584,0,24931,Medium
1,0.19529654313101286,0,24924,Low
1,0.08064083154229473,0,24914,Low
1,0.18263125975285416,0,24904,Healthy
1,0.1269015837047438,0,24904,Medium
1,0.18119384673790906,0,24904,Low
1,0.11562574708950452,0,24903,Medium
1,0.1351831227909448,0,24903,Medium
1,0.1180273774695692,0,24903,Medium
1,0.13469060834542473,0,24903,Medium
1,0.12640673461278856,0,24901,Low
1,0.11126344547812406,0,24900,Critical
1,0.17950684154216712,0,24895,Low
1,0.16295514807460598,0,24874,Low
1,0.1667400230893457,0,24871,Medium
1,0.15451290672240425,0,24866,Healthy
1,0.10865946637960261,0,24862,Medium
1,0.03722832808421683,0,24860,Medium
1,0.08022626531649818,0,24859,Medium
1,0.06587359960231698,0,24859,Low
1,0.15621564467289734,0,24858,Low
1,0.1167977991038312,0,24853,Medium
1,0.11229059572571959,0,24853,Healthy
1,0.11879684250781475,0,24843,Low
1,0.12636339255133766,0,24838,Low
1,0.15470237165886386,0,24823,Low
1,0.1402035462358452,0,24818,Low
1,0.126694355881121,0,24817,Low
1,0.10916827613322483,0,24817,Low
1,0.09433525601003273,0,24817,Low
1,0.19696689673376655,0,24813,Low
1,0.10963820522439716,0,24809,Medium
1,0.031101251455470824,0,24808,Healthy
1,0.13025358863226816,0,24788,Low
1,0.11824035463641841,0,24785,Healthy
1,0.0948848496231291,0,24773,Medium
1,0.17265109826482328,0,24773,Low
1,0.17378492340189478,0,24772,Medium
1,0.18141623690047187,0,24769,Medium
1,0.02516100024990564,0,24768,Healthy
1,0.11013370731342009,0,24765,Medium
1,0.17725137525832996,0,24758,Low
1,0.10788023549962178,0,24747,Medium
1,0.06511563922683783,0,24744,Low
1,0.17698289121041139,0,24743,Healthy
1,0.17718477034937563,0,24743,Low
1,0.11279683560114656,0,24739,Medium
1,0.13234919506358295,0,24739,Medium
1,0.11498930963788573,0,24739,Medium
1,0.13214781866358238,0,24739,Medium
1,0.15399856787496957,0,24735,Low
1,0.1792544503564188,0,24732,Low
1,0.14894516952758408,0,24731,Critical
1,0.13671826686561545,0,24708,Medium
1,0.1343050575775835,0,24708,Healthy
1,0.13310467607296428,0,24705,Low
1,0.17894446061936692,0,24703,Healthy
-1,-0.03454893386147895,1,24702,Medium
-1,-0.04996221704419668,1,24701,Medium
-1,-0.05750132610126901,1,24701,Low
1,0.03934553140571917,0,24698,Low
1,0.15526588837407945,0,24694,Low
1,0.16362029892067226,0,24690,Medium
1,0.16077540733964168,0,24690,Healthy
1,0.11414238078490874,0,24683,Low
1,0.15640728652740826,0,24671,Low
1,0.12333780748913686,0,24655,Medium
1,0.16753893470059644,0,24655,Low
1,0.14604832734261125,0,24654,Low
1,0.13192949657220493,0,24654,Low
1,0.16150122542774448,0,24654,Low
1,0.1270561347108234,0,24654,Low
1,0.2009323530108843,0,24650,Low
1,0.09170697807741829,0,24631,Healthy
1,0.14452237340516988,0,24618,Low
1,0.05530783308089904,0,24618,Healthy
1,0.17357261910552524,0,24612,Medium
1,0.09494934662940652,0,24610,Medium
1,0.1655992412580306,0,24609,Low
1,0.1625930327268616,0,24609,Medium
1,0.148237937436349,0,24604,Low
1,0.14154784034151086,0,24602,Medium
-1,-0.025902480551884155,1,24593,Healthy
1,0.16526229761893352,0,24586,Healthy
1,0.16800874936818244,0,24586,Low
1,0.14795746105212237,0,24584,Low
1,0.08581759446890536,0,24580,Low
1,0.1547378561871966,0,24572,Low
1,0.10917719627685862,0,24570,Medium
1,0.13004540925833663,0,24570,Medium
1,0.11224145279032433,0,24570,Medium
1,0.1287098377182636,0,24570,Medium
1,0.17863759592820072,0,24569,Low
1,0.16036075044251952,0,24564,Critical
1,0.13885319459625278,0,24551,Medium
1,0.12516657582216956,0,24544,Low
1,0.15044805750560597,0,24540,Medium
1,0.023683997590120964,0,24539,Medium
1,0.03691554040043288,0,24539,Low
1,0.14729611874938786,0,24537,Low
-1,-0.02175822480462619,1,24533,Medium
-1,-0.03113279867774177,1,24533,Low
1,0.11219064348152546,0,24529,Healthy
1,0.13401738910373362,0,24520,Medium
1,0.1326911236434956,0,24520,Healthy
1,0.10279867591092212,0,24520,Low
1,0.1565153666197368,0,24514,Low
1,0.12503408382511833,0,24500,Low
1,0.16849131905549303,0,24496,Low
1,0.15663141032734312,0,24492,Low
1,0.13064571457698654,0,24489,Medium
1,0.13347359673159997,0,24488,Low
1,0.11907350582300918,0,24488,Low
1,0.15022319298915549,0,24488,Low
1,0.08346094639331847,0,24474,Healthy
1,0.14248893968239218,0,24452,Low
1,0.17402487566039593,0,24448,Medium
1,0.15714931551310335,0,24446,Low
1,0.08163341698346094,0,24441,Healthy
1,0.1671705637366394,0,24435,Low
1,0.10615279849534731,0,24433,Medium
1,0.12277185242301697,0,24433,Medium
1,0.05283150823606686,0,24431,Medium
-1,-0.004163983745479993,1,24426,Healthy
1,0.12606088072360183,0,24424,Low
1,0.15097925739266482,0,24420,Healthy
1,0.14869806865721258,0,24420,Low
1,0.14617850747254496,0,24415,Low
1,0.09876064912101123,0,24413,Medium
1,0.11816060749032353,0,24413,Medium
1,0.10230676112602965,0,24413,Medium
1,0.11585050425548549,0,24413,Medium
1,0.15649350965561437,0,24409,Low
1,0.10392913143153998,0,24408,Low
1,0.14385258014099145,0,24401,Critical
1,0.14982391554117608,0,24385,Medium
1,0.1582788332605043,0,24380,Medium
1,0.043183919916994995,0,24378,Low
1,0.1222968888998136,0,24372,Low
1,0.022786953756054107,0,24371,Medium
-1,-0.05880808409781502,1,24371,Low
1,0.14582272734953083,0,24371,Low
-1,-0.061179353917226176,1,24371,Medium
1,0.16077540733964168,0,24366,Healthy
1,0.15199812543254504,0,24360,Medium
1,0.15152317519562641,0,24360,Healthy
1,0.15452684130296168,0,24357,Low
1,0.08625519000715326,0,24347,Low
1,0.12409171950410353,0,24338,Medium
1,0.16432948505190076,0,24337,Low
1,0.1905733374772139,0,24330,Low
1,0.1636661821800261,0,24329,Low
1,0.1434528795088697,0,24328,Low
1,0.12793488533015002,0,24328,Low
1,0.1568139318983673,0,24328,Low
1,0.03806876525520553,0,24296,Healthy
1,0.12232773802278102,0,24292,Low
1,0.13871223372044422,0,24286,Medium
1,0.12576055725944385,0,24283,Low
-1,-0.031916660796755814,1,24276,Healthy
1,0.18922212613074035,0,24273,Medium
1,0.1352015622824273,0,24272,Medium
1,0.17827624115623392,0,24269,Low
1,0.1466164457729865,0,24266,Healthy
1,0.14878102663397758,0,24266,Low
1,0.06652285899154953,0,24262,Medium
1,0.0065870044206187695,0,24257,Healthy
1,0.12482261697322017,0,24253,Low
1,0.15022070183449554,0,24249,Low
1,0.11487175776241498,0,24246,Low
1,0.05734818312872503,0,24242,Low
1,0.06304430167208186,0,24237,Medium
1,0.07999342890846006,0,24237,Medium
1,0.06587359960231698,0,24237,Medium
1,0.07878906717598139,0,24237,Medium
1,0.10907438538011549,0,24232,Medium
1,0.12095472233766208,0,24223,Critical
1,0.17576048360906216,0,24222,Medium
1,0.044557797315202596,0,24218,Low
1,0.14107833369535583,0,24210,Low
1,0.028751780454830733,0,24206,Low
1,0.0008359104436240772,0,24205,Medium
1,0.03431483711298622,0,24205,Low
1,0.03269989315427646,0,24205,Medium
1,0.149413779764548,0,24200,Low
1,0.14867818386049897,0,24200,Medium
1,0.14853183562499733,0,24200,Healthy
1,0.1326911236434956,0,24196,Healthy
1,0.1354902240679693,0,24190,Medium
1,0.14284826093285174,0,24184,Low
1,0.08652907491578465,0,24183,Low
1,0.13799336467471562,0,24168,Low
1,0.12341546849198609,0,24168,Low
1,0.1533048485703763,0,24168,Low
1,0.1999172242391229,0,24167,Low
1,0.06660503770109716,0,24165,Low
1,0.01151378065330766,0,24126,Healthy
1,0.14993457555064393,0,24126,Low
1,0.11577328755141664,0,24124,Low
1,0.176083692358588,0,24124,Medium
1,0.02797761089352757,0,24110,Healthy
1,0.19301948887082143,0,24110,Medium
1,0.13236775890108732,0,24109,Medium
1,0.17602142365616358,0,24105,Low
1,0.17682430483365846,0,24100,Healthy
1,0.1749637090253599,0,24100,Low
1,0.13588736977124627,0,24098,Low
1,0.11664724043441382,0,24096,Medium
1,0.1868713705927474,0,24086,Low
1,0.16137356421771598,0,24083,Low
1,0.007703827138472619,0,24081,Healthy
1,0.09817155060041205,0,24079,Low
-1,-0.05974099505320907,1,24079,Medium
-1,-0.04968921131720816,1,24079,Medium
-1,-0.05750132610126901,1,24079,Medium
-1,-0.048363115054120165,1,24079,Medium
1,0.14970814657459042,0,24075,Medium
1,0.16717764064445,0,24059,Critical
1,0.16816879516758948,0,24056,Medium
1,0.048126501641000075,0,24053,Low
1,0.17788968223468787,0,24053,Low
1,0.1533864648746761,0,24043,Low
1,0.13300637950454264,0,24042,Low
1,0.04646572978889674,0,24041,Medium
1,0.0476471094562988,0,24041,Low
1,0.05768613795279742,0,24037,Medium
1,0.1545491360749321,0,24036,Medium
1,0.15152317519562641,0,24036,Healthy
1,0.15237811859391603,0,24036,Healthy
1,0.1806977855584398,0,24033,Medium
1,0.11422746804908657,0,24018,Low
1,0.1334677654156743,0,24017,Low
1,0.1427239178908798,0,24008,Low
1,0.12833270017216675,0,24008,Low
1,0.15735686487345307,0,24008,Low
1,0.18065477670278673,0,24004,Low
1,0.1366249038406392,0,23993,Low
1,0.16937937094930294,0,23962,Medium
1,0.09146606230998522,0,23960,Healthy
1,0.1575778844063424,0,23960,Low
1,0.14154825399217974,0,23958,Low
1,0.02827214874825612,0,23946,Healthy
1,0.15908889689130112,0,23945,Low
1,0.17922170759216788,0,23944,Medium
1,0.15708351903617296,0,23943,Healthy
1,0.15912085677797033,0,23943,Low
1,0.12951658894682622,0,23940,Medium
1,0.14335211044477308,0,23935,Low
1,0.09318854197886006,0,23929,Medium
1,0.15714310877802118,0,23927,Healthy
1,0.18288245123267044,0,23923,Low
1,0.141072473501677,0,23914,Low
1,0.15195922157186786,0,23912,Medium
-1,-0.03295549745409776,1,23910,Medium
-1,-0.021785368638577496,1,23910,Medium
-1,-0.03113279867774177,1,23910,Medium
-1,-0.020145746346835747,1,23910,Medium
1,0.07445332014539069,0,23906,Low
1,0.04511192184804669,0,23894,Low
1,0.1844208828724343,0,23893,Low
1,0.17809561712911037,0,23893,Medium
1,0.1420061009412601,0,23890,Critical
1,0.10271494430350936,0,23886,Low
1,0.16721688823761882,0,23879,Medium
1,0.1492568560082178,0,23879,Low
1,0.14853183562499733,0,23876,Healthy
1,0.041213967672455776,0,23875,Medium
1,0.045571457350729316,0,23875,Medium
1,0.04164682351736548,0,23875,Low
1,0.15064714554006525,0,23870,Medium
1,0.14613587144300766,0,23870,Healthy
1,0.0956231078257922,0,23866,Low
1,0.12726238994548178,0,23852,Low
1,0.12614974782680782,0,23851,Low
1,0.11069157925819906,0,23851,Low
1,0.1434251127150159,0,23851,Low
1,0.15062742142887592,0,23837,Low
1,0.15206939135985725,0,23827,Low
1,0.16945035679334758,0,23802,Medium
1,0.16103964306074808,0,23797,Low
1,0.14718405409593666,0,23795,Low
1,0.026133974682087113,0,23791,Healthy
1,0.16273084719373987,0,23786,Medium
1,0.15293117979689402,0,23786,Healthy
1,0.1544274235175569,0,23786,Low
1,0.11779980633854226,0,23782,Medium
1,0.15251986699440812,0,23782,Low
1,0.03790197241299831,0,23781,Healthy
1,0.0938275370595808,0,23769,Low
1,0.17490668997502656,0,23761,Healthy
1,0.08571685695503706,0,23760,Medium
1,0.17474311294133177,0,23759,Low
1,0.16017206381340965,0,23755,Medium
-1,-0.05996269876680105,1,23748,Medium
-1,-0.05983338771215563,1,23748,Medium
-1,-0.05880808409781502,1,23748,Medium
-1,-0.05936244870520846,1,23748,Medium
1,0.1584333190761299,0,23744,Low
1,0.0943955560653818,0,23743,Low
1,0.029205965156999136,0,23737,Low
1,0.19555035641305074,0,23730,Low
1,0.1565935267608558,0,23730,Critical
1,0.17424533133487352,0,23729,Medium
1,0.10286123899721672,0,23729,Low
1,0.18011255360802714,0,23722,Medium
1,0.15237811859391603,0,23713,Healthy
1,0.14444698283566987,0,23710,Low
1,0.03276783191281607,0,23707,Medium
1,0.032680439053396126,0,23707,Low
1,0.04509203711920706,0,23705,Medium
1,0.14779803148690945,0,23704,Medium
1,0.14279815515145727,0,23704,Healthy
1,0.1586869924966871,0,23700,Low
1,0.1297116368356811,0,23694,Low
1,0.13702989279485778,0,23694,Low
1,0.1459842037352463,0,23694,Low
1,0.12877988180135636,0,23692,Low
1,0.08842050861609407,0,23683,Low
1,0.1558524378528524,0,23663,Low
1,0.1743446179417335,0,23633,Low
1,0.1629630693002977,0,23626,Healthy
1,0.16149782924938189,0,23626,Low
1,0.13238690306893502,0,23624,Low
1,0.19688270523056262,0,23623,Medium
1,0.10416729758492932,0,23623,Medium
1,0.18209344809280142,0,23619,Low
-1,-0.017684778671670953,1,23617,Healthy
-1,-0.025509291115239363,1,23616,Healthy
1,0.10976204647229643,0,23612,Low
1,0.08022626531649818,0,23606,Low
1,0.1380154610377915,0,23605,Low
1,0.1740754172992452,0,23604,Healthy
1,0.09279843588792014,0,23594,Medium
1,0.17533805118037993,0,23592,Medium
1,0.03403855060462124,0,23582,Medium
1,0.03005642447885315,0,23582,Medium
1,0.03431483711298622,0,23582,Medium
1,0.03321750903681908,0,23582,Medium
1,0.15722713612976474,0,23581,Low
1,0.10459960896881465,0,23577,Low
1,0.15456763744305918,0,23572,Medium
1,0.08058842621018064,0,23570,Low
1,0.15371333808031268,0,23569,Critical
1,0.10464185483102506,0,23569,Low
1,0.16702510786247016,0,23568,Medium
1,0.19597319160417082,0,23567,Low
1,0.14613587144300766,0,23546,Healthy
1,0.10897191371200898,0,23546,Low
1,0.1477090344642139,0,23543,Low
1,0.06800229210640135,0,23541,Medium
1,0.17415815842109506,0,23540,Medium
1,0.17183569836756446,0,23540,Healthy
1,0.059343727827132764,0,23539,Medium
1,0.05959369643137208,0,23539,Low
1,0.13042517190814185,0,23531,Low
1,0.11587669634308811,0,23531,Low
1,0.14746010230470147,0,23531,Low
1,0.06961049912353784,0,23528,Low
1,0.16776946729361825,0,23520,Low
1,0.14024710450274663,0,23494,Low
1,0.1380669806853293,0,23475,Low
1,0.08890096523285707,0,23470,Low
1,0.1895808192412899,0,23463,Medium
1,0.1711606995585696,0,23460,Medium
1,0.1164786403698132,0,23453,Low
1,0.031905035310056395,0,23451,Healthy
1,0.12140718976180292,0,23450,Healthy
1,0.11989322312945438,0,23450,Low
1,0.1370999055184688,0,23449,Low
-1,-0.004290202809790533,1,23449,Healthy
-1,-0.04996221704419668,1,23448,Low
1,0.16550890061908136,0,23447,Healthy
1,0.16938029328493331,0,23439,Low
1,0.14599881761635264,0,23435,Medium
1,0.047632057415557316,0,23430,Medium
1,0.1473061231575436,0,23424,Low
1,0.04823370199290866,0,23418,Medium
1,0.042674485036578336,0,23418,Medium
1,0.0476471094562988,0,23418,Medium
1,0.04771462719927977,0,23418,Medium
1,0.1585392832198524,0,23412,Medium
1,0.09568050618257462,0,23411,Low
1,0.09427644722751366,0,23407,Low
1,0.16023975283140285,0,23406,Critical
1,0.18362679360129835,0,23405,Medium
1,0.09384620752138545,0,23403,Low
1,0.1816076684763283,0,23398,Low
1,0.12365221384200781,0,23386,Low
1,0.14199786677781495,0,23380,Healthy
1,0.053581313846512324,0,23377,Medium
1,0.18431454138741327,0,23374,Medium
1,0.18138301430279424,0,23374,Healthy
1,0.06564005217576507,0,23372,Low
1,0.13688787699616095,0,23370,Low
1,0.11993611345559835,0,23370,Low
1,0.1525989664352631,0,23370,Low
1,0.03816802705061206,0,23369,Medium
1,0.03839180517386742,0,23369,Low
1,0.10099990217675159,0,23366,Low
1,0.11556396462307977,0,23359,Low
1,0.1322936656697205,0,23331,Low
1,0.1733357980329377,0,23309,Low
1,0.14291126976297464,0,23307,Low
1,0.19282758871943523,0,23300,Medium
1,0.1903262124680939,0,23297,Medium
1,0.13702044267963376,0,23292,Low
1,0.13077669328652153,0,23292,Healthy
1,0.14460999302113986,0,23292,Low
1,0.10209413456029814,0,23290,Low
1,0.1778216022850332,0,23287,Healthy
1,0.04453951101078857,0,23285,Healthy
1,0.0065870044206187695,0,23280,Healthy
-1,-0.02175822480462619,1,23280,Low
1,0.17634388797928957,0,23273,Low
1,0.17151062030888237,0,23272,Medium
1,0.05771621594145021,0,23267,Medium
1,0.1469796677764994,0,23258,Low
1,0.15298732994578068,0,23255,Medium
1,0.04189301213953034,0,23252,Medium
1,0.03839926229378876,0,23252,Medium
1,0.04164682351736548,0,23252,Medium
1,0.0424546122412186,0,23252,Medium
1,0.17792064372484012,0,23247,Medium
1,0.09891711297066791,0,23242,Low
1,0.15505605477235795,0,23240,Critical
1,0.09107641269591449,0,23238,Low
1,0.06450390442308701,0,23237,Low
1,0.19437094837244573,0,23234,Low
1,0.13407463177205237,0,23220,Medium
1,0.13780262880611205,0,23220,Healthy
1,0.15116000079217257,0,23219,Low
1,0.07339709786114862,0,23217,Low
1,0.17183569836756446,0,23217,Healthy
1,0.06386563604513079,0,23214,Medium
1,0.12115321183466621,0,23213,Low
1,0.10213361860962566,0,23213,Low
1,0.13684604626901564,0,23213,Low
1,0.06189769024755226,0,23203,Medium
1,0.061836758057237984,0,23203,Low
1,0.13731218608450146,0,23203,Low
1,0.1177063321365146,0,23199,Low
1,0.10692779526746699,0,23159,Low
1,0.14706972127437062,0,23146,Low
1,0.17980943184365888,0,23146,Low
1,0.09465583715715947,0,23136,Low
1,0.09179822025458206,0,23135,Healthy
1,0.1006632482095211,0,23135,Low
1,0.1801086837971828,0,23134,Medium
1,0.15672057057031558,0,23132,Low
1,0.1882634441776827,0,23131,Medium
1,0.18693717970211854,0,23120,Healthy
1,0.03230967516507399,0,23119,Healthy
-1,-0.061179353917226176,1,23118,Low
1,0.17913398877891784,0,23110,Low
1,0.14486057851187556,0,23108,Medium
1,0.007703827138472619,0,23104,Healthy
1,0.14382964206306392,0,23096,Low
1,0.10129137689405593,0,23095,Medium
1,0.1673961387727934,0,23092,Medium
1,0.033602955549059677,0,23084,Medium
1,0.02965507185104488,0,23084,Medium
1,0.032680439053396126,0,23084,Medium
1,0.03328432109549884,0,23084,Medium
1,0.1778729495244083,0,23080,Medium
1,0.10164988874254033,0,23080,Low
1,0.05342395594473093,0,23076,Low
1,0.19180078133791184,0,23074,Low
1,0.15219371070472387,0,23073,Critical
1,0.08648324237961669,0,23072,Low
1,0.15394521805196576,0,23062,Low
1,0.11747745744834698,0,23050,Low
1,0.15215495987913846,0,23050,Low
1,0.18138301430279424,0,23050,Healthy
1,0.1350848060744621,0,23050,Low
1,0.13877772684694573,0,23048,Low
1,0.04008478508292601,0,23043,Medium
1,0.04095629249145649,0,23043,Low
1,0.04495360296204898,0,23043,Medium
1,0.10424984444172625,0,23043,Low
1,0.1338702085348526,0,23042,Medium
1,0.13616538914313842,0,23042,Healthy
1,0.1220660020579249,0,23039,Low
1,0.14554965160713607,0,22992,Low
1,0.17647384652369408,0,22985,Low
1,0.18935155396725661,0,22982,Low
1,0.14274726417315625,0,22978,Healthy
1,0.15705493304896778,0,22978,Low
1,0.16424062749179058,0,22977,Medium
1,0.08098662135417117,0,22967,Low
1,0.1582015198461424,0,22966,Healthy
1,0.18774073706200983,0,22964,Medium
1,0.12866133792685314,0,22963,Low
1,0.038398275634414336,0,22953,Healthy
1,0.03269989315427646,0,22952,Low
1,0.15838383159596575,0,22950,Healthy
1,0.19361938574313448,0,22946,Low
1,0.1331411715097809,0,22945,Medium
1,0.17922651147923246,0,22940,Low
1,0.08985088280248837,0,22928,Medium
1,0.11122899491714411,0,22926,Low
1,0.18188101604998874,0,22923,Medium
1,0.04106813901401318,0,22919,Low
1,0.20025555823003421,0,22917,Medium
1,0.05989410430475228,0,22916,Medium
1,0.054383424433881555,0,22916,Medium
1,0.05959369643137208,0,22916,Medium
1,0.05998927443177393,0,22916,Medium
1,0.05339598352601438,0,22911,Low
1,0.1785775346521596,0,22910,Critical
1,0.1902103052512053,0,22908,Low
1,0.15272750907929378,0,22905,Low
1,0.0827284195194748,0,22896,Low
1,0.0658700109432594,0,22896,Low
1,0.09786762489080753,0,22896,Low
1,0.13761421176368172,0,22896,Healthy
1,0.1586381007502507,0,22884,Low
-1,-0.008124191028761385,1,22884,Medium
-1,-0.005691884271707748,1,22884,Medium
-1,-0.007743026071255543,1,22884,Low
1,0.12598895528598886,0,22880,Low
1,0.15171877425804736,0,22875,Medium
1,0.15360438464102222,0,22875,Healthy
1,0.09329316037470331,0,22866,Low
1,0.11798567051869374,0,22832,Low
1,0.1499431403718232,0,22829,Low
1,0.15152936530556388,0,22815,Low
1,0.14265379607386414,0,22815,Healthy
1,0.1869360032911706,0,22814,Low
1,0.19755103957875636,0,22814,Medium
1,0.12666566523223283,0,22809,Low
1,0.20157038985053627,0,22801,Medium
1,0.16538043137116093,0,22800,Healthy
1,0.06532789065115424,0,22797,Low
1,0.11822203596448816,0,22788,Low
1,0.04646572978889674,0,22788,Low
1,0.11446891761194078,0,22784,Medium
1,0.17563888920666154,0,22784,Healthy
1,0.023801201899919522,0,22781,Healthy
1,0.1859908772214362,0,22780,Low
1,0.14224342376172583,0,22766,Low
1,0.11043033301607347,0,22765,Medium
1,0.10501477253442609,0,22759,Low
1,0.17480707396738104,0,22756,Medium
1,0.19155773373642726,0,22751,Medium
1,0.14742370510613512,0,22748,Low
1,0.14460311048001545,0,22748,Low
1,0.03845241724128723,0,22746,Medium
1,0.03339493090939227,0,22746,Medium
1,0.03839180517386742,0,22746,Medium
1,0.038625355111632675,0,22746,Medium
1,0.1866639805757151,0,22745,Low
1,0.18773744374181522,0,22744,Critical
1,0.10686040817833348,0,22733,Low
1,0.08954185557861777,0,22733,Low
1,0.07261201036145942,0,22733,Low
1,0.11432773814052533,0,22718,Low
1,0.13581075815223914,0,22718,Healthy
1,0.05794806491427268,0,22717,Low
-1,-0.01718422061300129,1,22716,Medium
-1,-0.014841409143055428,1,22716,Medium
1,0.1157055658592942,0,22716,Low
-1,-0.016796927836697506,1,22716,Low
1,0.17793002787536294,0,22715,Medium
1,0.1756869289482335,0,22715,Healthy
1,0.15239227530258365,0,22668,Low
1,0.12894729015309708,0,22663,Low
1,0.17085686073767953,0,22650,Medium
1,0.14455878136894118,0,22646,Healthy
1,0.1662814044904965,0,22646,Low
1,0.12332940680652632,0,22645,Low
1,0.12196230634729804,0,22640,Healthy
1,0.13476721058421332,0,22640,Low
1,0.1487370872691604,0,22637,Low
1,0.16532331405745254,0,22635,Medium
1,0.1747328369499444,0,22627,Healthy
1,0.10402302501205785,0,22624,Medium
1,0.15555928505446476,0,22622,Low
1,0.041213967672455776,0,22622,Low
1,0.19686262192503257,0,22617,Low
1,0.024999109416656284,0,22613,Healthy
1,0.07899048991482122,0,22603,Medium
1,0.13978766889227534,0,22600,Low
1,0.17626936252091535,0,22596,Medium
1,0.14980301283395825,0,22596,Low
1,0.1509439038262368,0,22591,Low
1,0.14297245432611533,0,22590,Critical
1,0.15138493386414836,0,22588,Medium
1,0.1409512216515626,0,22582,Low
1,0.06215163548216651,0,22580,Medium
1,0.057693465671580735,0,22580,Medium
1,0.061836758057237984,0,22580,Medium
1,0.062162740626923174,0,22580,Medium
1,0.19123287555044077,0,22579,Low
1,0.07571475996849358,0,22567,Low
1,0.05960765047659583,0,22567,Low
1,0.09288970293498955,0,22567,Low
1,0.13349073152240348,0,22559,Low
1,0.1556278532033213,0,22555,Low
1,0.1536949979481806,0,22551,Healthy
-1,-0.01502920146281006,1,22546,Medium
-1,-0.016257173456164398,1,22546,Low
-1,-0.01664410091847146,1,22546,Medium
1,0.1639295142866471,0,22543,Medium
1,0.1598509078636816,0,22543,Healthy
1,0.13924094417827865,0,22542,Low
1,0.13474180520819568,0,22511,Low
1,0.12353872316096648,0,22497,Low
1,0.08700785491487778,0,22492,Low
1,0.06996551433231657,0,22491,Low
1,0.1905109012848531,0,22487,Medium
1,0.18804792197005976,0,22483,Healthy
1,0.12742386696913038,0,22477,Low
1,0.1552559076553533,0,22477,Healthy
1,0.16734143637288934,0,22477,Low
1,0.16612806685787157,0,22470,Healthy
1,0.14941880856108042,0,22469,Medium
1,0.16156804179859902,0,22459,Low
1,0.1267673943602199,0,22458,Medium
1,0.03276783191281607,0,22454,Low
1,0.19726419560973435,0,22453,Low
1,0.006035276914505006,0,22447,Healthy
-1,-0.0006797802135221076,1,22447,Medium
1,0.13574055577667293,0,22436,Low
1,0.1827894738960934,0,22436,Medium
1,0.0989591636952703,0,22434,Low
1,0.1587050638562743,0,22430,Low
1,0.18102262075384418,0,22425,Medium
1,0.042025280478659166,0,22421,Medium
1,0.036868003806218796,0,22421,Medium
1,0.04095629249145649,0,22421,Medium
1,0.04185837217869337,0,22421,Medium
1,0.18488198086441915,0,22419,Low
1,0.04473628733397239,0,22416,Low
1,0.02886403447718,0,22416,Low
1,0.0600622156197807,0,22416,Low
1,0.17426930340122643,0,22412,Low
1,0.1399707367121268,0,22411,Critical
1,0.1756869289482335,0,22391,Healthy
1,0.1326359237194496,0,22390,Low
1,0.13795316996928253,0,22389,Low
-1,-0.00865645286024408,1,22384,Medium
-1,-0.007598100011253273,1,22384,Medium
-1,-0.00865645286024408,1,22384,Low
1,0.17791055001799483,0,22382,Medium
1,0.17636432020526854,0,22382,Healthy
1,0.16248544479124072,0,22369,Low
1,0.15565990381677852,0,22351,Low
1,0.14930020841083486,0,22339,Healthy
1,0.11768130658085224,0,22337,Low
1,0.17004958826214928,0,22328,Low
1,0.13553972311523294,0,22325,Low
1,0.16679321154488203,0,22323,Healthy
1,0.18885339431638015,0,22321,Medium
1,0.14358343224897635,0,22320,Healthy
1,0.15415705184208228,0,22320,Low
1,0.1785998754843109,0,22310,Healthy
1,0.12611079141757736,0,22306,Low
1,0.15770983611994688,0,22299,Low
1,0.168426516826655,0,22295,Medium
1,0.059343727827132764,0,22286,Low
1,0.18388038961920972,0,22284,Low
1,0.10464287070680106,0,22283,Medium
1,0.0440509353922921,0,22281,Healthy
1,0.09491468865441494,0,22280,Medium
1,0.1003999399734154,0,22277,Low
1,0.14456612258772672,0,22273,Low
1,0.18424356946418302,0,22267,Medium
1,0.15707193192141666,0,22263,Low
1,0.18741012507134475,0,22258,Low
1,0.18760978936863004,0,22255,Medium
1,0.02706398645524377,0,22253,Medium
1,0.023493313485814737,0,22253,Medium
1,0.02649904453790375,0,22253,Medium
1,0.026681648816452852,0,22253,Medium
1,0.07125331940952645,0,22253,Low
1,0.054914009755659854,0,22253,Low
1,0.08820722839961409,0,22253,Low
1,0.17263728872658635,0,22246,Low
1,0.15959297860836813,0,22245,Critical
1,0.15115652631436238,0,22225,Low
1,0.09144802349296643,0,22221,Low
1,0.1598509078636816,0,22219,Healthy
-1,-0.023141431319291694,1,22214,Medium
-1,-0.025331727168236506,1,22214,Medium
-1,-0.023836944133809213,1,22214,Low
1,0.14186151182112394,0,22213,Medium
1,0.14083738168783033,0,22213,Healthy
1,0.17494257504760924,0,22197,Low
1,0.15671627434500301,0,22185,Low
1,0.18007368838717536,0,22179,Healthy
1,0.09485967338260315,0,22175,Low
1,0.10780751188543047,0,22173,Low
1,0.1319673788485562,0,22160,Healthy
1,0.15808955856485263,0,22158,Low
1,0.18856106452312876,0,22155,Medium
1,0.1714111464074839,0,22153,Low
1,0.1627337976869856,0,22153,Healthy
1,0.13742838849408806,0,22151,Low
1,0.11119310969641427,0,22145,Healthy
1,0.09591034611221827,0,22145,Low
1,0.18737062117758563,0,22143,Healthy
1,0.1235079661009067,0,22134,Medium
1,0.0896193877001421,0,22124,Medium
1,0.19702248576617798,0,22121,Low
1,0.13190687359081,0,22118,Medium
1,0.09913252926543104,0,22117,Low
1,0.03816802705061206,0,22116,Low
1,0.03287984947963818,0,22113,Healthy
1,0.14173312529336152,0,22110,Low
1,0.1669091453320946,0,22104,Medium
1,0.17446158993178573,0,22103,Low
1,0.08073689061239625,0,22093,Low
1,0.06253376578639253,0,22093,Low
1,0.09481766107934297,0,22093,Low
1,0.18104610235723018,0,22092,Low
1,0.16279515221370366,0,22089,Medium
1,0.16829297617932432,0,22086,Low
1,0.18272642978453718,0,22085,Critical
1,0.029067200534582338,0,22081,Medium
1,0.027253812687241585,0,22081,Medium
1,0.028617895801165916,0,22081,Medium
1,0.029432081819330547,0,22081,Medium
1,0.09734531713035921,0,22061,Low
1,0.17636432020526854,0,22059,Healthy
1,0.11049589353128475,0,22053,Low
1,0.11685452252466877,0,22050,Medium
1,0.11639585493362753,0,22050,Healthy
-1,-0.013608723731459382,1,22048,Medium
-1,-0.01218032007899228,1,22048,Medium
-1,-0.01260638087787902,1,22048,Low
1,0.14655926677070685,0,22028,Low
1,0.1466578809339873,0,22028,Low
1,0.17225600107357775,0,22013,Healthy
1,0.16039556793839632,0,22008,Low
1,0.09073699186311274,0,22001,Low
1,0.14110932100472218,0,22000,Healthy
1,0.17351510534421904,0,21995,Low
1,0.20152073985450347,0,21992,Medium
1,0.1582015198461424,0,21989,Healthy
1,0.14370000356517354,0,21988,Low
1,0.16807934435041527,0,21987,Healthy
1,0.17720410182149055,0,21987,Low
1,0.1414722371766155,0,21985,Healthy
1,0.13395626119449888,0,21982,Low
1,0.14301334925544062,0,21974,Medium
1,0.08995908590804641,0,21964,Medium
1,0.1936659435089772,0,21961,Low
1,0.12451956623044563,0,21955,Medium
1,0.08790772698908528,0,21951,Low
1,0.06189769024755226,0,21950,Low
1,0.028762622528216264,0,21949,Healthy
1,0.14768063751028693,0,21946,Low
1,0.15829948571876912,0,21941,Medium
1,0.06876149721335384,0,21936,Low
1,0.05023879063926018,0,21936,Low
1,0.0840408097981094,0,21936,Low
1,0.1741806035978294,0,21935,Low
1,0.17609740345593938,0,21934,Low
1,0.05936648534992528,0,21915,Medium
1,0.05543653799298548,0,21915,Medium
1,0.05979219634957672,0,21915,Medium
1,0.05936648534992528,0,21915,Medium
1,0.14728140917288068,0,21915,Medium
1,0.16107521946538705,0,21913,Low
1,0.16761962763069277,0,21912,Critical
1,0.15728365125936483,0,21894,Low
1,0.1599320760713906,0,21890,Low
1,0.14083738168783033,0,21889,Healthy
-1,-0.020935966829827457,1,21888,Medium
-1,-0.020416251700206778,1,21888,Low
-1,-0.019013124906347212,1,21888,Medium
1,0.17689695088999963,0,21883,Medium
1,0.17510631164832097,0,21883,Healthy
1,0.1577939134296389,0,21865,Low
1,0.17193756531580734,0,21861,Low
1,0.18559383927012219,0,21852,Healthy
1,0.1470587414144341,0,21851,Low
1,0.11464900813458118,0,21840,Healthy
1,0.14699583580862086,0,21838,Low
1,0.18519210845151274,0,21832,Low
1,0.16545118831736827,0,21825,Medium
1,0.11526111194487121,0,21825,Low
1,0.16520445631042135,0,21823,Healthy
1,0.09380582894598927,0,21822,Low
1,0.1317799352811761,0,21821,Healthy
1,0.1343091356157015,0,21821,Low
1,0.13001944592420328,0,21820,Medium
1,0.1384374480426918,0,21818,Healthy
-1,-0.015245311026940267,1,21808,Healthy
-1,-0.017715543349177576,1,21808,Healthy
-1,-0.017206297478483124,1,21808,Healthy
-1,-0.015242059366598615,1,21808,Healthy
1,0.11834622267528822,0,21804,Medium
1,0.19351460880371724,0,21795,Low
1,0.1472593262298028,0,21792,Medium
1,0.04008478508292601,0,21790,Low
1,0.1380179257702871,0,21786,Low
1,0.0620650640110299,0,21785,Low
1,0.16354007129008413,0,21784,Medium
1,0.03154877738435258,0,21779,Healthy
1,0.0757845146632683,0,21769,Low
1,0.05880605887176438,0,21769,Low
1,0.09302189100773756,0,21769,Low
1,0.18419800094694566,0,21769,Low
1,0.1810343754042359,0,21768,Low
1,0.18262517176527782,0,21752,Critical
1,0.11133660464890788,0,21751,Medium
1,0.18842928106544882,0,21750,Low
1,0.07098501200231516,0,21749,Medium
1,0.0679606611580702,0,21749,Medium
1,0.07123568391437535,0,21749,Medium
1,0.07081980187841852,0,21749,Medium
1,0.10085315087142455,0,21734,Low
-1,-0.011559796951629453,1,21727,Medium
-1,-0.012944718390680898,1,21727,Low
-1,-0.013329403932880624,1,21727,Medium
1,0.11639585493362753,0,21726,Healthy
1,0.1554592093617378,0,21723,Low
1,0.14300357793142227,0,21711,Low
1,0.1361837498163287,0,21711,Healthy
1,0.13053859982924143,0,21702,Low
1,0.12285077697400154,0,21694,Low
1,0.18168713352448912,0,21689,Healthy
1,0.15010833737489326,0,21689,Low
1,0.13159378703959212,0,21676,Healthy
1,0.11968683529958768,0,21672,Low
1,0.14454058211481047,0,21669,Healthy
1,0.18484702830671862,0,21668,Low
1,0.1093591418655907,0,21665,Low
1,0.13945079885077932,0,21664,Low
1,0.16214978230810256,0,21664,Healthy
1,0.17187141863680194,0,21664,Low
1,0.14974182874060143,0,21659,Medium
1,0.13485410685811938,0,21655,Healthy
1,0.1818454746714871,0,21654,Medium
1,0.11239520103902084,0,21647,Medium
-1,-0.017677199850880787,1,21644,Healthy
-1,-0.02637554664440156,1,21644,Healthy
-1,-0.02240849808741363,1,21644,Healthy
-1,-0.019463849658249543,1,21644,Healthy
1,0.18918607236757767,0,21631,Low
1,0.07684936694479777,0,21627,Low
1,0.025307179344618902,0,21622,Low
1,0.06999661682716429,0,21621,Low
1,0.12875282950211098,0,21620,Low
1,0.0215885847658992,0,21618,Healthy
1,0.17800552241252482,0,21614,Medium
1,0.17199070443595094,0,21612,Low
1,0.05776177598059323,0,21606,Low
1,0.09346769822927004,0,21606,Low
1,0.0766705711833881,0,21606,Low
1,0.16461718865157032,0,21601,Low
1,0.17483818459364886,0,21593,Low
1,0.15800873133997761,0,21590,Medium
1,0.07359278047721818,0,21585,Medium
1,0.07095876060033035,0,21585,Medium
1,0.07428000861777317,0,21585,Medium
1,0.0737225966107008,0,21585,Medium
1,0.1466733567940321,0,21583,Critical
1,0.1341743375607532,0,21571,Low
1,0.17510631164832097,0,21560,Healthy
1,0.1331548369473936,0,21551,Low
-1,-0.040113155358766694,1,21549,Medium
-1,-0.04170247633622093,1,21549,Low
-1,-0.040051703506491676,1,21549,Medium
1,0.12554662354540647,0,21548,Low
1,0.1047863561313539,0,21548,Healthy
1,0.1529197669203261,0,21542,Low
1,0.15228173551358043,0,21528,Low
1,0.18087623632914396,0,21526,Low
1,0.19211981116265797,0,21525,Healthy
1,0.1588081614483549,0,21514,Low
1,0.07775458269815255,0,21510,Healthy
1,0.15479662372625452,0,21507,Healthy
1,0.1639974203147022,0,21507,Low
1,0.1882801425185111,0,21506,Healthy
1,0.13203178876838212,0,21505,Low
1,0.13688333218766474,0,21502,Low
1,0.13869618915797777,0,21498,Low
1,0.14261297272127854,0,21492,Healthy
1,0.19012686576681703,0,21487,Medium
1,0.16936706179313232,0,21485,Medium
1,0.13938727977623772,0,21481,Medium
1,0.007149742161713046,0,21480,Healthy
-1,-0.0010933408982547466,1,21480,Healthy
1,0.002028092031234663,0,21480,Healthy
1,0.004514108530068173,0,21480,Healthy
1,0.0083174076115623,0,21476,Critical
1,0.12122190387808135,0,21471,Low
1,0.1936152735116899,0,21465,Low
1,0.01657494052715236,0,21458,Healthy
1,0.14073968612143123,0,21457,Low
1,0.030552471429816763,0,21452,Low
1,0.06355785730225444,0,21452,Low
1,0.047877371171999195,0,21452,Low
1,0.02810565657417541,0,21450,Low
1,0.18859404574486544,0,21449,Low
1,0.18457102285705135,0,21448,Medium
1,0.1681992489533159,0,21441,Low
1,0.16330610603596885,0,21430,Medium
1,0.1757982003997181,0,21424,Low
1,0.12023348456402067,0,21419,Critical
1,0.03540401692977424,0,21413,Medium
1,0.03502949915310072,0,21413,Medium
1,0.03542685908285981,0,21413,Medium
1,0.03540401692977424,0,21413,Medium
1,0.13241206686895712,0,21411,Low
1,0.1361837498163287,0,21388,Healthy
1,0.1200436568584799,0,21388,Medium
1,0.11524089924875608,0,21388,Medium
1,0.12045961158235241,0,21388,Low
1,0.08335206003387158,0,21382,Low
1,0.060538657394482664,0,21382,Healthy
1,0.12251468601213755,0,21382,Low
1,0.15543765740930499,0,21381,Low
1,0.15312765503660752,0,21371,Low
1,0.16611819512181997,0,21363,Low
1,0.19167374375423074,0,21358,Healthy
1,0.16677599714627062,0,21346,Healthy
1,0.13182258585584866,0,21345,Low
1,0.13684001137698465,0,21345,Low
1,0.17814116436733918,0,21345,Low
1,0.08496012280853577,0,21344,Healthy
1,0.17596481960091404,0,21341,Medium
1,0.18437087840036215,0,21341,Low
1,0.12803317021180916,0,21341,Low
1,0.1401378981737521,0,21329,Healthy
1,0.18741207712514057,0,21324,Medium
1,0.12302063571597882,0,21324,Medium
1,0.048574867143057365,0,21315,Critical
1,0.13933560351276575,0,21314,Medium
1,0.05206121229009664,0,21314,Low
-1,-0.009314074767852731,1,21314,Healthy
-1,-0.018698614342275266,1,21314,Healthy
-1,-0.01502325739479149,1,21314,Healthy
-1,-0.013321168311028808,1,21314,Healthy
1,0.18687105314400942,0,21305,Low
1,0.12248114237261676,0,21299,Low
-1,-0.0007625190771924917,1,21298,Healthy
1,0.18173350585574005,0,21286,Low
1,0.05950877483776795,0,21284,Low
1,0.0038258295524986607,0,21281,Low
1,0.03550380571561651,0,21281,Low
1,0.01910018783961387,0,21281,Low
1,0.17814079342857048,0,21279,Medium
1,0.15238780017652914,0,21270,Medium
1,0.16183562720250988,0,21270,Low
-1,-0.038758755185633986,1,21265,Healthy
-1,-0.04273627911497846,1,21265,Healthy
1,0.1764027754278918,0,21255,Low
1,0.18200733782522638,0,21253,Critical
1,0.07557355717433756,0,21249,Medium
1,0.0727740143046231,0,21249,Medium
1,0.07496371938529017,0,21249,Medium
1,0.07510505104967213,0,21249,Medium
1,0.1396804494138626,0,21248,Low
1,0.14041947557729867,0,21230,Medium
1,0.1404782765188305,0,21230,Low
1,0.13373938264061558,0,21230,Medium
1,0.0616407873150126,0,21227,Low
1,0.04328052071673416,0,21227,Healthy
1,0.1047863561313539,0,21224,Healthy
1,0.15986663107854182,0,21218,Low
1,0.16030394641448037,0,21218,Low
1,0.15211383203483503,0,21214,Low
1,0.08702352616165532,0,21209,Low
1,0.1749852961057572,0,21192,Healthy
1,0.15647519634543194,0,21185,Low
1,0.13269508994151386,0,21183,Healthy
1,0.07431415426975074,0,21182,Low
1,0.0666198034982286,0,21182,Low
1,0.1391995954801709,0,21178,Low
1,0.1722811345935722,0,21176,Low
1,0.1655960215175365,0,21176,Medium
1,0.1299940469901144,0,21175,Healthy
1,0.14581107319725528,0,21165,Healthy
1,0.14287481553788073,0,21164,Medium
1,0.17886150269250695,0,21161,Medium
1,0.03771138895380888,0,21158,Critical
1,0.009982540749537305,0,21152,Healthy
1,0.0019093670216506764,0,21152,Healthy
1,0.006171050374828013,0,21152,Healthy
1,0.007479815798970391,0,21152,Healthy
1,0.1267282231766057,0,21151,Low
1,0.1294377502706297,0,21148,Medium
1,0.18932144035044718,0,21145,Low
1,0.14163945168217623,0,21136,Low
1,0.04130137964931313,0,21132,Healthy
1,0.015377372270134027,0,21123,Low
1,0.04384635051831065,0,21123,Low
1,0.03364080109187073,0,21123,Low
1,0.17187603530131568,0,21122,Medium
1,0.16265920234137232,0,21119,Low
1,0.07057277689851987,0,21118,Low
1,0.14012964170805742,0,21112,Low
1,0.15013216926164197,0,21108,Medium
1,0.012989546903580007,0,21096,Healthy
1,0.00703370403959791,0,21096,Healthy
1,0.1892746281492224,0,21088,Low
1,0.14551097377068034,0,21081,Critical
1,0.06060754484852543,0,21081,Medium
1,0.059422178608508625,0,21081,Medium
1,0.060495935274867574,0,21081,Medium
1,0.06060754484852543,0,21081,Medium
1,0.0714982212098697,0,21069,Low
1,0.12794103836193688,0,21064,Low
1,0.08720472407852486,0,21063,Low
1,0.06231983408899139,0,21063,Healthy
1,0.11229300291931793,0,21061,Medium
1,0.10644781719612267,0,21061,Medium
1,0.11181127488368425,0,21061,Low
1,0.060538657394482664,0,21058,Healthy
1,0.14632684825034287,0,21057,Low
1,0.16210862793762948,0,21055,Low
1,0.13553972311523294,0,21042,Low
1,0.1636894517531503,0,21035,Healthy
1,0.14174187102295566,0,21023,Healthy
1,0.15557888336012238,0,21018,Low
1,0.12186371478326263,0,21016,Medium
1,0.13608050748323436,0,21016,Low
1,0.12834939522099598,0,21016,Low
1,0.19476983391746072,0,21015,Low
1,0.1201986340733186,0,21013,Low
1,0.12945853994256018,0,21010,Medium
1,0.1513251552821912,0,21008,Healthy
1,0.13643239336939184,0,21005,Healthy
1,0.1428875404159291,0,21001,Medium
1,0.10285072405225831,0,20998,Critical
1,0.0026187911462847158,0,20992,Healthy
-1,-0.004563867497798579,1,20992,Healthy
-1,-0.0017039353695441628,1,20992,Healthy
1,0.0011916841626979924,0,20992,Healthy
1,0.13464303106435171,0,20989,Low
1,0.14221121319290075,0,20982,Medium
1,0.18444490039889216,0,20979,Low
1,0.10765975147002305,0,20976,Low
1,0.06573761394461325,0,20967,Healthy
1,0.17120985209312323,0,20956,Low
1,0.07346385285828005,0,20955,Low
1,0.187754790167598,0,20955,Medium
1,0.026357253051608187,0,20950,Low
1,0.016094943060122158,0,20950,Low
1,0.042429736542678675,0,20950,Low
-1,-0.038758755185633986,1,20947,Medium
1,0.14777437997942383,0,20946,Low
1,0.15857741988788576,0,20934,Low
1,0.008453792986484299,0,20929,Healthy
1,0.00477073573755582,0,20929,Healthy
1,0.12333595347271475,0,20918,Critical
1,0.07261020917994138,0,20917,Medium
1,0.07159467957349108,0,20917,Medium
1,0.07300350051030752,0,20917,Medium
1,0.07338407321935392,0,20917,Medium
1,0.12225866067515884,0,20914,Low
1,0.14470717157236174,0,20904,Low
1,0.04328052071673416,0,20903,Healthy
1,0.10668455249973302,0,20900,Low
1,0.08071501412345983,0,20900,Healthy
1,0.1501768578635515,0,20900,Low
1,0.14297455479035776,0,20895,Low
1,0.14320323400425566,0,20895,Low
1,0.13847839347341068,0,20895,Low
1,0.09515242962956494,0,20892,Low
1,0.08417307009971858,0,20890,Medium
1,0.12156107316519044,0,20880,Low
1,0.17721094513014124,0,20875,Healthy
1,0.11476202065577562,0,20863,Healthy
1,0.12657749841215576,0,20862,Low
1,0.1517818344776845,0,20858,Low
1,0.12188851217424568,0,20853,Low
1,0.1329926210913775,0,20850,Medium
1,0.1436337258104094,0,20850,Low
1,0.1679815851993816,0,20849,Low
1,0.1815113767866079,0,20844,Medium
1,0.1269521434786579,0,20839,Healthy
1,0.12606425772938423,0,20836,Healthy
1,0.14584901598393046,0,20835,Critical
-1,-0.03496426121389562,1,20835,Healthy
-1,-0.04072620099342106,1,20835,Healthy
-1,-0.037762102914950746,1,20835,Healthy
-1,-0.03692353585603936,1,20835,Healthy
1,0.1588899164219862,0,20829,Low
1,0.1752317256448152,0,20822,Low
1,0.14192233820956673,0,20819,Medium
1,0.11473045366958295,0,20812,Low
1,0.023262870171318673,0,20799,Healthy
1,0.03216388233180456,0,20796,Low
1,0.014076287051230763,0,20796,Low
1,0.0430341177427932,0,20796,Low
1,0.17243522023565638,0,20792,Medium
1,0.17787718793256552,0,20790,Low
1,0.1691929256933849,0,20786,Low
1,0.03596269118614559,0,20782,Low
1,0.013234164165467632,0,20778,Medium
1,0.15935873247548266,0,20768,Low
1,0.1045989242401596,0,20760,Healthy
1,0.09632788747488463,0,20760,Healthy
1,0.17210178428205158,0,20754,Low
1,0.0709482416405477,0,20753,Medium
1,0.06910176162070969,0,20753,Medium
1,0.07172476947613388,0,20753,Medium
1,0.0709482416405477,0,20753,Medium
1,0.08593053219935776,0,20752,Critical
1,0.15514525591118028,0,20744,Low
1,0.09952671262660218,0,20743,Low
1,0.06231983408899139,0,20740,Healthy
1,0.10874806644447155,0,20737,Low
1,0.0821583257305854,0,20737,Healthy
1,0.1602876032438174,0,20725,Low
1,0.1798883084109293,0,20724,Medium
1,0.12636081558313622,0,20722,Low
1,0.12624396305159685,0,20722,Low
1,0.12452340741679435,0,20722,Low
1,0.16221302850552932,0,20721,Healthy
1,0.14117668101762793,0,20719,Low
1,0.13067215848146435,0,20704,Low
1,0.1324468939331458,0,20699,Healthy
1,0.16658154483458587,0,20698,Low
1,0.1256199345099948,0,20692,Low
1,0.13664695786141712,0,20690,Medium
1,0.14796451504341224,0,20690,Low
1,0.18209933390613292,0,20683,Low
1,0.19002448246460307,0,20678,Medium
1,0.1416050523769498,0,20676,Healthy
1,0.138867037108719,0,20675,Healthy
1,0.15502888965043293,0,20669,Critical
1,0.13010489430666344,0,20666,Low
1,0.002951831604067645,0,20665,Healthy
-1,-0.0036316675436713908,1,20665,Healthy
-1,-0.001331624195533676,1,20665,Healthy
1,0.0014912568287546168,0,20665,Healthy
1,0.1534801716149808,0,20655,Medium
1,0.1873045844251875,0,20655,Low
1,0.1269677786472494,0,20649,Low
1,0.06393159881834642,0,20636,Low
1,0.04882856534107238,0,20636,Low
1,0.08008507424334566,0,20636,Low
1,0.06993963020818822,0,20635,Healthy
1,0.12423265451647614,0,20623,Medium
1,0.14069830794904747,0,20620,Low
1,0.07557355717433756,0,20619,Low
1,0.132804962700996,0,20617,Low
1,0.00870045567305433,0,20611,Medium
1,0.17149538778109474,0,20599,Low
1,0.1127606819422593,0,20597,Healthy
1,0.10397578216119802,0,20597,Healthy
1,0.058557141107751454,0,20596,Critical
1,0.05359550979772054,0,20592,Medium
1,0.0532738658742139,0,20592,Medium
1,0.055005413860894525,0,20592,Medium
1,0.05408899091514785,0,20592,Medium
1,0.19074340177223115,0,20590,Low
1,0.1006344450527018,0,20586,Low
1,0.1585095258869083,0,20584,Low
1,0.08071501412345983,0,20576,Healthy
1,0.10605183669204182,0,20574,Low
1,0.07942903197580953,0,20574,Healthy
1,0.14797760381009856,0,20568,Low
1,0.1747969612087294,0,20564,Medium
1,0.16161530438611088,0,20559,Low
1,0.15972032756393406,0,20559,Low
1,0.16169227081304344,0,20559,Low
1,0.19341572968103404,0,20558,Healthy
1,0.1542353392255601,0,20553,Low
1,0.08702352616165532,0,20545,Low
1,0.15252701471121444,0,20535,Low
1,0.07873891905953256,0,20533,Healthy
1,0.12698824303874973,0,20527,Medium
1,0.14020640075308616,0,20527,Low
1,0.09854743595298077,0,20520,Low
1,0.19757724347137634,0,20519,Low
1,0.12104527704030815,0,20518,Healthy
1,0.1866412884782444,0,20515,Medium
1,0.1589463578948474,0,20503,Low
1,0.15543884009969405,0,20503,Critical
1,0.10080133832218413,0,20502,Medium
1,0.022125602228099006,0,20499,Healthy
1,0.014621632864140532,0,20499,Healthy
1,0.017210856017387255,0,20499,Healthy
1,0.020417304607575404,0,20499,Healthy
1,0.17362692654137446,0,20498,Low
1,0.15098417249769136,0,20489,Medium
1,0.11231949821189047,0,20486,Low
1,0.04825475776614596,0,20473,Low
1,0.028966937644617663,0,20473,Low
1,0.059536931786705216,0,20473,Low
1,0.05944822441745251,0,20471,Medium
1,0.16014424635218877,0,20466,Medium
1,0.09309794646660763,0,20457,Low
1,0.16205830736424987,0,20456,Low
1,0.06143180048338215,0,20451,Low
1,0.10447518293567365,0,20446,Healthy
1,0.10485087513884755,0,20446,Healthy
1,0.10467047491192039,0,20446,Healthy
1,0.08058269250753114,0,20446,Healthy
1,0.08954875824840147,0,20446,Healthy
1,0.10449723710711678,0,20442,Medium
1,0.10538776913671671,0,20434,Healthy
1,0.09622604286639336,0,20434,Healthy
1,0.0889876048070028,0,20433,Critical
1,0.16786256047483733,0,20433,Low
1,0.06223030509960803,0,20428,Medium
1,0.06202062096108746,0,20428,Medium
1,0.06272836608008026,0,20428,Medium
1,0.062260624303032586,0,20428,Medium
1,0.10007760306960595,0,20426,Low
1,0.17731460287051942,0,20421,Low
1,0.1471185622756192,0,20421,Low
1,0.0821583257305854,0,20413,Healthy
1,0.12373392878781964,0,20411,Low
1,0.10111990379392904,0,20410,Low
1,0.07515647375629314,0,20410,Healthy
1,0.1784264083775779,0,20401,Medium
1,0.11908909028112935,0,20393,Low
1,0.11860565172569854,0,20393,Low
1,0.11929314525929224,0,20393,Low
1,0.19039921940987098,0,20392,Healthy
1,0.13247330752370606,0,20381,Low
1,0.13553972311523294,0,20378,Low
1,0.0489888361599744,0,20371,Low
1,0.15566820685793759,0,20368,Low
1,0.08627558734457413,0,20367,Healthy
1,0.17089323967170705,0,20365,Low
1,0.14342761914647467,0,20360,Low
1,0.13631710270040975,0,20360,Medium
1,0.13977086579764286,0,20355,Healthy
1,0.17886527477280467,0,20351,Medium
1,0.03837947952435228,0,20347,Medium
1,0.16914683718199192,0,20343,Critical
1,0.17959837175523385,0,20336,Low
1,0.19114702806430317,0,20335,Low
1,0.00966633932253158,0,20333,Healthy
1,0.005152425808647387,0,20333,Healthy
1,0.0061472919650222835,0,20333,Healthy
1,0.008178779028284344,0,20333,Healthy
1,0.17026607705249774,0,20323,Medium
1,0.053268388686309565,0,20319,Low
1,0.08123030587567476,0,20306,Low
1,0.06525236460226647,0,20306,Low
1,0.09818217425467984,0,20306,Low
1,0.06745969659234058,0,20305,Medium
1,0.18252198203105746,0,20303,Medium
1,0.17522517156133133,0,20296,Low
1,0.07367600773171912,0,20294,Healthy
1,0.07410405142464527,0,20294,Healthy
1,0.0718452153705551,0,20294,Healthy
1,0.05182110554783326,0,20294,Healthy
1,0.05813520498414304,0,20294,Healthy
1,0.19164713084653295,0,20294,Low
1,0.07413751456273965,0,20287,Low
1,0.11292761584166783,0,20279,Medium
1,0.1071202650506703,0,20270,Critical
1,0.19071078989327267,0,20269,Low
1,0.052414729416897954,0,20264,Healthy
1,0.04733082799451449,0,20264,Healthy
1,0.1440631646771699,0,20264,Low
1,0.048740834554982904,0,20260,Medium
1,0.05052727407169311,0,20260,Medium
1,0.049132943225394965,0,20260,Medium
1,0.049353820465895315,0,20260,Medium
1,0.08994184889973611,0,20260,Low
1,0.177862822622551,0,20258,Low
1,0.07942903197580953,0,20250,Healthy
1,0.023463822063493178,0,20249,Low
1,0.025831803981224977,0,20249,Healthy
1,0.15307778821825435,0,20245,Low
1,0.1847731021013891,0,20237,Low
1,0.17656442807965173,0,20235,Healthy
1,0.09515242962956494,0,20227,Low
1,0.15232319433343516,0,20223,Low
1,0.15262389612700134,0,20223,Low
1,0.14875792858409198,0,20223,Low
1,0.13275988493913304,0,20214,Low
1,0.15044681350371647,0,20214,Low
1,0.15185983975244577,0,20208,Low
1,0.13098073948693711,0,20198,Healthy
1,0.10533200712543095,0,20195,Healthy
1,0.12764091700102698,0,20195,Low
1,0.10070396311281793,0,20191,Medium
1,0.10547301149498461,0,20191,Low
1,0.1425172398236903,0,20191,Medium
1,0.1292410082096883,0,20181,Medium
1,0.1673918886794079,0,20173,Critical
1,0.19117252337406176,0,20173,Low
1,0.18450693375713917,0,20172,Low
-1,-0.0008230490557002978,1,20165,Healthy
-1,-0.004431449402184984,1,20165,Healthy
-1,-0.0038974691629454217,1,20165,Healthy
-1,-0.0016035861322380995,1,20165,Healthy
1,0.16199627132099348,0,20150,Medium
1,0.04088018881859057,0,20145,Healthy
1,0.04088018881859057,0,20145,Healthy
1,0.036283374403252244,0,20145,Healthy
1,0.019517420826687393,0,20145,Healthy
1,0.024420717550907467,0,20145,Healthy
1,0.17324445795890714,0,20143,Low
1,0.14725856074282273,0,20143,Low
1,0.18728214911701657,0,20143,Low
1,0.07845928911419459,0,20142,Low
1,0.06540889085271256,0,20141,Medium
1,0.11274413299472752,0,20141,Low
1,0.17711136607840633,0,20136,Medium
1,0.18639070087217824,0,20127,Low
1,0.0719620150313191,0,20123,Low
1,0.10538776913671671,0,20115,Medium
1,0.1085732059806746,0,20107,Critical
1,0.1587794897640722,0,20104,Low
1,0.020194402872737993,0,20100,Medium
1,0.021385282195295674,0,20100,Medium
1,0.020728234098832288,0,20100,Medium
1,0.020443280131638653,0,20100,Medium
1,0.09348431134351437,0,20095,Healthy
1,0.08294509164701092,0,20095,Healthy
1,0.18874766700388546,0,20095,Low
1,0.06283593356628409,0,20093,Low
1,0.14044258782538344,0,20090,Low
1,0.15405247054399407,0,20088,Low
1,0.07515647375629314,0,20087,Healthy
-1,-0.0061817095989978865,1,20085,Low
-1,-0.0037125600023022454,1,20085,Healthy
1,0.0845746029635569,0,20080,Medium
1,0.18466182979877893,0,20080,Low
1,0.1922166885089412,0,20071,Healthy
1,0.1602876032438174,0,20061,Low
1,0.15515290658604086,0,20060,Low
1,0.15156150740050411,0,20060,Low
1,0.15566369440411487,0,20060,Low
1,0.1599433187247447,0,20048,Low
1,0.14688140621186585,0,20048,Low
1,0.09851127210222044,0,20041,Low
1,0.15196808618704538,0,20031,Healthy
1,0.11312458101513262,0,20031,Healthy
1,0.10335646224898459,0,20027,Medium
1,0.14622574540932487,0,20025,Medium
1,0.15487259808120335,0,20025,Low
1,0.15021421436345728,0,20023,Low
1,0.18162984469891064,0,20007,Low
1,0.17503405109363085,0,20007,Critical
1,0.16727254550062337,0,20006,Low
1,0.001596400304240908,0,19999,Healthy
-1,-0.0018489844487522555,1,19999,Healthy
-1,-0.0014872301473204397,1,19999,Healthy
1,0.001194374192122094,0,19999,Healthy
1,0.07077839002364045,0,19984,Healthy
1,0.07076294355652524,0,19984,Healthy
1,0.07093046212089876,0,19984,Healthy
1,0.049717480755075205,0,19984,Healthy
1,0.057006460411940074,0,19984,Healthy
1,0.1875657090910261,0,19981,Low
1,0.16766812970729988,0,19980,Low
1,0.14021688970323015,0,19980,Low
1,0.1807929662068815,0,19980,Low
-1,-0.03466614580894167,1,19977,Low
1,0.048764105578135375,0,19977,Medium
1,0.08628074401687819,0,19975,Medium
1,0.1866928266404812,0,19973,Medium
1,0.15955735072139343,0,19970,Low
1,0.054945147208553924,0,19961,Low
1,0.052824082655296256,0,19946,Medium
1,0.10622026645393767,0,19943,Critical
1,0.1487727475391304,0,19941,Low
1,0.152251046810655,0,19931,Low
1,0.07125528855007435,0,19929,Low
1,0.1339422706817544,0,19929,Healthy
1,0.12390018547548737,0,19929,Healthy
1,0.045064525224740026,0,19928,Low
1,0.048313811040799126,0,19928,Low
1,0.04595877957450045,0,19928,Low
1,0.045708386656613476,0,19928,Low
1,0.19329536614691728,0,19928,Low
1,0.02621499474375366,0,19925,Healthy
1,0.18604420490405466,0,19923,Low
1,0.009557996868805207,0,19921,Low
1,0.012430242114172763,0,19921,Healthy
1,0.13089245444407338,0,19921,Low
1,0.16143689603831218,0,19917,Healthy
1,0.17955121982770278,0,19914,Medium
1,0.1478074149375399,0,19904,Low
1,0.1694245779712933,0,19897,Low
1,0.17243521092343622,0,19897,Low
1,0.17243521092343622,0,19897,Low
1,0.10837676606045249,0,19891,Low
1,0.1635283670303918,0,19885,Low
1,0.11687591522178553,0,19873,Medium
1,0.1249303605966447,0,19868,Healthy
1,0.1411203196487002,0,19867,Low
1,0.13701004368507147,0,19862,Medium
1,0.14438515701464694,0,19862,Low
1,0.12684404825306234,0,19859,Medium
1,0.16385963042735346,0,19851,Low
1,0.14750395204268968,0,19849,Low
1,0.17456701614502912,0,19843,Low
1,0.15852967099419008,0,19841,Critical
1,0.0011757404162386909,0,19835,Healthy
-1,-0.0026222698814875045,1,19835,Healthy
-1,-0.0020316179689722214,1,19835,Healthy
1,0.0006453426288788311,0,19835,Healthy
1,0.18112301206202952,0,19821,Low
1,0.15501540091354965,0,19820,Critical
1,0.12271445621210869,0,19820,Low
1,0.1662351283189049,0,19820,Low
1,0.12760460293075726,0,19818,Healthy
1,0.13363053070733655,0,19818,Healthy
1,0.12744545439386418,0,19818,Healthy
1,0.13787030637594933,0,19818,Healthy
1,0.12760460293075726,0,19818,Healthy
1,0.06540044346493123,0,19814,Medium
1,0.18263125975285416,0,19813,Medium
1,0.023957029050098777,0,19812,Low
1,0.10865946637960261,0,19808,Medium
1,0.1722009391908943,0,19804,Low
1,0.06237817382260158,0,19797,Low
1,0.11799808950099949,0,19790,Low
1,0.010965005002984474,0,19785,Low
1,0.10158109011055066,0,19780,Critical
1,0.09456224981619682,0,19777,Medium
1,0.14723479708767817,0,19774,Low
1,0.19493200633251873,0,19765,Low
-1,-0.00396163555094553,1,19761,Healthy
1,0.17610872504921238,0,19760,Healthy
1,0.05240335479534952,0,19760,Low
1,0.055411006992929224,0,19760,Low
1,0.0536696919299432,0,19760,Low
1,0.052746264350429506,0,19760,Low
1,0.12837154307717968,0,19760,Low
1,0.11999930108194057,0,19759,Healthy
1,0.11130736404455044,0,19759,Healthy
1,0.19672749288634678,0,19757,Low
1,0.012963220377478657,0,19755,Low
1,0.01513936113145442,0,19755,Healthy
1,0.17469802398531215,0,19754,Medium
1,0.12355287501744505,0,19747,Low
1,0.14437897730361943,0,19728,Low
1,0.14913438324013162,0,19727,Low
1,0.14960547331844026,0,19727,Low
1,0.14608043674598192,0,19727,Low
1,0.15832514105717654,0,19724,Low
1,0.11992290070352435,0,19707,Medium
1,0.11020306436653776,0,19705,Healthy
1,0.16314687527194566,0,19702,Low
1,0.1417286927981341,0,19699,Medium
1,0.1492129549833725,0,19698,Low
1,0.13813353721235505,0,19698,Medium
1,0.18846815223656344,0,19683,Low
1,0.13421429647769573,0,19681,Low
1,0.16193529579811428,0,19681,Critical
-1,-0.03311944983419657,1,19678,Healthy
-1,-0.036778177758937436,1,19678,Healthy
-1,-0.03528005287586988,1,19678,Healthy
-1,-0.03394845081220421,1,19678,Healthy
1,0.18097177639931866,0,19676,Low
1,0.13671826686561545,0,19654,Medium
1,0.16330204451891972,0,19653,Critical
1,0.13170216306451205,0,19653,Low
1,0.17487995746171048,0,19653,Low
1,0.17698289121041139,0,19653,Medium
1,0.18714735943911098,0,19652,Low
1,0.10612130832869676,0,19649,Healthy
1,0.11823081818298897,0,19649,Healthy
1,0.10612130832869676,0,19649,Healthy
1,0.1234679206341911,0,19649,Healthy
1,0.10612130832869676,0,19649,Healthy
1,0.025529404646330578,0,19648,Low
1,0.05602817714786634,0,19648,Medium
1,0.16226534217014565,0,19644,Low
1,0.1600712275987497,0,19630,Low
1,0.05000277845986889,0,19629,Low
1,0.04903183499234176,0,19624,Low
1,0.016992320210906797,0,19618,Critical
1,0.1502910740112971,0,19617,Low
1,0.16819526120912237,0,19611,Low
1,0.135051632354025,0,19610,Medium
1,0.17492918317775652,0,19603,Healthy
1,0.012048070729854365,0,19597,Healthy
1,0.04454797796037924,0,19596,Low
1,0.04793479688193192,0,19596,Low
1,0.04498254517785438,0,19596,Low
1,0.04445664643043257,0,19596,Low
1,0.20061579505809324,0,19594,Low
1,0.15363607634901338,0,19591,Low
1,0.17824935520045893,0,19591,Medium
1,0.10579709692749517,0,19590,Healthy
1,0.09500795230537079,0,19590,Healthy
-1,-0.004416658540335905,1,19585,Low
-1,-0.002701882011311829,1,19585,Healthy
1,0.15307778821825435,0,19581,Low
1,0.12617502970613714,0,19574,Low
1,0.12857309924455207,0,19567,Low
1,0.12858501547594203,0,19567,Low
1,0.12917567621617332,0,19567,Low
1,0.11631772157338605,0,19564,Low
1,0.11368744624784693,0,19556,Medium
1,0.1266648852876806,0,19539,Low
1,0.051519236279124914,0,19538,Healthy
1,0.13462280974125795,0,19535,Medium
1,0.14069898360366712,0,19535,Low
1,0.10174158469788719,0,19525,Medium
1,0.1987265899315665,0,19520,Low
1,0.16001677080190563,0,19515,Low
-1,-0.001100334879734266,1,19512,Healthy
-1,-0.004944919660817448,1,19512,Healthy
-1,-0.003436660031196914,1,19512,Healthy
-1,-0.002368981786276758,1,19512,Healthy
1,0.15379598034324976,0,19509,Critical
1,0.1366097095544611,0,19504,Low
1,0.13885319459625278,0,19497,Medium
1,0.16526229761893352,0,19496,Medium
1,0.1399409149248999,0,19490,Low
1,0.18428784971219153,0,19490,Low
1,0.17239954492715232,0,19490,Critical
1,0.17661165613006746,0,19488,Low
1,0.12868805903005492,0,19484,Healthy
1,0.14018244490226206,0,19484,Healthy
1,0.12868805903005492,0,19484,Healthy
1,0.1499117179441291,0,19484,Healthy
1,0.12868805903005492,0,19484,Healthy
1,0.033494728289694686,0,19482,Low
1,0.021795423639763722,0,19482,Medium
1,0.18085635074531747,0,19478,Low
1,0.021282745256837488,0,19470,Low
1,0.15745028282062007,0,19470,Low
1,0.03891500958396088,0,19467,Low
1,0.09906432011950067,0,19460,Low
-1,-0.014067533970260393,1,19454,Critical
1,0.1921761559060438,0,19445,Low
1,0.12165509403532598,0,19441,Medium
-1,-0.07858822075532201,1,19441,Low
-1,-0.07692558025159124,1,19441,Healthy
1,0.16880751322613752,0,19440,Low
1,0.18427603236580287,0,19440,Healthy
1,0.015012166575480324,0,19431,Healthy
1,0.011349445313409534,0,19430,Low
1,0.012635502039894164,0,19430,Low
1,0.012181723323681726,0,19430,Low
1,0.011688526619559436,0,19430,Low
1,0.18478544110654643,0,19428,Medium
1,0.08518201943772158,0,19427,Healthy
1,0.07566026679402676,0,19427,Healthy
1,0.15405247054399407,0,19424,Low
1,0.16714829822619964,0,19421,Low
1,0.19223628394005332,0,19411,Low
1,0.12502478289316654,0,19408,Medium
-1,-0.014118041186107266,1,19403,Low
1,0.1515001569813998,0,19401,Low
1,0.15068771785677915,0,19401,Low
1,0.14832741357917079,0,19401,Low
1,0.1492899232808222,0,19372,Medium
1,0.15926882644365964,0,19372,Critical
1,0.15524707679613925,0,19371,Low
1,0.10345456312847734,0,19371,Medium
1,0.07614384231834637,0,19361,Healthy
1,0.1321424609472298,0,19356,Critical
1,0.19657539067075308,0,19353,Low
1,0.017880930645526316,0,19352,Healthy
1,0.014339239777213963,0,19352,Healthy
1,0.016292994435176955,0,19352,Healthy
1,0.017002348544449486,0,19352,Healthy
1,0.1641819665450281,0,19343,Low
1,0.1361218185071249,0,19343,Low
1,0.14963875628963597,0,19331,Medium
1,0.15097925739266482,0,19330,Medium
1,0.14220319888965643,0,19321,Critical
1,0.10552920874819549,0,19321,Critical
1,0.1508190394982888,0,19321,Critical
1,0.1872473518948526,0,19319,Low
-1,-0.02139440038486129,1,19318,Low
1,0.11550705556829705,0,19318,Healthy
1,0.12808153549769824,0,19318,Healthy
1,0.11550705556829705,0,19318,Healthy
1,0.13367550860316757,0,19318,Healthy
1,0.11550705556829705,0,19318,Healthy
1,0.18024376727190256,0,19314,Low
1,0.039978573025222786,0,19310,Medium
1,0.1031704796902207,0,19307,Low
1,0.1483048667870755,0,19303,Critical
1,0.10022155138890682,0,19303,Low
1,0.04724349352398627,0,19298,Low
-1,-0.00028279632760785933,1,19291,Critical
1,0.17459305811671327,0,19285,Low
-1,-0.02013698758405047,1,19279,Low
-1,-0.018339594573768547,1,19279,Healthy
1,0.18659426377532512,0,19274,Healthy
1,0.19025866695091886,0,19274,Low
1,0.106480949585328,0,19272,Medium
1,0.18467334265471863,0,19271,Medium
1,0.1529637162539007,0,19267,Low
1,0.055317304800069134,0,19264,Low
1,0.05730105392856777,0,19264,Low
1,0.05608232549633213,0,19264,Low
1,0.05543008217220591,0,19264,Low
-1,-0.002341504750849266,1,19261,Healthy
1,0.12421952791202068,0,19260,Healthy
1,0.11278168130473709,0,19260,Healthy
1,0.17870152040030524,0,19258,Low
1,0.17187856081479208,0,19251,Medium
1,0.1874809690484514,0,19245,Low
1,0.1090527453577928,0,19241,Low
1,0.10910938557754668,0,19241,Low
1,0.11039919921591251,0,19241,Low
-1,-0.0070498007483199565,1,19238,Low
1,0.11738693466150668,0,19217,Medium
1,0.14802676549479232,0,19209,Medium
1,0.15647846385024838,0,19209,Critical
1,0.11397240909933687,0,19206,Low
-1,-0.039726081799384416,1,19197,Low
-1,-0.03641444013701711,1,19196,Healthy
1,0.11144600010405592,0,19189,Critical
1,0.024031854025240662,0,19184,Healthy
1,0.018534401158455727,0,19184,Healthy
1,0.02017248053807552,0,19184,Healthy
1,0.022985304488221225,0,19184,Healthy
1,0.17794590173753433,0,19183,Low
1,0.1706642341245453,0,19179,Low
1,0.1466164457729865,0,19176,Medium
1,0.17576048360906216,0,19168,Medium
1,0.1656823483801368,0,19155,Critical
1,0.13027545860705758,0,19155,Critical
1,0.17624259860121716,0,19155,Critical
1,0.027497204916704487,0,19152,Low
1,0.17916863087848084,0,19151,Low
1,0.028263229565043346,0,19148,Medium
1,0.15460845969045195,0,19147,Low
1,0.04204576556178019,0,19146,Healthy
1,0.05129082721153533,0,19146,Healthy
1,0.04204576556178019,0,19146,Healthy
1,0.04420914442647739,0,19146,Healthy
1,0.04204576556178019,0,19146,Healthy
1,0.14763379612017968,0,19144,Low
1,0.10020883814113479,0,19143,Low
1,0.15743295426053894,0,19140,Critical
1,0.05502631323823215,0,19130,Low
1,0.005754421424731593,0,19125,Critical
1,0.1935787463600862,0,19125,Low
1,0.025022738414219647,0,19122,Low
1,0.030793763242466743,0,19122,Healthy
-1,-0.07727545785155776,1,19117,Healthy
1,0.1861428968889754,0,19114,Medium
1,0.20030623910843726,0,19111,Low
1,0.14723479708767817,0,19110,Low
1,0.08518201943772158,0,19108,Medium
1,0.16793117140414293,0,19108,Healthy
1,0.039363810841829494,0,19101,Low
1,0.04182508930818196,0,19101,Low
1,0.03948018578017032,0,19101,Low
1,0.039363810841829494,0,19101,Low
1,0.15821912247167214,0,19097,Medium
1,0.17872720297962608,0,19095,Low
1,0.1336721594857163,0,19094,Healthy
1,0.12397330244910171,0,19094,Healthy
1,0.18311957985667776,0,19084,Low
1,0.15046052280399863,0,19080,Low
1,0.15130702860182965,0,19080,Low
1,0.14895236882102852,0,19080,Low
1,0.01300338315535643,0,19076,Low
1,0.12213280397924692,0,19051,Medium
1,0.13821413895018747,0,19046,Medium
1,0.14623753649677262,0,19046,Critical
1,0.12385503374776169,0,19039,Low
1,0.019134938357911246,0,19030,Healthy
1,0.004428891248645095,0,19030,Low
1,0.10822322149709879,0,19028,Low
1,0.013925630605611472,0,19025,Healthy
1,0.009081697550086254,0,19025,Healthy
1,0.010354732590692639,0,19025,Healthy
1,0.012999677294741385,0,19025,Healthy
1,0.10643292726860448,0,19023,Critical
1,0.17682430483365846,0,19010,Medium
1,0.16816879516758948,0,19002,Medium
1,0.12790496969301657,0,19001,Low
1,0.1579160381450151,0,18991,Low
1,0.06988097147208239,0,18989,Healthy
1,0.07864570881828165,0,18989,Healthy
1,0.06906737902971039,0,18989,Healthy
1,0.08060876586061416,0,18989,Healthy
1,0.06988097147208239,0,18989,Healthy
1,0.039724234677054104,0,18986,Low
1,0.19672639630340166,0,18984,Low
1,0.16964354402747905,0,18982,Critical
1,0.028684207227352543,0,18982,Medium
1,0.12637966432788877,0,18982,Critical
1,0.12637966432788877,0,18982,Critical
1,0.1561703264484675,0,18978,Low
1,0.09049961839678466,0,18977,Low
1,0.1612782551648464,0,18974,Critical
1,0.004127797496719321,0,18968,Low
1,0.008233149820362495,0,18968,Healthy
1,0.04692512882865629,0,18966,Low
1,0.19603721377673677,0,18959,Low
-1,-0.018657057052714143,1,18956,Healthy
-1,-0.013780126217200261,1,18954,Critical
1,0.15058915454766775,0,18953,Low
1,0.17999897214972765,0,18948,Healthy
1,0.18101489885725713,0,18947,Low
1,0.19698753011965536,0,18947,Medium
1,0.12421952791202068,0,18942,Medium
1,0.169210589958107,0,18940,Medium
1,0.14217712393448678,0,18931,Healthy
1,0.1320501415899752,0,18931,Healthy
-1,-0.01516642298712334,1,18931,Low
-1,-0.014915200411344975,1,18931,Low
-1,-0.015423853437607993,1,18931,Low
-1,-0.01516642298712334,1,18931,Low
1,0.18062366720404177,0,18926,Low
1,0.1718123779965502,0,18924,Low
1,0.13108428170121628,0,18923,Low
1,0.13186219936130356,0,18923,Low
1,0.12719620943296667,0,18923,Low
-1,-0.01637600433259101,1,18909,Low
1,0.11455549209420546,0,18900,Medium
1,0.12277976597012485,0,18879,Medium
1,0.13204064548339217,0,18879,Critical
1,0.16168670704084132,0,18873,Low
1,0.04161393445246708,0,18871,Low
1,0.18561434212418854,0,18868,Low
1,0.01921566356515725,0,18867,Healthy
1,0.013868955223663049,0,18857,Healthy
1,0.008285630041971026,0,18857,Healthy
1,0.009914746869640667,0,18857,Healthy
1,0.012118392791588994,0,18857,Healthy
1,0.09191868531329644,0,18857,Critical
1,0.15708351903617296,0,18853,Low
1,0.17809561712911037,0,18839,Medium
1,0.15229150495326865,0,18835,Low
1,0.11468130686130162,0,18828,Low
1,0.1522285534913384,0,18825,Critical
1,0.026681648816452852,0,18825,Healthy
1,0.10653274124407841,0,18825,Critical
1,0.10653274124407841,0,18825,Critical
1,0.028137032454305877,0,18820,Low
1,0.05636594056004468,0,18817,Healthy
1,0.0650439164372209,0,18817,Healthy
1,0.05636594056004468,0,18817,Healthy
1,0.060384087954155785,0,18817,Healthy
1,0.05636594056004468,0,18817,Healthy
1,0.03527296438440375,0,18814,Medium
1,0.15203958757665476,0,18814,Critical
1,0.1815825337257398,0,18814,Low
1,0.1560945472458551,0,18811,Low
-1,-0.09097799917629379,1,18811,Critical
1,0.02390529981235079,0,18811,Low
1,0.027370167868317363,0,18811,Medium
1,0.06317153954644456,0,18810,Low
1,0.1788907452023457,0,18802,Low
1,0.01284711831809826,0,18800,Low
1,0.027618448359013725,0,18798,Healthy
1,0.09865243884825575,0,18796,Low
1,0.16879056555974525,0,18788,Healthy
1,0.15770841494946536,0,18786,Medium
1,0.2010306063450154,0,18784,Medium
1,0.15066802788336475,0,18781,Low
1,0.1335770299431424,0,18776,Medium
1,0.13012085323363504,0,18767,Healthy
1,0.12156632812735574,0,18767,Healthy
1,0.0412244472555614,0,18767,Low
1,0.04244249956319324,0,18767,Low
1,0.04136162989144021,0,18767,Low
1,0.04136162989144021,0,18767,Low
1,0.1755155055228954,0,18762,Low
1,0.09527194831414482,0,18760,Low
1,0.12543036601320812,0,18752,Medium
1,0.10447671454239654,0,18751,Low
1,0.10394516112558971,0,18751,Low
1,0.10454527191963114,0,18751,Low
-1,-0.044902927030004536,1,18750,Low
1,0.1369711761961943,0,18710,Medium
1,0.14084948508829664,0,18710,Critical
1,0.15111976232960445,0,18710,Low
1,0.041267140418958737,0,18709,Low
1,0.17913347936089596,0,18708,Low
1,0.027275893442529897,0,18701,Healthy
1,0.07842303438002685,0,18697,Critical
1,0.15293117979689402,0,18696,Low
1,0.014752266861906005,0,18689,Healthy
1,0.010418369085115287,0,18689,Healthy
1,0.010994097299442895,0,18689,Healthy
1,0.013437908462973103,0,18689,Healthy
1,0.17465168620726768,0,18675,Medium
1,0.18836588500780188,0,18668,Low
1,0.16496626123839636,0,18665,Low
1,0.1300046422659707,0,18660,Critical
1,0.12576484924019643,0,18656,Critical
1,0.12576484924019643,0,18656,Critical
1,0.168358979614313,0,18656,Critical
1,0.029432081819330547,0,18653,Healthy
1,0.023493313485814737,0,18652,Low
1,0.17119155127584584,0,18651,Low
1,0.19096590707790811,0,18651,Low
1,0.04984838286415505,0,18650,Low
1,0.08655300846840919,0,18648,Healthy
1,0.09534088655668538,0,18648,Healthy
1,0.08655300846840919,0,18648,Healthy
1,0.09573705595645421,0,18648,Healthy
1,0.08655300846840919,0,18648,Healthy
1,0.03893271377618579,0,18648,Medium
1,0.006963772152749126,0,18645,Medium
1,0.1822985171880671,0,18645,Low
1,0.09934861008090029,0,18639,Low
1,0.056908945768426644,0,18634,Low
1,0.009984394789022466,0,18630,Medium
-1,-0.011036894781768947,1,18630,Critical
1,0.0068224345928519226,0,18630,Low
1,0.16902078704063772,0,18630,Medium
1,0.18171592516665847,0,18628,Medium
1,0.08863884059593291,0,18627,Low
1,0.1763822928025372,0,18624,Healthy
1,0.14242252558849672,0,18612,Medium
1,0.10845937588902083,0,18603,Low
1,0.06041535660987546,0,18603,Low
1,0.06348211756456235,0,18603,Low
1,0.06144563694931715,0,18603,Low
1,0.06153663900567663,0,18603,Low
1,0.12834496067834866,0,18598,Healthy
1,0.11929165100942829,0,18598,Healthy
1,0.1762524519942424,0,18596,Low
1,0.17253843162834925,0,18595,Medium
1,0.008012071611774862,0,18586,Low
1,0.15942370848292192,0,18584,Low
1,0.15825116076573897,0,18584,Low
1,0.15930316294526792,0,18584,Low
1,0.040501656728826,0,18550,Low
1,0.16205965801249095,0,18547,Medium
1,0.14990006345120316,0,18547,Low
1,0.16050947354910844,0,18547,Critical
1,0.18388079526405682,0,18538,Low
-1,-0.02646631149585532,1,18537,Healthy
1,0.1629630693002977,0,18536,Low
1,0.07011568502103976,0,18527,Critical
-1,-0.0009857609643522114,1,18525,Healthy
-1,-0.004412527292222079,1,18525,Healthy
-1,-0.00320178349112743,1,18525,Healthy
-1,-0.0012922376371927724,1,18525,Healthy
1,0.15456763744305918,0,18518,Medium
1,0.1140554736914372,0,18506,Critical
1,0.18290754429580425,0,18505,Low
1,0.1786215962890586,0,18502,Low
1,0.039635115107059526,0,18493,Low
1,0.13254774066252722,0,18493,Critical
1,0.13254774066252722,0,18493,Critical
1,0.17486548483871023,0,18493,Critical
1,0.09924456133903947,0,18488,Healthy
1,0.1831165206844927,0,18488,Low
1,0.02559051115891775,0,18487,Medium
1,0.05936648534992528,0,18487,Healthy
1,0.18750365727984403,0,18485,Low
1,0.1705144558631515,0,18482,Low
1,0.027253812687241585,0,18480,Low
1,0.020342627042044814,0,18480,Medium
1,0.08203154157904302,0,18479,Healthy
1,0.08970424244518221,0,18479,Healthy
1,0.08192476427794027,0,18479,Healthy
1,0.0873195638612177,0,18479,Healthy
1,0.08192476427794027,0,18479,Healthy
1,0.10020883814113479,0,18479,Low
1,0.04172035713750988,0,18470,Low
1,0.16954562038808735,0,18467,Healthy
1,0.19076929380325613,0,18464,Medium
1,0.16874914960830012,0,18464,Low
1,0.14960835078249457,0,18462,Medium
1,0.029456043851346703,0,18454,Low
1,0.03315534855888114,0,18454,Medium
1,0.008758911876458275,0,18454,Critical
1,0.13161641773966504,0,18449,Medium
1,0.1590813101900368,0,18441,Medium
1,0.15979479586025575,0,18440,Low
1,0.01465138362530527,0,18435,Low
1,0.019762228463819476,0,18435,Low
1,0.01595994284243374,0,18435,Low
1,0.015263729959871464,0,18435,Low
1,0.10198230637329286,0,18432,Healthy
1,0.09295853212747218,0,18432,Healthy
1,0.17024653184620903,0,18427,Low
1,0.007526601056005444,0,18425,Low
1,0.16462274427477774,0,18421,Low
1,0.16382788474590737,0,18421,Low
1,0.16419514696243492,0,18421,Low
1,0.045711004655616505,0,18389,Low
1,0.17157116929360555,0,18384,Medium
1,0.1683723702348316,0,18384,Critical
1,0.09693207961930095,0,18377,Low
1,0.17638687924381202,0,18375,Low
1,0.02293905027451848,0,18371,Healthy
1,0.018132133063042843,0,18361,Healthy
1,0.015433155472421523,0,18361,Healthy
1,0.01594243093467096,0,18361,Healthy
1,0.01775806837668048,0,18361,Healthy
1,0.12140718976180292,0,18360,Low
1,0.1585392832198524,0,18358,Medium
1,0.07645549616031516,0,18358,Critical
1,0.10620510572781794,0,18352,Critical
1,0.17538847807768415,0,18342,Low
1,0.177941531718543,0,18336,Low
1,0.1042331802966398,0,18333,Low
1,0.15393606166738416,0,18331,Low
1,0.11947594938041023,0,18330,Critical
1,0.11947594938041023,0,18330,Critical
1,0.16342375551720884,0,18330,Critical
1,0.12844595199897046,0,18328,Healthy
1,0.17515497732647634,0,18325,Low
1,0.07081980187841852,0,18321,Healthy
1,0.17686316117486678,0,18316,Low
1,0.05543653799298548,0,18314,Low
1,0.05170343114798592,0,18314,Medium
1,0.09049961839678466,0,18312,Low
1,0.1008980732939474,0,18310,Low
1,0.008463083185891729,0,18306,Medium
1,0.07209252478040457,0,18304,Healthy
1,0.08061582343324486,0,18304,Healthy
1,0.07198350569226719,0,18304,Healthy
1,0.07890661820466194,0,18304,Healthy
1,0.07209252478040457,0,18304,Healthy
1,0.17774373318413272,0,18304,Healthy
1,0.012045171127218701,0,18303,Low
1,0.016702774226253658,0,18303,Medium
-1,-0.007197088524366513,1,18303,Critical
1,0.20006849690184908,0,18301,Medium
-1,-0.014909399440725002,1,18300,Low
1,0.17512318223114842,0,18299,Medium
1,0.17078545853260657,0,18284,Medium
1,0.12937978023253255,0,18280,Medium
1,0.1768724176893139,0,18274,Low
1,0.10994425275772851,0,18268,Healthy
1,0.0995674612880556,0,18268,Healthy
1,0.008154275934153299,0,18267,Low
1,0.014676112758810311,0,18267,Low
1,0.010448064660159129,0,18267,Low
1,0.00911131766939044,0,18267,Low
1,0.18863309906252929,0,18261,Low
1,0.1486997713060032,0,18255,Low
1,0.15037517959244506,0,18255,Low
1,0.15039412481541126,0,18255,Low
1,0.0027131173766693495,0,18252,Low
1,0.04810981157640781,0,18230,Low
1,0.17147405456407305,0,18217,Critical
1,0.17482928961064786,0,18217,Medium
1,0.13705560669134048,0,18214,Low
1,0.18438874696173718,0,18206,Low
1,0.03315833782880939,0,18205,Healthy
1,0.13077669328652153,0,18202,Low
1,0.17307247368318313,0,18201,Medium
1,0.06563589179427698,0,18201,Critical
1,0.028463417558461712,0,18197,Healthy
1,0.024372084554732276,0,18197,Healthy
1,0.025751755787792763,0,18197,Healthy
1,0.02767810783114988,0,18197,Healthy
1,0.15737901124510906,0,18189,Critical
1,0.14081991169703773,0,18188,Low
1,0.11900722107823236,0,18171,Healthy
1,0.14935645775080608,0,18170,Low
1,0.18671056335128972,0,18170,Low
1,0.19567104331211416,0,18167,Low
1,0.17381691356810353,0,18162,Low
1,0.12806492978160794,0,18160,Critical
1,0.17005536658722542,0,18160,Critical
1,0.12806492978160794,0,18160,Critical
1,0.0737225966107008,0,18157,Healthy
1,0.03931026248779124,0,18150,Medium
1,0.1608033707675109,0,18149,Low
1,0.0679606611580702,0,18148,Low
1,0.13723712823372125,0,18147,Low
1,0.06317153954644456,0,18146,Low
1,0.04623763849447193,0,18141,Healthy
1,0.055509643799615815,0,18141,Healthy
1,0.04623763849447193,0,18141,Healthy
1,0.05143397924545556,0,18141,Healthy
1,0.04623763849447193,0,18141,Healthy
1,0.020782316712232962,0,18139,Low
1,0.021002664440951224,0,18139,Medium
1,0.0036973713544532494,0,18139,Critical
1,0.1810905303197763,0,18138,Medium
1,0.04202557999056378,0,18136,Low
1,0.10641186480311832,0,18135,Healthy
1,0.1654432345534077,0,18132,Medium
1,0.15932798340331944,0,18130,Medium
1,0.03206691685791763,0,18130,Medium
1,0.10332219087900585,0,18113,Medium
1,0.13172140222147727,0,18107,Low
1,0.13572487778175574,0,18102,Healthy
1,0.12651785789291425,0,18102,Healthy
-1,-2.495583275374802e-05,1,18098,Low
1,0.004987448591354249,0,18098,Low
1,0.0024654796540511947,0,18098,Low
1,0.0015518612074696403,0,18098,Low
1,0.15339583867148548,0,18094,Low
1,0.002666583477018536,0,18090,Low
1,0.15067806424530478,0,18085,Low
1,0.15065913230333206,0,18085,Low
1,0.14929508374920358,0,18085,Low
1,0.051568942942584184,0,18064,Low
1,0.17328618173520077,0,18051,Medium
1,0.1693508004824617,0,18051,Critical
1,0.1355682734885908,0,18051,Low
1,0.09724898333059001,0,18046,Critical
1,0.09179822025458206,0,18045,Low
1,0.022650592989023943,0,18039,Healthy
1,0.18706833127891748,0,18038,Medium
1,0.1491052946295579,0,18033,Low
1,0.030581482609748356,0,18033,Healthy
1,0.02608481395209228,0,18033,Healthy
1,0.02746003558045229,0,18033,Healthy
1,0.0293801749081265,0,18033,Healthy
1,0.15155345779911072,0,18026,Critical
1,0.1703491523873586,0,18021,Low
1,0.1810500196737853,0,18010,Low
1,0.14824519977986778,0,18005,Healthy
1,0.15605441611625137,0,18003,Low
1,0.1680848782732915,0,18003,Low
1,0.1160262643760821,0,18003,Critical
1,0.15930276096863938,0,18003,Critical
1,0.1160262643760821,0,18003,Critical
1,0.17305197859221894,0,17998,Low
1,0.16349030533502268,0,17989,Low
1,0.10452429628483689,0,17987,Low
1,0.03540401692977424,0,17985,Healthy
1,0.07095876060033035,0,17985,Low
1,0.0723340914509304,0,17982,Low
1,0.0399617232791335,0,17982,Medium
1,0.015661778635367662,0,17979,Medium
1,0.030472829245783428,0,17973,Critical
1,0.06231600769326895,0,17973,Low
1,0.04898372224973202,0,17973,Low
1,0.05148996185963772,0,17973,Medium
1,0.08120065723087638,0,17972,Healthy
1,0.0878065497806596,0,17972,Healthy
1,0.08085749402101305,0,17972,Healthy
1,0.08466455395054873,0,17972,Healthy
1,0.08120065723087638,0,17972,Healthy
1,0.17796008828319476,0,17972,Healthy
1,0.15051134536766764,0,17971,Medium
1,0.1244028531707394,0,17969,Medium
1,0.17495774255273383,0,17967,Medium
1,0.11093795622148372,0,17950,Medium
1,0.1510278591809044,0,17948,Low
1,0.16805216943348328,0,17934,Low
1,0.05795568299487369,0,17934,Low
1,0.060667217215520985,0,17934,Low
1,0.05795568299487369,0,17934,Low
1,0.04286495041664895,0,17934,Low
1,0.10758357921031586,0,17933,Healthy
1,0.09735554990217271,0,17933,Healthy
1,0.07505192221277118,0,17929,Low
1,0.16279238073602598,0,17919,Low
1,0.16164677718300624,0,17919,Low
1,0.16091297328737142,0,17919,Low
1,0.04883060654878224,0,17905,Low
1,0.14885189008502236,0,17891,Medium
1,0.14816463812256347,0,17891,Critical
1,0.140845539377924,0,17890,Low
1,0.14274726417315625,0,17888,Low
1,0.17251693317975042,0,17883,Critical
1,0.029900193435788647,0,17873,Healthy
1,0.0016231285455954314,0,17872,Healthy
-1,-0.0010954053242916428,1,17872,Healthy
-1,-0.000593580593722165,1,17872,Healthy
1,0.00031371368749910644,0,17872,Healthy
1,0.1924935417825444,0,17870,Low
1,0.18188101604998874,0,17869,Medium
1,0.1501772968969352,0,17860,Critical
1,0.17795365632970783,0,17855,Low
1,0.18401445032835884,0,17844,Low
1,0.13464170459065405,0,17840,Critical
1,0.13464170459065405,0,17840,Critical
1,0.1789694211252949,0,17840,Critical
1,0.18202413595645683,0,17840,Low
1,0.1482425587547696,0,17838,Healthy
1,0.011093506793473762,0,17837,Low
1,0.15602325836555048,0,17837,Low
1,0.19029533868700632,0,17829,Low
1,0.1257625101058359,0,17823,Low
1,0.07510505104967213,0,17821,Healthy
1,0.15572542992970861,0,17818,Critical
1,0.08905251160090322,0,17817,Medium
1,0.021156421572204098,0,17815,Medium
1,0.03502949915310072,0,17812,Low
1,0.18272435681180177,0,17809,Medium
1,0.16991295223229808,0,17809,Healthy
1,0.04823733870334346,0,17807,Low
1,0.051368591484908355,0,17807,Medium
-1,-0.02023642305477935,1,17807,Medium
1,0.027358515348432033,0,17807,Critical
1,0.15624749358306966,0,17806,Medium
1,0.13661334761583155,0,17806,Healthy
1,0.14495016812900613,0,17806,Healthy
1,0.13677236920330604,0,17806,Healthy
1,0.1561007555103529,0,17806,Healthy
1,0.13677236920330604,0,17806,Healthy
1,0.016110649220682505,0,17805,Low
1,0.15898866729759537,0,17791,Low
1,0.13656661959701405,0,17784,Medium
1,0.1119463590655399,0,17769,Healthy
1,0.1030114932455995,0,17769,Healthy
1,0.18260658874535768,0,17768,Low
1,0.05553898173653782,0,17767,Low
1,0.09339994292010495,0,17762,Low
1,0.09692678422088047,0,17762,Low
1,0.09339994292010495,0,17762,Low
1,0.08261065941325596,0,17762,Low
1,0.11490590704546388,0,17756,Low
1,0.10843405325799504,0,17756,Low
1,0.11362058500070882,0,17756,Low
1,0.03295041829269707,0,17748,Low
1,0.14037086756409534,0,17727,Low
1,0.16485711363005112,0,17725,Medium
1,0.14265379607386414,0,17725,Low
1,0.16073590775081553,0,17725,Critical
1,0.14041970669460319,0,17722,Critical
1,0.0018686332305964948,0,17708,Healthy
-1,-0.0014763350108394357,1,17708,Healthy
-1,-0.0007232525127902623,1,17708,Healthy
1,0.0009625760426332786,0,17708,Healthy
1,0.1334770355547416,0,17703,Critical
1,0.17480707396738104,0,17702,Medium
1,0.016388644182014134,0,17701,Healthy
1,0.1757659400260978,0,17701,Low
1,0.18069330110649068,0,17692,Critical
1,0.1976749201731608,0,17681,Low
1,0.05007637841899737,0,17677,Low
1,0.17191598007213355,0,17677,Low
1,0.1393170625951592,0,17672,Healthy
1,0.10616167740516236,0,17671,Low
1,0.1180948745793518,0,17671,Critical
1,0.1180948745793518,0,17671,Critical
1,0.16032989067861864,0,17671,Critical
1,0.1729700582198535,0,17669,Low
1,0.11531316167602901,0,17660,Low
1,0.15207260574223858,0,17658,Critical
1,0.168360833243744,0,17654,Medium
1,0.06060754484852543,0,17653,Healthy
1,0.05054680969604952,0,17649,Medium
1,0.0727740143046231,0,17649,Low
1,0.069466063492086,0,17647,Healthy
1,0.07739111642447977,0,17647,Healthy
1,0.069466063492086,0,17647,Healthy
1,0.08363389937347931,0,17647,Healthy
1,0.069466063492086,0,17647,Healthy
1,0.07073026693501477,0,17643,Medium
1,0.04612524634066262,0,17643,Critical
1,0.06664335586765191,0,17643,Low
1,0.014689644533845359,0,17643,Medium
1,0.17426119702405507,0,17642,Medium
1,0.17305309804107455,0,17642,Healthy
1,0.16234668316537199,0,17637,Medium
1,0.010618941043938235,0,17637,Low
1,0.17715659070226591,0,17628,Low
1,0.10830102844548845,0,17615,Medium
1,0.13584358407297642,0,17609,Healthy
1,0.12696120824084828,0,17609,Healthy
1,0.07588720263678411,0,17608,Low
1,0.1578341314396033,0,17605,Low
1,0.05762544043608675,0,17600,Low
1,0.06388388640470849,0,17600,Low
1,0.058256863958762395,0,17600,Low
1,0.05762544043608675,0,17600,Low
1,0.15557552764551869,0,17589,Low
1,0.15131075934214977,0,17589,Low
1,0.15440886746102944,0,17589,Low
1,0.0842637441814712,0,17581,Low
1,0.14466217746050147,0,17559,Medium
1,0.1451088729911238,0,17559,Critical
1,0.14702325520798898,0,17559,Low
1,0.15269127975516794,0,17556,Critical
1,0.10960429736232946,0,17555,Low
1,0.11828771354050499,0,17549,Critical
1,0.17626936252091535,0,17542,Medium
1,0.013155533464306535,0,17540,Healthy
1,0.00835184614664497,0,17540,Healthy
1,0.009573694380958453,0,17540,Healthy
1,0.011658208513129265,0,17540,Healthy
1,0.1876219846012125,0,17538,Low
1,0.017775934559373208,0,17533,Healthy
1,0.19506068738693932,0,17528,Critical
1,0.1882708208301438,0,17521,Low
1,0.04010296312318462,0,17520,Low
1,0.13368364213387213,0,17511,Critical
1,0.13368364213387213,0,17511,Critical
1,0.176474509006458,0,17511,Critical
1,0.17179104612810392,0,17508,Low
1,0.15188766406808613,0,17506,Healthy
1,0.13324071477201288,0,17503,Low
1,0.19178671002386638,0,17503,Low
1,0.14109469144162562,0,17501,Low
1,0.10099990217675159,0,17500,Medium
1,0.14967687310480254,0,17498,Critical
1,0.07338407321935392,0,17489,Healthy
1,0.1504604810307718,0,17485,Healthy
1,0.0506116406105942,0,17483,Medium
1,0.032250098358043155,0,17482,Medium
1,0.018382127166493567,0,17481,Critical
1,0.1398595734746334,0,17481,Healthy
1,0.14818959026141082,0,17481,Healthy
1,0.13867982946245477,0,17481,Healthy
1,0.1548675978107361,0,17481,Healthy
1,0.13908391592849728,0,17481,Healthy
1,0.03665388922760904,0,17481,Low
1,0.04096160624145739,0,17481,Medium
1,0.059422178608508625,0,17481,Low
1,0.1979179582221844,0,17479,Medium
1,0.1332980601295899,0,17470,Medium
1,0.00326186057929434,0,17468,Low
1,0.01239500724373832,0,17465,Low
1,0.18227483077153012,0,17462,Low
1,0.11253623449305233,0,17451,Medium
1,0.14115744608845088,0,17443,Healthy
1,0.13160528452768733,0,17443,Healthy
1,0.1487058088831456,0,17437,Low
1,0.14704011529660993,0,17437,Low
1,0.14456879562796476,0,17437,Low
1,0.15008605261348829,0,17437,Low
1,0.1457310271233478,0,17435,Low
1,0.1600377340720766,0,17423,Low
1,0.15664534016772386,0,17423,Low
1,0.1600377340720766,0,17423,Low
1,0.10035952164056822,0,17418,Low
1,0.14040844439715555,0,17391,Low
1,0.15319260798811396,0,17390,Critical
1,0.1626226784501199,0,17389,Medium
1,0.15751949744425825,0,17389,Critical
1,0.173408989630293,0,17389,Low
1,0.15017709590003941,0,17386,Critical
1,0.1827894738960934,0,17382,Medium
1,0.17816807885411956,0,17374,Low
-1,-0.005829204492465823,1,17372,Healthy
-1,-0.010755639606413903,1,17372,Healthy
-1,-0.009232064691353292,1,17372,Healthy
-1,-0.0077862111318538485,1,17372,Healthy
1,0.129633439304785,0,17370,Critical
1,1.172524523618268e-05,0,17367,Healthy
1,0.18306130508312302,0,17364,Low
1,0.10369904598217683,0,17360,Low
1,0.12341533250667702,0,17354,Critical
1,0.12341533250667702,0,17354,Critical
1,0.1649899012774177,0,17354,Critical
1,0.1266618822310095,0,17344,Critical
1,0.1521046579119295,0,17342,Healthy
1,0.17810113721651843,0,17341,Low
1,0.13652061485106248,0,17337,Medium
1,0.14927771478308588,0,17336,Low
1,0.12742242515895663,0,17335,Low
1,0.13274870573623926,0,17334,Low
1,0.0709482416405477,0,17325,Healthy
1,0.17191276039997533,0,17322,Healthy
1,0.10695561149902261,0,17322,Medium
1,0.06928535771520478,0,17319,Medium
1,0.02597264166886304,0,17318,Low
1,0.02651366847171477,0,17318,Medium
1,0.010569374306700796,0,17318,Critical
1,0.07159467957349108,0,17317,Low
1,0.11889726136068218,0,17315,Healthy
1,0.12649432192770876,0,17315,Healthy
1,0.11839060372331695,0,17315,Healthy
1,0.13360404948643478,0,17315,Healthy
1,0.11889726136068218,0,17315,Healthy
1,0.1887527429944314,0,17313,Medium
1,0.07537123063280265,0,17306,Low
1,0.15381361479001898,0,17305,Low
1,0.04286495041664895,0,17304,Low
1,0.11754206083300228,0,17296,Medium
1,0.13574894430434942,0,17291,Low
1,0.08071138681224843,0,17279,Healthy
1,0.07214396598552514,0,17279,Healthy
1,0.16446536666504497,0,17276,Low
1,0.16345666115932617,0,17276,Low
1,0.16169756097986898,0,17276,Low
1,0.16353768788965556,0,17276,Low
1,0.17824353666836862,0,17275,Low
1,0.0910365549323292,0,17269,Low
1,0.09468444469815174,0,17269,Low
1,0.09468444469815174,0,17269,Low
1,0.09750316145530374,0,17249,Low
1,0.14874526611120414,0,17232,Medium
1,0.14818812926171698,0,17232,Critical
1,0.15922256738587126,0,17232,Low
1,0.1819377190590084,0,17227,Critical
1,0.12329553066731025,0,17222,Low
1,0.12683116870502725,0,17216,Critical
-1,-0.035855471770150804,1,17214,Healthy
-1,-0.03807006806163826,1,17214,Healthy
-1,-0.03723526976049796,1,17214,Healthy
-1,-0.03640449391391187,1,17214,Healthy
1,0.18424356946418302,0,17213,Medium
1,0.17212221784455756,0,17211,Low
1,0.16643304587236912,0,17204,Critical
1,0.03550473460381376,0,17201,Healthy
1,0.18898759220916017,0,17198,Low
1,0.14869921605332814,0,17197,Low
1,0.12028545513676447,0,17184,Critical
1,0.12028545513676447,0,17184,Critical
1,0.16141716745556928,0,17184,Critical
1,0.16465286931950607,0,17179,Healthy
1,0.10452429628483689,0,17177,Medium
1,0.1616789147817842,0,17175,Low
1,0.16220009437131844,0,17175,Low
1,0.154550231948118,0,17175,Critical
1,0.19277986444470468,0,17170,Low
1,0.09150906192516495,0,17165,Low
1,0.05408899091514785,0,17164,Healthy
1,0.03838324715185759,0,17158,Medium
1,0.09627708909651478,0,17155,Medium
1,0.04316437746675761,0,17154,Low
1,0.03277804351837865,0,17154,Critical
1,0.04979327528311861,0,17154,Low
1,0.05256920059782777,0,17154,Medium
1,0.16576415175072695,0,17153,Healthy
1,0.06910176162070969,0,17153,Low
1,0.1486071923705794,0,17150,Medium
1,0.13485723001744787,0,17146,Healthy
1,0.143630472432755,0,17146,Healthy
1,0.13485723001744787,0,17146,Healthy
1,0.1474470919376652,0,17146,Healthy
1,0.13485723001744787,0,17146,Healthy
1,0.1834279532811613,0,17135,Low
1,0.11665581674610209,0,17132,Medium
1,0.08261065941325596,0,17131,Low
1,0.1420027256816449,0,17125,Low
1,0.16910036416343488,0,17113,Low
1,0.16664327174434546,0,17113,Low
1,0.16509291435839935,0,17113,Low
1,0.1694994076764429,0,17113,Low
1,0.18804494097726043,0,17112,Low
1,0.09454350594352856,0,17110,Healthy
1,0.08674001347881072,0,17110,Healthy
1,0.14965464534178258,0,17106,Low
1,0.14441617094337028,0,17106,Low
1,0.14965464534178258,0,17106,Low
1,0.1078945543489016,0,17092,Low
1,0.1871530735863386,0,17064,Critical
1,0.1452468126081649,0,17063,Medium
1,0.1541863230086325,0,17063,Low
1,0.14024207619776619,0,17063,Critical
1,0.13469060834542473,0,17062,Low
1,0.12982748440970304,0,17056,Critical
1,0.1669091453320946,0,17050,Medium
1,0.17123387747686242,0,17048,Low
-1,-0.020034270395845488,1,17046,Healthy
-1,-0.02297484701812469,1,17046,Healthy
-1,-0.022291559559063034,1,17046,Healthy
-1,-0.022332181143655205,1,17046,Healthy
1,0.17266487939696223,0,17041,Critical
1,0.025057834703539505,0,17033,Healthy
1,0.19301581317680933,0,17031,Low
1,0.1556407276946336,0,17030,Low
1,0.15080919102244233,0,17018,Critical
1,0.11259513540564581,0,17018,Critical
1,0.11259513540564581,0,17018,Critical
1,0.16506225149507053,0,17015,Low
1,0.12564549463250513,0,17014,Low
1,0.15950074220739724,0,17013,Healthy
1,0.14586521617907372,0,17012,Low
1,0.15541463700401648,0,17008,Critical
1,0.0980632125587172,0,17004,Low
1,0.18675373053632915,0,17001,Low
1,0.062260624303032586,0,17000,Healthy
1,0.026034736067647835,0,16994,Medium
1,0.1468607304886148,0,16993,Healthy
1,0.0532738658742139,0,16991,Low
1,0.05959271006630995,0,16989,Low
1,0.17781547303711032,0,16987,Medium
1,0.1367296679318642,0,16986,Healthy
1,0.1444461248552656,0,16986,Healthy
1,0.13586486069531678,0,16986,Healthy
1,0.15150277456778316,0,16986,Healthy
1,0.13586486069531678,0,16986,Healthy
1,0.03462928202498339,0,16986,Critical
1,0.10436932782395142,0,16986,Medium
1,0.05041349766290304,0,16986,Low
1,0.05561666116705111,0,16986,Medium
1,0.16237781836734505,0,16982,Low
1,0.1624015774467641,0,16972,Medium
1,0.059555540842809895,0,16970,Low
1,0.08085344029377312,0,16961,Low
1,0.15015370171703496,0,16959,Low
1,0.1478218326226508,0,16959,Low
1,0.14586802290634743,0,16959,Low
1,0.14780006319944677,0,16959,Low
1,0.17999954328624368,0,16952,Low
1,0.15145538935299047,0,16942,Low
1,0.1520590639483902,0,16942,Low
1,0.147247659032754,0,16942,Low
1,0.13172174998112857,0,16941,Healthy
1,0.1223915623111696,0,16941,Healthy
1,0.11619317031111426,0,16937,Low
1,0.15937055781827747,0,16900,Medium
1,0.15381630234655674,0,16900,Critical
1,0.16811970197762466,0,16900,Low
1,0.13214781866358238,0,16899,Low
1,0.18604308226653082,0,16897,Critical
1,0.12763255443559351,0,16890,Critical
1,0.006933644318174004,0,16887,Healthy
1,0.002069431911400965,0,16887,Healthy
1,0.003327569730690594,0,16887,Healthy
1,0.0039862683432176915,0,16887,Healthy
1,0.15829948571876912,0,16887,Medium
1,0.17146007908843341,0,16885,Low
1,0.1686909401365555,0,16881,Critical
1,0.1767565643342936,0,16874,Low
1,0.021586954206589515,0,16870,Healthy
1,0.15579479698177234,0,16864,Low
1,0.10385619184440353,0,16857,Critical
1,0.11225071694526223,0,16857,Critical
1,0.10385619184440353,0,16857,Critical
1,0.11455908484232519,0,16851,Low
1,0.14940911564240783,0,16848,Critical
1,0.1806166578822917,0,16847,Healthy
1,0.15721467761199925,0,16844,Low
1,0.1374048077369628,0,16844,Low
1,0.15636104934051687,0,16838,Low
1,0.16552022247968484,0,16833,Medium
1,0.049353820465895315,0,16832,Healthy
1,0.05047922560200946,0,16830,Medium
1,0.10111419576522945,0,16828,Low
1,0.1693281022645753,0,16828,Low
1,0.06202062096108746,0,16827,Low
1,0.02166121617999006,0,16826,Critical
1,0.03608068100287165,0,16826,Low
1,0.03842895302966831,0,16826,Medium
1,0.14825863894530678,0,16823,Healthy
1,0.1574489717424727,0,16823,Healthy
1,0.14825863894530678,0,16823,Healthy
1,0.16493321112640158,0,16823,Healthy
1,0.14825863894530678,0,16823,Healthy
1,0.17935965463533005,0,16821,Low
1,0.08927397411291232,0,16820,Medium
1,0.18491912573251107,0,16817,Medium
1,0.1668548615541659,0,16812,Medium
1,0.15008605261348829,0,16806,Low
1,0.13029790543119985,0,16793,Low
1,0.12859610849957215,0,16793,Low
1,0.1256972530016653,0,16793,Low
1,0.13498302458506622,0,16793,Low
1,0.1264613704520876,0,16792,Low
1,0.0945008467342488,0,16792,Low
1,0.14812754602367195,0,16777,Low
1,0.11777820216589141,0,16776,Low
1,0.12426945885443652,0,16776,Low
1,0.12448669318470529,0,16776,Low
1,0.08454908881512829,0,16774,Healthy
1,0.07635974017884478,0,16774,Healthy
1,0.15745024564351678,0,16740,Medium
1,0.16591917567876618,0,16740,Low
1,0.1521604251786609,0,16740,Critical
1,0.1893663676903401,0,16731,Critical
1,0.12304569682125238,0,16730,Critical
1,0.16429205956787485,0,16730,Medium
1,0.1287098377182636,0,16729,Low
1,0.10860967124078474,0,16727,Critical
-1,-0.017022327750598087,1,16719,Healthy
-1,-0.019268305029900623,1,16719,Healthy
-1,-0.018829158271290614,1,16719,Healthy
-1,-0.017406509087762756,1,16719,Healthy
1,0.1866210685624235,0,16716,Low
1,0.17620205544125755,0,16714,Low
1,0.17201052544109813,0,16704,Low
1,0.023895786672595176,0,16699,Medium
1,0.13251735413016724,0,16693,Low
1,0.12105015619144188,0,16691,Critical
1,0.12105015619144188,0,16691,Critical
1,0.13068320843411246,0,16691,Critical
1,0.15760260942150134,0,16688,Critical
1,0.12495173950021765,0,16686,Low
1,0.14012964170805742,0,16686,Low
1,0.1392890325665152,0,16679,Medium
1,0.10007429896307624,0,16678,Low
1,0.17037723773184016,0,16674,Healthy
1,0.020443280131638653,0,16672,Healthy
1,0.16728842332126925,0,16670,Low
1,0.10471399869673265,0,16664,Low
1,0.17258648668107923,0,16664,Low
1,0.025217506806699652,0,16662,Critical
1,0.035686435267109684,0,16662,Low
1,0.053252733932234175,0,16662,Medium
1,0.03842218210088011,0,16662,Medium
1,0.05052727407169311,0,16659,Low
1,0.14705444196687595,0,16657,Healthy
1,0.15576785438215435,0,16657,Healthy
1,0.14705444196687595,0,16657,Healthy
1,0.16213070098758237,0,16657,Healthy
1,0.14705444196687595,0,16657,Healthy
1,0.08765792626795971,0,16655,Medium
1,0.15674372066999476,0,16652,Medium
1,0.15916729890160708,0,16651,Medium
1,0.16353768788965556,0,16646,Low
1,0.1698960904285115,0,16626,Low
1,0.16835280391787566,0,16626,Low
1,0.1664258581340165,0,16626,Low
1,0.17404723369796443,0,16626,Low
1,0.1132912426621927,0,16626,Low
1,0.13172174998112857,0,16623,Low
1,0.18806893737431746,0,16616,Low
1,0.19264487015409298,0,16616,Low
1,0.19270144319995292,0,16616,Low
1,0.0710200276801089,0,16614,Healthy
1,0.0631711624684908,0,16614,Healthy
1,0.14462640786840064,0,16611,Low
1,0.15750721382399185,0,16577,Medium
1,0.1519279675106,0,16577,Critical
1,0.166591716440794,0,16577,Low
1,0.11585050425548549,0,16572,Low
1,0.13347440936994043,0,16567,Critical
1,0.14324966662143496,0,16564,Critical
1,0.16553553530018428,0,16562,Critical
1,0.17861207693738518,0,16560,Medium
1,0.16995651005326418,0,16555,Low
1,0.09507101944507612,0,16553,Healthy
1,0.09066343673923472,0,16553,Healthy
1,0.09517483222170403,0,16553,Healthy
1,0.09066343673923472,0,16553,Healthy
1,0.14025827248209444,0,16551,Low
1,0.01438991321182348,0,16538,Medium
1,0.17189942628162885,0,16535,Critical
1,0.10349806529853245,0,16528,Critical
1,0.10349806529853245,0,16528,Critical
1,0.11271234181259565,0,16528,Critical
1,0.16311690841402005,0,16525,Critical
1,0.13211998175298612,0,16524,Low
1,0.14053461000620088,0,16520,Low
1,0.14777437997942383,0,16520,Low
1,0.13354773414972143,0,16515,Low
1,0.18381645183767314,0,16510,Low
1,0.15399432185063316,0,16509,Medium
1,0.09439783073231428,0,16505,Low
1,0.038289329707218545,0,16502,Medium
1,0.12848278625604115,0,16501,Healthy
1,0.13748598999081812,0,16501,Healthy
1,0.12857906456759144,0,16501,Healthy
1,0.14267255323249334,0,16501,Healthy
1,0.12848278625604115,0,16501,Healthy
1,0.045708386656613476,0,16500,Healthy
1,0.021385282195295674,0,16500,Low
1,0.09332826696786317,0,16499,Healthy
1,0.18460168655005849,0,16498,Low
1,0.05111937892625118,0,16498,Medium
1,0.019873077004941786,0,16497,Low
1,0.02018196480701695,0,16497,Medium
1,0.01143395070832276,0,16497,Critical
1,0.1534487354021557,0,16489,Medium
1,0.1694994076764429,0,16483,Low
1,0.14575806600145758,0,16476,Medium
1,0.1298606166364477,0,16469,Low
1,0.12748994925482238,0,16469,Low
1,0.12437727997983355,0,16469,Low
1,0.12792563647888622,0,16469,Low
1,0.15527600293615623,0,16466,Low
1,0.08444287935739148,0,16456,Low
1,0.022808574607205867,0,16454,Healthy
1,0.01533854308725291,0,16454,Healthy
1,0.18483408635435428,0,16452,Low
1,0.18483408635435428,0,16452,Low
1,0.1801717305235782,0,16452,Low
1,0.14081536880853834,0,16447,Low
1,0.14531562152384725,0,16413,Critical
1,0.15422278031355097,0,16413,Medium
1,0.16127554236564529,0,16413,Low
1,0.12461228360115889,0,16407,Critical
1,0.13093716126775956,0,16403,Critical
1,0.08058269250753114,0,16401,Healthy
1,0.19341240471177457,0,16399,Critical
1,0.07878906717598139,0,16396,Low
1,0.18457102285705135,0,16394,Low
1,0.18991995453899613,0,16389,Low
1,0.10776581830325771,0,16386,Medium
1,0.10216593135089175,0,16386,Medium
1,0.10743290025857644,0,16386,Medium
1,0.10216593135089175,0,16386,Medium
1,0.17496234264545885,0,16385,Low
1,0.012835099709555986,0,16378,Medium
1,0.17810500716168143,0,16369,Critical
1,0.14367113470352594,0,16368,Critical
1,0.1307470488085144,0,16362,Critical
1,0.1307470488085144,0,16362,Critical
1,0.1436122755359474,0,16362,Critical
1,0.15662994099784294,0,16360,Low
1,0.1691929256933849,0,16360,Low
1,0.13178284214840397,0,16355,Low
1,0.09071420031224209,0,16355,Low
1,0.18647490978585707,0,16346,Low
1,0.02706398645524377,0,16341,Medium
1,0.03716237201426531,0,16339,Medium
1,0.05536375650851899,0,16338,Medium
1,0.07296127318572754,0,16336,Low
1,0.14225206761978076,0,16335,Healthy
1,0.15373184840032883,0,16335,Healthy
1,0.14225206761978076,0,16335,Healthy
1,0.158794793647206,0,16335,Healthy
1,0.14225206761978076,0,16335,Healthy
1,0.010421186801547244,0,16335,Low
1,0.01001987274909455,0,16335,Medium
1,0.0038843140179878333,0,16335,Critical
1,0.10187472171136847,0,16332,Healthy
1,0.052746264350429506,0,16332,Healthy
1,0.11174161641374974,0,16329,Medium
1,0.1887989262452115,0,16329,Low
1,0.14780006319944677,0,16329,Low
1,0.048313811040799126,0,16328,Low
1,0.11735941834345365,0,16312,Medium
1,0.18245521383356905,0,16306,Low
1,0.1808036852892998,0,16306,Low
1,0.1791266252700719,0,16306,Low
1,0.18728688927482423,0,16306,Low
1,0.10004581275869923,0,16296,Low
1,0.07127082517986139,0,16296,Low
1,0.09388494388177082,0,16290,Healthy
1,0.08360813449213428,0,16290,Healthy
1,0.19064712749772106,0,16290,Low
1,0.19458414078019487,0,16290,Low
1,0.19444522523613667,0,16290,Low
1,0.15060493925823104,0,16284,Low
1,0.1432529370280864,0,16250,Critical
1,0.15666715506081152,0,16250,Low
1,0.14928269329220784,0,16250,Medium
1,0.05182110554783326,0,16249,Healthy
1,0.14742792516577607,0,16247,Critical
1,0.17568234537104765,0,16242,Critical
1,0.12284307686529544,0,16240,Critical
-1,-0.048363115054120165,1,16238,Low
1,0.15788367851624807,0,16225,Low
1,0.17814079342857048,0,16225,Low
1,0.1486570427043788,0,16223,Low
-1,-0.004218227323155133,1,16219,Medium
1,0.12523751953823914,0,16214,Critical
1,0.07433086407942585,0,16214,Medium
1,0.0681377035494996,0,16214,Medium
1,0.07351298102698989,0,16214,Medium
1,0.06774224694474895,0,16214,Medium
1,0.16188695672266062,0,16202,Critical
1,0.13253300420385478,0,16195,Critical
1,0.13253300420385478,0,16195,Critical
1,0.14166643618204477,0,16195,Critical
1,0.09729612424432094,0,16195,Low
1,0.12151430978045458,0,16194,Low
1,0.14069830794904747,0,16194,Low
1,0.13906203613133566,0,16192,Low
1,0.18190871666493558,0,16186,Low
1,0.1309996386940404,0,16178,Healthy
1,0.14219638957638647,0,16178,Healthy
1,0.13089245266797978,0,16178,Healthy
1,0.1494028467898294,0,16178,Healthy
1,0.13089245266797978,0,16178,Healthy
1,0.12443114829581392,0,16178,Healthy
1,0.1346598988606027,0,16176,Low
1,0.0016624887020166845,0,16175,Low
1,0.0021365577284068182,0,16175,Medium
-1,-0.0030904742905255578,1,16175,Critical
1,0.019665033045028202,0,16173,Medium
1,0.12416192018158251,0,16169,Medium
1,0.029067200534582338,0,16169,Medium
1,0.04445664643043257,0,16168,Healthy
1,0.17074167681890107,0,16163,Low
1,0.13498302458506622,0,16162,Low
1,0.12061832420072971,0,16162,Medium
1,0.055411006992929224,0,16160,Low
1,0.16255507991597717,0,16152,Medium
1,0.1360792417171096,0,16139,Low
1,0.023389513718889643,0,16136,Low
1,0.1706683701696805,0,16133,Low
1,0.1686878476599435,0,16133,Low
1,0.1656107553801332,0,16133,Low
1,0.1762669324830194,0,16133,Low
1,0.18009931576605692,0,16129,Low
1,0.18009931576605692,0,16129,Low
1,0.1735951790467798,0,16129,Low
1,0.18028775887592013,0,16124,Healthy
1,0.18028775887592013,0,16124,Healthy
1,0.14792487574090235,0,16121,Low
1,0.019517420826687393,0,16100,Healthy
1,0.1400265925653481,0,16084,Medium
1,0.1314692963059581,0,16084,Critical
1,0.1464753279008198,0,16084,Low
1,0.1467141651118492,0,16080,Critical
1,0.19167257553689382,0,16078,Critical
1,0.12055201649589603,0,16074,Critical
-1,-0.020145746346835747,1,16069,Low
1,0.17187603530131568,0,16068,Low
1,0.19035859743238315,0,16057,Low
1,0.12991678560055459,0,16055,Low
1,0.03465160550127644,0,16053,Medium
1,0.10640977017747555,0,16051,Medium
1,0.1006658725691289,0,16051,Medium
1,0.1057478500768868,0,16051,Medium
1,0.10046070093430254,0,16051,Medium
1,0.19517521087787543,0,16051,Critical
1,0.16460717139143094,0,16042,Critical
1,0.07638476812935907,0,16030,Low
1,0.09309794646660763,0,16030,Low
1,0.15661897909802852,0,16028,Low
1,0.18404981487187955,0,16024,Low
1,0.1308333193888535,0,16023,Critical
1,0.1308333193888535,0,16023,Critical
1,0.14301034357920184,0,16023,Critical
1,0.12993158706358376,0,16021,Healthy
1,0.017215737239453688,0,16016,Low
1,0.01809263847594733,0,16016,Medium
1,0.009941691232796313,0,16016,Critical
1,0.16099160595901296,0,16015,Low
1,0.07179844742897618,0,16012,Low
1,0.01043655919526898,0,16011,Medium
1,0.13642743646784156,0,16007,Healthy
1,0.14381450525869494,0,16007,Healthy
1,0.13521507996834747,0,16007,Healthy
1,0.14269749674996945,0,16007,Healthy
1,0.13521507996834747,0,16007,Healthy
1,0.1184749455674104,0,16006,Medium
1,0.05936648534992528,0,16003,Medium
1,0.011688526619559436,0,16002,Healthy
1,0.1262151499389173,0,16001,Medium
1,0.17358858345556427,0,15996,Low
1,0.04793479688193192,0,15996,Low
1,0.1203557704540752,0,15993,Low
1,0.1668701767896461,0,15992,Medium
1,0.16422422567792805,0,15976,Low
1,0.09417554041358073,0,15972,Low
1,0.1742537378375843,0,15964,Low
1,0.1737915233643862,0,15964,Low
1,0.17081819245697533,0,15964,Low
1,0.18115013830163573,0,15964,Low
1,0.1148168948086073,0,15963,Low
1,0.12147050989807118,0,15963,Low
1,0.12151736235501903,0,15963,Low
1,0.028242289243244234,0,15958,Medium
1,0.028242289243244234,0,15958,Medium
1,0.15319472354693098,0,15958,Low
1,0.049717480755075205,0,15939,Healthy
1,0.14232731347380473,0,15924,Medium
1,0.13538989880734975,0,15924,Critical
1,0.1501797404944073,0,15924,Low
1,0.1364595393144885,0,15923,Critical
1,0.1305483313694133,0,15920,Critical
-1,-0.05936244870520846,1,15907,Low
1,0.17457186934863533,0,15906,Critical
1,0.187754790167598,0,15901,Low
1,0.09345069934502248,0,15891,Medium
1,0.08756624619224929,0,15891,Medium
1,0.0934011685414674,0,15891,Medium
1,0.08756624619224929,0,15891,Medium
1,0.18559940540498054,0,15887,Low
1,0.058508987895300735,0,15887,Medium
1,0.17634099937090897,0,15886,Low
1,0.19129685944853353,0,15885,Critical
1,0.15721467761199925,0,15871,Critical
1,0.10028085305964385,0,15868,Low
1,0.18060598805475736,0,15867,Low
1,0.19164713084653295,0,15867,Low
1,0.1659464195789343,0,15864,Low
-1,-0.014340880562536129,1,15858,Medium
-1,-0.01937796863154806,1,15858,Critical
-1,-0.038758755185633986,1,15858,Healthy
-1,-0.01499866391057314,1,15858,Low
1,0.12264507412434578,0,15858,Low
1,0.15971790488715798,0,15857,Critical
1,0.15971790488715798,0,15857,Critical
1,0.167748698182834,0,15857,Critical
1,0.1403266755835827,0,15855,Healthy
1,0.15072413126453826,0,15855,Low
1,0.0018639251938644685,0,15851,Medium
-1,-0.038758755185633986,1,15840,Medium
-1,-0.038758755185633986,1,15840,Healthy
1,0.12704430991509125,0,15839,Low
1,0.07098501200231516,0,15837,Medium
1,0.05543008217220591,0,15836,Healthy
1,0.16496346404383783,0,15835,Healthy
1,0.17088679756725667,0,15835,Healthy
1,0.1643765066145988,0,15835,Healthy
1,0.17117587628990233,0,15835,Healthy
1,0.1643765066145988,0,15835,Healthy
1,0.1282573996878506,0,15833,Medium
1,0.15752468950960868,0,15832,Medium
1,0.012635502039894164,0,15830,Low
1,0.058461350450001615,0,15830,Low
1,0.15338469007012268,0,15813,Low
1,0.18028775887592013,0,15806,Low
1,0.18389592732770293,0,15804,Low
1,0.18344540493778938,0,15804,Low
1,0.1799784492063417,0,15804,Low
1,0.1866745717563803,0,15804,Low
1,0.14468341066027307,0,15797,Low
1,0.17488926381907594,0,15797,Low
1,0.18083855996339188,0,15797,Low
1,0.18066169363832524,0,15797,Low
1,0.035395760439978274,0,15789,Medium
1,0.035395760439978274,0,15789,Medium
1,0.12760460293075726,0,15773,Healthy
1,0.14721968591006512,0,15761,Medium
1,0.15553465997170873,0,15761,Low
1,0.13908780315445174,0,15761,Critical
1,0.14951767431803514,0,15760,Critical
1,0.12410592724822772,0,15754,Critical
1,0.1904255570512869,0,15743,Critical
1,0.03321750903681908,0,15741,Low
1,0.17243522023565638,0,15738,Low
1,0.18493160219255855,0,15725,Critical
1,0.08982714996872265,0,15721,Medium
1,0.08337223661560411,0,15721,Medium
1,0.08947765804967256,0,15721,Medium
1,0.08337223661560411,0,15721,Medium
1,0.1227124127985989,0,15720,Low
1,0.017831780838249434,0,15719,Medium
1,0.1669271143165174,0,15715,Low
1,0.1353827648645866,0,15713,Critical
1,0.13373910438945708,0,15705,Low
1,0.17790003907467994,0,15704,Low
1,0.1723208352646043,0,15701,Low
1,0.18639070087217824,0,15701,Low
1,0.17244373496378884,0,15697,Low
1,0.018753784969639975,0,15692,Medium
1,0.16232890909485875,0,15692,Healthy
1,0.11533457046520118,0,15691,Medium
1,0.10572783412201986,0,15691,Critical
1,0.11586298353513497,0,15691,Low
1,0.1803884840529641,0,15690,Critical
1,0.16932412452697437,0,15690,Critical
1,0.1524816922107594,0,15690,Critical
1,0.013234164165467632,0,15689,Healthy
1,0.11126344547812406,0,15682,Low
1,0.18728688927482423,0,15675,Low
1,0.039363810841829494,0,15673,Healthy
1,0.07359278047721818,0,15673,Medium
1,0.012989546903580007,0,15671,Medium
1,0.013234164165467632,0,15671,Healthy
1,0.14033941504879488,0,15670,Medium
1,0.15477405523702265,0,15670,Medium
1,0.15976420461108293,0,15666,Healthy
1,0.16579534843522026,0,15666,Healthy
1,0.15976420461108293,0,15666,Healthy
1,0.16946407911575206,0,15666,Healthy
1,0.15976420461108293,0,15666,Healthy
1,0.05730105392856777,0,15664,Low
1,0.0711892834126211,0,15660,Critical
1,0.15976240715593715,0,15650,Low
1,0.1562764502317413,0,15642,Low
1,0.14947625620255622,0,15642,Low
1,0.1562764502317413,0,15642,Low
1,0.02745214316337774,0,15640,Low
1,0.17802359037409815,0,15634,Low
1,0.17711942864127106,0,15634,Low
1,0.1739930605009477,0,15634,Low
1,0.18463850903516416,0,15634,Low
1,0.13505813777536374,0,15631,Low
1,0.07514578575249564,0,15622,Medium
1,0.07514578575249564,0,15622,Medium
1,0.10612130832869676,0,15604,Healthy
1,0.1443145110347323,0,15600,Critical
1,0.10383430746170091,0,15589,Medium
1,0.09222360474661889,0,15589,Critical
1,0.11088318744203002,0,15589,Low
1,0.11876287661132273,0,15588,Critical
1,0.04771462719927977,0,15577,Low
1,0.12423265451647614,0,15569,Low
1,0.17527745411632406,0,15564,Critical
1,0.15108339858562642,0,15560,Low
1,0.16754611451423396,0,15557,Low
1,0.06107195803384846,0,15555,Medium
1,0.09127004986358356,0,15550,Medium
1,0.08579110888007285,0,15550,Medium
1,0.09127004986358356,0,15550,Medium
1,0.08579110888007285,0,15550,Medium
1,0.15896344225007653,0,15547,Critical
1,0.13197501295931857,0,15545,Low
1,0.14465233035458047,0,15544,Low
1,0.15955735072139343,0,15544,Low
1,0.13922306863208522,0,15541,Low
-1,-0.013334504474610265,1,15534,Medium
1,0.19074340177223115,0,15534,Low
1,0.1630267025264397,0,15527,Critical
1,0.19108633807290654,0,15527,Critical
1,0.18298461708520497,0,15527,Critical
1,0.15483931478197455,0,15526,Healthy
1,0.00870045567305433,0,15522,Healthy
1,0.15874470444282457,0,15519,Low
1,0.15874470444282457,0,15519,Medium
1,0.1775431268722697,0,15519,Critical
1,0.14899127540704643,0,15513,Low
1,0.15404836707561986,0,15509,Medium
1,0.10442004290792006,0,15507,Medium
1,0.008453792986484299,0,15504,Medium
1,0.00870045567305433,0,15504,Healthy
-1,-0.01516642298712334,1,15503,Healthy
1,0.1762669324830194,0,15503,Low
1,0.03540401692977424,0,15501,Medium
1,0.04182508930818196,0,15500,Low
1,0.15224296961624995,0,15497,Healthy
1,0.15802883404815887,0,15497,Healthy
1,0.15224296961624995,0,15497,Healthy
1,0.1602747706210892,0,15497,Healthy
1,0.15224296961624995,0,15497,Healthy
1,0.07566040632144838,0,15494,Critical
1,0.06354717827221523,0,15487,Low
1,0.1769515165156782,0,15482,Low
1,0.17212269230989435,0,15482,Low
1,0.1773053844281023,0,15482,Low
1,0.18545528912905662,0,15474,Low
1,0.18531062831364797,0,15474,Low
1,0.18221769034654606,0,15474,Low
1,0.18947035911210458,0,15474,Low
1,0.035395760439978274,0,15470,Low
1,0.14744485821438302,0,15468,Low
-1,-0.004033996783933791,1,15444,Medium
-1,-0.004033996783933791,1,15444,Medium
1,0.14093708118262005,0,15440,Critical
1,0.12868805903005492,0,15439,Healthy
1,0.08068191342520542,0,15434,Medium
1,0.08688173997434218,0,15434,Critical
1,0.08577741888582613,0,15434,Low
1,0.10325720856182308,0,15421,Critical
1,0.18224188974265504,0,15416,Critical
1,0.0424546122412186,0,15412,Low
1,0.16014424635218877,0,15412,Low
1,0.10336798814279424,0,15400,Critical
1,0.18140243984460303,0,15397,Low
1,0.053088303918673696,0,15391,Medium
1,0.1455577291526674,0,15390,Low
1,0.16291317540953903,0,15387,Critical
1,0.048011005713888055,0,15383,Medium
1,0.06447145841079088,0,15383,Medium
1,0.048011005713888055,0,15383,Medium
1,0.06392401193416852,0,15383,Medium
1,0.13991445386446488,0,15382,Low
1,0.17892047340422684,0,15379,Low
1,0.1573293855280808,0,15378,Low
1,0.1722009391908943,0,15378,Low
1,0.17727406345476415,0,15365,Low
1,0.16563273997762018,0,15362,Healthy
1,0.17403392053927597,0,15362,Medium
1,0.16154197115871616,0,15361,Critical
1,0.18946156767069083,0,15361,Critical
1,0.1806866186291884,0,15361,Critical
1,0.10449723710711678,0,15353,Healthy
1,0.15808104505455772,0,15350,Low
1,0.15808104505455772,0,15350,Medium
1,0.17528352784321433,0,15350,Critical
1,0.16056897358323763,0,15346,Low
1,0.16197224230755308,0,15342,Medium
1,0.13226722150577447,0,15341,Medium
1,0.04136162989144021,0,15339,Healthy
1,0.07557355717433756,0,15337,Medium
1,0.1045989242401596,0,15335,Medium
1,0.10449723710711678,0,15335,Healthy
1,0.18115013830163573,0,15334,Low
-1,-0.014915200411344975,1,15330,Low
1,0.14991579904570324,0,15325,Medium
1,0.1560191992961808,0,15325,Medium
1,0.14991579904570324,0,15325,Medium
1,0.15751264787484176,0,15325,Medium
1,0.14991579904570324,0,15325,Medium
1,0.05189084949179268,0,15322,Critical
1,0.13276804727179276,0,15314,Low
1,0.12795500709791502,0,15310,Low
1,0.15008573254941493,0,15310,Low
1,0.145364078495838,0,15310,Low
1,0.1495370949853922,0,15310,Low
1,0.1738826188633959,0,15307,Low
1,0.17362952294306072,0,15307,Low
1,0.1700942424868222,0,15307,Low
1,0.17887382580398453,0,15307,Low
1,0.07514578575249564,0,15304,Low
1,0.11943239715268505,0,15286,Critical
1,0.11550705556829705,0,15273,Healthy
1,0.08370550519366693,0,15271,Medium
1,0.08370550519366693,0,15271,Medium
1,0.1484451677479292,0,15266,Critical
1,0.16762490557308923,0,15265,Medium
1,0.17135093676589874,0,15265,Low
1,0.16539821534069854,0,15265,Critical
1,0.08872334359374073,0,15261,Critical
1,0.18252198203105746,0,15249,Low
1,0.03328432109549884,0,15244,Low
1,0.11292385266256427,0,15243,Critical
1,0.13518882034164392,0,15233,Low
1,0.1854434538438342,0,15233,Low
1,0.061823815328240384,0,15225,Medium
1,0.13340955365952106,0,15221,Critical
1,0.12184034719738446,0,15220,Medium
1,0.14697949413325007,0,15220,Medium
1,0.12184034719738446,0,15220,Medium
1,0.1466867310293561,0,15220,Medium
1,0.14772959766853377,0,15218,Critical
1,0.16226534217014565,0,15218,Low
1,0.17246785490341326,0,15217,Low
1,0.07225195995660133,0,15203,Low
1,0.17769441677010567,0,15202,Low
1,0.16285423266497234,0,15199,Healthy
1,0.15197148672699617,0,15195,Critical
1,0.1828412161233725,0,15195,Critical
1,0.17098833200773927,0,15195,Critical
1,0.16991064142828244,0,15193,Medium
1,0.11292761584166783,0,15190,Healthy
1,0.15618645328249797,0,15186,Low
1,0.15618645328249797,0,15186,Medium
1,0.17131343344890199,0,15186,Critical
1,0.1441086290806292,0,15183,Low
1,0.12218288093579094,0,15183,Medium
1,0.16814219168109334,0,15182,Medium
1,0.06153663900567663,0,15175,Healthy
1,0.1866745717563803,0,15173,Low
1,0.1127606819422593,0,15172,Medium
1,0.11292761584166783,0,15172,Healthy
1,0.06060754484852543,0,15169,Medium
1,0.04244249956319324,0,15166,Low
1,0.16351917737404054,0,15156,Medium
1,0.17109733341507516,0,15156,Medium
1,0.16351917737404054,0,15156,Medium
1,0.17131623362907888,0,15156,Medium
1,0.16351917737404054,0,15156,Medium
1,0.09016054107785071,0,15149,Critical
1,0.1480219276688135,0,15148,Low
1,0.14761698406190193,0,15147,Low
1,0.17872636815204984,0,15144,Low
1,0.17828122083759457,0,15144,Low
1,0.17592318569071308,0,15144,Low
1,0.1848682202226582,0,15144,Low
1,0.17606605615444154,0,15143,Low
1,0.17584751113450742,0,15143,Low
1,0.1704809475231382,0,15143,Low
-1,-0.0037817026557352973,1,15126,Low
1,0.14091924741103617,0,15117,Critical
1,0.10448623436359722,0,15105,Critical
1,0.11683076284265659,0,15105,Low
1,0.11470847477514517,0,15105,Medium
1,0.1876360084589273,0,15102,Critical
1,0.019811536670296004,0,15102,Medium
1,0.019811536670296004,0,15102,Medium
1,0.04204576556178019,0,15101,Healthy
1,0.08390746075895045,0,15092,Critical
1,0.17711136607840633,0,15082,Low
1,0.16354490373505132,0,15080,Critical
1,0.05998927443177393,0,15076,Low
1,0.17960444478851584,0,15073,Low
1,0.1273639356496204,0,15070,Low
1,0.059563751887693306,0,15061,Medium
1,0.08584368156811728,0,15058,Critical
1,0.17258050210095638,0,15057,Critical
1,0.12005721222752863,0,15054,Medium
1,0.1431381654675682,0,15054,Medium
1,0.12005721222752863,0,15054,Medium
1,0.1431381654675682,0,15054,Medium
1,0.16633015734929646,0,15051,Critical
1,0.18085635074531747,0,15051,Low
1,0.12204314154353185,0,15048,Low
1,0.14415137015858126,0,15042,Healthy
1,0.18690169599687018,0,15039,Low
1,0.15934712562249975,0,15032,Critical
1,0.1888442773717688,0,15032,Critical
1,0.17637263631811056,0,15032,Critical
1,0.16752926821182212,0,15029,Medium
1,0.10538776913671671,0,15027,Healthy
-1,-0.038758755185633986,1,15020,Medium
1,0.13369993006099468,0,15014,Medium
1,0.1408580008411478,0,15011,Low
1,0.1408580008411478,0,15011,Medium
1,0.15479225387758594,0,15011,Critical
1,0.10521799084047828,0,15008,Medium
1,0.10538776913671671,0,15008,Healthy
1,0.015263729959871464,0,15007,Healthy
1,0.07261020917994138,0,15006,Medium
1,0.12117096418218953,0,15005,Low
1,0.18463850903516416,0,15004,Low
1,0.06348211756456235,0,15003,Low
1,0.15816827962766195,0,14990,Medium
1,0.16405877271919878,0,14990,Medium
1,0.15741839558121856,0,14990,Medium
1,0.1673678609565492,0,14990,Medium
1,0.15775866201944572,0,14990,Medium
1,0.1137751597177506,0,14987,Low
1,0.15210404655909537,0,14985,Low
1,0.17307798041985112,0,14983,Low
1,0.16802640895763898,0,14983,Low
1,0.17236981078153796,0,14983,Critical
1,0.07144119571593938,0,14980,Critical
1,0.1845564182894187,0,14977,Low
1,0.1844247625694288,0,14977,Low
1,0.18056977382441658,0,14977,Low
1,0.19317941864556026,0,14977,Low
1,0.08300485080475933,0,14953,Low
1,0.1439513731319465,0,14951,Critical
1,0.06988097147208239,0,14944,Healthy
1,0.15912556034173586,0,14942,Critical
1,0.16985633606961686,0,14942,Medium
1,0.1748522970853395,0,14942,Low
1,0.1725628422769137,0,14942,Critical
1,0.03209209608985952,0,14926,Medium
1,0.03209209608985952,0,14926,Medium
1,0.08925617528192004,0,14922,Critical
1,0.1866928266404812,0,14919,Low
1,0.17806494959244973,0,14914,Critical
1,0.18141623690047187,0,14910,Low
1,0.038625355111632675,0,14905,Low
1,0.09762126584467207,0,14901,Low
1,0.04177079012886231,0,14898,Medium
1,0.18763504835679462,0,14894,Critical
1,0.08000259901104784,0,14894,Medium
1,0.09616236329117128,0,14894,Medium
1,0.08000259901104784,0,14894,Medium
1,0.09616236329117128,0,14894,Medium
1,0.16803855456956013,0,14888,Critical
1,0.18024376727190256,0,14888,Low
1,0.17174930301132346,0,14888,Low
1,0.1463393838639,0,14882,Healthy
1,0.1076155832211681,0,14878,Critical
1,0.19163396199398297,0,14872,Low
1,0.15382270877372184,0,14871,Critical
1,0.18403254728612323,0,14871,Critical
1,0.1723528192475446,0,14871,Critical
1,0.052824082655296256,0,14857,Healthy
1,0.15102369985791841,0,14854,Medium
1,0.012989546903580007,0,14851,Medium
1,0.13340984063207129,0,14848,Medium
1,0.18947035911210458,0,14843,Low
1,0.0709482416405477,0,14842,Medium
1,0.12095945085756793,0,14842,Low
1,0.12095945085756793,0,14842,Medium
1,0.13372337120913208,0,14842,Critical
1,0.16713402164806507,0,14841,Low
1,0.052414729416897954,0,14839,Medium
1,0.052824082655296256,0,14839,Healthy
1,0.00911131766939044,0,14839,Healthy
1,0.019762228463819476,0,14835,Low
1,0.1922726352613066,0,14827,Medium
1,0.18772161268348092,0,14827,Medium
1,0.19215574765524096,0,14827,Medium
1,0.1885596637705964,0,14827,Medium
1,0.1937199043361545,0,14827,Medium
1,0.12237126916912477,0,14824,Low
1,0.11664058183134451,0,14817,Low
1,0.11439418341214935,0,14817,Low
1,0.11730752931409355,0,14817,Critical
1,0.13552726737500842,0,14815,Low
1,0.16262419152265367,0,14811,Low
1,0.16163356256289402,0,14811,Low
1,0.15681698520877635,0,14811,Low
1,0.1667400230893457,0,14811,Low
1,0.04996894058141965,0,14808,Critical
1,0.14173437411865153,0,14790,Critical
1,0.018900732888133986,0,14784,Low
1,0.1694909564504563,0,14781,Critical
1,0.17643207357652374,0,14781,Low
1,0.17244997414683033,0,14781,Medium
1,0.16385088063726327,0,14779,Critical
1,0.05636594056004468,0,14772,Healthy
1,0.0767703021886576,0,14765,Critical
1,0.18263125975285416,0,14759,Low
1,0.10218350411225674,0,14757,Medium
1,0.10218350411225674,0,14757,Medium
1,0.1625930327268616,0,14750,Critical
1,0.13600067968901614,0,14747,Low
1,0.13754230072657742,0,14747,Critical
1,0.062162740626923174,0,14740,Low
1,0.059401161141422965,0,14734,Medium
1,0.13047720849863748,0,14730,Medium
1,0.1545209053014479,0,14730,Medium
1,0.13047720849863748,0,14730,Medium
1,0.1545209053014479,0,14730,Medium
1,0.1815212968408132,0,14728,Critical
1,0.16573894246653192,0,14725,Healthy
1,0.1665999663068093,0,14725,Critical
1,0.17916863087848084,0,14725,Low
1,0.19029024573813486,0,14725,Low
1,0.18874766700388546,0,14715,Critical
1,0.1466347106501198,0,14714,Critical
1,0.17352623223660862,0,14714,Critical
1,0.16511747585148046,0,14714,Critical
1,0.19349433620754586,0,14709,Low
1,0.09456224981619682,0,14688,Healthy
1,0.00870045567305433,0,14685,Medium
1,0.13017959120279876,0,14685,Medium
1,0.05359550979772054,0,14680,Medium
1,0.11557228210847659,0,14678,Medium
1,0.17832550247155232,0,14677,Low
1,0.1633903166534778,0,14675,Low
1,0.1633903166534778,0,14675,Medium
1,0.17944987842253296,0,14675,Critical
1,0.09955993700607596,0,14673,Medium
1,0.16102867553276196,0,14673,Medium
1,0.09744373864073608,0,14673,Medium
1,0.16102867553276196,0,14673,Medium
1,0.1599434816732742,0,14673,Medium
1,0.1421351044717638,0,14672,Low
1,0.09288884510901146,0,14670,Medium
1,0.0015518612074696403,0,14670,Healthy
1,0.09456224981619682,0,14670,Healthy
1,0.014676112758810311,0,14667,Low
1,0.13340511518497483,0,14660,Low
1,0.13153751565069333,0,14654,Low
1,0.13965281502223997,0,14654,Low
1,0.13965281502223997,0,14654,Critical
1,0.12815571775750978,0,14652,Low
-1,-0.03401022789667507,1,14642,Low
-1,-0.03235943023570964,1,14642,Low
-1,-0.03324491863641743,1,14642,Low
-1,-0.03401022789667507,1,14642,Low
1,0.05030696577709459,0,14641,Critical
1,0.15069181598909542,0,14630,Critical
1,0.1845486973682972,0,14617,Medium
1,0.18299371788346458,0,14617,Critical
1,0.18643198496748986,0,14617,Low
1,0.1635566694488208,0,14613,Critical
1,0.09622403020646153,0,14610,Critical
1,0.031202174995771603,0,14608,Low
1,0.08655300846840919,0,14603,Healthy
1,0.17698289121041139,0,14599,Low
1,0.11459171878372126,0,14592,Low
1,0.17402487566039593,0,14590,Critical
1,0.14512869163276765,0,14588,Critical
1,8.650895041251161e-05,0,14585,Medium
1,8.650895041251161e-05,0,14585,Medium
1,0.04185837217869337,0,14580,Low
1,0.1532436669832145,0,14571,Critical
1,0.05095717209802941,0,14568,Medium
1,0.1264102026551887,0,14567,Medium
1,0.14946415506161775,0,14567,Medium
1,0.1264102026551887,0,14567,Medium
1,0.14929041319801967,0,14567,Medium
1,0.14363830021395796,0,14565,Critical
1,0.1579160381450151,0,14565,Low
1,0.17898020780734547,0,14562,Healthy
1,0.1387316740990283,0,14557,Critical
1,0.16689562431687777,0,14557,Critical
1,0.15667567012075156,0,14557,Critical
1,0.16646782090189738,0,14555,Low
1,0.17789521639397404,0,14555,Low
1,0.19329536614691728,0,14549,Critical
1,0.135051632354025,0,14521,Healthy
1,0.10807684473597479,0,14519,Medium
1,0.1753123299474606,0,14518,Medium
1,0.06223030509960803,0,14516,Medium
1,0.10449723710711678,0,14515,Medium
1,0.1848682202226582,0,14513,Low
1,0.1568386852544814,0,14512,Low
1,0.1314442025045336,0,14510,Medium
1,0.1956200716797596,0,14510,Medium
1,0.130295192987763,0,14510,Medium
1,0.1956200716797596,0,14510,Medium
1,0.19545748591402223,0,14510,Medium
1,0.16138269738780497,0,14506,Medium
1,0.04286495041664895,0,14506,Healthy
1,0.16138269738780497,0,14506,Low
1,0.17645992489993828,0,14506,Critical
1,0.135051632354025,0,14503,Healthy
1,0.1339422706817544,0,14503,Medium
1,0.004987448591354249,0,14498,Low
1,0.11943993610124931,0,14497,Low
1,0.09974479944074227,0,14480,Low
1,0.08246554843195303,0,14478,Low
1,0.08203886722237758,0,14478,Critical
1,0.020244284852060646,0,14478,Low
1,0.028110236314905945,0,14478,Low
1,0.021153052178896736,0,14478,Low
1,0.021153052178896736,0,14478,Low
1,0.08659912984729018,0,14478,Low
1,0.04433562541658487,0,14472,Critical
1,0.15305712021984824,0,14467,Critical
1,0.14343355529638502,0,14460,Critical
1,0.14673419170085605,0,14460,Low
1,0.1440908262977067,0,14460,Medium
1,0.15836163715078944,0,14453,Critical
1,0.17186382659795468,0,14447,Critical
1,0.16526229761893352,0,14442,Low
1,0.10264998996454988,0,14439,Low
1,0.08203154157904302,0,14434,Healthy
1,0.170367707516557,0,14428,Critical
1,0.13871223372044422,0,14428,Critical
1,0.17575847657717714,0,14425,Low
1,0.016992320210906797,0,14418,Low
1,0.01578771120298028,0,14412,Medium
1,0.01578771120298028,0,14412,Medium
1,0.11358933011266803,0,14407,Medium
1,0.13342786959347436,0,14407,Medium
1,0.11358933011266803,0,14407,Medium
1,0.13320926974899922,0,14407,Medium
1,0.16746567878592938,0,14405,Critical
1,0.021103396436343846,0,14402,Medium
1,0.09796767649721166,0,14402,Critical
1,0.11468130686130162,0,14402,Low
1,0.13177828679888648,0,14400,Critical
1,0.15896357554222879,0,14400,Critical
1,0.14831937257938915,0,14400,Critical
1,0.16871466954454195,0,14393,Healthy
1,0.17801696511335557,0,14392,Low
1,0.19063651371769713,0,14389,Low
1,0.19493200633251873,0,14386,Critical
1,0.13114741831833804,0,14354,Medium
1,0.11292761584166783,0,14352,Medium
1,0.12165509403532598,0,14352,Healthy
1,0.15332962693711538,0,14351,Low
1,0.12080513837731222,0,14350,Medium
1,0.1831027640378306,0,14350,Medium
1,0.11962729688272161,0,14350,Medium
1,0.1831027640378306,0,14350,Medium
1,0.18653951045815476,0,14350,Medium
1,0.17259205075127543,0,14349,Medium
1,0.048740834554982904,0,14348,Medium
1,0.19317941864556026,0,14347,Low
1,0.15588099914369757,0,14343,Low
1,0.15573236922884753,0,14343,Medium
1,0.17127413291232507,0,14343,Critical
1,0.11999930108194057,0,14334,Medium
1,0.12165509403532598,0,14334,Healthy
1,0.08261065941325596,0,14334,Healthy
1,0.060667217215520985,0,14334,Low
1,0.06160111395050505,0,14331,Low
1,0.13964395778060545,0,14314,Low
1,0.16295514807460598,0,14312,Low
1,0.16684746368420922,0,14312,Low
1,0.16684746368420922,0,14312,Critical
1,0.13380167719652786,0,14310,Critical
1,0.01915589009767249,0,14310,Low
1,0.027866231344384707,0,14310,Low
1,0.020066505559096393,0,14310,Low
1,0.019945751783542964,0,14310,Low
1,0.05602836096987496,0,14306,Critical
1,0.18381269922693383,0,14299,Medium
1,0.1841243104102946,0,14299,Critical
1,0.18764134586839643,0,14299,Low
1,0.12535381945171037,0,14296,Critical
1,0.1399170641016706,0,14287,Critical
1,0.15097925739266482,0,14276,Low
1,8.650895041251161e-05,0,14267,Low
1,0.176083692358588,0,14266,Critical
1,0.17237275589601248,0,14265,Critical
1,0.07209252478040457,0,14259,Healthy
1,0.1747196254374983,0,14258,Low
-1,-0.014067533970260393,1,14254,Low
1,0.1055039622517327,0,14247,Medium
1,0.12481495392185976,0,14247,Medium
1,0.1055039622517327,0,14247,Medium
1,0.1245918925446276,0,14247,Medium
1,0.15922185929634491,0,14245,Critical
1,0.17485040213858444,0,14242,Critical
1,0.18836588500780188,0,14242,Low
1,0.16603815819569878,0,14234,Critical
1,0.19275889957380593,0,14234,Critical
1,0.18057879694339968,0,14234,Critical
-1,-0.014719858173645073,1,14232,Healthy
1,0.16819526120912237,0,14232,Critical
-1,-0.0003935970758368601,1,14231,Medium
-1,-0.0003935970758368601,1,14231,Medium
1,0.0358850935195828,0,14230,Medium
1,0.17292327910924937,0,14229,Low
1,0.18826617183308536,0,14229,Low
1,0.16452646818021904,0,14226,Healthy
1,0.1383462204978929,0,14190,Medium
1,0.020194402872737993,0,14189,Medium
1,0.10538776913671671,0,14189,Medium
1,0.15956034022489085,0,14188,Low
1,0.13474298567120557,0,14186,Medium
1,0.19668776190468135,0,14186,Medium
1,0.13360291589217482,0,14186,Medium
1,0.19668776190468135,0,14186,Medium
1,0.19798094253905452,0,14186,Medium
1,0.16714719805120837,0,14186,Medium
1,0.106480949585328,0,14183,Healthy
1,0.1667400230893457,0,14180,Low
1,0.13899551512336628,0,14177,Low
1,0.1540183425323809,0,14177,Critical
1,0.13899551512336628,0,14177,Medium
1,0.1263067919710501,0,14173,Medium
1,0.10478831289059554,0,14165,Medium
1,0.106480949585328,0,14165,Healthy
1,0.09692678422088047,0,14161,Low
1,0.11602135931796992,0,14156,Critical
1,0.08232818834115085,0,14153,Low
1,0.14557637650624977,0,14150,Low
-1,-0.0027721443517799704,1,14144,Low
1,0.005492192954685948,0,14144,Low
-1,-0.0018056511229274097,1,14144,Low
-1,-0.002879370404954562,1,14144,Low
1,0.05461922643000505,0,14143,Critical
1,0.1390193415439651,0,14142,Low
1,0.13310467607296428,0,14142,Low
1,0.13873528367883708,0,14142,Critical
1,0.16017241498609025,0,14133,Critical
1,0.1466164457729865,0,14122,Low
1,0.1523022072275214,0,14121,Critical
1,0.16937937094930294,0,14104,Critical
1,0.15883245961054682,0,14099,Critical
1,0.04623763849447193,0,14096,Healthy
1,0.01578771120298028,0,14094,Low
1,0.15916179657311313,0,14092,Low
-1,-0.00028279632760785933,1,14091,Low
1,0.10511691146157193,0,14087,Medium
1,0.12285491624111722,0,14087,Medium
1,0.10511691146157193,0,14087,Medium
1,0.12289194982393442,0,14087,Medium
1,0.18290754429580425,0,14079,Low
1,0.16790578867468725,0,14079,Critical
1,0.17701540498635904,0,14078,Critical
1,0.16967529930266934,0,14071,Critical
1,0.19546493354580813,0,14071,Critical
1,0.18416073468064287,0,14071,Critical
-1,-0.16494051706463841,1,14070,Healthy
1,0.19354228854129218,0,14069,Low
1,0.0221141624134783,0,14068,Medium
1,0.027848494147845404,0,14067,Medium
1,0.027848494147845404,0,14067,Medium
1,0.1657607461727882,0,14066,Healthy
1,0.1921761559060438,0,14066,Critical
1,0.19316941091521928,0,14063,Low
1,0.15471291506433832,0,14022,Low
1,0.08518201943772158,0,14020,Healthy
1,0.052414729416897954,0,14020,Medium
1,0.13155485447974485,0,14020,Medium
1,0.19115503021079966,0,14020,Medium
1,0.13031027862509947,0,14020,Medium
1,0.19115503021079966,0,14020,Medium
1,0.19493068464919655,0,14020,Medium
1,0.14972763726724064,0,14020,Medium
1,0.12313367927877589,0,14019,Medium
1,0.045064525224740026,0,14017,Medium
-1,-0.03454893386147895,1,14012,Low
1,0.09510956647908742,0,14007,Low
1,0.09490188806517746,0,14007,Medium
1,0.11353254911110178,0,14007,Critical
1,0.11223341874899218,0,14007,Medium
1,0.13521433645597453,0,14001,Low
1,0.0844657237030122,0,14001,Medium
1,0.08518201943772158,0,14001,Healthy
1,0.1792443123592421,0,13993,Critical
-1,-0.039663003803963925,1,13989,Low
1,0.12184199251485273,0,13984,Low
1,0.13231017210253654,0,13982,Low
1,0.12516657582216956,0,13982,Low
1,0.1318085867306068,0,13982,Critical
1,0.058498901014315485,0,13977,Critical
1,0.05193682293852553,0,13976,Low
1,0.059267048409956,0,13976,Low
1,0.05410472748838224,0,13976,Low
1,0.05304225379700078,0,13976,Low
1,0.1741284122069997,0,13970,Critical
1,0.17693079511611215,0,13970,Low
1,0.17131947944781117,0,13970,Low
1,0.1497054322967284,0,13966,Critical
1,0.17682430483365846,0,13956,Low
1,0.15270382987759978,0,13954,Critical
1,0.16945035679334758,0,13944,Critical
1,0.14498316898285402,0,13942,Critical
1,0.14301073408632453,0,13935,Low
1,0.08120065723087638,0,13927,Healthy
1,0.1351103669144595,0,13927,Medium
1,0.15196992140688964,0,13927,Medium
1,0.1351103669144595,0,13927,Medium
1,0.15196992140688964,0,13927,Medium
1,0.005754421424731593,0,13925,Low
1,0.15913330454232483,0,13915,Critical
1,0.17538847807768415,0,13915,Low
1,0.17657829915301126,0,13915,Critical
1,0.11121534956053353,0,13914,Critical
1,0.13361861887929455,0,13914,Critical
1,0.12859280658342515,0,13914,Critical
1,8.318610917990021e-06,0,13913,Low
1,0.1724785528813902,0,13906,Medium
1,0.17459305811671327,0,13906,Critical
1,0.03834669713226113,0,13904,Medium
1,0.03834669713226113,0,13904,Medium
-1,-0.15885822206637212,1,13904,Healthy
1,0.19619202132084296,0,13903,Low
1,0.02668872127981259,0,13902,Medium
1,0.19462142006811012,0,13899,Low
1,0.15745259455690874,0,13898,Healthy
1,0.16710162898908154,0,13898,Healthy
1,0.16710162898908154,0,13898,Healthy
1,0.16710162898908154,0,13898,Healthy
1,0.16687898290602438,0,13898,Healthy
1,0.08055721105142727,0,13866,Medium
1,0.13695949317296757,0,13857,Medium
1,0.19792436977813832,0,13857,Medium
1,0.13582543015302428,0,13857,Medium
1,0.1980125034789902,0,13857,Medium
1,0.20054559067807826,0,13857,Medium
1,0.1521559353741559,0,13856,Low
1,0.12421952791202068,0,13853,Healthy
1,0.10717294020766471,0,13850,Medium
1,0.09386024228907242,0,13850,Medium
1,0.05240335479534952,0,13849,Medium
1,0.023683997590120964,0,13848,Low
1,0.10793905546368232,0,13844,Medium
1,0.0970494962835794,0,13838,Low
1,0.0970494962835794,0,13838,Medium
1,0.11586678396906008,0,13838,Critical
1,0.12421952791202068,0,13835,Healthy
1,0.12421952791202068,0,13835,Medium
1,0.12536262057326109,0,13835,Low
1,0.17433416399908652,0,13827,Critical
1,0.010468096126483695,0,13823,Low
1,0.11886145559981903,0,13818,Low
1,0.04185892367806687,0,13815,Low
1,0.04766075267392189,0,13815,Low
1,0.042948555359602514,0,13815,Low
1,0.0422062821819591,0,13815,Low
1,0.12210147629885171,0,13810,Low
1,0.18625886485606902,0,13810,Low
1,0.12607672976491913,0,13810,Critical
1,0.18992379459983805,0,13810,Low
1,0.18601821237072247,0,13810,Critical
1,0.12651178227846177,0,13810,Low
1,0.044284265773415155,0,13807,Critical
1,0.15563994299776707,0,13806,Critical
1,0.16964354402747905,0,13806,Healthy
1,0.15708351903617296,0,13799,Low
1,0.1818447788003119,0,13791,Critical
1,0.17860826828498183,0,13779,Critical
1,0.14210021979948034,0,13768,Low
1,0.10416729758492932,0,13765,Critical
1,0.13907229767745793,0,13764,Medium
1,0.15654897766932285,0,13764,Medium
1,0.13920406890074943,0,13764,Medium
1,0.15672885596863634,0,13764,Medium
1,0.13661334761583155,0,13761,Healthy
1,0.12418084626818499,0,13761,Critical
1,0.14081991169703773,0,13761,Low
-1,-0.013780126217200261,1,13754,Low
1,0.11964096152083287,0,13754,Critical
1,0.1429676524533972,0,13754,Critical
1,0.1372800958084619,0,13754,Critical
-1,-0.15513916708316666,1,13753,Healthy
1,0.1756505139707764,0,13752,Critical
1,0.027283145449918278,0,13749,Low
1,0.006541999073769844,0,13747,Medium
1,0.006541999073769844,0,13747,Medium
1,0.16758581372879305,0,13746,Low
1,0.1935787463600862,0,13746,Critical
1,0.17851472617681025,0,13746,Low
-1,-0.0014410984992865306,1,13744,Healthy
1,0.1720220323962105,0,13737,Medium
1,0.03190480410295882,0,13734,Medium
1,0.08986801178813042,0,13723,Healthy
1,0.09940230674384604,0,13723,Healthy
1,0.09940230674384604,0,13723,Healthy
1,0.09940230674384604,0,13723,Healthy
1,0.09940230674384604,0,13723,Healthy
1,0.1324541972920419,0,13703,Medium
1,0.12264100374142223,0,13700,Medium
1,0.1819508816862625,0,13700,Medium
1,0.12146813746164614,0,13700,Medium
1,0.1819508816862625,0,13700,Medium
1,0.1826171915558258,0,13700,Medium
1,0.1785775346521596,0,13692,Low
1,0.1335770299431424,0,13687,Healthy
1,0.04454797796037924,0,13685,Medium
1,0.135051632354025,0,13684,Medium
1,0.0974282572686514,0,13681,Medium
1,0.10885741317304748,0,13681,Medium
1,0.022786953756054107,0,13680,Low
1,0.11976010929124536,0,13671,Low
1,0.1336721594857163,0,13669,Low
1,0.1335770299431424,0,13669,Healthy
1,0.09724683048836652,0,13669,Low
1,0.09724683048836652,0,13669,Medium
1,0.11104706644075168,0,13669,Critical
1,0.16986420547125625,0,13667,Critical
1,0.01466651790455642,0,13659,Low
1,0.1142076826433952,0,13658,Low
1,0.1522285534913384,0,13649,Healthy
1,0.13298203617991805,0,13647,Low
1,0.13785333927350335,0,13647,Critical
1,0.1369198876079824,0,13647,Low
1,0.15149498298089775,0,13646,Critical
1,0.02910800407311176,0,13644,Low
1,0.033999635785168736,0,13644,Critical
1,0.04079010718785159,0,13644,Low
1,0.04816876792197278,0,13644,Low
1,0.04106025556298054,0,13644,Low
1,0.04106025556298054,0,13644,Low
1,0.03360823859954265,0,13644,Low
1,0.15293117979689402,0,13642,Low
1,0.06982456061794168,0,13641,Critical
1,0.1869778928691574,0,13628,Critical
1,0.15319551294249728,0,13615,Critical
1,0.10554049356438538,0,13611,Low
-1,-0.09097799917629379,1,13611,Low
1,0.170367707516557,0,13605,Critical
1,0.069466063492086,0,13602,Healthy
1,0.1411652508370596,0,13597,Medium
1,0.15818791830428575,0,13597,Medium
1,0.1411652508370596,0,13597,Medium
1,0.15818791830428575,0,13597,Medium
1,0.15187071556421838,0,13595,Critical
1,0.1703491523873586,0,13595,Low
1,0.13078089306787233,0,13594,Critical
1,0.15319253556011264,0,13594,Critical
1,0.14853686229103008,0,13594,Critical
1,0.153284692942684,0,13592,Critical
-1,-0.12665927394911247,1,13589,Healthy
1,0.18182773090812432,0,13588,Low
1,0.03834669713226113,0,13586,Low
-1,-0.1611938033004291,1,13581,Healthy
1,0.07463049173463049,0,13580,Medium
1,0.07463049173463049,0,13580,Medium
1,0.19603721377673677,0,13579,Critical
1,0.19183742491657718,0,13579,Low
1,0.1569488362494602,0,13574,Medium
1,0.03437502594438813,0,13568,Medium
1,0.10462672069023837,0,13560,Healthy
1,0.11262447340487669,0,13560,Healthy
1,0.11252459646819718,0,13560,Healthy
1,0.11262447340487669,0,13560,Healthy
1,0.11262447340487669,0,13560,Healthy
1,0.13767561662120031,0,13541,Low
1,0.13251248983616598,0,13537,Medium
1,0.1935338501598856,0,13537,Medium
1,0.13136637538951468,0,13537,Medium
1,0.1935338501598856,0,13537,Medium
1,0.19652851351334982,0,13537,Medium
1,0.18782091252073063,0,13526,Low
1,0.14242252558849672,0,13524,Healthy
1,0.011349445313409534,0,13519,Medium
1,0.10887366543957522,0,13517,Medium
1,0.12165509403532598,0,13515,Medium
1,0.0008359104436240772,0,13514,Low
1,0.1063540537702703,0,13512,Medium
1,0.1062600497249524,0,13508,Low
1,0.1581537086416684,0,13506,Critical
1,0.10276972780345428,0,13505,Low
1,0.10276972780345428,0,13505,Medium
1,0.11946127522850891,0,13505,Critical
1,0.14217712393448678,0,13505,Low
1,0.14242252558849672,0,13505,Healthy
1,0.10264879027340634,0,13495,Low
1,0.022564619122308893,0,13493,Low
1,0.1550094381860782,0,13486,Critical
1,0.15217370032040578,0,13484,Low
1,0.1555522798330113,0,13484,Low
1,0.15526321432141088,0,13484,Critical
1,0.1629630693002977,0,13481,Low
1,0.06442090715903448,0,13481,Low
1,0.07076306035711216,0,13481,Low
1,0.06467865112000454,0,13481,Low
1,0.06442090715903448,0,13481,Low
1,0.13742130499529853,0,13480,Low
1,0.13300637950454264,0,13480,Low
1,0.13754233607117067,0,13480,Critical
1,0.168358979614313,0,13480,Healthy
1,0.05062597866749152,0,13475,Critical
1,0.1853990076765742,0,13462,Critical
1,0.16706432498952167,0,13452,Critical
1,0.1264048682335121,0,13451,Low
1,0.17237275589601248,0,13442,Critical
1,0.1398595734746334,0,13436,Healthy
1,0.1319319847969186,0,13431,Critical
1,0.15743972400463518,0,13431,Critical
1,0.14967109213857188,0,13431,Critical
-1,-0.011036894781768947,1,13430,Low
1,0.1582485588075987,0,13429,Critical
1,0.17795365632970783,0,13429,Low
1,0.10664081019035554,0,13429,Critical
1,0.006541999073769844,0,13429,Low
1,0.18743722799808188,0,13428,Low
1,0.12764636257861167,0,13425,Medium
1,0.14557000268968423,0,13425,Medium
1,0.12764636257861167,0,13425,Medium
1,0.14541087421047633,0,13425,Medium
1,0.1788907452023457,0,13422,Critical
1,0.17322493534959782,0,13419,Low
-1,-0.15248706769728237,1,13415,Healthy
1,0.03128492528404825,0,13414,Medium
1,0.0309196637628969,0,13414,Medium
-1,-0.08101755303107894,1,13414,Healthy
1,0.14818214587100886,0,13410,Medium
1,0.016023463795363124,0,13400,Medium
1,0.09878979208492794,0,13391,Healthy
1,0.10632731737225365,0,13391,Healthy
1,0.10667870593503909,0,13391,Healthy
1,0.10632731737225365,0,13391,Healthy
1,0.1064285918160805,0,13391,Healthy
1,0.1831521732230238,0,13378,Low
1,0.14256983682663132,0,13372,Low
1,0.12442029432087731,0,13368,Medium
1,0.18704017035963355,0,13368,Medium
1,0.12313455082308822,0,13368,Medium
1,0.18704017035963355,0,13368,Medium
1,0.19078136799171896,0,13368,Medium
1,0.13161641773966504,0,13360,Healthy
1,0.055317304800069134,0,13353,Medium
1,0.11994394553490362,0,13351,Medium
1,0.11391610412428982,0,13348,Medium
1,0.05768613795279742,0,13346,Low
1,0.106480949585328,0,13345,Medium
1,0.11833223225614792,0,13345,Low
1,0.0797928595711681,0,13343,Critical
1,0.13161641773966504,0,13342,Healthy
1,0.13012085323363504,0,13342,Low
1,0.07886225454915358,0,13331,Low
1,0.07886225454915358,0,13331,Medium
1,0.09416468612434153,0,13331,Critical
-1,-0.029544433841307893,1,13329,Low
1,0.1402864294568802,0,13329,Critical
1,0.13578536381622658,0,13327,Low
1,0.13736986830138737,0,13327,Critical
1,0.13783321167493984,0,13327,Low
1,0.08571344565307537,0,13322,Low
1,0.1495315751170097,0,13317,Low
1,0.15330694376987958,0,13317,Low
1,0.1531118080942379,0,13317,Critical
1,0.051149680098045325,0,13317,Low
1,0.05827502545927976,0,13317,Low
1,0.05144844500158818,0,13317,Low
1,0.05144844500158818,0,13317,Low
1,0.17486548483871023,0,13317,Healthy
1,0.12140718976180292,0,13306,Low
1,0.014987699098366725,0,13302,Critical
1,0.18813365503155177,0,13296,Critical
1,0.14318650623196316,0,13294,Low
1,0.16611354203138784,0,13286,Critical
1,0.15883245961054682,0,13276,Critical
1,0.152551734012575,0,13274,Low
1,0.08416773373901426,0,13271,Critical
1,0.1112270606049563,0,13271,Critical
1,0.10119482745822234,0,13271,Critical
1,0.11889726136068218,0,13270,Healthy
1,0.18433721919577933,0,13269,Critical
1,0.12471763654193124,0,13268,Medium
1,0.1406037245502063,0,13268,Medium
1,0.12471763654193124,0,13268,Medium
1,0.1406037245502063,0,13268,Medium
1,0.16207790730867871,0,13266,Critical
1,0.18069330110649068,0,13266,Low
1,0.1822985171880671,0,13265,Critical
-1,-0.14807463642223617,1,13264,Healthy
1,0.07344387661598678,0,13262,Low
1,0.19174782072391466,0,13259,Low
1,0.008758911876458275,0,13254,Low
1,0.15251512991670013,0,13253,Medium
1,0.06552656992895955,0,13250,Healthy
1,0.03954916633655692,0,13245,Medium
1,0.03954916633655692,0,13245,Medium
1,0.047706534092334274,0,13234,Medium
1,0.15056163168726644,0,13221,Healthy
1,0.15824084991906306,0,13221,Healthy
1,0.15864111791043561,0,13221,Healthy
1,0.15824084991906306,0,13221,Healthy
1,0.15824084991906306,0,13221,Healthy
1,0.18079761480454937,0,13210,Low
1,0.11019944446363877,0,13204,Medium
1,0.17387577472294352,0,13204,Medium
1,0.10899286142486458,0,13204,Medium
1,0.17427736179418812,0,13204,Medium
1,0.17586782704060222,0,13204,Medium
1,0.13948133271295166,0,13193,Low
1,0.12937978023253255,0,13191,Healthy
1,0.039363810841829494,0,13189,Medium
1,0.11678665987426029,0,13188,Medium
1,0.09245134810194233,0,13185,Critical
1,0.045571457350729316,0,13184,Low
1,0.08518201943772158,0,13182,Low
1,0.1303866604004132,0,13179,Low
1,0.08954882654080543,0,13174,Medium
1,0.1284412700700273,0,13173,Low
1,0.12937978023253255,0,13173,Healthy
1,0.14363052390086872,0,13172,Critical
1,0.07268696955642878,0,13170,Low
1,0.07268696955642878,0,13170,Medium
1,0.06291647765822311,0,13170,Critical
1,0.017793508310086414,0,13163,Low
1,0.14682993367782277,0,13160,Low
1,0.1472806119556953,0,13160,Critical
1,0.14893745834118755,0,13160,Low
1,0.14227745009977472,0,13159,Low
1,0.16342375551720884,0,13153,Healthy
1,0.06053151118281691,0,13153,Low
1,0.06738366747961477,0,13153,Low
1,0.06181570888589105,0,13153,Low
1,0.06181570888589105,0,13153,Low
1,0.14983125547163173,0,13148,Low
1,0.1473126820263893,0,13148,Critical
1,0.14751063043288404,0,13148,Low
1,0.1446323186001351,0,13148,Low
1,0.15010504645409972,0,13139,Critical
1,0.1250453999176418,0,13128,Low
1,0.16389438355653535,0,13126,Critical
1,0.16611630537591598,0,13120,Critical
1,0.14498316898285402,0,13119,Critical
1,0.19569673569470286,0,13111,Low
1,0.13337199063465027,0,13107,Critical
1,0.16109891882006644,0,13107,Critical
1,0.1530132956259998,0,13107,Critical
1,0.17731688458859785,0,13106,Critical
1,0.18750365727984403,0,13105,Critical
-1,-0.007197088524366513,1,13103,Low
1,0.17511759556617768,0,13102,Critical
1,0.19506068738693932,0,13102,Critical
-1,-0.11770652036919615,1,13101,Healthy
1,0.13485723001744787,0,13101,Healthy
1,0.1270637945998052,0,13099,Medium
1,0.14344364633327872,0,13099,Medium
1,0.12727699591880903,0,13099,Medium
1,0.14344364633327872,0,13099,Medium
1,0.03116670187023962,0,13096,Low
1,0.19450861636981276,0,13093,Low
1,0.10487070878207727,0,13090,Healthy
1,0.16722196872885614,0,13084,Medium
1,0.0486550205003915,0,13079,Medium
1,0.0486550205003915,0,13079,Medium
1,0.03587778133805042,0,13071,Medium
1,0.14809917631043945,0,13055,Healthy
1,0.15335467649440793,0,13055,Healthy
1,0.15346793075637494,0,13055,Healthy
1,0.15367515061298304,0,13055,Healthy
1,0.15367515061298304,0,13055,Healthy
1,0.06291939040130273,0,13048,Low
1,0.12068013502734187,0,13047,Medium
1,0.17911020265300254,0,13047,Medium
1,0.119501954772333,0,13047,Medium
1,0.17972410934266553,0,13047,Medium
1,0.1803996573026973,0,13047,Medium
1,0.15959297860836813,0,13027,Critical
1,0.10332219087900585,0,13025,Healthy
1,0.14686897055506487,0,13022,Critical
-1,-0.01516642298712334,1,13019,Medium
1,0.1225386024141712,0,13018,Medium
1,0.12421952791202068,0,13016,Low
1,0.13019030831261663,0,13015,Low
1,0.04509203711920706,0,13014,Low
1,0.06291647765822311,0,13013,Medium
1,0.14643123219359772,0,13009,Critical
1,0.09774899481057897,0,13007,Low
1,0.09774899481057897,0,13007,Medium
1,0.08548469834404365,0,13007,Critical
1,0.10198230637329286,0,13006,Low
1,0.10332219087900585,0,13006,Healthy
1,0.13299052204787432,0,13003,Low
1,0.1350217190110381,0,13003,Critical
1,0.13610824694244977,0,13003,Low
1,0.027430426232303518,0,12997,Low
1,0.11341906422567599,0,12993,Low
1,0.1053481780802864,0,12991,Low
1,0.10818378142360097,0,12984,Low
1,0.10868214176051894,0,12984,Critical
1,0.17005536658722542,0,12984,Healthy
1,0.10897191371200898,0,12984,Low
1,0.04187668863251137,0,12983,Low
1,0.04905512351114372,0,12983,Low
1,0.04294040330944904,0,12983,Low
1,0.04282480883772288,0,12983,Low
1,0.04395222122750453,0,12982,Critical
1,0.09356749122295765,0,12971,Low
1,0.19208533393125715,0,12963,Critical
1,0.18303449011254153,0,12957,Critical
1,0.17860826828498183,0,12955,Critical
1,0.18081811823833238,0,12954,Low
1,0.15393606166738416,0,12951,Critical
1,0.10741907880417806,0,12944,Critical
1,0.13492881137516366,0,12944,Critical
1,0.1250266162711146,0,12944,Critical
1,0.12404770942232712,0,12944,Critical
1,0.129633439304785,0,12944,Critical
1,0.16998491743495808,0,12942,Critical
1,0.1367296679318642,0,12941,Healthy
1,0.0036973713544532494,0,12939,Critical
1,0.17712988181671235,0,12936,Low
1,0.11046460516445616,0,12929,Healthy
1,0.1316111790653613,0,12929,Medium
1,0.14740827493061187,0,12929,Medium
1,0.1316111790653613,0,12929,Medium
1,0.14740827493061187,0,12929,Medium
1,0.03990841840976378,0,12927,Low
-1,-0.07184646835637354,1,12926,Healthy
1,0.17368208974943694,0,12918,Medium
1,0.05206948928850974,0,12909,Medium
1,0.05206948928850974,0,12909,Medium
1,0.03570350449274251,0,12903,Medium
1,0.10437478258765381,0,12886,Healthy
1,0.11160487115300022,0,12886,Healthy
1,0.11160487115300022,0,12886,Healthy
1,0.11147982186056143,0,12886,Healthy
1,0.11147982186056143,0,12886,Healthy
1,0.15008605261348829,0,12885,Low
1,0.12225222081616233,0,12881,Medium
1,0.18357541293003832,0,12881,Medium
1,0.12098033079016063,0,12881,Medium
1,0.18374521262475868,0,12881,Medium
1,0.1875806739866802,0,12881,Medium
1,0.18272642978453718,0,12867,Critical
1,0.11093795622148372,0,12861,Healthy
1,0.16250342177952354,0,12856,Critical
1,0.13077798857822587,0,12855,Medium
1,0.0412244472555614,0,12855,Medium
1,0.06800229210640135,0,12850,Low
1,0.08548469834404365,0,12850,Medium
1,0.1335770299431424,0,12849,Low
1,0.15037793007984945,0,12849,Critical
1,0.1334432636480401,0,12846,Low
1,0.10511627280872604,0,12844,Low
1,0.10511627280872604,0,12844,Medium
1,0.0925606738317371,0,12844,Critical
1,0.11093795622148372,0,12843,Healthy
1,0.10959978967068695,0,12843,Low
1,0.1211700624952104,0,12840,Critical
1,0.1245271735869623,0,12840,Low
1,0.1234536567265731,0,12840,Low
1,0.16261013035650596,0,12834,Low
1,0.01734614017714109,0,12832,Low
1,0.15930276096863938,0,12827,Healthy
1,0.12584774176131763,0,12827,Low
-1,-0.000945842375861039,1,12817,Low
1,0.009917218151197615,0,12817,Low
-1,-0.000945842375861039,1,12817,Low
-1,-0.000945842375861039,1,12817,Low
1,0.06726038088757957,0,12810,Low
1,0.0657505017338702,0,12810,Low
1,0.06737046505614508,0,12810,Critical
1,0.1748599597997817,0,12806,Critical
1,0.11878380937188482,0,12801,Low
-1,-0.002734622584997237,1,12793,Critical
1,0.15319551294249728,0,12792,Critical
1,0.14211216543650596,0,12790,Critical
1,0.13567288586022347,0,12788,Critical
1,0.1844739540328325,0,12788,Low
1,0.19567104331211416,0,12788,Critical
1,0.11568338495465619,0,12784,Critical
1,0.14292341620265198,0,12784,Critical
1,0.13545204854458343,0,12784,Critical
1,0.1805516339937866,0,12779,Low
1,0.14825863894530678,0,12778,Healthy
1,0.16086649510800805,0,12778,Critical
1,0.16643304587236912,0,12778,Critical
1,0.030472829245783428,0,12773,Critical
1,0.09882808231381662,0,12766,Healthy
1,0.1339061200045863,0,12763,Medium
1,0.14919201307199942,0,12763,Medium
1,0.1339061200045863,0,12763,Medium
1,0.14939417559183998,0,12763,Medium
1,0.06519499495147746,0,12761,Healthy
1,0.0486550205003915,0,12760,Low
1,0.16566444942464226,0,12749,Medium
-1,-0.026517753054906668,1,12731,Medium
-1,-0.026517753054906668,1,12731,Medium
-1,-0.022826394502323266,1,12727,Medium
1,0.16353768788965556,0,12724,Low
1,0.10385496123577925,0,12717,Healthy
1,0.11195216773244582,0,12717,Healthy
1,0.11159841189075492,0,12717,Healthy
1,0.1115048015662003,0,12717,Healthy
1,0.1115048015662003,0,12717,Healthy
1,0.12067779988460803,0,12716,Medium
1,0.11650038787870742,0,12716,Medium
1,0.12325411915594164,0,12716,Medium
1,0.11675487413698821,0,12716,Medium
1,0.12378205509555107,0,12716,Medium
1,0.13656661959701405,0,12695,Healthy
1,0.12059213315394529,0,12695,Medium
1,0.16761962763069277,0,12694,Critical
1,0.13524113367901225,0,12692,Critical
1,0.06041535660987546,0,12691,Medium
1,0.05543738718588209,0,12690,Low
1,0.05543738718588209,0,12690,Medium
1,0.041964225438332003,0,12690,Critical
1,0.11579190661413091,0,12689,Critical
1,0.0925606738317371,0,12687,Medium
1,0.053581313846512324,0,12686,Low
1,0.14259496273043348,0,12686,Low
1,0.14107867942603175,0,12683,Low
1,0.16379043760458917,0,12680,Low
1,0.16845651226120378,0,12680,Critical
1,0.1678464619918047,0,12680,Low
1,0.13554925587143585,0,12677,Low
1,0.1373319422443805,0,12677,Healthy
1,0.15963411756019918,0,12671,Low
1,0.018212526081276437,0,12667,Low
1,0.013090422935517432,0,12667,Healthy
1,0.12858111800973399,0,12666,Low
1,0.1789694211252949,0,12664,Healthy
1,0.07177554840519623,0,12655,Low
1,0.0735866755667105,0,12655,Low
1,0.07240690345516942,0,12655,Critical
1,0.05433484796608157,0,12649,Low
1,0.06278152942375331,0,12649,Low
1,0.054667152461849056,0,12649,Low
1,0.054667152461849056,0,12649,Low
1,0.19028350777139502,0,12643,Critical
1,0.08195905162441847,0,12641,Critical
1,0.1810500196737853,0,12631,Critical
1,0.14050434255838617,0,12630,Critical
1,0.16706432498952167,0,12629,Critical
1,0.1979169447183291,0,12625,Low
1,0.11920900731210154,0,12624,Critical
1,0.16408391257121346,0,12622,Critical
1,0.18592284534410364,0,12619,Low
1,0.13533890643166563,0,12618,Critical
1,0.10478123329995132,0,12618,Critical
1,0.12446965352324713,0,12618,Critical
1,0.16639785692781206,0,12615,Critical
1,0.17266487939696223,0,12615,Critical
1,0.14705444196687595,0,12612,Healthy
1,0.027358515348432033,0,12607,Critical
1,0.11656183901842093,0,12603,Healthy
1,0.10487070878207727,0,12601,Healthy
1,0.14297900732605073,0,12597,Medium
1,0.16042428084837979,0,12597,Medium
1,0.14297900732605073,0,12597,Medium
1,0.15966516835994016,0,12597,Medium
1,0.1609656442547865,0,12591,Medium
1,0.05206948928850974,0,12591,Low
1,0.018212526081276437,0,12563,Medium
1,0.1694994076764429,0,12561,Low
1,0.025707531221397795,0,12558,Medium
1,0.025707531221397795,0,12558,Medium
1,0.09270990110627503,0,12553,Healthy
1,0.09906781099561718,0,12553,Healthy
1,0.09982065667171769,0,12553,Healthy
1,0.09906781099561718,0,12553,Healthy
1,0.09906781099561718,0,12553,Healthy
1,0.1590791168302157,0,12553,Medium
1,0.15761951962630072,0,12553,Medium
1,0.16098601438514815,0,12553,Medium
1,0.15801965095866644,0,12553,Medium
1,0.16193032191396944,0,12553,Medium
1,0.18262517176527782,0,12534,Critical
1,0.041964225438332003,0,12533,Medium
1,0.15193091874863834,0,12530,Critical
1,0.1510024054696149,0,12529,Critical
1,0.10701147611592182,0,12527,Low
1,0.10701147611592182,0,12527,Low
1,0.09389008228338253,0,12527,Critical
1,0.10830102844548845,0,12526,Healthy
1,0.10532215837518516,0,12525,Medium
1,0.01465138362530527,0,12523,Medium
1,0.06386563604513079,0,12523,Low
1,0.1310706119371396,0,12523,Low
1,0.12763474218469145,0,12522,Low
1,0.13012782955318458,0,12511,Low
1,0.16379043760458917,0,12511,Low
1,0.12001028519095375,0,12511,Critical
1,0.13298202695628236,0,12511,Low
1,0.10668359367220404,0,12508,Low
1,0.10830102844548845,0,12508,Healthy
1,0.031149501303873728,0,12506,Healthy
1,0.0389734074082525,0,12506,Low
1,0.06880703905950658,0,12503,Low
1,0.16032989067861864,0,12495,Healthy
1,0.1366977285771807,0,12486,Low
1,0.13845819776907264,0,12486,Low
1,0.13771595349586652,0,12486,Critical
1,0.04760415672480833,0,12483,Low
1,0.05311106587825898,0,12483,Low
1,0.04754680256156163,0,12483,Low
1,0.04754680256156163,0,12483,Low
1,0.06095186503422484,0,12478,Critical
1,0.17294656525323576,0,12470,Critical
1,0.1777847073335067,0,12467,Critical
1,0.1883268849837561,0,12465,Low
1,0.1516559749956637,0,12465,Low
1,0.18401445032835884,0,12465,Critical
1,0.16611354203138784,0,12463,Critical
1,0.09674832758703189,0,12458,Critical
1,0.1239983433333815,0,12458,Critical
1,0.1158572210564568,0,12458,Critical
1,0.17079649330072416,0,12456,Critical
1,0.12848278625604115,0,12456,Healthy
1,0.16326327829401754,0,12455,Critical
1,0.1686909401365555,0,12455,Critical
1,0.14584950536096886,0,12450,Critical
1,0.04612524634066262,0,12443,Critical
1,0.11046460516445616,0,12441,Healthy
1,0.08137540906848933,0,12439,Healthy
1,0.17908043786819788,0,12431,Medium
1,0.19480256637710597,0,12431,Medium
1,0.17908043786819788,0,12431,Medium
1,0.19425916099270552,0,12431,Medium
1,0.17465864160742017,0,12425,Medium
-1,-0.026517753054906668,1,12413,Low
1,0.14780006319944677,0,12407,Low
1,0.0389734074082525,0,12402,Medium
1,0.11315066407727986,0,12392,Medium
1,0.11315066407727986,0,12392,Medium
1,0.16478353042344046,0,12390,Medium
1,0.16182405338951822,0,12390,Medium
1,0.16513558179108745,0,12390,Medium
1,0.16217811024890644,0,12390,Medium
1,0.1651833043312978,0,12390,Medium
1,0.05634974792399483,0,12387,Healthy
1,0.06220071491674467,0,12387,Healthy
1,0.06231197095176966,0,12387,Healthy
1,0.06220071491674467,0,12387,Healthy
1,0.06220071491674467,0,12387,Healthy
1,0.09689250756834117,0,12375,Critical
1,0.1598739498545091,0,12373,Critical
1,0.09301244272963444,0,12370,Low
1,0.1465179033024961,0,12365,Critical
1,0.11253623449305233,0,12362,Healthy
1,0.12479696824279068,0,12362,Medium
1,0.10090140241426421,0,12360,Low
1,0.10090140241426421,0,12360,Low
1,0.08845732881695523,0,12360,Critical
1,0.008154275934153299,0,12355,Medium
1,0.1285235958924545,0,12353,Low
1,0.11445813862445631,0,12353,Critical
1,0.04495360296204898,0,12353,Low
1,0.10472237518188404,0,12347,Healthy
1,0.11205525576561376,0,12347,Low
1,0.11165525980915936,0,12344,Low
1,0.11249831426428841,0,12344,Healthy
1,0.13555370737395284,0,12341,Critical
1,0.13851018485472388,0,12341,Low
1,0.14285765083732577,0,12341,Low
1,0.14501937821584188,0,12341,Low
1,0.176474509006458,0,12335,Healthy
1,0.11457465854873539,0,12334,Critical
1,0.15636223298054197,0,12322,Low
1,0.1590301471873617,0,12322,Low
1,0.15711529299310623,0,12322,Critical
1,0.051709043428126544,0,12319,Critical
1,0.027179763566536952,0,12317,Low
1,0.03294858978428783,0,12317,Low
1,0.02712010266555931,0,12317,Low
1,0.02738304661866864,0,12317,Low
1,0.1826512472455148,0,12308,Low
1,0.18946795254682147,0,12307,Critical
1,0.19408072809792526,0,12302,Low
1,0.1976749201731608,0,12302,Critical
1,0.1017824186342039,0,12301,Critical
1,0.10860967124078474,0,12301,Critical
1,0.18178196768188498,0,12300,Critical
1,0.16611630537591598,0,12297,Critical
1,0.17434362052382912,0,12293,Critical
1,0.13008934841850756,0,12292,Critical
1,0.1581256434361566,0,12292,Critical
1,0.14933423916069188,0,12292,Critical
1,0.14225206761978076,0,12290,Medium
1,0.10049045175210958,0,12289,Critical
1,0.018382127166493567,0,12281,Critical
1,0.09740772578846157,0,12278,Healthy
1,0.10720067426685514,0,12270,Healthy
1,0.16198367693191335,0,12262,Medium
1,0.14729914512845044,0,12258,Medium
1,0.16457690659524077,0,12258,Medium
1,0.14729914512845044,0,12258,Medium
1,0.16457690659524077,0,12258,Medium
1,0.11205525576561376,0,12242,Medium
1,0.13498302458506622,0,12240,Low
1,0.025707531221397795,0,12240,Low
1,0.12057504480686737,0,12230,Medium
1,0.11743036657166012,0,12230,Medium
1,0.1207366684823627,0,12230,Medium
1,0.11821821530345561,0,12230,Medium
1,0.12081751676351793,0,12230,Medium
1,0.10008749934965022,0,12221,Healthy
1,0.10542082416295828,0,12221,Healthy
1,0.10550597414014956,0,12221,Healthy
1,0.10542082416295828,0,12221,Healthy
1,0.10542082416295828,0,12221,Healthy
1,0.04590532710029682,0,12220,Medium
1,0.04590532710029682,0,12220,Medium
1,0.10561460762741925,0,12211,Critical
1,0.17813340676236505,0,12210,Critical
1,0.11174775342615934,0,12206,Medium
1,0.08845732881695523,0,12203,Low
1,0.13574894430434942,0,12202,Healthy
1,0.12078184809314174,0,12201,Critical
1,0.07467407821762634,0,12197,Low
1,0.06318740168275161,0,12197,Critical
1,0.07467407821762634,0,12197,Low
1,0.13410299376760848,0,12190,Critical
1,0.10332219087900585,0,12187,Low
-1,-2.495583275374802e-05,1,12187,Medium
1,0.0014284486086993953,0,12187,Low
1,0.1356957500044289,0,12184,Critical
1,0.13574894430434942,0,12184,Healthy
1,0.14000137095001852,0,12184,Low
1,0.14312412301128535,0,12184,Low
1,0.13584358407297642,0,12184,Low
1,0.1008199487324486,0,12179,Low
1,0.09358451482633606,0,12179,Healthy
1,0.1649899012774177,0,12178,Healthy
1,0.11684441433747311,0,12174,Critical
1,0.15121316277402153,0,12172,Low
1,0.1086236045870288,0,12156,Low
1,0.11432773814052533,0,12156,Low
1,0.10925188262792895,0,12156,Critical
1,0.15180095182864978,0,12153,Critical
1,0.042889187434284604,0,12147,Low
1,0.05063964774239915,0,12147,Low
1,0.04433641662715704,0,12147,Low
1,0.0440243361499979,0,12147,Low
1,0.17982970286127054,0,12145,Low
1,0.18905643477551765,0,12141,Low
1,0.1882708208301438,0,12141,Critical
1,0.14324966662143496,0,12138,Critical
1,0.13860183517380104,0,12138,Critical
-1,-0.009884387357609103,1,12135,Critical
1,0.007736637823678061,0,12135,Critical
1,0.007278354257089115,0,12135,Critical
1,0.17828531771166434,0,12134,Critical
1,0.18303449011254153,0,12133,Critical
1,0.13089245266797978,0,12133,Medium
1,0.1868875004181833,0,12129,Critical
1,0.11980610323149388,0,12129,Critical
1,0.010569374306700796,0,12118,Critical
1,0.11529592130798333,0,12114,Healthy
1,0.14003561694492794,0,12107,Healthy
1,0.11443762203277286,0,12093,Medium
1,0.16679153654823115,0,12092,Medium
1,0.18101031154147657,0,12092,Medium
1,0.16679153654823115,0,12092,Medium
1,0.18101031154147657,0,12092,Medium
1,0.1008199487324486,0,12075,Medium
1,0.17404723369796443,0,12074,Low
1,0.11315066407727986,0,12074,Low
1,0.17055493276218753,0,12073,Medium
1,0.16880322772240802,0,12073,Medium
1,0.17190306571526215,0,12073,Medium
1,0.16979028214287828,0,12073,Medium
1,0.17211188078055423,0,12073,Medium
1,0.03941584260501996,0,12056,Medium
1,0.03941584260501996,0,12056,Medium
1,0.09936768556319686,0,12055,Healthy
1,0.10401004610990366,0,12055,Healthy
1,0.10468923676889447,0,12055,Healthy
1,0.10411184310614457,0,12055,Healthy
1,0.10401001782749464,0,12055,Healthy
1,0.09237696783029398,0,12045,Critical
1,0.18323843003632562,0,12044,Critical
1,0.1310336513574244,0,12043,Medium
1,0.06318740168275161,0,12040,Low
1,0.08703681727267326,0,12037,Low
1,0.08703681727267326,0,12037,Low
1,0.07424238350725498,0,12037,Critical
1,0.1420027256816449,0,12036,Healthy
1,0.18163077627012453,0,12035,Critical
1,0.12335385585589637,0,12034,Critical
1,0.11695282481655361,0,12030,Low
1,0.10937354571464136,0,12030,Critical
1,0.12021947750519085,0,12030,Low
1,0.11093795622148372,0,12024,Low
1,0.05795568299487369,0,12023,Medium
1,0.055949983719306096,0,12019,Low
1,0.14115744608845088,0,12018,Low
1,0.1420027256816449,0,12018,Healthy
1,0.14928056974063092,0,12015,Low
1,0.12136478671068407,0,12014,Critical
1,0.10927300880129015,0,12010,Low
1,0.10182652056066477,0,12010,Healthy
1,0.16141716745556928,0,12008,Healthy
1,0.07386639577610538,0,11996,Critical
1,0.1556278532033213,0,11993,Low
1,0.15159356380430272,0,11993,Low
1,0.1522010371306099,0,11993,Critical
1,0.18306130508312302,0,11984,Critical
1,0.06051156058771062,0,11983,Low
1,0.06793892736999485,0,11983,Low
1,0.06179771470198736,0,11983,Low
1,0.061607680285797994,0,11983,Low
1,0.18177117573847706,0,11981,Critical
1,0.11871635479216136,0,11981,Critical
1,0.12461228360115889,0,11981,Critical
1,0.1835790573963163,0,11978,Low
1,0.10610005869947275,0,11975,Critical
1,0.19297214373122623,0,11975,Low
1,0.1369967243597105,0,11971,Critical
1,0.12552195797836524,0,11968,Critical
1,0.15309886259108235,0,11968,Critical
1,0.14455916744045572,0,11968,Critical
1,0.14211216543650596,0,11967,Critical
1,0.11261901272853536,0,11965,Critical
1,0.13642743646784156,0,11962,Medium
1,0.03277804351837865,0,11954,Critical
1,0.08077593110278214,0,11951,Healthy
1,0.09634666031427364,0,11937,Healthy
1,0.1487107320328115,0,11936,Medium
1,0.167609443996301,0,11926,Medium
1,0.18176914358449253,0,11926,Medium
1,0.167609443996301,0,11926,Medium
1,0.18146921415315792,0,11926,Medium
1,0.12792563647888622,0,11917,Low
1,0.19018315394643615,0,11907,Medium
1,0.1858809181107332,0,11907,Medium
1,0.19079156371600176,0,11907,Medium
1,0.18723700068386173,0,11907,Medium
1,0.19091452810780957,0,11907,Medium
1,0.10927300880129015,0,11906,Medium
1,0.04590532710029682,0,11902,Low
1,0.058874427330147694,0,11894,Critical
1,0.07757956413234868,0,11890,Medium
1,0.07757956413234868,0,11890,Medium
1,0.08245637085659324,0,11888,Healthy
1,0.0884351590737259,0,11888,Healthy
1,0.08913778309619796,0,11888,Healthy
1,0.0884351590737259,0,11888,Healthy
1,0.0884351590737259,0,11888,Healthy
1,0.15381361479001898,0,11887,Critical
1,0.07424238350725498,0,11880,Low
1,0.08085344029377312,0,11872,Medium
1,0.1390572353917155,0,11870,Critical
1,0.10445413019829114,0,11870,Medium
1,0.06969054845383094,0,11868,Low
1,0.06969054845383094,0,11868,Low
1,0.05767928654324084,0,11868,Critical
1,0.13705124426057197,0,11864,Low
1,0.1257729886759058,0,11864,Critical
1,0.13917504031246403,0,11864,Low
1,0.14551097377068034,0,11863,Critical
1,0.12636976163558256,0,11861,Low
1,0.13656661959701405,0,11857,Low
1,0.08068918224627925,0,11854,Low
1,0.08085344029377312,0,11854,Medium
1,0.04875056406406941,0,11853,Low
1,0.09339994292010495,0,11850,Medium
1,0.08702381209405607,0,11845,Healthy
1,0.09356893004454564,0,11845,Low
1,0.15080919102244233,0,11842,Healthy
1,0.09200814773424032,0,11841,Critical
1,0.1504993668095621,0,11839,Critical
1,0.14767293366050865,0,11830,Critical
1,0.1368735438346771,0,11826,Low
1,0.13740961705269666,0,11826,Low
1,0.13643267388341024,0,11826,Critical
1,0.14285568289175088,0,11820,Critical
1,0.14742792516577607,0,11820,Critical
1,0.1783766257729883,0,11818,Low
1,0.18898759220916017,0,11818,Critical
1,0.19809707288198186,0,11815,Low
1,0.03615729349682839,0,11813,Low
1,0.04341768378251176,0,11813,Low
1,0.037424190300479054,0,11813,Low
1,0.036539548122198506,0,11813,Low
1,0.1559333357008208,0,11809,Critical
1,0.12561895775054,0,11805,Critical
1,0.15145573040271237,0,11805,Critical
1,0.14607688130029345,0,11805,Critical
1,0.17336227494940737,0,11805,Critical
1,0.150074796796611,0,11802,Critical
1,0.11920900731210154,0,11801,Critical
1,0.16496346404383783,0,11790,Medium
1,0.03462928202498339,0,11786,Critical
1,0.1063090950028846,0,11782,Healthy
1,0.021918946568247777,0,11780,Healthy
1,0.1719321229633476,0,11773,Medium
1,0.17054686638668443,0,11756,Medium
1,0.18577227772169652,0,11756,Medium
1,0.17054686638668443,0,11756,Medium
1,0.18577227772169652,0,11756,Medium
1,0.18728688927482423,0,11753,Low
1,0.19172150412533662,0,11741,Medium
1,0.18675290007912904,0,11741,Medium
1,0.1918646369135772,0,11741,Medium
1,0.18817312460625024,0,11741,Medium
1,0.1920681489479436,0,11741,Medium
1,0.09356893004454564,0,11740,Medium
1,0.03941584260501996,0,11738,Low
1,0.054248819917670166,0,11734,Healthy
1,0.060192480471715715,0,11734,Healthy
1,0.06095334978952277,0,11734,Healthy
1,0.060192480471715715,0,11734,Healthy
1,0.060192480471715715,0,11734,Healthy
1,0.08703403082097744,0,11731,Critical
1,0.12193083455709758,0,11721,Medium
1,0.12193083455709758,0,11721,Medium
1,0.1834279532811613,0,11718,Critical
1,0.05767928654324084,0,11711,Low
1,0.09581644626858454,0,11707,Medium
1,0.09632819947906335,0,11705,Low
1,0.08665547893158204,0,11705,Critical
1,0.09632819947906335,0,11705,Low
1,0.0945008467342488,0,11703,Medium
1,0.15861709164978655,0,11701,Low
1,0.15026592759943352,0,11701,Critical
1,0.16163952846611918,0,11701,Low
1,0.12467722923008723,0,11700,Critical
1,0.11241769936635182,0,11698,Critical
1,0.14537083689482483,0,11695,Low
1,0.05571750922215063,0,11692,Critical
1,0.13439050946572684,0,11690,Medium
1,0.10758357921031586,0,11688,Low
1,0.028032718129141543,0,11687,Critical
1,0.09454350594352856,0,11685,Low
1,0.0945008467342488,0,11685,Medium
1,0.11225071694526223,0,11681,Healthy
1,0.0863996389492262,0,11680,Healthy
1,0.09203419307880584,0,11680,Low
1,0.16442019912882372,0,11679,Critical
1,0.1865093866381498,0,11667,Critical
1,0.14927203147462026,0,11663,Low
1,0.15164166861328765,0,11663,Low
1,0.1497913729141337,0,11663,Critical
1,0.17669784236176,0,11658,Low
1,0.1885958393421746,0,11655,Low
1,0.14146556747464123,0,11654,Critical
1,0.1467141651118492,0,11654,Critical
1,0.03657332406722369,0,11654,Low
1,0.042681437534741296,0,11654,Low
1,0.0387404293041288,0,11654,Low
1,0.0387404293041288,0,11654,Low
1,0.19301581317680933,0,11652,Critical
1,0.16585660993056917,0,11643,Critical
1,0.11309760220097143,0,11642,Critical
1,0.14434458595629918,0,11642,Critical
1,0.13443841142152607,0,11642,Critical
1,0.18007330730715176,0,11642,Critical
1,0.15901488509965123,0,11635,Critical
1,0.14584950536096886,0,11627,Critical
1,0.02166121617999006,0,11626,Critical
1,0.15976420461108293,0,11621,Medium
1,0.03151057382127154,0,11620,Healthy
1,0.14022294204056968,0,11619,Healthy
1,0.16680879128598858,0,11606,Medium
1,0.1762669324830194,0,11581,Low
1,0.12689264165157949,0,11578,Medium
1,0.14534317372661681,0,11578,Medium
1,0.12689264165157949,0,11578,Medium
1,0.14534317372661681,0,11578,Medium
1,0.09203419307880584,0,11575,Medium
1,0.18189699722554958,0,11574,Medium
1,0.17615161484785702,0,11574,Medium
1,0.18208211004639308,0,11574,Medium
1,0.17784523075694542,0,11574,Medium
1,0.18214700807195328,0,11574,Medium
1,0.07757956413234868,0,11572,Low
1,0.09366106226875892,0,11571,Critical
1,0.09508527528777705,0,11568,Healthy
1,0.10087454792854306,0,11568,Healthy
1,0.10087454792854306,0,11568,Healthy
1,0.10087454792854306,0,11568,Healthy
1,0.10087454792854306,0,11568,Healthy
1,0.16237781836734505,0,11564,Critical
1,0.1391126464134415,0,11548,Medium
1,0.1391126464134415,0,11548,Medium
1,0.08665547893158204,0,11548,Low
1,0.10737259221225953,0,11538,Low
1,0.09710365672500304,0,11538,Critical
1,0.10737259221225953,0,11538,Low
1,0.1580613043266647,0,11538,Low
1,0.15148093364205795,0,11538,Critical
1,0.16136544438180705,0,11538,Low
1,0.09872650819156864,0,11538,Medium
1,0.10364404869944327,0,11535,Critical
1,0.13172174998112857,0,11534,Medium
1,0.08656728901068056,0,11534,Critical
1,0.16619148215611135,0,11532,Low
1,0.11263610880531838,0,11525,Low
1,0.1206629089675646,0,11524,Medium
1,0.055017583150863913,0,11522,Low
1,0.04892510086569268,0,11522,Healthy
1,0.04562982180349673,0,11517,Critical
1,0.1380879285035188,0,11517,Critical
1,0.13068320843411246,0,11515,Healthy
1,0.13185356419392907,0,11515,Low
1,0.13172174998112857,0,11515,Medium
1,0.19670317186388364,0,11512,Critical
1,0.15808348641942283,0,11507,Critical
1,0.18278095557053253,0,11498,Low
1,0.13032887018914757,0,11497,Critical
1,0.1364595393144885,0,11497,Critical
1,0.1767565643342936,0,11495,Critical
1,0.14154263957912205,0,11495,Low
1,0.11131843225965543,0,11491,Low
1,0.10914074301124754,0,11491,Critical
1,0.10923289514791484,0,11491,Low
1,0.044949995332751014,0,11488,Low
1,0.053201442284763645,0,11488,Low
1,0.047065106324988615,0,11488,Low
1,0.046410411946807506,0,11488,Low
1,0.09868276417083471,0,11482,Critical
1,0.12666983971420542,0,11482,Critical
1,0.12139685530112337,0,11482,Critical
1,0.177435908319255,0,11482,Critical
1,0.16136248220158145,0,11480,Critical
1,0.1441465424265606,0,11478,Critical
1,0.10049045175210958,0,11466,Critical
1,0.025217506806699652,0,11462,Critical
1,0.1570270867070488,0,11457,Healthy
1,0.15224296961624995,0,11452,Medium
1,0.09634666031427364,0,11449,Healthy
1,0.17778388829263309,0,11443,Medium
1,0.055017583150863913,0,11418,Medium
1,0.0829985617511857,0,11414,Critical
1,0.18115013830163573,0,11412,Low
1,0.18482142187765488,0,11411,Medium
1,0.1778393933246319,0,11411,Medium
1,0.1847835449097177,0,11411,Medium
1,0.18014338350098813,0,11411,Medium
1,0.18507076344901424,0,11411,Medium
1,0.12269804641799087,0,11408,Healthy
1,0.12654083648117964,0,11408,Healthy
1,0.12679493540504538,0,11408,Healthy
1,0.12654083648117964,0,11408,Healthy
1,0.12654083648117964,0,11408,Healthy
1,0.15620548684262298,0,11405,Medium
1,0.17271005242206655,0,11405,Medium
1,0.15620548684262298,0,11405,Medium
1,0.17271005242206655,0,11405,Medium
1,0.17935965463533005,0,11404,Critical
1,0.12193083455709758,0,11403,Low
1,0.12050764077767584,0,11385,Medium
1,0.12050764077767584,0,11385,Medium
1,0.09695855714954305,0,11381,Low
1,0.05917406544185505,0,11379,Critical
1,0.1363889517649084,0,11375,Low
1,0.12560927268659827,0,11375,Critical
1,0.1363889517649084,0,11375,Low
1,0.1485548582114959,0,11372,Low
1,0.13992986588729117,0,11372,Critical
1,0.15241566861528555,0,11372,Low
1,0.12972876273932288,0,11371,Medium
1,0.16557958395466738,0,11369,Low
1,0.08444287935739148,0,11367,Medium
1,0.10740236321928365,0,11365,Critical
1,0.13584358407297642,0,11364,Low
1,0.052657514030235886,0,11363,Healthy
1,0.05969939912468891,0,11363,Low
1,0.11698628992791565,0,11360,Medium
1,0.06304693134296774,0,11353,Critical
1,0.11271234181259565,0,11352,Healthy
1,0.190613011658273,0,11352,Critical
1,0.08444287935739148,0,11349,Medium
1,0.08454908881512829,0,11349,Low
1,0.1616495213781836,0,11344,Critical
1,0.1636269888294965,0,11344,Critical
1,0.17620205544125755,0,11335,Critical
1,0.14298218984015887,0,11334,Critical
1,0.14951767431803514,0,11334,Critical
1,0.18942146582603997,0,11332,Low
1,0.17640791948627704,0,11329,Low
1,0.1185072358549602,0,11328,Critical
1,0.1548250960843941,0,11328,Low
1,0.15980523083314296,0,11328,Low
1,0.15536763150706695,0,11328,Critical
1,0.07879659234358333,0,11325,Critical
1,0.10813569435345693,0,11325,Critical
1,0.101225947710267,0,11325,Critical
1,0.048193951163342796,0,11324,Low
1,0.056991578833283096,0,11324,Low
1,0.05040310998996034,0,11324,Low
1,0.04896329122202758,0,11324,Low
1,0.15470894551230807,0,11316,Critical
1,0.11980610323149388,0,11306,Critical
1,0.14004762522840863,0,11306,Critical
1,0.01143395070832276,0,11297,Critical
1,0.021798610618553926,0,11292,Healthy
1,0.15620191609992679,0,11285,Healthy
1,0.17271087667225393,0,11283,Medium
1,0.14991579904570324,0,11280,Medium
1,0.05969939912468891,0,11259,Medium
1,0.1866745717563803,0,11251,Low
1,0.09107309779516853,0,11248,Critical
1,0.17258648668107923,0,11247,Critical
1,0.19322089588454783,0,11245,Medium
1,0.18820128168269323,0,11245,Medium
1,0.18764933686774637,0,11245,Medium
1,0.18949441529920596,0,11245,Medium
1,0.1936648687076154,0,11245,Medium
1,0.13432272331517786,0,11239,Medium
1,0.14990136773881907,0,11239,Medium
1,0.13432272331517786,0,11239,Medium
1,0.14990136773881907,0,11239,Medium
1,0.1323298102847928,0,11233,Healthy
1,0.13818841698210305,0,11233,Healthy
1,0.13807478556525077,0,11233,Healthy
1,0.13818841698210305,0,11233,Healthy
1,0.13794107220184565,0,11233,Healthy
1,0.1391126464134415,0,11230,Low
1,0.13896928673182962,0,11222,Medium
1,0.13896928673182962,0,11222,Medium
1,0.12560927268659827,0,11218,Low
1,0.0889876048070028,0,11215,Critical
1,0.12554949462999065,0,11211,Low
1,0.11818639380712426,0,11211,Critical
1,0.12957104442590528,0,11211,Low
1,0.11002187352037923,0,11211,Medium
1,0.12135262595475371,0,11210,Low
1,0.11218990123237088,0,11210,Critical
1,0.12135262595475371,0,11210,Low
1,0.07127082517986139,0,11207,Medium
1,0.1566454688359395,0,11202,Low
1,0.14051133631883977,0,11199,Critical
1,0.1420027256816449,0,11198,Low
1,0.10516132317773885,0,11197,Low
1,0.11989131268135678,0,11194,Healthy
1,0.12926044312943585,0,11194,Low
1,0.07159829072410817,0,11189,Medium
1,0.0710200276801089,0,11189,Low
1,0.1436122755359474,0,11185,Healthy
1,0.03910499240137477,0,11183,Critical
1,0.14223308100438448,0,11180,Critical
1,0.162734816917455,0,11177,Critical
1,0.1741680537845966,0,11172,Critical
1,0.14025827248209444,0,11172,Critical
1,0.10751476839503199,0,11171,Critical
1,0.11890908919052928,0,11171,Critical
1,0.1588758521069638,0,11169,Low
1,0.19312319007322837,0,11165,Low
1,0.15291354351571845,0,11165,Critical
1,0.15176252380711674,0,11161,Low
1,0.15537259500504413,0,11161,Low
1,0.1528103397795697,0,11161,Critical
1,0.1392426872315925,0,11159,Critical
1,0.17976515739698357,0,11159,Critical
1,0.16346597052043088,0,11159,Critical
1,0.11461968547971857,0,11156,Critical
1,0.03780881300593286,0,11156,Low
1,0.045929179006165444,0,11156,Low
1,0.03843306855340811,0,11156,Low
1,0.03843306855340811,0,11156,Low
1,0.10610005869947275,0,11152,Critical
1,0.12640673461278856,0,11136,Critical
1,0.0038843140179878333,0,11135,Critical
1,0.031976081864234285,0,11131,Healthy
1,0.16807215890730387,0,11123,Medium
1,0.1570270867070488,0,11121,Healthy
1,0.16351917737404054,0,11111,Medium
1,0.055488420763380786,0,11110,Healthy
1,0.12926044312943585,0,11089,Low
1,0.09134219193323045,0,11085,Critical
1,0.19355886893918473,0,11082,Medium
1,0.18925845480147802,0,11082,Medium
1,0.19363977506764307,0,11082,Medium
1,0.1906514219966267,0,11082,Medium
1,0.1942704221843879,0,11082,Medium
1,0.18463850903516416,0,11082,Low
1,0.18460168655005849,0,11080,Critical
1,0.17717501322080265,0,11076,Medium
1,0.17717501322080265,0,11076,Medium
1,0.17717501322080265,0,11076,Medium
1,0.18751827792298797,0,11076,Medium
1,0.12050764077767584,0,11067,Low
1,0.1314851008206579,0,11057,Healthy
1,0.13744711181688873,0,11057,Healthy
1,0.13733327851388266,0,11057,Healthy
1,0.13744711181688873,0,11057,Healthy
1,0.13744711181688873,0,11057,Healthy
1,0.11218990123237088,0,11053,Low
1,0.1071202650506703,0,11052,Critical
1,0.023389513718889643,0,11047,Medium
1,0.11406970623437879,0,11047,Medium
1,0.11406970623437879,0,11047,Medium
1,0.054894430854959264,0,11045,Critical
1,0.17460676780582984,0,11045,Low
1,0.16137941240992892,0,11045,Critical
1,0.17920495372673367,0,11045,Low
1,0.09285146918274167,0,11043,Low
1,0.09285146918274167,0,11043,Low
1,0.08404044825130413,0,11043,Critical
1,0.13604581502112711,0,11042,Low
1,0.10944422769427553,0,11039,Medium
1,0.11862556663715473,0,11039,Critical
1,0.08085344029377312,0,11035,Low
1,0.11734751675362093,0,11034,Low
1,0.11493441353351813,0,11030,Healthy
1,0.12317818689527349,0,11030,Low
1,0.022532673422865135,0,11029,Low
1,0.022906492164005088,0,11029,Medium
1,0.03884445267305381,0,11023,Critical
1,0.14166643618204477,0,11019,Healthy
1,0.15636165230915328,0,11017,Critical
1,0.1383291061047473,0,11011,Critical
1,0.14515472430558574,0,11011,Critical
1,0.1765652840032756,0,11011,Critical
1,0.17811539100092455,0,11008,Low
1,0.13515498184698005,0,11008,Critical
1,0.17496234264545885,0,11005,Critical
1,0.14705137530025914,0,11002,Critical
1,0.13010928410258266,0,10999,Low
1,0.012962267404449834,0,10998,Low
1,0.018099159686614574,0,10998,Low
1,0.0135765263917218,0,10998,Low
1,0.01332917037802217,0,10998,Low
1,0.1331445101946977,0,10989,Low
1,0.12821878483586496,0,10989,Low
1,0.12892955571006331,0,10989,Critical
1,0.1208337542678754,0,10988,Critical
1,0.16247706116943844,0,10988,Critical
1,0.14348976937557378,0,10988,Critical
1,0.1559333357008208,0,10986,Critical
-1,-0.0030904742905255578,1,10975,Critical
1,0.15399856787496957,0,10970,Critical
1,0.1570270867070488,0,10968,Healthy
1,0.15655780558807358,0,10966,Medium
1,0.15620191609992679,0,10949,Healthy
1,0.15775866201944572,0,10945,Medium
1,0.14409606259844915,0,10944,Healthy
1,0.06301208239727651,0,10931,Critical
1,0.12317818689527349,0,10926,Low
1,0.19426395918560602,0,10922,Medium
1,0.18762479141211214,0,10922,Medium
1,0.19426395918560602,0,10922,Medium
1,0.1888387319333254,0,10922,Medium
1,0.19489588700621896,0,10922,Medium
1,0.18947035911210458,0,10921,Low
1,0.1887989262452115,0,10911,Critical
1,0.17430891172407642,0,10910,Low
1,0.17430891172407642,0,10910,Low
1,0.17430891172407642,0,10910,Low
1,0.18318408259426205,0,10910,Low
1,0.13880984574864141,0,10904,Low
1,0.1310604069679237,0,10900,Healthy
1,0.1373151887125813,0,10900,Healthy
1,0.1373151887125813,0,10900,Healthy
1,0.1373151887125813,0,10900,Healthy
1,0.13720732601336255,0,10900,Healthy
1,0.1085732059806746,0,10889,Critical
1,0.12460132492803905,0,10886,Critical
1,0.08404044825130413,0,10886,Low
1,0.12130885825151821,0,10886,Low
1,0.1257293030358218,0,10886,Low
1,0.09417554041358073,0,10883,Medium
1,0.14575238161223047,0,10883,Low
1,0.1458749724591752,0,10883,Low
1,0.13634927577696487,0,10883,Critical
1,0.16992161149978918,0,10883,Medium
1,0.16992161149978918,0,10883,Medium
1,0.1528174358128192,0,10879,Critical
1,0.18064498484267716,0,10875,Low
1,0.12771999091097935,0,10872,Medium
1,0.12947202073257852,0,10867,Low
1,0.11625254618372749,0,10866,Critical
1,0.09388494388177082,0,10865,Low
1,0.09426208250012452,0,10865,Low
1,0.09417554041358073,0,10865,Medium
1,0.12367012283706597,0,10860,Critical
1,0.13251217340241256,0,10858,Critical
1,0.1247068883164073,0,10858,Healthy
1,0.047760005083193,0,10857,Critical
1,0.1633540805035773,0,10857,Critical
1,0.13938222017058266,0,10851,Critical
1,0.14657899347383602,0,10851,Critical
1,0.17729327570510728,0,10848,Low
1,0.15653147831632425,0,10848,Critical
1,0.14301034357920184,0,10847,Healthy
1,0.15788367851624807,0,10845,Critical
1,0.04103474452906086,0,10836,Critical
1,0.03580453150444951,0,10836,Critical
1,0.069395292444009,0,10836,Critical
1,0.17149144843849745,0,10836,Critical
-1,-0.0067404855260245755,1,10833,Low
1,0.00035330837448421804,0,10833,Low
-1,-0.005000549602913962,1,10833,Low
-1,-0.005000549602913962,1,10833,Low
1,0.1775647531884974,0,10830,Low
1,0.11724741794943838,0,10819,Low
1,0.12251468601213755,0,10819,Low
1,0.11754339363236971,0,10819,Critical
1,0.16585660993056917,0,10819,Critical
1,0.009941691232796313,0,10816,Critical
1,0.13567730728482758,0,10807,Critical
1,0.141561107954089,0,10800,Medium
1,0.15620191609992679,0,10796,Healthy
1,0.18736584984405474,0,10782,Medium
1,0.12466563308089562,0,10774,Medium
1,0.055488420763380786,0,10774,Healthy
1,0.03404598230038769,0,10760,Critical
1,0.19041667830723003,0,10755,Medium
1,0.1822491866546087,0,10755,Medium
1,0.1906816397710741,0,10755,Medium
1,0.1831007448435138,0,10755,Medium
1,0.19088481639751886,0,10755,Medium
1,0.17871625913583306,0,10755,Low
1,0.13251217340241256,0,10754,Low
1,0.17460716370728768,0,10750,Low
1,0.17460716370728768,0,10750,Low
1,0.17460716370728768,0,10750,Low
1,0.18370119212059116,0,10750,Low
1,0.17074167681890107,0,10745,Critical
1,0.1643859343745565,0,10734,Healthy
1,0.17003924776794693,0,10734,Healthy
1,0.17018502096719235,0,10734,Healthy
1,0.17003924776794693,0,10734,Healthy
1,0.17003924776794693,0,10734,Healthy
1,0.11406970623437879,0,10729,Low
1,0.10235472829450398,0,10726,Medium
1,0.13604601926263227,0,10726,Low
1,0.11199485800220188,0,10726,Medium
1,0.11342765615841455,0,10726,Medium
1,0.10453435706767944,0,10726,Healthy
1,0.10444740510732498,0,10726,Healthy
1,0.1061189450214493,0,10725,Critical
1,0.15161352301407838,0,10719,Low
1,0.14467134520529334,0,10719,Critical
1,0.15161352301407838,0,10719,Critical
1,0.14057015038936038,0,10719,Critical
1,0.12130885825151821,0,10717,Low
1,0.14921685382014782,0,10717,Low
1,0.15352558458650084,0,10717,Critical
1,0.15283692519387548,0,10717,Low
1,0.11890249710137535,0,10706,Medium
1,0.13000445484221534,0,10704,Low
1,0.1254020156161474,0,10703,Critical
1,0.13825950123365843,0,10700,Critical
1,0.17287735967532386,0,10699,Low
1,0.18048518461412277,0,10699,Low
1,0.17287735967532386,0,10699,Medium
1,0.15899682986722907,0,10697,Critical
1,0.13701972658113815,0,10695,Healthy
1,0.1447811009477285,0,10695,Critical
1,0.05198926860379871,0,10694,Critical
1,0.1454893703256972,0,10687,Critical
1,0.1516199953378261,0,10687,Critical
1,0.14155164951627836,0,10685,Low
1,0.15737095298646903,0,10681,Critical
1,0.167748698182834,0,10681,Healthy
1,0.11382228803357841,0,10679,Critical
1,0.10669834639525166,0,10679,Critical
1,0.1480087508297493,0,10679,Critical
1,0.12991678560055459,0,10676,Critical
1,0.014183706826370601,0,10675,Low
1,0.023918279322529212,0,10675,Low
1,0.01621555258837437,0,10675,Low
1,0.015250093159600464,0,10675,Low
1,0.14975072220590147,0,10664,Critical
1,0.12423033789509164,0,10664,Low
-1,-0.01937796863154806,1,10658,Critical
1,0.16136248220158145,0,10656,Critical
1,0.15631425692600331,0,10656,Low
1,0.15631425692600331,0,10656,Critical
1,0.16030394641448037,0,10656,Low
1,0.128456297279409,0,10650,Critical
1,0.1362772023377477,0,10646,Medium
1,0.055488420763380786,0,10621,Healthy
1,0.11483560114295288,0,10618,Medium
1,0.13071793897103084,0,10614,Medium
1,0.14400328421105701,0,10608,Healthy
1,0.04333005455647154,0,10602,Critical
1,0.19615401171773622,0,10592,Medium
1,0.19147052786776125,0,10592,Medium
1,0.19578617761052175,0,10592,Medium
1,0.19210604095375322,0,10592,Medium
1,0.19666314301183935,0,10592,Medium
1,0.1848682202226582,0,10592,Low
1,0.1447811009477285,0,10590,Low
1,0.1551881789030024,0,10586,Low
1,0.15420723366152644,0,10586,Low
1,0.1551881789030024,0,10586,Low
1,0.16207123606834034,0,10586,Low
1,0.12271003431380179,0,10575,Critical
1,0.17311999545942358,0,10569,Medium
1,0.18434458865704745,0,10569,Low
1,0.18467382020882428,0,10569,Low
1,0.17666779487833534,0,10569,Healthy
1,0.1754842071224641,0,10569,Healthy
1,0.1577731939906386,0,10568,Healthy
1,0.16269247616646948,0,10568,Healthy
1,0.16284102825660757,0,10568,Healthy
1,0.16269247616646948,0,10568,Healthy
1,0.16269247616646948,0,10568,Healthy
1,0.16992161149978918,0,10565,Low
1,0.13739360973237608,0,10562,Low
1,0.12614411464200975,0,10562,Critical
1,0.13739360973237608,0,10562,Critical
1,0.14057015038936038,0,10562,Low
1,0.10165299588219973,0,10562,Critical
1,0.10999518469403347,0,10560,Low
1,0.10999518469403347,0,10560,Low
1,0.114642971698931,0,10560,Critical
1,0.11540173598620268,0,10560,Low
1,0.14995620342630872,0,10556,Critical
1,0.12203576638932223,0,10546,Medium
1,0.18802242979730127,0,10543,Critical
1,0.13263299459330302,0,10535,Low
1,0.128313636518748,0,10534,Critical
1,0.11202424604935973,0,10534,Critical
1,0.11848145867355075,0,10534,Critical
1,0.028242289243244234,0,10533,Low
1,0.01868680070162121,0,10533,Low
1,0.01868680070162121,0,10533,Medium
1,0.10107561111450519,0,10531,Healthy
1,0.1088955741417571,0,10531,Critical
1,0.1486822247251885,0,10531,Critical
1,0.040965004162987095,0,10526,Critical
1,0.1470629123403745,0,10524,Critical
1,0.11226653811955462,0,10522,Critical
1,0.10688564418271917,0,10522,Critical
1,0.1474097550403889,0,10522,Critical
1,0.17647529112434784,0,10519,Low
1,0.16507541323788544,0,10514,Healthy
1,0.037757434686449876,0,10511,Low
1,0.051036317626267036,0,10511,Low
1,0.0410188756594323,0,10511,Low
1,0.041134877375125445,0,10511,Low
1,0.17634099937090897,0,10507,Critical
1,0.15318027772985288,0,10504,Low
1,0.18116892992963263,0,10501,Critical
1,0.15470894551230807,0,10493,Critical
1,0.15705573637812936,0,10493,Low
1,0.16210862793762948,0,10493,Critical
1,0.15729532330584328,0,10493,Critical
1,0.10572783412201986,0,10491,Critical
1,0.12977458559476918,0,10484,Critical
1,0.16759082073514758,0,10479,Medium
1,0.14400328421105701,0,10455,Healthy
1,0.15625278968641387,0,10455,Medium
1,0.11285698576054004,0,10442,Medium
1,0.12466563308089562,0,10439,Healthy
1,0.1609603700240771,0,10429,Low
1,0.1609603700240771,0,10429,Low
1,0.1609603700240771,0,10429,Low
1,0.17199659668566047,0,10429,Low
1,0.04118621011998158,0,10428,Critical
1,0.1088955741417571,0,10427,Low
1,0.19317941864556026,0,10425,Low
1,0.19086376286920637,0,10423,Medium
1,0.18271199560865192,0,10423,Medium
1,0.19065610500176272,0,10423,Medium
1,0.18364770211611164,0,10423,Medium
1,0.19141734862607385,0,10423,Medium
1,0.05958290025188118,0,10412,Critical
1,0.1828839391631138,0,10409,Medium
1,0.18568585003548077,0,10409,Healthy
1,0.18465126158622408,0,10409,Healthy
1,0.19554242260260302,0,10409,Low
1,0.19504470976498955,0,10409,Low
1,0.11391191194052924,0,10408,Low
1,0.12033911716437257,0,10407,Low
1,0.10581521935628002,0,10407,Low
1,0.10581521935628002,0,10407,Critical
1,0.0981066347672292,0,10407,Critical
1,0.0981066347672292,0,10407,Critical
1,0.08077194017382872,0,10403,Low
1,0.08496073751033506,0,10403,Critical
1,0.08077194017382872,0,10403,Low
1,0.08625679720384738,0,10403,Low
1,0.14672004075566814,0,10398,Medium
1,0.15220547579578592,0,10398,Medium
1,0.15242571672279948,0,10398,Medium
1,0.15220547579578592,0,10398,Medium
1,0.15205289932258603,0,10398,Medium
1,0.1579143294386881,0,10393,Critical
1,0.1728122160719367,0,10373,Critical
1,0.1330024567316242,0,10373,Critical
1,0.1289056335589276,0,10373,Critical
1,0.13471746922752104,0,10373,Critical
1,0.13977771625630797,0,10372,Low
1,0.15460084017757053,0,10371,Critical
1,0.09284911171795174,0,10370,Medium
1,0.015144774230381186,0,10368,Critical
1,0.11044384114150452,0,10368,Critical
1,0.10289456371592304,0,10368,Critical
1,0.14263636843552513,0,10368,Critical
1,0.129856460856292,0,10365,Healthy
1,0.13742198330273042,0,10365,Critical
1,0.02526619325062507,0,10363,Low
1,0.035395760439978274,0,10363,Low
1,0.02526619325062507,0,10363,Medium
1,0.15852518044249708,0,10361,Critical
1,0.158698829338617,0,10359,Low
1,0.17410026744386736,0,10351,Medium
-1,-0.0072925782029692465,1,10347,Low
1,0.0033312376024278167,0,10347,Low
-1,-0.005259922220982927,1,10347,Low
-1,-0.00551288326166377,1,10347,Low
1,0.1227124127985989,0,10340,Critical
1,0.16432948505190076,0,10337,Critical
1,0.14494519201932643,0,10334,Low
1,0.11461968547971857,0,10333,Critical
1,0.14765317420952645,0,10322,Medium
1,0.1775431268722697,0,10319,Critical
1,0.14099025752404953,0,10318,Critical
1,0.11966233348851829,0,10317,Critical
1,0.12156107316519044,0,10317,Critical
1,0.11938124135165151,0,10317,Critical
1,0.1601044298489177,0,10291,Medium
1,0.12466563308089562,0,10286,Medium
1,0.1067013318251096,0,10283,Medium
1,0.131339407956784,0,10279,Healthy
1,0.04322409410858119,0,10274,Critical
1,0.17671153072350865,0,10266,Low
1,0.17346862476558883,0,10266,Low
1,0.1767711434791867,0,10266,Low
1,0.1743966883019737,0,10266,Low
1,0.17739918151852252,0,10266,Low
1,0.1725996069405596,0,10263,Low
1,0.17278598979965798,0,10263,Low
1,0.17264064746995017,0,10263,Low
1,0.17916083899863705,0,10263,Low
1,0.13742198330273042,0,10261,Low
1,0.1667400230893457,0,10258,Low
1,0.18411178818096569,0,10251,Low
1,0.12923397232678302,0,10249,Low
1,0.12923397232678302,0,10249,Low
1,0.13415298373105933,0,10249,Critical
1,0.13473223040190546,0,10249,Low
1,0.18785757443530315,0,10246,Medium
1,0.1999595542083496,0,10246,Low
1,0.19963153885977308,0,10246,Low
1,0.1902552694248414,0,10246,Healthy
1,0.18880656512319605,0,10246,Healthy
1,0.07455722185522545,0,10243,Critical
1,0.15919143662891444,0,10236,Critical
1,0.16378467747475128,0,10235,Low
1,0.1532861587763089,0,10235,Critical
1,0.1402980169780167,0,10235,Critical
1,0.15316578629005628,0,10235,Low
1,0.1402980169780167,0,10235,Critical
1,0.12256490961667194,0,10226,Medium
1,0.12822055088690776,0,10226,Medium
1,0.12760124700511766,0,10226,Medium
1,0.12822055088690776,0,10226,Medium
1,0.12822055088690776,0,10226,Medium
1,0.054894430854959264,0,10222,Critical
1,0.14076613276135402,0,10213,Critical
1,0.14637981217028234,0,10213,Critical
1,0.12608283928289316,0,10211,Low
1,0.15104998336869474,0,10211,Critical
1,0.17622493800250372,0,10210,Critical
1,0.11948595234763759,0,10208,Healthy
1,0.12574835861836614,0,10208,Critical
1,0.12345558582149757,0,10207,Medium
1,0.13774965536335382,0,10207,Critical
-1,-0.0034858781213934487,1,10202,Critical
1,0.13379791773974598,0,10198,Critical
1,0.12594186082398207,0,10198,Critical
1,0.16846164051367246,0,10198,Critical
1,0.10495127252453595,0,10198,Critical
1,0.07556526292758697,0,10197,Low
1,0.06474655570031301,0,10197,Low
1,0.0648572067448594,0,10197,Medium
1,0.1303286017036855,0,10190,Low
1,0.0328906534591592,0,10186,Low
1,0.04256095610876642,0,10186,Low
1,0.03570012889221974,0,10186,Low
1,0.03443805183158799,0,10186,Low
1,0.17461943264957658,0,10185,Medium
1,0.08652907491578465,0,10183,Critical
1,0.15108339858562642,0,10180,Critical
1,0.13439153214970617,0,10177,Low
1,0.1442282556490993,0,10165,Medium
1,0.14322297321915578,0,10157,Critical
1,0.14117668101762793,0,10157,Critical
1,0.14322297321915578,0,10157,Critical
1,0.17528352784321433,0,10150,Critical
1,0.12231666698188493,0,10148,Critical
1,0.11618775390566966,0,10131,Medium
1,0.131339407956784,0,10126,Medium
1,0.1509564443800533,0,10120,Medium
1,0.08033703433630213,0,10114,Critical
1,0.11285698576054004,0,10107,Healthy
1,0.18634803606290679,0,10106,Low
1,0.1810596486977758,0,10106,Low
1,0.1863228968016245,0,10106,Low
1,0.18146925213817988,0,10106,Low
1,0.1870768981079704,0,10106,Low
1,0.12574835861836614,0,10103,Low
1,0.17766330131539482,0,10100,Low
1,0.17744130083723703,0,10100,Low
1,0.17766330131539482,0,10100,Low
1,0.18627006653254763,0,10100,Low
1,0.19534398408892645,0,10091,Low
-1,-0.03331972285805729,1,10090,Low
1,0.1690957190781216,0,10083,Low
1,0.17417797628394105,0,10083,Critical
1,0.17373527008924916,0,10083,Low
1,0.16925377176305723,0,10083,Low
1,0.18458117001377716,0,10082,Low
1,0.18406537939435424,0,10082,Low
1,0.16913202198024496,0,10082,Medium
1,0.1741492685528997,0,10082,Healthy
1,0.17232046165195125,0,10082,Healthy
1,0.16227007628481377,0,10079,Critical
1,0.07935822504717543,0,10076,Critical
1,0.1529257826722325,0,10075,Critical
1,0.13931625064823094,0,10075,Critical
1,0.16140786072614716,0,10075,Low
1,0.1529257826722325,0,10075,Low
1,0.13931625064823094,0,10075,Critical
1,0.14452122778735993,0,10060,Medium
1,0.14896729446613088,0,10060,Medium
1,0.14906991702154437,0,10060,Medium
1,0.14896729446613088,0,10060,Medium
1,0.14896729446613088,0,10060,Medium
1,0.1528174358128192,0,10056,Critical
1,0.14407914580262926,0,10053,Critical
1,0.1497394795898921,0,10053,Critical
1,0.15460758636364647,0,10051,Critical
1,0.1490622283055058,0,10047,Critical
1,0.018400741636955376,0,10045,Critical
1,0.11169361574875036,0,10042,Low
1,0.16198069581338137,0,10041,Medium
1,0.13972121261014653,0,10038,Critical
1,0.13060110334386826,0,10038,Healthy
1,0.17233642981739927,0,10038,Critical
1,0.14511528600551216,0,10035,Critical
1,0.13797511695184916,0,10035,Critical
1,0.18122522229857813,0,10035,Critical
1,0.13624038862292065,0,10035,Critical
1,0.03465817937215099,0,10022,Low
1,0.046138585973496626,0,10022,Low
1,0.03653416944181864,0,10022,Low
1,0.03515210035627159,0,10022,Low
1,0.17761790910708897,0,10020,Low
-1,-0.012873780111832711,1,10019,Low
-1,-0.004033996783933791,1,10019,Low
1,0.168695530583709,0,10019,Medium
-1,-0.012873780111832711,1,10019,Medium
1,0.1334677654156743,0,10017,Critical
1,0.1275664582747782,0,10014,Critical
1,0.1455577291526674,0,10011,Critical
1,0.15667464019088168,0,10005,Medium
1,0.15439278729682832,0,9991,Critical
1,0.15483035186465333,0,9991,Critical
1,0.1549806019433237,0,9991,Critical
1,0.17131343344890199,0,9987,Critical
1,0.13901009318701585,0,9979,Critical
1,0.16768178906998782,0,9974,Medium
1,0.11285698576054004,0,9954,Medium
1,0.0591247611070147,0,9951,Critical
1,0.032185341386895105,0,9948,Medium
1,0.1067013318251096,0,9947,Healthy
1,0.16028694448512554,0,9937,Low
1,0.1592348996696778,0,9937,Low
1,0.16028694448512554,0,9937,Low
1,0.1685178242026374,0,9937,Low
1,0.18936175701830443,0,9937,Low
1,0.18345397383335088,0,9937,Low
1,0.18891432149929593,0,9937,Low
1,0.18438544229086457,0,9937,Low
1,0.19042625916764622,0,9937,Low
1,0.13972121261014653,0,9934,Low
1,0.19980679683093738,0,9928,Low
1,0.02681913153246218,0,9926,Low
1,0.1829331491676286,0,9920,Low
1,0.1832395662394412,0,9920,Low
1,0.18745907282383972,0,9920,Critical
1,0.18683666335191534,0,9920,Low
1,0.1670787309180039,0,9918,Medium
1,0.18334666285722218,0,9918,Low
1,0.18317423343163974,0,9918,Low
1,0.1723164253683196,0,9918,Healthy
1,0.1703506793980365,0,9918,Healthy
1,0.16994637698343912,0,9912,Critical
1,0.17517324061858297,0,9912,Low
1,0.15216919952398716,0,9912,Critical
1,0.15216919952398716,0,9912,Critical
1,0.16662055076785903,0,9912,Critical
1,0.16662055076785903,0,9912,Low
1,0.053263991070894745,0,9904,Critical
1,0.14467134520529334,0,9896,Critical
1,0.1397454136964883,0,9894,Critical
1,0.1387491219255595,0,9890,Medium
1,0.14254014078212823,0,9890,Medium
1,0.1430102717157864,0,9890,Medium
1,0.14254014078212823,0,9890,Medium
1,0.14254014078212823,0,9890,Medium
1,0.13245166948530962,0,9890,Critical
1,0.13839041398447072,0,9890,Critical
1,0.14786845882824673,0,9890,Critical
1,0.04437356686030791,0,9881,Critical
1,0.13093216037278815,0,9879,Low
1,0.16486335923558293,0,9877,Medium
1,0.18235196075531063,0,9874,Critical
1,0.1384242958773576,0,9872,Critical
1,0.1311124332896219,0,9872,Healthy
1,0.17843062936059378,0,9869,Critical
1,0.14398451821373515,0,9869,Critical
1,0.1360346004070675,0,9869,Critical
1,0.1733988956208009,0,9868,Critical
1,0.0956231078257922,0,9866,Critical
1,0.03702952778229951,0,9856,Critical
1,0.05075113736060932,0,9856,Critical
1,0.037871492045495,0,9856,Critical
1,0.03749697494412485,0,9856,Critical
1,0.17353663085878968,0,9855,Medium
1,0.1236467049032679,0,9854,Low
1,0.13518882034164392,0,9854,Critical
1,0.0741765457647035,0,9846,Low
1,0.08370550519366693,0,9846,Low
1,0.0741765457647035,0,9846,Medium
1,0.09503434459489685,0,9845,Critical
1,0.11280712979717789,0,9830,Medium
1,0.13247330752370606,0,9819,Critical
1,0.13119739230352162,0,9819,Critical
1,0.13181920516528506,0,9819,Critical
1,0.13404494238575865,0,9816,Critical
1,0.15479225387758594,0,9811,Critical
1,0.18537478209412273,0,9808,Medium
1,0.1067013318251096,0,9794,Medium
1,0.09783895378663515,0,9784,Critical
1,0.1509564443800533,0,9784,Healthy
1,0.14314511423475063,0,9776,Low
1,0.1485049812958223,0,9776,Low
1,0.1463848584123908,0,9776,Low
1,0.13670899197824998,0,9776,Low
1,0.1485049812958223,0,9776,Low
1,0.17671681106386877,0,9774,Low
1,0.17671681106386877,0,9774,Low
1,0.17671681106386877,0,9774,Low
1,0.18242756351831668,0,9774,Low
1,0.08969340872455839,0,9771,Medium
1,0.1384242958773576,0,9768,Low
1,0.1840752158580914,0,9764,Low
1,0.16029331661069357,0,9759,Low
1,0.16029331661069357,0,9759,Low
1,0.16587066968548203,0,9759,Critical
1,0.1643331007087933,0,9759,Low
1,0.1737234793464777,0,9758,Healthy
1,0.17216971466231284,0,9758,Healthy
1,0.026194670012250065,0,9758,Low
1,0.16813883812711444,0,9758,Medium
1,0.18496122377335972,0,9758,Low
1,0.1850887542449447,0,9758,Low
1,0.16231830770454253,0,9751,Critical
1,0.170291692057232,0,9751,Low
1,0.14844357399974412,0,9751,Critical
1,0.16231830770454253,0,9751,Low
1,0.14844357399974412,0,9751,Critical
1,0.17683913105093768,0,9749,Critical
1,0.1103124471534333,0,9742,Critical
1,0.1429655498412702,0,9737,Critical
1,0.1281087544030559,0,9733,Critical
1,0.1340317817151745,0,9733,Critical
1,0.09332431682161896,0,9732,Critical
1,0.1800148031408813,0,9730,Critical
1,0.13775812972461382,0,9727,Medium
1,0.1406216515487187,0,9727,Medium
1,0.14149839223435284,0,9727,Medium
1,0.1406216515487187,0,9727,Medium
1,0.14091122823746993,0,9727,Medium
1,0.12189281779348321,0,9723,Low
-1,-0.0033722151518303933,1,9717,Critical
1,0.18033807601507335,0,9708,Critical
1,0.17245447921228801,0,9708,Medium
1,0.1494803213389979,0,9706,Critical
1,0.14086354605806944,0,9706,Critical
1,0.183606121104731,0,9706,Critical
1,0.176224689600463,0,9705,Critical
1,0.11289325218715962,0,9703,Healthy
1,0.1197930284346494,0,9703,Critical
1,0.1586869924966871,0,9700,Critical
1,0.16884300603245828,0,9695,Medium
1,0.15282554003699983,0,9694,Low
1,0.03802702901180277,0,9692,Critical
1,0.05140170818895884,0,9692,Critical
1,0.03876121435683266,0,9692,Critical
1,0.03802702901180277,0,9692,Critical
1,0.1273639356496204,0,9691,Critical
1,0.010809686296473164,0,9677,Low
1,0.019811536670296004,0,9677,Low
1,0.010809686296473164,0,9677,Medium
1,0.15827249741114013,0,9674,Critical
1,0.14035747838784562,0,9672,Medium
1,0.1284612709199614,0,9659,Critical
1,0.13360553390444746,0,9652,Critical
1,0.13360553390444746,0,9652,Critical
1,0.13246266445753085,0,9652,Critical
1,0.18611577347106883,0,9642,Medium
1,0.13372337120913208,0,9642,Critical
1,0.1509564443800533,0,9632,Medium
1,0.18682551115368257,0,9621,Critical
1,0.17244242493500744,0,9614,Low
1,0.17244242493500744,0,9614,Low
1,0.17244242493500744,0,9614,Low
1,0.18077606067058533,0,9614,Low
1,0.097481872524189,0,9613,Medium
1,0.032185341386895105,0,9612,Healthy
1,0.13208496016865018,0,9607,Low
1,0.13441625747079855,0,9607,Low
1,0.13368065476828733,0,9607,Low
1,0.1268846125807323,0,9607,Low
1,0.13441625747079855,0,9607,Low
1,0.02704033449998189,0,9602,Low
1,0.026761435058327177,0,9602,Low
-1,-0.003322989401180143,1,9602,Critical
1,0.027640746248659975,0,9602,Low
1,0.1831840934993884,0,9600,Low
1,0.1197930284346494,0,9598,Low
1,0.15644624453682854,0,9597,Medium
1,0.17221212554565368,0,9597,Low
1,0.1721918404132034,0,9597,Low
1,0.16179144753282593,0,9597,Healthy
1,0.16020580157939052,0,9597,Healthy
1,0.1433295339692549,0,9595,Critical
1,0.0040552385659542445,0,9592,Low
1,0.1686136289713357,0,9588,Critical
1,0.1796434186295316,0,9588,Low
1,0.15663401815120542,0,9588,Critical
1,0.1686136289713357,0,9588,Low
1,0.15663401815120542,0,9588,Critical
1,0.09418223620236127,0,9587,Critical
1,0.14569455103350937,0,9573,Critical
1,0.1439030104998656,0,9573,Critical
1,0.1500314160721537,0,9573,Critical
1,0.18113653913617922,0,9567,Critical
1,0.07369993114305778,0,9562,Critical
1,0.1364714534521249,0,9559,Low
1,0.03795777303233161,0,9555,Critical
1,0.08523950320633361,0,9555,Medium
1,0.08987536040041094,0,9555,Medium
1,0.09135139737285508,0,9555,Medium
1,0.08987536040041094,0,9555,Medium
1,0.08987536040041094,0,9555,Medium
1,0.13473028548491056,0,9546,Critical
1,0.12704736330594002,0,9546,Critical
1,0.1691141385911945,0,9546,Critical
1,0.18425363739076828,0,9545,Critical
1,0.10420229653508117,0,9544,Medium
1,0.11199709298959248,0,9544,Critical
1,0.1477090344642139,0,9543,Critical
1,0.15801855723288333,0,9538,Medium
1,0.16117109433587784,0,9536,Medium
1,0.18013024468984074,0,9536,Critical
1,0.0259344204907217,0,9526,Critical
1,0.03608744317514667,0,9526,Critical
1,0.026772499915053594,0,9526,Critical
1,0.026772499915053594,0,9526,Critical
1,0.14495584781569715,0,9525,Low
1,0.09762126584467207,0,9521,Critical
1,0.020868217405182854,0,9519,Critical
1,0.10080142760485555,0,9515,Medium
1,0.02178057943045153,0,9501,Low
1,0.03209209608985952,0,9501,Low
1,0.02178057943045153,0,9501,Medium
1,0.12735046397758631,0,9493,Critical
1,0.14688140621186585,0,9486,Critical
1,0.14687468775620305,0,9486,Critical
1,0.14785054791741198,0,9486,Critical
1,0.17493990245993474,0,9476,Medium
1,0.17944987842253296,0,9475,Critical
1,0.032185341386895105,0,9460,Medium
1,0.1804003195175018,0,9458,Critical
1,0.16068123558523112,0,9457,Low
1,0.1593054253191623,0,9457,Low
1,0.16012191703492173,0,9457,Low
1,0.16916881470917466,0,9457,Low
1,0.13271423969676882,0,9447,Low
1,0.13882028342103397,0,9447,Low
1,0.13758483972829272,0,9447,Low
1,0.1273984652698334,0,9447,Low
1,0.13882028342103397,0,9447,Low
1,0.17042194947795214,0,9445,Low
1,0.17042194947795214,0,9445,Low
1,0.17505388726087673,0,9445,Critical
1,0.1734249716985135,0,9445,Critical
1,0.18494639588259892,0,9440,Low
1,0.11199709298959248,0,9439,Low
1,0.1748494204899959,0,9437,Low
1,0.1748649264478978,0,9437,Low
1,0.15814473490970699,0,9437,Medium
1,0.16301024987498514,0,9437,Healthy
1,0.1618416240319258,0,9437,Healthy
1,0.051911642399336655,0,9435,Medium
1,0.08969340872455839,0,9435,Healthy
1,0.16167363899364512,0,9429,Critical
1,0.1669913442105211,0,9428,Critical
1,0.1779670230799868,0,9428,Low
1,0.15396823640673152,0,9428,Critical
1,0.1669913442105211,0,9428,Low
1,0.15396823640673152,0,9428,Critical
1,0.05859746087907197,0,9424,Low
1,0.15039232008175007,0,9420,Critical
1,0.15038537422426557,0,9413,Critical
1,0.1297330128875518,0,9410,Critical
1,0.13733169691633235,0,9410,Critical
1,0.1546934266660337,0,9394,Critical
1,0.040190510536509017,0,9392,Critical
1,0.10190538283810535,0,9391,Medium
1,0.10594608876089445,0,9391,Medium
1,0.10594608876089445,0,9391,Medium
1,0.10594608876089445,0,9391,Medium
1,0.10594608876089445,0,9391,Medium
1,0.053063893576905774,0,9390,Critical
1,0.10948079997211008,0,9387,Low
1,0.12365221384200781,0,9386,Critical
1,0.17438316425131156,0,9385,Critical
1,0.1526492235011322,0,9381,Medium
1,0.06682535841322262,0,9381,Low
1,0.17952608721533458,0,9379,Critical
1,0.14234755716053032,0,9379,Critical
1,0.13806697422085046,0,9379,Critical
1,0.12685316268683505,0,9378,Medium
1,0.1361909194580076,0,9378,Critical
1,0.13498403761439792,0,9368,Low
1,0.17007804965401407,0,9364,Critical
1,0.13750707517150113,0,9359,Critical
1,0.1553313597878082,0,9358,Medium
-1,-0.0003568686013932787,1,9352,Critical
1,0.011846625648389453,0,9352,Critical
1,0.0014025890770743565,0,9352,Critical
1,0.0014025890770743565,0,9352,Critical
1,0.14335417789525562,0,9350,Critical
1,0.0930757996637041,0,9332,Low
1,0.10218350411225674,0,9332,Low
1,0.0930757996637041,0,9332,Medium
1,0.12223580895710423,0,9331,Critical
1,0.10837676606045249,0,9329,Critical
1,0.10708065199580025,0,9329,Critical
1,0.10761642788053805,0,9329,Critical
1,0.1763870040245324,0,9313,Medium
1,0.17645992489993828,0,9306,Critical
1,0.16536560032661762,0,9298,Critical
1,0.146300640634086,0,9290,Low
1,0.146300640634086,0,9290,Low
1,0.146300640634086,0,9290,Low
1,0.14892639651515382,0,9290,Low
1,0.13697195536645912,0,9287,Low
1,0.14321878223967982,0,9287,Low
1,0.14064520911464723,0,9287,Low
1,0.13083949172854187,0,9287,Low
1,0.14328306280788478,0,9287,Low
1,0.08969340872455839,0,9282,Medium
1,0.17730092898824523,0,9279,Low
1,0.18314472797000625,0,9279,Critical
1,0.0880891344646143,0,9279,Medium
1,0.10250705993581777,0,9279,Low
1,0.17187374616348583,0,9279,Low
1,0.10333386240150022,0,9279,Low
1,0.09333584441107234,0,9279,Healthy
1,0.09150213421609737,0,9279,Healthy
1,0.1776361242653171,0,9279,Low
1,0.18213986895502648,0,9279,Critical
1,0.1361909194580076,0,9274,Low
1,0.17081124879394116,0,9268,Low
1,0.1616779398576722,0,9268,Low
1,0.1616779398576722,0,9268,Critical
1,0.14758601843792957,0,9268,Critical
1,0.14758601843792957,0,9268,Critical
1,0.02243844559707464,0,9266,Healthy
1,0.02243844559707464,0,9266,Medium
1,0.1736845691446457,0,9266,Critical
1,0.047021788791052344,0,9262,Low
1,0.104159295986753,0,9259,Critical
1,0.10984474727257065,0,9259,Critical
1,0.13495088189377702,0,9256,Critical
1,0.1519101352994502,0,9253,Critical
1,0.16301486078770216,0,9234,Critical
1,0.04305515393183579,0,9226,Critical
1,0.14486374762706494,0,9224,Medium
1,0.05156409402599149,0,9224,Critical
1,0.10030822660911165,0,9223,Low
1,0.15116000079217257,0,9220,Critical
1,0.18272339916218278,0,9219,Critical
1,0.06975586332751965,0,9218,Low
1,0.1474157954663099,0,9216,Critical
1,0.1427188331505157,0,9216,Critical
1,0.1864645192742661,0,9216,Critical
1,0.07372612649934951,0,9216,Medium
1,0.07763049591918364,0,9216,Medium
1,0.07834562281509816,0,9216,Medium
1,0.07763049591918364,0,9216,Medium
1,0.07763049591918364,0,9216,Medium
1,0.1346708989413372,0,9215,Medium
1,0.1418991713298074,0,9215,Critical
1,0.0744529488525918,0,9209,Critical
1,0.12712198447789397,0,9205,Critical
1,0.12689529315774917,0,9204,Low
1,0.012476455853013158,0,9196,Critical
1,0.15104136924473377,0,9195,Low
1,0.0032835118296233867,0,9186,Critical
1,0.013283378010636948,0,9186,Critical
1,0.005282587347821943,0,9186,Critical
1,0.004180284818856017,0,9186,Critical
1,0.15954492408109977,0,9175,Critical
1,0.1504038828417792,0,9162,Critical
1,0.15831314134885105,0,9162,Critical
1,0.1504038828417792,0,9162,Critical
-1,-0.00795235917462589,1,9160,Low
1,8.650895041251161e-05,0,9160,Low
-1,-0.00795235917462589,1,9160,Medium
1,0.19335449114313252,0,9146,Medium
1,0.17127413291232507,0,9143,Critical
1,0.1486948446154207,0,9133,Low
1,0.1486948446154207,0,9133,Low
1,0.1486948446154207,0,9133,Low
1,0.15678773028871723,0,9133,Low
1,0.17405912186066563,0,9132,Critical
1,0.097481872524189,0,9125,Medium
1,0.14116849199004444,0,9124,Low
1,0.14518617884509954,0,9124,Low
1,0.14434502567441243,0,9124,Low
1,0.1363194643197274,0,9124,Low
1,0.14527869048579845,0,9124,Low
-1,-0.020606181927848466,1,9121,Medium
-1,-0.0067603668647781,1,9121,Low
-1,-0.006490065118302413,1,9121,Low
-1,-0.015868666534299747,1,9121,Healthy
-1,-0.017356636759381927,1,9121,Healthy
-1,-0.005024770788569999,1,9121,Low
1,0.17813657325563775,0,9119,Low
1,0.17813657325563775,0,9119,Low
1,0.18176308714892853,0,9119,Critical
1,0.17965945459780985,0,9119,Critical
1,0.1418991713298074,0,9111,Low
1,0.18064996970713776,0,9108,Low
1,0.17031300384123088,0,9108,Critical
1,0.15727836938241446,0,9108,Critical
1,0.17031300384123088,0,9108,Low
1,0.15727836938241446,0,9108,Critical
1,0.15237992866568484,0,9103,Critical
1,0.10425979098525973,0,9100,Healthy
1,0.10425979098525973,0,9100,Medium
1,0.14475663869993005,0,9099,Critical
1,0.15108405513586698,0,9099,Critical
1,0.14988523282267557,0,9093,Critical
1,0.047322896929057445,0,9092,Low
1,0.12032339652953167,0,9086,Critical
1,0.14584858953214308,0,9080,Critical
1,0.15394521805196576,0,9063,Critical
1,0.043433708830822315,0,9062,Critical
1,0.17765129691881987,0,9058,Medium
1,0.13089278273551885,0,9056,Critical
1,0.12523028517499318,0,9056,Critical
1,0.16926088112430976,0,9056,Critical
1,0.187582195253009,0,9056,Critical
1,0.04474424158711077,0,9054,Critical
1,0.1674943065638576,0,9054,Low
1,0.10480719356942597,0,9054,Low
1,0.08893826770326768,0,9051,Critical
1,0.06601243068419255,0,9045,Critical
1,0.1195731590394572,0,9044,Medium
1,0.1274156691148522,0,9044,Critical
1,0.06798122000181439,0,9040,Medium
1,0.07181504565831054,0,9040,Medium
1,0.07248893923310618,0,9040,Medium
1,0.07181504565831054,0,9040,Medium
1,0.07181504565831054,0,9040,Medium
1,0.12973469364655071,0,9036,Critical
1,0.0974023633888293,0,9035,Low
1,0.01887045446937352,0,9024,Critical
1,0.031485379915065614,0,9024,Critical
1,0.020010025627582806,0,9024,Critical
1,0.018749430919467236,0,9024,Critical
1,0.13260580691370322,0,9019,Low
1,0.16338203987077565,0,9015,Critical
1,0.11738077134688285,0,9002,Critical
1,0.11677793438252065,0,9002,Critical
1,0.11738077134688285,0,9002,Critical
1,0.007234822352308878,0,8987,Low
1,0.015884167014170947,0,8987,Low
1,0.007234822352308878,0,8987,Medium
1,0.18824912278828348,0,8983,Medium
1,0.1540183425323809,0,8977,Critical
1,0.1820959769639789,0,8969,Critical
-1,-0.029339600808658384,1,8967,Medium
-1,-0.01743078596296055,1,8967,Low
-1,-0.018060011099880424,1,8967,Low
-1,-0.024771814601990738,1,8967,Healthy
-1,-0.02625194233927397,1,8967,Healthy
-1,-0.016344802495946942,1,8967,Low
1,0.13180148429754357,0,8964,Low
1,0.13135431541166986,0,8964,Low
1,0.13180148429754357,0,8964,Low
1,0.1375951758885426,0,8964,Low
1,0.060083766537758265,0,8954,Low
1,0.059418718851846686,0,8954,Low
1,0.061485131701779605,0,8954,Low
1,0.05555982178046448,0,8954,Low
1,0.05882162819604392,0,8954,Low
1,0.17678937327874794,0,8953,Low
1,0.17726647452837768,0,8953,Low
1,0.1818628526199758,0,8953,Critical
1,0.1811812784338156,0,8953,Critical
1,0.051911642399336655,0,8947,Medium
1,0.17628349612248317,0,8945,Critical
1,0.16490388613265194,0,8945,Critical
1,0.18553703587856324,0,8945,Low
1,0.17628349612248317,0,8945,Low
1,0.16490388613265194,0,8945,Critical
1,0.1274156691148522,0,8939,Low
1,0.09673111619785074,0,8939,Critical
1,0.1423822564061607,0,8939,Critical
1,0.14831679279028215,0,8939,Critical
1,0.11492771011165676,0,8936,Critical
1,0.035648381506398596,0,8931,Healthy
1,0.035765594286471414,0,8931,Medium
1,0.08467370165525151,0,8929,Critical
1,0.07005297276470734,0,8928,Low
1,0.14181658158115712,0,8920,Critical
1,0.15272750907929378,0,8906,Critical
1,0.13724823095564698,0,8900,Low
1,0.12082305219546796,0,8897,Critical
1,0.0295803601409641,0,8896,Critical
1,0.17558645093741404,0,8895,Critical
1,0.18035576251111707,0,8895,Medium
1,0.07663170353170606,0,8890,Medium
1,0.0833519282517029,0,8890,Critical
1,0.1380996641150372,0,8888,Low
1,0.056110714347448465,0,8888,Critical
1,0.08179875146385435,0,8887,Critical
1,0.07826650218431469,0,8887,Critical
1,0.11532171242660372,0,8887,Critical
1,0.170010141398514,0,8882,Critical
1,0.11934981442706799,0,8882,Critical
1,0.09725531087295564,0,8868,Medium
1,0.10157085330553173,0,8868,Medium
1,0.10213771788538561,0,8868,Medium
1,0.10157085330553173,0,8868,Medium
1,0.10119797186604934,0,8868,Medium
1,0.15419596279992004,0,8864,Low
1,0.16595719745734,0,8856,Low
1,0.00868299282976992,0,8854,Critical
1,0.021840068433821913,0,8854,Critical
1,0.009842674489490166,0,8854,Critical
1,0.009694089548062168,0,8854,Critical
1,0.17419223447427712,0,8852,Critical
-1,-0.01547266804887315,1,8841,Critical
-1,-0.014118041186107266,1,8841,Critical
-1,-0.015601437834483756,1,8841,Critical
1,0.18660864204631566,0,8823,Medium
1,0.11353254911110178,0,8807,Critical
-1,-0.007538168887027408,1,8806,Low
-1,-0.0003935970758368601,1,8806,Low
-1,-0.007538168887027408,1,8806,Medium
-1,-0.0129802701120042,1,8805,Medium
-1,-0.008687018274183167,1,8805,Healthy
-1,-0.010321652841848161,1,8805,Healthy
1,0.000706254434311604,0,8805,Low
1,0.0021582152100665386,0,8805,Low
-1,-0.0004713879644283603,1,8805,Low
1,0.1592648699916202,0,8803,Low
1,0.1592648699916202,0,8803,Low
1,0.1592648699916202,0,8803,Low
1,0.16544348752333843,0,8803,Low
1,0.14795066712246518,0,8799,Critical
1,0.10643114600330283,0,8788,Critical
1,0.09668884758369889,0,8788,Critical
1,0.10643114600330283,0,8788,Low
1,0.09668884758369889,0,8788,Critical
1,0.12080800895409616,0,8788,Low
1,0.0833519282517029,0,8786,Low
1,0.01046547415710275,0,8785,Low
1,0.007882635457852505,0,8785,Low
1,0.01080374564114528,0,8785,Low
1,0.00939112980074508,0,8785,Low
1,0.007223506627174081,0,8785,Low
1,0.05154194401793,0,8782,Critical
1,0.02243844559707464,0,8778,Medium
1,0.15806510239460536,0,8777,Low
1,0.16132665779218391,0,8777,Critical
1,0.16068046137957354,0,8777,Critical
1,0.15806510239460536,0,8777,Low
1,0.1042727277124813,0,8776,Critical
1,0.12991977455072068,0,8772,Critical
1,0.13570113274518003,0,8772,Critical
1,0.10656832366599128,0,8769,Critical
1,0.05664720696914216,0,8765,Low
-1,-0.015039717219161308,1,8755,Medium
-1,-0.015297090505162259,1,8755,Healthy
1,0.12564276532486096,0,8752,Critical
1,0.14742370510613512,0,8749,Critical
1,0.11863318867005895,0,8738,Medium
1,0.13388638570525413,0,8737,Critical
1,0.1629750173194215,0,8731,Low
1,0.11643090703602182,0,8728,Low
1,0.1412367832549733,0,8728,Critical
1,0.07915319831788997,0,8728,Critical
1,0.12982471275994645,0,8727,Medium
1,0.13686006949710938,0,8727,Critical
1,0.11459262336152548,0,8726,Critical
1,0.076376432177021,0,8726,Critical
1,0.07345674054929718,0,8726,Critical
1,0.11378269786528306,0,8726,Critical
1,0.05424477394923277,0,8725,Critical
1,0.006112317135474887,0,8722,Critical
1,0.019636831936800214,0,8709,Low
1,0.113696793870324,0,8705,Medium
1,0.11736226147910916,0,8705,Medium
1,0.11784811716923377,0,8705,Medium
1,0.11736226147910916,0,8705,Medium
1,0.11754417434102199,0,8705,Medium
1,0.15153315968547632,0,8699,Low
-1,-0.01708729427484801,1,8691,Critical
-1,-0.007933685453761052,1,8691,Critical
-1,-0.01605527027778275,1,8691,Critical
-1,-0.016184171471775977,1,8691,Critical
1,0.17461689669693753,0,8688,Critical
-1,-0.01310438395094915,1,8675,Critical
-1,-0.006922959385451732,1,8675,Critical
-1,-0.013232619560122338,1,8675,Critical
1,0.18156442936209793,0,8657,Medium
1,0.1498331911451019,0,8643,Low
1,0.1498331911451019,0,8643,Low
1,0.1498331911451019,0,8643,Low
1,0.15503789701523651,0,8643,Low
1,0.01944478269467087,0,8642,Low
1,0.027848494147845404,0,8642,Low
1,0.01944478269467087,0,8642,Medium
1,0.007690343877474692,0,8641,Critical
-1,-0.00594622495940067,1,8640,Medium
1,0.006402422985137934,0,8640,Low
1,0.006214691541546746,0,8640,Low
-1,-0.0019429703911207907,1,8640,Healthy
-1,-0.0036573036018490157,1,8640,Healthy
1,0.11586678396906008,0,8638,Critical
1,0.17365889756886826,0,8633,Critical
-1,-0.07746618504314418,1,8628,Low
-1,-0.09266211116271195,1,8628,Low
-1,-0.07579321016242069,1,8628,Low
-1,-0.07805809949433296,1,8628,Low
-1,-0.07805809949433296,1,8628,Low
1,0.13686006949710938,0,8623,Low
1,0.1522656812960898,0,8622,Low
1,0.1429056548106612,0,8622,Critical
1,0.13021625125580283,0,8622,Critical
1,0.1423472989694482,0,8622,Low
1,0.13021625125580283,0,8622,Critical
1,0.14123192664233108,0,8619,Critical
1,0.12625658851279403,0,8612,Critical
1,0.10425979098525973,0,8612,Medium
1,0.09111578924822011,0,8610,Critical
1,0.13857395373530673,0,8609,Critical
1,0.14630653867410826,0,8609,Critical
1,0.1860031920036842,0,8608,Low
1,0.18957230352805088,0,8608,Critical
1,0.1860031920036842,0,8608,Low
1,0.1875414391754885,0,8608,Critical
1,0.06638008517694044,0,8601,Low
1,0.1303356974843735,0,8592,Critical
1,0.1509439038262368,0,8592,Critical
1,0.00639366082674131,0,8589,Healthy
1,0.006517470644096468,0,8589,Medium
1,0.16532007777031127,0,8580,Critical
1,0.12884256305184505,0,8578,Medium
1,0.11387065564159371,0,8574,Critical
1,0.17353706353593146,0,8568,Low
1,0.13436072719820769,0,8566,Medium
1,0.11882255614165116,0,8566,Critical
1,0.11877258739695806,0,8566,Critical
1,0.0825250379794425,0,8566,Critical
1,0.07985737978854052,0,8566,Critical
1,0.14146592401417207,0,8566,Critical
1,0.060238055604768026,0,8559,Critical
1,0.16458330718152392,0,8558,Critical
1,0.007984556026338518,0,8556,Critical
1,0.11553834034843224,0,8555,Low
1,0.1376523434096943,0,8549,Critical
1,0.10845501899129534,0,8542,Medium
1,0.1130377481315426,0,8542,Medium
1,0.11306516316716608,0,8542,Medium
1,0.11317012838836343,0,8542,Medium
1,0.11317012838836343,0,8542,Medium
-1,-0.0023675003175269715,1,8533,Critical
1,0.00801762008967144,0,8533,Critical
-1,-0.0017388564616861446,1,8533,Critical
-1,-0.0017388564616861446,1,8533,Critical
1,0.17244704219550727,0,8533,Low
1,0.1588244504201663,0,8519,Critical
1,0.010375589039472666,0,8514,Critical
1,0.01300338315535643,0,8514,Critical
1,0.010375589039472666,0,8514,Critical
1,0.191159193617712,0,8494,Medium
1,0.17662771524987236,0,8480,Low
1,0.17459622361667254,0,8480,Low
1,0.17662771524987236,0,8480,Low
1,0.18016054969533318,0,8480,Low
1,0.029503595642865088,0,8479,Low
1,0.03901358513183506,0,8479,Low
1,0.029503595642865088,0,8479,Medium
1,0.001888094286242481,0,8474,Medium
1,0.015058878661056596,0,8474,Low
1,0.01544058891704192,0,8474,Critical
1,0.014752182208156883,0,8474,Low
1,0.00620720455341528,0,8474,Healthy
1,0.004517939087819944,0,8474,Healthy
-1,-0.07632374139120035,1,8473,Low
-1,-0.09103708024115076,1,8473,Low
-1,-0.07405618979463824,1,8473,Low
-1,-0.07675932184128387,1,8473,Low
-1,-0.07675932184128387,1,8473,Low
1,0.11104706644075168,0,8469,Critical
1,0.0679619409820838,0,8465,Critical
1,0.10842594271794032,0,8465,Low
1,0.10842594271794032,0,8465,Critical
1,0.12010301487581926,0,8465,Low
1,0.09855823267086672,0,8465,Critical
1,0.09855823267086672,0,8465,Critical
1,0.14146592401417207,0,8461,Low
1,0.16714460821245342,0,8461,Critical
1,0.058501931642920224,0,8459,Critical
1,0.10360515953236166,0,8446,Critical
1,0.14484487241444732,0,8443,Critical
1,0.1515132088055613,0,8443,Critical
1,0.035765594286471414,0,8442,Medium
1,0.19033318698776336,0,8439,Low
1,0.19172409523485523,0,8439,Critical
1,0.18991656344896413,0,8439,Low
1,0.1929224354996953,0,8439,Critical
1,0.0989591636952703,0,8435,Critical
1,0.046557013681971404,0,8431,Low
1,0.13457862999408632,0,8429,Critical
1,0.01675883997359373,0,8420,Medium
1,0.016597601312282717,0,8420,Medium
1,0.13812243162904592,0,8418,Medium
1,0.12577638967002702,0,8414,Critical
1,0.19426496271331622,0,8413,Critical
1,0.18110166667910327,0,8402,Medium
1,0.1852779853477669,0,8402,Critical
1,0.10771186155533391,0,8400,Critical
1,0.07107244157774983,0,8400,Critical
1,0.06806416443289143,0,8400,Critical
1,0.10428104959446227,0,8400,Critical
1,0.16839084226415346,0,8398,Low
1,0.17598006219455153,0,8395,Critical
1,0.1260936487823507,0,8395,Critical
1,0.022633364057271566,0,8394,Critical
1,0.044636756704350966,0,8389,Critical
1,0.1375091127264132,0,8389,Low
1,0.1722754442692057,0,8382,Medium
1,0.17239670720647632,0,8382,Medium
1,0.1722754442692057,0,8382,Medium
1,0.1722754442692057,0,8382,Medium
1,0.19400239875205894,0,8382,Medium
1,0.1776047330597217,0,8367,Low
1,0.0022185359546657013,0,8365,Critical
1,0.013109977949249285,0,8365,Critical
1,0.003197284039347381,0,8365,Critical
1,0.003197284039347381,0,8365,Critical
1,0.17374098249741454,0,8356,Critical
-1,-0.0201465425607944,1,8347,Critical
-1,-0.01637600433259101,1,8347,Critical
-1,-0.0201465425607944,1,8347,Critical
1,0.18248258217398805,0,8324,Medium
1,0.001243673286151603,0,8322,Low
1,0.001243673286151603,0,8322,Medium
1,0.007620672411548179,0,8322,Low
1,0.17107898032388247,0,8320,Low
1,0.17002134120920126,0,8320,Low
1,0.17107898032388247,0,8320,Low
1,0.17294467689228382,0,8320,Low
1,0.15904395742193778,0,8314,Critical
1,0.1422508834205996,0,8314,Medium
1,0.15993649570413576,0,8314,Low
1,0.16168035151311638,0,8314,Low
1,0.14725871200260054,0,8314,Healthy
1,0.14622310915643666,0,8314,Healthy
1,0.07381238323552525,0,8311,Critical
1,0.08827708639537113,0,8311,Low
1,0.06311036442747031,0,8311,Critical
1,0.07302119573530852,0,8311,Low
1,0.06311036442747031,0,8311,Critical
-1,-0.005810160969001443,1,8306,Low
-1,-0.028842977784885204,1,8306,Low
-1,-0.0022875914140798592,1,8306,Low
-1,-0.008432686229433939,1,8306,Low
-1,-0.008728685326252594,1,8306,Low
1,0.11946127522850891,0,8306,Critical
1,0.15003988511820865,0,8304,Critical
1,0.10740981487153961,0,8302,Critical
1,0.1852779853477669,0,8298,Low
1,0.08595743594673527,0,8296,Critical
1,0.07351727991483542,0,8289,Critical
1,0.13603529367535816,0,8283,Critical
1,0.1427051364066214,0,8283,Critical
1,0.1003999399734154,0,8278,Critical
1,0.1935449877467309,0,8272,Low
1,0.1966157534383458,0,8272,Critical
1,0.19366732935336434,0,8272,Low
1,0.19474519822312591,0,8272,Critical
-1,-0.015039717219161308,1,8267,Medium
1,0.004812981279085804,0,8265,Low
1,0.10294071810394972,0,8263,Critical
1,0.1682938057619061,0,8259,Critical
1,0.15554241822581427,0,8257,Critical
1,0.1415467842221979,0,8255,Medium
1,0.01825817744720104,0,8244,Medium
1,0.019062082737425823,0,8244,Medium
1,0.08892880073771248,0,8241,Critical
1,0.16993042257396118,0,8235,Low
1,0.18450222074468203,0,8234,Critical
1,0.17942696284757836,0,8234,Medium
1,0.11773161904631763,0,8233,Critical
1,0.08329571045756612,0,8233,Critical
1,0.1164651262631482,0,8233,Critical
1,0.08066182280886947,0,8233,Critical
1,0.17226729976935712,0,8226,Critical
1,0.012834175370815881,0,8224,Critical
1,0.07044009226103043,0,8223,Critical
1,0.12715689565358362,0,8223,Low
1,0.1142396920369852,0,8215,Medium
1,0.12659200635108758,0,8215,Medium
1,0.112261583640628,0,8215,Medium
1,0.12636706520601854,0,8215,Medium
1,0.12663848347362155,0,8215,Medium
1,0.012974963496837133,0,8201,Critical
1,0.026631200525022214,0,8201,Critical
1,0.01518609215223532,0,8201,Critical
1,0.01506423757891484,0,8201,Critical
1,0.1383928168402938,0,8200,Low
1,0.171167847942241,0,8196,Critical
-1,-0.050245326280326186,1,8188,Critical
-1,-0.044902927030004536,1,8188,Critical
-1,-0.05010874418209155,1,8188,Critical
1,0.1732249300915688,0,8167,Low
1,0.15399012284996627,0,8163,Low
1,0.1534896646019117,0,8163,Low
1,0.15399012284996627,0,8163,Low
1,0.15994416628257596,0,8163,Low
1,0.061981204300383896,0,8155,Low
1,0.07462085623548126,0,8155,Low
1,0.061981204300383896,0,8155,Medium
1,0.183392110507547,0,8154,Critical
1,0.16946814321940473,0,8154,Medium
1,0.18315091682199408,0,8154,Low
1,0.18379709871560623,0,8154,Low
1,0.17329336274055834,0,8154,Medium
1,0.17121957374341817,0,8154,Medium
1,0.06896980541726405,0,8142,Critical
1,0.10211640442196057,0,8141,Low
1,0.07773580444588751,0,8141,Critical
1,0.09134198712424518,0,8141,Critical
1,0.09113260893192687,0,8141,Low
1,0.07773580444588751,0,8141,Critical
-1,-0.019401171410464157,1,8140,Low
-1,-0.04316710630769505,1,8140,Low
-1,-0.019518917162074323,1,8140,Low
-1,-0.02107269641185827,1,8140,Low
-1,-0.02107269641185827,1,8140,Low
1,0.09352305620832313,0,8136,Critical
1,0.16577153754628393,0,8134,Critical
1,0.09416468612434153,0,8131,Critical
1,0.18450222074468203,0,8130,Low
1,0.10947881253425595,0,8129,Critical
1,0.11738299138045627,0,8129,Critical
1,0.0939623576836282,0,8120,Critical
1,0.09913252926543104,0,8118,Critical
1,0.19544300553856986,0,8106,Critical
1,0.1985034871750493,0,8106,Critical
1,0.19554290633242633,0,8106,Low
1,0.19729988990174252,0,8106,Critical
1,0.12783928001889922,0,8102,Critical
1,0.006517470644096468,0,8101,Medium
1,0.18794257903453998,0,8099,Critical
1,0.060873696582218084,0,8097,Low
1,0.10194035283865716,0,8094,Medium
1,0.18361477572285417,0,8090,Critical
1,0.16592370778933418,0,8089,Medium
1,0.16497205811654359,0,8089,Medium
1,0.12026447221515446,0,8087,Critical
1,0.13833189730387674,0,8078,Low
1,0.12064784491032149,0,8070,Critical
1,0.08381162074235649,0,8070,Critical
1,0.08167995376952181,0,8070,Critical
1,0.12330709899587072,0,8070,Critical
1,0.10200084271693705,0,8065,Medium
1,0.11479822548852475,0,8065,Critical
1,0.17205953222176268,0,8063,Critical
1,0.1313573706452858,0,8062,Low
-1,-0.014219471327772348,1,8060,Critical
1,0.04215153558406215,0,8058,Medium
1,0.05472481379623895,0,8058,Medium
1,0.03905000737973208,0,8058,Medium
1,0.05501267439653568,0,8058,Medium
1,0.05511745837337545,0,8058,Medium
1,0.05135528337466855,0,8057,Critical
1,0.17350337405794702,0,8043,Low
1,0.01552850394365779,0,8035,Critical
1,0.02814893347400438,0,8035,Critical
1,0.016988501472428807,0,8035,Critical
1,0.01627744041579171,0,8035,Critical
1,0.1691159903296368,0,8030,Critical
1,0.008528840799408632,0,8024,Critical
1,0.009062254893184796,0,8024,Critical
1,0.008465701708628592,0,8024,Critical
1,0.18067532403160141,0,8007,Low
1,0.16382213706600862,0,7997,Low
1,0.16382213706600862,0,7997,Low
1,0.16382213706600862,0,7997,Low
1,0.16222015286792313,0,7997,Low
1,0.16810790587777807,0,7994,Low
1,0.1827384052473487,0,7994,Low
1,0.1821110365883411,0,7994,Critical
1,0.1833206218932415,0,7994,Low
1,0.1728229900635107,0,7994,Medium
1,0.17111964259466933,0,7994,Medium
1,0.02301037749194601,0,7989,Low
1,0.0309196637628969,0,7989,Low
1,0.02301037749194601,0,7989,Low
1,0.06790048092052753,0,7987,Critical
1,0.08193156042405547,0,7987,Low
1,0.05799533902775306,0,7987,Critical
1,0.06790048092052753,0,7987,Low
1,0.05799533902775306,0,7987,Critical
1,0.09191184336782598,0,7979,Critical
1,0.08284461908959695,0,7979,Critical
1,0.0923658601627001,0,7975,Critical
1,0.10136326207569502,0,7975,Critical
1,0.1727351685209474,0,7971,Critical
1,0.06291647765822311,0,7970,Critical
1,0.13067823727128658,0,7969,Low
1,0.06028464851207038,0,7960,Critical
-1,-0.04758300677293548,1,7955,Low
-1,-0.06766304975016246,1,7955,Low
-1,-0.04478321151270448,1,7955,Low
-1,-0.0490905755715384,1,7955,Low
-1,-0.0490905755715384,1,7955,Low
1,0.08790772698908528,0,7951,Critical
1,0.11703393146144192,0,7945,Critical
1,0.1917676865050425,0,7937,Critical
1,0.1917676865050425,0,7937,Low
1,0.1941152951925189,0,7937,Critical
1,0.1929157389408382,0,7937,Critical
1,0.15804528614054753,0,7936,Critical
1,0.14653533202031938,0,7931,Medium
1,0.01756498909421056,0,7931,Medium
1,0.051804081438758254,0,7931,Low
1,0.18788824065769777,0,7930,Critical
1,0.1327132940658295,0,7927,Critical
1,0.18010897014932337,0,7923,Medium
1,0.1817852597781895,0,7923,Medium
1,0.06448803362294292,0,7911,Medium
1,0.06712813837475062,0,7911,Critical
1,0.15623904178577142,0,7910,Low
1,0.11920916557153799,0,7910,Critical
1,0.07815181959470319,0,7910,Critical
1,0.076315865932163,0,7910,Critical
1,0.11988583875941067,0,7910,Critical
1,0.14630108971131145,0,7905,Critical
1,0.0002784027640729825,0,7903,Critical
1,0.08858449427424409,0,7898,Medium
1,0.10448736114832496,0,7898,Medium
1,0.08602330184020929,0,7898,Medium
1,0.10369598821500842,0,7898,Medium
1,0.10438030412551053,0,7898,Medium
1,0.10444059804758676,0,7887,Low
1,0.164230131097788,0,7886,Low
1,0.015505667884971208,0,7885,Critical
1,0.0002502907467916149,0,7867,Critical
1,0.011118119903276491,0,7867,Critical
1,0.0010010384022018926,0,7867,Critical
1,0.0010010384022018926,0,7867,Critical
1,0.16488192617873987,0,7866,Critical
1,0.00548088288113191,0,7863,Critical
1,0.008281933259211338,0,7863,Critical
1,0.0070067967577490675,0,7863,Critical
1,0.18307310999044107,0,7838,Low
1,0.17417448351950282,0,7834,Low
1,0.17908134353964056,0,7834,Medium
1,0.17692078277485263,0,7834,Medium
1,0.18953634944591968,0,7834,Low
1,0.18907440725343155,0,7834,Critical
1,0.18929454959066128,0,7834,Low
1,0.173113723379609,0,7830,Low
1,0.173113723379609,0,7830,Low
1,0.173113723379609,0,7830,Low
1,0.17670272717528762,0,7830,Low
1,0.08442635589605446,0,7821,Critical
1,0.0924241888574136,0,7821,Critical
1,0.03196473312580117,0,7820,Low
1,0.03954916633655692,0,7820,Low
1,0.03196473312580117,0,7820,Low
1,0.14386366456475452,0,7817,Critical
1,0.15141701540540314,0,7817,Low
1,0.1322319621865149,0,7817,Critical
1,0.14386366456475452,0,7817,Low
1,0.1322319621865149,0,7817,Critical
1,0.08086915594083027,0,7816,Critical
1,0.09092178622903369,0,7812,Critical
1,0.1611134239082977,0,7808,Critical
1,0.08548469834404365,0,7807,Critical
1,0.13129399227282668,0,7806,Low
1,0.03738487319353079,0,7796,Critical
-1,-0.06962411405478419,1,7795,Low
-1,-0.08870567538450835,1,7795,Low
-1,-0.06861631361934029,1,7795,Low
-1,-0.06973397701403394,1,7795,Low
-1,-0.07019889739131102,1,7795,Low
1,0.0620650640110299,0,7785,Critical
1,0.06993664477919442,0,7785,Critical
1,0.17837328438518169,0,7776,Critical
1,0.16417719982266588,0,7770,Critical
1,0.1206730893447302,0,7768,Medium
1,0.1901688906454157,0,7768,Critical
1,0.1901688906454157,0,7768,Low
1,0.1939361861805337,0,7768,Critical
1,0.1919934483407641,0,7768,Critical
1,0.17842332432550023,0,7766,Medium
1,0.17641223847296095,0,7766,Medium
1,0.03147576836453314,0,7765,Low
1,0.18805501406171954,0,7761,Critical
1,0.019062082737425823,0,7755,Medium
1,0.1607826406486752,0,7748,Medium
1,0.1654694571425338,0,7748,Critical
1,0.08573355102105529,0,7741,Medium
1,0.09733872618004685,0,7741,Medium
1,0.0843498497615831,0,7741,Medium
1,0.09700512833891817,0,7741,Medium
1,0.09686243969305386,0,7741,Medium
1,0.11412637426084682,0,7741,Critical
1,0.07689834951420776,0,7741,Critical
1,0.07447280793989713,0,7741,Critical
1,0.1120201029299317,0,7741,Critical
1,0.08823664547392346,0,7738,Low
1,0.16175088149166555,0,7738,Critical
1,0.005242353586500825,0,7735,Critical
1,0.13530504402062488,0,7724,Low
1,0.15139282024201212,0,7721,Critical
1,0.18549792516061364,0,7720,Low
1,0.16928113613535284,0,7700,Critical
-1,-0.006921462507619491,1,7697,Critical
1,0.004293613327737367,0,7697,Critical
-1,-0.006756186493529603,1,7697,Critical
-1,-0.006626411610527239,1,7697,Critical
-1,-0.001976445382682046,1,7690,Critical
1,0.003283484562067396,0,7690,Critical
-1,-0.002049532781882357,1,7690,Critical
1,0.15409958843041227,0,7680,Medium
1,0.10198431902637395,0,7680,Medium
1,0.14929590646053492,0,7680,Low
1,0.16299817706231567,0,7680,Low
1,0.1621991249893759,0,7680,Critical
1,0.1628566530259541,0,7680,Low
1,0.14584884241453588,0,7678,Low
1,0.16811781807901027,0,7667,Low
1,0.16758561344860118,0,7667,Low
1,0.16811781807901027,0,7667,Low
1,0.17258576126114383,0,7667,Low
1,0.10377253903305178,0,7659,Critical
1,0.13930099337634855,0,7658,Critical
1,0.14625093895493507,0,7658,Critical
1,0.040561145652608155,0,7653,Low
1,0.0486550205003915,0,7653,Low
1,0.040561145652608155,0,7653,Low
1,0.10289840297475183,0,7653,Critical
1,0.1069192496349543,0,7653,Low
1,0.09194417061692373,0,7653,Critical
1,0.10289840297475183,0,7653,Low
1,0.09194417061692373,0,7653,Critical
1,0.09000761815560354,0,7649,Critical
1,0.0925606738317371,0,7644,Critical
-1,-0.022930914229165267,1,7641,Low
-1,-0.04090086022555017,1,7641,Low
-1,-0.02064858463809327,1,7641,Low
-1,-0.023632802185627688,1,7641,Low
-1,-0.023632802185627688,1,7641,Low
1,0.1670396326356321,0,7639,Critical
1,0.02760091464166059,0,7638,Critical
1,0.1022047078225709,0,7634,Low
1,0.12248725929207943,0,7625,Critical
1,0.06999661682716429,0,7621,Critical
1,0.17031887794940193,0,7609,Medium
1,0.16848220174088857,0,7609,Medium
1,0.12908736513339947,0,7608,Medium
1,0.17568852104180988,0,7607,Critical
1,0.1924863133629096,0,7604,Critical
1,0.17575280351913708,0,7601,Critical
1,0.17589641558572433,0,7601,Low
1,0.17911281264211398,0,7601,Critical
1,0.17737679099570913,0,7601,Critical
1,0.15513111965048643,0,7601,Medium
1,0.04870600489940735,0,7595,Low
1,0.19205098351373384,0,7594,Critical
1,0.07937070606136831,0,7584,Medium
1,0.09116178104846595,0,7584,Medium
1,0.07821877185547782,0,7584,Medium
1,0.09099109455762666,0,7584,Medium
1,0.09019434156163808,0,7584,Medium
1,0.06435718183557554,0,7584,Critical
1,0.01839239375496171,0,7584,Critical
1,0.016015546929794566,0,7584,Critical
1,0.055827362434009487,0,7584,Critical
1,0.1574673909740717,0,7580,Low
1,0.1602739141506312,0,7580,Critical
1,0.14584031780732187,0,7578,Medium
1,0.15197336106376724,0,7578,Critical
1,0.017532814098609184,0,7571,Critical
1,0.04089145785241788,0,7564,Critical
1,0.1730896122428887,0,7557,Low
1,0.17428952515978263,0,7556,Low
1,0.16333713533380806,0,7540,Critical
-1,-0.002568349115613433,1,7536,Critical
1,0.007747854257479481,0,7536,Critical
-1,-0.0021498174158480765,1,7536,Critical
-1,-0.0021498174158480765,1,7536,Critical
-1,-0.005849546847432219,1,7528,Critical
1,0.002666583477018536,0,7528,Critical
-1,-0.006002405389476051,1,7528,Critical
1,0.13960769643505022,0,7520,Low
1,0.15546808711119403,0,7520,Low
1,0.1551023566594636,0,7520,Critical
1,0.15542065153272905,0,7520,Low
1,0.14574074340443394,0,7520,Medium
1,0.14300326306026767,0,7520,Medium
1,0.13347909648532447,0,7508,Low
1,0.17309429754051275,0,7501,Low
1,0.1722300930778895,0,7501,Low
1,0.17309429754051275,0,7501,Low
1,0.17316555625920138,0,7501,Low
1,0.11464324684474003,0,7499,Critical
1,0.12999932273981024,0,7499,Low
1,0.10339138245138751,0,7499,Critical
1,0.11454382525089923,0,7499,Low
1,0.10339138245138751,0,7499,Critical
1,0.06262607977786805,0,7495,Critical
1,0.1339694536868034,0,7495,Critical
1,0.13920118275133792,0,7495,Critical
1,0.041964225438332003,0,7490,Critical
1,0.10087123153375854,0,7489,Critical
1,0.04490672280918617,0,7484,Low
1,0.05206948928850974,0,7484,Low
1,0.04490672280918617,0,7484,Low
1,0.15774974758958898,0,7482,Critical
1,0.003915901216968276,0,7481,Low
-1,-0.020921286239242165,1,7481,Low
1,0.003592478475159755,0,7481,Low
1,0.0015127853315994866,0,7481,Low
1,0.0015127853315994866,0,7481,Low
1,0.08365629489902215,0,7477,Critical
1,0.0083174076115623,0,7476,Critical
1,0.131782243365912,0,7470,Low
1,0.09604841733151254,0,7462,Critical
1,0.1663901894064833,0,7450,Critical
1,0.1848824750635069,0,7449,Medium
1,0.18322416945406556,0,7449,Medium
1,0.12243989598667343,0,7442,Medium
1,0.17640420995615586,0,7437,Critical
1,0.1898398375813698,0,7435,Critical
1,0.1898398375813698,0,7435,Low
1,0.19301022273006435,0,7435,Critical
1,0.1918742458076862,0,7435,Critical
1,0.17453852856757096,0,7435,Medium
1,0.06607680624640899,0,7431,Low
1,0.17934482435141186,0,7425,Critical
1,0.07984305912388201,0,7424,Medium
1,0.09484210958450323,0,7424,Medium
1,0.07867045666968692,0,7424,Medium
1,0.0947220870604274,0,7424,Medium
1,0.09430201106378594,0,7424,Medium
1,0.06217311832411421,0,7424,Critical
1,0.01669106374443885,0,7424,Critical
1,0.012401868041006736,0,7424,Critical
1,0.04902150516888515,0,7424,Critical
1,0.16461726936972287,0,7415,Medium
1,0.16831377823586086,0,7415,Critical
1,0.11055416578274507,0,7414,Low
1,0.11227250667678906,0,7414,Critical
1,0.019246630930818576,0,7405,Critical
1,0.15998611614118857,0,7396,Low
1,0.17600327549245415,0,7394,Low
1,0.16600837208006247,0,7380,Critical
-1,-0.008124191028761385,1,7376,Critical
1,0.003941607374222,0,7376,Critical
-1,-0.007743026071255543,1,7376,Critical
-1,-0.007743026071255543,1,7376,Critical
-1,-0.0036317161640294637,1,7375,Critical
1,0.06969457706564391,0,7367,Critical
1,0.07505192221277118,0,7367,Critical
1,0.07049806783234414,0,7367,Critical
1,0.16653179807244062,0,7357,Low
1,0.1812092152935763,0,7357,Low
1,0.181259326046819,0,7357,Low
1,0.17267715723293253,0,7357,Medium
1,0.17037479449557053,0,7357,Medium
1,0.18061677355787314,0,7357,Critical
1,0.1366990756818085,0,7348,Low
1,0.1500663607615118,0,7341,Low
1,0.14980262481601975,0,7341,Low
1,0.1501731064063458,0,7341,Low
1,0.15339103635906165,0,7341,Low
1,0.1487366648901015,0,7336,Critical
1,0.1611604537371117,0,7336,Low
1,0.13745142665733068,0,7336,Critical
1,0.1487366648901015,0,7336,Low
1,0.13745142665733068,0,7336,Critical
1,0.132079622793858,0,7329,Critical
1,0.1382288417458214,0,7329,Critical
1,0.09389008228338253,0,7327,Critical
1,0.0329169439346525,0,7324,Critical
-1,-0.004187714896197847,1,7323,Low
-1,-0.0288830122602598,1,7323,Low
-1,-0.0019904115946788314,1,7323,Low
-1,-0.005995516648060195,1,7323,Low
-1,-0.005995516648060195,1,7323,Low
1,0.05758073950723319,0,7320,Critical
1,0.17728340840369028,0,7318,Critical
1,0.048574867143057365,0,7316,Critical
1,0.06876443712612823,0,7314,Critical
-1,-0.03178764540756729,1,7306,Low
-1,-0.026517753054906668,1,7306,Low
-1,-0.03178764540756729,1,7306,Low
1,0.035927978407389705,0,7302,Critical
1,0.11225837392034077,0,7301,Low
1,0.18682170740885018,0,7290,Critical
1,0.1925113448604424,0,7283,Medium
1,0.19438405314772372,0,7283,Medium
1,0.11174160227491092,0,7282,Medium
1,0.1737064516270228,0,7278,Medium
1,0.18103753418273943,0,7271,Critical
1,0.102462542040969,0,7269,Critical
1,0.10307507241247599,0,7269,Low
1,0.10772259295267717,0,7269,Critical
1,0.10640214545893084,0,7269,Critical
1,0.18761471044863065,0,7268,Critical
1,0.08562167698658885,0,7264,Medium
1,0.10181255564570263,0,7264,Medium
1,0.08366712212810268,0,7264,Medium
1,0.1025513876179967,0,7264,Medium
1,0.10213661676039976,0,7264,Medium
1,0.04090122823568276,0,7261,Low
1,0.12429370093192726,0,7258,Critical
1,0.08423769003269571,0,7258,Critical
1,0.07976282031448612,0,7258,Critical
1,0.1199108688797908,0,7258,Critical
1,0.14270963296062134,0,7254,Low
1,0.14809839133801073,0,7254,Critical
1,0.17609610477287452,0,7252,Medium
1,0.18037634914109046,0,7252,Critical
1,0.11663726429310162,0,7237,Low
1,0.002950997851283388,0,7237,Critical
1,0.17963928144969554,0,7225,Low
1,0.15528393730827128,0,7214,Critical
1,0.14001285385906476,0,7212,Critical
-1,-0.01718422061300129,1,7208,Critical
-1,-0.008770468384586616,1,7208,Critical
-1,-0.016796927836697506,1,7208,Critical
-1,-0.016796927836697506,1,7208,Critical
1,0.04503119006735201,0,7205,Critical
1,0.05553898173653782,0,7205,Critical
1,0.046254141054133724,0,7205,Critical
1,0.15011499133018202,0,7190,Low
1,0.1675006802370227,0,7190,Low
1,0.16923178926198507,0,7190,Critical
1,0.16749419647137492,0,7190,Low
1,0.15565500562975437,0,7190,Medium
1,0.15274577788141958,0,7190,Medium
1,0.1394313088990775,0,7188,Low
1,0.16796952707493207,0,7178,Low
1,0.16786746903552402,0,7178,Low
1,0.16796952707493207,0,7178,Low
1,0.17022081912864473,0,7178,Low
1,0.15003147919141974,0,7176,Critical
1,0.16204263870047736,0,7176,Low
1,0.13867444642076776,0,7176,Critical
1,0.15003147919141974,0,7176,Low
1,0.13867444642076776,0,7176,Critical
1,0.11528554993313495,0,7172,Critical
1,0.12285631744180042,0,7172,Critical
1,0.03364080109187073,0,7166,Critical
1,0.08845732881695523,0,7160,Critical
1,0.052741320402302616,0,7160,Low
1,0.02371803540831896,0,7160,Low
1,0.05309472714830643,0,7160,Low
1,0.051677868986201636,0,7160,Low
1,0.051677868986201636,0,7160,Low
1,0.07112528656742362,0,7160,Critical
1,0.03771138895380888,0,7159,Critical
1,0.07152890421557828,0,7154,Critical
1,0.15897335715571304,0,7149,Critical
1,0.0745315180403634,0,7141,Critical
1,0.12381126525806208,0,7141,Low
1,0.020513191525503793,0,7133,Low
1,0.025707531221397795,0,7133,Low
1,0.019554740443224583,0,7133,Low
1,0.1591262864384435,0,7129,Medium
1,0.16127212376299888,0,7129,Low
1,0.16475489123973502,0,7121,Medium
1,0.18581195524820654,0,7120,Critical
1,0.14500643508383387,0,7116,Medium
1,0.06803619190613791,0,7110,Medium
1,0.0786471103411705,0,7110,Medium
1,0.06582715677946854,0,7110,Medium
1,0.08125149117081121,0,7110,Medium
1,0.0798358916431825,0,7110,Medium
1,0.18794601342202877,0,7109,Critical
1,0.19043559661950343,0,7109,Critical
1,0.18752434232262433,0,7109,Critical
1,0.19214369674296083,0,7109,Critical
1,0.2002291569428824,0,7105,Critical
1,0.16836094704533489,0,7102,Critical
1,0.04040689710961354,0,7101,Low
1,0.07800914124073427,0,7091,Critical
1,0.07271540645299168,0,7091,Critical
1,0.11887668655495037,0,7091,Critical
1,0.11232015680774143,0,7091,Critical
1,0.17941548105726668,0,7088,Critical
1,0.17543536901894952,0,7088,Medium
1,0.13843472299658244,0,7081,Low
1,0.14249903678794906,0,7081,Critical
1,0.14398580366418912,0,7068,Low
-1,-0.004876303306290297,1,7067,Critical
1,0.15113226350626263,0,7057,Critical
1,0.1698073505005575,0,7053,Low
1,0.17756335858252675,0,7049,Critical
1,0.06753022338298242,0,7046,Critical
1,0.07588720263678411,0,7046,Critical
1,0.0681565330129798,0,7046,Critical
-1,-0.01664410091847146,1,7038,Critical
-1,-0.008673002298588806,1,7038,Critical
-1,-0.016257173456164398,1,7038,Critical
-1,-0.01664410091847146,1,7038,Critical
1,0.14927628989600927,0,7033,Medium
1,0.14696124065414795,0,7033,Medium
1,0.1438835544977684,0,7033,Low
1,0.15853451466955026,0,7033,Low
1,0.15827824176595118,0,7033,Critical
1,0.15876642116013034,0,7033,Low
1,0.1441745904937516,0,7025,Low
1,0.0968700228109759,0,7018,Critical
1,0.10499178841804774,0,7018,Critical
1,0.10933830577619386,0,7016,Low
1,0.10061478650910505,0,7016,Low
1,0.10061478650910505,0,7016,Critical
1,0.0924056385477231,0,7016,Critical
1,0.0924056385477231,0,7016,Critical
1,0.16675202771102388,0,7011,Low
1,0.16631416818971045,0,7011,Low
1,0.16675202771102388,0,7011,Low
1,0.16647318870569927,0,7011,Low
1,0.10285072405225831,0,6999,Critical
1,0.06318740168275161,0,6997,Critical
1,0.15209878505477242,0,6994,Low
1,0.1281251369991227,0,6994,Low
1,0.15064208276144747,0,6994,Low
1,0.15084331940034823,0,6994,Low
1,0.15084331940034823,0,6994,Low
1,0.12732818561522208,0,6993,Critical
1,0.026357253051608187,0,6993,Critical
1,0.17552851439328893,0,6989,Critical
1,0.09011125337814224,0,6988,Critical
1,0.0443840401780935,0,6981,Critical
1,0.12053059967045443,0,6978,Low
1,0.10677007501101915,0,6967,Low
1,0.11315066407727986,0,6967,Low
1,0.10677007501101915,0,6967,Low
1,0.17061047041408367,0,6963,Medium
1,0.17284141120688018,0,6963,Low
1,0.1765790967931813,0,6961,Medium
-1,-0.0007307394504743048,1,6959,Low
1,0.17099593163078797,0,6951,Critical
1,0.18606055229572188,0,6951,Critical
1,0.04232987903965457,0,6950,Low
1,0.05441206013137323,0,6950,Low
1,0.04076038031848328,0,6950,Low
1,0.05571327025967154,0,6950,Low
1,0.05549484611701894,0,6950,Low
1,0.19197097527899626,0,6945,Critical
1,0.19574701691315521,0,6945,Critical
1,0.19405585882669485,0,6945,Critical
1,0.19222470524139823,0,6945,Critical
1,0.1792762007889429,0,6945,Critical
1,0.050819652337489196,0,6936,Low
1,0.15178401881435544,0,6934,Medium
1,0.15627160066405854,0,6934,Critical
1,0.07954919985996245,0,6931,Critical
1,0.034513509173684453,0,6931,Critical
1,0.0303662073821227,0,6931,Critical
1,0.06981079116810929,0,6931,Critical
1,0.16654249565572798,0,6915,Low
1,0.16895329963874006,0,6915,Critical
1,0.10621667986307048,0,6911,Low
1,0.00030124313604129593,0,6905,Critical
1,0.006307280884468192,0,6903,Critical
1,0.01239500724373832,0,6903,Critical
1,0.0070121812823451535,0,6903,Critical
1,0.07425588936499616,0,6898,Low
1,0.1601528941068609,0,6890,Critical
1,0.18232570109052354,0,6882,Critical
-1,-0.00865645286024408,1,6876,Critical
1,0.000632261670451495,0,6876,Critical
-1,-0.00865645286024408,1,6876,Critical
-1,-0.00865645286024408,1,6876,Critical
1,0.14108956570198544,0,6873,Low
1,0.15995002230064437,0,6873,Low
1,0.1601953740913779,0,6873,Low
1,0.14578237570044067,0,6873,Medium
1,0.1445710244031868,0,6873,Medium
1,0.15863943215204257,0,6873,Critical
1,0.06083430226745501,0,6856,Low
1,0.12960811479530382,0,6855,Critical
1,0.13753017096375286,0,6855,Critical
1,0.0969318175484794,0,6853,Critical
1,0.10796552993087577,0,6853,Low
1,0.08372908363936027,0,6853,Critical
1,0.0969318175484794,0,6853,Low
1,0.08372908363936027,0,6853,Critical
1,0.0971899161977402,0,6842,Low
1,0.09657021804575444,0,6842,Low
1,0.09731467911902064,0,6842,Low
1,0.09596461220723257,0,6842,Low
1,0.03216388233180456,0,6839,Critical
1,0.07424238350725498,0,6837,Critical
1,0.14584901598393046,0,6836,Critical
1,0.06801963779738357,0,6833,Critical
1,0.16415627249717923,0,6832,Critical
1,0.13568429962238737,0,6828,Critical
1,0.02348574081582011,0,6827,Low
-1,-0.007012788320006402,1,6827,Low
1,0.022623186599577294,0,6827,Low
1,0.022414066920431686,0,6827,Low
1,0.022414066920431686,0,6827,Low
1,0.10914459111604785,0,6818,Critical
1,0.14520552518628999,0,6809,Medium
1,0.14785959805933607,0,6809,Low
1,0.11792657158351055,0,6808,Low
1,0.16794137018308075,0,6797,Critical
1,0.03843738736205793,0,6795,Critical
1,0.04567544973692339,0,6795,Low
1,0.03843738736205793,0,6795,Low
1,0.18612053585618155,0,6794,Low
1,0.13555985569571516,0,6792,Low
1,0.10520247906134367,0,6790,Low
1,0.11852492388817915,0,6790,Low
1,0.10346112247937961,0,6790,Low
1,0.12112369676230628,0,6790,Low
1,0.12042899238904603,0,6790,Low
1,0.1911433392000672,0,6785,Critical
1,0.19209599216515677,0,6782,Critical
1,0.05041261919776774,0,6780,Critical
1,0.008910707642329263,0,6780,Critical
1,0.0047164379448189075,0,6780,Critical
1,0.039565545611087605,0,6780,Critical
1,0.16338337202159953,0,6776,Critical
1,0.16334980527368642,0,6776,Critical
1,0.16810061494948642,0,6776,Critical
1,0.16623813846940744,0,6776,Critical
1,0.05511953237819822,0,6772,Critical
1,0.16702972608440786,0,6765,Medium
1,0.17374486527344968,0,6765,Critical
1,0.07716752789867748,0,6754,Low
1,0.1673942266416334,0,6749,Low
1,0.1721509955816628,0,6749,Critical
-1,-0.005691884271707748,1,6746,Critical
1,0.06784629822033655,0,6743,Critical
1,0.07537123063280265,0,6743,Critical
1,0.06784629822033655,0,6743,Critical
1,0.06855588545742541,0,6734,Low
1,0.14686511599114072,0,6733,Critical
1,0.17796963126043647,0,6716,Critical
1,0.12722538262256983,0,6709,Low
1,0.14593226587777908,0,6709,Low
1,0.1454164215952921,0,6709,Critical
1,0.14609400719280685,0,6709,Low
1,0.13282843654979337,0,6709,Medium
1,0.131033468677987,0,6709,Medium
-1,-0.025331727168236506,1,6706,Critical
-1,-0.013580918069871828,1,6706,Critical
-1,-0.023836944133809213,1,6706,Critical
-1,-0.023836944133809213,1,6706,Critical
1,0.12827521175126233,0,6689,Critical
1,0.13765846700091472,0,6689,Low
1,0.11542107962402398,0,6689,Critical
1,0.12827521175126233,0,6689,Low
1,0.11542107962402398,0,6689,Critical
1,0.01064822283546829,0,6687,Low
1,0.10722450173689585,0,6685,Critical
1,0.114497522086495,0,6685,Critical
1,0.06393159881834642,0,6679,Critical
1,0.16731191504507315,0,6676,Low
1,0.1667210882915829,0,6676,Low
1,0.16731191504507315,0,6676,Low
1,0.16499717146279197,0,6676,Low
1,0.10480701232953638,0,6670,Critical
1,0.15502888965043293,0,6669,Critical
1,0.05767928654324084,0,6668,Critical
1,0.16016201701653116,0,6663,Critical
1,0.12682289324058232,0,6661,Critical
1,0.17987360487411236,0,6661,Low
1,0.15236039651140848,0,6661,Low
1,0.17840040158085207,0,6661,Low
1,0.17899701574400895,0,6661,Low
1,0.17899701574400895,0,6661,Low
1,0.10624084085250246,0,6652,Critical
1,0.10675244740104395,0,6651,Low
1,0.19187486967202227,0,6646,Medium
1,0.19316845940380023,0,6646,Low
1,0.1573436097763588,0,6641,Low
1,0.18626379636915757,0,6640,Critical
1,0.03293065266924711,0,6631,Critical
1,0.03941584260501996,0,6631,Low
1,0.03293065266924711,0,6631,Low
1,0.13986090855328964,0,6629,Low
1,0.16228719934946856,0,6628,Critical
1,0.07617534420957028,0,6618,Low
1,0.09118208957147755,0,6618,Low
1,0.0738824191480848,0,6618,Low
1,0.0941481427093116,0,6618,Low
1,0.09269590387568521,0,6618,Low
1,0.17853904154361583,0,6615,Critical
1,0.17385250236248528,0,6613,Critical
1,0.1268921741678889,0,6613,Critical
1,0.12119971685225567,0,6613,Critical
1,0.16245662191880927,0,6613,Critical
1,0.18876804247941859,0,6610,Critical
1,0.18921841763671887,0,6610,Critical
1,0.19251010583060385,0,6610,Critical
1,0.19227526440623544,0,6610,Critical
1,0.04352250963369386,0,6604,Critical
1,0.06167796388211855,0,6602,Medium
1,0.0642844063101008,0,6602,Critical
1,0.12506686201956085,0,6600,Low
1,0.03822814017739817,0,6592,Critical
1,0.04316437746675761,0,6592,Critical
1,0.03822814017739817,0,6592,Critical
1,0.17468084568571673,0,6582,Critical
1,0.17017772214179722,0,6582,Low
-1,-0.014841409143055428,1,6578,Critical
1,0.16992225207204903,0,6571,Low
1,0.1648334528890409,0,6570,Critical
1,0.12410732700315291,0,6555,Low
1,0.13915800134252287,0,6555,Low
1,0.13941625225176751,0,6555,Low
1,0.1279745755592815,0,6555,Medium
1,0.12562732003304217,0,6555,Medium
1,0.13869972046187012,0,6555,Critical
1,0.1127884448956386,0,6547,Critical
-1,-0.013608723731459382,1,6540,Critical
-1,-0.0031188672562139086,1,6540,Critical
-1,-0.01260638087787902,1,6540,Critical
-1,-0.01260638087787902,1,6540,Critical
-1,-0.07805809949433296,1,6530,Low
1,0.11004569608447046,0,6525,Critical
1,0.11900877500348778,0,6525,Critical
1,0.07771080624689553,0,6523,Critical
1,0.08789242949632309,0,6523,Low
1,0.06554744420107989,0,6523,Critical
1,0.07771080624689553,0,6523,Low
1,0.06554744420107989,0,6523,Critical
1,0.04825475776614596,0,6515,Critical
1,0.15197449009286967,0,6510,Low
1,0.15154393489736767,0,6510,Low
1,0.15197449009286967,0,6510,Low
1,0.14614585351568132,0,6510,Low
1,0.10254038310377722,0,6510,Critical
1,0.08665547893158204,0,6505,Critical
1,0.0535330712311709,0,6504,Critical
1,0.15543884009969405,0,6503,Critical
1,0.19387677292671962,0,6498,Low
1,0.1708737880054501,0,6498,Low
1,0.19277763314875396,0,6498,Low
1,0.1920734056022858,0,6498,Low
1,0.19170139370189637,0,6498,Low
1,0.14907470438593945,0,6497,Critical
1,0.17393291161477392,0,6485,Low
1,0.1100641869750843,0,6485,Critical
1,0.17257063443872306,0,6485,Medium
1,0.19396749724853263,0,6480,Critical
1,0.07295864663412349,0,6475,Low
1,0.16463463536532857,0,6474,Low
1,0.1599541482007435,0,6474,Critical
1,0.034225615930524866,0,6469,Low
1,0.034225615930524866,0,6469,Low
1,0.034225615930524866,0,6469,Low
1,0.034225615930524866,0,6469,Low
1,0.0543616003919265,0,6469,Low
1,0.13291081074056466,0,6466,Low
1,0.07100955622211114,0,6465,Critical
1,0.07757956413234868,0,6465,Critical
1,0.07100955622211114,0,6465,Low
1,0.18613151356825192,0,6458,Critical
1,0.17078773815652043,0,6447,Critical
1,0.12492002232047539,0,6447,Critical
1,0.11923299265460802,0,6447,Critical
1,0.15933729221804072,0,6447,Critical
1,0.1906730384615351,0,6447,Critical
1,0.19110354442686017,0,6447,Critical
1,0.1944428328119311,0,6447,Critical
1,0.19378444400250588,0,6447,Critical
1,0.015672109427182224,0,6446,Critical
1,0.19002170289663955,0,6435,Critical
1,0.18505391989698322,0,6435,Medium
1,0.16411238174144333,0,6434,Low
1,0.049560608487194235,0,6427,Critical
1,0.05959271006630995,0,6427,Critical
1,0.04943586894504792,0,6427,Critical
1,0.1411423326093877,0,6417,Low
1,0.17761642320292476,0,6416,Low
1,0.1789729537394465,0,6416,Critical
-1,-0.01502920146281006,1,6407,Critical
1,0.1568102786353377,0,6407,Critical
1,0.13435373192588812,0,6389,Medium
1,0.13375235002426156,0,6389,Medium
1,0.13244605071698,0,6389,Low
1,0.14675146063806677,0,6389,Low
1,0.14570848677242226,0,6389,Critical
1,0.1463956971906803,0,6389,Low
1,0.15147162578712914,0,6384,Critical
-1,-0.020935966829827457,1,6381,Critical
-1,-0.011094215497404858,1,6381,Critical
-1,-0.020416251700206778,1,6381,Critical
-1,-0.020416251700206778,1,6381,Critical
-1,-0.07675932184128387,1,6374,Low
1,0.1577707148362607,0,6360,Critical
1,0.16721367349231486,0,6360,Low
1,0.14477224645231124,0,6360,Critical
1,0.1577707148362607,0,6360,Low
1,0.14477224645231124,0,6360,Critical
1,0.10701992017619594,0,6359,Critical
1,0.11664938709031758,0,6359,Critical
1,0.08123030587567476,0,6349,Critical
1,0.13081637029660087,0,6347,Critical
1,0.10775225995092408,0,6347,Critical
1,0.1558959277587444,0,6343,Low
1,0.15531044417276918,0,6343,Low
1,0.1558959277587444,0,6343,Low
1,0.15190803849660994,0,6343,Low
1,0.16914683718199192,0,6343,Critical
1,0.09710365672500304,0,6339,Critical
1,0.1213166649292372,0,6336,Critical
1,0.19866453498148345,0,6335,Low
1,0.17679761628653295,0,6335,Low
1,0.19738558223312347,0,6335,Low
1,0.19616837334004672,0,6335,Low
1,0.19616837334004672,0,6335,Low
1,0.13279284964223287,0,6322,Low
1,0.13095379381827588,0,6322,Medium
1,0.143629539387091,0,6320,Low
1,0.12309705034209883,0,6319,Critical
-1,-0.05530591338264135,1,6317,Low
1,0.18775189414940052,0,6317,Critical
1,0.17736190840416288,0,6317,Critical
1,0.15472955187984827,0,6306,Low
1,0.15481991145803398,0,6306,Low
1,0.15481991145803398,0,6306,Low
1,0.15481991145803398,0,6306,Low
1,0.17868260650023088,0,6306,Low
1,0.1167404154888873,0,6306,Low
1,0.11409091986305858,0,6296,Critical
1,0.12193083455709758,0,6296,Critical
1,0.11409091986305858,0,6296,Low
1,0.19864549349123545,0,6295,Critical
1,0.16365288152371837,0,6290,Critical
1,0.11663030419037318,0,6290,Critical
1,0.11024722136750048,0,6290,Critical
1,0.15199024548262924,0,6290,Critical
1,0.1855385815590901,0,6283,Critical
1,0.18552078367868452,0,6283,Critical
1,0.18907758068474617,0,6283,Critical
1,0.18850500282939886,0,6283,Critical
-1,-0.002343153271209597,1,6280,Critical
1,0.1779038880610177,0,6270,Low
1,0.15814189579888216,0,6269,Low
1,0.16311920640868205,0,6269,Critical
1,0.10111419576522945,0,6266,Critical
1,0.09283051677767823,0,6266,Critical
1,0.09294455853795802,0,6266,Critical
1,0.16599218114285086,0,6253,Low
1,0.17208837894632006,0,6253,Critical
1,0.16374435488915962,0,6247,Low
-1,-0.007598100011253273,1,6246,Critical
1,0.13207377353375854,0,6241,Critical
1,0.12077231864784721,0,6232,Medium
1,0.12105447425020371,0,6232,Medium
1,0.11893997555448338,0,6232,Low
1,0.13013709623897846,0,6232,Low
1,0.1301382960883536,0,6232,Critical
1,0.13049582409137478,0,6232,Low
-1,-0.013329403932880624,1,6219,Critical
-1,-0.0034466965267877514,1,6219,Critical
-1,-0.012944718390680898,1,6219,Critical
-1,-0.012944718390680898,1,6219,Critical
1,0.15969490793242214,0,6217,Critical
-1,-0.008728685326252594,1,6208,Low
1,0.10208019377212513,0,6199,Critical
1,0.11201820101628246,0,6199,Critical
1,0.14596231078922284,0,6194,Critical
1,0.15436701171259865,0,6194,Critical
1,0.132170579314554,0,6194,Critical
1,0.14596231078922284,0,6194,Critical
1,0.132170579314554,0,6194,Critical
1,0.1448860918649973,0,6187,Critical
1,0.17324445795890714,0,6186,Critical
1,0.12560927268659827,0,6175,Critical
1,0.17123278907699746,0,6175,Low
1,0.14727487329029532,0,6175,Low
1,0.16917297413291849,0,6175,Low
1,0.1688417425739312,0,6175,Low
1,0.1688417425739312,0,6175,Low
1,0.1673918886794079,0,6174,Critical
1,0.12373474273462759,0,6171,Low
1,0.12363737176591649,0,6171,Low
1,0.12373474273462759,0,6171,Low
1,0.11575887904549009,0,6171,Low
1,0.13769948567430623,0,6169,Critical
1,0.04096938838226716,0,6168,Critical
1,0.14129775858238436,0,6162,Low
1,0.1403567618005882,0,6162,Medium
1,0.18680809239656732,0,6157,Low
1,0.1924911254182765,0,6157,Critical
1,0.18529033734705797,0,6157,Critical
1,0.12420193709822974,0,6152,Low
1,0.12420193709822974,0,6152,Low
1,0.12420193709822974,0,6152,Low
1,0.12420193709822974,0,6152,Low
1,0.14556985369835007,0,6152,Low
1,0.09924848043473955,0,6149,Low
-1,-0.02816469990891579,1,6149,Low
1,0.0937859358060869,0,6142,Critical
1,0.17010391900381155,0,6141,Critical
1,0.09990679313458617,0,6133,Critical
1,0.05579724051177065,0,6133,Critical
1,0.05048576046137865,0,6133,Critical
1,0.08820545469434365,0,6133,Critical
1,0.13041140185236166,0,6123,Critical
1,0.13927197151484338,0,6123,Critical
1,0.13041140185236166,0,6123,Low
1,0.02041403715444612,0,6123,Critical
1,0.1650464023004748,0,6114,Critical
1,0.16560515052929753,0,6114,Critical
1,0.17161134298403175,0,6114,Critical
1,0.1705465215140518,0,6114,Critical
1,0.15539768614265342,0,6110,Low
1,0.17252919773225084,0,6103,Low
1,0.17757028471860975,0,6103,Critical
1,0.09311631792414221,0,6102,Critical
1,0.10471399869673265,0,6102,Critical
1,0.09311631792414221,0,6102,Critical
1,0.18498288573459315,0,6089,Critical
1,0.18111902447229428,0,6089,Low
1,0.17531425554926666,0,6084,Low
1,0.14747737012559264,0,6078,Critical
-1,-0.023141431319291694,1,6076,Critical
1,0.12806133101456868,0,6072,Low
1,0.1386886393204662,0,6072,Low
1,0.13900095113840205,0,6072,Low
1,0.1312456138689801,0,6072,Medium
1,0.13058394439884652,0,6072,Medium
1,0.13735126811384107,0,6072,Critical
1,0.14512495816901244,0,6060,Critical
-1,-0.02107269641185827,1,6041,Low
-1,-0.040051703506491676,1,6041,Critical
-1,-0.03177938423870863,1,6041,Critical
-1,-0.04170247633622093,1,6041,Critical
-1,-0.04170247633622093,1,6041,Critical
1,0.11334490219258592,0,6036,Critical
1,0.12352994841907011,0,6036,Critical
1,0.16566171741459768,0,6034,Critical
1,0.17294120776381378,0,6034,Critical
1,0.15343465092877318,0,6034,Critical
1,0.16566171741459768,0,6034,Critical
1,0.15343465092877318,0,6034,Critical
1,0.1689817945596292,0,6023,Critical
1,0.17059194397387428,0,6021,Critical
1,0.08503804746287419,0,6013,Critical
1,0.186205623748457,0,6012,Low
1,0.1605048459845353,0,6012,Low
1,0.1839379599901717,0,6012,Low
1,0.1841952057378533,0,6012,Low
1,0.1841952057378533,0,6012,Low
1,0.11218990123237088,0,6010,Critical
1,0.17503405109363085,0,6007,Critical
1,0.11853632686094934,0,6006,Critical
1,0.11323218200449342,0,6002,Medium
1,0.1149081000637191,0,6002,Low
1,0.1654606080329281,0,5997,Low
1,0.1770881921940729,0,5993,Critical
1,0.15352802058201165,0,5992,Low
1,0.15352802058201165,0,5992,Low
1,0.15352802058201165,0,5992,Low
1,0.15352802058201165,0,5992,Low
1,0.17628370256970166,0,5992,Low
1,0.10375980692464976,0,5990,Low
1,0.10375980692464976,0,5990,Low
1,0.10375980692464976,0,5990,Low
1,0.09986409260519113,0,5990,Low
1,0.005304166601200255,0,5988,Healthy
1,0.1676529618750094,0,5987,Critical
-1,-0.060484428613826524,1,5986,Low
1,0.18026728773272432,0,5984,Critical
1,0.1698242307491905,0,5983,Low
1,0.16708077370043872,0,5982,Critical
1,0.11482009177405161,0,5976,Critical
1,0.06954460080266744,0,5976,Critical
1,0.06376247748515679,0,5976,Critical
1,0.10311260168407688,0,5976,Critical
1,0.11163163773952212,0,5960,Critical
1,0.1205760247003052,0,5960,Critical
1,0.11163163773952212,0,5960,Low
1,0.047456318520230356,0,5959,Critical
1,0.16055373691246122,0,5954,Critical
1,0.16154194045854464,0,5954,Critical
1,0.16582377345756816,0,5954,Critical
1,0.16438453000822478,0,5954,Critical
1,0.16769750276547257,0,5953,Low
1,0.08561888224149461,0,5943,Critical
1,0.09448229130532454,0,5943,Critical
1,0.08561888224149461,0,5943,Critical
1,0.18827411799199867,0,5939,Low
1,0.19248592860415392,0,5939,Critical
1,0.18248329436283772,0,5926,Low
1,0.18648949651599916,0,5926,Critical
1,0.171376195161987,0,5915,Low
1,0.15277911330996335,0,5911,Critical
-1,-0.01218032007899228,1,5910,Critical
1,0.12744641966208697,0,5908,Low
1,0.1386425824002307,0,5908,Low
1,0.1404090144179702,0,5908,Critical
1,0.1399464802951959,0,5908,Low
1,0.12929784775577874,0,5908,Medium
1,0.12866953295837447,0,5908,Medium
1,0.1406402207138815,0,5888,Critical
1,0.1200436568584799,0,5880,Critical
1,0.10128427887315444,0,5880,Critical
1,0.12045961158235241,0,5880,Critical
1,0.10128427887315444,0,5880,Critical
1,0.11022846567151784,0,5873,Critical
1,0.12066402100312701,0,5873,Critical
1,0.1555870210811171,0,5863,Critical
1,0.16592332367226076,0,5861,Critical
1,0.15078653475351833,0,5860,Critical
1,0.13479703345418803,0,5860,Critical
1,0.13479703345418803,0,5860,Critical
1,0.1457124042211378,0,5860,Critical
1,0.1457124042211378,0,5860,Critical
-1,-0.0490905755715384,1,5857,Low
1,0.1323166771630292,0,5853,Critical
1,0.15927507627246218,0,5851,Low
1,0.1293827315913728,0,5851,Low
1,0.15565583916564985,0,5851,Low
1,0.15743539658238537,0,5851,Low
1,0.15760843533071817,0,5851,Low
1,0.08404044825130413,0,5843,Critical
1,0.15852967099419008,0,5841,Critical
1,0.1475842250198348,0,5840,Critical
1,0.1320678016645031,0,5839,Medium
1,0.13351546340158676,0,5839,Low
1,0.1314275131342426,0,5834,Low
1,0.1830190328187658,0,5833,Critical
1,0.10186698095870705,0,5832,Low
1,0.10186698095870705,0,5832,Low
1,0.10186698095870705,0,5832,Low
1,0.10186698095870705,0,5832,Low
1,0.12015384809632973,0,5832,Low
1,0.1844272110412436,0,5830,Critical
1,0.13986482200805445,0,5830,Healthy
1,0.1583066605485226,0,5830,Low
1,0.14930020841083486,0,5830,Low
1,0.13986482200805445,0,5830,Low
1,0.15788148354736092,0,5830,Low
1,0.19292047634527676,0,5824,Critical
1,0.03184547843134333,0,5820,Low
1,0.10624557082732466,0,5816,Critical
1,0.10037725990917845,0,5816,Critical
1,0.15250882294894014,0,5816,Critical
1,0.14251213133723656,0,5816,Critical
1,0.18257270909567308,0,5816,Critical
1,0.1515799415933522,0,5812,Low
1,0.1311502937023039,0,5797,Critical
1,0.13887535197858158,0,5797,Critical
1,0.1311502937023039,0,5797,Low
1,0.0006358453498352956,0,5795,Critical
1,0.1731808882094883,0,5787,Low
1,0.16255681241423414,0,5785,Low
1,0.16689861920309207,0,5785,Critical
1,0.1631496172089641,0,5785,Critical
1,0.16442622007805857,0,5785,Critical
1,0.16839482169515108,0,5785,Critical
1,0.16762676018686534,0,5785,Critical
1,0.06439533438781747,0,5774,Critical
1,0.07307185051238901,0,5774,Critical
1,0.06510797383517591,0,5774,Critical
1,0.15341153823878728,0,5763,Low
1,0.15033936153328864,0,5763,Critical
1,0.09700887563361432,0,5755,Low
1,0.10642778957174986,0,5755,Low
1,0.10802591054032712,0,5755,Low
1,0.09865951307043341,0,5755,Medium
1,0.09822838398441758,0,5755,Medium
1,0.10793522331261857,0,5755,Critical
1,0.17086434262655703,0,5751,Low
-1,-0.019013124906347212,1,5750,Critical
1,0.10560904515464775,0,5739,Critical
1,0.14041947557729867,0,5722,Critical
1,0.11868366860816887,0,5722,Critical
1,0.1404782765188305,0,5722,Critical
1,0.11868366860816887,0,5722,Critical
1,0.12616276610435234,0,5718,Critical
1,0.10172709192507573,0,5709,Critical
1,0.11125482925526653,0,5709,Critical
1,0.1563940936826972,0,5702,Critical
1,0.15487506181777738,0,5702,Critical
1,0.1437667565237815,0,5702,Critical
1,0.13525078877556235,0,5702,Critical
1,0.1437667565237815,0,5702,Critical
-1,-0.07019889739131102,1,5697,Low
1,0.16330204451891972,0,5696,Critical
1,0.1880274399630562,0,5691,Low
1,0.16577631283281624,0,5691,Low
1,0.18681092698096058,0,5691,Low
1,0.1860536167983497,0,5691,Low
1,0.1860536167983497,0,5691,Low
1,0.1546138135746835,0,5690,Critical
1,0.11205220868144394,0,5689,Critical
1,0.13634927577696487,0,5683,Critical
1,0.16193529579811428,0,5681,Critical
1,0.14021819845307432,0,5674,Low
1,0.14733119259133853,0,5674,Critical
1,0.0836862735296196,0,5673,Medium
1,0.08584410064419512,0,5673,Low
1,0.1406912095550651,0,5672,Low
1,0.1406912095550651,0,5672,Low
1,0.1406912095550651,0,5672,Low
1,0.1406912095550651,0,5672,Low
1,0.16340755355189723,0,5672,Low
1,0.19311045163917184,0,5670,Critical
1,0.1848446454533077,0,5669,Low
1,0.18007368838717536,0,5669,Low
1,0.17267332007606,0,5669,Low
1,0.1848446454533077,0,5669,Low
1,0.17267332007606,0,5669,Healthy
1,0.16706431681333173,0,5661,Critical
1,0.18700599309594657,0,5660,Critical
1,0.06828193330432059,0,5660,Low
-1,-0.15163288980544998,1,5660,Healthy
1,0.04563391959283514,0,5657,Low
1,0.1392600367569104,0,5655,Critical
1,0.15486546017368208,0,5653,Critical
1,0.10848776778733332,0,5653,Critical
1,0.10159990605986102,0,5653,Critical
1,0.14309254032410523,0,5653,Critical
1,0.1405730503228898,0,5634,Low
1,0.14562841906486934,0,5634,Critical
1,0.041058022307687514,0,5634,Critical
1,0.17475746151889537,0,5627,Low
1,0.1037520877606406,0,5622,Critical
1,0.11432261279659062,0,5622,Critical
1,0.1037520877606406,0,5622,Low
1,0.17049807186296428,0,5618,Critical
1,0.17209982419825398,0,5618,Critical
1,0.17499200809030507,0,5618,Critical
1,0.17393382640625016,0,5618,Critical
1,0.12541883556130173,0,5613,Critical
1,0.13492882067081474,0,5613,Critical
1,0.12541883556130173,0,5613,Critical
1,0.1267168046354965,0,5596,Critical
1,0.13484356417175952,0,5596,Low
1,0.1457475622985664,0,5594,Critical
-1,-0.011559796951629453,1,5588,Critical
1,0.09216888759604058,0,5588,Critical
1,0.07738318199741517,0,5588,Low
1,0.09212356332141824,0,5588,Low
1,0.09229419142330131,0,5588,Low
1,0.07934509453431182,0,5588,Medium
1,0.07955978837499517,0,5588,Medium
1,0.13501573557726593,0,5578,Critical
1,0.11229300291931793,0,5553,Critical
1,0.0888517521250265,0,5553,Critical
1,0.11181127488368425,0,5553,Critical
1,0.0888517521250265,0,5553,Critical
1,0.15495904472485383,0,5552,Critical
1,0.09660000626559301,0,5543,Critical
1,0.1084790596851356,0,5543,Critical
-1,-0.023632802185627688,1,5543,Low
1,0.18085718447228427,0,5536,Critical
1,0.17971245189955998,0,5536,Critical
1,0.166245755144577,0,5536,Critical
1,0.1549058686366015,0,5536,Critical
1,0.166245755144577,0,5536,Critical
1,0.14998162871716092,0,5534,Low
1,0.12376276389634167,0,5534,Low
1,0.14952208853884869,0,5534,Low
1,0.14705503279580823,0,5534,Low
1,0.14705503279580823,0,5534,Low
1,0.17252076858847037,0,5533,Critical
1,0.1353525680699657,0,5520,Critical
1,0.14711345688399735,0,5519,Critical
1,0.14057015038936038,0,5519,Critical
1,0.11351539195695132,0,5514,Low
1,0.16544992956683863,0,5512,Low
1,0.16544992956683863,0,5512,Low
1,0.16544992956683863,0,5512,Low
1,0.16544992956683863,0,5512,Low
1,0.1883696613492511,0,5512,Low
1,0.15379598034324976,0,5510,Critical
-1,-0.14463996209465013,1,5509,Healthy
1,0.18530820644103602,0,5507,Critical
1,0.09322988559949025,0,5506,Low
1,0.0915271591719185,0,5506,Low
1,0.17788655993333868,0,5503,Low
1,0.17225600107357775,0,5503,Low
1,0.1626284535075948,0,5503,Low
1,0.17788655993333868,0,5503,Low
1,0.14806485388395946,0,5503,Low
1,0.1626284535075948,0,5503,Healthy
1,0.10640528300506169,0,5502,Critical
1,0.06138019866969391,0,5502,Critical
1,0.049257328730028305,0,5502,Critical
1,0.09500026870922934,0,5502,Critical
1,0.14951746925411435,0,5501,Critical
1,0.1829167173577686,0,5501,Critical
1,0.17005397577567782,0,5497,Critical
1,0.1794837759805188,0,5491,Critical
1,0.04076175068190835,0,5491,Critical
1,0.04390822742256406,0,5470,Critical
1,0.17267544426012382,0,5461,Low
1,0.07953101789581779,0,5461,Low
1,0.08895070069587763,0,5461,Critical
-1,-0.08349911123665998,1,5458,Critical
-1,-0.08090686579541717,1,5458,Critical
-1,-0.0737256222419791,1,5458,Critical
-1,-0.07636568159830237,1,5458,Critical
1,0.15973017847292342,0,5458,Critical
1,0.16992161149978918,0,5458,Critical
1,0.15973017847292342,0,5458,Low
1,0.15300704295760925,0,5453,Critical
1,0.16042821215665015,0,5453,Critical
1,0.15300704295760925,0,5453,Critical
1,0.17868473440204297,0,5427,Low
1,0.16009744032576945,0,5427,Critical
1,0.17886229080975358,0,5427,Critical
1,0.12504058316668215,0,5425,Critical
1,0.11026487476162,0,5425,Low
1,0.12359534083034968,0,5425,Low
1,0.12416680425442456,0,5425,Low
1,0.11252066710099357,0,5425,Low
1,0.11243525523834763,0,5425,Low
1,0.149931327943579,0,5418,Critical
-1,-0.040113155358766694,1,5411,Critical
1,0.1321424609472298,0,5389,Critical
1,0.11025043197907625,0,5389,Critical
1,0.13694077591003473,0,5389,Critical
1,0.14320323400425566,0,5387,Critical
1,0.12074210816757824,0,5387,Critical
1,0.14297455479035776,0,5387,Critical
1,0.12074210816757824,0,5387,Critical
1,0.0015127853315994866,0,5383,Low
1,0.12930550125491636,0,5371,Low
1,0.13371982458573323,0,5371,Low
1,0.1325376822595138,0,5371,Low
1,0.1240055211988575,0,5371,Low
1,0.13371982458573323,0,5371,Low
1,0.16541336352496072,0,5369,Critical
1,0.17807337088275615,0,5369,Critical
1,0.17593271697260027,0,5369,Critical
1,0.16541336352496072,0,5369,Critical
1,0.1566390411331126,0,5369,Critical
1,0.13688713497969668,0,5365,Critical
1,0.14220319888965643,0,5364,Critical
1,0.12614411464200975,0,5362,Critical
1,0.13961561736239775,0,5357,Critical
1,0.12359798740775751,0,5352,Critical
1,0.13077092069030788,0,5351,Low
1,0.17413049396889912,0,5349,Low
1,0.17413049396889912,0,5349,Low
1,0.17413049396889912,0,5349,Low
1,0.17413049396889912,0,5349,Low
1,0.19741111884702117,0,5349,Low
1,0.1920126413268361,0,5347,Critical
1,0.14407399303437968,0,5346,Low
-1,-0.11593610555496936,1,5345,Healthy
1,0.17871204741845176,0,5343,Healthy
1,0.1916674795281908,0,5343,Critical
1,0.18559383927012219,0,5343,Critical
1,0.17871204741845176,0,5343,Critical
1,0.1915718230275933,0,5343,Critical
1,0.09715835623757224,0,5339,Critical
1,0.05531613560633697,0,5339,Critical
1,0.05071387295440044,0,5339,Critical
1,0.08459897119614102,0,5339,Critical
1,0.1779849798782891,0,5337,Critical
1,0.13373935565728756,0,5337,Low
1,0.13288032365559516,0,5337,Low
1,0.1768039413393655,0,5335,Critical
1,0.1704453443766012,0,5334,Critical
1,0.1833140834292447,0,5331,Critical
1,0.031907974997697486,0,5323,Critical
1,0.04612329991769515,0,5316,Critical
1,0.047109248527338554,0,5316,Critical
1,0.029688621062141096,0,5316,Critical
1,0.05017337802525401,0,5316,Critical
1,0.04786011924698508,0,5304,Critical
1,0.10453435706767944,0,5301,Critical
1,0.10235472829450398,0,5301,Critical
1,0.10444740510732498,0,5301,Low
1,0.14174873411625172,0,5293,Critical
1,0.15072413126453826,0,5293,Critical
1,0.14249820566727944,0,5293,Critical
1,0.13381926243124426,0,5287,Critical
1,0.12403513143434225,0,5287,Low
1,0.15474782271917137,0,5285,Low
1,0.12029448483474164,0,5263,Low
1,0.12200087968105566,0,5263,Critical
1,0.09096114777721664,0,5263,Critical
1,0.12034230265298723,0,5263,Critical
1,0.18737447268138308,0,5256,Low
1,0.1778972245218472,0,5256,Critical
1,0.18737447268138308,0,5256,Critical
1,0.18737447268138308,0,5256,Low
1,0.18407751650949072,0,5256,Low
1,0.18674850432130802,0,5256,Critical
1,0.11524089924875608,0,5249,Critical
1,0.12918264743975477,0,5232,Critical
-1,-0.005995516648060195,1,5224,Low
1,0.09818322965594467,0,5223,Critical
1,0.11144600010405592,0,5223,Critical
1,0.12636081558313622,0,5214,Critical
1,0.10550430873341743,0,5214,Critical
1,0.12624396305159685,0,5214,Critical
1,0.10550430873341743,0,5214,Critical
1,0.09669983391383574,0,5211,Critical
1,0.0981066347672292,0,5207,Critical
1,0.1446768230069641,0,5202,Low
1,0.11548730179602318,0,5202,Low
1,0.1432336501525734,0,5202,Low
1,0.14273841801999088,0,5202,Low
1,0.14273841801999088,0,5202,Low
1,0.17841445007584278,0,5200,Critical
1,0.17696448521934122,0,5200,Critical
1,0.16442902108462498,0,5200,Critical
1,0.15361397153525802,0,5200,Critical
1,0.16442902108462498,0,5200,Critical
1,0.16577023806610758,0,5198,Critical
1,0.1479936355336013,0,5194,Critical
1,0.13774965536335382,0,5191,Low
1,0.17184154603296053,0,5186,Low
1,0.17301787479698283,0,5186,Low
1,0.1724063470733907,0,5186,Low
1,0.17301787479698283,0,5186,Low
1,0.19430889701769744,0,5186,Low
1,0.15832948866648727,0,5186,Critical
1,0.07709735385723687,0,5184,Low
1,0.18732152464898882,0,5179,Critical
1,0.18168713352448912,0,5179,Critical
1,0.17410010427784328,0,5179,Critical
1,0.18714929795745422,0,5179,Critical
1,0.17410010427784328,0,5179,Healthy
1,0.11658525388113761,0,5179,Critical
1,0.07048149083221938,0,5179,Critical
1,0.06532333345413671,0,5179,Critical
1,0.10461214065952978,0,5179,Critical
1,0.17445065463282622,0,5177,Critical
1,0.17023254453338837,0,5174,Critical
1,0.15861936233844348,0,5174,Critical
1,0.1782947908697609,0,5174,Critical
1,0.15468175418221758,0,5171,Low
1,0.15511560217637754,0,5171,Low
-1,-0.06753783076879216,1,5170,Healthy
1,0.16932412452697437,0,5169,Critical
1,0.05825796045471393,0,5155,Critical
1,0.1154394513118821,0,5146,Critical
1,0.11681819536240162,0,5146,Critical
1,0.11679280999209996,0,5146,Critical
1,0.11728178627681413,0,5146,Critical
1,0.17666779487833534,0,5144,Critical
1,0.17311999545942358,0,5144,Critical
1,0.1754842071224641,0,5144,Low
1,0.048305286349946686,0,5140,Critical
1,0.15060974754995793,0,5122,Low
1,0.15736666850054065,0,5122,Critical
1,0.0997609224081698,0,5120,Critical
1,0.11126344547812406,0,5120,Critical
1,0.0997609224081698,0,5120,Critical
1,0.18291962107883425,0,5116,Low
1,0.1856619572124928,0,5103,Critical
1,0.0875039289066431,0,5099,Critical
1,0.08570126770370673,0,5099,Critical
1,0.08963565452963157,0,5099,Low
1,0.1788071003333958,0,5096,Low
1,0.17249046066145607,0,5096,Critical
1,0.1788071003333958,0,5096,Critical
1,0.1788071003333958,0,5096,Low
1,0.1780261846354546,0,5096,Low
1,0.17767238028957583,0,5096,Critical
1,0.13373938264061558,0,5092,Critical
1,0.13059451686159074,0,5066,Critical
1,0.051677868986201636,0,5061,Low
1,0.09348642857118011,0,5057,Critical
1,0.10643292726860448,0,5057,Critical
1,0.16161530438611088,0,5051,Critical
1,0.1392070349408046,0,5051,Critical
1,0.16169227081304344,0,5051,Critical
1,0.1392070349408046,0,5051,Critical
1,0.16413549088206975,0,5051,Critical
1,0.15057916600491,0,5037,Critical
1,0.18343121648941196,0,5037,Critical
1,0.1756899933203046,0,5037,Critical
1,0.1841838867695843,0,5037,Critical
1,0.1756899933203046,0,5037,Critical
1,0.1293531958875045,0,5035,Healthy
1,0.16163670187294388,0,5035,Healthy
1,0.1678555190355011,0,5035,Critical
1,0.12013816046016174,0,5035,Critical
1,0.16163670187294388,0,5035,Critical
1,0.15980643013206242,0,5035,Critical
1,0.1293531958875045,0,5035,Critical
1,0.1402980169780167,0,5035,Critical
1,0.015143830818524995,0,5032,Critical
1,0.1523548269282206,0,5028,Critical
1,0.15580411618683138,0,5026,Critical
1,0.14019089976885096,0,5023,Low
1,0.14051083743010656,0,5023,Low
1,0.14051083743010656,0,5023,Low
1,0.14051083743010656,0,5023,Low
1,0.1600402840273974,0,5023,Low
1,0.17233642981739927,0,5022,Low
1,0.08383569828337345,0,5018,Low
1,0.15671067511848213,0,5015,Critical
1,0.10661156227204982,0,5015,Critical
1,0.1017941805521132,0,5015,Critical
1,0.19668948068839043,0,5015,Critical
1,0.19211981116265797,0,5015,Critical
1,0.1848058901074916,0,5015,Critical
1,0.19652163696162162,0,5015,Critical
1,0.1848058901074916,0,5015,Healthy
1,0.14268215587493038,0,5015,Critical
1,0.1914293423059013,0,5014,Critical
1,0.1896593323654106,0,5011,Critical
1,0.17246593597947635,0,5008,Critical
1,0.17329100909314432,0,5008,Critical
1,0.06552656992895955,0,5006,Healthy
1,0.18298461708520497,0,5006,Critical
1,0.13344360487260482,0,4998,Low
1,0.13375539780919482,0,4998,Low
1,0.03751649813249691,0,4985,Critical
1,0.18568585003548077,0,4984,Critical
1,0.1828839391631138,0,4984,Critical
1,0.18465126158622408,0,4984,Low
-1,-0.04273627911497846,1,4975,Healthy
1,0.03342059701980482,0,4974,Critical
1,0.055617824394516235,0,4967,Critical
1,0.05473120220840744,0,4967,Critical
1,0.05443112002230566,0,4967,Critical
1,0.0541700224065248,0,4967,Critical
1,0.11037902156032658,0,4959,Low
1,0.1191021546354405,0,4959,Critical
1,0.13759169738805493,0,4951,Critical
1,0.14894516952758408,0,4951,Critical
1,0.138266698873926,0,4951,Critical
1,0.18613745208871413,0,4946,Low
1,0.17869437102602587,0,4942,Critical
1,0.1318902437634093,0,4942,Low
1,0.1359533485376227,0,4942,Critical
1,0.13435981527548085,0,4942,Critical
1,0.18918392854459043,0,4936,Low
1,0.18812142436203216,0,4936,Low
1,0.18918392854459043,0,4936,Low
1,0.1835811330537751,0,4936,Critical
1,0.1887890689736671,0,4936,Critical
1,0.18918392854459043,0,4936,Critical
1,0.10644781719612267,0,4923,Critical
-1,-0.00334475371238252,1,4910,Healthy
1,0.1429633055552822,0,4900,Critical
1,0.15084331940034823,0,4895,Low
1,0.07978598663491698,0,4890,Critical
1,0.09191868531329644,0,4890,Critical
1,0.11908909028112935,0,4885,Critical
1,0.10005390802678865,0,4885,Critical
1,0.11929314525929224,0,4885,Critical
1,0.10005390802678865,0,4885,Critical
1,0.1438344406240632,0,4882,Critical
1,0.13269793360496746,0,4880,Critical
1,0.1489677623253129,0,4880,Critical
1,0.1450700919593262,0,4880,Critical
1,0.1489677623253129,0,4880,Critical
1,0.1450700919593262,0,4880,Critical
1,0.13931625064823094,0,4875,Critical
1,0.18988011947473815,0,4874,Critical
1,0.15231932915263946,0,4874,Critical
1,0.185100314908284,0,4874,Critical
1,0.18243698135981679,0,4874,Critical
1,0.1618934906583414,0,4874,Critical
1,0.1618934906583414,0,4874,Healthy
1,0.185100314908284,0,4874,Healthy
-1,-0.060677141157484904,1,4868,Critical
1,0.15453342922480018,0,4864,Critical
1,0.12079731044376801,0,4860,Critical
1,0.18235196075531063,0,4859,Low
1,0.1940891011268982,0,4856,Low
1,0.1975740887498354,0,4856,Low
1,0.1975740887498354,0,4856,Low
1,0.18945061251524897,0,4856,Low
1,0.19628696162717896,0,4856,Low
1,0.15557888336012238,0,4855,Critical
1,0.10797721414835709,0,4855,Critical
1,0.10348037783915692,0,4855,Critical
1,0.1443145110347323,0,4855,Critical
1,0.13329132200379668,0,4854,Critical
1,0.18521441077975614,0,4851,Critical
1,0.16013173724947344,0,4851,Critical
1,0.1292172194260432,0,4849,Low
1,0.18468666741612205,0,4849,Healthy
1,0.19744166796747598,0,4849,Critical
1,0.19167374375423074,0,4849,Critical
1,0.18468666741612205,0,4849,Critical
1,0.19734196176937235,0,4849,Critical
1,0.18998577615944923,0,4848,Critical
1,0.10487070878207727,0,4846,Healthy
1,0.1806866186291884,0,4839,Critical
1,0.14219270965839637,0,4838,Low
1,0.1408583939480827,0,4838,Low
1,0.1902552694248414,0,4821,Critical
1,0.18785757443530315,0,4821,Critical
1,0.18880656512319605,0,4821,Low
1,0.06086497811070368,0,4819,Critical
1,0.08096071926642712,0,4810,Critical
1,0.08101158371780676,0,4810,Critical
1,0.056042994112322775,0,4810,Critical
1,0.08116025868406579,0,4810,Critical
1,0.00703370403959791,0,4805,Healthy
1,0.010348515487787258,0,4800,Critical
1,0.13749179893313374,0,4791,Low
1,0.14659607070673575,0,4791,Critical
1,0.15005706433968802,0,4784,Critical
1,0.16036075044251952,0,4784,Critical
1,0.15005706433968802,0,4784,Critical
1,0.19089058074104853,0,4780,Low
1,0.17436141412551115,0,4779,Low
1,0.17397741170275516,0,4779,Critical
1,0.17321332172664816,0,4779,Critical
1,0.19587217912757826,0,4773,Critical
1,0.18373964364967627,0,4773,Critical
1,0.19516539432659946,0,4773,Low
1,0.18999029750135982,0,4773,Critical
1,0.19516539432659946,0,4773,Critical
1,0.19516539432659946,0,4773,Low
1,0.1952177203052951,0,4773,Low
1,0.13847839347341068,0,4756,Critical
-1,-0.16211301871869854,1,4748,Healthy
1,0.12429560050043292,0,4731,Critical
1,0.06786371432024002,0,4730,Critical
1,0.07842303438002685,0,4730,Critical
1,0.022414066920431686,0,4729,Low
1,0.13537643484392503,0,4720,Critical
1,0.1534626314139244,0,4720,Critical
1,0.14736520711252332,0,4720,Critical
1,0.1534626314139244,0,4720,Critical
1,0.14736520711252332,0,4720,Critical
1,0.14582758477671665,0,4719,Critical
1,0.15232319433343516,0,4715,Critical
1,0.12940856623452807,0,4715,Critical
1,0.15262389612700134,0,4715,Critical
1,0.12940856623452807,0,4715,Critical
1,0.17943919828641547,0,4713,Critical
1,0.1400297153123754,0,4713,Critical
1,0.17598172054916345,0,4713,Critical
1,0.17425880261633003,0,4713,Critical
1,0.1505147187921746,0,4713,Critical
1,0.1505147187921746,0,4713,Healthy
1,0.17598172054916345,0,4713,Healthy
1,0.15216919952398716,0,4712,Critical
1,0.12796450271499366,0,4711,Critical
-1,-0.02082690711500068,1,4708,Critical
1,0.11387779104982809,0,4699,Critical
1,0.07570140235495565,0,4696,Critical
1,0.18789099089198513,0,4696,Low
1,0.19074433204448105,0,4696,Low
1,0.19074433204448105,0,4696,Low
1,0.18319564483570966,0,4696,Low
1,0.1893505575396442,0,4696,Low
1,0.1517818344776845,0,4695,Critical
1,0.1051251515884179,0,4695,Critical
1,0.10043676374968824,0,4695,Critical
1,0.14093708118262005,0,4695,Critical
1,0.18033807601507335,0,4693,Low
1,0.1727225259125535,0,4691,Critical
1,0.16793492359475543,0,4688,Critical
1,0.11046460516445616,0,4686,Healthy
1,0.15963200043242354,0,4685,Critical
1,0.16638230369344392,0,4683,Healthy
1,0.18158226009731943,0,4683,Critical
1,0.1749852961057572,0,4683,Critical
1,0.16638230369344392,0,4683,Critical
1,0.18144743113885925,0,4683,Critical
1,0.15069021595741244,0,4682,Low
1,0.17098833200773927,0,4673,Critical
1,0.10940867194803766,0,4665,Low
1,0.1085986663157481,0,4665,Low
1,0.04008478508292601,0,4659,Critical
1,0.1741492685528997,0,4657,Critical
1,0.16913202198024496,0,4657,Critical
1,0.17232046165195125,0,4657,Low
1,0.07097966986615967,0,4644,Critical
1,0.0728271949923372,0,4644,Critical
1,0.0716399372407282,0,4644,Critical
1,0.04506284666984006,0,4644,Critical
1,0.00477073573755582,0,4639,Healthy
1,0.01181465465969489,0,4634,Critical
1,0.09420703906157979,0,4626,Low
1,0.10414033898581498,0,4626,Critical
1,0.1343050575775835,0,4621,Critical
1,0.14385258014099145,0,4621,Critical
1,0.1343050575775835,0,4621,Critical
1,0.05762544043608675,0,4617,Critical
1,0.06388388640470849,0,4617,Critical
1,0.05762544043608675,0,4617,Critical
1,0.19247312324696597,0,4614,Critical
1,0.17585566991992585,0,4610,Critical
1,0.16502339952289374,0,4609,Low
1,0.1624566960110212,0,4609,Critical
1,0.1655035085532079,0,4609,Critical
1,0.16502339952289374,0,4609,Critical
1,0.16502339952289374,0,4609,Low
1,0.16526677524174516,0,4609,Low
1,0.12452340741679435,0,4584,Critical
-1,-0.1535549937541082,1,4582,Healthy
1,0.11346957948682668,0,4566,Critical
1,0.12935173264932603,0,4566,Critical
1,0.12558996967972408,0,4566,Critical
1,0.12923569466052998,0,4566,Critical
1,0.12558996967972408,0,4566,Critical
1,0.17899701574400895,0,4563,Low
1,0.14036865722646463,0,4561,Critical
1,0.05969373528581512,0,4561,Critical
1,0.07011568502103976,0,4561,Critical
1,0.1196953094073937,0,4556,Critical
1,0.006328509997175047,0,4553,Critical
1,0.15652696984791714,0,4553,Healthy
1,0.17993984585694628,0,4553,Healthy
1,0.1844197586001503,0,4553,Critical
1,0.14663234019614335,0,4553,Critical
1,0.17993984585694628,0,4553,Critical
1,0.17696466235697184,0,4553,Critical
1,0.15652696984791714,0,4553,Critical
1,0.15515290658604086,0,4552,Critical
1,0.13389511821108707,0,4552,Critical
1,0.15566369440411487,0,4552,Critical
1,0.13389511821108707,0,4552,Critical
1,0.14844357399974412,0,4552,Critical
1,0.14944908909451388,0,4544,Critical
1,0.13067215848146435,0,4541,Critical
1,0.08184905440742463,0,4541,Critical
1,0.0780568819914938,0,4541,Critical
1,0.11943239715268505,0,4541,Critical
1,0.18030070801180564,0,4533,Critical
1,0.173790828886755,0,4532,Critical
1,0.18478012816252493,0,4531,Critical
1,0.1103124471534333,0,4531,Critical
1,0.1860768491431406,0,4530,Low
1,0.18941756988738923,0,4530,Low
1,0.18941756988738923,0,4530,Low
1,0.18037956243705433,0,4530,Low
1,0.1869376478740255,0,4530,Low
1,0.18425363739076828,0,4530,Low
1,0.15697591108414427,0,4526,Healthy
1,0.16958631728690404,0,4526,Critical
1,0.1636894517531503,0,4526,Critical
1,0.15697591108414427,0,4526,Critical
1,0.16914845322819572,0,4526,Critical
1,0.09882808231381662,0,4522,Medium
1,0.18053162898083802,0,4521,Critical
1,0.12538962799565562,0,4510,Low
1,0.17637263631811056,0,4510,Critical
1,0.04803182286481389,0,4510,Low
1,0.04855771290295863,0,4510,Low
1,0.1703506793980365,0,4493,Low
1,0.1723164253683196,0,4493,Critical
1,0.1670787309180039,0,4493,Critical
1,0.02618246156081039,0,4491,Critical
1,0.10101607591123696,0,4484,Critical
1,0.10118861347846614,0,4484,Critical
1,0.07268762606781087,0,4484,Critical
1,0.10372205065738077,0,4484,Critical
1,0.029685801945192658,0,4472,Critical
1,0.09632788747488463,0,4470,Healthy
1,0.10328280041818405,0,4459,Low
1,0.11298420349928545,0,4459,Critical
1,0.15008605261348829,0,4454,Critical
1,0.1487058088831456,0,4454,Critical
1,0.14704011529660993,0,4454,Critical
1,0.15455636477390977,0,4447,Critical
1,0.1566737049541181,0,4447,Critical
1,0.15583447851772325,0,4447,Critical
1,0.15583447851772325,0,4447,Low
1,0.15583447851772325,0,4447,Low
1,0.15664009871134071,0,4447,Low
1,0.1884755902717457,0,4445,Critical
1,0.11219064348152546,0,4443,Critical
1,0.12095472233766208,0,4443,Critical
1,0.11229059572571959,0,4443,Critical
1,0.1843990429039537,0,4441,Critical
-1,-0.14913590613180527,1,4431,Healthy
1,0.15972032756393406,0,4421,Critical
1,0.13905548615676594,0,4403,Critical
1,0.1563175033261625,0,4403,Critical
1,0.1515112849877303,0,4403,Critical
1,0.15640391310630264,0,4403,Critical
1,0.1515112849877303,0,4403,Critical
1,0.19170139370189637,0,4399,Low
1,0.12263232789456507,0,4399,Critical
1,0.13529340610606616,0,4398,Critical
1,0.014999782058832567,0,4393,Critical
1,0.16633317168241352,0,4392,Healthy
1,0.18945224447532433,0,4392,Healthy
1,0.1927891413807254,0,4392,Critical
1,0.15759704050413248,0,4392,Critical
1,0.18945224447532433,0,4392,Critical
1,0.1859687418345904,0,4392,Critical
1,0.16633317168241352,0,4392,Critical
1,0.06456362303534313,0,4392,Critical
1,0.07645549616031516,0,4392,Critical
1,0.02621499474375366,0,4390,Critical
1,0.023463822063493178,0,4390,Critical
1,0.025831803981224977,0,4390,Critical
1,0.023292405676849426,0,4390,Critical
1,0.15663401815120542,0,4388,Critical
1,0.12681188808689142,0,4384,Critical
1,0.09418223620236127,0,4376,Critical
1,0.10531022501802717,0,4372,Critical
1,0.15252701471121444,0,4372,Critical
1,0.1096796001543846,0,4372,Critical
1,0.14091924741103617,0,4372,Critical
1,0.17438316425131156,0,4369,Low
1,0.18847586580412728,0,4368,Critical
1,0.17217214700725197,0,4367,Critical
1,0.19030964887784618,0,4367,Low
1,0.19387686045126606,0,4367,Low
1,0.19387686045126606,0,4367,Low
1,0.1859518154699608,0,4367,Low
1,0.1918517785709637,0,4367,Low
1,0.1670183252368358,0,4366,Medium
1,0.18209603291482912,0,4366,Critical
1,0.17721094513014124,0,4366,Critical
1,0.1670183252368358,0,4366,Critical
1,0.1820139610554462,0,4366,Critical
1,0.17324125199199175,0,4365,Critical
1,0.16663589305210263,0,4364,Critical
1,0.11656183901842093,0,4359,Medium
1,0.140180352666117,0,4350,Low
1,0.1723528192475446,0,4350,Critical
1,0.1382201623747042,0,4343,Low
1,0.1384587926716344,0,4343,Low
1,0.1737234793464777,0,4333,Critical
1,0.16813883812711444,0,4333,Critical
1,0.17216971466231284,0,4333,Low
1,0.02853559976502884,0,4319,Critical
1,0.10728050060807026,0,4318,Critical
1,0.10990905533316009,0,4318,Critical
1,0.10711027695688041,0,4318,Critical
1,0.07998223733111332,0,4318,Critical
1,0.10397578216119802,0,4306,Healthy
1,0.018886501286227153,0,4302,Critical
1,0.16353768788965556,0,4294,Critical
1,0.16446536666504497,0,4294,Critical
1,0.16345666115932617,0,4294,Critical
1,0.15479038743787266,0,4293,Critical
1,0.14715962301989988,0,4293,Low
1,0.16077540733964168,0,4279,Critical
1,0.16717764064445,0,4279,Critical
1,0.16077540733964168,0,4279,Critical
1,0.1650547328064918,0,4278,Low
1,0.15809049980443823,0,4278,Critical
1,0.1650547328064918,0,4278,Critical
1,0.16381951248200377,0,4278,Critical
1,0.16381951248200377,0,4278,Low
1,0.1647739900109751,0,4278,Low
1,0.18740450754327825,0,4275,Critical
1,0.1490131384581318,0,4268,Critical
-1,-0.11816211029672052,1,4267,Healthy
1,0.11860565172569854,0,4254,Critical
1,0.12977658818390614,0,4241,Critical
1,0.15499364317950204,0,4238,Critical
1,0.12962090390009007,0,4237,Critical
1,0.14747954072388003,0,4237,Critical
1,0.14247530714816475,0,4237,Critical
1,0.146865506825331,0,4237,Critical
1,0.14247530714816475,0,4237,Critical
1,0.19659950001988974,0,4236,Low
-1,-0.005104063468868825,1,4236,Critical
1,0.0542926602925482,0,4234,Critical
1,0.06563589179427698,0,4234,Critical
1,0.19465554145491576,0,4231,Critical
1,0.16246312212534025,0,4231,Critical
1,0.19101922081866968,0,4231,Critical
1,0.1876747296695508,0,4231,Critical
1,0.17037519035088183,0,4231,Critical
1,0.17037519035088183,0,4231,Healthy
1,0.19101922081866968,0,4231,Healthy
1,0.15396823640673152,0,4228,Critical
-1,-0.00396163555094553,1,4227,Critical
-1,-0.0061817095989978865,1,4227,Critical
-1,-0.0037125600023022454,1,4227,Critical
-1,-0.00668115131763769,1,4227,Critical
1,0.1513639201982317,0,4224,Critical
1,0.15547242994926525,0,4212,Medium
1,0.16671644053642687,0,4212,Critical
1,0.16221302850552932,0,4212,Critical
1,0.15547242994926525,0,4212,Critical
1,0.16566713647683506,0,4212,Critical
1,0.14433792849223137,0,4210,Critical
1,0.15039232008175007,0,4209,Critical
1,0.15566820685793759,0,4206,Critical
1,0.11150101352437874,0,4206,Critical
1,0.10676152344613427,0,4206,Critical
1,0.1439513731319465,0,4206,Critical
1,0.18589686758608842,0,4205,Critical
1,0.18272339916218278,0,4203,Low
1,0.17952686117993327,0,4201,Low
1,0.18194240352605712,0,4201,Low
1,0.18190741505564023,0,4201,Low
1,0.17331139934347428,0,4201,Low
1,0.1798509424431629,0,4201,Low
1,0.15663714778692167,0,4199,Critical
1,0.1697955450861367,0,4198,Critical
1,0.08137540906848933,0,4196,Medium
1,0.16511747585148046,0,4193,Critical
1,0.11001811891844632,0,4189,Low
1,0.10934230417283819,0,4189,Low
1,0.10924900428256074,0,4176,Low
1,0.16179144753282593,0,4172,Critical
1,0.15644624453682854,0,4172,Critical
1,0.16020580157939052,0,4172,Low
1,0.10404232208148467,0,4154,Critical
1,0.10426372449635907,0,4154,Critical
1,0.07309124748896295,0,4154,Critical
1,0.10608701944073978,0,4154,Critical
1,0.060106860111554694,0,4153,Critical
1,0.09622604286639336,0,4143,Healthy
-1,-0.009589984209420699,1,4138,Critical
1,0.16910036416343488,0,4130,Critical
1,0.16664327174434546,0,4130,Critical
1,0.13141536678219917,0,4130,Low
1,0.1694994076764429,0,4130,Critical
1,0.13948763421086613,0,4130,Critical
1,0.19532827662716612,0,4112,Low
1,0.19531945179697263,0,4112,Low
1,0.19479749689738735,0,4112,Low
1,0.19025804418637154,0,4112,Critical
1,0.19581612213082056,0,4112,Critical
1,0.19532827662716612,0,4112,Critical
1,0.1326911236434956,0,4110,Critical
1,0.1420061009412601,0,4110,Critical
1,0.1326911236434956,0,4110,Critical
1,0.1735161746233273,0,4109,Critical
1,0.19262552102534553,0,4105,Critical
-1,-0.07167568280392633,1,4092,Healthy
1,0.14875792858409198,0,4085,Critical
1,0.07589439261217046,0,4079,Critical
1,0.09724898333059001,0,4079,Critical
1,0.1340159139465259,0,4076,Critical
1,0.15163772365605066,0,4076,Critical
1,0.1452989860612383,0,4076,Critical
1,0.1510611248869786,0,4076,Critical
1,0.1452989860612383,0,4076,Critical
1,0.1688417425739312,0,4076,Critical
1,0.1537394871330468,0,4075,Critical
1,0.12963304136003145,0,4075,Critical
1,0.007741364511708593,0,4072,Critical
1,0.1678686296973138,0,4071,Healthy
1,0.19115801393730625,0,4071,Healthy
1,0.1946855143301432,0,4071,Critical
1,0.15990845661898778,0,4071,Critical
1,0.19115801393730625,0,4071,Critical
1,0.18753200341666376,0,4071,Critical
1,0.1678686296973138,0,4071,Critical
1,0.020940994326174467,0,4069,Healthy
1,0.019355707245666376,0,4069,Healthy
1,0.14758601843792957,0,4068,Critical
1,0.012048070729854365,0,4063,Critical
1,0.009557996868805207,0,4063,Critical
1,0.012430242114172763,0,4063,Critical
1,0.008209333963818621,0,4063,Critical
1,0.15052252371746278,0,4058,Critical
1,0.1865012598182762,0,4049,Medium
1,0.1984178444432821,0,4049,Critical
1,0.19341572968103404,0,4049,Critical
1,0.1865012598182762,0,4049,Critical
1,0.19757070979296176,0,4049,Critical
1,0.15185983975244577,0,4046,Critical
1,0.10827559154949401,0,4046,Critical
1,0.10402740667148369,0,4046,Critical
1,0.14173437411865153,0,4046,Critical
1,0.13600067968901614,0,4044,Critical
1,0.15708505056262034,0,4044,Critical
1,0.14095291456061781,0,4042,Critical
1,0.1519101352994502,0,4042,Critical
1,0.187582195253009,0,4040,Low
1,0.1877693839049676,0,4038,Critical
1,0.1847199972445454,0,4038,Low
1,0.1881435119037126,0,4038,Low
1,0.1881435119037126,0,4038,Low
1,0.17994952808461745,0,4038,Low
1,0.1853561297516651,0,4038,Low
1,0.15667567012075156,0,4036,Critical
1,0.12268764804605892,0,4035,Low
1,0.12302670002231936,0,4035,Low
1,0.10720067426685514,0,4026,Medium
1,0.03432144647234037,0,4021,Low
1,0.16301024987498514,0,4012,Critical
1,0.15814473490970699,0,4012,Critical
1,0.1618416240319258,0,4012,Low
1,0.10805061740677124,0,3988,Critical
1,0.07848515753809815,0,3988,Critical
1,0.10774337751663271,0,3988,Critical
1,0.11109559314158152,0,3988,Critical
1,0.07062347358505189,0,3987,Critical
1,0.005534408165887794,0,3981,Critical
1,0.14780006319944677,0,3976,Critical
1,0.15015370171703496,0,3976,Critical
1,0.1478218326226508,0,3976,Critical
1,0.04733082799451449,0,3974,Healthy
1,0.1335396053439865,0,3967,Low
1,0.14051075335494123,0,3967,Critical
1,0.15152317519562641,0,3950,Critical
1,0.1565935267608558,0,3950,Critical
1,0.15152317519562641,0,3950,Critical
1,0.16047842052680378,0,3948,Critical
1,0.15899631917068485,0,3948,Critical
1,0.15302030025237562,0,3948,Critical
1,0.15899631917068485,0,3948,Critical
1,0.15899631917068485,0,3948,Low
1,0.16074597251004724,0,3948,Low
1,0.1874274111069476,0,3943,Critical
1,0.17620870924435028,0,3936,Critical
1,0.06552656992895955,0,3928,Healthy
1,0.15156150740050411,0,3922,Critical
1,0.15552053287426676,0,3916,Critical
1,0.17251693317975042,0,3916,Critical
-1,-0.014785950559054184,1,3914,Critical
1,0.12330877794495859,0,3913,Critical
1,0.1841952057378533,0,3913,Critical
1,0.1243238691271169,0,3910,Critical
1,0.14298472338012264,0,3910,Critical
1,0.13713995871045004,0,3910,Critical
1,0.1424796799127972,0,3910,Critical
1,0.13713995871045004,0,3910,Critical
1,0.15091004776055023,0,3910,Healthy
1,0.1782791886835578,0,3910,Healthy
1,0.1821542521464657,0,3910,Critical
1,0.14174170646041706,0,3910,Critical
1,0.1782791886835578,0,3910,Critical
1,0.17482229578547687,0,3910,Critical
1,0.15091004776055023,0,3910,Critical
1,0.15727836938241446,0,3908,Critical
1,0.015586896619664725,0,3905,Healthy
1,0.012216160753773186,0,3905,Healthy
1,0.12258145364683176,0,3903,Critical
1,0.13191081916464142,0,3901,Critical
1,0.015012166575480324,0,3897,Critical
1,0.012963220377478657,0,3897,Critical
1,0.01513936113145442,0,3897,Critical
1,0.011913056207803141,0,3897,Critical
1,0.11459171878372126,0,3889,Critical
1,0.1599433187247447,0,3886,Critical
1,0.11648095598447145,0,3886,Critical
1,0.112144657048308,0,3886,Critical
1,0.15069181598909542,0,3886,Critical
1,0.14725915480934954,0,3884,Critical
1,0.1824802959794497,0,3882,Medium
1,0.19513205867856726,0,3882,Critical
1,0.19039921940987098,0,3882,Critical
1,0.1824802959794497,0,3882,Critical
1,0.19513205867856726,0,3882,Critical
1,0.16613861371073246,0,3881,Low
1,0.16857999599488444,0,3881,Low
1,0.16857999599488444,0,3881,Low
1,0.16267064387744995,0,3881,Low
1,0.16780155761982696,0,3881,Low
1,0.17558645093741404,0,3880,Low
1,0.14831937257938915,0,3879,Critical
1,0.14033875008278046,0,3875,Critical
1,0.12032339652953167,0,3875,Critical
1,0.19270490884996694,0,3875,Critical
1,0.13016850280305214,0,3869,Low
1,0.1305088226094594,0,3869,Low
1,0.14003561694492794,0,3863,Medium
1,0.126325962569461,0,3855,Low
1,0.09333584441107234,0,3854,Critical
1,0.0880891344646143,0,3854,Critical
1,0.09150213421609737,0,3854,Critical
1,0.10211242436031298,0,3825,Critical
1,0.10192461385709783,0,3825,Critical
1,0.06705350717607594,0,3825,Critical
1,0.10347942919949354,0,3825,Critical
1,0.07344053705628062,0,3823,Critical
1,0.0109615474499698,0,3813,Critical
1,0.13498302458506622,0,3810,Critical
1,0.13029790543119985,0,3810,Critical
1,0.12859610849957215,0,3810,Critical
1,0.08294509164701092,0,3804,Medium
1,0.07683153015811633,0,3797,Low
1,0.08693267677261585,0,3797,Critical
1,0.14853183562499733,0,3789,Critical
1,0.15371333808031268,0,3789,Critical
1,0.14853183562499733,0,3789,Critical
1,0.1655946777135046,0,3782,Critical
1,0.16167413740091574,0,3782,Critical
1,0.1649839317793328,0,3782,Critical
1,0.16516082085267875,0,3782,Critical
1,0.16516082085267875,0,3782,Low
1,0.16388930224125825,0,3782,Low
1,0.10175460675937625,0,3777,Critical
1,0.028756847263856633,0,3775,Healthy
1,0.18774358988040407,0,3773,Critical
1,0.10487070878207727,0,3767,Medium
1,0.016992320210906797,0,3760,Critical
1,0.16148998908290507,0,3757,Critical
1,0.1244633453032527,0,3756,Critical
1,0.14041970669460319,0,3756,Critical
1,0.15760843533071817,0,3753,Critical
1,0.16267648076553065,0,3752,Medium
1,0.1868064722725417,0,3752,Medium
1,0.18934874665004237,0,3752,Critical
1,0.15386947656895722,0,3752,Critical
1,0.1868064722725417,0,3752,Critical
1,0.18334335375295185,0,3752,Critical
1,0.16267648076553065,0,3752,Critical
1,0.027588063333032986,0,3751,Critical
1,0.16490388613265194,0,3745,Critical
1,0.05256587766476506,0,3744,Critical
1,0.0658154386409271,0,3744,Critical
1,0.06264206429357283,0,3744,Critical
1,0.06660116377547698,0,3744,Critical
1,0.06264206429357283,0,3744,Critical
1,0.13631755933700596,0,3744,Critical
1,0.13160114490296687,0,3743,Critical
-1,-0.04987085673535485,1,3732,Healthy
-1,-0.05297812075290531,1,3732,Healthy
-1,-0.002341504750849266,1,3726,Critical
-1,-0.004416658540335905,1,3726,Critical
-1,-0.002701882011311829,1,3726,Critical
-1,-0.005872699845207552,1,3726,Critical
1,0.1781128819576499,0,3725,Critical
1,0.17656442807965173,0,3725,Critical
1,0.16780129738991734,0,3725,Critical
1,0.18039909412773142,0,3725,Critical
1,0.16780129738991734,0,3725,Medium
1,0.17575847657717714,0,3723,Critical
1,0.1635283670303918,0,3722,Critical
1,0.11900452557635632,0,3722,Critical
1,0.11469315645937594,0,3722,Critical
1,0.15305712021984824,0,3722,Critical
1,0.18196902573614965,0,3721,Low
1,0.18616843609464445,0,3721,Low
1,0.18613135949498932,0,3721,Low
1,0.1758488325233109,0,3721,Low
1,0.18384694348312314,0,3721,Low
1,0.12446994629026037,0,3718,Low
1,0.10529199467932232,0,3718,Critical
1,0.08467370165525151,0,3718,Critical
1,0.12448344704641273,0,3718,Low
1,0.16523029422817176,0,3717,Critical
1,0.18057879694339968,0,3712,Critical
1,0.1968845626709172,0,3712,Critical
1,0.11459262336152548,0,3711,Low
1,0.10060965079083789,0,3701,Low
-1,-0.017356636759381927,1,3696,Critical
-1,-0.015868666534299747,1,3696,Critical
-1,-0.020606181927848466,1,3696,Critical
1,0.09634666031427364,0,3694,Medium
1,0.035594909636440186,0,3651,Critical
1,0.022498804881901147,0,3649,Critical
1,0.06593791457280751,0,3646,Critical
1,0.03364367925173084,0,3646,Critical
1,0.06640702505014728,0,3646,Critical
1,0.06613395664851018,0,3646,Critical
1,0.17404723369796443,0,3643,Critical
1,0.1698960904285115,0,3643,Critical
1,0.16835280391787566,0,3643,Critical
1,0.12390018547548737,0,3638,Medium
1,0.12669112149293033,0,3634,Critical
1,0.11542067548594187,0,3634,Low
1,0.15237811859391603,0,3626,Critical
1,0.16023975283140285,0,3626,Critical
1,0.15237811859391603,0,3626,Critical
1,0.1848626447047792,0,3616,Critical
1,0.09779090906411841,0,3616,Critical
1,0.09075386466844998,0,3616,Critical
1,0.09793461779707119,0,3616,Critical
1,0.09715380697366016,0,3616,Critical
1,0.09715380697366016,0,3616,Low
1,0.09625992045638443,0,3616,Low
1,0.0335079258202462,0,3611,Healthy
1,0.17852725602307684,0,3609,Critical
1,0.11046460516445616,0,3607,Medium
1,0.16574176742657515,0,3597,Critical
-1,-0.014067533970260393,1,3596,Critical
1,0.18597030211374793,0,3593,Critical
1,0.1340840272576851,0,3590,Critical
1,0.15269127975516794,0,3590,Critical
1,0.1184230045022921,0,3589,Critical
1,0.09668884758369889,0,3588,Critical
1,0.061245352334966974,0,3587,Critical
1,0.1784891286627976,0,3585,Critical
1,0.13679775062427668,0,3585,Critical
1,0.17338241486037348,0,3585,Critical
1,0.17066177841792468,0,3585,Critical
1,0.14488130616335065,0,3585,Critical
1,0.14488130616335065,0,3585,Medium
1,0.17338241486037348,0,3585,Medium
1,0.14064012786673868,0,3584,Critical
-1,-0.07727545785155776,1,3583,Critical
-1,-0.07858822075532201,1,3583,Critical
-1,-0.07692558025159124,1,3583,Critical
-1,-0.08074897368259237,1,3583,Critical
1,0.11581660587475834,0,3578,Critical
1,0.13315590442428965,0,3578,Critical
1,0.12887976726270373,0,3578,Critical
1,0.13365853094814656,0,3578,Critical
1,0.12887976726270373,0,3578,Critical
-1,-0.10732116573550676,1,3574,Healthy
-1,-0.10894531484208814,1,3574,Healthy
1,0.13505222596311245,0,3571,Low
1,0.1354283253067174,0,3571,Critical
1,0.14437897730361943,0,3565,Critical
1,0.0972993873565427,0,3565,Critical
1,0.09339134141453953,0,3565,Critical
1,0.13380167719652786,0,3565,Critical
1,0.18519073173871342,0,3562,Medium
1,0.19730787638146496,0,3562,Critical
1,0.1922166885089412,0,3562,Critical
1,0.18519073173871342,0,3562,Critical
1,0.1972621228433587,0,3562,Critical
1,0.1868447837699378,0,3561,Low
1,0.19099035876989112,0,3561,Low
1,0.19151982043079618,0,3561,Low
1,0.1824972210452931,0,3561,Low
1,0.18829525474233189,0,3561,Low
1,0.1252650621022352,0,3558,Critical
1,0.10656832366599128,0,3558,Critical
1,0.1747196254374983,0,3555,Critical
1,0.16639950435018247,0,3554,Critical
1,0.11877258739695806,0,3550,Low
1,0.18416073468064287,0,3549,Critical
1,0.11382781696295519,0,3547,Low
1,0.19103645529004892,0,3546,Critical
-1,-0.024771814601990738,1,3542,Critical
-1,-0.029339600808658384,1,3542,Critical
-1,-0.02625194233927397,1,3542,Critical
1,0.021918946568247777,0,3537,Medium
1,0.07519242251398867,0,3487,Critical
1,0.12792563647888622,0,3486,Critical
1,0.1298606166364477,0,3486,Critical
1,0.12748994925482238,0,3486,Critical
1,0.02373243293113969,0,3483,Critical
1,0.10955892128427125,0,3480,Critical
1,0.10962618866479806,0,3480,Critical
1,0.07771545189074303,0,3480,Critical
1,0.11294718641036905,0,3480,Critical
1,0.11370283967486133,0,3471,Low
1,0.12563575564909957,0,3471,Critical
1,0.11130736404455044,0,3469,Medium
1,0.14613587144300766,0,3460,Critical
1,0.15505605477235795,0,3460,Critical
1,0.14613587144300766,0,3460,Critical
1,0.18952615101535708,0,3453,Critical
1,0.1988257790642438,0,3452,Critical
1,0.19341606643819692,0,3452,Critical
1,0.19836799321322146,0,3452,Critical
1,0.1988257790642438,0,3452,Critical
1,0.1988257790642438,0,3452,Low
1,0.19736151209225306,0,3452,Low
1,0.17212221784455756,0,3446,Critical
1,0.09882808231381662,0,3444,Medium
-1,-0.06266515166010422,1,3439,Healthy
-1,-0.034941672653825195,1,3439,Healthy
-1,-0.06455991386978022,1,3439,Healthy
1,0.14722574535086158,0,3436,Critical
1,0.17656202530803428,0,3434,Critical
-1,-0.00028279632760785933,1,3433,Critical
1,0.1071313221084011,0,3430,Critical
1,0.11613502698977185,0,3429,Critical
1,0.16443831101036288,0,3425,Medium
1,0.18909158075960397,0,3425,Medium
1,0.19305112983676054,0,3425,Critical
1,0.1553703942779628,0,3425,Critical
1,0.18909158075960397,0,3425,Critical
1,0.18705672436837323,0,3425,Critical
1,0.16443831101036288,0,3425,Critical
1,0.13597265581088452,0,3424,Critical
1,0.15319260798811396,0,3424,Critical
1,0.13021625125580283,0,3422,Critical
-1,-0.018657057052714143,1,3421,Critical
-1,-0.02013698758405047,1,3421,Critical
-1,-0.018339594573768547,1,3421,Critical
-1,-0.02169270657589062,1,3421,Critical
1,0.05352683157867211,0,3421,Critical
1,0.1803795089450081,0,3414,Low
1,0.1806539570950666,0,3414,Critical
1,0.12617502970613714,0,3411,Critical
1,0.08018594332322482,0,3411,Critical
1,0.07700025418410111,0,3411,Critical
1,0.11602135931796992,0,3411,Critical
1,0.11140280314818646,0,3411,Critical
1,0.13057165802727594,0,3411,Critical
1,0.12656696304802534,0,3411,Critical
1,0.13110673075308238,0,3411,Critical
1,0.12656696304802534,0,3411,Critical
1,0.1531254989114485,0,3408,Medium
1,0.166868579391454,0,3408,Critical
1,0.16143689603831218,0,3408,Critical
1,0.1531254989114485,0,3408,Critical
1,0.16721472393482262,0,3408,Critical
1,0.14183791674469187,0,3401,Critical
1,0.12625658851279403,0,3401,Critical
1,0.12859280658342515,0,3392,Critical
1,0.18162001400107924,0,3391,Critical
1,0.18556279632260064,0,3391,Critical
1,0.18556897809967116,0,3391,Critical
1,0.17621124577859654,0,3391,Critical
1,0.1827382646241652,0,3391,Critical
1,0.16495482945164758,0,3391,Critical
1,0.15916179657311313,0,3389,Critical
1,0.17651510709005874,0,3386,Critical
1,0.10771186155533391,0,3384,Critical
1,0.11797830778404006,0,3381,Critical
-1,-0.008687018274183167,1,3380,Critical
-1,-0.0129802701120042,1,3380,Critical
-1,-0.010321652841848161,1,3380,Critical
1,0.03151057382127154,0,3376,Medium
1,0.18728688927482423,0,3323,Critical
1,0.18245521383356905,0,3323,Critical
1,0.1808036852892998,0,3323,Critical
1,0.061462147054963834,0,3319,Critical
1,0.07801264469495361,0,3317,Critical
1,0.07797100275981445,0,3317,Critical
1,0.04633977744731477,0,3317,Critical
1,0.08197912372206612,0,3317,Critical
1,0.006839700188789322,0,3315,Critical
1,0.12126274668844722,0,3310,Low
1,0.13067823727128658,0,3310,Critical
1,0.09500795230537079,0,3299,Medium
1,0.14199786677781495,0,3293,Critical
1,0.15219371070472387,0,3293,Critical
1,0.14279815515145727,0,3293,Critical
1,0.19565482288253105,0,3292,Critical
1,0.18914977516385878,0,3292,Critical
1,0.19534977901076656,0,3292,Critical
1,0.19534977901076656,0,3292,Low
1,0.1945410164488754,0,3292,Low
1,0.19501320955846518,0,3292,Critical
1,0.16099915870688902,0,3284,Critical
1,0.17091257181481434,0,3283,Critical
1,0.11656183901842093,0,3281,Medium
-1,-0.020133623336703765,1,3279,Healthy
-1,-0.016350805142917646,1,3279,Healthy
-1,-0.022701059299224613,1,3279,Healthy
1,0.13370900395080604,0,3273,Critical
1,0.17664249082655226,0,3271,Critical
1,0.005754421424731593,0,3267,Critical
1,0.15220114811136282,0,3267,Critical
1,0.09855823267086672,0,3265,Critical
1,0.16329086934164488,0,3264,Medium
1,0.18789682906818211,0,3264,Medium
1,0.027618448359013725,0,3264,Critical
1,0.025022738414219647,0,3264,Critical
1,0.030793763242466743,0,3264,Critical
1,0.023213860322318203,0,3264,Critical
1,0.19201595226186102,0,3264,Critical
1,0.1549362142940901,0,3264,Critical
1,0.18789682906818211,0,3264,Critical
1,0.18614259031775165,0,3264,Critical
1,0.16329086934164488,0,3264,Critical
1,0.0937359345505589,0,3261,Critical
1,0.16626724005857274,0,3260,Critical
1,0.1819377190590084,0,3260,Critical
1,0.16666102100669006,0,3260,Low
1,0.167593715697551,0,3260,Critical
1,0.04529001401080868,0,3259,Critical
1,0.16907598351201703,0,3251,Medium
1,0.18136783515323118,0,3251,Critical
1,0.17610872504921238,0,3251,Critical
1,0.16907598351201703,0,3251,Critical
1,0.18132318721334106,0,3251,Critical
1,0.14059472478362595,0,3248,Critical
1,0.19223628394005332,0,3248,Critical
1,0.14481761515768404,0,3248,Critical
1,0.1792443123592421,0,3248,Critical
1,0.11055796053880451,0,3245,Critical
1,0.1301659885028167,0,3245,Critical
1,0.12562604881045147,0,3245,Critical
1,0.12562604881045147,0,3245,Critical
1,0.13063985443734838,0,3245,Critical
1,0.12375620918147123,0,3235,Critical
1,0.10360515953236166,0,3235,Critical
1,0.1372800958084619,0,3232,Critical
1,0.14301073408632453,0,3232,Critical
1,0.14113949791897717,0,3231,Critical
1,0.111456630973647,0,3230,Critical
1,0.18124492787447044,0,3228,Critical
1,0.18519593474677526,0,3228,Critical
1,0.18519593474677526,0,3228,Critical
1,0.1762387994719532,0,3228,Critical
1,0.1818439847902687,0,3228,Critical
1,0.17824295886384223,0,3219,Critical
1,0.11773161904631763,0,3218,Critical
-1,-0.0019429703911207907,1,3215,Critical
-1,-0.00594622495940067,1,3215,Critical
-1,-0.0036573036018490157,1,3215,Critical
1,0.1634680790100525,0,3213,Medium
1,0.07348741459833769,0,3155,Critical
1,0.08429913085357499,0,3151,Critical
1,0.084283722154395,0,3151,Critical
1,0.05215048904595021,0,3151,Critical
1,0.08949237661166687,0,3151,Critical
1,0.1686878476599435,0,3150,Critical
1,0.1762669324830194,0,3150,Critical
1,0.1706683701696805,0,3150,Critical
1,0.12226971784181795,0,3147,Critical
1,0.13129399227282668,0,3147,Critical
1,0.000521011654931125,0,3145,Critical
1,0.07566026679402676,0,3136,Medium
1,0.17183569836756446,0,3130,Critical
1,0.1785775346521596,0,3130,Critical
1,0.17183569836756446,0,3130,Critical
1,0.19174239808081128,0,3125,Critical
1,0.18582631665104044,0,3125,Critical
1,0.1921876154883751,0,3125,Critical
1,0.19174239808081128,0,3125,Critical
1,0.19174239808081128,0,3125,Low
1,0.1919045574669429,0,3125,Low
1,0.1710671163059721,0,3120,Critical
1,0.18672538417405565,0,3118,Critical
1,0.08137540906848933,0,3117,Medium
1,0.06311036442747031,0,3111,Critical
1,0.006963772152749126,0,3110,Critical
1,0.004127797496719321,0,3110,Critical
1,0.008233149820362495,0,3110,Critical
1,0.0033532289101031454,0,3110,Critical
1,0.13561925652910495,0,3110,Critical
-1,-0.018277886599206816,1,3109,Healthy
-1,-0.024049482403434186,1,3109,Medium
-1,-0.02665446340892219,1,3109,Medium
1,0.14273841801999088,0,3103,Critical
1,0.17978620685388497,0,3103,Low
1,0.18065892128088618,0,3103,Critical
1,0.16138227044028491,0,3101,Critical
1,0.10258008664630036,0,3101,Critical
1,0.030344447905213845,0,3100,Critical
1,0.1698870327183737,0,3097,Critical
1,0.1871530735863386,0,3097,Critical
1,0.1561461208047102,0,3097,Medium
1,0.18169269586030595,0,3097,Medium
1,0.1863400381158365,0,3097,Critical
1,0.14823190887503912,0,3097,Critical
1,0.18169269586030595,0,3097,Critical
1,0.1806917433595871,0,3097,Critical
1,0.1561461208047102,0,3097,Critical
-1,-0.013780126217200261,1,3096,Critical
1,0.1800610680858109,0,3094,Critical
1,0.17492918317775652,0,3094,Critical
1,0.1682213539539597,0,3094,Critical
1,0.17492918317775652,0,3094,Critical
1,0.1682213539539597,0,3094,Medium
1,0.1236047267628167,0,3082,Critical
1,0.1874809690484514,0,3082,Critical
1,0.14136104871405503,0,3082,Critical
1,0.13678975794841108,0,3082,Critical
1,0.17433416399908652,0,3082,Critical
1,0.10611491506839238,0,3079,Critical
1,0.12341879710333781,0,3079,Critical
1,0.11993333296549868,0,3079,Critical
1,0.12351621736136581,0,3079,Critical
1,0.11993333296549868,0,3079,Critical
1,0.09345556318209036,0,3078,Critical
1,0.07351727991483542,0,3078,Critical
1,0.15413502087760483,0,3074,Critical
1,0.15905244079875153,0,3074,Critical
1,0.159141825551039,0,3074,Critical
1,0.14935240925425552,0,3074,Critical
1,0.155864731548224,0,3074,Critical
1,0.14853686229103008,0,3072,Critical
1,0.09562025037561439,0,3068,Critical
1,0.14210021979948034,0,3065,Critical
1,0.16614439945536202,0,3065,Critical
1,0.12064784491032149,0,3055,Critical
1,0.00620720455341528,0,3049,Critical
1,0.001888094286242481,0,3049,Critical
1,0.004517939087819944,0,3049,Critical
1,0.16417117798129266,0,3041,Low
1,0.07114560379115908,0,2992,Critical
1,0.1589966366983302,0,2984,Critical
1,0.15864222192815214,0,2984,Critical
1,0.12138976856566752,0,2984,Critical
1,0.16064623516765159,0,2984,Critical
1,0.003881001450830701,0,2983,Critical
1,0.18115013830163573,0,2981,Critical
1,0.1742537378375843,0,2981,Critical
1,0.1737915233643862,0,2981,Critical
1,0.09019814418367572,0,2975,Critical
1,0.1022047078225709,0,2975,Critical
1,0.11278168130473709,0,2970,Medium
1,0.18138301430279424,0,2964,Critical
1,0.18773744374181522,0,2964,Critical
1,0.18138301430279424,0,2964,Critical
1,0.17570721917504806,0,2962,Critical
1,0.16914236874581523,0,2962,Critical
1,0.1765373592926301,0,2962,Critical
1,0.17570721917504806,0,2962,Critical
1,0.17570721917504806,0,2962,Low
1,0.17532060176540892,0,2962,Low
1,0.18838490266408026,0,2955,Critical
-1,-0.09097799917629379,1,2953,Critical
1,0.02559051115891775,0,2953,Critical
1,0.02390529981235079,0,2953,Critical
1,0.027370167868317363,0,2953,Critical
1,0.02252636526152285,0,2953,Critical
1,0.18680434619022324,0,2951,Critical
1,0.16651199590770333,0,2949,Low
1,0.16764791292667303,0,2949,Critical
1,0.10720067426685514,0,2948,Medium
1,0.0052038074498882425,0,2945,Medium
1,0.019901825114582494,0,2945,Medium
1,0.003723617979032978,0,2945,Medium
1,0.13608163698682685,0,2943,Critical
1,0.07773580444588751,0,2941,Critical
1,0.17588607730653277,0,2938,Critical
1,0.11008545198563535,0,2938,Critical
1,0.1713154002269729,0,2936,Critical
1,0.1678555190355011,0,2936,Critical
1,0.1301758758853545,0,2936,Critical
1,0.16778967044657478,0,2936,Critical
1,0.16681024516767434,0,2936,Critical
1,0.13903204061333096,0,2936,Critical
1,0.13903204061333096,0,2936,Medium
1,0.16778967044657478,0,2936,Medium
1,0.04207617281869447,0,2936,Critical
1,0.19136625652411404,0,2931,Critical
1,0.18427603236580287,0,2931,Critical
1,0.17747678404178535,0,2931,Critical
1,0.19136625652411404,0,2931,Critical
1,0.17747678404178535,0,2931,Low
1,0.1664168237600568,0,2931,Critical
1,0.18604308226653082,0,2931,Critical
1,0.17012726701832315,0,2925,Critical
1,0.18311957985667776,0,2922,Critical
1,0.13409554788151246,0,2922,Critical
1,0.13107777949501542,0,2922,Critical
1,0.16986420547125625,0,2922,Critical
1,0.06944165272191449,0,2921,Critical
1,0.09142508981216357,0,2921,Critical
1,0.08825263222768931,0,2921,Critical
1,0.09103052343269585,0,2921,Critical
1,0.08825263222768931,0,2921,Critical
1,0.14967109213857188,0,2909,Critical
1,0.11773619885940839,0,2908,Critical
1,0.10554049356438538,0,2908,Critical
1,0.0939623576836282,0,2908,Critical
1,0.1860226229869787,0,2908,Critical
1,0.18935246598914052,0,2908,Critical
1,0.18935246598914052,0,2908,Critical
1,0.18080583560694996,0,2908,Critical
1,0.1866125205621656,0,2908,Critical
1,0.17265109826482328,0,2908,Critical
1,0.1942921094045834,0,2902,Critical
1,0.11920916557153799,0,2895,Critical
1,0.14725871200260054,0,2889,Critical
1,0.1422508834205996,0,2889,Critical
1,0.14622310915643666,0,2889,Critical
1,0.06156414473976968,0,2866,Low
1,0.05476442183259422,0,2830,Critical
-1,-0.0021884922832821063,1,2824,Critical
1,0.1866745717563803,0,2821,Critical
1,0.18389592732770293,0,2821,Critical
1,0.18344540493778938,0,2821,Critical
1,0.13414693831924263,0,2812,Critical
1,0.1337703077807092,0,2812,Critical
1,0.041414654339887336,0,2812,Critical
1,0.09436381102985203,0,2812,Critical
1,0.13458455913272038,0,2812,Critical
1,0.12465049913846449,0,2811,Critical
1,0.131782243365912,0,2811,Critical
1,0.13761421176368172,0,2810,Critical
1,0.14297245432611533,0,2810,Critical
1,0.13780262880611205,0,2810,Critical
1,0.12397330244910171,0,2803,Medium
-1,-0.03601790687399642,1,2800,Medium
-1,-0.04763438301707712,1,2800,Medium
-1,-0.048026715284909094,1,2800,Medium
1,0.19103397791938947,0,2796,Critical
1,0.18309943578389176,0,2796,Critical
1,0.19066946380016336,0,2796,Critical
1,0.19103397791938947,0,2796,Critical
1,0.19103397791938947,0,2796,Low
1,0.18970159315225976,0,2796,Low
1,0.17135656013675832,0,2790,Critical
1,0.05799533902775306,0,2787,Critical
1,0.18375606463121485,0,2785,Critical
1,0.14003561694492794,0,2785,Medium
1,0.18379718764446423,0,2785,Critical
1,0.011153524571653084,0,2780,Critical
1,0.14901493423261825,0,2780,Critical
1,0.15393349003601836,0,2779,Medium
1,0.1815006875507943,0,2779,Medium
1,0.185448880421214,0,2779,Critical
1,0.1849368577416819,0,2779,Critical
1,0.14365325123126726,0,2779,Critical
1,0.1815006875507943,0,2779,Critical
1,0.17967443981640085,0,2779,Critical
1,0.15393349003601836,0,2779,Critical
1,0.17256681705628896,0,2778,Critical
-1,-0.011036894781768947,1,2772,Critical
1,0.008463083185891729,0,2772,Critical
1,0.0068224345928519226,0,2772,Critical
1,0.009984394789022466,0,2772,Critical
1,0.005936530498708015,0,2772,Critical
1,0.15628988439567504,0,2771,Critical
1,0.07177201004250428,0,2771,Critical
1,0.17838337555634715,0,2765,Low
1,0.19241123795667775,0,2765,Critical
1,0.18659426377532512,0,2765,Critical
1,0.17838337555634715,0,2765,Critical
1,0.19346734109621394,0,2765,Critical
1,0.17332928850881918,0,2765,Critical
1,0.1893663676903401,0,2765,Critical
1,0.1718123779965502,0,2761,Critical
1,0.12357324857742086,0,2761,Critical
1,0.1581537086416684,0,2761,Critical
1,0.12018573386045961,0,2761,Critical
1,0.10119482745822234,0,2749,Critical
1,0.06307636490674956,0,2748,Critical
1,0.07888368308962779,0,2748,Critical
1,0.07517545801948566,0,2748,Critical
1,0.0786848458912735,0,2748,Critical
1,0.07517545801948566,0,2748,Critical
1,0.08027904344022757,0,2748,Critical
1,0.1264048682335121,0,2748,Critical
1,0.06028464851207038,0,2748,Critical
1,0.1655992412580306,0,2745,Critical
1,0.17050626409134712,0,2742,Critical
1,0.17916623723251957,0,2742,Critical
1,0.181621893871397,0,2742,Critical
1,0.181621893871397,0,2742,Critical
1,0.17215569088638333,0,2742,Critical
1,0.17932632905922974,0,2742,Critical
1,0.17121957374341817,0,2729,Critical
1,0.17329336274055834,0,2729,Critical
1,0.16946814321940473,0,2729,Critical
1,0.11412637426084682,0,2725,Critical
1,0.14966096778303634,0,2700,Low
1,0.062102018788717295,0,2666,Critical
1,0.019110998260456258,0,2657,Critical
-1,-0.00044805085739485495,1,2657,Critical
-1,-0.00044805085739485495,1,2657,Critical
-1,-0.00044805085739485495,1,2657,Critical
-1,-0.00044805085739485495,1,2657,Critical
-1,-0.012451379354504355,1,2656,Critical
1,0.18463850903516416,0,2651,Critical
1,0.17802359037409815,0,2651,Critical
1,0.17711942864127106,0,2651,Critical
1,0.10149156824482775,0,2642,Critical
1,0.11225837392034077,0,2642,Critical
1,0.1320501415899752,0,2640,Medium
1,0.1678308892088458,0,2633,Critical
1,0.16069059698843263,0,2633,Critical
1,0.16751723376379724,0,2633,Critical
1,0.1679468733621699,0,2633,Critical
1,0.1679468733621699,0,2633,Critical
1,0.166101158654466,0,2633,Critical
-1,-0.013660111529237184,1,2632,Medium
-1,-0.023317394336742292,1,2632,Medium
-1,-0.026522786719657465,1,2632,Medium
1,0.13581075815223914,0,2631,Critical
1,0.1399707367121268,0,2631,Critical
1,0.13616538914313842,0,2631,Critical
1,0.18272435681180177,0,2627,Healthy
1,0.181208575435854,0,2627,Critical
1,0.17792064372484012,0,2627,Medium
1,0.18272435681180177,0,2627,Critical
1,0.19028779852474798,0,2624,Critical
1,0.1404599292397093,0,2620,Critical
1,0.19027982651675407,0,2618,Critical
1,0.19027982651675407,0,2618,Critical
1,0.1497421067246419,0,2618,Critical
1,0.18715249865345263,0,2618,Critical
1,0.18498090941303463,0,2618,Critical
1,0.1607646504784762,0,2618,Critical
1,0.1607646504784762,0,2618,Medium
1,0.18715249865345263,0,2618,Medium
1,0.1322319621865149,0,2617,Critical
1,0.16723978668720418,0,2614,Critical
1,0.04568238958984239,0,2612,Critical
-1,-0.008479102021902052,1,2612,Healthy
1,0.17124243953219231,0,2612,Critical
1,0.10104057195601268,0,2611,Critical
1,0.1736289915794927,0,2598,Critical
1,0.16793117140414293,0,2598,Critical
1,0.15576955805311915,0,2598,Critical
1,0.1745014073215504,0,2598,Critical
1,0.15576955805311915,0,2598,Low
1,0.09527194831414482,0,2598,Critical
1,0.053465810021706694,0,2598,Critical
1,0.049031990115546153,0,2598,Critical
1,0.0797928595711681,0,2598,Critical
1,0.008758911876458275,0,2596,Critical
1,0.03206691685791763,0,2596,Critical
1,0.029456043851346703,0,2596,Critical
1,0.03315534855888114,0,2596,Critical
1,0.02807250480534562,0,2596,Critical
1,0.15087191748835577,0,2595,Critical
1,0.16553553530018428,0,2595,Critical
1,0.14318650623196316,0,2591,Critical
1,0.1530132956259998,0,2586,Critical
1,0.05758049043405805,0,2585,Critical
1,0.03738487319353079,0,2585,Critical
1,0.08932116068961454,0,2584,Critical
1,0.1106448472989941,0,2584,Critical
1,0.10722730998146318,0,2584,Critical
1,0.11033421256982268,0,2584,Critical
1,0.10722730998146318,0,2584,Critical
1,0.17242192358876363,0,2582,Critical
1,0.17476349960809306,0,2582,Critical
1,0.17476349960809306,0,2582,Critical
1,0.16688953101779308,0,2582,Critical
1,0.17256110480733683,0,2582,Critical
1,0.15714931551310335,0,2581,Critical
1,0.19348002853867857,0,2579,Critical
1,0.1728229900635107,0,2569,Critical
1,0.16810790587777807,0,2569,Critical
1,0.17111964259466933,0,2569,Critical
1,0.06435718183557554,0,2568,Critical
1,0.12906822600752282,0,2531,Low
1,0.05080551778457687,0,2498,Critical
1,0.12295341454697961,0,2497,Critical
1,0.09898378190861795,0,2497,Critical
1,0.09898378190861795,0,2497,Critical
1,0.09898378190861795,0,2497,Critical
1,0.09898378190861795,0,2497,Critical
1,0.18947035911210458,0,2491,Critical
1,0.18545528912905662,0,2491,Critical
1,0.18531062831364797,0,2491,Critical
-1,-0.012067205741987275,1,2486,Critical
1,0.11562574708950452,0,2482,Critical
1,0.12381126525806208,0,2482,Critical
1,0.12156632812735574,0,2477,Low
-1,-0.00028126895959912357,1,2470,Medium
1,0.009468454546477378,0,2470,Medium
-1,-0.003591047682379278,1,2470,Medium
1,0.1536949979481806,0,2465,Critical
1,0.15959297860836813,0,2465,Critical
1,0.15360438464102222,0,2465,Critical
1,0.19070751415200465,0,2464,Critical
1,0.1833595520668071,0,2464,Critical
1,0.19132413966300793,0,2464,Critical
1,0.19070751415200465,0,2464,Critical
1,0.19070751415200465,0,2464,Critical
1,0.1902515080088545,0,2464,Critical
1,0.13578202713439674,0,2463,Critical
1,0.1764800303033101,0,2461,Critical
1,0.17426119702405507,0,2461,Critical
1,0.17426119702405507,0,2461,Healthy
1,0.1778729495244083,0,2461,Low
1,0.16082845686210945,0,2460,Critical
1,0.15578421055214986,0,2460,Critical
1,0.12523665101069387,0,2460,Low
1,0.15575617620455706,0,2460,Low
1,0.16082845686210945,0,2460,Critical
1,0.11343709965522863,0,2460,Critical
1,0.15575617620455706,0,2460,Critical
1,0.15443248272027915,0,2460,Critical
1,0.12523665101069387,0,2460,Critical
1,0.14928921546024437,0,2458,Critical
-1,-0.006987777171842291,1,2457,Critical
1,0.08800551582459959,0,2454,Critical
1,0.09194417061692373,0,2453,Critical
1,0.16591545378619504,0,2449,Critical
-1,-0.007197088524366513,1,2444,Critical
1,0.015661778635367662,0,2444,Critical
1,0.012045171127218701,0,2444,Critical
1,0.016702774226253658,0,2444,Critical
1,0.010461678955351439,0,2444,Critical
1,0.10845937588902083,0,2441,Critical
1,0.06181109566308096,0,2441,Critical
1,0.05719911535346012,0,2441,Critical
1,0.09245134810194233,0,2441,Critical
1,0.18696039255561148,0,2438,Critical
1,0.17999897214972765,0,2438,Critical
1,0.17224569375243132,0,2438,Critical
1,0.18696039255561148,0,2438,Critical
1,0.17224569375243132,0,2438,Low
1,0.19341240471177457,0,2432,Critical
1,0.17792536267721148,0,2432,Critical
1,0.12232773802278102,0,2427,Critical
1,0.048700558138781935,0,2426,Critical
1,0.02760091464166059,0,2426,Critical
1,0.1250453999176418,0,2425,Critical
1,0.1250266162711146,0,2423,Critical
1,0.10072694156362993,0,2420,Critical
1,0.12001053805770978,0,2420,Critical
1,0.11744740868115189,0,2420,Critical
1,0.1195757392802681,0,2420,Critical
1,0.11744740868115189,0,2420,Critical
1,0.18925484776112433,0,2419,Critical
1,0.18995155738380898,0,2419,Critical
1,0.18995155738380898,0,2419,Critical
1,0.18333820310547227,0,2419,Critical
1,0.18895560494598707,0,2419,Critical
1,0.16597802652095706,0,2416,Critical
1,0.17908134353964056,0,2409,Critical
1,0.17417448351950282,0,2409,Critical
1,0.17692078277485263,0,2409,Critical
1,0.06217311832411421,0,2408,Critical
1,0.135508687302703,0,2371,Low
1,0.021864808028875804,0,2339,Critical
1,0.12221303152092972,0,2328,Critical
1,0.09678041964283962,0,2328,Critical
1,0.09678041964283962,0,2328,Critical
1,0.09678041964283962,0,2328,Critical
1,0.09678041964283962,0,2328,Critical
1,0.17887382580398453,0,2324,Critical
1,0.1738826188633959,0,2324,Critical
1,0.17362952294306072,0,2324,Critical
-1,-0.003699017253386283,1,2324,Critical
1,0.11279683560114656,0,2319,Critical
1,0.12053059967045443,0,2319,Critical
1,0.11929165100942829,0,2307,Low
1,0.1756869289482335,0,2305,Critical
1,0.18272642978453718,0,2305,Critical
1,0.1756869289482335,0,2305,Critical
1,1.3640793654734473e-05,0,2300,Medium
1,0.010798484864194213,0,2300,Medium
-1,-0.002563909714637158,1,2300,Medium
1,0.10339138245138751,0,2299,Critical
1,0.19784053835059323,0,2298,Healthy
1,0.19973721530456595,0,2298,Critical
1,0.20025555823003421,0,2298,Low
1,0.19784053835059323,0,2298,Critical
1,0.15306103004782912,0,2297,Low
1,0.17943961710783923,0,2297,Low
1,0.14137478325276348,0,2297,Critical
1,0.17034078811970627,0,2297,Critical
1,0.1830948833633086,0,2297,Critical
1,0.18301699547572586,0,2297,Critical
1,0.14311849232569385,0,2297,Critical
1,0.17943961710783923,0,2297,Critical
1,0.1782389160783116,0,2297,Critical
1,0.15306103004782912,0,2297,Critical
1,0.11855259870484575,0,2296,Critical
1,0.12346722938687527,0,2296,Critical
1,0.1249498486841285,0,2296,Critical
1,0.1249498486841285,0,2296,Critical
1,0.12439393647755853,0,2296,Critical
1,0.12214416681402962,0,2296,Critical
1,0.04827913641800219,0,2294,Critical
1,0.057850629215176474,0,2293,Critical
1,0.19024398112083207,0,2292,Critical
-1,-0.1558225050495824,1,2284,Healthy
1,0.17069807099348377,0,2282,Critical
1,0.0036973713544532494,0,2281,Critical
1,0.021156421572204098,0,2281,Critical
1,0.020782316712232962,0,2281,Critical
1,0.021002664440951224,0,2281,Critical
1,0.019122669870243802,0,2281,Critical
1,0.1602767267249403,0,2278,Low
1,0.17778636420496907,0,2278,Critical
1,0.16879056555974525,0,2278,Critical
1,0.1602767267249403,0,2278,Critical
1,0.17778636420496907,0,2278,Critical
1,0.15979479586025575,0,2277,Critical
1,0.11069559610435725,0,2277,Critical
1,0.11010021732765735,0,2277,Critical
1,0.14686897055506487,0,2277,Critical
1,0.15934681298532327,0,2275,Critical
1,0.17568234537104765,0,2275,Critical
1,0.09356749122295765,0,2268,Critical
1,0.1078329295404234,0,2266,Critical
1,0.08365629489902215,0,2266,Critical
1,0.13545204854458343,0,2263,Critical
1,0.14993457555064393,0,2261,Critical
1,0.07470202471370768,0,2257,Critical
1,0.054791528589198224,0,2257,Critical
1,0.07723684326623531,0,2257,Critical
1,0.07470202471370768,0,2257,Critical
1,0.07836046354804527,0,2257,Critical
1,0.17246653148664243,0,2256,Critical
1,0.17500816697841293,0,2256,Critical
1,0.17462454744340927,0,2256,Critical
1,0.16604936675802673,0,2256,Critical
1,0.17308177809462272,0,2256,Critical
1,0.17398106885258252,0,2256,Critical
1,0.15409958843041227,0,2255,Critical
1,0.14929590646053492,0,2255,Critical
1,0.10198431902637395,0,2255,Critical
1,0.12429370093192726,0,2242,Critical
1,0.1169225422142634,0,2199,Low
1,0.15141956179527477,0,2167,Critical
1,0.12437047269715495,0,2167,Critical
1,0.12437047269715495,0,2167,Critical
1,0.12437047269715495,0,2167,Critical
1,0.12437047269715495,0,2167,Critical
1,0.04782668931146017,0,2166,Critical
1,0.1848682202226582,0,2161,Critical
1,0.17872636815204984,0,2161,Critical
1,0.17828122083759457,0,2161,Critical
-1,-0.01881223845488389,1,2154,Critical
1,0.10917719627685862,0,2149,Critical
1,0.11792657158351055,0,2149,Critical
1,0.09295853212747218,0,2141,Low
1,0.18272435681180177,0,2139,Critical
1,0.13745142665733068,0,2136,Critical
1,0.016049289508053732,0,2134,Medium
1,0.026806517358113346,0,2134,Medium
1,0.010571639269843502,0,2134,Medium
1,0.09648525827928423,0,2134,Critical
1,0.18288399275342115,0,2133,Critical
1,0.17398130532162437,0,2133,Critical
1,0.1815399530220813,0,2133,Critical
1,0.18288399275342115,0,2133,Critical
1,0.18288399275342115,0,2133,Critical
1,0.1793040904052181,0,2133,Critical
-1,-0.15200897716391115,1,2133,Healthy
1,0.1852332507405023,0,2133,Critical
1,0.14300392850750016,0,2133,Critical
1,0.18185066971852548,0,2133,Critical
1,0.18032994064721963,0,2133,Critical
1,0.15472693687570865,0,2133,Critical
1,0.15472693687570865,0,2133,Low
1,0.18185066971852548,0,2133,Low
1,0.18504306118053404,0,2133,Critical
1,0.1598509078636816,0,2132,Critical
1,0.16761962763069277,0,2132,Critical
1,0.1598509078636816,0,2132,Critical
1,0.19155773373642726,0,2131,Low
1,0.1887527429944314,0,2131,Healthy
1,0.19062029964884808,0,2131,Critical
1,0.1887527429944314,0,2131,Critical
1,0.14666723028845285,0,2131,Critical
1,0.031776252084426915,0,2123,Critical
1,0.1851736264961395,0,2122,Critical
1,0.16548296507232702,0,2122,Critical
1,0.1660351950199424,0,2115,Low
1,0.18481839900190888,0,2115,Critical
1,0.1763822928025372,0,2115,Critical
1,0.1660351950199424,0,2115,Critical
1,0.18481839900190888,0,2115,Critical
1,0.030472829245783428,0,2115,Critical
1,0.05054680969604952,0,2115,Critical
1,0.04898372224973202,0,2115,Critical
1,0.05148996185963772,0,2115,Critical
1,0.04719413407739892,0,2115,Critical
1,0.1768219778647664,0,2112,Critical
1,0.19167257553689382,0,2112,Critical
1,0.1768724176893139,0,2111,Critical
1,0.12823582656148402,0,2111,Critical
1,0.12679690272743283,0,2111,Critical
1,0.16250342177952354,0,2111,Critical
1,0.12448378360925466,0,2108,Critical
1,0.09215732822699241,0,2103,Critical
1,0.06876443712612823,0,2103,Critical
1,0.07155681562243704,0,2100,Critical
1,0.09170295522625233,0,2100,Critical
1,0.09631598942956249,0,2100,Critical
1,0.09170295522625233,0,2100,Critical
1,0.09290465437041473,0,2100,Critical
1,0.11878380937188482,0,2099,Critical
1,0.16780059876469683,0,2096,Critical
1,0.17105049360018537,0,2096,Critical
1,0.1706628831382887,0,2096,Critical
1,0.16196287508142088,0,2096,Critical
1,0.16872424523997603,0,2096,Critical
1,0.12446965352324713,0,2096,Critical
1,0.1575778844063424,0,2095,Critical
1,0.14574074340443394,0,2095,Critical
1,0.13960769643505022,0,2095,Critical
1,0.14300326306026767,0,2095,Critical
1,0.11887668655495037,0,2076,Critical
1,0.1103554058635614,0,2039,Low
1,0.15607831691297142,0,2004,Critical
1,0.1280934801754085,0,2004,Critical
1,0.1280934801754085,0,2004,Critical
1,0.1280934801754085,0,2004,Critical
1,0.1280934801754085,0,2004,Critical
1,0.05544070933202372,0,1998,Critical
1,0.19317941864556026,0,1995,Critical
1,0.1845564182894187,0,1995,Critical
1,0.1844247625694288,0,1995,Critical
1,0.09876064912101123,0,1992,Critical
1,0.10675244740104395,0,1992,Critical
-1,-0.008148752378548507,1,1988,Critical
1,0.14175160700585904,0,1979,Critical
1,0.1353978294984466,0,1979,Critical
1,0.14311600304020045,0,1979,Critical
1,0.14175160700585904,0,1979,Critical
1,0.14175160700585904,0,1979,Critical
1,0.14149818406693743,0,1979,Critical
1,0.0995674612880556,0,1978,Low
1,0.13867444642076776,0,1976,Critical
1,0.1300708411720578,0,1973,Critical
1,0.17426119702405507,0,1972,Critical
1,0.17636432020526854,0,1972,Critical
1,0.18262517176527782,0,1972,Critical
1,0.17636432020526854,0,1972,Critical
1,0.06545112352392168,0,1971,Critical
-1,-0.12155112426003611,1,1969,Medium
1,0.14730385612669894,0,1969,Low
1,0.17502481092243055,0,1969,Low
1,0.17836064886854536,0,1969,Critical
1,0.17836064886854536,0,1969,Critical
1,0.13686273447286934,0,1969,Critical
1,0.17502481092243055,0,1969,Critical
1,0.17396973749565897,0,1969,Critical
1,0.14730385612669894,0,1969,Critical
1,0.1486071923705794,0,1968,Medium
1,0.1511949504258801,0,1968,Critical
1,0.15138493386414836,0,1968,Low
1,0.1486071923705794,0,1968,Critical
1,0.004371484898448297,0,1968,Low
1,0.014464024719877289,0,1968,Low
-1,-0.0019302283889838234,1,1968,Low
1,0.1683142342796763,0,1962,Critical
1,0.04208901887665095,0,1959,Critical
1,0.16081417993786523,0,1958,Low
1,0.1753734981137528,0,1958,Critical
1,0.16954562038808735,0,1958,Critical
1,0.16081417993786523,0,1958,Critical
1,0.1753734981137528,0,1958,Critical
1,0.1654613428849252,0,1951,Critical
1,0.16751334090767173,0,1950,Critical
1,0.027358515348432033,0,1949,Critical
1,0.0506116406105942,0,1949,Critical
1,0.04823733870334346,0,1949,Critical
1,0.051368591484908355,0,1949,Critical
1,0.04631726027853955,0,1949,Critical
1,0.13172140222147727,0,1944,Critical
1,0.0850611075026258,0,1944,Critical
1,0.08432517519463195,0,1944,Critical
1,0.11579190661413091,0,1944,Critical
1,0.0973006290352792,0,1943,Critical
1,0.07152890421557828,0,1943,Critical
1,0.1601843321185109,0,1940,Critical
1,0.17457186934863533,0,1940,Critical
1,0.08195905162441847,0,1939,Critical
1,0.1158572210564568,0,1936,Critical
1,0.1705312933421474,0,1936,Critical
1,0.1723867889287808,0,1936,Critical
1,0.1723867889287808,0,1936,Critical
1,0.16438445694695175,0,1936,Critical
1,0.17138999901321772,0,1936,Critical
1,0.13015649078046793,0,1934,Critical
1,0.15427925168719775,0,1934,Critical
1,0.15087647652472863,0,1934,Critical
1,0.1596933823906212,0,1934,Critical
1,0.15087647652472863,0,1934,Critical
1,0.16103964306074808,0,1932,Critical
1,0.17267715723293253,0,1932,Critical
1,0.16653179807244062,0,1932,Critical
1,0.17037479449557053,0,1932,Critical
1,0.07954919985996245,0,1916,Critical
1,0.15473347118553926,0,1876,Low
1,0.14956782506860838,0,1835,Critical
1,0.12407975322162579,0,1835,Critical
1,0.12407975322162579,0,1835,Critical
1,0.12407975322162579,0,1835,Critical
1,0.12407975322162579,0,1835,Critical
1,0.04660647949396135,0,1835,Critical
-1,-0.01624915068562982,1,1828,Critical
1,0.1667400230893457,0,1828,Critical
1,0.16262419152265367,0,1828,Critical
1,0.16163356256289402,0,1828,Critical
1,0.06304430167208186,0,1816,Critical
1,0.07295864663412349,0,1816,Critical
1,0.0924056385477231,0,1816,Critical
1,0.12663373132896877,0,1813,Critical
1,0.12651785789291425,0,1812,Low
1,0.1403411696133151,0,1811,Low
1,0.16925137600101997,0,1811,Low
1,0.1738086765314762,0,1811,Critical
1,0.17406678983275642,0,1811,Critical
1,0.13009953372539323,0,1811,Critical
1,0.16925137600101997,0,1811,Critical
1,0.16847174155099015,0,1811,Critical
1,0.1403411696133151,0,1811,Critical
1,0.018976090553354363,0,1811,Critical
1,0.18488301983316863,0,1810,Critical
1,0.1776425004007144,0,1810,Critical
1,0.18484812189639033,0,1810,Critical
1,0.18488301983316863,0,1810,Critical
1,0.18488301983316863,0,1810,Critical
1,0.18252380438684745,0,1810,Critical
1,0.19784053835059323,0,1809,Critical
1,0.17781547303711032,0,1805,Medium
1,0.17996042694180003,0,1805,Critical
1,0.18102262075384418,0,1805,Low
1,0.17781547303711032,0,1805,Critical
1,0.14083738168783033,0,1803,Critical
1,0.1466733567940321,0,1803,Critical
1,0.14083738168783033,0,1803,Critical
-1,-0.003626348366538301,1,1802,Low
1,0.004188312120958049,0,1802,Low
-1,-0.0058194174499744955,1,1802,Low
1,0.024366800420061563,0,1798,Critical
1,0.1581531043159884,0,1796,Critical
1,0.1658189895082946,0,1795,Low
1,0.18519090409060912,0,1795,Critical
1,0.17774373318413272,0,1795,Critical
1,0.1658189895082946,0,1795,Critical
1,0.18519090409060912,0,1795,Critical
-1,-0.07664308881057724,1,1794,Medium
1,0.1679650283484972,0,1792,Critical
1,0.16770129285683433,0,1788,Critical
1,0.1510278591809044,0,1786,Critical
1,0.09492638501522305,0,1786,Critical
1,0.09329769579417863,0,1786,Critical
1,0.15193091874863834,0,1786,Critical
1,0.04612524634066262,0,1785,Critical
1,0.06928535771520478,0,1785,Critical
1,0.06664335586765191,0,1785,Critical
1,0.07073026693501477,0,1785,Critical
1,0.06530011447204004,0,1785,Critical
1,0.11673241412303148,0,1777,Critical
1,0.09011125337814224,0,1777,Critical
1,0.17596984985785658,0,1776,Critical
1,0.1904255570512869,0,1776,Critical
1,0.06095186503422484,0,1775,Critical
1,0.1809118857194147,0,1774,Critical
1,0.18402671735759452,0,1774,Critical
1,0.1596922276328171,0,1774,Critical
1,0.1747835798809062,0,1774,Critical
1,0.1747835798809062,0,1774,Critical
1,0.17893597403802697,0,1772,Critical
1,0.18198215337181856,0,1772,Critical
1,0.1820718863696285,0,1772,Critical
1,0.17272265784494234,0,1772,Critical
1,0.1795788707860838,0,1772,Critical
1,0.14933423916069188,0,1770,Critical
1,0.1743446179417335,0,1768,Critical
1,0.15565500562975437,0,1765,Critical
1,0.15011499133018202,0,1765,Critical
1,0.15274577788141958,0,1765,Critical
1,0.05041261919776774,0,1764,Critical
1,0.037147563776717574,0,1704,Low
1,0.012297403513877647,0,1669,Critical
-1,-0.008866735641347323,1,1667,Critical
1,0.09297158407842743,0,1666,Critical
1,0.09297158407842743,0,1666,Critical
1,0.11402692421453242,0,1666,Critical
1,0.09297158407842743,0,1666,Critical
1,0.09297158407842743,0,1666,Critical
-1,-0.03401022789667507,1,1659,Critical
-1,-0.03401022789667507,1,1659,Critical
-1,-0.03235943023570964,1,1659,Critical
-1,-0.05974099505320907,1,1658,Critical
-1,-0.05530591338264135,1,1658,Critical
1,0.12218392235838027,0,1654,Low
1,0.14948838839110284,0,1654,Low
1,0.15233643986203677,0,1654,Critical
1,0.11234499591806008,0,1654,Critical
1,0.14948838839110284,0,1654,Critical
1,0.148444583409519,0,1654,Critical
1,0.12218392235838027,0,1654,Critical
1,0.15302090981928906,0,1654,Critical
1,0.08372908363936027,0,1653,Critical
1,0.09124922020468945,0,1650,Critical
1,0.04600974827442317,0,1650,Critical
1,0.17518334446443035,0,1644,Critical
1,0.16550053225393213,0,1644,Critical
1,0.17353297325316652,0,1644,Critical
1,0.1750259684433828,0,1644,Critical
1,0.17496280397406783,0,1644,Critical
1,0.17051923635001898,0,1644,Critical
1,0.1887527429944314,0,1643,Critical
1,0.09735554990217271,0,1642,Low
1,0.11639585493362753,0,1639,Critical
1,0.12023348456402067,0,1639,Critical
1,0.11639585493362753,0,1639,Critical
1,0.1552597885894989,0,1639,Critical
1,0.18491912573251107,0,1636,Medium
1,0.18737210035487878,0,1636,Critical
1,0.18760978936863004,0,1636,Low
1,0.18491912573251107,0,1636,Critical
1,0.01376983825502287,0,1634,Low
1,0.021699244176927146,0,1634,Low
1,0.008544356779129902,0,1634,Low
1,0.1816503299591523,0,1632,Critical
1,0.17533825720466256,0,1631,Critical
1,0.05626955935244976,0,1630,Medium
1,0.0123488855163022,0,1630,Critical
1,0.15898866729759537,0,1629,Critical
1,0.10406523927425998,0,1629,Critical
1,0.10073507230459333,0,1629,Critical
1,0.1598739498545091,0,1629,Critical
1,0.09526081826430921,0,1626,Low
1,0.11206428356231984,0,1626,Critical
1,0.10641186480311832,0,1626,Critical
1,0.09526081826430921,0,1626,Critical
1,0.11206428356231984,0,1626,Critical
1,0.018382127166493567,0,1623,Critical
1,0.03838324715185759,0,1623,Critical
1,0.03665388922760904,0,1623,Critical
1,0.04096160624145739,0,1623,Critical
1,0.035110899591648814,0,1623,Critical
1,0.15481931045733743,0,1617,Critical
1,0.051709043428126544,0,1617,Critical
1,0.13568429962238737,0,1617,Critical
1,0.12856682351478788,0,1616,Critical
1,0.15465341412222017,0,1616,Critical
1,0.14633603800443368,0,1616,Critical
1,0.15733086741774494,0,1616,Critical
1,0.14633603800443368,0,1616,Critical
1,0.007278354257089115,0,1613,Critical
1,0.15243329915483905,0,1612,Critical
1,0.15594663732013198,0,1612,Critical
1,0.15610491098012047,0,1612,Critical
1,0.14501521237086262,0,1612,Critical
1,0.15220063794830158,0,1612,Critical
1,0.1380669806853293,0,1610,Critical
1,0.14927628989600927,0,1608,Critical
1,0.1438835544977684,0,1608,Critical
1,0.14696124065414795,0,1608,Critical
1,0.17385250236248528,0,1598,Critical
1,0.0945872127771793,0,1527,Critical
1,0.057620236386361656,0,1503,Critical
1,0.1012573251928337,0,1496,Critical
1,0.08299017464711661,0,1496,Critical
1,0.08299017464711661,0,1496,Critical
1,0.08299017464711661,0,1496,Critical
1,0.08299017464711661,0,1496,Critical
1,0.021153052178896736,0,1495,Critical
1,0.020244284852060646,0,1495,Critical
1,0.028110236314905945,0,1495,Critical
-1,-0.03295549745409776,1,1490,Critical
-1,-0.02816469990891579,1,1490,Critical
-1,-0.0017670712422049872,1,1490,Critical
1,0.11542107962402398,0,1489,Critical
-1,-0.0373774990187965,1,1489,Critical
1,0.1460284795521547,0,1487,Low
1,0.1745407861045184,0,1487,Low
1,0.17847307514565341,0,1487,Critical
1,0.17847307514565341,0,1487,Critical
1,0.1356002643489283,0,1487,Critical
1,0.1745407861045184,0,1487,Critical
1,0.1771567318303251,0,1487,Critical
1,0.1460284795521547,0,1487,Critical
1,0.1250987410413557,0,1484,Critical
1,0.1486071923705794,0,1480,Critical
1,0.1030114932455995,0,1479,Low
1,0.17768637814054672,0,1475,Critical
1,0.1685025022213551,0,1475,Critical
1,0.17678047889851284,0,1475,Critical
1,0.17780455156563074,0,1475,Critical
1,0.17757163443524798,0,1475,Critical
1,0.17445357943923084,0,1475,Critical
1,0.17510631164832097,0,1473,Critical
1,0.18200733782522638,0,1473,Critical
1,0.17510631164832097,0,1473,Critical
1,0.1640436474345115,0,1473,Critical
1,0.02115755986987622,0,1471,Low
1,0.031712757131183045,0,1471,Low
1,0.016012051215035905,0,1471,Low
1,0.09533084117990809,0,1470,Medium
1,0.15916729890160708,0,1469,Medium
1,0.16179861106294746,0,1469,Critical
1,0.16279515221370366,0,1469,Low
1,0.15916729890160708,0,1469,Critical
1,0.002298084261738942,0,1468,Critical
1,0.18587427193947942,0,1468,Critical
1,0.18810407892643066,0,1468,Critical
1,0.17715659070226591,0,1465,Critical
1,0.11948071981764269,0,1465,Critical
1,0.11639540056488357,0,1465,Critical
1,0.17813340676236505,0,1465,Critical
1,0.16785854825375007,0,1462,Critical
1,0.18427880824994491,0,1462,Critical
1,0.17796008828319476,0,1462,Critical
1,0.16785854825375007,0,1462,Critical
1,0.18427880824994491,0,1462,Critical
1,0.010569374306700796,0,1460,Critical
1,0.026034736067647835,0,1460,Critical
1,0.02597264166886304,0,1460,Critical
1,0.02651366847171477,0,1460,Critical
1,0.025636248981226295,0,1460,Critical
1,0.116623686472345,0,1452,Critical
1,0.14251309213077668,0,1452,Critical
1,0.13926529490071649,0,1452,Critical
1,0.1459482122258341,0,1452,Critical
1,0.13926529490071649,0,1452,Critical
1,0.16976978050898278,0,1450,Critical
1,0.15102146364182079,0,1450,Critical
1,0.18224188974265504,0,1450,Critical
1,0.15180095182864978,0,1450,Critical
1,0.12682289324058232,0,1450,Critical
1,0.17976731369986904,0,1450,Critical
1,0.18304950683178017,0,1450,Critical
1,0.1830875322828615,0,1450,Critical
1,0.17355907756151717,0,1450,Critical
1,0.18011769629250335,0,1450,Critical
1,0.14578237570044067,0,1448,Critical
1,0.14108956570198544,0,1448,Critical
1,0.1445710244031868,0,1448,Critical
1,0.14455916744045572,0,1447,Critical
1,0.1733357980329377,0,1444,Critical
1,0.17078773815652043,0,1432,Critical
1,0.08346094639331847,0,1370,Critical
1,0.040952769623723295,0,1339,Critical
1,0.11524089924875608,0,1328,Critical
-1,-0.05996269876680105,1,1327,Critical
1,0.019945751783542964,0,1327,Critical
1,0.01915589009767249,0,1327,Critical
1,0.027866231344384707,0,1327,Critical
-1,-0.060484428613826524,1,1327,Critical
1,0.1457493426334454,0,1327,Critical
1,0.12263113972937628,0,1327,Critical
1,0.12190593594154225,0,1327,Critical
1,0.12263113972937628,0,1327,Critical
1,0.12263113972937628,0,1327,Critical
1,0.08053817735337021,0,1326,Critical
1,0.18210645447373403,0,1326,Critical
1,0.18210645447373403,0,1326,Critical
1,0.14063547066010307,0,1326,Critical
1,0.17660827816506913,0,1326,Critical
1,0.17537051530074782,0,1326,Critical
1,0.15135330880903897,0,1326,Critical
1,0.15135330880903897,0,1326,Low
1,0.17660827816506913,0,1326,Low
1,0.10788010253950503,0,1324,Critical
1,0.06554744420107989,0,1323,Critical
1,0.12696120824084828,0,1319,Low
1,0.17781547303711032,0,1317,Critical
1,0.15169067608987669,0,1316,Critical
1,0.18484323749399423,0,1312,Critical
1,0.17590526202123508,0,1312,Critical
1,0.1840452887415825,0,1312,Critical
1,0.18484323749399423,0,1312,Critical
1,0.18484323749399423,0,1312,Critical
1,0.1811459236267708,0,1312,Critical
1,0.1606792682201011,0,1310,Critical
1,0.10024747812690177,0,1310,Low
1,0.1805568631988559,0,1307,Critical
-1,-0.01041420958204764,1,1306,Critical
1,0.03729861389413547,0,1305,Low
1,0.026525590496522145,0,1305,Low
1,0.023066607337516754,0,1305,Low
1,0.1361837498163287,0,1301,Critical
1,0.14551097377068034,0,1301,Critical
1,0.1361837498163287,0,1301,Critical
1,0.17666218782070936,0,1299,Critical
1,0.16991295223229808,0,1299,Critical
1,0.15913840796678957,0,1299,Critical
1,0.17666218782070936,0,1299,Critical
1,0.18227483077153012,0,1299,Critical
1,0.13046531197267586,0,1299,Critical
1,0.1484451677479292,0,1299,Critical
1,0.12249621044273878,0,1299,Critical
1,0.12017797419127402,0,1299,Critical
1,0.18323843003632562,0,1299,Critical
1,0.15913840796678957,0,1299,Critical
1,0.14682283351699799,0,1296,Critical
1,0.148415034649155,0,1296,Critical
1,0.14816236994136278,0,1296,Critical
1,0.1408197985909238,0,1296,Critical
1,0.14668326296894335,0,1296,Critical
1,0.03277804351837865,0,1296,Critical
1,0.05047922560200946,0,1296,Critical
1,0.04979327528311861,0,1296,Critical
1,0.05256920059782777,0,1296,Critical
1,0.049243748868430526,0,1296,Critical
1,0.14551254240823047,0,1295,Critical
1,0.16627240931648823,0,1295,Critical
1,0.16167412343652404,0,1295,Critical
1,0.16967300293582754,0,1295,Critical
1,0.16167412343652404,0,1295,Critical
1,0.14575806600145758,0,1295,Low
1,0.1488255291103669,0,1295,Critical
1,0.14728140917288068,0,1295,Low
1,0.14575806600145758,0,1295,Critical
1,0.07219996938034129,0,1293,Critical
1,0.07386639577610538,0,1293,Critical
1,0.0535330712311709,0,1293,Critical
1,0.13282843654979337,0,1284,Critical
1,0.12722538262256983,0,1284,Critical
1,0.131033468677987,0,1284,Critical
1,0.14607688130029345,0,1284,Critical
1,0.17980943184365888,0,1281,Critical
1,0.16365288152371837,0,1275,Critical
1,0.03806876525520553,0,1192,Critical
1,0.13373938264061558,0,1170,Critical
-1,-0.014078651787958973,1,1169,Critical
1,0.03403855060462124,0,1161,Critical
-1,-0.002879370404954562,1,1161,Critical
-1,-0.0027721443517799704,1,1161,Critical
1,0.005492192954685948,0,1161,Critical
1,0.03184547843134333,0,1161,Critical
1,0.07393928852366027,0,1160,Critical
1,0.14477224645231124,0,1160,Critical
1,0.11804877567504374,0,1158,Critical
1,0.09913437142090414,0,1158,Critical
1,0.09913437142090414,0,1158,Critical
1,0.09913437142090414,0,1158,Critical
1,0.09913437142090414,0,1158,Critical
1,0.1530951252797048,0,1156,Critical
1,0.15336939417154594,0,1156,Critical
1,0.10451208546527718,0,1156,Critical
1,0.14766181539052176,0,1156,Critical
1,0.1446256479589746,0,1156,Critical
1,0.11339049022952219,0,1156,Critical
1,0.11339049022952219,0,1156,Critical
1,0.14766181539052176,0,1156,Critical
1,0.07846384257248845,0,1155,Critical
1,0.16843712868214422,0,1152,Critical
1,0.13160528452768733,0,1152,Critical
1,0.001747930744503745,0,1149,Critical
1,0.18228670012613124,0,1147,Critical
1,0.18491912573251107,0,1147,Critical
1,0.08828031894459765,0,1146,Low
1,0.1821742000480961,0,1145,Critical
1,0.18052188302382027,0,1145,Critical
1,0.17121513368478142,0,1145,Critical
1,0.18054946505701686,0,1145,Critical
1,0.18052188302382027,0,1145,Critical
1,0.18052188302382027,0,1145,Critical
1,0.17731425116764332,0,1145,Critical
1,0.15381361479001898,0,1142,Critical
1,0.09355347693028626,0,1142,Critical
1,0.09143307995328093,0,1142,Critical
1,0.15381361479001898,0,1142,Critical
1,0.010160269407992528,0,1141,Low
1,0.01900155611408616,0,1141,Low
1,0.006614072400476623,0,1141,Low
1,0.1047863561313539,0,1138,Critical
1,0.12333595347271475,0,1138,Critical
1,0.1047863561313539,0,1138,Critical
1,0.17510605350233055,0,1136,Critical
1,0.1876360084589273,0,1136,Critical
1,0.14882634141546192,0,1136,Critical
1,0.1504993668095621,0,1136,Critical
1,0.13081637029660087,0,1136,Critical
1,0.14306347076426273,0,1135,Critical
1,0.14652434199303216,0,1135,Critical
1,0.14609875871723121,0,1135,Critical
1,0.13778966931337366,0,1135,Critical
1,0.14297906092779755,0,1135,Critical
1,0.15693408402613485,0,1135,Critical
1,0.17878619208921426,0,1135,Critical
1,0.1732249920216734,0,1135,Critical
1,0.18296791910308752,0,1135,Critical
1,0.1732249920216734,0,1135,Critical
1,0.16339039889652512,0,1133,Critical
1,0.1799778959433031,0,1133,Critical
1,0.17305309804107455,0,1133,Critical
1,0.16339039889652512,0,1133,Critical
1,0.1799778959433031,0,1133,Critical
1,0.11735941834345365,0,1131,Low
1,0.11470815723035088,0,1131,Critical
1,0.11133660464890788,0,1131,Critical
1,0.11735941834345365,0,1131,Critical
1,0.1279745755592815,0,1130,Critical
1,0.12410732700315291,0,1130,Critical
1,0.12562732003304217,0,1130,Critical
1,0.03462928202498339,0,1128,Critical
1,0.053252733932234175,0,1128,Critical
1,0.05041349766290304,0,1128,Critical
1,0.05561666116705111,0,1128,Critical
1,0.04868686971592484,0,1128,Critical
1,0.17647384652369408,0,1121,Critical
1,0.13443841142152607,0,1120,Critical
1,0.09990679313458617,0,1118,Critical
1,0.01151378065330766,0,1022,Critical
1,0.04289858268866176,0,1005,Critical
1,0.10644781719612267,0,1001,Critical
1,0.04823370199290866,0,998,Critical
1,0.04563391959283514,0,998,Critical
1,0.07728461114048302,0,994,Critical
1,0.132170579314554,0,994,Critical
1,0.05304225379700078,0,993,Critical
1,0.05193682293852553,0,993,Critical
1,0.059267048409956,0,993,Critical
1,0.12638265939067,0,992,Critical
1,0.15708814632972284,0,992,Critical
1,0.16094501718301468,0,992,Critical
1,0.16094501718301468,0,992,Critical
1,0.11733692678719043,0,992,Critical
1,0.15708814632972284,0,992,Critical
1,0.15520360637060598,0,992,Critical
1,0.12638265939067,0,992,Critical
1,0.18054922682918173,0,991,Critical
1,0.16017151932274865,0,991,Critical
1,0.16017151932274865,0,991,Critical
1,0.16017151932274865,0,991,Critical
1,0.16017151932274865,0,991,Critical
1,0.16119469439807116,0,989,Critical
1,0.07214396598552514,0,989,Critical
1,0.16374243396868043,0,985,Critical
1,0.12930582089252374,0,985,Critical
1,0.15569299303622647,0,984,Critical
1,0.10195711763682036,0,983,Low
1,0.008062120869775313,0,983,Critical
1,0.19531460177230597,0,982,Critical
1,0.1869693968244593,0,982,Critical
1,0.19407256869070294,0,982,Critical
1,0.19531460177230597,0,982,Critical
1,0.19531460177230597,0,982,Critical
1,0.19158478015425634,0,982,Critical
1,0.15916729890160708,0,981,Critical
1,0.13913636313296596,0,976,Critical
1,0.1570240498984945,0,976,Critical
1,0.1504604810307718,0,976,Critical
1,0.13913636313296596,0,976,Critical
1,0.1570797885252176,0,976,Critical
1,0.13865082217886482,0,976,Critical
1,0.16288507599635743,0,976,Critical
1,0.15912556034173586,0,976,Critical
1,0.16442019912882372,0,976,Critical
1,0.1448860918649973,0,976,Critical
1,0.1418621754442695,0,975,Critical
1,0.16477036497164188,0,975,Critical
1,0.1593547545087029,0,975,Critical
1,0.16829295735109678,0,975,Critical
1,0.1593547545087029,0,975,Critical
1,0.1834279532811613,0,973,Critical
1,0.12317952131405391,0,973,Critical
1,0.12084874923445132,0,973,Critical
1,0.1834279532811613,0,973,Critical
1,0.060538657394482664,0,972,Critical
1,0.08593053219935776,0,972,Critical
1,0.060538657394482664,0,972,Critical
1,0.16255507991597717,0,971,Low
1,0.16182426014035878,0,971,Critical
1,0.15800873133997761,0,971,Critical
1,0.16255507991597717,0,971,Critical
1,0.13101739467443158,0,969,Critical
1,0.13606017206388532,0,969,Critical
1,0.13570945050596062,0,969,Critical
1,0.12168592524467803,0,969,Critical
1,0.13103037634088743,0,969,Critical
1,0.02166121617999006,0,968,Critical
1,0.038289329707218545,0,968,Critical
1,0.03608068100287165,0,968,Critical
1,0.03842895302966831,0,968,Critical
1,0.035140030364340546,0,968,Critical
1,0.11798567051869374,0,967,Critical
-1,-0.029579061590639055,1,967,Critical
-1,-0.023077327345963794,1,967,Critical
-1,-0.0326311939996774,1,967,Critical
1,0.13435373192588812,0,964,Critical
1,0.13244605071698,0,964,Critical
1,0.13375235002426156,0,964,Critical
1,0.11482009177405161,0,961,Critical
1,0.12139685530112337,0,960,Critical
1,0.09146606230998522,0,856,Critical
1,0.06354908016995897,0,841,Critical
1,0.13847839347341068,0,835,Critical
1,0.15343465092877318,0,834,Critical
1,0.04189301213953034,0,832,Critical
1,0.0422062821819591,0,832,Critical
1,0.04185892367806687,0,832,Critical
1,0.04766075267392189,0,832,Critical
1,0.04076175068190835,0,832,Critical
1,0.08474636928580709,0,828,Critical
1,0.11981504933516929,0,828,Critical
1,0.12317935300994615,0,828,Critical
1,0.07660003414815464,0,828,Critical
1,0.11981504933516929,0,828,Critical
1,0.11599354005863421,0,828,Critical
1,0.08474636928580709,0,828,Critical
1,0.17164303548921594,0,828,Critical
1,0.15433281561154744,0,828,Critical
1,0.15433281561154744,0,828,Critical
1,0.15433281561154744,0,828,Critical
1,0.15433281561154744,0,828,Critical
1,0.12317935300994615,0,828,Critical
1,0.09144317340265362,0,828,Critical
1,0.1748023397468828,0,825,Critical
1,0.13757305673974868,0,823,Critical
1,0.19288520943246357,0,822,Critical
1,0.18426222309048884,0,822,Critical
1,0.19294099713670326,0,822,Critical
1,0.19294099713670326,0,822,Critical
1,0.18939544660137048,0,822,Critical
1,0.19165827515872425,0,822,Critical
1,0.15242770586411908,0,821,Critical
1,0.07316193265208759,0,820,Low
1,0.08674001347881072,0,820,Critical
-1,-0.051825884389361865,1,819,Critical
1,0.16237781836734505,0,819,Critical
1,0.10527170774522321,0,819,Critical
1,0.10284437380945494,0,819,Critical
1,0.08002380681118892,0,819,Critical
1,0.16237781836734505,0,819,Critical
1,0.04328052071673416,0,816,Critical
1,0.058557141107751454,0,816,Critical
1,0.04328052071673416,0,816,Critical
1,0.15881968537602803,0,813,Critical
1,0.17750616137493125,0,813,Critical
1,0.17191276039997533,0,813,Critical
1,0.15881968537602803,0,813,Critical
1,0.17768451690141557,0,813,Critical
1,0.14439345726952463,0,813,Critical
1,0.16385088063726327,0,813,Critical
1,0.17846886096496095,0,812,Critical
1,0.1726884924771488,0,812,Critical
1,0.15551808586512833,0,812,Critical
1,0.1726884924771488,0,812,Critical
1,0.1820535664893928,0,812,Critical
1,0.1668701767896461,0,811,Low
1,0.1656892633587691,0,811,Critical
1,0.16330610603596885,0,811,Critical
1,0.1668701767896461,0,811,Critical
1,0.19388767096748005,0,810,Critical
1,0.19670317186388364,0,810,Critical
1,0.17059194397387428,0,810,Critical
1,0.12077231864784721,0,807,Critical
1,0.11893997555448338,0,807,Critical
1,0.12105447425020371,0,807,Critical
1,0.14575806600145758,0,807,Critical
1,0.12395499024994161,0,805,Critical
1,0.12980090914871645,0,805,Critical
1,0.13012918456135508,0,805,Critical
1,0.11523443371192849,0,805,Critical
1,0.12554736445498388,0,805,Critical
1,0.025217506806699652,0,804,Critical
1,0.03716237201426531,0,804,Critical
1,0.035686435267109684,0,804,Critical
1,0.03842218210088011,0,804,Critical
1,0.035451535515300336,0,804,Critical
1,0.15239227530258365,0,804,Critical
1,0.101225947710267,0,803,Critical
1,0.15250882294894014,0,800,Critical
1,0.014303917418856282,0,799,Critical
1,0.021267651330644788,0,799,Critical
1,0.011480732523347137,0,799,Critical
1,0.02516100024990564,0,687,Critical
1,0.01882995428851464,0,673,Critical
1,0.033602955549059677,0,664,Critical
1,0.031907974997697486,0,664,Critical
1,0.13888238854344187,0,663,Critical
1,0.12452340741679435,0,662,Critical
1,0.04106025556298054,0,662,Critical
1,0.04079010718785159,0,662,Critical
1,0.04816876792197278,0,662,Critical
1,0.1321724179813475,0,660,Critical
1,0.13479703345418803,0,660,Critical
1,0.15209570296744557,0,660,Critical
1,0.12241534822206884,0,659,Critical
1,0.16723130595106306,0,659,Critical
1,0.18916775878784725,0,659,Critical
1,0.19843504179667237,0,659,Critical
1,0.19184028503988826,0,659,Critical
1,0.19767243506225823,0,659,Critical
1,0.19843504179667237,0,659,Critical
1,0.1983873900592597,0,659,Critical
1,0.19566335654795924,0,659,Critical
1,0.16723130595106306,0,659,Critical
1,0.16723130595106306,0,659,Critical
1,0.17935965463533005,0,659,Critical
1,0.1180921297884765,0,659,Critical
1,0.11503922662065236,0,659,Critical
1,0.16723130595106306,0,659,Critical
1,0.17935965463533005,0,659,Critical
1,0.06578604990719289,0,658,Critical
1,0.09470950467439793,0,658,Critical
1,0.09792322640718965,0,658,Critical
1,0.09792322640718965,0,658,Critical
1,0.05718243115882571,0,658,Critical
1,0.09470950467439793,0,658,Critical
1,0.0918695781341356,0,658,Critical
1,0.06578604990719289,0,658,Critical
1,0.06231983408899139,0,653,Critical
1,0.0889876048070028,0,653,Critical
1,0.06231983408899139,0,653,Critical
-1,-0.019057571969135934,1,653,Critical
1,0.06183452665178435,0,651,Critical
1,0.15739909915935857,0,650,Critical
1,0.15614322074642445,0,650,Critical
1,0.15238780017652914,0,650,Critical
1,0.15739909915935857,0,650,Critical
1,0.09699472689895133,0,650,Critical
1,0.1223915623111696,0,650,Critical
1,0.18769575166343672,0,650,Critical
1,0.190613011658273,0,650,Critical
1,0.16592332367226076,0,650,Critical
1,0.15039686303738342,0,649,Critical
1,0.16970943303221736,0,649,Critical
1,0.1757272619348918,0,649,Critical
1,0.16970943303221736,0,649,Critical
1,0.17940951123704002,0,649,Critical
1,0.1622914600924465,0,647,Critical
1,0.1673381102307066,0,647,Critical
1,0.167525320713878,0,647,Critical
1,0.1537325408208156,0,647,Critical
1,0.16196879102947342,0,647,Critical
1,0.14702616178382139,0,647,Critical
1,0.1635566694488208,0,647,Critical
1,0.13474180520819568,0,647,Critical
1,0.1312456138689801,0,646,Critical
1,0.12806133101456868,0,646,Critical
1,0.13058394439884652,0,646,Critical
1,0.15436622343506123,0,643,Critical
1,0.1721349964858611,0,643,Critical
1,0.16576415175072695,0,643,Critical
1,0.15436622343506123,0,643,Critical
1,0.17250656589952712,0,643,Critical
1,0.11735941834345365,0,642,Critical
1,0.01143395070832276,0,638,Critical
1,0.019665033045028202,0,638,Critical
1,0.019873077004941786,0,638,Critical
1,0.02018196480701695,0,638,Critical
1,0.019389299116992498,0,638,Critical
1,0.15486546017368208,0,637,Critical
1,0.16346597052043088,0,637,Critical
1,0.01403743509480504,0,628,Critical
1,0.023428796257367823,0,628,Critical
1,0.011826198577275404,0,628,Critical
-1,-0.025902480551884155,1,512,Critical
1,0.01401322528617388,0,505,Critical
1,0.1437667565237815,0,502,Critical
1,0.17258648668107923,0,502,Critical
1,0.10871373244228388,0,502,Critical
1,0.10664002687092683,0,502,Critical
1,0.17258648668107923,0,502,Critical
1,0.17625455239216808,0,501,Critical
1,0.1222533584359427,0,500,Critical
1,0.15972032756393406,0,499,Critical
1,0.19692500247537398,0,499,Critical
1,0.17587171825671444,0,499,Critical
1,0.17559100468361022,0,499,Critical
1,0.17664456894285957,0,499,Critical
1,0.17587171825671444,0,499,Critical
1,0.06442090715903448,0,498,Critical
1,0.06442090715903448,0,498,Critical
1,0.07076306035711216,0,498,Critical
1,0.05989410430475228,0,496,Critical
1,0.05825796045471393,0,496,Critical
1,0.15582897136059698,0,494,Critical
1,0.11813964345430528,0,492,Critical
1,0.1496624892495803,0,492,Critical
1,0.15294964164437952,0,492,Critical
1,0.15294964164437952,0,492,Critical
1,0.11027121967272474,0,492,Critical
1,0.1496624892495803,0,492,Critical
1,0.14783475401542767,0,492,Critical
1,0.11813964345430528,0,492,Critical
-1,-0.03202970717138398,1,491,Critical
1,0.1481780166028246,0,490,Critical
1,0.1071202650506703,0,490,Critical
1,0.08071501412345983,0,490,Critical
1,0.08071501412345983,0,490,Critical
1,0.097430232319694,0,490,Critical
1,0.17854704360375362,0,490,Critical
1,0.16851281565925924,0,490,Critical
1,0.17622011225840928,0,490,Critical
1,0.1794674261615487,0,490,Critical
1,0.1794674261615487,0,490,Critical
1,0.17399483113231123,0,490,Critical
1,0.15477405523702265,0,488,Critical
1,0.15285873956508533,0,488,Critical
1,0.15013216926164197,0,488,Critical
1,0.15477405523702265,0,488,Critical
1,0.12601852138014857,0,487,Critical
1,0.10640528300506169,0,486,Critical
1,0.17502932687128575,0,486,Critical
1,0.1805624158272065,0,486,Critical
1,0.18074324709824152,0,486,Critical
1,0.16725804732017374,0,486,Critical
1,0.17567411580694675,0,486,Critical
1,0.1380841505239404,0,486,Critical
1,0.15836163715078944,0,486,Critical
1,0.15565990381677852,0,486,Critical
1,0.07635974017884478,0,484,Critical
1,0.16191761382671388,0,483,Critical
1,0.1817931221139415,0,483,Critical
1,0.19215264241955082,0,483,Critical
1,0.1817931221139415,0,483,Critical
1,0.15393379694064663,0,483,Critical
1,0.1468607304886148,0,483,Critical
1,0.13380961595187452,0,483,Critical
1,0.15393379694064663,0,483,Critical
1,0.13380961595187452,0,483,Critical
1,0.12929784775577874,0,483,Critical
1,0.12744641966208697,0,483,Critical
1,0.12866953295837447,0,483,Critical
1,0.1897837272876794,0,483,Critical
1,0.16255507991597717,0,482,Critical
1,0.14120214688690763,0,477,Critical
1,0.14223308100438448,0,477,Critical
1,0.11205220868144394,0,477,Critical
1,0.0038843140179878333,0,477,Critical
1,0.01043655919526898,0,477,Critical
1,0.010421186801547244,0,477,Critical
1,0.01001987274909455,0,477,Critical
1,0.009770897018865132,0,477,Critical
1,0.14348976937557378,0,466,Critical
1,0.08058269250753114,0,461,Critical
1,0.10485087513884755,0,461,Critical
1,0.08058269250753114,0,461,Critical
-1,-0.004163983745479993,1,345,Critical
1,0.16955325064249632,0,339,Critical
-1,-0.0502738971390998,1,338,Critical
1,0.0053290272348872625,0,337,Critical
1,0.18460168655005849,0,336,Critical
1,0.166245755144577,0,336,Critical
1,0.1972371016622001,0,336,Critical
1,0.17774703980625323,0,336,Critical
1,0.1774914173542833,0,336,Critical
1,0.18460168655005849,0,336,Critical
1,0.12113946442406415,0,336,Critical
1,0.11902502922172858,0,336,Critical
1,0.17774703980625323,0,336,Critical
1,0.17774703980625323,0,336,Critical
1,0.14315098429507933,0,334,Critical
1,0.05144844500158818,0,334,Critical
1,0.051149680098045325,0,334,Critical
1,0.05827502545927976,0,334,Critical
1,0.11860565172569854,0,333,Critical
1,0.0854374598585943,0,333,Critical
1,0.10428728137034887,0,329,Critical
1,0.12535381945171037,0,329,Critical
1,0.09865951307043341,0,329,Critical
1,0.09700887563361432,0,329,Critical
1,0.09822838398441758,0,329,Critical
1,0.16264838265553871,0,328,Critical
1,0.1616525124700297,0,328,Critical
1,0.156321736840352,0,328,Critical
1,0.12056593947288086,0,328,Critical
1,0.0821583257305854,0,327,Critical
1,0.1085732059806746,0,327,Critical
1,0.0821583257305854,0,327,Critical
1,0.1742629239592487,0,326,Critical
1,0.17929677181457654,0,326,Critical
1,0.17935183299185692,0,326,Critical
1,0.16742488082290147,0,326,Critical
1,0.17513228112894186,0,326,Critical
1,0.03845241724128723,0,326,Critical
1,0.03751649813249691,0,326,Critical
1,0.16406738393456566,0,324,Critical
1,0.0631711624684908,0,324,Critical
1,0.09715835623757224,0,323,Critical
1,0.15726299936225374,0,323,Critical
1,0.1732949582373719,0,323,Critical
1,0.16552022247968484,0,323,Critical
1,0.15726299936225374,0,323,Critical
1,0.1732296133175582,0,323,Critical
1,0.1668701767896461,0,322,Critical
1,0.10761971057043257,0,321,Critical
1,0.19025335420865952,0,320,Critical
1,0.18070447500198533,0,320,Critical
1,0.1885019234143977,0,320,Critical
1,0.19025335420865952,0,320,Critical
1,0.1621903366967577,0,320,Critical
1,0.19039755674120706,0,320,Critical
1,0.18235516469508106,0,320,Critical
1,0.19025335420865952,0,320,Critical
1,0.18545855803314082,0,320,Critical
1,0.19218153988299164,0,320,Critical
1,0.15671627434500301,0,320,Critical
1,0.18235516469508106,0,320,Critical
1,0.12211600048039811,0,319,Critical
1,0.15203499043417112,0,319,Critical
1,0.15749283984528262,0,319,Critical
1,0.15749283984528262,0,319,Critical
1,0.11377835946460874,0,319,Critical
1,0.15203499043417112,0,319,Critical
1,0.1498601204839093,0,319,Critical
1,0.12211600048039811,0,319,Critical
1,0.0857792093840905,0,318,Critical
-1,-0.0030904742905255578,1,317,Critical
1,0.0018639251938644685,0,317,Critical
1,0.0016624887020166845,0,317,Critical
1,0.0021365577284068182,0,317,Critical
1,0.0012203174687139828,0,317,Critical
1,0.069395292444009,0,315,Critical
1,0.05182110554783326,0,310,Critical
1,0.07410405142464527,0,310,Critical
1,0.05182110554783326,0,310,Critical
1,0.17355332929807138,0,308,Critical
1,0.1765652840032756,0,308,Critical
1,0.14711345688399735,0,308,Critical
1,0.16945035679334758,0,179,Critical
1,0.0065870044206187695,0,176,Critical
1,0.04286495041664895,0,172,Critical
-1,-0.03906899814789411,1,172,Critical
1,0.06181570888589105,0,170,Critical
1,0.06053151118281691,0,170,Critical
1,0.06738366747961477,0,170,Critical
1,0.1956310055028237,0,169,Critical
1,0.12918996668658322,0,169,Critical
1,0.17625870546551248,0,169,Critical
1,0.16541336352496072,0,169,Critical
1,0.17625870546551248,0,169,Critical
1,0.14559894806815127,0,169,Critical
1,0.1392890325665152,0,169,Critical
1,0.12918996668658322,0,169,Critical
1,0.14479144271333944,0,169,Critical
1,0.17625870546551248,0,169,Critical
1,0.07600665600882173,0,169,Critical
1,0.17625870546551248,0,169,Critical
1,0.1887989262452115,0,166,Critical
1,0.14128651020577848,0,166,Critical
1,0.16017241498609025,0,166,Critical
1,0.12534045953358086,0,166,Critical
1,0.12322626267508158,0,166,Critical
1,0.1887989262452115,0,166,Critical
1,0.01533854308725291,0,163,Critical
1,0.07942903197580953,0,163,Critical
1,0.10622026645393767,0,163,Critical
1,0.07942903197580953,0,163,Critical
1,0.14854444634069225,0,163,Critical
1,0.11658525388113761,0,163,Critical
1,0.17585228421627946,0,163,Critical
1,0.18063625715845882,0,163,Critical
1,0.18092003270489382,0,163,Critical
1,0.1690186389565031,0,163,Critical
1,0.17523983437111135,0,163,Critical
1,0.14655926677070685,0,163,Critical
1,0.1224419337827819,0,163,Critical
1,0.07934509453431182,0,163,Critical
1,0.07738318199741517,0,163,Critical
1,0.07955978837499517,0,163,Critical
1,0.15739909915935857,0,162,Critical
1,0.1701350138802608,0,161,Critical
1,0.019517420826687393,0,161,Critical
1,0.04088018881859057,0,161,Critical
1,0.019517420826687393,0,161,Critical
1,0.1701350138802608,0,161,Critical
1,0.1652143390571108,0,161,Critical
1,0.12883661019474918,0,161,Critical
1,0.07817013238102383,0,161,Critical
1,0.11041950523161331,0,161,Critical
1,0.11362110348031779,0,161,Critical
1,0.11362110348031779,0,161,Critical
1,0.07088917348278218,0,161,Critical
1,0.11041950523161331,0,161,Critical
1,0.10848740693690262,0,161,Critical
1,0.07817013238102383,0,161,Critical
1,0.014409141770607592,0,161,Critical
1,0.1950344487196941,0,160,Critical
1,0.1865730546607916,0,160,Critical
1,0.19390721969031183,0,160,Critical
1,0.1950344487196941,0,160,Critical
1,0.1950344487196941,0,160,Critical
1,0.19124281951051497,0,160,Critical
1,0.16128337897028855,0,160,Critical
1,0.06215163548216651,0,160,Critical
1,0.06086497811070368,0,160,Critical
1,0.11805404727454927,0,159,Critical
1,0.009941691232796313,0,158,Critical
1,0.018753784969639975,0,158,Critical
1,0.017215737239453688,0,158,Critical
1,0.01809263847594733,0,158,Critical
1,0.016092295858739614,0,158,Critical
1,0.1480087508297493,0,158,Critical
1,0.15038494325590918,0,157,Critical
1,0.18010783012506354,0,157,Critical
1,0.1731089456978373,0,157,Critical
1,0.18255152691638876,0,157,Critical
1,0.1731089456978373,0,157,Critical
1,0.16028317373391265,0,154,Critical
1,0.1633540805035773,0,154,Critical
1,0.13688713497969668,0,154,Critical
1,0.15671067511848213,0,0,Critical
1,0.18274664525789974,0,0,Critical
1,0.19502236519589045,0,0,Critical
1,0.17559773871705386,0,0,Critical
1,0.049717480755075205,0,0,Critical
1,0.11252066710099357,0,0,Critical
1,0.11026487476162,0,0,Critical
1,0.18677686263198218,0,0,Critical
1,0.08360813449213428,0,0,Critical
1,0.1937354055949123,0,0,Critical
1,0.17559773871705386,0,0,Critical
1,0.11243525523834763,0,0,Critical
1,0.19502236519589045,0,0,Critical
1,0.07076294355652524,0,0,Critical
1,0.022002296685313172,0,0,Critical
1,0.15477405523702265,0,0,Critical
1,0.049717480755075205,0,0,Critical
1,0.007703827138472619,0,0,Critical
1,0.170764382730538,0,0,Critical
1,0.13616268556805566,0,0,Critical
1,0.11188504767666507,0,0,Critical
1,0.14444698784344212,0,0,Critical
1,0.07515647375629314,0,0,Critical
1,0.1434305344354579,0,0,Critical
1,0.14869447821862242,0,0,Critical
1,0.14869447821862242,0,0,Critical
1,0.1022660040472313,0,0,Critical
1,0.14444698784344212,0,0,Critical
1,0.042025280478659166,0,0,Critical
1,0.1424672427565732,0,0,Critical
1,0.11188504767666507,0,0,Critical
1,0.10158109011055066,0,0,Critical
1,0.04282480883772288,0,0,Critical
1,0.15242732638668227,0,0,Critical
1,0.17761825684533739,0,0,Critical
1,0.17277689435138677,0,0,Critical
1,0.18792724019203666,0,0,Critical
1,0.08261065941325596,0,0,Critical
1,0.19502236519589045,0,0,Critical
1,0.19111581000478506,0,0,Critical
1,0.19254281021382463,0,0,Critical
1,0.192385621481315,0,0,Critical
1,0.1805498156627408,0,0,Critical
1,0.18733427326098062,0,0,Critical
1,0.04187668863251137,0,0,Critical
1,0.1622528357879905,0,0,Critical
1,0.07515647375629314,0,0,Critical
1,0.16442902108462498,0,0,Critical
1,0.1622528357879905,0,0,Critical
1,0.18005995079936848,0,0,Critical
1,0.04905512351114372,0,0,Critical
1,0.04008478508292601,0,0,Critical
1,0.17277689435138677,0,0,Critical
1,0.16183201457943142,0,0,Critical
1,0.15399432185063316,0,0,Critical
1,0.1434305344354579,0,0,Critical
1,0.16183371245540157,0,0,Critical
-1,-0.01937796863154806,1,0,Critical
1,0.15156150740050411,0,0,Critical
-1,-0.013334504474610265,1,0,Critical
-1,-0.01499866391057314,1,0,Critical
-1,-0.014340880562536129,1,0,Critical
-1,-0.0143133104757307,1,0,Critical
1,0.17074167681890107,0,0,Critical
1,0.1292884730966719,0,0,Critical
1,0.12410691608371904,0,0,Critical
1,0.1497054322967284,0,0,Critical
1,0.10703425791291904,0,0,Critical
1,0.1577939134296389,0,0,Critical
1,0.10521028246577013,0,0,Critical
-1,-0.032275388631300306,1,0,Critical
1,0.1624837567315438,0,0,Critical
1,0.10139930540421138,0,0,Critical
1,0.05124251545051639,0,0,Critical
1,0.10470057800022137,0,0,Critical
1,0.17074167681890107,0,0,Critical
1,0.1622528357879905,0,0,Critical
1,0.1254020156161474,0,0,Critical
1,0.17589102491095465,0,0,Critical
1,0.1474097550403889,0,0,Critical
1,0.1623943263642078,0,0,Critical
1,0.09669983391383574,0,0,Critical
