kmeans_cluster,dbscan_cluster,calculated_RUL_tons,RUL_Class
0,0,80051,Healthy
1,1,79946,Medium
2,0,79888,Healthy
1,1,79780,Medium
0,0,79722,Healthy
1,1,79636,Healthy
1,1,79617,Medium
0,0,79553,Healthy
1,1,79468,Healthy
1,1,79453,Medium
0,0,79393,Healthy
1,1,79298,Healthy
1,1,79283,Medium
2,0,79226,Healthy
1,1,79134,Healthy
1,1,79113,Medium
2,0,79063,Healthy
1,1,78970,Healthy
1,1,78949,Medium
2,0,78900,Healthy
1,1,78799,Healthy
1,1,78785,Medium
2,0,78737,Healthy
3,2,78635,Healthy
1,1,78621,Medium
2,0,78571,Healthy
3,2,78471,Healthy
1,1,78457,Medium
2,0,78398,Healthy
3,3,78310,Healthy
1,1,78289,Medium
2,0,78246,Healthy
3,3,78147,Healthy
1,1,78121,Medium
0,0,78083,Healthy
3,3,77977,Healthy
1,1,77953,Medium
0,0,77908,Healthy
1,1,77835,Healthy
3,2,77819,Healthy
1,1,77785,Medium
0,0,77741,Healthy
1,1,77672,Healthy
1,1,77661,Healthy
3,3,77655,Healthy
1,1,77617,Medium
0,0,77572,Healthy
1,1,77512,Healthy
3,3,77496,Healthy
1,1,77493,Healthy
1,1,77448,Medium
0,0,77409,Healthy
1,1,77387,Healthy
1,1,77357,Healthy
1,1,77340,Healthy
3,2,77334,Healthy
1,1,77323,Healthy
2,0,77284,Medium
2,0,77240,Healthy
1,1,77219,Healthy
1,1,77197,Healthy
1,1,77172,Healthy
2,0,77170,Healthy
1,1,77159,Healthy
2,0,77120,Medium
0,0,77070,Healthy
1,1,77049,Healthy
1,1,77040,Healthy
2,0,77009,Healthy
1,1,77001,Healthy
1,1,76995,Healthy
2,0,76947,Medium
0,0,76907,Healthy
1,1,76886,Healthy
1,1,76876,Healthy
1,0,76853,Healthy
1,1,76838,Healthy
1,1,76825,Healthy
2,0,76775,Medium
0,0,76744,Healthy
1,1,76722,Healthy
1,1,76718,Healthy
1,1,76685,Healthy
1,1,76674,Healthy
3,2,76660,Healthy
2,0,76615,Medium
2,0,76584,Healthy
1,1,76554,Healthy
1,1,76551,Healthy
2,0,76525,Healthy
1,1,76503,Healthy
3,2,76496,Healthy
2,0,76454,Medium
0,0,76424,Healthy
1,1,76391,Healthy
3,2,76387,Healthy
2,0,76362,Healthy
3,2,76339,Healthy
3,3,76335,Healthy
2,0,76288,Medium
2,0,76257,Healthy
1,1,76225,Healthy
3,2,76223,Healthy
2,0,76198,Healthy
3,2,76175,Healthy
3,3,76172,Healthy
2,0,76122,Medium
2,0,76094,Healthy
1,1,76063,Healthy
3,3,76061,Healthy
2,0,76038,Healthy
3,3,76013,Healthy
3,2,76012,Healthy
2,0,75958,Medium
0,0,75919,Healthy
1,1,75903,Healthy
3,3,75899,Healthy
2,0,75878,Healthy
3,3,75851,Healthy
3,3,75851,Healthy
2,0,75795,Medium
0,0,75753,Healthy
1,1,75740,Healthy
3,2,75739,Healthy
2,0,75718,Healthy
3,2,75691,Healthy
3,3,75681,Healthy
2,0,75632,Medium
2,0,75586,Healthy
1,1,75584,Healthy
3,3,75577,Healthy
2,0,75555,Healthy
3,3,75529,Healthy
3,2,75523,Healthy
2,0,75469,Medium
0,0,75426,Healthy
1,1,75416,Healthy
3,3,75407,Healthy
2,0,75395,Healthy
3,3,75359,Healthy
3,3,75359,Healthy
2,0,75305,Medium
1,1,75261,Healthy
0,0,75260,Healthy
3,2,75250,Healthy
2,0,75232,Healthy
3,3,75200,Healthy
3,3,75200,Healthy
2,0,75142,Medium
1,1,75097,Healthy
2,0,75097,Healthy
3,3,75086,Healthy
0,0,75069,Healthy
3,2,75038,Healthy
3,2,75038,Healthy
2,0,74976,Medium
0,0,74937,Healthy
1,1,74927,Healthy
3,3,74926,Healthy
2,0,74912,Healthy
2,0,74874,Healthy
2,0,74874,Healthy
2,0,74809,Medium
0,0,74774,Healthy
3,2,74765,Healthy
1,1,74763,Healthy
0,0,74740,Healthy
2,0,74713,Healthy
2,0,74713,Healthy
2,0,74646,Medium
2,-1,74613,Healthy
2,0,74610,Healthy
1,1,74601,Healthy
2,0,74601,Healthy
1,0,74557,Healthy
1,0,74557,Healthy
2,0,74483,Medium
2,0,74454,Healthy
0,0,74444,Healthy
2,0,74439,Healthy
1,1,74433,Healthy
1,1,74389,Healthy
1,1,74389,Healthy
2,0,74313,Medium
2,0,74293,Healthy
1,0,74283,Healthy
0,0,74281,Healthy
1,1,74272,Healthy
2,0,74229,Healthy
2,0,74229,Healthy
2,0,74144,Medium
2,0,74135,Healthy
0,0,74118,Healthy
1,1,74115,Healthy
1,1,74110,Healthy
2,0,74065,Healthy
2,0,74065,Healthy
2,0,73995,Healthy
2,0,73981,Medium
1,1,73953,Healthy
0,0,73951,Healthy
0,0,73943,Healthy
2,0,73902,Healthy
2,0,73902,Healthy
0,0,73843,Healthy
2,0,73817,Medium
1,1,73787,Healthy
0,0,73782,Healthy
2,0,73777,Healthy
2,0,73742,Healthy
2,0,73742,Healthy
2,0,73685,Healthy
2,0,73657,Medium
1,4,73623,Healthy
0,0,73619,Healthy
0,0,73610,Healthy
2,0,73582,Healthy
2,0,73582,Healthy
2,0,73517,Healthy
2,0,73497,Medium
1,4,73457,Healthy
0,0,73456,Healthy
0,0,73444,Healthy
2,0,73422,Healthy
2,0,73422,Healthy
2,0,73355,Healthy
2,0,73328,Medium
0,0,73299,Healthy
1,4,73295,Healthy
0,0,73280,Healthy
2,0,73259,Healthy
2,0,73259,Healthy
2,0,73201,Healthy
2,0,73158,Medium
1,4,73142,Healthy
0,0,73129,Healthy
2,0,73114,Healthy
0,0,73099,Healthy
0,0,73099,Healthy
0,0,73028,Healthy
2,0,72995,Medium
1,4,72976,Healthy
0,0,72960,Healthy
0,0,72942,Healthy
2,0,72936,Healthy
2,0,72936,Healthy
0,0,72859,Healthy
2,0,72832,Medium
1,4,72804,Healthy
0,0,72788,Healthy
0,0,72775,Healthy
0,0,72772,Healthy
0,0,72772,Healthy
0,0,72693,Healthy
2,0,72676,Medium
0,0,72635,Healthy
2,0,72633,Healthy
2,0,72615,Healthy
2,0,72615,Healthy
0,0,72612,Healthy
0,0,72536,Healthy
2,0,72520,Medium
0,0,72476,Healthy
0,0,72471,Healthy
0,0,72449,Healthy
0,0,72443,Healthy
0,0,72443,Healthy
0,0,72379,Healthy
2,0,72356,Medium
2,-1,72317,Healthy
2,-1,72317,Healthy
0,0,72309,Healthy
0,0,72302,Healthy
0,0,72283,Healthy
2,0,72213,Healthy
2,0,72184,Medium
2,0,72158,Healthy
2,0,72158,Healthy
0,0,72146,Healthy
0,0,72135,Healthy
0,0,72123,Healthy
2,0,72046,Healthy
2,0,72011,Medium
2,0,71997,Healthy
2,0,71997,Healthy
0,0,71980,Healthy
0,0,71963,Healthy
0,0,71956,Healthy
2,0,71886,Healthy
2,0,71848,Medium
2,0,71839,Healthy
2,0,71839,Healthy
0,0,71814,Healthy
0,0,71791,Healthy
0,0,71790,Healthy
2,0,71714,Healthy
2,0,71699,Healthy
2,0,71699,Healthy
2,0,71685,Medium
0,0,71648,Healthy
0,0,71627,Healthy
0,0,71621,Healthy
0,0,71547,Healthy
0,0,71547,Healthy
0,0,71541,Healthy
2,0,71515,Medium
0,0,71485,Healthy
1,1,71472,Healthy
0,0,71461,Healthy
0,0,71449,Healthy
2,0,71389,Healthy
2,0,71389,Healthy
0,0,71378,Healthy
2,0,71346,Medium
0,0,71322,Healthy
1,1,71304,Healthy
0,0,71298,Healthy
0,0,71283,Healthy
2,0,71221,Healthy
2,0,71221,Healthy
2,0,71209,Healthy
0,0,71205,Healthy
2,0,71180,Medium
0,0,71155,Healthy
2,0,71134,Healthy
1,1,71134,Healthy
0,0,71113,Healthy
2,0,71059,Healthy
2,0,71059,Healthy
0,0,71040,Healthy
2,0,71038,Healthy
2,0,71013,Medium
0,0,70989,Healthy
1,1,70970,Healthy
0,0,70968,Healthy
0,0,70947,Healthy
2,0,70905,Healthy
2,0,70905,Healthy
0,0,70873,Healthy
0,0,70872,Healthy
2,0,70853,Medium
0,0,70826,Healthy
1,1,70806,Healthy
0,0,70799,Healthy
0,0,70784,Healthy
0,0,70739,Healthy
0,0,70739,Healthy
0,0,70710,Healthy
0,0,70705,Healthy
2,0,70693,Medium
0,0,70663,Healthy
0,0,70639,Healthy
1,1,70635,Healthy
0,0,70618,Healthy
0,0,70575,Healthy
0,0,70575,Healthy
0,0,70542,Healthy
0,0,70541,Healthy
2,0,70520,Medium
0,0,70500,Healthy
2,0,70473,Healthy
3,2,70471,Healthy
0,0,70448,Healthy
0,0,70409,Healthy
0,0,70409,Healthy
2,0,70376,Healthy
2,0,70375,Healthy
2,0,70348,Medium
0,0,70336,Healthy
2,0,70309,Healthy
3,2,70307,Healthy
0,0,70282,Healthy
0,0,70246,Healthy
0,0,70246,Healthy
2,0,70211,Healthy
0,0,70203,Healthy
2,0,70182,Medium
0,0,70173,Healthy
2,0,70146,Healthy
3,3,70146,Healthy
0,0,70116,Healthy
0,0,70083,Healthy
0,0,70083,Healthy
2,0,70045,Healthy
0,0,70037,Healthy
2,0,70015,Medium
0,0,70010,Healthy
2,0,69983,Healthy
3,3,69983,Healthy
0,0,69944,Healthy
0,0,69920,Healthy
0,0,69920,Healthy
0,0,69879,Healthy
0,0,69874,Healthy
2,0,69849,Medium
0,0,69838,Healthy
2,0,69817,Healthy
3,3,69813,Healthy
2,0,69780,Healthy
0,0,69747,Healthy
0,0,69747,Healthy
0,0,69713,Healthy
0,0,69711,Healthy
2,0,69683,Medium
0,0,69665,Healthy
3,2,69655,Healthy
2,0,69644,Healthy
0,0,69623,Healthy
0,0,69578,Healthy
0,0,69578,Healthy
0,0,69545,Healthy
0,0,69543,Healthy
2,0,69522,Medium
0,0,69496,Healthy
2,0,69493,Healthy
3,3,69491,Healthy
0,-1,69435,Healthy
2,0,69418,Healthy
2,0,69418,Healthy
0,0,69389,Healthy
0,0,69384,Healthy
2,0,69362,Medium
3,3,69332,Healthy
0,0,69329,Healthy
0,0,69327,Healthy
0,0,69271,Healthy
0,0,69251,Healthy
0,0,69251,Healthy
0,0,69223,Healthy
0,0,69218,Healthy
2,0,69187,Medium
3,2,69170,Healthy
2,0,69166,Healthy
0,0,69154,Healthy
2,0,69108,Healthy
0,0,69085,Healthy
0,0,69085,Healthy
0,0,69060,Healthy
0,0,69052,Healthy
2,0,69011,Medium
2,0,69006,Healthy
2,0,69006,Healthy
0,0,68988,Healthy
0,0,68942,Healthy
0,0,68916,Healthy
0,0,68916,Healthy
0,0,68889,Healthy
0,0,68888,Healthy
2,0,68848,Medium
2,0,68845,Healthy
2,0,68840,Healthy
0,0,68818,Healthy
2,0,68775,Healthy
0,0,68750,Healthy
0,0,68750,Healthy
0,0,68723,Healthy
0,0,68718,Healthy
1,0,68689,Healthy
2,0,68685,Medium
2,0,68674,Healthy
0,0,68655,Healthy
2,0,68606,Healthy
0,0,68580,Healthy
0,0,68580,Healthy
0,0,68559,Healthy
0,0,68552,Healthy
1,1,68521,Healthy
2,0,68518,Medium
0,0,68508,Healthy
2,0,68486,Healthy
2,0,68443,Healthy
0,0,68417,Healthy
0,0,68417,Healthy
2,0,68396,Healthy
0,0,68380,Healthy
2,0,68352,Medium
0,0,68349,Healthy
0,0,68341,Healthy
0,0,68317,Healthy
0,0,68277,Healthy
0,0,68242,Healthy
0,0,68242,Healthy
0,0,68230,Healthy
2,0,68229,Healthy
2,0,68189,Medium
2,0,68182,Healthy
0,0,68172,Healthy
0,0,68153,Healthy
0,0,68120,Healthy
0,0,68075,Healthy
0,0,68075,Healthy
0,0,68061,Healthy
0,0,68056,Healthy
2,0,68026,Medium
0,0,68015,Healthy
0,0,68003,Healthy
0,0,67990,Healthy
0,0,67947,Healthy
0,0,67912,Healthy
0,0,67912,Healthy
0,0,67900,Healthy
2,0,67896,Healthy
2,0,67856,Medium
0,0,67849,Healthy
0,0,67836,Healthy
0,0,67830,Healthy
2,0,67777,Healthy
0,0,67746,Healthy
0,0,67746,Healthy
2,0,67734,Healthy
2,0,67721,Healthy
0,0,67687,Medium
0,0,67686,Healthy
0,0,67670,Healthy
0,0,67670,Healthy
0,0,67611,Healthy
0,0,67583,Healthy
0,0,67583,Healthy
2,0,67571,Healthy
2,0,67557,Healthy
2,0,67520,Healthy
0,0,67515,Medium
0,0,67504,Healthy
0,0,67501,Healthy
2,0,67456,Healthy
0,0,67426,Healthy
0,0,67426,Healthy
2,0,67408,Healthy
2,0,67385,Healthy
0,0,67347,Healthy
0,0,67343,Low
2,0,67341,Healthy
0,0,67332,Healthy
2,0,67296,Healthy
0,0,67272,Healthy
0,0,67272,Healthy
2,0,67245,Healthy
2,0,67213,Healthy
2,0,67188,Low
0,0,67181,Healthy
0,0,67168,Healthy
0,0,67165,Healthy
2,0,67136,Healthy
0,0,67112,Healthy
0,0,67112,Healthy
2,0,67079,Healthy
0,0,67056,Healthy
2,0,67033,Low
0,0,67018,Healthy
0,0,67005,Healthy
0,0,66999,Healthy
0,0,66966,Healthy
0,0,66945,Healthy
0,0,66945,Healthy
2,0,66906,Healthy
0,0,66889,Healthy
2,0,66869,Low
0,0,66855,Healthy
0,0,66833,Healthy
0,0,66830,Healthy
0,0,66803,Healthy
0,0,66779,Healthy
0,0,66779,Healthy
2,0,66754,Healthy
0,0,66720,Healthy
2,0,66706,Low
0,0,66688,Healthy
0,0,66672,Healthy
0,0,66654,Healthy
2,0,66634,Healthy
2,0,66613,Healthy
2,0,66613,Healthy
0,0,66591,Healthy
0,0,66554,Healthy
2,0,66543,Low
0,0,66528,Healthy
0,0,66506,Healthy
0,0,66488,Healthy
2,0,66461,Healthy
0,0,66459,Healthy
0,0,66459,Healthy
0,0,66416,Healthy
2,0,66388,Healthy
2,0,66379,Low
0,0,66362,Healthy
0,0,66343,Healthy
0,0,66322,Healthy
2,0,66298,Healthy
0,0,66293,Healthy
0,0,66293,Healthy
0,0,66249,Healthy
0,0,66227,Healthy
2,0,66225,Low
0,0,66196,Healthy
0,0,66183,Healthy
0,0,66159,Healthy
2,0,66129,Healthy
0,0,66123,Healthy
0,0,66123,Healthy
0,0,66114,Healthy
0,0,66080,Healthy
2,0,66071,Low
2,0,66064,Healthy
0,0,66033,Healthy
0,0,66020,Healthy
0,0,65995,Healthy
2,0,65966,Healthy
0,0,65957,Healthy
0,0,65957,Healthy
2,0,65948,Healthy
0,0,65917,Healthy
2,0,65902,Low
2,0,65898,Healthy
0,0,65866,Healthy
2,0,65857,Healthy
0,0,65829,Healthy
0,0,65802,Healthy
2,0,65794,Healthy
2,0,65794,Healthy
0,0,65781,Healthy
0,0,65748,Healthy
0,0,65738,Healthy
2,0,65732,Low
0,0,65703,Healthy
0,0,65690,Healthy
0,0,65663,Healthy
2,0,65639,Healthy
0,0,65628,Healthy
0,0,65628,Healthy
0,0,65615,Healthy
0,0,65578,Healthy
2,0,65569,Low
0,0,65569,Healthy
2,0,65540,Healthy
0,0,65527,Healthy
0,0,65500,Healthy
2,0,65476,Healthy
2,0,65455,Healthy
2,0,65455,Healthy
0,0,65452,Healthy
0,0,65415,Healthy
2,0,65406,Low
2,0,65396,Healthy
0,0,65374,Healthy
0,0,65364,Healthy
0,0,65337,Healthy
2,0,65313,Healthy
2,0,65289,Healthy
2,0,65289,Healthy
2,0,65285,Healthy
0,0,65252,Healthy
0,0,65236,Low
2,0,65227,Healthy
0,0,65204,Healthy
0,0,65198,Healthy
0,0,65179,Healthy
2,0,65144,Healthy
0,0,65120,Healthy
0,0,65120,Healthy
0,0,65113,Healthy
0,0,65092,Healthy
0,0,65067,Low
2,0,65061,Healthy
0,0,65044,Healthy
0,0,65028,Healthy
0,0,65022,Healthy
2,0,64984,Healthy
2,0,64947,Healthy
2,0,64947,Healthy
0,0,64947,Healthy
0,0,64932,Healthy
2,0,64904,Low
2,0,64894,Healthy
2,0,64878,Healthy
0,0,64869,Healthy
0,0,64865,Healthy
0,0,64817,Healthy
0,0,64784,Healthy
0,0,64778,Healthy
0,0,64778,Healthy
0,0,64765,Healthy
2,0,64740,Low
2,0,64728,Healthy
0,0,64715,Medium
2,0,64715,Healthy
0,0,64702,Healthy
2,0,64651,Healthy
0,0,64620,Healthy
2,0,64609,Healthy
2,0,64609,Healthy
2,0,64602,Healthy
2,0,64583,Low
0,0,64559,Healthy
0,0,64554,Medium
2,0,64552,Healthy
0,0,64545,Healthy
0,0,64485,Healthy
0,0,64454,Healthy
0,0,64439,Healthy
0,0,64439,Healthy
0,0,64427,Healthy
2,0,64426,Low
0,0,64402,Healthy
0,0,64394,Medium
2,0,64389,Healthy
0,0,64376,Healthy
0,0,64315,Healthy
0,0,64294,Healthy
0,0,64276,Healthy
0,0,64276,Healthy
0,0,64261,Healthy
2,0,64259,Low
0,0,64232,Healthy
0,0,64228,Medium
2,0,64222,Healthy
0,0,64206,Healthy
2,0,64143,Healthy
0,0,64128,Healthy
0,0,64110,Healthy
0,0,64110,Healthy
0,0,64094,Healthy
2,0,64091,Low
0,0,64066,Healthy
0,0,64062,Medium
2,0,64050,Healthy
0,0,64034,Healthy
2,0,63985,Healthy
0,0,63962,Healthy
2,0,63938,Healthy
2,0,63938,Healthy
0,0,63934,Healthy
2,0,63919,Low
2,0,63898,Healthy
0,0,63897,Healthy
0,0,63896,Medium
2,0,63879,Healthy
2,0,63825,Healthy
0,0,63798,Healthy
2,0,63768,Healthy
2,0,63768,Healthy
0,0,63768,Healthy
2,0,63747,Low
0,0,63735,Healthy
0,0,63729,Medium
0,0,63727,Healthy
0,0,63722,Healthy
0,0,63661,Healthy
0,0,63632,Healthy
0,0,63605,Healthy
2,0,63599,Healthy
2,0,63599,Healthy
0,0,63589,Low
0,0,63564,Healthy
2,0,63563,Medium
0,0,63559,Healthy
0,0,63556,Healthy
0,0,63501,Healthy
0,0,63469,Healthy
0,0,63445,Healthy
0,0,63431,Low
2,0,63426,Healthy
2,0,63426,Healthy
2,0,63397,Medium
0,0,63393,Healthy
0,0,63392,Healthy
0,0,63392,Healthy
0,0,63338,Healthy
2,0,63306,Healthy
0,0,63281,Healthy
2,0,63265,Low
2,0,63254,Healthy
2,0,63254,Healthy
0,0,63243,Medium
0,0,63229,Healthy
0,0,63227,Healthy
0,0,63224,Healthy
0,0,63178,Healthy
0,0,63139,Healthy
2,0,63118,Healthy
2,0,63098,Low
0,0,63089,Medium
0,0,63085,Healthy
0,0,63085,Healthy
0,0,63066,Healthy
0,0,63061,Healthy
0,0,63060,Healthy
2,0,63018,Healthy
0,0,62970,Healthy
0,0,62952,Healthy
2,0,62938,Low
0,0,62923,Medium
2,0,62922,Healthy
2,0,62922,Healthy
0,0,62897,Healthy
0,0,62896,Healthy
2,0,62891,Healthy
2,0,62856,Healthy
0,0,62810,Healthy
0,0,62789,Healthy
2,0,62778,Low
0,0,62757,Medium
2,0,62749,Healthy
2,0,62749,Healthy
0,0,62733,Healthy
0,0,62731,Healthy
0,0,62722,Healthy
2,0,62694,Healthy
2,0,62644,Healthy
0,0,62626,Healthy
2,0,62606,Low
2,0,62587,Medium
2,0,62583,Healthy
2,0,62583,Healthy
0,0,62568,Healthy
0,0,62564,Healthy
2,0,62559,Healthy
2,0,62559,Healthy
2,0,62532,Healthy
2,0,62481,Healthy
0,0,62459,Healthy
2,0,62433,Low
2,0,62418,Medium
2,0,62406,Healthy
2,0,62406,Healthy
0,0,62405,Healthy
0,0,62397,Healthy
0,0,62396,Healthy
0,0,62389,Healthy
0,0,62372,Healthy
2,0,62318,Healthy
0,0,62290,Healthy
2,0,62267,Low
2,0,62252,Medium
2,0,62242,Healthy
2,0,62242,Healthy
0,0,62242,Healthy
2,0,62236,Healthy
0,0,62231,Healthy
2,0,62220,Healthy
0,0,62193,Healthy
2,0,62154,Healthy
0,0,62127,Healthy
2,0,62101,Low
2,0,62085,Medium
0,0,62079,Healthy
0,0,62079,Healthy
0,0,62075,Healthy
0,0,62069,Healthy
0,0,62065,Healthy
0,0,62051,Healthy
2,0,62033,Healthy
2,0,61988,Healthy
0,0,61964,Healthy
2,0,61934,Low
2,0,61922,Medium
0,0,61913,Healthy
0,0,61913,Healthy
2,0,61909,Healthy
0,0,61900,Healthy
0,0,61896,Healthy
0,0,61887,Healthy
0,0,61870,Healthy
2,0,61816,Healthy
0,0,61807,Healthy
2,0,61768,Low
2,0,61759,Medium
0,0,61750,Healthy
0,0,61750,Healthy
2,0,61746,Healthy
2,0,61740,Healthy
0,0,61729,Healthy
0,0,61721,Healthy
2,0,61704,Healthy
2,0,61664,Healthy
0,0,61637,Healthy
2,0,61602,Low
0,0,61593,Medium
0,0,61580,Healthy
0,0,61580,Healthy
2,0,61573,Healthy
0,0,61571,Healthy
0,0,61566,Healthy
2,0,61549,Healthy
2,0,61547,Healthy
0,0,61501,Healthy
0,0,61468,Healthy
2,0,61435,Low
0,0,61426,Medium
0,0,61411,Healthy
0,0,61411,Healthy
0,0,61407,Healthy
0,0,61404,Healthy
0,0,61394,Healthy
0,0,61383,Healthy
2,0,61379,Healthy
0,0,61325,Healthy
0,0,61296,Healthy
0,0,61269,Low
2,0,61254,Medium
0,0,61245,Healthy
0,0,61245,Healthy
2,0,61238,Healthy
0,0,61238,Healthy
0,0,61228,Healthy
2,0,61220,Healthy
2,0,61210,Healthy
0,0,61159,Healthy
2,0,61141,Healthy
0,0,61103,Low
2,0,61082,Medium
2,0,61082,Healthy
2,0,61082,Healthy
0,0,61078,Healthy
0,0,61072,Healthy
0,0,61064,Healthy
2,0,61057,Healthy
2,0,61038,Healthy
0,0,60990,Healthy
0,0,60984,Healthy
2,0,60939,Low
0,0,60918,Healthy
0,0,60918,Healthy
2,0,60915,Medium
0,0,60912,Healthy
0,0,60902,Healthy
0,-1,60892,Healthy
2,0,60891,Healthy
2,0,60865,Healthy
0,0,60827,Healthy
0,0,60817,Healthy
2,0,60776,Low
2,0,60752,Healthy
0,0,60752,Healthy
1,1,60752,Healthy
2,0,60749,Medium
2,0,60749,Healthy
0,0,60739,Healthy
0,0,60726,Healthy
2,0,60725,Healthy
0,0,60696,Healthy
2,0,60657,Healthy
0,0,60654,Healthy
2,0,60613,Low
0,0,60588,Healthy
0,0,60586,Healthy
0,0,60586,Healthy
1,1,60584,Healthy
0,0,60580,Medium
0,0,60569,Healthy
0,0,60564,Healthy
0,0,60561,Healthy
2,0,60533,Healthy
0,0,60488,Healthy
0,0,60488,Healthy
2,0,60449,Low
0,0,60425,Healthy
2,0,60417,Healthy
2,0,60417,Healthy
1,1,60414,Healthy
0,0,60410,Medium
2,0,60402,Healthy
0,0,60397,Healthy
2,0,60395,Healthy
2,0,60360,Healthy
2,0,60354,Healthy
2,0,60328,Healthy
2,0,60325,Healthy
2,0,60286,Low
2,0,60262,Healthy
2,0,60253,Healthy
2,0,60253,Healthy
1,1,60250,Healthy
2,0,60238,Medium
0,0,60234,Healthy
0,0,60230,Healthy
2,0,60229,Healthy
2,0,60194,Healthy
2,0,60191,Healthy
2,0,60165,Healthy
0,0,60162,Healthy
2,0,60132,Healthy
2,0,60123,Low
0,0,60096,Healthy
1,1,60086,Healthy
2,0,60081,Healthy
2,0,60081,Healthy
0,0,60068,Healthy
2,0,60066,Medium
2,0,60064,Healthy
2,0,60055,Healthy
2,0,60031,Healthy
2,0,60018,Healthy
2,0,60002,Healthy
2,0,60001,Healthy
0,0,59966,Healthy
2,0,59960,Low
0,0,59933,Healthy
1,1,59916,Healthy
0,0,59909,Healthy
0,0,59909,Healthy
0,0,59905,Healthy
2,0,59901,Healthy
0,0,59896,Medium
2,0,59894,Healthy
2,0,59864,Healthy
2,0,59853,Healthy
2,0,59842,Healthy
0,0,59841,Healthy
0,0,59800,Healthy
2,0,59796,Low
0,0,59769,Healthy
3,2,59751,Healthy
0,0,59748,Healthy
0,0,59742,Healthy
0,0,59742,Healthy
2,0,59734,Healthy
2,0,59728,Medium
0,0,59727,Medium
2,0,59698,Healthy
0,0,59690,Healthy
2,0,59682,Healthy
2,0,59675,Healthy
0,0,59634,Healthy
0,0,59630,Low
0,0,59603,Healthy
0,0,59594,Healthy
3,2,59587,Healthy
2,0,59580,Healthy
0,0,59576,Healthy
0,0,59576,Healthy
2,0,59565,Medium
2,0,59558,Medium
2,0,59535,Healthy
0,0,59524,Healthy
2,0,59522,Healthy
2,0,59512,Healthy
0,0,59474,Healthy
0,0,59464,Low
0,0,59453,Healthy
0,0,59434,Healthy
0,0,59434,Healthy
3,3,59426,Healthy
2,0,59414,Healthy
0,0,59410,Healthy
0,0,59410,Healthy
0,0,59399,Medium
2,0,59388,Medium
2,0,59372,Healthy
0,0,59361,Healthy
2,0,59359,Healthy
0,0,59336,Healthy
0,0,59304,Healthy
0,0,59294,Low
0,0,59293,Healthy
0,0,59271,Healthy
0,0,59267,Healthy
3,3,59263,Healthy
2,0,59247,Healthy
0,0,59240,Healthy
0,0,59240,Healthy
0,0,59233,Medium
0,0,59219,Medium
2,0,59208,Healthy
2,0,59198,Healthy
0,0,59192,Healthy
0,0,59170,Healthy
0,0,59135,Healthy
0,0,59133,Healthy
0,0,59124,Low
0,0,59107,Healthy
3,2,59103,Healthy
0,0,59101,Healthy
2,0,59084,Healthy
0,0,59074,Healthy
0,0,59074,Healthy
0,0,59064,Medium
0,0,59050,Medium
2,0,59042,Healthy
2,0,59035,Healthy
0,0,59022,Healthy
2,0,59004,Healthy
0,0,58977,Healthy
0,0,58976,Healthy
2,0,58960,Low
0,0,58950,Healthy
3,3,58942,Healthy
2,0,58935,Healthy
0,0,58921,Healthy
0,0,58911,Healthy
0,0,58911,Healthy
0,0,58894,Medium
0,0,58887,Medium
2,5,58879,Healthy
2,0,58872,Healthy
0,0,58856,Healthy
0,0,58844,Healthy
0,0,58823,Healthy
0,0,58819,Healthy
2,0,58796,Low
0,0,58781,Healthy
0,0,58781,Healthy
3,3,58772,Healthy
0,0,58761,Healthy
0,0,58739,Healthy
0,0,58739,Healthy
2,0,58733,Medium
0,0,58723,Medium
2,0,58715,Healthy
2,5,58712,Healthy
2,0,58693,Healthy
0,0,58678,Healthy
0,0,58659,Healthy
0,0,58656,Healthy
0,-1,58650,Healthy
2,0,58633,Low
0,0,58615,Healthy
3,2,58614,Healthy
0,0,58612,Healthy
0,0,58572,Healthy
0,0,58572,Healthy
0,0,58570,Medium
0,0,58557,Medium
2,0,58552,Healthy
0,0,58543,Healthy
0,0,58530,Healthy
2,0,58514,Healthy
0,0,58499,Healthy
0,0,58496,Healthy
0,0,58484,Medium
2,0,58469,Low
3,3,58450,Healthy
2,0,58445,Healthy
0,0,58440,Healthy
2,-1,58417,Healthy
2,0,58409,Healthy
2,0,58409,Healthy
0,0,58404,Medium
0,0,58391,Medium
2,0,58383,Healthy
2,0,58363,Healthy
0,0,58354,Healthy
0,0,58339,Healthy
0,0,58333,Healthy
0,0,58324,Medium
2,0,58312,Low
3,3,58291,Healthy
2,0,58285,Healthy
2,0,58279,Healthy
2,0,58258,Healthy
0,-1,58237,Healthy
0,-1,58237,Medium
0,0,58234,Medium
2,0,58219,Healthy
2,0,58218,Medium
0,0,58197,Healthy
0,0,58191,Healthy
0,0,58175,Healthy
0,0,58167,Healthy
0,0,58161,Medium
2,0,58155,Low
3,2,58129,Healthy
0,0,58128,Healthy
2,0,58116,Medium
2,0,58097,Healthy
0,0,58071,Medium
0,0,58071,Medium
2,0,58068,Medium
2,0,58053,Healthy
2,0,58046,Medium
2,0,58028,Healthy
2,0,58028,Healthy
0,0,58021,Healthy
0,0,58004,Healthy
0,0,57998,Medium
2,0,57992,Low
2,0,57965,Healthy
0,0,57961,Healthy
0,0,57950,Medium
2,0,57938,Healthy
0,0,57913,Medium
0,0,57913,Medium
2,0,57908,Medium
2,0,57884,Healthy
2,0,57877,Medium
2,0,57865,Healthy
0,0,57862,Healthy
0,0,57858,Healthy
0,0,57840,Medium
0,0,57840,Healthy
2,0,57828,Low
2,0,57804,Healthy
2,0,57799,Healthy
0,0,57798,Healthy
2,0,57777,Medium
2,0,57747,Medium
2,0,57747,Medium
2,0,57735,Medium
2,0,57724,Healthy
2,0,57707,Medium
0,0,57698,Healthy
2,0,57692,Healthy
0,0,57692,Healthy
2,0,57683,Medium
2,0,57674,Healthy
1,1,57667,Low
1,0,57648,Healthy
0,0,57647,Healthy
0,0,57632,Healthy
2,0,57611,Medium
0,0,57575,Medium
0,0,57575,Medium
0,0,57572,Medium
2,0,57557,Healthy
0,0,57541,Healthy
2,0,57538,Medium
0,0,57535,Healthy
0,0,57520,Healthy
0,0,57517,Medium
2,0,57508,Healthy
1,1,57505,Low
2,0,57489,Healthy
1,1,57480,Healthy
2,0,57472,Healthy
0,0,57442,Medium
2,0,57415,Medium
2,0,57409,Medium
2,0,57409,Medium
2,0,57391,Healthy
0,0,57378,Healthy
2,0,57369,Medium
0,0,57369,Healthy
0,0,57354,Medium
0,0,57347,Healthy
2,0,57342,Low
0,0,57339,Healthy
2,0,57321,Healthy
0,0,57317,Healthy
2,0,57309,Healthy
2,0,57269,Medium
2,0,57246,Medium
2,0,57245,Medium
2,0,57245,Medium
2,0,57225,Healthy
0,0,57218,Healthy
0,0,57200,Healthy
0,0,57200,Medium
2,0,57196,Medium
2,0,57178,Low
0,0,57178,Healthy
0,0,57175,Healthy
2,0,57158,Healthy
2,0,57147,Healthy
2,0,57146,Healthy
0,0,57100,Medium
2,0,57077,Medium
2,0,57073,Medium
2,0,57073,Medium
0,0,57061,Healthy
2,0,57058,Healthy
0,0,57036,Healthy
0,0,57034,Medium
2,0,57024,Medium
2,0,57018,Low
0,0,57018,Healthy
0,0,57012,Healthy
2,0,57004,Healthy
2,0,56986,Healthy
0,0,56978,Healthy
2,0,56931,Medium
0,0,56910,Medium
2,0,56910,Medium
2,0,56910,Medium
2,0,56898,Healthy
0,0,56895,Healthy
0,0,56873,Healthy
0,0,56871,Medium
2,0,56858,Low
0,0,56855,Healthy
0,0,56855,Healthy
2,0,56851,Medium
2,0,56832,Healthy
2,0,56826,Healthy
0,0,56815,Healthy
0,0,56761,Medium
0,0,56756,Medium
2,0,56744,Medium
2,0,56744,Medium
2,0,56732,Healthy
0,0,56731,Healthy
0,0,56716,Healthy
0,0,56708,Medium
0,0,56698,Healthy
2,0,56695,Low
2,0,56683,Healthy
2,0,56679,Medium
2,0,56665,Healthy
0,0,56663,Healthy
0,0,56652,Healthy
0,0,56598,Medium
2,0,56590,Medium
2,0,56578,Medium
2,0,56578,Medium
0,0,56578,Healthy
2,0,56562,Healthy
0,0,56547,Healthy
0,0,56541,Medium
2,0,56532,Healthy
2,0,56531,Low
0,0,56520,Healthy
0,0,56510,Medium
2,0,56502,Healthy
2,0,56493,Healthy
0,0,56491,Healthy
0,0,56432,Medium
2,0,56421,Medium
0,0,56409,Medium
0,0,56409,Medium
0,0,56406,Healthy
2,0,56399,Healthy
0,0,56387,Medium
0,0,56378,Healthy
2,0,56377,Low
2,0,56365,Healthy
2,0,56342,Healthy
0,0,56340,Medium
0,0,56331,Healthy
0,0,56324,Healthy
2,0,56259,Medium
2,0,56255,Medium
0,0,56248,Healthy
2,0,56239,Healthy
2,0,56239,Medium
0,0,56239,Medium
0,0,56224,Medium
2,0,56223,Low
0,0,56205,Healthy
2,0,56205,Healthy
0,0,56193,Healthy
2,0,56179,Healthy
2,0,56177,Medium
0,0,56165,Healthy
0,0,56161,Healthy
2,0,56091,Medium
2,0,56090,Medium
2,0,56078,Medium
2,0,56078,Medium
0,0,56075,Healthy
0,0,56070,Medium
2,0,56069,Healthy
2,0,56056,Low
2,0,56051,Healthy
0,0,56042,Healthy
2,0,56033,Healthy
0,0,56016,Healthy
2,0,56014,Medium
2,0,56002,Healthy
0,0,55995,Healthy
2,0,55921,Medium
0,0,55921,Healthy
0,0,55915,Medium
0,0,55915,Medium
0,0,55912,Medium
0,0,55907,Medium
2,0,55906,Healthy
0,0,55894,Healthy
2,0,55890,Low
0,0,55879,Healthy
0,0,55860,Healthy
2,0,55859,Healthy
2,0,55842,Medium
0,0,55826,Healthy
2,0,55822,Healthy
0,0,55761,Healthy
2,0,55748,Medium
0,0,55748,Medium
0,0,55748,Medium
0,0,55747,Medium
2,0,55743,Healthy
2,0,55743,Medium
0,0,55727,Healthy
2,0,55724,Low
0,0,55719,Healthy
0,0,55697,Healthy
0,0,55687,Healthy
2,0,55669,Medium
0,0,55660,Healthy
2,0,55653,Healthy
0,0,55598,Healthy
0,0,55583,Medium
2,0,55582,Medium
0,0,55579,Medium
0,0,55579,Medium
2,0,55576,Medium
2,0,55576,Healthy
0,0,55564,Healthy
2,-1,55560,Healthy
2,0,55557,Low
0,0,55556,Healthy
2,0,55528,Healthy
2,0,55503,Medium
0,0,55494,Healthy
2,0,55484,Healthy
0,0,55431,Healthy
0,0,55420,Medium
2,0,55413,Medium
2,0,55413,Medium
2,0,55413,Medium
2,0,55410,Healthy
0,0,55407,Medium
2,0,55401,Healthy
2,0,55400,Low
0,0,55398,Healthy
0,0,55390,Healthy
0,0,55358,Healthy
2,0,55337,Medium
0,0,55334,Healthy
2,0,55311,Healthy
2,0,55268,Healthy
0,0,55263,Medium
2,0,55253,Medium
2,0,55253,Medium
2,0,55244,Medium
2,0,55243,Low
2,0,55243,Medium
2,0,55240,Healthy
2,0,55238,Healthy
2,0,55238,Healthy
0,0,55230,Healthy
0,0,55192,Healthy
0,0,55168,Healthy
2,0,55160,Medium
2,0,55139,Healthy
2,0,55105,Healthy
0,0,55094,Medium
2,0,55082,Healthy
2,0,55080,Medium
2,0,55080,Medium
0,0,55080,Low
2,0,55080,Medium
2,0,55075,Healthy
2,0,55074,Healthy
2,0,55073,Healthy
2,0,55071,Medium
0,0,55029,Healthy
0,0,55004,Healthy
2,0,54984,Medium
0,0,54969,Healthy
0,0,54945,Healthy
2,0,54943,Healthy
0,0,54925,Medium
0,0,54917,Medium
0,0,54917,Medium
2,0,54917,Medium
0,0,54916,Low
2,0,54912,Healthy
0,0,54909,Healthy
2,5,54907,Healthy
2,0,54905,Medium
0,0,54860,Healthy
0,0,54844,Healthy
2,0,54819,Medium
2,0,54806,Healthy
0,0,54791,Healthy
0,0,54779,Healthy
0,0,54765,Medium
2,0,54760,Medium
2,0,54760,Medium
2,0,54751,Healthy
0,0,54748,Medium
0,0,54744,Low
0,0,54743,Healthy
2,0,54738,Healthy
2,0,54728,Medium
2,0,54693,Healthy
0,0,54681,Healthy
2,0,54655,Medium
2,0,54634,Healthy
2,0,54633,Healthy
0,0,54615,Healthy
0,0,54598,Medium
2,0,54591,Healthy
2,0,54591,Medium
2,0,54591,Medium
2,0,54584,Medium
0,0,54583,Healthy
2,0,54575,Healthy
0,0,54571,Low
2,0,54564,Medium
2,0,54530,Healthy
2,0,54518,Healthy
0,0,54492,Medium
2,0,54468,Healthy
2,0,54464,Healthy
0,0,54446,Healthy
0,0,54438,Medium
2,0,54431,Healthy
2,0,54423,Healthy
2,0,54421,Medium
2,0,54421,Medium
0,0,54418,Medium
2,0,54411,Healthy
2,0,54402,Low
0,0,54401,Medium
2,0,54364,Healthy
0,0,54352,Healthy
0,0,54329,Medium
2,0,54302,Healthy
2,0,54291,Healthy
0,0,54280,Healthy
0,0,54275,Medium
2,0,54268,Healthy
0,0,54263,Healthy
0,0,54255,Medium
0,0,54255,Medium
0,0,54249,Medium
2,0,54239,Healthy
0,0,54235,Medium
2,0,54233,Low
0,0,54198,Healthy
0,0,54189,Healthy
0,0,54163,Medium
2,0,54148,Healthy
2,0,54127,Healthy
0,0,54115,Medium
0,0,54108,Healthy
0,0,54107,Healthy
0,0,54106,Healthy
0,0,54101,Medium
0,0,54101,Medium
2,0,54082,Medium
2,0,54078,Healthy
2,0,54072,Low
0,0,54072,Medium
0,0,54032,Healthy
0,0,54025,Healthy
0,0,53997,Medium
0,0,53982,Healthy
0,0,53964,Healthy
0,0,53952,Medium
0,0,53950,Healthy
0,0,53949,Healthy
2,0,53945,Healthy
2,0,53935,Medium
2,0,53935,Medium
2,0,53921,Healthy
0,0,53916,Medium
0,0,53912,Low
0,0,53902,Medium
0,0,53862,Healthy
0,0,53859,Healthy
0,0,53833,Medium
0,0,53819,Healthy
0,0,53797,Healthy
0,0,53786,Healthy
0,0,53782,Healthy
0,0,53781,Healthy
0,0,53773,Medium
2,0,53766,Medium
2,0,53766,Medium
2,0,53757,Healthy
0,0,53756,Medium
2,0,53743,Low
0,0,53733,Medium
0,0,53708,Healthy
0,0,53690,Healthy
0,0,53670,Medium
0,0,53653,Medium
0,0,53634,Healthy
0,0,53626,Healthy
2,0,53625,Healthy
0,0,53618,Healthy
2,0,53618,Medium
2,0,53599,Medium
2,0,53599,Medium
2,0,53594,Healthy
0,0,53590,Medium
2,0,53573,Low
0,0,53567,Medium
0,0,53542,Healthy
0,0,53527,Healthy
0,0,53501,Medium
0,0,53489,Medium
0,0,53469,Healthy
0,0,53465,Medium
2,0,53457,Medium
0,0,53455,Healthy
0,0,53453,Healthy
2,0,53436,Medium
2,0,53436,Medium
2,0,53428,Healthy
0,0,53427,Medium
0,0,53413,Low
2,0,53403,Medium
0,0,53379,Healthy
0,0,53363,Healthy
0,0,53332,Medium
2,-1,53326,Healthy
0,0,53326,Medium
2,0,53305,Healthy
0,0,53296,Medium
2,0,53294,Medium
0,0,53285,Healthy
2,0,53261,Healthy
0,0,53257,Medium
0,0,53257,Medium
0,0,53257,Medium
0,0,53252,Low
0,0,53240,Medium
0,0,53206,Healthy
0,0,53206,Healthy
2,0,53167,Healthy
0,0,53163,Medium
0,0,53162,Medium
0,0,53151,Healthy
0,0,53129,Medium
0,0,53128,Healthy
0,0,53125,Medium
2,0,53100,Healthy
0,0,53097,Medium
2,0,53088,Medium
2,0,53088,Medium
2,0,53086,Low
0,0,53074,Medium
0,0,53037,Healthy
0,0,53037,Healthy
2,0,53006,Healthy
0,0,52993,Medium
0,0,52991,Medium
0,0,52988,Healthy
2,0,52966,Medium
0,0,52965,Healthy
0,0,52962,Medium
2,0,52937,Healthy
0,0,52934,Medium
2,0,52927,Medium
2,0,52927,Medium
2,0,52919,Low
0,0,52908,Medium
0,0,52871,Healthy
0,0,52868,Healthy
1,1,52852,Healthy
2,0,52848,Healthy
0,0,52827,Medium
0,0,52822,Healthy
0,0,52821,Medium
0,0,52803,Medium
2,0,52799,Medium
0,0,52796,Healthy
0,0,52777,Healthy
0,0,52774,Medium
0,0,52757,Medium
2,0,52757,Medium
2,0,52756,Low
2,0,52738,Medium
2,0,52708,Healthy
0,0,52699,Healthy
0,0,52696,Healthy
1,1,52684,Healthy
0,0,52671,Healthy
2,0,52661,Medium
0,0,52660,Medium
2,0,52637,Medium
0,0,52636,Healthy
2,0,52632,Medium
2,0,52616,Healthy
0,0,52614,Medium
2,0,52593,Low
2,0,52588,Medium
2,0,52588,Medium
2,0,52575,Medium
0,0,52556,Healthy
2,0,52548,Healthy
2,0,52541,Healthy
1,1,52513,Healthy
0,0,52508,Healthy
2,0,52497,Medium
2,0,52495,Medium
0,0,52479,Healthy
0,0,52471,Medium
2,0,52469,Medium
2,0,52456,Healthy
0,0,52448,Medium
1,1,52430,Healthy
0,0,52426,Low
2,0,52425,Medium
2,0,52425,Medium
2,0,52403,Medium
2,0,52398,Healthy
0,0,52384,Healthy
0,0,52375,Healthy
1,1,52350,Healthy
0,0,52348,Healthy
2,0,52334,Medium
0,0,52329,Medium
0,0,52315,Medium
0,0,52309,Healthy
2,0,52301,Medium
2,0,52290,Healthy
0,0,52288,Medium
2,0,52262,Medium
2,0,52262,Medium
0,0,52260,Low
1,1,52258,Healthy
0,0,52230,Medium
2,0,52230,Healthy
0,0,52217,Healthy
2,0,52215,Healthy
0,0,52191,Healthy
1,1,52186,Healthy
0,0,52171,Medium
0,0,52159,Medium
0,0,52149,Medium
0,0,52143,Healthy
2,0,52138,Medium
2,0,52126,Healthy
0,0,52118,Medium
2,0,52093,Low
0,0,52092,Medium
1,1,52092,Healthy
0,0,52092,Medium
2,0,52068,Healthy
0,0,52058,Medium
0,0,52054,Healthy
2,0,52040,Healthy
0,0,52025,Healthy
1,1,52015,Healthy
0,0,52008,Medium
0,0,51993,Medium
0,0,51989,Medium
2,0,51982,Healthy
0,0,51966,Healthy
2,0,51966,Medium
0,0,51961,Medium
2,0,51929,Medium
2,0,51929,Medium
1,1,51926,Healthy
2,0,51926,Low
2,0,51914,Healthy
2,0,51891,Healthy
0,0,51889,Medium
0,0,51888,Healthy
2,0,51876,Healthy
0,0,51861,Healthy
3,2,51851,Healthy
0,0,51841,Medium
2,0,51829,Medium
0,0,51824,Medium
2,0,51816,Healthy
2,0,51800,Healthy
0,0,51798,Medium
0,0,51793,Medium
0,0,51763,Medium
0,0,51763,Medium
1,1,51762,Healthy
1,0,51757,Low
2,0,51742,Healthy
2,0,51728,Healthy
2,0,51728,Healthy
0,0,51722,Medium
0,0,51708,Healthy
2,0,51704,Healthy
3,2,51687,Healthy
0,0,51675,Medium
2,0,51663,Medium
0,0,51661,Medium
2,0,51653,Healthy
2,0,51637,Healthy
0,0,51635,Medium
0,0,51621,Medium
0,0,51594,Medium
0,0,51594,Medium
1,1,51590,Healthy
1,0,51589,Low
0,0,51572,Healthy
2,0,51567,Healthy
0,0,51565,Medium
2,0,51565,Healthy
0,0,51536,Healthy
2,0,51532,Healthy
3,3,51525,Healthy
0,0,51509,Medium
0,0,51506,Medium
2,0,51487,Healthy
0,0,51485,Medium
2,0,51473,Healthy
0,0,51472,Medium
0,0,51451,Medium
2,0,51427,Medium
2,0,51427,Medium
1,1,51426,Healthy
1,1,51425,Low
0,0,51408,Medium
2,0,51403,Healthy
2,0,51402,Healthy
2,0,51401,Healthy
0,0,51378,Healthy
0,0,51375,Healthy
3,3,51363,Healthy
0,0,51349,Medium
0,0,51343,Medium
0,0,51320,Healthy
0,0,51319,Medium
2,0,51309,Medium
2,0,51301,Healthy
0,0,51285,Medium
0,0,51261,Medium
1,1,51261,Low
0,0,51261,Medium
1,1,51258,Healthy
2,0,51242,Medium
2,0,51242,Healthy
2,0,51235,Healthy
0,0,51234,Healthy
0,0,51208,Healthy
0,0,51205,Healthy
3,3,51193,Healthy
2,0,51188,Medium
2,0,51173,Medium
0,0,51156,Medium
0,0,51148,Healthy
2,0,51138,Healthy
0,0,51136,Medium
0,0,51128,Medium
0,0,51101,Medium
0,0,51101,Medium
1,1,51095,Healthy
1,1,51093,Low
2,0,51081,Healthy
2,0,51076,Medium
2,0,51071,Healthy
0,0,51070,Healthy
0,0,51039,Healthy
0,0,51039,Healthy
3,2,51035,Healthy
2,0,51035,Medium
2,0,51004,Medium
0,0,50989,Medium
0,0,50982,Healthy
0,0,50971,Medium
2,0,50971,Healthy
0,0,50970,Medium
0,0,50935,Medium
0,0,50935,Medium
1,1,50931,Healthy
1,1,50925,Low
2,0,50921,Healthy
2,0,50916,Medium
2,0,50908,Healthy
0,0,50904,Healthy
2,0,50875,Healthy
2,0,50873,Healthy
3,3,50871,Healthy
0,0,50871,Medium
2,0,50841,Medium
0,0,50826,Medium
0,0,50816,Healthy
0,0,50807,Medium
2,0,50805,Medium
2,0,50802,Healthy
0,0,50772,Medium
0,0,50772,Medium
1,1,50769,Healthy
1,1,50759,Low
2,0,50758,Healthy
2,0,50745,Healthy
2,0,50743,Medium
2,0,50732,Healthy
0,0,50714,Medium
2,0,50712,Healthy
3,3,50712,Healthy
2,0,50706,Healthy
1,1,50683,Healthy
2,0,50678,Medium
0,0,50669,Medium
2,0,50652,Healthy
2,0,50639,Medium
2,0,50637,Healthy
0,0,50637,Medium
1,1,50605,Healthy
0,0,50602,Medium
0,0,50602,Medium
0,0,50598,Healthy
1,1,50593,Low
2,0,50579,Healthy
0,0,50571,Medium
2,0,50562,Healthy
0,0,50552,Healthy
3,2,50550,Healthy
0,0,50548,Medium
2,0,50546,Healthy
1,1,50520,Healthy
0,0,50515,Medium
2,0,50505,Medium
0,0,50486,Healthy
2,0,50479,Medium
0,0,50474,Medium
0,0,50473,Healthy
0,0,50442,Medium
0,0,50442,Medium
1,1,50437,Healthy
2,0,50435,Healthy
1,1,50425,Low
2,5,50415,Healthy
0,0,50408,Medium
2,0,50393,Healthy
2,0,50386,Healthy
0,0,50386,Healthy
0,0,50385,Medium
2,0,50383,Healthy
1,1,50360,Healthy
0,0,50355,Medium
2,0,50333,Medium
0,0,50320,Healthy
2,0,50312,Healthy
2,0,50306,Medium
2,0,50302,Medium
0,0,50279,Medium
0,0,50279,Medium
1,1,50278,Healthy
0,0,50272,Healthy
1,1,50257,Low
2,5,50249,Healthy
2,0,50239,Medium
2,0,50225,Healthy
0,0,50225,Medium
0,0,50223,Healthy
2,0,50221,Healthy
2,0,50217,Healthy
1,1,50205,Healthy
0,0,50189,Medium
0,0,50160,Medium
0,0,50157,Healthy
2,0,50149,Healthy
0,0,50136,Medium
0,0,50134,Medium
0,0,50119,Medium
0,0,50119,Medium
2,0,50115,Healthy
1,1,50106,Healthy
1,1,50096,Low
2,0,50089,Healthy
0,0,50069,Medium
1,0,50069,Healthy
0,0,50068,Medium
0,0,50057,Healthy
0,0,50053,Healthy
2,0,50048,Healthy
1,1,50045,Healthy
0,0,50023,Medium
0,0,49997,Healthy
0,0,49988,Medium
2,5,49981,Healthy
0,0,49972,Medium
0,0,49971,Medium
0,0,49959,Medium
0,0,49959,Medium
0,0,49943,Healthy
1,1,49938,Healthy
1,1,49934,Low
2,0,49919,Healthy
0,0,49903,Medium
0,0,49902,Medium
1,1,49901,Healthy
0,0,49887,Healthy
1,1,49887,Healthy
0,0,49887,Healthy
0,0,49879,Healthy
2,0,49856,Medium
0,0,49840,Healthy
2,5,49818,Healthy
2,-1,49816,Healthy
0,0,49816,Medium
2,0,49806,Medium
2,0,49801,Medium
0,0,49792,Medium
0,0,49792,Medium
1,1,49774,Healthy
1,1,49764,Low
2,0,49756,Healthy
2,0,49741,Healthy
0,0,49740,Medium
0,0,49735,Medium
1,1,49724,Healthy
2,0,49716,Healthy
2,0,49715,Healthy
0,0,49715,Healthy
0,0,49702,Medium
0,0,49683,Healthy
2,0,49659,Healthy
2,0,49657,Healthy
0,0,49643,Medium
0,0,49640,Medium
0,0,49632,Medium
0,0,49632,Medium
0,0,49632,Medium
1,1,49608,Healthy
1,1,49594,Low
2,0,49590,Healthy
0,0,49578,Medium
2,0,49577,Healthy
0,0,49570,Medium
1,1,49566,Healthy
0,0,49558,Healthy
2,0,49546,Healthy
2,0,49543,Medium
0,0,49536,Medium
0,0,49525,Healthy
2,0,49496,Healthy
2,5,49490,Healthy
2,0,49480,Medium
0,0,49474,Medium
0,0,49466,Medium
0,0,49463,Medium
0,0,49463,Medium
1,1,49442,Healthy
1,1,49430,Low
2,0,49420,Healthy
0,0,49418,Medium
2,0,49414,Healthy
2,0,49404,Medium
1,1,49402,Healthy
0,0,49388,Healthy
2,0,49379,Healthy
2,0,49377,Medium
2,0,49367,Medium
0,0,49359,Healthy
2,0,49338,Healthy
2,5,49320,Healthy
0,0,49317,Medium
0,0,49306,Medium
0,0,49306,Medium
0,0,49305,Medium
0,0,49302,Medium
0,0,49296,Healthy
1,1,49278,Healthy
1,1,49266,Low
2,0,49260,Healthy
0,0,49255,Medium
2,0,49254,Healthy
1,1,49248,Healthy
2,0,49241,Medium
1,1,49239,Healthy
0,0,49225,Healthy
2,0,49213,Healthy
2,0,49201,Medium
2,0,49201,Medium
2,0,49198,Healthy
0,0,49196,Healthy
0,0,49153,Healthy
0,0,49144,Medium
0,0,49143,Medium
0,0,49143,Medium
0,0,49138,Medium
2,0,49136,Healthy
0,0,49133,Medium
1,1,49108,Healthy
1,1,49102,Low
2,0,49094,Healthy
2,0,49094,Healthy
0,0,49089,Medium
1,1,49080,Healthy
2,0,49075,Medium
1,1,49073,Healthy
0,0,49062,Healthy
0,0,49047,Healthy
2,0,49047,Healthy
0,0,49039,Healthy
2,0,49037,Medium
2,0,49036,Medium
0,0,48990,Healthy
0,0,48981,Medium
0,0,48980,Medium
0,0,48980,Medium
0,0,48972,Medium
0,0,48969,Healthy
2,0,48967,Medium
1,1,48944,Healthy
1,1,48939,Low
2,0,48934,Healthy
0,0,48929,Medium
2,0,48927,Healthy
1,1,48911,Healthy
1,1,48910,Healthy
0,0,48909,Medium
0,0,48893,Healthy
2,0,48889,Healthy
0,0,48879,Healthy
0,0,48878,Healthy
0,0,48873,Medium
0,0,48871,Medium
0,0,48816,Medium
0,0,48816,Medium
0,0,48815,Medium
0,0,48815,Medium
0,0,48814,Healthy
2,0,48809,Healthy
2,0,48804,Medium
1,1,48780,Healthy
1,1,48775,Low
2,0,48771,Healthy
2,0,48761,Healthy
0,0,48759,Medium
1,1,48751,Healthy
1,1,48747,Healthy
0,0,48742,Medium
0,0,48736,Healthy
2,0,48721,Healthy
2,0,48720,Healthy
0,0,48719,Healthy
0,0,48707,Medium
2,0,48699,Medium
0,0,48658,Medium
2,0,48653,Medium
2,0,48653,Medium
0,0,48648,Medium
0,0,48648,Healthy
0,0,48646,Healthy
2,0,48637,Medium
1,1,48612,Healthy
2,0,48611,Healthy
1,1,48611,Low
2,0,48595,Healthy
0,0,48590,Medium
1,1,48588,Healthy
1,1,48583,Healthy
0,0,48573,Medium
0,0,48572,Healthy
2,0,48558,Healthy
0,0,48556,Healthy
0,0,48551,Healthy
0,0,48544,Medium
2,0,48533,Medium
0,0,48501,Medium
0,0,48488,Medium
0,0,48485,Healthy
0,0,48481,Healthy
0,0,48481,Medium
0,0,48481,Medium
0,0,48471,Medium
2,0,48448,Healthy
1,1,48444,Healthy
1,1,48441,Low
2,0,48435,Healthy
1,1,48432,Healthy
0,0,48424,Medium
0,0,48419,Medium
1,1,48412,Healthy
2,0,48404,Healthy
0,0,48403,Healthy
0,0,48396,Healthy
0,0,48385,Healthy
0,0,48375,Medium
0,0,48363,Medium
0,0,48344,Medium
0,0,48325,Medium
0,0,48315,Healthy
0,0,48315,Healthy
0,0,48315,Medium
0,0,48315,Medium
0,0,48305,Medium
2,0,48284,Healthy
1,1,48276,Healthy
1,1,48271,Low
2,0,48268,Healthy
0,0,48264,Medium
1,1,48264,Healthy
0,0,48253,Medium
3,2,48248,Healthy
0,0,48243,Healthy
0,0,48233,Healthy
0,0,48232,Healthy
0,0,48216,Healthy
0,0,48205,Medium
2,0,48191,Medium
2,0,48178,Medium
0,0,48156,Medium
0,0,48155,Healthy
0,0,48151,Medium
0,0,48151,Medium
2,0,48149,Healthy
0,0,48136,Medium
2,0,48127,Healthy
2,0,48112,Healthy
1,1,48109,Healthy
1,1,48105,Low
2,0,48099,Healthy
0,0,48094,Medium
0,0,48090,Medium
0,0,48086,Healthy
3,2,48084,Healthy
0,0,48069,Healthy
0,0,48062,Healthy
0,0,48046,Healthy
0,0,48039,Medium
0,0,48021,Medium
2,0,48011,Medium
0,0,47996,Medium
0,0,47992,Healthy
0,0,47982,Medium
0,0,47982,Medium
0,0,47982,Medium
2,0,47980,Healthy
0,0,47955,Healthy
1,1,47945,Healthy
2,0,47939,Healthy
1,1,47937,Low
0,0,47937,Medium
2,0,47936,Healthy
3,3,47922,Healthy
0,0,47917,Medium
0,0,47917,Healthy
2,0,47909,Healthy
0,0,47896,Healthy
0,0,47883,Healthy
2,0,47876,Medium
2,0,47852,Medium
2,0,47845,Medium
0,0,47836,Medium
2,0,47832,Healthy
2,-1,47829,Healthy
0,0,47819,Medium
0,0,47819,Medium
0,0,47816,Healthy
0,0,47815,Medium
2,0,47779,Healthy
2,0,47775,Healthy
1,1,47775,Healthy
2,0,47774,Medium
1,1,47771,Low
3,3,47760,Healthy
0,0,47751,Healthy
0,0,47748,Medium
0,0,47743,Healthy
0,0,47739,Healthy
0,0,47713,Medium
0,0,47711,Healthy
0,0,47683,Medium
2,0,47679,Medium
0,0,47678,Healthy
2,0,47670,Healthy
0,0,47663,Medium
0,0,47653,Healthy
0,0,47652,Medium
2,0,47647,Medium
2,0,47647,Medium
2,0,47613,Healthy
1,1,47611,Healthy
2,0,47606,Healthy
1,1,47605,Low
2,0,47605,Medium
3,2,47600,Healthy
2,0,47590,Healthy
0,0,47583,Healthy
0,0,47582,Healthy
0,0,47582,Medium
0,0,47548,Healthy
0,0,47546,Medium
0,0,47520,Medium
2,0,47519,Medium
0,0,47515,Healthy
2,0,47514,Medium
2,0,47509,Healthy
0,0,47480,Medium
0,0,47480,Medium
0,0,47480,Medium
0,0,47475,Healthy
2,0,47449,Healthy
1,1,47449,Healthy
2,0,47443,Healthy
3,3,47438,Healthy
1,1,47435,Low
2,0,47434,Medium
2,0,47423,Healthy
0,0,47417,Healthy
2,0,47416,Healthy
0,0,47410,Medium
0,0,47384,Healthy
0,0,47380,Medium
2,0,47359,Medium
0,0,47353,Medium
2,0,47351,Healthy
0,0,47348,Healthy
2,0,47339,Medium
0,0,47317,Medium
0,0,47317,Medium
0,0,47311,Medium
0,0,47305,Healthy
2,0,47286,Healthy
1,1,47281,Healthy
2,0,47279,Medium
2,0,47279,Healthy
1,1,47271,Low
3,3,47268,Healthy
1,-1,47260,Healthy
2,0,47260,Healthy
2,0,47258,Medium
2,0,47250,Healthy
0,0,47215,Healthy
2,0,47211,Healthy
2,0,47211,Medium
2,0,47191,Healthy
2,0,47186,Medium
2,0,47181,Medium
0,0,47166,Medium
2,0,47151,Medium
2,0,47151,Medium
0,0,47144,Medium
0,0,47139,Healthy
2,0,47123,Healthy
1,1,47120,Healthy
2,0,47119,Medium
2,0,47113,Healthy
3,2,47111,Healthy
1,1,47101,Low
0,0,47094,Healthy
2,0,47094,Healthy
2,0,47090,Healthy
0,0,47086,Medium
1,1,47069,Healthy
0,0,47059,Healthy
0,0,47052,Healthy
2,0,47048,Medium
0,0,47028,Healthy
2,0,47014,Medium
2,0,47012,Medium
0,0,46994,Medium
0,0,46985,Medium
0,0,46985,Medium
0,0,46973,Healthy
0,0,46973,Medium
0,0,46965,Medium
1,1,46958,Healthy
2,0,46956,Healthy
2,0,46947,Healthy
3,3,46947,Healthy
1,1,46941,Low
0,0,46930,Healthy
0,0,46928,Healthy
0,0,46923,Medium
2,0,46917,Healthy
1,1,46905,Healthy
2,0,46901,Healthy
0,0,46883,Medium
2,0,46875,Medium
2,0,46874,Healthy
2,0,46842,Medium
0,0,46841,Medium
2,0,46825,Medium
2,0,46825,Medium
0,0,46824,Medium
2,0,46821,Medium
0,0,46811,Medium
0,0,46803,Healthy
1,1,46800,Healthy
2,0,46793,Healthy
3,3,46787,Healthy
1,1,46776,Low
2,0,46774,Healthy
0,0,46767,Healthy
2,0,46759,Medium
0,0,46755,Healthy
0,0,46745,Healthy
1,1,46741,Healthy
2,0,46733,Healthy
2,0,46717,Healthy
0,0,46716,Medium
0,0,46703,Medium
2,0,46670,Medium
0,0,46669,Medium
0,0,46661,Medium
0,0,46661,Medium
2,0,46658,Medium
0,0,46657,Medium
0,0,46649,Medium
0,0,46637,Healthy
1,1,46635,Healthy
3,2,46626,Healthy
2,0,46624,Healthy
1,1,46612,Low
2,0,46611,Healthy
0,0,46607,Healthy
0,0,46589,Healthy
0,0,46587,Medium
0,0,46582,Healthy
1,1,46575,Healthy
2,0,46571,Healthy
2,0,46560,Healthy
0,0,46550,Medium
0,0,46530,Medium
0,0,46506,Medium
2,0,46498,Medium
2,0,46497,Medium
0,0,46489,Medium
0,0,46489,Medium
2,0,46488,Medium
0,0,46486,Medium
0,0,46474,Healthy
1,4,46471,Healthy
2,0,46462,Healthy
2,0,46460,Healthy
0,0,46450,Healthy
1,1,46444,Low
2,5,46444,Healthy
0,0,46423,Healthy
0,0,46421,Medium
2,0,46417,Healthy
1,1,46413,Healthy
2,0,46412,Healthy
0,0,46397,Healthy
0,0,46384,Medium
0,0,46361,Medium
0,0,46343,Medium
2,0,46340,Medium
0,0,46328,Medium
0,0,46326,Medium
0,0,46326,Medium
2,0,46323,Medium
2,0,46313,Medium
0,0,46311,Healthy
1,4,46305,Healthy
2,0,46300,Healthy
2,0,46300,Healthy
1,1,46286,Low
2,0,46284,Healthy
2,0,46274,Healthy
2,0,46260,Healthy
0,0,46258,Medium
1,1,46253,Healthy
0,0,46251,Healthy
0,0,46243,Healthy
2,0,46231,Healthy
0,0,46215,Medium
0,0,46195,Medium
0,0,46174,Medium
2,0,46173,Medium
2,0,46165,Medium
0,0,46160,Medium
0,0,46160,Medium
0,0,46159,Medium
2,0,46150,Medium
1,0,46144,Healthy
1,4,46143,Healthy
0,0,46138,Healthy
2,0,46131,Healthy
1,1,46120,Low
2,0,46113,Healthy
2,0,46111,Healthy
1,1,46096,Healthy
0,0,46093,Healthy
0,0,46088,Medium
0,0,46087,Healthy
0,0,46077,Healthy
2,0,46065,Healthy
0,0,46048,Medium
0,0,46038,Medium
0,0,46020,Medium
2,0,46005,Medium
2,0,46004,Medium
0,0,45993,Medium
0,0,45993,Medium
2,0,45993,Medium
1,4,45990,Healthy
2,0,45977,Medium
1,1,45976,Healthy
0,0,45972,Healthy
2,0,45968,Healthy
1,1,45963,Low
2,0,45961,Healthy
2,0,45948,Healthy
0,0,45927,Healthy
1,1,45926,Healthy
0,0,45925,Medium
0,0,45921,Healthy
0,0,45913,Healthy
2,0,45904,Healthy
0,0,45885,Medium
0,0,45881,Medium
0,0,45859,Medium
0,0,45839,Medium
0,0,45835,Medium
0,0,45833,Medium
0,0,45833,Medium
2,0,45826,Medium
1,4,45824,Healthy
0,0,45813,Healthy
2,0,45812,Healthy
0,0,45809,Healthy
2,0,45805,Medium
0,0,45804,Healthy
1,1,45799,Low
2,0,45776,Healthy
0,0,45764,Healthy
1,1,45760,Healthy
0,0,45758,Healthy
2,0,45753,Medium
2,0,45744,Healthy
0,0,45744,Healthy
2,0,45715,Medium
0,0,45713,Medium
2,0,45690,Medium
0,0,45688,Medium
0,0,45670,Medium
0,0,45670,Medium
0,0,45665,Medium
1,4,45652,Healthy
2,0,45650,Medium
2,0,45648,Healthy
0,0,45648,Medium
0,0,45647,Healthy
2,0,45647,Healthy
2,0,45644,Healthy
1,1,45635,Low
2,0,45615,Healthy
0,0,45604,Healthy
0,0,45595,Healthy
1,1,45594,Healthy
0,0,45586,Medium
2,0,45581,Healthy
2,0,45578,Medium
2,0,45548,Medium
0,0,45546,Medium
0,0,45522,Medium
2,0,45521,Medium
0,0,45501,Medium
0,0,45501,Medium
0,0,45499,Medium
2,0,45493,Healthy
2,0,45490,Healthy
2,0,45486,Medium
0,0,45482,Healthy
0,0,45482,Medium
2,0,45476,Healthy
0,0,45475,Healthy
1,1,45474,Low
2,0,45457,Healthy
0,0,45447,Healthy
0,0,45432,Healthy
1,1,45426,Healthy
0,0,45424,Healthy
0,0,45423,Medium
2,0,45415,Medium
2,0,45388,Medium
2,0,45383,Medium
0,0,45365,Medium
2,0,45354,Medium
0,0,45341,Medium
0,0,45341,Medium
0,0,45333,Medium
2,0,45323,Healthy
2,0,45323,Medium
0,0,45323,Medium
0,0,45319,Healthy
2,0,45312,Healthy
0,0,45312,Medium
0,0,45311,Healthy
1,1,45310,Low
2,0,45294,Healthy
0,0,45290,Healthy
2,0,45261,Healthy
1,1,45260,Healthy
0,0,45259,Healthy
2,0,45257,Medium
2,0,45248,Medium
2,0,45216,Medium
0,-1,45211,Medium
0,0,45208,Medium
2,0,45185,Medium
0,0,45180,Medium
0,0,45180,Medium
0,0,45170,Medium
2,0,45162,Medium
2,0,45160,Healthy
0,0,45156,Medium
0,0,45150,Healthy
0,0,45148,Healthy
2,0,45146,Medium
1,1,45144,Low
2,0,45143,Healthy
0,0,45133,Medium
2,0,45131,Healthy
1,1,45096,Healthy
2,0,45092,Healthy
0,0,45091,Medium
0,0,45090,Healthy
0,0,45082,Medium
0,0,45045,Medium
0,0,45043,Medium
0,0,45042,Medium
2,0,45028,Medium
0,0,45007,Medium
0,0,45007,Medium
0,0,45007,Medium
0,0,44999,Medium
2,0,44994,Healthy
0,0,44993,Medium
2,0,44988,Healthy
0,0,44983,Healthy
1,1,44980,Low
2,0,44980,Medium
2,0,44977,Healthy
0,0,44966,Medium
2,0,44964,Healthy
1,1,44939,Healthy
2,0,44931,Medium
2,0,44930,Healthy
0,0,44929,Healthy
0,0,44916,Medium
0,0,44888,Medium
0,0,44885,Medium
0,0,44880,Medium
0,0,44865,Medium
2,0,44859,Medium
2,0,44859,Medium
0,0,44837,Medium
2,0,44835,Medium
2,0,44831,Healthy
0,0,44828,Healthy
0,0,44824,Medium
2,0,44820,Medium
2,0,44816,Healthy
1,1,44814,Low
0,0,44811,Healthy
0,0,44803,Medium
2,0,44798,Healthy
1,1,44773,Healthy
0,0,44768,Medium
2,0,44765,Healthy
0,0,44763,Healthy
0,0,44747,Medium
0,0,44728,Medium
2,0,44721,Medium
2,0,44711,Medium
2,0,44711,Medium
2,0,44683,Medium
2,0,44683,Medium
2,0,44671,Medium
2,0,44670,Medium
0,0,44668,Medium
2,0,44662,Healthy
2,0,44657,Medium
0,0,44654,Medium
0,0,44646,Medium
2,0,44644,Healthy
1,1,44640,Low
0,0,44639,Healthy
2,0,44637,Healthy
1,1,44613,Healthy
2,0,44599,Healthy
0,0,44597,Healthy
0,0,44595,Medium
0,0,44593,Medium
0,0,44571,Medium
2,0,44557,Medium
0,0,44549,Medium
0,0,44542,Medium
2,0,44515,Medium
0,0,44511,Medium
0,0,44511,Medium
2,0,44504,Medium
2,0,44502,Medium
2,0,44499,Healthy
2,0,44490,Medium
0,0,44488,Medium
0,0,44486,Medium
2,0,44478,Healthy
1,1,44474,Low
2,0,44473,Healthy
0,0,44469,Healthy
1,1,44445,Healthy
0,0,44442,Healthy
0,0,44432,Medium
0,0,44428,Healthy
0,0,44426,Medium
0,0,44414,Medium
2,0,44400,Medium
2,0,44383,Medium
0,0,44375,Medium
2,0,44357,Medium
2,0,44341,Medium
0,0,44339,Medium
0,0,44338,Medium
2,0,44335,Medium
0,0,44330,Medium
0,0,44326,Medium
2,0,44325,Medium
0,0,44323,Healthy
0,0,44313,Healthy
1,1,44312,Low
2,0,44311,Healthy
0,0,44297,Healthy
1,1,44286,Healthy
2,0,44279,Healthy
0,0,44266,Medium
0,0,44263,Medium
0,0,44262,Healthy
0,0,44257,Medium
0,0,44240,Medium
2,0,44219,Medium
0,0,44212,Medium
2,0,44194,Medium
0,0,44181,Medium
2,0,44172,Medium
0,0,44169,Medium
0,0,44169,Medium
0,0,44163,Medium
0,0,44162,Medium
0,0,44161,Medium
0,0,44157,Healthy
2,0,44153,Healthy
2,0,44151,Healthy
1,1,44142,Low
0,0,44131,Healthy
1,1,44118,Healthy
0,0,44110,Healthy
0,0,44100,Medium
0,0,44099,Medium
0,0,44092,Healthy
0,0,44091,Medium
0,0,44077,Medium
2,0,44047,Medium
0,0,44043,Medium
2,0,44033,Medium
2,0,44012,Medium
2,0,44009,Medium
0,0,44003,Medium
2,0,44003,Medium
2,0,44003,Medium
0,0,43996,Medium
2,0,43993,Healthy
2,0,43991,Healthy
2,0,43988,Medium
1,1,43978,Low
2,0,43976,Healthy
0,0,43961,Healthy
1,1,43950,Healthy
2,0,43949,Healthy
0,0,43940,Medium
0,0,43939,Medium
0,0,43929,Healthy
0,0,43921,Medium
2,0,43917,Medium
2,0,43884,Medium
2,0,43876,Medium
2,0,43873,Medium
2,0,43851,Medium
2,0,43843,Medium
0,0,43840,Medium
0,0,43831,Healthy
0,0,43831,Medium
0,0,43831,Medium
0,0,43829,Medium
2,0,43826,Healthy
1,1,43821,Low
2,0,43819,Medium
2,0,43813,Healthy
0,0,43795,Healthy
2,0,43789,Healthy
1,1,43786,Healthy
0,0,43776,Medium
0,0,43773,Medium
0,0,43755,Medium
0,0,43754,Healthy
0,0,43744,Medium
2,0,43718,Medium
2,0,43713,Medium
2,0,43709,Medium
2,0,43691,Medium
2,0,43677,Medium
0,0,43677,Medium
2,0,43667,Medium
2,0,43667,Medium
0,0,43664,Healthy
2,0,43663,Healthy
2,0,43660,Medium
1,1,43653,Low
2,0,43653,Medium
2,0,43646,Healthy
0,0,43635,Healthy
0,0,43632,Healthy
1,1,43622,Healthy
0,0,43607,Medium
0,0,43607,Medium
0,0,43587,Healthy
0,0,43584,Medium
0,0,43584,Medium
2,0,43552,Medium
2,0,43547,Medium
2,0,43546,Medium
2,0,43525,Medium
2,0,43517,Medium
0,0,43510,Medium
0,0,43503,Healthy
2,0,43501,Healthy
2,0,43497,Medium
1,1,43489,Low
0,0,43489,Medium
0,0,43489,Medium
2,0,43487,Medium
2,0,43483,Healthy
0,0,43466,Healthy
0,0,43466,Healthy
1,1,43458,Healthy
0,0,43447,Medium
2,0,43443,Medium
2,0,43432,Medium
0,0,43424,Healthy
0,0,43421,Medium
0,0,43383,Medium
0,0,43381,Medium
2,0,43380,Medium
0,0,43359,Medium
0,0,43350,Medium
0,0,43344,Medium
0,0,43341,Healthy
2,0,43336,Healthy
2,0,43324,Medium
1,1,43323,Low
0,0,43323,Medium
0,0,43323,Medium
2,0,43320,Medium
2,0,43314,Healthy
0,0,43307,Healthy
2,0,43300,Healthy
2,0,43298,Medium
0,0,43296,Healthy
1,1,43295,Healthy
1,1,43294,Healthy
0,0,43287,Medium
0,0,43259,Medium
0,0,43258,Healthy
0,0,43257,Medium
0,0,43216,Medium
0,0,43215,Medium
2,0,43213,Medium
2,0,43195,Medium
0,0,43190,Medium
0,0,43178,Healthy
0,0,43178,Medium
2,0,43173,Healthy
1,1,43155,Low
0,0,43153,Medium
0,0,43153,Medium
0,0,43152,Medium
0,0,43151,Medium
2,0,43147,Healthy
0,0,43142,Healthy
0,0,43138,Medium
2,0,43137,Healthy
1,1,43133,Healthy
0,0,43130,Healthy
1,1,43126,Healthy
0,0,43114,Medium
2,0,43099,Medium
0,0,43095,Healthy
0,0,43091,Medium
2,0,43052,Medium
2,0,43050,Medium
0,0,43045,Medium
2,0,43035,Medium
0,0,43024,Medium
2,0,43015,Healthy
0,0,43012,Low
2,0,43010,Healthy
2,0,42994,Medium
0,0,42990,Medium
0,0,42990,Medium
2,0,42986,Healthy
1,1,42985,Low
0,0,42981,Healthy
2,0,42981,Medium
0,0,42980,Medium
2,0,42976,Healthy
1,1,42969,Healthy
2,0,42965,Medium
0,0,42964,Healthy
1,1,42956,Healthy
0,0,42938,Healthy
0,0,42934,Medium
2,0,42924,Medium
2,0,42893,Medium
0,0,42891,Medium
0,0,42889,Medium
1,-1,42867,Medium
0,0,42866,Medium
0,0,42848,Healthy
0,0,42842,Low
2,0,42837,Healthy
0,0,42825,Medium
0,0,42824,Medium
0,0,42824,Medium
2,0,42823,Healthy
1,1,42823,Low
0,0,42821,Medium
2,0,42820,Healthy
0,0,42810,Medium
2,0,42810,Healthy
1,1,42801,Healthy
1,1,42794,Healthy
0,0,42791,Healthy
2,0,42789,Medium
0,0,42784,Healthy
2,0,42768,Medium
2,0,42761,Medium
2,0,42726,Medium
0,0,42725,Medium
0,0,42722,Medium
0,0,42709,Medium
0,0,42701,Medium
0,0,42685,Healthy
2,0,42674,Healthy
0,0,42673,Low
1,1,42664,Low
2,0,42660,Healthy
0,0,42658,Medium
0,0,42658,Medium
2,0,42657,Medium
2,0,42657,Medium
0,0,42657,Healthy
2,0,42644,Healthy
0,0,42644,Medium
1,1,42633,Healthy
2,0,42628,Healthy
1,1,42624,Healthy
0,0,42624,Healthy
0,0,42617,Medium
2,0,42614,Medium
0,0,42588,Medium
2,0,42563,Medium
0,0,42562,Medium
0,0,42553,Medium
0,0,42549,Medium
0,0,42538,Medium
0,0,42522,Healthy
0,0,42519,Low
2,0,42508,Healthy
2,0,42506,Healthy
1,1,42496,Low
0,0,42493,Healthy
0,0,42491,Medium
0,0,42491,Medium
0,0,42491,Medium
0,0,42489,Medium
0,0,42487,Medium
2,0,42480,Healthy
1,1,42476,Healthy
0,0,42471,Healthy
2,0,42459,Medium
1,1,42458,Healthy
0,0,42457,Healthy
0,0,42445,Medium
2,0,42416,Medium
0,0,42397,Medium
0,0,42389,Medium
2,0,42387,Medium
2,0,42383,Medium
0,0,42374,Medium
0,0,42365,Low
0,0,42356,Healthy
2,0,42339,Healthy
2,0,42336,Healthy
0,0,42330,Medium
0,0,42328,Medium
0,0,42328,Medium
0,0,42326,Healthy
1,1,42326,Low
0,0,42325,Medium
0,0,42320,Medium
2,0,42317,Healthy
1,1,42308,Healthy
1,1,42299,Healthy
2,0,42292,Medium
0,0,42291,Healthy
0,-1,42282,Healthy
0,0,42275,Medium
0,0,42259,Medium
2,5,42241,Medium
2,0,42227,Medium
0,0,42220,Medium
0,0,42216,Medium
0,0,42214,Medium
0,0,42199,Low
0,0,42186,Healthy
2,0,42173,Healthy
2,0,42173,Healthy
2,0,42165,Medium
2,0,42164,Medium
1,1,42164,Low
2,0,42160,Healthy
0,0,42159,Medium
0,0,42159,Medium
0,0,42157,Medium
2,0,42154,Healthy
1,1,42148,Healthy
1,1,42137,Healthy
2,0,42125,Healthy
0,0,42125,Medium
0,0,42119,Healthy
2,0,42109,Medium
0,0,42093,Medium
2,5,42073,Medium
0,0,42057,Medium
0,0,42057,Medium
2,0,42054,Medium
0,0,42054,Medium
0,0,42032,Low
0,0,42023,Healthy
0,0,42010,Healthy
0,0,42004,Healthy
0,0,42003,Healthy
2,0,41997,Medium
2,0,41996,Medium
1,1,41994,Low
0,0,41989,Medium
0,0,41989,Medium
2,0,41987,Healthy
0,0,41984,Medium
1,1,41980,Healthy
0,0,41971,Healthy
1,1,41959,Healthy
0,0,41959,Medium
2,0,41956,Healthy
0,0,41937,Medium
0,0,41923,Medium
2,5,41914,Medium
2,0,41905,Medium
0,0,41891,Medium
2,0,41891,Medium
0,0,41882,Medium
0,0,41869,Low
1,1,41868,Healthy
0,0,41860,Healthy
2,0,41849,Healthy
2,0,41843,Healthy
2,0,41840,Healthy
2,0,41837,Medium
0,0,41829,Medium
1,1,41828,Low
2,5,41824,Healthy
0,0,41823,Medium
0,0,41823,Medium
0,0,41821,Medium
0,0,41814,Healthy
0,0,41805,Healthy
2,0,41802,Medium
2,0,41798,Healthy
2,0,41789,Healthy
2,0,41773,Medium
0,0,41757,Medium
2,5,41753,Medium
0,0,41738,Medium
2,0,41734,Medium
2,0,41731,Medium
2,0,41720,Medium
0,0,41706,Low
0,0,41705,Healthy
0,0,41703,Healthy
1,1,41696,Healthy
0,0,41689,Healthy
2,0,41685,Healthy
2,0,41683,Healthy
1,1,41668,Low
2,0,41665,Medium
0,0,41663,Medium
0,0,41663,Medium
0,0,41663,Medium
2,5,41658,Healthy
0,0,41658,Medium
0,0,41647,Healthy
0,0,41641,Healthy
2,0,41635,Medium
0,0,41635,Healthy
2,0,41623,Healthy
0,0,41595,Medium
2,5,41594,Medium
2,0,41591,Medium
0,0,41572,Medium
2,0,41569,Medium
2,0,41565,Medium
0,0,41558,Medium
2,0,41544,Healthy
0,0,41534,Low
0,0,41534,Healthy
1,1,41530,Healthy
0,0,41526,Healthy
2,5,41518,Healthy
2,0,41516,Healthy
1,1,41507,Low
2,0,41503,Medium
0,0,41500,Medium
0,0,41500,Medium
2,0,41497,Healthy
0,0,41493,Medium
0,0,41489,Medium
2,0,41478,Medium
0,0,41475,Healthy
0,0,41471,Healthy
0,0,41469,Healthy
2,0,41454,Healthy
2,5,41432,Medium
0,0,41431,Medium
0,0,41429,Medium
0,0,41415,Medium
0,0,41412,Medium
2,0,41398,Medium
0,0,41386,Medium
0,0,41378,Healthy
1,1,41364,Healthy
0,0,41364,Healthy
0,0,41361,Low
0,0,41360,Healthy
2,5,41355,Healthy
2,0,41343,Healthy
0,0,41332,Medium
0,0,41332,Medium
0,0,41332,Medium
0,0,41329,Medium
1,1,41329,Low
2,0,41328,Healthy
0,0,41325,Medium
2,0,41318,Medium
0,0,41312,Healthy
2,0,41306,Healthy
2,0,41305,Healthy
2,0,41291,Healthy
2,5,41273,Medium
2,0,41268,Medium
0,0,41259,Medium
0,0,41258,Medium
2,0,41254,Medium
2,0,41223,Medium
0,0,41220,Medium
2,0,41218,Healthy
2,0,41203,Healthy
1,1,41200,Healthy
2,0,41195,Healthy
0,0,41192,Healthy
0,0,41192,Low
0,0,41186,Healthy
2,0,41174,Medium
2,0,41174,Medium
2,0,41174,Medium
2,0,41168,Low
2,0,41165,Healthy
0,0,41161,Medium
2,0,41160,Medium
0,0,41156,Medium
2,0,41152,Healthy
0,0,41140,Healthy
0,0,41133,Healthy
0,0,41124,Healthy
2,5,41108,Medium
2,0,41101,Medium
0,0,41101,Medium
0,0,41096,Medium
0,0,41094,Medium
2,0,41059,Medium
0,0,41054,Healthy
0,0,41051,Medium
0,0,41039,Healthy
2,0,41037,Healthy
1,1,41028,Healthy
2,5,41026,Healthy
0,0,41023,Low
2,0,41019,Healthy
0,0,41010,Low
0,0,41008,Medium
0,0,41008,Medium
0,0,41008,Medium
2,0,40999,Healthy
2,0,40995,Medium
0,0,40991,Medium
0,0,40990,Medium
0,0,40982,Healthy
2,0,40969,Healthy
2,0,40967,Healthy
0,0,40967,Healthy
2,5,40948,Medium
0,0,40941,Medium
0,0,40941,Medium
2,0,40934,Medium
0,0,40930,Medium
0,0,40890,Healthy
0,0,40887,Medium
2,0,40887,Medium
2,0,40885,Healthy
0,0,40880,Healthy
1,1,40864,Healthy
2,0,40859,Healthy
2,5,40857,Healthy
0,0,40856,Low
0,0,40848,Medium
0,0,40848,Medium
0,0,40848,Medium
0,0,40841,Low
2,0,40838,Medium
2,0,40829,Healthy
0,0,40824,Medium
0,0,40824,Medium
0,0,40811,Healthy
0,0,40803,Healthy
2,0,40801,Healthy
0,0,40795,Healthy
2,5,40791,Medium
0,0,40780,Medium
2,0,40778,Medium
0,0,40772,Medium
2,0,40764,Medium
2,0,40728,Healthy
0,0,40724,Healthy
0,0,40721,Medium
2,0,40715,Medium
0,0,40714,Healthy
1,1,40696,Healthy
0,0,40690,Low
0,0,40690,Healthy
2,0,40687,Healthy
0,0,40682,Medium
0,0,40682,Medium
0,0,40682,Medium
2,0,40675,Low
2,0,40669,Healthy
2,0,40668,Medium
0,0,40661,Medium
0,0,40657,Medium
2,0,40644,Healthy
0,0,40634,Healthy
0,0,40632,Healthy
0,0,40627,Medium
2,0,40625,Medium
2,0,40625,Healthy
0,0,40611,Medium
2,0,40599,Medium
0,0,40597,Medium
2,0,40571,Healthy
2,0,40558,Healthy
0,0,40558,Medium
2,0,40555,Medium
0,0,40550,Healthy
1,1,40533,Healthy
0,0,40526,Healthy
2,0,40520,Healthy
0,0,40519,Low
0,0,40518,Medium
0,0,40518,Medium
0,0,40518,Medium
2,0,40508,Medium
2,0,40503,Healthy
0,0,40502,Low
0,0,40492,Medium
0,0,40488,Medium
0,0,40481,Healthy
2,0,40470,Healthy
0,0,40464,Medium
2,0,40462,Medium
2,0,40459,Healthy
0,0,40459,Healthy
0,0,40444,Medium
0,0,40434,Medium
2,0,40430,Medium
0,0,40426,Healthy
0,0,40408,Healthy
0,0,40401,Healthy
0,0,40391,Medium
0,0,40389,Medium
0,0,40385,Healthy
1,1,40369,Healthy
0,0,40355,Medium
0,0,40355,Medium
0,0,40355,Medium
2,0,40354,Healthy
0,0,40351,Healthy
0,0,40347,Low
2,0,40345,Medium
2,0,40339,Low
2,0,40336,Healthy
2,0,40326,Medium
0,0,40322,Medium
0,0,40315,Healthy
2,0,40307,Healthy
0,0,40304,Medium
0,0,40296,Healthy
2,0,40292,Medium
0,0,40290,Healthy
0,0,40284,Medium
0,0,40265,Medium
2,0,40264,Medium
0,0,40263,Healthy
2,0,40242,Healthy
2,0,40241,Healthy
0,0,40226,Medium
2,0,40225,Healthy
0,0,40222,Medium
1,1,40207,Healthy
2,0,40195,Low
0,0,40189,Medium
0,0,40189,Medium
0,0,40189,Medium
2,0,40188,Healthy
2,0,40186,Medium
0,0,40185,Healthy
0,0,40173,Low
2,0,40170,Healthy
2,0,40163,Medium
0,0,40159,Medium
0,0,40155,Healthy
0,0,40141,Medium
0,0,40139,Healthy
0,0,40138,Healthy
2,0,40135,Medium
0,0,40124,Medium
2,0,40121,Healthy
2,0,40098,Medium
0,0,40096,Medium
0,0,40093,Healthy
0,0,40087,Healthy
2,0,40076,Healthy
2,0,40061,Healthy
0,0,40056,Medium
0,0,40056,Medium
1,1,40043,Healthy
2,0,40043,Low
0,0,40032,Medium
0,0,40032,Medium
0,0,40032,Medium
2,0,40026,Medium
0,0,40021,Healthy
0,0,40021,Healthy
2,0,40004,Healthy
0,0,40003,Low
2,0,39996,Medium
0,0,39992,Healthy
0,0,39986,Medium
2,0,39981,Medium
0,0,39981,Medium
0,0,39977,Healthy
0,0,39973,Healthy
0,0,39961,Medium
0,0,39951,Healthy
2,0,39931,Medium
0,0,39929,Medium
0,0,39927,Healthy
0,0,39924,Healthy
2,0,39916,Healthy
2,0,39907,Healthy
2,0,39907,Healthy
2,0,39907,Healthy
2,0,39907,Healthy
2,0,39898,Healthy
2,0,39889,Medium
0,0,39887,Medium
1,1,39875,Healthy
0,0,39871,Low
0,0,39866,Low
0,0,39866,Medium
0,0,39866,Medium
2,0,39863,Medium
2,0,39858,Healthy
0,0,39852,Healthy
2,0,39843,Healthy
2,0,39840,Low
0,0,39830,Medium
2,0,39828,Healthy
2,0,39820,Medium
0,0,39820,Medium
2,0,39820,Medium
0,0,39811,Healthy
0,0,39807,Healthy
0,0,39804,Medium
0,0,39788,Healthy
0,0,39769,Medium
0,0,39762,Medium
0,0,39757,Healthy
2,0,39756,Healthy
0,0,39755,Healthy
2,0,39747,Healthy
2,0,39747,Healthy
2,0,39747,Healthy
2,0,39747,Healthy
2,0,39738,Healthy
2,0,39729,Medium
0,0,39721,Medium
1,1,39716,Healthy
0,0,39706,Low
0,0,39706,Medium
0,0,39706,Medium
2,0,39703,Medium
0,0,39699,Low
2,0,39695,Healthy
0,0,39692,Healthy
2,0,39677,Healthy
2,0,39677,Low
0,0,39668,Healthy
0,0,39667,Medium
0,0,39664,Medium
2,0,39657,Medium
2,0,39654,Medium
0,0,39651,Healthy
0,0,39650,Medium
0,0,39638,Healthy
0,0,39622,Medium
0,0,39606,Medium
0,0,39605,Medium
2,0,39600,Healthy
2,0,39592,Healthy
0,0,39582,Healthy
2,0,39580,Healthy
2,0,39580,Healthy
2,0,39580,Healthy
2,0,39580,Healthy
2,0,39578,Healthy
2,0,39566,Medium
0,0,39561,Medium
1,1,39543,Healthy
0,0,39539,Medium
0,0,39539,Medium
0,0,39539,Low
2,0,39537,Medium
0,0,39535,Low
2,0,39532,Healthy
2,0,39516,Healthy
2,0,39508,Healthy
2,0,39508,Healthy
0,0,39507,Low
0,0,39497,Medium
0,0,39494,Medium
0,0,39491,Healthy
2,0,39491,Medium
2,0,39487,Medium
0,-1,39484,Medium
0,0,39468,Healthy
2,0,39450,Medium
0,0,39438,Medium
0,0,39437,Healthy
0,0,39436,Medium
0,0,39435,Healthy
2,0,39418,Healthy
2,0,39417,Healthy
2,0,39417,Healthy
2,0,39417,Healthy
2,0,39417,Healthy
0,0,39413,Healthy
2,0,39400,Medium
0,0,39397,Medium
2,0,39377,Medium
0,0,39376,Medium
0,0,39376,Low
0,0,39376,Medium
1,1,39375,Healthy
2,0,39372,Low
2,0,39368,Medium
0,0,39353,Healthy
2,0,39348,Healthy
0,0,39347,Low
2,0,39344,Healthy
0,0,39340,Medium
0,0,39333,Healthy
0,0,39331,Medium
2,0,39328,Medium
2,0,39321,Medium
0,0,39318,Medium
2,0,39305,Healthy
2,0,39283,Medium
2,0,39283,Healthy
2,0,39280,Medium
2,0,39272,Healthy
0,0,39269,Medium
2,0,39255,Healthy
2,0,39254,Healthy
2,0,39254,Healthy
2,0,39254,Healthy
2,0,39254,Healthy
0,0,39241,Healthy
0,0,39240,Medium
0,0,39229,Medium
0,0,39213,Medium
0,0,39213,Medium
0,0,39213,Low
1,1,39212,Healthy
2,0,39210,Medium
0,0,39202,Medium
0,0,39200,Low
0,0,39190,Healthy
0,0,39188,Healthy
2,0,39184,Healthy
0,0,39181,Low
0,0,39174,Medium
0,0,39171,Medium
2,0,39164,Medium
0,0,39161,Healthy
0,0,39161,Medium
0,0,39160,Medium
2,0,39148,Healthy
2,0,39126,Healthy
2,0,39114,Medium
2,0,39111,Medium
2,0,39103,Healthy
0,0,39100,Medium
0,0,39095,Healthy
2,0,39090,Healthy
2,0,39090,Healthy
2,0,39090,Healthy
2,0,39090,Healthy
0,0,39075,Healthy
2,0,39075,Medium
0,0,39070,Medium
2,0,39053,Medium
0,0,39053,Low
0,0,39053,Medium
0,0,39053,Medium
1,1,39046,Healthy
0,0,39034,Low
0,0,39032,Medium
0,0,39025,Healthy
0,0,39020,Low
2,0,39015,Healthy
0,0,39011,Medium
0,0,39011,Medium
0,0,39011,Medium
2,0,39001,Medium
0,0,39000,Medium
0,0,38995,Healthy
2,0,38995,Medium
0,0,38982,Healthy
2,0,38969,Healthy
2,0,38945,Medium
0,0,38940,Healthy
2,0,38938,Medium
2,0,38932,Healthy
0,0,38931,Medium
2,0,38927,Healthy
2,0,38927,Healthy
2,0,38927,Healthy
2,0,38927,Healthy
0,0,38905,Healthy
2,0,38905,Medium
2,0,38898,Medium
2,0,38896,Low
0,0,38890,Low
0,0,38890,Medium
0,0,38890,Low
1,1,38880,Healthy
0,0,38870,Low
2,0,38868,Medium
0,0,38860,Low
0,0,38859,Healthy
2,0,38851,Healthy
0,0,38848,Medium
0,0,38842,Medium
2,0,38841,Medium
0,0,38839,Medium
2,-1,38836,Medium
2,0,38831,Healthy
0,0,38822,Medium
2,0,38820,Healthy
0,0,38806,Healthy
2,0,38777,Healthy
2,0,38776,Medium
0,0,38768,Medium
0,0,38768,Healthy
2,0,38767,Healthy
2,0,38767,Healthy
2,0,38767,Healthy
2,0,38767,Healthy
2,0,38766,Medium
0,0,38739,Healthy
2,0,38736,Medium
0,0,38736,Low
0,0,38730,Low
0,0,38730,Low
0,0,38730,Low
2,0,38729,Medium
1,1,38716,Healthy
2,0,38705,Medium
0,0,38703,Low
0,0,38701,Low
0,0,38691,Medium
2,0,38688,Healthy
0,0,38686,Healthy
0,6,38679,Medium
0,0,38676,Medium
2,0,38674,Medium
0,0,38669,Medium
0,0,38665,Healthy
2,0,38664,Healthy
2,0,38656,Medium
2,0,38640,Healthy
2,0,38611,Healthy
2,0,38610,Healthy
2,0,38606,Low
2,0,38600,Healthy
2,0,38600,Healthy
2,0,38600,Healthy
2,0,38600,Healthy
0,0,38597,Medium
0,0,38595,Medium
0,0,38576,Healthy
2,0,38570,Low
2,0,38567,Medium
0,0,38566,Low
0,0,38566,Low
0,0,38566,Low
2,0,38562,Medium
2,0,38548,Medium
1,1,38546,Healthy
0,0,38538,Low
0,0,38537,Medium
0,0,38531,Low
0,0,38529,Healthy
2,0,38522,Healthy
0,0,38516,Medium
2,0,38511,Medium
0,0,38509,Medium
2,0,38504,Healthy
0,0,38503,Medium
0,0,38496,Healthy
2,0,38493,Medium
2,0,38473,Healthy
0,0,38453,Healthy
0,0,38439,Healthy
2,0,38437,Low
2,0,38437,Healthy
2,0,38437,Healthy
2,0,38437,Healthy
2,0,38437,Healthy
2,0,38434,Medium
0,0,38432,Medium
0,0,38410,Healthy
2,0,38410,Low
0,0,38403,Low
0,0,38403,Low
0,0,38403,Low
2,0,38398,Medium
2,0,38396,Medium
2,0,38384,Medium
1,1,38382,Healthy
2,0,38373,Medium
2,0,38366,Low
0,0,38364,Low
2,0,38360,Healthy
2,0,38356,Healthy
2,0,38354,Medium
0,0,38350,Medium
2,0,38341,Healthy
0,0,38340,Medium
0,0,38331,Medium
2,0,38329,Healthy
2,0,38320,Medium
2,0,38313,Healthy
2,-1,38313,Healthy
2,0,38290,Healthy
2,0,38280,Healthy
2,0,38280,Healthy
2,0,38280,Healthy
2,0,38280,Healthy
0,0,38269,Medium
2,0,38265,Low
2,0,38261,Medium
0,0,38249,Low
0,0,38249,Low
0,0,38249,Low
0,0,38240,Healthy
2,0,38237,Low
2,0,38230,Medium
2,0,38228,Medium
1,1,38223,Medium
1,1,38218,Healthy
2,0,38207,Medium
2,0,38201,Low
0,0,38199,Low
2,0,38191,Medium
0,0,38190,Healthy
0,0,38183,Healthy
0,6,38183,Medium
2,0,38180,Medium
0,0,38178,Healthy
0,0,38174,Medium
2,0,38173,Healthy
0,0,38166,Healthy
2,0,38157,Medium
2,0,38153,Healthy
0,0,38121,Healthy
2,0,38117,Healthy
2,0,38117,Healthy
2,0,38117,Healthy
2,0,38117,Healthy
0,0,38099,Medium
2,0,38095,Medium
2,0,38092,Low
0,0,38083,Low
0,0,38083,Low
0,0,38083,Low
0,0,38074,Healthy
2,0,38068,Low
0,0,38061,Medium
2,0,38059,Medium
2,0,38056,Medium
1,1,38050,Healthy
0,0,38047,Medium
0,0,38036,Low
0,0,38035,Low
2,0,38030,Medium
0,0,38024,Healthy
2,0,38024,Medium
0,0,38021,Healthy
2,0,38020,Healthy
0,0,38010,Medium
2,0,38008,Medium
0,0,38007,Medium
2,0,38000,Healthy
2,0,37991,Medium
2,0,37990,Healthy
2,0,37961,Healthy
2,0,37956,Healthy
2,0,37956,Healthy
2,0,37956,Healthy
2,0,37956,Healthy
0,0,37936,Medium
0,0,37926,Low
2,0,37918,Medium
0,0,37917,Low
0,0,37917,Low
0,0,37917,Low
2,0,37914,Low
0,0,37908,Healthy
2,0,37904,Medium
2,0,37899,Medium
0,0,37887,Medium
2,0,37884,Medium
1,1,37882,Healthy
2,0,37870,Low
2,0,37867,Medium
2,0,37867,Medium
0,0,37865,Low
2,0,37863,Healthy
0,0,37858,Healthy
2,5,37853,Healthy
0,0,37847,Medium
0,0,37845,Medium
0,0,37844,Medium
0,0,37833,Healthy
2,0,37833,Healthy
2,0,37826,Medium
2,0,37801,Healthy
2,0,37793,Healthy
2,0,37793,Healthy
2,0,37793,Healthy
2,0,37793,Healthy
0,0,37767,Medium
2,0,37760,Low
0,0,37760,Low
2,0,37754,Medium
0,0,37754,Low
0,0,37754,Low
0,0,37754,Low
2,0,37736,Medium
0,0,37735,Healthy
0,0,37734,Medium
2,-1,37723,Medium
0,0,37721,Healthy
0,0,37717,Medium
1,1,37714,Healthy
2,0,37704,Medium
0,0,37704,Low
0,0,37704,Medium
2,0,37699,Low
2,0,37695,Healthy
0,0,37692,Healthy
2,0,37685,Medium
2,0,37683,Healthy
2,0,37681,Medium
0,0,37679,Healthy
0,0,37675,Medium
2,0,37670,Healthy
0,0,37656,Medium
0,0,37647,Healthy
2,0,37630,Healthy
2,0,37630,Healthy
2,0,37630,Healthy
2,0,37630,Healthy
2,0,37603,Low
0,0,37601,Medium
0,0,37600,Low
0,0,37591,Medium
0,0,37590,Low
0,0,37590,Low
0,0,37590,Low
2,0,37582,Medium
2,0,37572,Healthy
0,0,37568,Medium
0,6,37566,Medium
2,0,37552,Healthy
0,0,37551,Medium
2,0,37550,Healthy
2,0,37544,Low
2,0,37540,Medium
0,0,37538,Medium
0,0,37536,Low
2,0,37533,Healthy
2,0,37520,Healthy
0,0,37519,Healthy
2,0,37519,Medium
2,0,37516,Healthy
0,0,37509,Medium
0,0,37508,Medium
2,0,37501,Healthy
2,0,37486,Medium
0,0,37477,Healthy
2,0,37466,Healthy
2,0,37466,Healthy
2,0,37466,Healthy
2,0,37466,Healthy
2,0,37446,Low
0,0,37434,Medium
2,0,37432,Low
2,0,37432,Low
2,0,37432,Low
0,0,37427,Low
0,0,37425,Medium
0,0,37415,Healthy
2,0,37415,Medium
0,0,37403,Medium
0,0,37399,Medium
0,0,37391,Medium
2,0,37388,Healthy
2,0,37381,Medium
0,0,37380,Low
2,0,37379,Healthy
2,0,37377,Healthy
2,5,37374,Medium
2,0,37369,Low
2,0,37357,Healthy
0,0,37356,Medium
2,0,37353,Healthy
2,0,37353,Healthy
0,0,37345,Medium
0,0,37342,Medium
0,0,37337,Healthy
2,0,37325,Medium
2,0,37311,Healthy
2,5,37300,Healthy
2,5,37300,Healthy
2,5,37300,Healthy
2,5,37300,Healthy
2,0,37280,Low
0,0,37268,Medium
0,0,37266,Low
0,0,37266,Low
0,0,37266,Low
0,0,37264,Low
0,0,37262,Medium
2,0,37249,Medium
0,0,37236,Medium
0,0,37229,Medium
0,-1,37226,Healthy
2,0,37225,Healthy
0,0,37219,Medium
2,0,37217,Healthy
2,0,37211,Medium
0,0,37208,Low
0,0,37207,Healthy
2,0,37203,Low
2,0,37196,Medium
0,0,37189,Medium
2,0,37187,Healthy
0,0,37186,Healthy
2,0,37185,Healthy
0,0,37183,Medium
0,0,37179,Medium
2,0,37174,Healthy
0,0,37162,Medium
2,0,37148,Healthy
2,0,37122,Healthy
2,0,37122,Healthy
2,0,37122,Healthy
2,0,37122,Healthy
0,0,37117,Low
0,0,37103,Low
0,0,37103,Low
0,0,37103,Low
0,0,37102,Low
0,0,37099,Medium
2,0,37092,Medium
0,0,37092,Medium
0,6,37069,Medium
0,0,37068,Healthy
0,0,37066,Medium
0,0,37063,Healthy
2,0,37058,Medium
0,0,37055,Medium
2,0,37051,Healthy
0,0,37049,Low
0,0,37045,Low
0,0,37037,Medium
1,1,37032,Medium
2,0,37029,Medium
2,0,37027,Medium
2,0,37026,Healthy
2,0,37023,Medium
0,0,37018,Healthy
0,0,37010,Medium
2,0,37008,Healthy
0,0,36996,Medium
2,0,36987,Healthy
0,0,36960,Low
1,1,36958,Healthy
1,1,36958,Healthy
1,1,36958,Healthy
1,1,36958,Healthy
0,0,36943,Low
0,0,36943,Low
0,0,36943,Low
0,0,36935,Low
0,0,36933,Medium
0,0,36928,Medium
0,0,36923,Medium
2,0,36911,Medium
0,0,36908,Healthy
2,0,36900,Healthy
2,0,36897,Medium
0,0,36894,Medium
0,0,36893,Medium
2,0,36887,Healthy
2,0,36886,Low
0,0,36878,Low
0,0,36871,Medium
2,0,36869,Medium
1,1,36866,Medium
2,0,36866,Medium
0,0,36863,Healthy
2,0,36860,Medium
0,0,36851,Healthy
0,0,36847,Medium
2,0,36839,Healthy
0,0,36827,Medium
2,0,36821,Healthy
0,0,36799,Low
1,1,36792,Healthy
1,1,36792,Healthy
1,1,36792,Healthy
1,1,36792,Healthy
0,0,36789,Low
0,0,36789,Low
0,0,36789,Low
0,0,36775,Low
0,0,36769,Medium
0,0,36757,Medium
0,0,36756,Medium
2,0,36754,Medium
0,0,36745,Healthy
0,0,36740,Medium
0,0,36733,Healthy
0,0,36731,Medium
0,0,36724,Medium
2,0,36724,Healthy
2,0,36722,Low
0,0,36714,Medium
0,0,36712,Low
2,0,36703,Medium
2,0,36703,Medium
1,1,36702,Medium
0,0,36700,Healthy
2,0,36698,Medium
2,0,36688,Healthy
2,0,36674,Medium
2,0,36667,Healthy
2,0,36660,Medium
2,0,36655,Healthy
2,0,36636,Low
1,1,36628,Healthy
1,1,36628,Healthy
1,1,36628,Healthy
1,1,36628,Healthy
0,0,36626,Low
0,0,36626,Low
0,0,36626,Low
2,0,36612,Low
0,0,36597,Medium
2,0,36594,Medium
0,0,36591,Medium
2,0,36586,Medium
0,0,36574,Medium
2,0,36573,Healthy
0,0,36567,Medium
2,0,36567,Healthy
2,0,36561,Healthy
0,0,36557,Medium
0,0,36557,Medium
0,0,36556,Low
0,0,36552,Low
2,0,36546,Medium
2,0,36540,Healthy
2,0,36539,Medium
1,1,36536,Medium
0,0,36535,Medium
0,0,36518,Healthy
0,0,36508,Medium
0,0,36500,Healthy
2,0,36500,Medium
2,0,36491,Healthy
2,0,36473,Low
0,0,36469,Low
0,0,36469,Low
0,0,36469,Low
1,1,36462,Healthy
1,1,36462,Healthy
1,1,36462,Healthy
1,1,36462,Healthy
0,0,36446,Low
0,0,36431,Medium
0,0,36430,Medium
2,0,36426,Medium
0,0,36424,Medium
2,0,36412,Healthy
0,0,36405,Medium
0,0,36398,Medium
2,0,36398,Healthy
0,0,36397,Medium
0,0,36396,Low
2,0,36394,Healthy
2,0,36391,Medium
0,0,36389,Low
0,0,36380,Medium
2,0,36373,Healthy
1,1,36373,Medium
2,0,36373,Medium
2,0,36372,Medium
2,0,36358,Healthy
0,0,36345,Medium
2,0,36337,Healthy
2,0,36328,Healthy
2,0,36328,Medium
0,0,36308,Low
0,0,36308,Low
0,0,36308,Low
0,0,36307,Low
1,1,36299,Healthy
1,1,36299,Healthy
1,1,36299,Healthy
1,1,36299,Healthy
2,0,36282,Low
0,0,36268,Medium
2,0,36267,Medium
2,0,36264,Medium
2,0,36259,Healthy
2,0,36257,Medium
0,0,36239,Medium
0,0,36235,Medium
2,0,36235,Healthy
2,0,36234,Medium
0,0,36232,Low
2,0,36231,Healthy
2,0,36224,Medium
2,0,36223,Medium
0,0,36220,Low
2,0,36207,Healthy
1,1,36207,Medium
2,0,36207,Medium
2,0,36207,Medium
2,0,36198,Healthy
2,0,36179,Medium
0,0,36171,Healthy
2,0,36165,Healthy
0,0,36165,Medium
2,0,36144,Low
0,0,36142,Low
0,0,36142,Low
0,0,36142,Low
1,1,36133,Healthy
1,1,36133,Healthy
1,1,36133,Healthy
1,1,36133,Healthy
0,0,36119,Low
2,0,36098,Medium
0,0,36098,Medium
0,0,36098,Healthy
0,0,36096,Medium
0,-1,36095,Medium
1,1,36073,Medium
0,0,36069,Low
0,0,36068,Healthy
0,0,36068,Medium
0,0,36066,Medium
2,0,36064,Medium
2,0,36062,Healthy
0,0,36060,Low
2,0,36059,Medium
2,0,36053,Healthy
2,0,36051,Medium
2,0,36046,Medium
0,0,36044,Healthy
1,1,36041,Medium
0,0,36012,Medium
0,0,36011,Healthy
2,0,36008,Medium
2,0,35999,Healthy
0,0,35985,Low
0,0,35985,Low
0,0,35985,Low
0,0,35981,Low
1,1,35967,Healthy
1,1,35967,Healthy
1,1,35967,Healthy
1,1,35967,Healthy
0,0,35953,Low
2,0,35944,Medium
2,0,35931,Healthy
2,0,35930,Medium
0,0,35929,Medium
2,0,35929,Medium
0,0,35911,Healthy
2,0,35909,Low
1,1,35909,Medium
2,0,35904,Medium
0,0,35899,Low
0,0,35899,Medium
2,0,35898,Healthy
2,0,35896,Medium
2,0,35894,Medium
0,0,35892,Healthy
2,0,35892,Medium
2,0,35882,Medium
1,1,35875,Medium
0,0,35875,Healthy
2,0,35852,Medium
2,0,35848,Healthy
2,0,35838,Medium
2,5,35835,Healthy
0,0,35822,Low
0,0,35822,Low
0,0,35822,Low
2,0,35814,Low
1,1,35801,Healthy
1,1,35801,Healthy
1,1,35801,Healthy
1,1,35801,Healthy
0,0,35799,Low
2,0,35784,Medium
0,0,35772,Medium
0,0,35770,Healthy
2,0,35766,Medium
2,0,35765,Medium
1,1,35749,Medium
2,0,35743,Low
0,0,35741,Medium
0,0,35739,Healthy
2,0,35738,Healthy
0,0,35733,Medium
2,0,35731,Medium
2,0,35730,Medium
0,0,35726,Low
0,0,35722,Medium
0,0,35720,Healthy
0,0,35719,Medium
2,5,35711,Healthy
2,5,35711,Medium
2,0,35691,Healthy
0,0,35689,Low
2,5,35669,Healthy
0,0,35660,Low
0,0,35659,Low
0,0,35659,Low
0,0,35659,Low
0,0,35654,Low
1,1,35635,Healthy
1,1,35635,Healthy
1,1,35635,Healthy
1,1,35635,Healthy
0,0,35630,Low
0,0,35627,Medium
0,0,35607,Healthy
2,0,35606,Medium
0,0,35600,Medium
1,1,35594,Medium
2,0,35593,Medium
2,0,35578,Low
2,0,35577,Low
0,0,35575,Medium
2,0,35569,Medium
2,0,35569,Healthy
2,0,35569,Healthy
0,0,35567,Medium
0,0,35567,Medium
0,0,35562,Medium
0,0,35556,Medium
2,0,35554,Healthy
2,5,35549,Medium
2,5,35549,Healthy
2,0,35524,Healthy
0,0,35517,Low
2,0,35509,Healthy
0,0,35499,Low
0,0,35499,Low
0,0,35499,Low
0,0,35493,Low
0,0,35488,Low
0,0,35464,Low
1,1,35463,Healthy
1,1,35463,Healthy
1,1,35463,Healthy
1,1,35463,Healthy
0,0,35461,Medium
2,0,35441,Healthy
1,1,35434,Medium
0,0,35433,Medium
2,0,35433,Medium
2,0,35422,Low
0,0,35421,Medium
0,0,35421,Medium
2,0,35409,Medium
2,0,35405,Healthy
0,0,35403,Healthy
2,0,35402,Low
2,0,35401,Medium
0,0,35401,Medium
0,0,35398,Medium
0,0,35393,Healthy
2,0,35390,Healthy
2,0,35390,Medium
2,0,35387,Medium
2,0,35361,Medium
0,0,35353,Low
2,0,35339,Healthy
0,0,35339,Low
0,0,35339,Low
0,0,35339,Low
0,0,35334,Low
0,0,35324,Low
0,0,35300,Low
1,1,35295,Healthy
1,1,35295,Healthy
1,1,35295,Healthy
1,1,35295,Healthy
0,0,35291,Medium
0,0,35281,Healthy
1,1,35277,Medium
2,0,35267,Medium
1,0,35264,Medium
0,0,35262,Low
0,0,35254,Medium
0,0,35252,Medium
2,0,35249,Healthy
2,0,35246,Medium
0,0,35240,Healthy
2,0,35235,Medium
0,0,35231,Medium
0,0,35230,Low
0,0,35228,Medium
2,0,35227,Healthy
2,0,35223,Medium
2,0,35223,Healthy
0,0,35218,Medium
0,0,35198,Medium
0,0,35187,Low
2,0,35176,Healthy
0,0,35175,Low
0,0,35175,Low
0,0,35175,Low
2,0,35171,Low
0,0,35161,Low
0,0,35140,Low
1,1,35129,Healthy
1,1,35129,Healthy
1,1,35129,Healthy
1,1,35129,Healthy
0,0,35125,Medium
0,0,35124,Healthy
1,1,35113,Medium
2,0,35104,Medium
1,1,35101,Medium
0,0,35090,Low
0,0,35088,Medium
2,0,35086,Healthy
0,0,35086,Medium
0,0,35083,Healthy
2,0,35083,Medium
2,0,35072,Medium
0,0,35068,Medium
2,0,35067,Medium
2,0,35064,Healthy
0,0,35057,Low
2,0,35054,Healthy
2,0,35054,Medium
0,0,35051,Medium
0,0,35035,Medium
2,0,35021,Low
2,0,35021,Low
2,0,35021,Low
0,0,35021,Low
2,0,35011,Low
2,0,35010,Healthy
0,0,34995,Low
0,0,34977,Low
0,0,34964,Healthy
1,1,34963,Healthy
1,1,34963,Healthy
1,1,34963,Healthy
1,1,34963,Healthy
1,1,34959,Medium
1,1,34955,Medium
1,1,34933,Medium
2,0,34931,Medium
2,0,34923,Low
0,0,34922,Medium
0,0,34922,Medium
0,0,34917,Healthy
2,0,34916,Medium
2,0,34914,Healthy
0,0,34912,Medium
0,0,34907,Medium
0,0,34896,Medium
2,0,34888,Healthy
0,0,34888,Healthy
2,0,34888,Medium
0,0,34888,Medium
0,0,34888,Low
0,0,34875,Medium
2,0,34861,Low
2,0,34861,Low
2,0,34861,Low
0,0,34861,Low
2,0,34848,Low
2,0,34840,Healthy
2,0,34828,Low
0,0,34814,Low
0,0,34804,Healthy
1,1,34795,Healthy
1,1,34795,Healthy
1,1,34795,Healthy
1,1,34795,Healthy
1,1,34795,Medium
1,1,34792,Medium
2,0,34768,Medium
1,1,34767,Medium
0,0,34763,Low
0,0,34762,Medium
0,0,34753,Medium
0,0,34752,Medium
2,0,34752,Medium
0,0,34751,Healthy
2,0,34750,Healthy
2,0,34745,Medium
0,0,34729,Medium
2,0,34723,Medium
2,0,34723,Healthy
0,0,34722,Healthy
2,0,34722,Low
0,0,34719,Medium
0,0,34718,Medium
0,0,34701,Low
0,0,34701,Low
0,0,34701,Low
0,0,34698,Low
0,0,34684,Low
2,0,34680,Healthy
0,0,34662,Low
0,0,34648,Low
0,0,34640,Healthy
1,1,34636,Medium
1,1,34631,Healthy
1,1,34631,Healthy
1,1,34631,Healthy
1,1,34631,Healthy
1,1,34628,Medium
0,0,34602,Medium
0,0,34599,Medium
1,1,34599,Medium
2,0,34597,Low
2,0,34592,Medium
2,0,34587,Medium
0,0,34586,Medium
2,0,34582,Medium
2,0,34581,Healthy
0,0,34581,Healthy
2,0,34566,Medium
2,0,34566,Medium
2,0,34566,Healthy
2,0,34553,Healthy
2,0,34553,Medium
0,0,34551,Medium
0,0,34549,Low
0,0,34541,Low
0,0,34541,Low
0,0,34541,Low
1,1,34534,Healthy
0,0,34528,Low
0,0,34524,Low
2,0,34514,Healthy
0,0,34499,Low
0,0,34484,Low
0,0,34480,Healthy
1,1,34480,Medium
1,1,34462,Medium
1,1,34461,Healthy
1,1,34461,Healthy
1,1,34461,Healthy
1,1,34461,Healthy
1,1,34437,Medium
0,0,34437,Medium
0,0,34436,Medium
2,0,34433,Low
2,0,34432,Medium
2,0,34429,Medium
0,0,34423,Medium
2,0,34419,Medium
2,0,34415,Healthy
0,0,34412,Healthy
2,0,34406,Medium
2,0,34406,Healthy
2,0,34394,Medium
0,-1,34394,Medium
2,0,34392,Healthy
2,0,34389,Medium
2,0,34386,Low
0,0,34378,Low
0,0,34378,Low
0,0,34378,Low
0,0,34377,Low
0,0,34368,Low
2,0,34347,Healthy
0,0,34331,Low
0,0,34330,Low
1,1,34321,Medium
0,0,34319,Healthy
1,1,34300,Medium
1,1,34299,Healthy
1,1,34299,Healthy
1,1,34299,Healthy
1,1,34299,Healthy
0,0,34270,Medium
1,1,34267,Medium
0,0,34267,Medium
2,0,34263,Medium
0,0,34262,Medium
0,0,34258,Low
2,0,34254,Healthy
0,0,34251,Medium
2,0,34249,Healthy
2,0,34246,Medium
2,0,34237,Healthy
2,0,34237,Medium
0,0,34228,Medium
2,0,34225,Medium
2,0,34223,Medium
0,0,34221,Low
0,0,34221,Low
0,0,34221,Low
2,0,34220,Healthy
2,0,34220,Low
0,0,34208,Low
0,0,34208,Low
3,2,34206,Healthy
2,0,34181,Healthy
1,1,34163,Medium
0,0,34161,Low
0,0,34160,Low
0,0,34159,Healthy
1,1,34141,Medium
1,1,34140,Healthy
1,1,34140,Healthy
1,1,34140,Healthy
1,1,34140,Healthy
0,0,34107,Medium
1,1,34103,Medium
2,0,34100,Medium
0,0,34099,Medium
0,0,34097,Medium
2,0,34092,Healthy
0,0,34092,Low
0,0,34084,Medium
2,0,34083,Medium
2,0,34082,Healthy
2,0,34074,Healthy
2,0,34074,Medium
1,1,34073,Healthy
0,0,34071,Medium
2,0,34065,Medium
0,0,34061,Low
0,0,34061,Low
0,0,34061,Low
0,0,34057,Medium
0,0,34056,Low
3,2,34055,Healthy
0,0,34054,Healthy
0,0,34041,Low
0,0,34035,Low
2,0,34015,Healthy
1,1,34000,Medium
0,0,33996,Healthy
0,0,33994,Low
0,0,33992,Low
1,1,33980,Healthy
1,1,33980,Healthy
1,1,33980,Healthy
1,1,33980,Healthy
1,1,33977,Medium
0,0,33953,Medium
1,1,33939,Medium
2,0,33936,Medium
0,0,33933,Medium
2,0,33930,Medium
0,0,33926,Healthy
2,0,33922,Low
2,0,33921,Medium
2,0,33917,Medium
2,0,33916,Healthy
1,1,33909,Healthy
2,0,33904,Medium
2,0,33904,Medium
2,0,33901,Medium
2,0,33901,Healthy
0,0,33899,Low
2,0,33898,Low
2,0,33898,Low
2,0,33898,Low
2,0,33891,Healthy
3,2,33891,Healthy
0,0,33891,Medium
2,0,33886,Low
0,0,33872,Low
2,0,33855,Healthy
1,1,33842,Medium
0,0,33834,Low
0,0,33832,Low
0,0,33830,Healthy
1,1,33821,Medium
1,1,33814,Healthy
1,1,33814,Healthy
1,1,33814,Healthy
1,1,33814,Healthy
0,0,33784,Medium
2,5,33777,Medium
1,1,33776,Medium
0,0,33773,Medium
2,0,33764,Healthy
2,0,33762,Low
0,0,33757,Medium
1,1,33749,Healthy
2,0,33749,Healthy
0,-1,33749,Medium
2,0,33747,Medium
0,0,33747,Low
0,0,33747,Low
0,0,33747,Low
0,0,33741,Medium
2,0,33738,Healthy
2,0,33738,Medium
0,0,33736,Low
0,0,33732,Medium
2,0,33727,Healthy
0,0,33721,Medium
1,0,33716,Healthy
2,0,33711,Low
0,0,33709,Low
2,0,33688,Healthy
1,1,33678,Medium
0,0,33672,Low
0,0,33671,Low
0,0,33664,Healthy
1,1,33653,Medium
1,1,33648,Healthy
1,1,33648,Healthy
1,1,33648,Healthy
1,1,33648,Healthy
0,0,33614,Medium
2,5,33610,Medium
2,0,33608,Healthy
0,0,33607,Medium
1,1,33605,Medium
2,0,33594,Medium
1,1,33594,Healthy
2,0,33590,Critical
2,0,33589,Healthy
0,0,33587,Low
0,0,33587,Low
0,0,33587,Low
0,0,33583,Medium
2,0,33582,Medium
2,0,33581,Medium
2,0,33579,Low
2,0,33575,Healthy
2,0,33575,Medium
0,0,33567,Medium
2,0,33566,Medium
2,0,33558,Healthy
2,0,33552,Healthy
0,0,33543,Low
0,0,33539,Low
2,0,33519,Healthy
1,1,33514,Medium
0,0,33503,Low
0,0,33501,Low
1,1,33498,Medium
2,0,33497,Healthy
1,1,33480,Healthy
1,1,33480,Healthy
1,1,33480,Healthy
1,1,33480,Healthy
0,0,33454,Medium
2,5,33451,Medium
2,0,33448,Healthy
1,1,33446,Medium
0,0,33437,Medium
1,1,33434,Healthy
0,0,33427,Low
0,0,33427,Low
0,0,33427,Low
0,0,33425,Medium
2,0,33425,Medium
2,0,33424,Medium
0,0,33423,Critical
0,0,33419,Medium
0,0,33416,Low
2,0,33414,Healthy
2,0,33408,Healthy
2,0,33408,Medium
2,0,33402,Medium
0,0,33401,Medium
2,0,33395,Healthy
2,0,33392,Healthy
2,0,33376,Low
0,0,33366,Low
2,0,33356,Healthy
1,1,33349,Medium
2,0,33348,Low
2,0,33346,Low
1,1,33334,Medium
0,0,33320,Healthy
1,1,33317,Healthy
1,1,33317,Healthy
1,1,33317,Healthy
1,1,33317,Healthy
0,0,33294,Medium
2,5,33289,Medium
2,0,33285,Healthy
1,1,33278,Medium
1,1,33277,Healthy
2,0,33271,Medium
2,0,33262,Medium
0,0,33260,Low
0,0,33260,Low
2,0,33260,Critical
0,0,33260,Low
2,0,33259,Medium
2,0,33258,Medium
2,0,33257,Medium
0,0,33253,Low
2,0,33251,Healthy
2,0,33251,Medium
2,0,33250,Healthy
0,0,33238,Medium
2,0,33231,Healthy
2,0,33230,Medium
2,0,33220,Healthy
0,0,33210,Low
0,0,33197,Low
2,0,33195,Healthy
1,1,33187,Medium
0,0,33183,Low
2,0,33179,Low
1,1,33164,Medium
2,0,33160,Healthy
1,1,33153,Healthy
1,1,33153,Healthy
1,1,33153,Healthy
1,1,33153,Healthy
2,5,33130,Medium
0,0,33123,Medium
0,0,33121,Healthy
1,1,33113,Healthy
2,0,33111,Medium
1,1,33108,Medium
0,0,33099,Medium
0,0,33097,Low
0,0,33097,Low
2,0,33097,Critical
0,0,33097,Low
2,0,33094,Medium
2,0,33091,Medium
0,0,33089,Low
0,0,33087,Medium
2,0,33084,Healthy
2,0,33082,Medium
2,0,33082,Healthy
2,0,33068,Healthy
2,0,33067,Low
0,0,33066,Medium
2,0,33065,Healthy
0,0,33047,Low
2,0,33031,Low
1,1,33027,Medium
2,0,33026,Healthy
0,0,33017,Low
2,0,33010,Low
1,1,33000,Medium
0,0,32994,Healthy
1,1,32987,Healthy
1,1,32987,Healthy
1,1,32987,Healthy
1,1,32987,Healthy
2,5,32969,Medium
2,0,32968,Medium
1,1,32956,Healthy
2,0,32952,Healthy
1,1,32946,Medium
2,0,32939,Medium
2,0,32935,Medium
0,0,32931,Low
0,0,32931,Low
0,0,32931,Low
0,0,32929,Low
0,0,32928,Medium
2,0,32928,Critical
2,5,32927,Medium
2,0,32921,Healthy
2,0,32921,Medium
2,0,32916,Healthy
2,0,32916,Medium
2,0,32905,Healthy
2,0,32901,Low
0,0,32896,Medium
2,0,32896,Healthy
0,0,32878,Low
2,0,32863,Healthy
1,1,32863,Medium
0,0,32860,Low
0,0,32858,Low
2,0,32840,Low
1,1,32839,Medium
2,0,32833,Healthy
1,1,32823,Healthy
1,1,32823,Healthy
1,1,32823,Healthy
1,1,32823,Healthy
2,5,32810,Medium
0,0,32805,Medium
1,1,32792,Healthy
0,0,32789,Healthy
1,1,32776,Medium
0,0,32776,Medium
2,0,32772,Medium
0,0,32771,Low
0,0,32771,Low
0,0,32771,Low
0,0,32769,Low
2,5,32764,Medium
2,0,32764,Critical
0,0,32762,Medium
2,0,32757,Medium
2,0,32751,Healthy
2,0,32746,Healthy
2,0,32746,Medium
2,0,32741,Healthy
2,0,32735,Low
2,0,32733,Healthy
0,0,32730,Medium
0,0,32708,Low
1,1,32708,Medium
2,0,32699,Healthy
0,0,32697,Low
2,0,32695,Low
2,0,32671,Low
1,1,32671,Medium
2,0,32670,Healthy
0,0,32667,Healthy
1,1,32659,Healthy
1,1,32659,Healthy
1,1,32659,Healthy
1,1,32659,Healthy
2,5,32644,Medium
0,0,32639,Medium
2,0,32629,Healthy
1,1,32628,Healthy
2,0,32619,Medium
0,0,32617,Low
0,0,32617,Low
0,0,32617,Low
1,1,32610,Medium
2,0,32609,Medium
2,0,32604,Medium
0,0,32603,Low
2,0,32602,Medium
2,0,32590,Critical
2,0,32587,Medium
2,0,32587,Healthy
2,0,32585,Medium
0,0,32580,Healthy
2,0,32572,Healthy
0,0,32566,Medium
0,0,32566,Low
0,0,32558,Medium
0,0,32542,Low
1,1,32540,Medium
0,0,32540,Low
2,0,32533,Medium
0,0,32516,Low
2,0,32513,Healthy
1,1,32509,Medium
2,0,32502,Low
2,0,32498,Healthy
1,1,32496,Healthy
1,1,32496,Healthy
1,1,32496,Healthy
1,1,32496,Healthy
2,5,32485,Medium
0,0,32482,Medium
2,0,32463,Low
2,0,32463,Low
2,0,32463,Healthy
2,0,32463,Low
1,1,32462,Healthy
1,1,32450,Medium
2,0,32449,Medium
2,0,32440,Medium
2,0,32439,Medium
2,0,32435,Critical
2,5,32435,Medium
0,0,32427,Low
2,0,32424,Healthy
2,0,32422,Medium
2,0,32422,Medium
2,0,32422,Healthy
2,0,32409,Healthy
2,0,32407,Medium
2,0,32403,Medium
0,0,32396,Low
1,1,32385,Medium
0,0,32382,Low
0,0,32380,Low
2,0,32367,Medium
2,0,32356,Healthy
0,0,32350,Low
1,1,32347,Medium
2,0,32334,Healthy
1,1,32330,Healthy
1,1,32330,Healthy
1,1,32330,Healthy
1,1,32330,Healthy
2,0,32329,Low
2,5,32328,Medium
0,0,32319,Medium
2,0,32309,Low
2,0,32309,Low
2,0,32309,Low
1,1,32300,Healthy
0,0,32299,Healthy
1,1,32289,Medium
2,0,32280,Medium
2,0,32280,Medium
0,0,32273,Medium
0,0,32269,Low
2,5,32266,Medium
2,0,32266,Critical
2,0,32261,Healthy
2,0,32258,Healthy
2,0,32258,Medium
2,0,32256,Medium
2,0,32239,Healthy
0,0,32237,Medium
2,0,32235,Low
0,0,32234,Medium
1,1,32221,Medium
0,0,32219,Low
0,0,32211,Low
0,0,32194,Medium
1,1,32190,Medium
2,0,32189,Healthy
0,0,32181,Low
2,0,32171,Healthy
1,1,32164,Healthy
1,1,32164,Healthy
1,1,32164,Healthy
1,1,32164,Healthy
0,0,32162,Medium
2,0,32161,Medium
2,0,32157,Low
0,0,32146,Low
0,0,32146,Low
0,0,32146,Low
1,1,32141,Healthy
0,0,32133,Healthy
0,0,32114,Medium
0,0,32113,Medium
1,1,32111,Medium
2,0,32109,Low
0,0,32103,Medium
2,0,32102,Critical
0,0,32098,Medium
2,0,32098,Healthy
2,0,32090,Medium
2,0,32087,Healthy
2,0,32087,Medium
2,0,32077,Healthy
2,0,32074,Medium
2,0,32073,Medium
0,0,32072,Low
0,0,32057,Low
1,1,32051,Medium
0,0,32051,Low
2,0,32031,Medium
0,0,32026,Healthy
1,1,32024,Medium
0,0,32018,Low
2,0,32014,Healthy
0,0,32002,Medium
2,0,31998,Medium
1,1,31992,Healthy
1,1,31992,Healthy
1,1,31992,Healthy
1,1,31992,Healthy
0,0,31991,Low
0,0,31983,Low
0,0,31983,Low
0,0,31983,Low
1,1,31977,Healthy
2,0,31973,Healthy
0,0,31960,Medium
2,0,31950,Medium
0,0,31948,Low
2,0,31947,Medium
2,0,31944,Healthy
0,0,31937,Medium
0,0,31936,Critical
0,0,31935,Medium
2,0,31934,Medium
2,0,31934,Healthy
0,0,31921,Medium
0,0,31905,Low
2,0,31905,Healthy
0,0,31901,Medium
2,0,31899,Medium
2,0,31896,Low
0,0,31893,Low
1,1,31887,Medium
0,0,31869,Healthy
2,5,31864,Medium
1,4,31860,Medium
0,0,31854,Healthy
0,0,31851,Low
0,0,31833,Medium
1,1,31830,Healthy
1,1,31830,Healthy
1,1,31830,Healthy
1,1,31830,Healthy
2,0,31829,Medium
0,0,31824,Low
1,1,31822,Healthy
0,0,31817,Low
0,0,31817,Low
0,0,31817,Low
2,0,31813,Healthy
2,0,31793,Medium
0,0,31792,Medium
0,0,31791,Low
0,0,31781,Medium
2,0,31774,Healthy
2,0,31773,Critical
2,0,31771,Medium
2,0,31770,Healthy
2,0,31770,Medium
0,0,31760,Medium
2,0,31751,Medium
2,0,31739,Low
2,0,31738,Medium
0,0,31736,Low
2,0,31735,Medium
2,0,31729,Healthy
2,0,31727,Low
1,1,31725,Medium
0,0,31709,Healthy
2,0,31694,Medium
1,4,31694,Medium
0,0,31691,Healthy
2,0,31685,Low
0,0,31679,Medium
2,0,31672,Medium
1,1,31664,Healthy
1,1,31664,Healthy
1,1,31664,Healthy
1,1,31664,Healthy
0,0,31664,Low
0,0,31660,Low
0,0,31660,Low
0,0,31660,Low
1,1,31654,Healthy
2,0,31647,Healthy
0,0,31625,Low
2,0,31624,Medium
0,0,31623,Medium
2,0,31611,Healthy
0,0,31611,Medium
2,0,31609,Healthy
2,0,31609,Medium
0,0,31606,Critical
0,0,31604,Medium
0,0,31593,Medium
2,0,31590,Medium
0,0,31573,Low
0,0,31571,Medium
2,0,31570,Low
2,0,31564,Healthy
0,0,31563,Medium
2,0,31558,Low
1,1,31557,Medium
2,0,31546,Healthy
1,4,31532,Medium
2,0,31531,Medium
0,0,31519,Low
2,0,31519,Healthy
2,0,31517,Medium
0,0,31515,Medium
0,0,31506,Low
0,0,31506,Low
0,0,31506,Low
1,1,31498,Healthy
1,1,31496,Healthy
1,1,31496,Healthy
1,1,31496,Healthy
1,1,31496,Healthy
0,0,31492,Low
2,0,31490,Healthy
0,0,31459,Low
2,0,31458,Medium
2,0,31457,Medium
0,0,31446,Medium
2,0,31446,Healthy
2,0,31443,Critical
0,0,31442,Medium
2,0,31439,Medium
0,0,31432,Medium
0,0,31430,Medium
0,0,31427,Medium
0,0,31422,Low
2,0,31410,Low
0,0,31399,Medium
1,1,31396,Medium
2,0,31394,Healthy
2,0,31391,Medium
2,0,31389,Low
2,0,31383,Healthy
1,4,31379,Medium
2,0,31368,Medium
2,0,31361,Low
2,0,31358,Healthy
2,0,31357,Medium
0,0,31356,Low
0,0,31343,Low
0,0,31343,Low
0,0,31343,Low
1,1,31334,Healthy
1,1,31330,Healthy
1,1,31330,Healthy
1,1,31330,Healthy
1,1,31330,Healthy
0,0,31329,Low
0,0,31323,Healthy
2,0,31295,Medium
0,0,31293,Low
0,0,31284,Medium
2,0,31281,Medium
2,0,31278,Medium
0,0,31278,Medium
0,0,31278,Medium
0,0,31271,Critical
0,0,31261,Medium
0,0,31260,Medium
0,0,31256,Low
0,0,31251,Medium
2,0,31237,Low
2,0,31234,Healthy
0,0,31234,Medium
1,1,31234,Medium
0,0,31230,Medium
2,0,31219,Low
0,0,31217,Healthy
1,4,31213,Medium
2,0,31204,Healthy
2,0,31196,Medium
0,0,31195,Low
2,0,31191,Medium
0,0,31186,Low
0,0,31173,Low
0,0,31173,Low
0,0,31173,Low
2,0,31166,Healthy
0,0,31166,Low
1,1,31164,Healthy
1,1,31162,Healthy
1,1,31162,Healthy
1,1,31162,Healthy
1,1,31162,Healthy
0,0,31126,Low
2,0,31121,Medium
2,0,31121,Medium
2,0,31121,Medium
0,0,31116,Medium
2,0,31108,Medium
2,0,31108,Medium
2,0,31107,Critical
0,0,31101,Medium
0,0,31099,Low
0,0,31091,Medium
0,0,31091,Medium
1,1,31076,Medium
0,0,31074,Low
0,0,31067,Medium
2,0,31066,Medium
2,0,31062,Healthy
2,0,31053,Healthy
2,0,31050,Low
0,0,31044,Healthy
0,0,31044,Low
1,4,31041,Medium
2,0,31035,Medium
2,0,31027,Medium
0,0,31017,Low
0,0,31013,Low
0,0,31013,Low
0,0,31013,Low
2,0,31003,Healthy
1,1,31000,Healthy
0,0,30997,Low
1,1,30996,Healthy
1,1,30996,Healthy
1,1,30996,Healthy
1,1,30996,Healthy
0,0,30963,Low
0,0,30957,Medium
0,0,30955,Medium
2,0,30954,Medium
2,0,30954,Medium
2,0,30954,Medium
2,0,30946,Medium
0,0,30942,Low
0,0,30941,Critical
2,0,30931,Medium
2,0,30925,Medium
2,0,30925,Medium
2,0,30917,Low
1,1,30910,Medium
2,0,30903,Medium
2,0,30903,Healthy
0,0,30898,Medium
2,0,30890,Healthy
0,0,30878,Low
2,0,30877,Low
2,0,30877,Medium
2,0,30877,Healthy
0,0,30872,Medium
2,0,30864,Medium
0,0,30851,Low
0,0,30847,Low
0,0,30847,Low
0,0,30847,Low
2,0,30840,Healthy
1,1,30839,Healthy
1,1,30832,Healthy
1,1,30832,Healthy
1,1,30832,Healthy
1,1,30832,Healthy
0,0,30831,Low
0,0,30800,Low
0,0,30797,Medium
2,0,30791,Medium
2,0,30791,Medium
0,0,30785,Medium
2,0,30785,Medium
2,0,30781,Medium
0,0,30776,Low
0,0,30769,Critical
2,0,30765,Medium
0,0,30764,Medium
0,0,30762,Medium
2,0,30748,Low
1,4,30747,Medium
2,0,30740,Healthy
0,0,30732,Medium
0,0,30728,Medium
2,0,30724,Healthy
0,0,30721,Low
0,0,30716,Healthy
2,0,30714,Medium
0,0,30708,Medium
2,0,30705,Low
2,0,30701,Medium
0,0,30691,Low
0,0,30687,Low
0,0,30687,Low
0,0,30687,Low
2,0,30674,Healthy
1,1,30671,Healthy
0,0,30671,Low
1,1,30664,Healthy
1,1,30664,Healthy
1,1,30664,Healthy
1,1,30664,Healthy
0,0,30634,Low
0,0,30634,Medium
0,0,30624,Medium
2,0,30622,Medium
2,0,30622,Medium
2,0,30622,Medium
0,0,30619,Low
0,0,30616,Medium
2,0,30604,Medium
0,0,30599,Critical
0,0,30599,Medium
2,0,30592,Medium
1,4,30581,Medium
0,0,30569,Low
2,0,30568,Healthy
0,0,30567,Medium
2,0,30566,Medium
0,0,30564,Low
0,0,30564,Healthy
0,0,30553,Healthy
2,0,30551,Medium
0,0,30539,Low
0,0,30539,Medium
2,0,30538,Medium
0,0,30528,Low
0,0,30524,Low
0,0,30524,Low
0,0,30524,Low
0,0,30511,Healthy
1,1,30509,Healthy
2,0,30507,Low
1,1,30489,Healthy
1,1,30489,Healthy
1,1,30489,Healthy
1,1,30489,Healthy
0,0,30474,Medium
0,0,30467,Low
0,0,30462,Low
2,0,30459,Medium
2,0,30458,Medium
2,0,30458,Medium
2,0,30457,Medium
2,0,30446,Low
0,0,30440,Medium
2,0,30436,Critical
0,0,30429,Medium
0,0,30420,Medium
1,4,30419,Medium
0,0,30405,Medium
0,0,30403,Low
0,0,30401,Medium
0,0,30398,Healthy
0,0,30398,Low
2,0,30391,Healthy
2,0,30387,Healthy
2,0,30384,Medium
2,0,30377,Medium
0,0,30373,Medium
0,0,30373,Low
0,0,30361,Low
0,0,30361,Low
0,0,30361,Low
0,0,30360,Low
1,1,30347,Healthy
0,0,30344,Medium
0,0,30341,Low
2,5,30325,Healthy
2,5,30325,Healthy
2,5,30325,Healthy
2,5,30325,Healthy
2,0,30314,Medium
0,0,30305,Low
2,0,30297,Medium
0,0,30295,Medium
0,0,30295,Medium
2,0,30295,Low
0,0,30289,Medium
2,0,30283,Low
0,0,30276,Medium
2,0,30273,Critical
2,0,30272,Medium
1,4,30266,Medium
0,0,30251,Medium
2,0,30244,Healthy
2,0,30242,Medium
0,0,30241,Low
0,0,30234,Low
0,0,30233,Healthy
0,0,30229,Medium
0,0,30227,Healthy
2,0,30218,Medium
0,0,30212,Low
2,0,30211,Medium
2,0,30205,Low
0,0,30200,Medium
0,0,30197,Low
0,0,30197,Low
0,0,30197,Low
1,1,30190,Healthy
2,0,30178,Low
0,0,30172,Medium
2,5,30163,Healthy
2,5,30163,Healthy
2,5,30163,Healthy
2,5,30163,Healthy
0,0,30152,Medium
0,0,30148,Low
2,0,30132,Low
2,0,30132,Medium
0,0,30129,Medium
2,0,30125,Medium
2,0,30120,Low
2,0,30120,Low
0,0,30110,Medium
2,0,30103,Medium
1,4,30100,Medium
0,0,30097,Critical
0,0,30085,Medium
0,0,30084,Low
2,0,30080,Healthy
2,0,30076,Medium
0,0,30071,Low
0,0,30070,Healthy
2,0,30062,Medium
2,0,30057,Medium
0,0,30055,Healthy
2,0,30048,Medium
0,0,30040,Low
2,0,30036,Low
0,0,30031,Low
0,0,30031,Low
0,0,30031,Low
0,0,30028,Low
1,1,30024,Healthy
0,0,30015,Low
2,0,30011,Medium
2,0,30004,Medium
2,0,30004,Medium
2,0,30004,Medium
2,0,30004,Medium
0,0,29991,Low
2,0,29990,Medium
2,0,29978,Medium
2,0,29978,Low
0,0,29963,Medium
2,0,29958,Medium
2,0,29953,Low
0,0,29951,Low
2,0,29944,Medium
0,0,29937,Critical
2,0,29933,Medium
1,4,29928,Medium
0,0,29927,Low
2,0,29920,Healthy
0,0,29918,Medium
0,0,29916,Medium
0,0,29910,Healthy
0,0,29904,Low
0,0,29896,Medium
2,0,29893,Medium
2,0,29890,Medium
0,0,29886,Healthy
0,0,29877,Low
0,0,29877,Low
0,0,29877,Low
0,0,29877,Low
2,0,29866,Low
1,4,29860,Healthy
0,0,29859,Low
0,0,29851,Medium
0,0,29848,Low
2,0,29837,Medium
2,0,29837,Medium
2,0,29837,Medium
2,0,29837,Medium
0,0,29834,Low
2,0,29828,Medium
2,0,29808,Medium
2,0,29808,Low
0,0,29803,Medium
0,0,29799,Low
2,0,29792,Medium
2,0,29788,Low
0,0,29787,Medium
0,0,29771,Critical
0,0,29770,Low
0,0,29767,Medium
0,0,29758,Low
2,0,29757,Healthy
0,0,29749,Healthy
0,0,29749,Medium
0,0,29747,Medium
0,0,29739,Medium
2,0,29738,Low
0,0,29733,Medium
2,0,29727,Medium
0,0,29720,Healthy
0,0,29714,Low
0,0,29711,Low
0,0,29711,Low
0,0,29711,Low
2,0,29697,Low
2,0,29696,Medium
0,0,29695,Low
1,4,29694,Healthy
0,0,29686,Low
0,0,29674,Low
0,0,29668,Medium
2,0,29667,Medium
2,0,29667,Medium
2,0,29667,Medium
2,0,29667,Medium
2,0,29645,Medium
0,0,29645,Low
0,0,29642,Medium
2,0,29642,Low
2,0,29627,Medium
2,0,29626,Medium
0,0,29621,Low
0,0,29613,Medium
0,0,29613,Low
0,0,29598,Critical
0,0,29595,Low
0,0,29594,Healthy
0,0,29586,Healthy
0,0,29583,Medium
2,0,29574,Medium
2,0,29573,Medium
2,0,29573,Medium
0,0,29572,Low
2,0,29567,Medium
0,0,29550,Healthy
0,0,29545,Low
0,0,29545,Low
0,0,29545,Low
0,0,29545,Low
2,0,29536,Medium
1,4,29533,Healthy
2,0,29528,Low
0,0,29525,Low
0,0,29520,Low
0,0,29507,Low
2,0,29502,Medium
2,0,29502,Medium
2,0,29502,Medium
2,0,29502,Medium
0,0,29489,Medium
0,0,29485,Medium
0,0,29479,Medium
0,0,29479,Low
2,0,29476,Low
0,0,29473,Medium
0,0,29459,Medium
0,0,29456,Low
0,0,29452,Low
2,0,29447,Medium
0,0,29434,Healthy
2,0,29432,Critical
0,0,29426,Healthy
0,0,29426,Low
0,0,29419,Medium
2,0,29413,Medium
0,0,29412,Medium
0,0,29409,Low
2,0,29405,Medium
2,0,29404,Medium
1,4,29379,Healthy
0,0,29379,Low
0,0,29378,Low
0,0,29378,Low
0,0,29378,Low
2,0,29376,Medium
0,0,29375,Healthy
0,0,29359,Low
2,0,29359,Low
0,0,29351,Low
0,0,29341,Low
2,0,29337,Medium
2,0,29337,Medium
2,0,29337,Medium
2,0,29337,Medium
2,0,29329,Medium
0,0,29313,Medium
2,0,29312,Medium
2,0,29312,Low
0,0,29312,Low
0,0,29310,Medium
2,0,29296,Medium
0,0,29296,Low
0,0,29286,Healthy
2,0,29286,Low
2,0,29278,Medium
0,0,29266,Critical
0,0,29265,Healthy
0,0,29259,Low
0,0,29256,Medium
2,5,29251,Medium
2,0,29246,Medium
2,0,29240,Medium
0,0,29239,Low
2,0,29239,Medium
0,0,29219,Low
0,0,29218,Low
0,0,29218,Low
0,0,29218,Low
1,4,29213,Healthy
0,0,29209,Healthy
0,0,29206,Medium
0,0,29196,Low
2,0,29186,Low
0,0,29184,Low
0,0,29181,Low
2,0,29180,Medium
2,0,29180,Medium
2,0,29180,Medium
2,0,29180,Medium
0,0,29166,Medium
0,0,29146,Medium
2,0,29146,Low
2,0,29146,Medium
2,0,29146,Low
0,0,29143,Medium
2,0,29133,Medium
0,0,29129,Low
2,0,29129,Healthy
0,0,29119,Low
2,0,29111,Medium
0,0,29109,Critical
0,0,29105,Healthy
0,0,29087,Low
2,5,29086,Medium
0,0,29084,Medium
2,0,29083,Medium
2,0,29077,Medium
2,0,29072,Medium
0,0,29070,Low
2,0,29055,Low
0,0,29049,Low
0,0,29049,Low
0,0,29049,Low
0,0,29043,Medium
1,4,29041,Healthy
0,0,29039,Healthy
0,0,29036,Low
2,0,29024,Low
0,0,29021,Low
2,0,29020,Medium
2,0,29020,Medium
2,0,29020,Medium
2,0,29020,Medium
2,0,29014,Low
2,0,29000,Medium
2,0,28986,Medium
2,0,28983,Medium
2,0,28983,Low
2,0,28983,Low
2,0,28983,Medium
2,0,28969,Medium
0,0,28966,Healthy
0,0,28963,Low
0,0,28959,Low
2,0,28948,Medium
2,0,28942,Critical
0,0,28942,Healthy
2,5,28924,Medium
0,0,28923,Medium
0,0,28917,Medium
0,0,28914,Low
2,5,28911,Medium
2,0,28906,Medium
0,0,28904,Low
0,0,28889,Low
2,0,28886,Healthy
0,0,28880,Low
0,0,28880,Low
0,0,28880,Low
2,0,28874,Medium
0,0,28873,Low
0,0,28864,Low
0,0,28863,Healthy
0,0,28855,Low
2,0,28851,Medium
2,0,28851,Medium
2,0,28851,Medium
2,0,28851,Medium
0,0,28847,Low
2,0,28843,Medium
2,0,28828,Low
2,0,28828,Medium
0,0,28823,Medium
2,0,28820,Low
0,0,28817,Medium
2,0,28809,Healthy
2,0,28806,Medium
2,0,28799,Low
0,0,28793,Low
0,0,28782,Critical
0,0,28776,Healthy
0,0,28769,Medium
2,5,28757,Medium
2,0,28756,Medium
0,0,28754,Medium
0,0,28745,Low
0,0,28744,Low
0,0,28737,Medium
2,0,28733,Medium
2,0,28726,Healthy
2,0,28726,Low
0,0,28722,Low
0,0,28722,Low
0,0,28722,Low
0,0,28709,Low
2,0,28709,Healthy
0,0,28701,Medium
0,0,28700,Low
2,0,28688,Medium
2,0,28688,Medium
2,0,28688,Medium
2,0,28688,Medium
0,0,28686,Low
0,0,28681,Low
2,0,28679,Medium
0,0,28677,Medium
0,0,28677,Low
2,0,28669,Medium
2,0,28663,Low
2,0,28654,Low
0,0,28647,Medium
0,0,28646,Healthy
0,0,28640,Medium
0,0,28630,Low
2,5,28621,Critical
0,0,28610,Healthy
2,0,28600,Medium
2,5,28598,Medium
2,0,28593,Medium
0,0,28592,Medium
0,0,28580,Low
0,0,28580,Medium
0,0,28573,Low
1,1,28569,Medium
0,0,28567,Low
0,0,28567,Low
0,0,28567,Low
2,0,28566,Healthy
0,0,28563,Low
0,0,28543,Healthy
0,0,28543,Low
2,0,28538,Medium
0,0,28534,Low
0,0,28521,Low
0,0,28519,Low
2,0,28516,Medium
2,0,28515,Medium
2,0,28515,Medium
2,0,28515,Medium
2,0,28515,Medium
2,0,28512,Medium
2,0,28504,Medium
2,0,28504,Low
2,0,28503,Low
0,0,28494,Low
2,0,28489,Healthy
2,0,28481,Medium
0,0,28470,Medium
0,0,28461,Low
2,5,28455,Critical
2,0,28443,Healthy
2,0,28439,Medium
2,0,28436,Medium
2,5,28435,Medium
2,0,28430,Medium
0,0,28412,Low
0,0,28410,Medium
0,0,28407,Low
0,0,28404,Low
0,0,28404,Low
0,0,28404,Low
1,1,28403,Medium
0,0,28397,Low
0,0,28396,Healthy
0,0,28386,Healthy
0,0,28380,Low
2,0,28369,Medium
0,0,28368,Low
2,0,28355,Medium
2,0,28353,Medium
0,0,28353,Low
2,0,28352,Medium
2,0,28352,Medium
2,0,28352,Medium
2,0,28352,Medium
0,0,28349,Low
0,0,28346,Healthy
0,0,28346,Low
2,0,28337,Low
2,0,28331,Medium
2,0,28331,Low
0,0,28326,Medium
0,0,28318,Medium
2,0,28306,Medium
0,0,28301,Low
2,5,28294,Critical
2,5,28273,Medium
2,0,28269,Medium
2,0,28269,Medium
0,0,28266,Healthy
2,0,28258,Low
2,0,28257,Medium
0,0,28244,Medium
0,0,28244,Low
0,0,28244,Low
0,0,28244,Low
0,0,28243,Low
1,1,28239,Medium
0,0,28237,Low
0,0,28233,Healthy
2,0,28229,Healthy
0,0,28226,Low
2,0,28208,Low
2,0,28206,Medium
0,0,28192,Medium
2,0,28189,Medium
2,0,28189,Medium
2,0,28189,Medium
2,0,28189,Medium
2,0,28187,Medium
0,0,28186,Low
2,0,28182,Low
2,0,28182,Healthy
0,0,28181,Low
2,0,28177,Low
0,0,28165,Medium
0,0,28165,Low
0,0,28162,Medium
2,0,28152,Medium
2,0,28143,Medium
0,0,28137,Low
2,5,28127,Critical
2,0,28107,Medium
2,0,28106,Healthy
0,5,28100,Medium
2,0,28100,Medium
2,0,28094,Medium
2,0,28088,Low
0,0,28078,Low
0,0,28078,Low
0,0,28078,Low
0,0,28075,Medium
1,1,28073,Medium
0,0,28073,Low
0,0,28071,Low
2,0,28069,Healthy
2,0,28064,Healthy
0,0,28057,Low
0,0,28042,Medium
2,0,28039,Low
2,0,28026,Medium
0,0,28023,Low
2,0,28022,Medium
2,0,28022,Medium
2,0,28022,Medium
2,0,28022,Medium
2,0,28021,Medium
2,0,28018,Low
2,0,28014,Low
0,0,28013,Healthy
0,0,28013,Low
2,0,28002,Medium
2,0,28002,Low
0,0,27999,Medium
2,0,27986,Medium
2,0,27985,Medium
0,0,27977,Low
2,5,27968,Critical
0,0,27944,Medium
0,0,27940,Healthy
2,0,27938,Medium
2,0,27937,Medium
2,0,27928,Medium
2,0,27919,Low
0,0,27912,Low
0,0,27912,Low
0,0,27912,Low
1,1,27909,Medium
0,0,27908,Low
0,0,27907,Low
0,0,27906,Medium
0,0,27903,Healthy
0,0,27892,Healthy
0,0,27888,Low
2,0,27879,Medium
0,0,27872,Low
2,0,27865,Medium
2,0,27865,Medium
2,0,27865,Medium
2,0,27865,Medium
0,0,27861,Low
2,0,27860,Medium
2,0,27857,Medium
0,0,27854,Low
0,0,27847,Low
2,0,27847,Healthy
2,0,27847,Low
0,0,27839,Medium
2,0,27835,Low
2,0,27835,Medium
0,0,27831,Medium
2,0,27822,Medium
0,0,27817,Low
2,5,27804,Critical
2,0,27781,Medium
2,0,27779,Healthy
2,0,27777,Medium
2,0,27774,Medium
2,0,27759,Medium
2,0,27750,Low
2,0,27749,Healthy
0,0,27748,Low
0,0,27748,Low
0,0,27748,Low
0,0,27744,Low
1,1,27743,Medium
0,0,27742,Medium
0,0,27742,Low
2,0,27728,Healthy
0,0,27728,Low
2,0,27716,Medium
0,0,27706,Low
2,0,27699,Medium
2,0,27696,Medium
2,0,27696,Medium
2,0,27696,Medium
2,0,27696,Medium
2,0,27691,Medium
0,0,27687,Low
2,0,27687,Healthy
2,0,27687,Low
0,0,27681,Low
0,0,27678,Medium
0,-1,27672,Low
2,0,27669,Medium
2,0,27669,Low
2,0,27668,Medium
1,1,27661,Medium
0,0,27651,Low
2,5,27643,Critical
2,0,27616,Healthy
2,0,27616,Medium
2,0,27615,Medium
0,0,27604,Medium
2,0,27593,Medium
0,0,27585,Low
0,0,27585,Low
0,0,27585,Low
0,0,27584,Low
0,0,27582,Healthy
2,0,27581,Low
1,1,27577,Medium
0,0,27572,Low
0,0,27570,Medium
0,0,27567,Low
2,0,27559,Healthy
2,0,27553,Medium
2,0,27546,Low
2,0,27539,Medium
2,0,27529,Medium
2,0,27529,Medium
2,0,27529,Medium
2,0,27529,Medium
0,0,27527,Low
2,0,27527,Healthy
2,0,27527,Low
2,0,27525,Medium
2,0,27521,Low
0,0,27512,Medium
0,0,27508,Low
2,0,27504,Medium
2,0,27502,Medium
2,0,27502,Low
2,0,27497,Medium
0,0,27491,Low
0,5,27470,Critical
2,0,27460,Medium
2,0,27459,Healthy
2,0,27456,Medium
2,0,27441,Medium
0,0,27430,Medium
0,0,27428,Healthy
0,0,27421,Low
0,0,27419,Low
0,0,27419,Low
0,0,27419,Low
1,1,27412,Medium
2,0,27411,Low
0,0,27407,Medium
0,0,27406,Low
0,0,27396,Low
2,0,27396,Healthy
2,0,27384,Medium
2,0,27376,Medium
0,0,27375,Low
2,0,27364,Low
2,0,27360,Medium
2,0,27360,Medium
2,0,27360,Medium
2,0,27360,Medium
0,0,27357,Healthy
0,0,27357,Low
2,0,27352,Low
2,0,27351,Medium
2,0,27345,Low
0,0,27338,Medium
2,0,27337,Medium
0,0,27337,Medium
2,0,27337,Medium
2,0,27337,Low
0,0,27321,Low
2,0,27313,Medium
2,0,27308,Critical
2,0,27303,Medium
2,0,27302,Healthy
2,0,27294,Healthy
0,0,27275,Medium
2,0,27269,Medium
0,0,27265,Healthy
0,0,27257,Low
0,0,27253,Low
0,0,27253,Low
0,0,27253,Low
2,5,27247,Medium
0,0,27244,Medium
2,0,27241,Low
0,0,27240,Low
2,0,27239,Low
0,0,27233,Healthy
2,0,27225,Healthy
2,0,27223,Medium
0,0,27219,Medium
2,0,27217,Low
2,0,27201,Medium
2,0,27201,Medium
2,0,27201,Medium
2,0,27201,Medium
0,0,27198,Low
2,0,27194,Healthy
2,0,27194,Low
2,0,27190,Medium
2,0,27186,Low
2,0,27179,Low
0,0,27178,Medium
0,0,27178,Medium
2,0,27174,Medium
2,0,27173,Medium
2,0,27173,Low
0,0,27164,Low
2,0,27154,Medium
2,0,27147,Critical
2,0,27140,Medium
2,0,27135,Healthy
2,0,27122,Healthy
0,0,27106,Medium
0,0,27105,Healthy
2,0,27105,Medium
0,0,27091,Low
2,5,27086,Medium
0,0,27083,Low
0,0,27083,Low
0,0,27083,Low
0,0,27078,Low
0,0,27074,Medium
2,0,27070,Healthy
0,0,27067,Low
2,0,27067,Low
2,0,27065,Healthy
0,0,27057,Medium
2,0,27056,Medium
0,0,27051,Low
2,0,27036,Medium
2,0,27036,Medium
2,0,27036,Medium
2,0,27036,Medium
2,0,27035,Low
2,0,27031,Healthy
2,0,27031,Low
2,0,27030,Medium
0,0,27019,Low
2,0,27019,Medium
2,0,27018,Medium
0,0,27014,Medium
2,0,27012,Low
2,0,27010,Medium
2,0,27010,Low
2,0,27003,Medium
0,0,27001,Low
2,0,26985,Critical
2,0,26978,Medium
0,0,26972,Healthy
2,0,26947,Healthy
0,0,26942,Healthy
2,0,26939,Medium
2,5,26938,Medium
0,0,26928,Low
2,0,26927,Medium
0,0,26920,Low
0,0,26920,Low
0,0,26920,Low
0,0,26913,Low
0,0,26911,Medium
2,0,26906,Healthy
2,0,26904,Low
0,0,26900,Low
2,0,26898,Healthy
2,0,26891,Medium
0,0,26890,Low
2,0,26887,Medium
2,0,26876,Medium
2,0,26874,Healthy
2,0,26874,Low
2,0,26872,Medium
2,0,26872,Medium
2,0,26872,Medium
2,0,26872,Medium
0,0,26871,Low
2,0,26859,Low
2,0,26858,Medium
2,0,26853,Medium
0,0,26852,Medium
2,0,26843,Low
2,0,26841,Medium
2,0,26841,Low
0,0,26838,Low
2,0,26837,Medium
2,0,26826,Critical
2,0,26818,Medium
0,0,26815,Healthy
0,0,26782,Healthy
2,0,26781,Healthy
2,5,26775,Medium
0,0,26774,Low
0,0,26773,Medium
0,0,26763,Low
0,0,26763,Low
0,0,26763,Low
2,0,26759,Medium
0,0,26756,Low
0,0,26747,Low
2,0,26743,Healthy
0,0,26742,Medium
2,0,26735,Healthy
0,0,26734,Low
0,0,26725,Medium
0,0,26724,Low
0,0,26724,Medium
2,0,26710,Medium
0,0,26705,Low
2,0,26705,Healthy
2,0,26705,Low
2,0,26701,Medium
2,0,26701,Medium
2,0,26701,Medium
2,0,26701,Medium
0,0,26701,Medium
2,0,26691,Medium
0,0,26688,Low
2,0,26687,Medium
2,0,26683,Critical
2,0,26680,Low
2,0,26677,Medium
2,0,26677,Low
2,0,26676,Medium
0,0,26675,Low
0,0,26655,Healthy
2,0,26655,Medium
0,0,26622,Healthy
2,0,26615,Medium
0,0,26613,Medium
2,0,26612,Healthy
0,0,26605,Low
0,0,26600,Low
0,0,26600,Low
0,0,26600,Low
0,0,26592,Low
2,0,26590,Medium
0,0,26575,Medium
0,0,26574,Low
2,0,26574,Healthy
2,0,26572,Healthy
0,0,26561,Low
2,0,26560,Medium
0,-1,26558,Low
0,0,26555,Medium
0,0,26551,Low
2,0,26548,Medium
2,0,26548,Medium
2,0,26548,Medium
2,0,26548,Medium
2,0,26544,Medium
2,0,26538,Healthy
0,0,26538,Low
0,0,26535,Medium
2,0,26530,Low
2,0,26530,Medium
2,0,26525,Medium
2,0,26523,Critical
2,0,26514,Medium
2,0,26514,Low
0,0,26514,Low
2,0,26513,Medium
2,0,26512,Low
2,0,26492,Healthy
2,0,26491,Medium
0,0,26459,Healthy
2,0,26452,Healthy
0,0,26447,Low
2,5,26446,Medium
0,0,26436,Low
0,0,26435,Low
0,0,26428,Low
0,0,26428,Low
0,0,26428,Low
2,0,26425,Medium
2,0,26414,Healthy
0,0,26409,Medium
2,0,26408,Healthy
0,0,26402,Low
0,0,26398,Low
0,0,26395,Low
2,0,26394,Medium
2,0,26384,Medium
2,0,26384,Medium
2,0,26384,Medium
2,0,26384,Medium
2,0,26383,Medium
0,0,26382,Low
2,0,26380,Medium
2,0,26372,Critical
2,0,26369,Healthy
2,0,26369,Low
0,0,26368,Medium
0,0,26366,Medium
0,0,26364,Low
2,0,26359,Medium
0,0,26357,Low
2,0,26354,Medium
2,0,26354,Low
2,0,26353,Medium
0,0,26339,Low
2,0,26329,Healthy
2,0,26325,Medium
2,0,26317,Healthy
0,0,26292,Healthy
0,0,26284,Low
2,0,26280,Healthy
2,5,26277,Medium
0,0,26276,Low
0,0,26275,Low
0,0,26264,Low
0,0,26264,Low
0,0,26264,Low
2,0,26260,Medium
0,0,26247,Healthy
2,0,26245,Healthy
0,0,26243,Medium
0,0,26238,Low
0,0,26237,Medium
2,0,26232,Low
0,0,26232,Low
2,0,26225,Medium
2,0,26223,Medium
2,0,26223,Medium
2,0,26223,Medium
2,0,26223,Medium
0,0,26217,Medium
0,0,26216,Low
2,0,26212,Healthy
2,0,26212,Low
2,0,26207,Critical
2,0,26204,Low
0,0,26204,Low
2,0,26202,Medium
0,0,26194,Medium
2,0,26191,Medium
2,0,26191,Low
0,0,26184,Low
2,0,26184,Medium
0,0,26173,Low
0,0,26162,Healthy
0,0,26162,Medium
0,0,26145,Healthy
0,0,26126,Healthy
2,0,26120,Healthy
0,0,26116,Low
0,0,26114,Low
0,0,26110,Medium
0,0,26106,Low
2,0,26102,Medium
2,0,26085,Healthy
2,0,26081,Healthy
0,0,26076,Low
0,0,26075,Low
2,0,26074,Medium
0,0,26074,Medium
0,0,26065,Low
2,0,26065,Medium
0,0,26060,Medium
2,0,26060,Medium
2,0,26060,Medium
0,0,26060,Medium
0,0,26057,Medium
0,0,26053,Low
0,0,26046,Healthy
0,0,26046,Low
2,0,26046,Critical
0,0,26044,Low
0,0,26038,Low
0,0,26036,Medium
2,0,26024,Medium
2,0,26024,Medium
2,0,26018,Medium
2,0,26018,Low
2,0,26014,Low
0,0,26010,Low
2,0,25999,Healthy
2,0,25995,Medium
2,0,25970,Healthy
2,0,25957,Healthy
0,0,25957,Medium
0,0,25954,Low
0,0,25952,Low
0,0,25946,Medium
0,-1,25946,Medium
0,0,25944,Low
2,0,25943,Low
0,0,25938,Low
0,0,25938,Low
0,0,25938,Low
2,0,25919,Healthy
0,0,25915,Healthy
0,0,25909,Low
0,0,25907,Medium
0,0,25907,Low
0,0,25905,Medium
0,0,25901,Medium
2,0,25899,Low
0,0,25892,Low
0,0,25891,Medium
0,0,25891,Medium
0,0,25891,Medium
0,0,25891,Medium
2,0,25883,Healthy
2,0,25883,Low
2,0,25882,Critical
0,0,25875,Low
2,0,25873,Medium
0,0,25872,Low
2,0,25864,Medium
2,0,25863,Medium
2,0,25855,Medium
2,0,25855,Low
0,0,25848,Low
0,0,25841,Low
2,0,25838,Medium
2,0,25836,Healthy
2,0,25804,Healthy
0,0,25791,Medium
0,0,25791,Low
2,0,25789,Low
0,0,25789,Low
0,0,25787,Low
0,0,25787,Low
0,0,25787,Low
2,0,25785,Healthy
0,0,25780,Medium
2,0,25774,Low
0,0,25771,Medium
2,0,25755,Healthy
0,0,25748,Low
0,0,25746,Healthy
2,0,25744,Medium
0,0,25744,Medium
0,0,25741,Medium
0,0,25740,Low
2,0,25731,Medium
2,0,25731,Medium
2,0,25731,Medium
2,0,25731,Medium
2,0,25730,Low
0,0,25729,Low
2,0,25723,Critical
2,0,25713,Low
2,0,25713,Healthy
0,0,25711,Low
0,0,25709,Medium
2,0,25705,Low
2,0,25703,Medium
2,0,25695,Medium
2,0,25686,Low
2,0,25686,Medium
0,0,25685,Low
0,0,25677,Low
2,0,25672,Medium
2,0,25670,Healthy
2,0,25635,Low
2,0,25635,Healthy
0,0,25631,Low
0,0,25626,Low
0,0,25624,Low
0,0,25624,Low
0,0,25624,Low
0,0,25620,Medium
0,0,25618,Medium
2,0,25610,Low
2,0,25608,Healthy
0,0,25605,Medium
2,0,25598,Healthy
2,0,25584,Medium
0,0,25582,Low
0,0,25580,Low
0,0,25578,Medium
2,0,25573,Medium
0,0,25572,Medium
2,0,25568,Medium
2,0,25568,Medium
2,0,25568,Medium
2,0,25568,Medium
2,0,25567,Low
0,0,25566,Low
2,0,25556,Low
2,0,25556,Healthy
2,0,25554,Critical
0,0,25545,Low
0,0,25545,Low
0,0,25543,Medium
0,0,25534,Medium
2,0,25530,Medium
0,0,25528,Low
2,0,25525,Medium
2,0,25525,Low
0,0,25510,Healthy
2,0,25509,Medium
2,0,25505,Low
2,0,25475,Healthy
0,0,25471,Low
0,0,25469,Low
0,0,25464,Low
0,0,25464,Low
0,0,25464,Low
0,0,25461,Low
0,0,25458,Medium
0,0,25457,Medium
0,0,25451,Healthy
0,0,25441,Medium
2,0,25438,Low
2,0,25435,Healthy
0,0,25430,Medium
0,0,25419,Low
0,0,25418,Medium
2,0,25417,Low
2,0,25415,Medium
0,0,25406,Medium
0,0,25400,Low
0,0,25400,Low
2,0,25396,Medium
2,0,25396,Medium
2,0,25396,Medium
2,0,25396,Medium
2,0,25393,Critical
2,0,25393,Healthy
2,0,25393,Low
0,0,25388,Low
2,0,25379,Low
2,0,25377,Medium
2,0,25368,Medium
0,0,25362,Low
2,0,25362,Low
2,0,25362,Medium
2,0,25361,Medium
0,0,25344,Healthy
0,0,25342,Medium
0,0,25339,Low
0,0,25318,Low
0,0,25304,Low
0,0,25304,Low
2,0,25303,Healthy
0,0,25301,Low
0,0,25301,Low
0,0,25301,Low
0,0,25294,Low
0,0,25284,Medium
2,0,25275,Low
2,0,25274,Healthy
0,0,25273,Healthy
0,0,25272,Medium
0,0,25261,Medium
2,0,25258,Medium
0,0,25256,Low
2,0,25255,Medium
0,0,25251,Low
0,0,25243,Low
0,0,25242,Medium
0,0,25237,Low
2,0,25233,Critical
2,0,25232,Medium
2,0,25232,Medium
2,0,25232,Medium
2,0,25232,Medium
2,0,25227,Healthy
2,0,25227,Low
0,0,25222,Low
2,0,25216,Low
2,0,25205,Medium
2,0,25204,Medium
0,0,25196,Low
2,0,25195,Medium
2,0,25193,Medium
2,0,25193,Low
2,0,25190,Healthy
2,5,25186,Medium
0,0,25176,Low
0,0,25152,Low
0,0,25144,Low
2,0,25143,Healthy
0,0,25140,Low
0,0,25137,Low
0,0,25135,Low
0,0,25135,Low
0,0,25135,Low
2,0,25129,Medium
0,0,25112,Medium
2,0,25111,Low
2,0,25111,Healthy
0,0,25103,Healthy
2,0,25101,Medium
2,0,25096,Medium
0,0,25096,Low
0,0,25091,Medium
2,0,25087,Low
0,0,25083,Low
2,0,25072,Critical
0,0,25071,Low
0,-1,25070,Medium
2,0,25064,Healthy
2,0,25064,Low
2,0,25063,Medium
2,0,25063,Medium
2,0,25063,Medium
2,0,25063,Medium
0,0,25062,Low
0,0,25040,Low
0,0,25038,Medium
2,0,25035,Medium
2,0,25035,Low
2,0,25031,Medium
2,0,25031,Healthy
2,0,25030,Medium
0,0,25027,Low
2,0,25026,Healthy
2,5,25019,Medium
2,0,25009,Low
0,0,24995,Low
0,0,24983,Low
0,0,24980,Healthy
2,0,24980,Low
0,0,24975,Low
0,0,24974,Low
0,0,24974,Low
0,0,24974,Low
2,0,24963,Medium
2,0,24948,Healthy
2,0,24945,Low
2,0,24938,Medium
0,0,24937,Healthy
2,0,24936,Medium
2,0,24934,Medium
0,0,24933,Low
0,0,24931,Medium
0,0,24924,Low
0,0,24914,Low
2,0,24904,Healthy
0,0,24904,Medium
0,0,24904,Low
2,0,24903,Medium
2,0,24903,Medium
2,0,24903,Medium
2,0,24903,Medium
2,0,24901,Low
2,0,24900,Critical
0,0,24895,Low
0,0,24874,Low
2,0,24871,Medium
2,0,24866,Healthy
2,0,24862,Medium
2,5,24860,Medium
2,0,24859,Medium
2,0,24859,Low
0,0,24858,Low
2,0,24853,Medium
2,0,24853,Healthy
0,0,24843,Low
0,0,24838,Low
0,0,24823,Low
0,0,24818,Low
2,0,24817,Low
2,0,24817,Low
2,0,24817,Low
0,0,24813,Low
0,0,24809,Medium
2,0,24808,Healthy
2,0,24788,Low
2,0,24785,Healthy
0,0,24773,Medium
0,0,24773,Low
2,0,24772,Medium
0,0,24769,Medium
0,0,24768,Healthy
2,0,24765,Medium
0,0,24758,Low
0,0,24747,Medium
0,0,24744,Low
2,0,24743,Healthy
2,0,24743,Low
2,0,24739,Medium
2,0,24739,Medium
2,0,24739,Medium
2,0,24739,Medium
0,0,24735,Low
0,0,24732,Low
2,0,24731,Critical
0,0,24708,Medium
2,0,24708,Healthy
2,0,24705,Low
2,0,24703,Healthy
1,0,24702,Medium
3,7,24701,Medium
3,7,24701,Low
2,5,24698,Low
2,0,24694,Low
2,0,24690,Medium
2,0,24690,Healthy
2,0,24683,Low
0,0,24671,Low
2,0,24655,Medium
0,0,24655,Low
0,0,24654,Low
0,0,24654,Low
0,0,24654,Low
0,0,24654,Low
0,0,24650,Low
2,0,24631,Healthy
2,0,24618,Low
2,5,24618,Healthy
0,0,24612,Medium
0,0,24610,Medium
0,0,24609,Low
0,0,24609,Medium
0,0,24604,Low
2,0,24602,Medium
0,0,24593,Healthy
2,0,24586,Healthy
2,0,24586,Low
0,0,24584,Low
2,0,24580,Low
0,0,24572,Low
2,0,24570,Medium
2,0,24570,Medium
2,0,24570,Medium
2,0,24570,Medium
0,0,24569,Low
2,0,24564,Critical
2,0,24551,Medium
2,0,24544,Low
0,0,24540,Medium
1,1,24539,Medium
2,5,24539,Low
0,0,24537,Low
3,8,24533,Medium
3,8,24533,Low
2,0,24529,Healthy
2,0,24520,Medium
2,0,24520,Healthy
0,0,24520,Low
0,0,24514,Low
0,0,24500,Low
0,0,24496,Low
0,0,24492,Low
2,0,24489,Medium
0,0,24488,Low
0,0,24488,Low
0,0,24488,Low
0,0,24474,Healthy
2,0,24452,Low
2,0,24448,Medium
0,0,24446,Low
2,0,24441,Healthy
0,0,24435,Low
0,0,24433,Medium
2,0,24433,Medium
0,0,24431,Medium
0,0,24426,Healthy
0,0,24424,Low
2,0,24420,Healthy
2,0,24420,Low
0,0,24415,Low
2,0,24413,Medium
2,0,24413,Medium
2,0,24413,Medium
2,0,24413,Medium
0,0,24409,Low
0,0,24408,Low
2,0,24401,Critical
2,0,24385,Medium
0,0,24380,Medium
2,5,24378,Low
2,0,24372,Low
1,1,24371,Medium
2,9,24371,Low
0,0,24371,Low
2,9,24371,Medium
2,0,24366,Healthy
2,0,24360,Medium
2,0,24360,Healthy
0,0,24357,Low
0,0,24347,Low
0,0,24338,Medium
0,0,24337,Low
0,0,24330,Low
0,0,24329,Low
0,0,24328,Low
0,0,24328,Low
0,0,24328,Low
0,0,24296,Healthy
0,0,24292,Low
0,0,24286,Medium
2,0,24283,Low
1,1,24276,Healthy
2,0,24273,Medium
2,0,24272,Medium
0,0,24269,Low
2,0,24266,Healthy
2,0,24266,Low
0,0,24262,Medium
0,0,24257,Healthy
0,0,24253,Low
0,0,24249,Low
0,0,24246,Low
2,0,24242,Low
2,0,24237,Medium
2,0,24237,Medium
2,0,24237,Medium
2,0,24237,Medium
0,0,24232,Medium
2,0,24223,Critical
2,0,24222,Medium
2,5,24218,Low
2,0,24210,Low
0,0,24206,Low
1,1,24205,Medium
1,1,24205,Low
1,1,24205,Medium
0,0,24200,Low
2,0,24200,Medium
2,0,24200,Healthy
2,0,24196,Healthy
2,0,24190,Medium
0,0,24184,Low
2,0,24183,Low
0,0,24168,Low
0,0,24168,Low
0,0,24168,Low
0,0,24167,Low
2,0,24165,Low
0,0,24126,Healthy
0,0,24126,Low
2,0,24124,Low
2,0,24124,Medium
1,1,24110,Healthy
0,0,24110,Medium
2,0,24109,Medium
0,0,24105,Low
2,0,24100,Healthy
0,0,24100,Low
2,0,24098,Low
0,0,24096,Medium
0,0,24086,Low
0,0,24083,Low
0,0,24081,Healthy
2,0,24079,Low
3,7,24079,Medium
3,7,24079,Medium
3,7,24079,Medium
3,7,24079,Medium
2,0,24075,Medium
2,0,24059,Critical
2,0,24056,Medium
2,5,24053,Low
0,0,24053,Low
0,0,24043,Low
2,0,24042,Low
1,1,24041,Medium
1,1,24041,Low
1,1,24037,Medium
2,0,24036,Medium
2,0,24036,Healthy
2,0,24036,Healthy
2,0,24033,Medium
0,0,24018,Low
0,0,24017,Low
0,0,24008,Low
0,0,24008,Low
0,0,24008,Low
0,0,24004,Low
0,0,23993,Low
2,0,23962,Medium
0,0,23960,Healthy
0,0,23960,Low
2,0,23958,Low
1,1,23946,Healthy
0,0,23945,Low
2,0,23944,Medium
2,0,23943,Healthy
0,0,23943,Low
2,0,23940,Medium
0,0,23935,Low
0,0,23929,Medium
0,0,23927,Healthy
0,0,23923,Low
0,0,23914,Low
0,0,23912,Medium
3,8,23910,Medium
3,8,23910,Medium
3,8,23910,Medium
3,8,23910,Medium
2,0,23906,Low
2,5,23894,Low
2,0,23893,Low
2,0,23893,Medium
2,0,23890,Critical
0,0,23886,Low
2,0,23879,Medium
2,0,23879,Low
2,0,23876,Healthy
1,1,23875,Medium
1,1,23875,Medium
1,1,23875,Low
2,0,23870,Medium
2,0,23870,Healthy
0,0,23866,Low
0,0,23852,Low
0,0,23851,Low
0,0,23851,Low
0,0,23851,Low
0,0,23837,Low
0,0,23827,Low
0,0,23802,Medium
0,0,23797,Low
2,0,23795,Low
0,0,23791,Healthy
2,0,23786,Medium
0,0,23786,Healthy
0,0,23786,Low
2,0,23782,Medium
0,0,23782,Low
1,1,23781,Healthy
0,0,23769,Low
0,0,23761,Healthy
0,0,23760,Medium
0,0,23759,Low
2,0,23755,Medium
2,9,23748,Medium
2,9,23748,Medium
2,9,23748,Medium
2,9,23748,Medium
0,0,23744,Low
2,0,23743,Low
2,5,23737,Low
2,0,23730,Low
2,0,23730,Critical
2,0,23729,Medium
0,0,23729,Low
2,0,23722,Medium
2,0,23713,Healthy
2,0,23710,Low
1,1,23707,Medium
1,1,23707,Low
1,1,23705,Medium
2,0,23704,Medium
2,0,23704,Healthy
0,0,23700,Low
0,0,23694,Low
0,0,23694,Low
0,0,23694,Low
0,0,23692,Low
0,0,23683,Low
0,0,23663,Low
0,0,23633,Low
2,0,23626,Healthy
2,0,23626,Low
2,0,23624,Low
2,0,23623,Medium
0,0,23623,Medium
0,0,23619,Low
1,1,23617,Healthy
0,0,23616,Healthy
0,0,23612,Low
2,0,23606,Low
0,0,23605,Low
0,0,23604,Healthy
0,0,23594,Medium
0,0,23592,Medium
1,1,23582,Medium
1,1,23582,Medium
1,1,23582,Medium
1,1,23582,Medium
2,0,23581,Low
0,0,23577,Low
2,0,23572,Medium
2,0,23570,Low
2,0,23569,Critical
0,0,23569,Low
2,0,23568,Medium
0,0,23567,Low
2,0,23546,Healthy
2,0,23546,Low
0,0,23543,Low
1,1,23541,Medium
2,0,23540,Medium
2,0,23540,Healthy
1,1,23539,Medium
1,1,23539,Low
0,0,23531,Low
0,0,23531,Low
0,0,23531,Low
0,0,23528,Low
0,0,23520,Low
0,0,23494,Low
2,0,23475,Low
2,0,23470,Low
2,0,23463,Medium
2,0,23460,Medium
0,0,23453,Low
1,1,23451,Healthy
2,0,23450,Healthy
2,0,23450,Low
0,0,23449,Low
0,0,23449,Healthy
3,7,23448,Low
2,0,23447,Healthy
0,0,23439,Low
2,0,23435,Medium
0,0,23430,Medium
0,0,23424,Low
1,1,23418,Medium
1,1,23418,Medium
1,1,23418,Medium
1,1,23418,Medium
2,0,23412,Medium
0,0,23411,Low
2,0,23407,Low
2,0,23406,Critical
2,0,23405,Medium
0,0,23403,Low
2,0,23398,Low
0,0,23386,Low
2,0,23380,Healthy
1,1,23377,Medium
0,0,23374,Medium
0,0,23374,Healthy
2,0,23372,Low
0,0,23370,Low
0,0,23370,Low
0,0,23370,Low
1,1,23369,Medium
1,1,23369,Low
0,0,23366,Low
0,0,23359,Low
0,0,23331,Low
0,0,23309,Low
2,0,23307,Low
0,0,23300,Medium
2,0,23297,Medium
0,0,23292,Low
2,0,23292,Healthy
2,0,23292,Low
0,0,23290,Low
2,0,23287,Healthy
1,1,23285,Healthy
0,0,23280,Healthy
3,8,23280,Low
0,0,23273,Low
0,0,23272,Medium
0,0,23267,Medium
0,0,23258,Low
0,0,23255,Medium
1,1,23252,Medium
1,1,23252,Medium
1,1,23252,Medium
1,1,23252,Medium
2,0,23247,Medium
0,0,23242,Low
2,0,23240,Critical
2,0,23238,Low
0,0,23237,Low
0,0,23234,Low
2,0,23220,Medium
2,0,23220,Healthy
0,0,23219,Low
2,0,23217,Low
2,0,23217,Healthy
1,1,23214,Medium
0,0,23213,Low
0,0,23213,Low
0,0,23213,Low
1,1,23203,Medium
1,1,23203,Low
0,0,23203,Low
0,0,23199,Low
2,0,23159,Low
2,0,23146,Low
0,0,23146,Low
0,0,23136,Low
2,0,23135,Healthy
2,0,23135,Low
2,0,23134,Medium
0,0,23132,Low
2,0,23131,Medium
0,0,23120,Healthy
1,1,23119,Healthy
2,9,23118,Low
0,0,23110,Low
0,0,23108,Medium
0,0,23104,Healthy
2,0,23096,Low
0,0,23095,Medium
2,0,23092,Medium
1,1,23084,Medium
1,1,23084,Medium
1,1,23084,Medium
1,1,23084,Medium
0,0,23080,Medium
2,0,23080,Low
0,0,23076,Low
2,0,23074,Low
2,0,23073,Critical
0,0,23072,Low
0,0,23062,Low
0,0,23050,Low
0,0,23050,Low
0,0,23050,Healthy
0,0,23050,Low
2,0,23048,Low
1,1,23043,Medium
1,1,23043,Low
1,1,23043,Medium
0,0,23043,Low
2,0,23042,Medium
2,0,23042,Healthy
0,0,23039,Low
0,0,22992,Low
0,0,22985,Low
2,0,22982,Low
2,0,22978,Healthy
2,0,22978,Low
2,0,22977,Medium
0,0,22967,Low
0,0,22966,Healthy
2,0,22964,Medium
0,0,22963,Low
1,1,22953,Healthy
1,1,22952,Low
0,0,22950,Healthy
0,0,22946,Low
0,0,22945,Medium
0,0,22940,Low
0,0,22928,Medium
2,0,22926,Low
0,0,22923,Medium
2,0,22919,Low
2,0,22917,Medium
1,1,22916,Medium
1,1,22916,Medium
1,1,22916,Medium
1,1,22916,Medium
2,0,22911,Low
2,0,22910,Critical
2,0,22908,Low
0,0,22905,Low
0,0,22896,Low
0,0,22896,Low
0,0,22896,Low
2,0,22896,Healthy
2,0,22884,Low
1,1,22884,Medium
1,1,22884,Medium
1,1,22884,Low
0,0,22880,Low
2,0,22875,Medium
2,0,22875,Healthy
0,0,22866,Low
0,0,22832,Low
0,0,22829,Low
2,0,22815,Low
2,0,22815,Healthy
0,0,22814,Low
0,0,22814,Medium
0,0,22809,Low
2,0,22801,Medium
0,0,22800,Healthy
0,0,22797,Low
2,0,22788,Low
1,1,22788,Low
0,0,22784,Medium
0,0,22784,Healthy
1,1,22781,Healthy
2,0,22780,Low
2,0,22766,Low
0,0,22765,Medium
2,0,22759,Low
2,0,22756,Medium
0,0,22751,Medium
0,0,22748,Low
0,0,22748,Low
1,1,22746,Medium
1,1,22746,Medium
1,1,22746,Medium
1,1,22746,Medium
0,0,22745,Low
0,0,22744,Critical
0,0,22733,Low
0,0,22733,Low
0,0,22733,Low
0,0,22718,Low
2,0,22718,Healthy
2,0,22717,Low
1,1,22716,Medium
1,1,22716,Medium
0,0,22716,Low
1,1,22716,Low
2,0,22715,Medium
2,0,22715,Healthy
0,0,22668,Low
2,0,22663,Low
2,0,22650,Medium
0,0,22646,Healthy
0,0,22646,Low
2,0,22645,Low
2,0,22640,Healthy
2,0,22640,Low
0,0,22637,Low
2,0,22635,Medium
0,0,22627,Healthy
0,0,22624,Medium
0,0,22622,Low
1,1,22622,Low
2,0,22617,Low
1,1,22613,Healthy
0,0,22603,Medium
2,0,22600,Low
2,0,22596,Medium
2,0,22596,Low
0,0,22591,Low
2,0,22590,Critical
0,0,22588,Medium
0,0,22582,Low
1,1,22580,Medium
1,1,22580,Medium
1,1,22580,Medium
1,1,22580,Medium
0,0,22579,Low
0,0,22567,Low
0,0,22567,Low
0,0,22567,Low
0,0,22559,Low
2,0,22555,Low
2,0,22551,Healthy
1,1,22546,Medium
1,1,22546,Low
1,1,22546,Medium
2,0,22543,Medium
2,0,22543,Healthy
2,0,22542,Low
0,0,22511,Low
0,0,22497,Low
2,0,22492,Low
2,0,22491,Low
2,0,22487,Medium
0,0,22483,Healthy
0,0,22477,Low
2,0,22477,Healthy
2,0,22477,Low
2,0,22470,Healthy
2,0,22469,Medium
0,0,22459,Low
0,0,22458,Medium
1,1,22454,Low
0,0,22453,Low
1,1,22447,Healthy
2,0,22447,Medium
2,0,22436,Low
2,0,22436,Medium
0,0,22434,Low
0,0,22430,Low
0,0,22425,Medium
1,1,22421,Medium
1,1,22421,Medium
1,1,22421,Medium
1,1,22421,Medium
2,0,22419,Low
0,0,22416,Low
0,0,22416,Low
0,0,22416,Low
0,0,22412,Low
2,0,22411,Critical
2,0,22391,Healthy
0,0,22390,Low
0,0,22389,Low
1,1,22384,Medium
1,1,22384,Medium
1,1,22384,Low
2,0,22382,Medium
2,0,22382,Healthy
0,0,22369,Low
0,0,22351,Low
0,0,22339,Healthy
2,0,22337,Low
2,0,22328,Low
0,0,22325,Low
0,0,22323,Healthy
2,0,22321,Medium
2,0,22320,Healthy
2,0,22320,Low
2,0,22310,Healthy
0,0,22306,Low
0,0,22299,Low
2,0,22295,Medium
1,1,22286,Low
2,0,22284,Low
0,0,22283,Medium
1,1,22281,Healthy
2,0,22280,Medium
0,0,22277,Low
2,0,22273,Low
0,0,22267,Medium
0,0,22263,Low
2,0,22258,Low
0,0,22255,Medium
1,1,22253,Medium
1,1,22253,Medium
1,1,22253,Medium
1,1,22253,Medium
0,0,22253,Low
0,0,22253,Low
0,0,22253,Low
2,0,22246,Low
2,0,22245,Critical
2,0,22225,Low
0,0,22221,Low
2,0,22219,Healthy
1,1,22214,Medium
1,1,22214,Medium
1,1,22214,Low
2,0,22213,Medium
2,0,22213,Healthy
0,0,22197,Low
0,0,22185,Low
2,0,22179,Healthy
0,0,22175,Low
0,0,22173,Low
0,0,22160,Healthy
2,0,22158,Low
2,0,22155,Medium
2,0,22153,Low
2,0,22153,Healthy
2,0,22151,Low
2,0,22145,Healthy
0,0,22145,Low
0,0,22143,Healthy
2,0,22134,Medium
0,0,22124,Medium
0,0,22121,Low
2,0,22118,Medium
0,0,22117,Low
1,1,22116,Low
1,1,22113,Healthy
2,0,22110,Low
2,0,22104,Medium
2,0,22103,Low
0,0,22093,Low
0,0,22093,Low
0,0,22093,Low
2,0,22092,Low
0,0,22089,Medium
2,0,22086,Low
2,0,22085,Critical
1,1,22081,Medium
1,1,22081,Medium
1,1,22081,Medium
1,1,22081,Medium
0,0,22061,Low
2,0,22059,Healthy
0,0,22053,Low
0,0,22050,Medium
0,0,22050,Healthy
1,1,22048,Medium
1,1,22048,Medium
1,1,22048,Low
0,0,22028,Low
0,0,22028,Low
0,0,22013,Healthy
0,0,22008,Low
0,0,22001,Low
0,0,22000,Healthy
2,0,21995,Low
2,0,21992,Medium
0,0,21989,Healthy
0,0,21988,Low
2,0,21987,Healthy
2,0,21987,Low
2,0,21985,Healthy
0,0,21982,Low
2,0,21974,Medium
2,0,21964,Medium
2,0,21961,Low
0,0,21955,Medium
0,0,21951,Low
1,1,21950,Low
1,1,21949,Healthy
2,0,21946,Low
2,0,21941,Medium
0,0,21936,Low
0,0,21936,Low
0,0,21936,Low
2,0,21935,Low
2,0,21934,Low
1,1,21915,Medium
1,1,21915,Medium
1,1,21915,Medium
1,1,21915,Medium
2,0,21915,Medium
2,0,21913,Low
2,0,21912,Critical
0,0,21894,Low
2,0,21890,Low
2,0,21889,Healthy
1,1,21888,Medium
1,1,21888,Low
1,1,21888,Medium
2,0,21883,Medium
0,0,21883,Healthy
0,0,21865,Low
2,0,21861,Low
2,0,21852,Healthy
0,0,21851,Low
0,0,21840,Healthy
0,0,21838,Low
0,0,21832,Low
2,0,21825,Medium
0,0,21825,Low
0,0,21823,Healthy
0,0,21822,Low
2,0,21821,Healthy
2,0,21821,Low
2,0,21820,Medium
2,0,21818,Healthy
1,1,21808,Healthy
1,1,21808,Healthy
1,1,21808,Healthy
1,1,21808,Healthy
2,0,21804,Medium
2,0,21795,Low
2,0,21792,Medium
1,1,21790,Low
2,0,21786,Low
0,0,21785,Low
2,0,21784,Medium
1,1,21779,Healthy
0,0,21769,Low
0,0,21769,Low
0,0,21769,Low
0,0,21769,Low
0,0,21768,Low
2,0,21752,Critical
2,0,21751,Medium
0,0,21750,Low
1,1,21749,Medium
1,1,21749,Medium
1,1,21749,Medium
1,1,21749,Medium
0,0,21734,Low
1,1,21727,Medium
1,1,21727,Low
1,1,21727,Medium
0,0,21726,Healthy
0,0,21723,Low
2,0,21711,Low
2,0,21711,Healthy
0,0,21702,Low
0,0,21694,Low
0,0,21689,Healthy
0,0,21689,Low
0,0,21676,Healthy
0,0,21672,Low
0,0,21669,Healthy
2,0,21668,Low
0,0,21665,Low
0,0,21664,Low
2,0,21664,Healthy
0,0,21664,Low
2,0,21659,Medium
2,0,21655,Healthy
2,0,21654,Medium
0,0,21647,Medium
1,1,21644,Healthy
1,1,21644,Healthy
1,1,21644,Healthy
1,1,21644,Healthy
0,0,21631,Low
2,0,21627,Low
1,1,21622,Low
2,0,21621,Low
2,0,21620,Low
1,1,21618,Healthy
2,0,21614,Medium
2,0,21612,Low
0,0,21606,Low
0,0,21606,Low
0,0,21606,Low
0,0,21601,Low
2,0,21593,Low
2,0,21590,Medium
1,1,21585,Medium
1,1,21585,Medium
1,1,21585,Medium
1,1,21585,Medium
2,0,21583,Critical
0,0,21571,Low
0,0,21560,Healthy
0,0,21551,Low
1,1,21549,Medium
1,1,21549,Low
1,1,21549,Medium
2,0,21548,Low
2,0,21548,Healthy
0,0,21542,Low
0,0,21528,Low
2,0,21526,Low
0,0,21525,Healthy
2,0,21514,Low
0,0,21510,Healthy
2,0,21507,Healthy
2,0,21507,Low
0,0,21506,Healthy
0,0,21505,Low
0,0,21502,Low
0,0,21498,Low
2,0,21492,Healthy
2,0,21487,Medium
2,0,21485,Medium
0,0,21481,Medium
1,1,21480,Healthy
1,1,21480,Healthy
1,1,21480,Healthy
1,1,21480,Healthy
2,0,21476,Critical
2,0,21471,Low
0,0,21465,Low
1,1,21458,Healthy
2,0,21457,Low
0,0,21452,Low
0,0,21452,Low
0,0,21452,Low
1,1,21450,Low
2,0,21449,Low
2,0,21448,Medium
2,0,21441,Low
2,0,21430,Medium
2,0,21424,Low
0,0,21419,Critical
1,1,21413,Medium
1,1,21413,Medium
1,1,21413,Medium
1,1,21413,Medium
0,0,21411,Low
2,0,21388,Healthy
2,0,21388,Medium
2,0,21388,Medium
2,0,21388,Low
2,0,21382,Low
2,0,21382,Healthy
0,0,21382,Low
0,0,21381,Low
0,0,21371,Low
0,0,21363,Low
0,0,21358,Healthy
0,0,21346,Healthy
0,0,21345,Low
0,0,21345,Low
2,0,21345,Low
0,0,21344,Healthy
2,0,21341,Medium
0,0,21341,Low
0,0,21341,Low
2,0,21329,Healthy
2,0,21324,Medium
2,0,21324,Medium
0,0,21315,Critical
0,0,21314,Medium
2,0,21314,Low
1,1,21314,Healthy
1,1,21314,Healthy
1,1,21314,Healthy
1,1,21314,Healthy
2,0,21305,Low
2,0,21299,Low
1,1,21298,Healthy
2,0,21286,Low
1,1,21284,Low
0,0,21281,Low
0,0,21281,Low
0,0,21281,Low
2,0,21279,Medium
2,0,21270,Medium
0,0,21270,Low
2,-1,21265,Healthy
2,-1,21265,Healthy
2,0,21255,Low
2,0,21253,Critical
1,1,21249,Medium
1,1,21249,Medium
1,1,21249,Medium
1,1,21249,Medium
0,0,21248,Low
0,0,21230,Medium
0,0,21230,Low
0,0,21230,Medium
2,0,21227,Low
2,0,21227,Healthy
2,0,21224,Healthy
0,0,21218,Low
2,0,21218,Low
0,0,21214,Low
2,0,21209,Low
2,0,21192,Healthy
0,0,21185,Low
0,0,21183,Healthy
0,0,21182,Low
2,0,21182,Low
0,0,21178,Low
2,0,21176,Low
2,0,21176,Medium
0,0,21175,Healthy
2,0,21165,Healthy
2,0,21164,Medium
0,0,21161,Medium
2,0,21158,Critical
1,1,21152,Healthy
1,1,21152,Healthy
1,1,21152,Healthy
1,1,21152,Healthy
2,0,21151,Low
2,0,21148,Medium
2,0,21145,Low
2,0,21136,Low
1,1,21132,Healthy
0,0,21123,Low
0,0,21123,Low
0,0,21123,Low
2,0,21122,Medium
2,0,21119,Low
1,1,21118,Low
2,0,21112,Low
2,0,21108,Medium
2,5,21096,Healthy
2,5,21096,Healthy
0,0,21088,Low
2,0,21081,Critical
1,1,21081,Medium
1,1,21081,Medium
1,1,21081,Medium
1,1,21081,Medium
0,0,21069,Low
2,0,21064,Low
2,0,21063,Low
2,0,21063,Healthy
0,0,21061,Medium
0,0,21061,Medium
0,0,21061,Low
2,0,21058,Healthy
0,0,21057,Low
2,0,21055,Low
0,0,21042,Low
0,0,21035,Healthy
0,0,21023,Healthy
0,0,21018,Low
2,0,21016,Medium
2,0,21016,Low
0,0,21016,Low
0,0,21015,Low
0,0,21013,Low
2,0,21010,Medium
0,0,21008,Healthy
2,0,21005,Healthy
0,0,21001,Medium
0,0,20998,Critical
1,1,20992,Healthy
1,1,20992,Healthy
1,1,20992,Healthy
1,1,20992,Healthy
2,0,20989,Low
0,0,20982,Medium
2,0,20979,Low
2,0,20976,Low
1,1,20967,Healthy
0,0,20956,Low
1,1,20955,Low
0,0,20955,Medium
0,0,20950,Low
0,0,20950,Low
0,0,20950,Low
2,-1,20947,Medium
0,0,20946,Low
0,0,20934,Low
2,5,20929,Healthy
2,5,20929,Healthy
2,0,20918,Critical
1,1,20917,Medium
1,1,20917,Medium
1,1,20917,Medium
1,1,20917,Medium
2,0,20914,Low
2,0,20904,Low
2,0,20903,Healthy
0,0,20900,Low
2,0,20900,Healthy
0,0,20900,Low
2,0,20895,Low
2,0,20895,Low
2,0,20895,Low
0,0,20892,Low
0,-1,20890,Medium
0,0,20880,Low
2,0,20875,Healthy
0,0,20863,Healthy
0,0,20862,Low
0,0,20858,Low
0,0,20853,Low
2,0,20850,Medium
2,0,20850,Low
2,0,20849,Low
2,0,20844,Medium
2,0,20839,Healthy
0,0,20836,Healthy
0,0,20835,Critical
1,1,20835,Healthy
1,1,20835,Healthy
1,1,20835,Healthy
1,1,20835,Healthy
2,0,20829,Low
2,0,20822,Low
2,0,20819,Medium
2,0,20812,Low
1,1,20799,Healthy
0,0,20796,Low
0,0,20796,Low
0,0,20796,Low
2,0,20792,Medium
0,0,20790,Low
0,0,20786,Low
1,1,20782,Low
2,5,20778,Medium
2,0,20768,Low
2,0,20760,Healthy
2,0,20760,Healthy
2,0,20754,Low
1,1,20753,Medium
1,1,20753,Medium
1,1,20753,Medium
1,1,20753,Medium
2,0,20752,Critical
0,0,20744,Low
0,0,20743,Low
2,0,20740,Healthy
2,0,20737,Low
2,0,20737,Healthy
0,0,20725,Low
0,0,20724,Medium
0,0,20722,Low
0,0,20722,Low
0,0,20722,Low
0,0,20721,Healthy
0,0,20719,Low
0,0,20704,Low
0,0,20699,Healthy
0,0,20698,Low
0,0,20692,Low
2,0,20690,Medium
0,0,20690,Low
2,0,20683,Low
2,0,20678,Medium
0,0,20676,Healthy
2,0,20675,Healthy
0,0,20669,Critical
2,0,20666,Low
1,1,20665,Healthy
1,1,20665,Healthy
1,1,20665,Healthy
1,1,20665,Healthy
0,0,20655,Medium
0,0,20655,Low
2,0,20649,Low
0,0,20636,Low
0,0,20636,Low
0,0,20636,Low
1,1,20635,Healthy
2,0,20623,Medium
0,0,20620,Low
1,1,20619,Low
0,0,20617,Low
2,5,20611,Medium
2,0,20599,Low
2,0,20597,Healthy
2,0,20597,Healthy
2,0,20596,Critical
1,1,20592,Medium
1,1,20592,Medium
1,1,20592,Medium
1,1,20592,Medium
2,0,20590,Low
0,0,20586,Low
0,0,20584,Low
2,0,20576,Healthy
2,0,20574,Low
2,0,20574,Healthy
0,0,20568,Low
0,0,20564,Medium
2,0,20559,Low
2,0,20559,Low
2,0,20559,Low
0,0,20558,Healthy
0,0,20553,Low
2,0,20545,Low
0,0,20535,Low
0,0,20533,Healthy
2,0,20527,Medium
2,0,20527,Low
0,0,20520,Low
2,0,20519,Low
2,0,20518,Healthy
2,0,20515,Medium
2,0,20503,Low
0,0,20503,Critical
0,0,20502,Medium
1,1,20499,Healthy
1,1,20499,Healthy
1,1,20499,Healthy
1,1,20499,Healthy
2,0,20498,Low
0,0,20489,Medium
2,0,20486,Low
0,0,20473,Low
0,0,20473,Low
0,0,20473,Low
1,1,20471,Medium
2,0,20466,Medium
0,0,20457,Low
2,0,20456,Low
1,1,20451,Low
2,0,20446,Healthy
2,0,20446,Healthy
2,0,20446,Healthy
2,0,20446,Healthy
2,0,20446,Healthy
2,0,20442,Medium
2,0,20434,Healthy
2,0,20434,Healthy
2,0,20433,Critical
2,0,20433,Low
1,1,20428,Medium
1,1,20428,Medium
1,1,20428,Medium
1,1,20428,Medium
0,0,20426,Low
0,0,20421,Low
0,0,20421,Low
2,0,20413,Healthy
0,0,20411,Low
2,0,20410,Low
2,0,20410,Healthy
0,0,20401,Medium
0,0,20393,Low
0,0,20393,Low
0,0,20393,Low
0,0,20392,Healthy
0,0,20381,Low
0,0,20378,Low
2,0,20371,Low
0,0,20368,Low
0,0,20367,Healthy
2,0,20365,Low
0,0,20360,Low
0,0,20360,Medium
2,0,20355,Healthy
0,0,20351,Medium
2,0,20347,Medium
2,0,20343,Critical
2,0,20336,Low
2,0,20335,Low
1,1,20333,Healthy
1,1,20333,Healthy
1,1,20333,Healthy
1,1,20333,Healthy
2,0,20323,Medium
2,5,20319,Low
0,0,20306,Low
0,0,20306,Low
0,0,20306,Low
1,1,20305,Medium
2,0,20303,Medium
0,0,20296,Low
2,0,20294,Healthy
2,0,20294,Healthy
2,0,20294,Healthy
2,0,20294,Healthy
2,0,20294,Healthy
0,0,20294,Low
1,1,20287,Low
2,0,20279,Medium
0,0,20270,Critical
2,0,20269,Low
2,0,20264,Healthy
2,0,20264,Healthy
0,0,20264,Low
1,1,20260,Medium
1,1,20260,Medium
1,1,20260,Medium
1,1,20260,Medium
0,0,20260,Low
0,0,20258,Low
2,0,20250,Healthy
1,1,20249,Low
1,1,20249,Healthy
0,0,20245,Low
0,0,20237,Low
2,0,20235,Healthy
0,0,20227,Low
0,0,20223,Low
0,0,20223,Low
0,0,20223,Low
2,0,20214,Low
0,0,20214,Low
0,0,20208,Low
0,0,20198,Healthy
2,0,20195,Healthy
2,0,20195,Low
0,0,20191,Medium
0,0,20191,Low
0,0,20191,Medium
2,0,20181,Medium
2,0,20173,Critical
0,0,20173,Low
2,0,20172,Low
1,1,20165,Healthy
1,1,20165,Healthy
1,1,20165,Healthy
1,1,20165,Healthy
2,0,20150,Medium
2,0,20145,Healthy
2,0,20145,Healthy
2,0,20145,Healthy
2,0,20145,Healthy
2,0,20145,Healthy
2,0,20143,Low
0,0,20143,Low
2,0,20143,Low
2,0,20142,Low
1,1,20141,Medium
2,0,20141,Low
2,0,20136,Medium
0,0,20127,Low
1,1,20123,Low
2,0,20115,Medium
2,0,20107,Critical
0,0,20104,Low
1,1,20100,Medium
1,1,20100,Medium
1,1,20100,Medium
1,1,20100,Medium
2,0,20095,Healthy
2,0,20095,Healthy
2,0,20095,Low
0,0,20093,Low
0,0,20090,Low
0,0,20088,Low
2,0,20087,Healthy
1,1,20085,Low
1,1,20085,Healthy
0,-1,20080,Medium
0,0,20080,Low
0,0,20071,Healthy
0,0,20061,Low
2,0,20060,Low
2,0,20060,Low
2,0,20060,Low
0,0,20048,Low
0,0,20048,Low
2,0,20041,Low
0,0,20031,Healthy
2,0,20031,Healthy
0,0,20027,Medium
0,0,20025,Medium
0,0,20025,Low
0,0,20023,Low
2,0,20007,Low
0,0,20007,Critical
2,0,20006,Low
1,1,19999,Healthy
1,1,19999,Healthy
1,1,19999,Healthy
1,1,19999,Healthy
2,0,19984,Healthy
2,0,19984,Healthy
2,0,19984,Healthy
2,0,19984,Healthy
2,0,19984,Healthy
2,0,19981,Low
2,0,19980,Low
0,0,19980,Low
0,0,19980,Low
1,1,19977,Low
1,1,19977,Medium
2,0,19975,Medium
2,0,19973,Medium
0,0,19970,Low
1,1,19961,Low
2,0,19946,Medium
2,0,19943,Critical
2,0,19941,Low
0,0,19931,Low
2,0,19929,Low
2,0,19929,Healthy
2,0,19929,Healthy
1,1,19928,Low
1,1,19928,Low
1,1,19928,Low
1,1,19928,Low
2,0,19928,Low
1,1,19925,Healthy
2,0,19923,Low
1,1,19921,Low
1,1,19921,Healthy
2,0,19921,Low
2,0,19917,Healthy
0,0,19914,Medium
0,0,19904,Low
2,0,19897,Low
2,0,19897,Low
2,0,19897,Low
0,0,19891,Low
0,0,19885,Low
0,0,19873,Medium
2,0,19868,Healthy
2,0,19867,Low
0,0,19862,Medium
0,0,19862,Low
0,0,19859,Medium
0,0,19851,Low
2,0,19849,Low
0,0,19843,Low
0,0,19841,Critical
1,1,19835,Healthy
1,1,19835,Healthy
1,1,19835,Healthy
1,1,19835,Healthy
2,0,19821,Low
0,0,19820,Critical
0,0,19820,Low
0,0,19820,Low
2,0,19818,Healthy
2,0,19818,Healthy
2,0,19818,Healthy
2,0,19818,Healthy
2,0,19818,Healthy
1,1,19814,Medium
2,0,19813,Medium
1,1,19812,Low
2,0,19808,Medium
0,0,19804,Low
1,1,19797,Low
0,0,19790,Low
2,0,19785,Low
2,0,19780,Critical
2,0,19777,Medium
0,0,19774,Low
2,0,19765,Low
1,1,19761,Healthy
2,0,19760,Healthy
1,1,19760,Low
1,1,19760,Low
1,1,19760,Low
1,1,19760,Low
2,0,19760,Low
2,0,19759,Healthy
2,0,19759,Healthy
0,0,19757,Low
1,1,19755,Low
1,1,19755,Healthy
0,0,19754,Medium
0,0,19747,Low
0,0,19728,Low
0,0,19727,Low
0,0,19727,Low
0,0,19727,Low
2,0,19724,Low
2,0,19707,Medium
2,0,19705,Healthy
0,0,19702,Low
0,0,19699,Medium
0,0,19698,Low
0,0,19698,Medium
2,0,19683,Low
0,0,19681,Low
2,0,19681,Critical
1,1,19678,Healthy
1,1,19678,Healthy
1,1,19678,Healthy
1,1,19678,Healthy
0,0,19676,Low
0,0,19654,Medium
0,0,19653,Critical
0,0,19653,Low
0,0,19653,Low
2,0,19653,Medium
0,0,19652,Low
0,0,19649,Healthy
0,0,19649,Healthy
0,0,19649,Healthy
0,0,19649,Healthy
0,0,19649,Healthy
1,1,19648,Low
1,1,19648,Medium
0,0,19644,Low
0,0,19630,Low
1,1,19629,Low
0,0,19624,Low
1,1,19618,Critical
0,0,19617,Low
0,0,19611,Low
2,0,19610,Medium
2,0,19603,Healthy
1,1,19597,Healthy
1,1,19596,Low
1,1,19596,Low
1,1,19596,Low
1,1,19596,Low
0,0,19594,Low
0,0,19591,Low
0,0,19591,Medium
2,0,19590,Healthy
2,0,19590,Healthy
1,1,19585,Low
1,1,19585,Healthy
0,0,19581,Low
0,0,19574,Low
0,0,19567,Low
0,0,19567,Low
0,0,19567,Low
0,0,19564,Low
0,0,19556,Medium
2,0,19539,Low
2,5,19538,Healthy
0,0,19535,Medium
0,0,19535,Low
0,0,19525,Medium
2,0,19520,Low
2,0,19515,Low
1,1,19512,Healthy
1,1,19512,Healthy
1,1,19512,Healthy
1,1,19512,Healthy
0,0,19509,Critical
0,0,19504,Low
2,0,19497,Medium
2,0,19496,Medium
0,0,19490,Low
0,0,19490,Low
0,0,19490,Critical
0,0,19488,Low
0,0,19484,Healthy
0,0,19484,Healthy
0,0,19484,Healthy
0,0,19484,Healthy
0,0,19484,Healthy
1,1,19482,Low
1,1,19482,Medium
0,0,19478,Low
1,1,19470,Low
0,0,19470,Low
2,0,19467,Low
0,0,19460,Low
1,1,19454,Critical
0,0,19445,Low
2,0,19441,Medium
1,1,19441,Low
1,1,19441,Healthy
0,0,19440,Low
0,0,19440,Healthy
1,1,19431,Healthy
1,1,19430,Low
1,1,19430,Low
1,1,19430,Low
1,1,19430,Low
0,0,19428,Medium
2,0,19427,Healthy
2,0,19427,Healthy
0,0,19424,Low
2,0,19421,Low
2,0,19411,Low
0,0,19408,Medium
2,5,19403,Low
0,0,19401,Low
0,0,19401,Low
0,0,19401,Low
0,0,19372,Medium
0,0,19372,Critical
2,0,19371,Low
0,0,19371,Medium
2,0,19361,Healthy
0,0,19356,Critical
0,0,19353,Low
1,1,19352,Healthy
1,1,19352,Healthy
1,1,19352,Healthy
1,1,19352,Healthy
2,0,19343,Low
0,0,19343,Low
2,0,19331,Medium
2,0,19330,Medium
0,0,19321,Critical
0,0,19321,Critical
0,0,19321,Critical
2,0,19319,Low
1,1,19318,Low
0,0,19318,Healthy
0,0,19318,Healthy
0,0,19318,Healthy
0,0,19318,Healthy
0,0,19318,Healthy
0,0,19314,Low
1,1,19310,Medium
0,0,19307,Low
0,0,19303,Critical
0,0,19303,Low
1,1,19298,Low
1,1,19291,Critical
0,0,19285,Low
1,1,19279,Low
1,1,19279,Healthy
2,0,19274,Healthy
0,0,19274,Low
2,0,19272,Medium
0,0,19271,Medium
0,0,19267,Low
1,1,19264,Low
1,1,19264,Low
1,1,19264,Low
1,1,19264,Low
1,1,19261,Healthy
2,0,19260,Healthy
2,0,19260,Healthy
2,0,19258,Low
0,0,19251,Medium
2,0,19245,Low
0,0,19241,Low
0,0,19241,Low
0,0,19241,Low
2,5,19238,Low
0,0,19217,Medium
0,0,19209,Medium
0,0,19209,Critical
2,0,19206,Low
2,5,19197,Low
1,1,19196,Healthy
0,0,19189,Critical
1,1,19184,Healthy
1,1,19184,Healthy
1,1,19184,Healthy
1,1,19184,Healthy
0,0,19183,Low
2,0,19179,Low
2,0,19176,Medium
2,0,19168,Medium
0,0,19155,Critical
0,0,19155,Critical
0,0,19155,Critical
1,1,19152,Low
0,0,19151,Low
1,1,19148,Medium
2,0,19147,Low
0,0,19146,Healthy
0,0,19146,Healthy
0,0,19146,Healthy
0,0,19146,Healthy
0,0,19146,Healthy
0,0,19144,Low
0,0,19143,Low
0,0,19140,Critical
1,1,19130,Low
1,1,19125,Critical
2,0,19125,Low
1,1,19122,Low
1,1,19122,Healthy
1,1,19117,Healthy
2,0,19114,Medium
0,0,19111,Low
0,0,19110,Low
2,0,19108,Medium
2,0,19108,Healthy
1,1,19101,Low
1,1,19101,Low
1,1,19101,Low
1,1,19101,Low
2,0,19097,Medium
2,0,19095,Low
2,0,19094,Healthy
2,0,19094,Healthy
0,0,19084,Low
0,0,19080,Low
0,0,19080,Low
0,0,19080,Low
2,5,19076,Low
2,0,19051,Medium
0,0,19046,Medium
0,0,19046,Critical
2,0,19039,Low
1,1,19030,Healthy
2,5,19030,Low
2,0,19028,Low
1,1,19025,Healthy
1,1,19025,Healthy
1,1,19025,Healthy
1,1,19025,Healthy
0,0,19023,Critical
2,0,19010,Medium
2,0,19002,Medium
0,0,19001,Low
0,0,18991,Low
0,0,18989,Healthy
0,0,18989,Healthy
0,0,18989,Healthy
0,0,18989,Healthy
0,0,18989,Healthy
1,1,18986,Low
2,0,18984,Low
0,0,18982,Critical
1,1,18982,Medium
0,0,18982,Critical
0,0,18982,Critical
0,0,18978,Low
0,0,18977,Low
0,0,18974,Critical
1,1,18968,Low
1,1,18968,Healthy
1,1,18966,Low
2,0,18959,Low
1,1,18956,Healthy
1,1,18954,Critical
0,0,18953,Low
2,0,18948,Healthy
0,0,18947,Low
0,0,18947,Medium
2,0,18942,Medium
2,0,18940,Medium
2,0,18931,Healthy
2,0,18931,Healthy
1,1,18931,Low
1,1,18931,Low
1,1,18931,Low
1,1,18931,Low
0,0,18926,Low
0,0,18924,Low
0,0,18923,Low
0,0,18923,Low
0,0,18923,Low
2,5,18909,Low
0,0,18900,Medium
0,0,18879,Medium
0,0,18879,Critical
2,0,18873,Low
2,5,18871,Low
2,0,18868,Low
1,1,18867,Healthy
1,1,18857,Healthy
1,1,18857,Healthy
1,1,18857,Healthy
1,1,18857,Healthy
0,0,18857,Critical
2,0,18853,Low
2,0,18839,Medium
0,0,18835,Low
0,0,18828,Low
0,0,18825,Critical
1,1,18825,Healthy
0,0,18825,Critical
0,0,18825,Critical
1,1,18820,Low
0,0,18817,Healthy
0,0,18817,Healthy
0,0,18817,Healthy
0,0,18817,Healthy
0,0,18817,Healthy
1,1,18814,Medium
0,0,18814,Critical
2,0,18814,Low
0,0,18811,Low
1,1,18811,Critical
1,1,18811,Low
1,1,18811,Medium
0,0,18810,Low
0,0,18802,Low
1,1,18800,Low
1,1,18798,Healthy
0,0,18796,Low
2,0,18788,Healthy
2,0,18786,Medium
0,0,18784,Medium
0,0,18781,Low
2,0,18776,Medium
2,0,18767,Healthy
2,0,18767,Healthy
1,1,18767,Low
1,1,18767,Low
1,1,18767,Low
1,1,18767,Low
2,0,18762,Low
2,-1,18760,Low
0,0,18752,Medium
0,0,18751,Low
0,0,18751,Low
0,0,18751,Low
2,5,18750,Low
0,0,18710,Medium
0,0,18710,Critical
2,0,18710,Low
2,5,18709,Low
2,0,18708,Low
1,1,18701,Healthy
0,0,18697,Critical
0,0,18696,Low
1,1,18689,Healthy
1,1,18689,Healthy
1,1,18689,Healthy
1,1,18689,Healthy
2,0,18675,Medium
0,0,18668,Low
0,0,18665,Low
0,0,18660,Critical
0,0,18656,Critical
0,0,18656,Critical
0,0,18656,Critical
1,1,18653,Healthy
1,1,18652,Low
2,0,18651,Low
2,0,18651,Low
0,0,18650,Low
0,0,18648,Healthy
0,0,18648,Healthy
0,0,18648,Healthy
0,0,18648,Healthy
0,0,18648,Healthy
1,1,18648,Medium
1,1,18645,Medium
0,0,18645,Low
0,0,18639,Low
1,1,18634,Low
1,1,18630,Medium
1,1,18630,Critical
1,1,18630,Low
0,0,18630,Medium
2,0,18628,Medium
0,0,18627,Low
2,0,18624,Healthy
2,0,18612,Medium
0,6,18603,Low
1,1,18603,Low
1,1,18603,Low
1,1,18603,Low
1,1,18603,Low
2,0,18598,Healthy
2,0,18598,Healthy
0,0,18596,Low
0,0,18595,Medium
2,5,18586,Low
0,0,18584,Low
0,0,18584,Low
0,0,18584,Low
2,5,18550,Low
2,0,18547,Medium
2,0,18547,Low
2,0,18547,Critical
0,0,18538,Low
1,1,18537,Healthy
2,0,18536,Low
0,0,18527,Critical
1,1,18525,Healthy
1,1,18525,Healthy
1,1,18525,Healthy
1,1,18525,Healthy
2,0,18518,Medium
2,0,18506,Critical
0,0,18505,Low
0,0,18502,Low
2,0,18493,Low
0,0,18493,Critical
0,0,18493,Critical
0,0,18493,Critical
2,0,18488,Healthy
0,0,18488,Low
1,1,18487,Medium
1,1,18487,Healthy
2,0,18485,Low
2,0,18482,Low
1,1,18480,Low
1,1,18480,Medium
0,0,18479,Healthy
0,0,18479,Healthy
0,0,18479,Healthy
0,0,18479,Healthy
0,0,18479,Healthy
0,0,18479,Low
1,1,18470,Low
0,0,18467,Healthy
0,0,18464,Medium
0,0,18464,Low
0,0,18462,Medium
1,1,18454,Low
1,1,18454,Medium
1,1,18454,Critical
2,0,18449,Medium
2,0,18441,Medium
0,0,18440,Low
1,1,18435,Low
1,1,18435,Low
1,1,18435,Low
1,1,18435,Low
2,0,18432,Healthy
2,0,18432,Healthy
0,0,18427,Low
2,5,18425,Low
2,0,18421,Low
2,0,18421,Low
2,0,18421,Low
2,5,18389,Low
0,0,18384,Medium
0,0,18384,Critical
2,0,18377,Low
0,0,18375,Low
1,1,18371,Healthy
1,1,18361,Healthy
1,1,18361,Healthy
1,1,18361,Healthy
1,1,18361,Healthy
2,0,18360,Low
2,0,18358,Medium
0,0,18358,Critical
2,0,18352,Critical
0,0,18342,Low
0,0,18336,Low
0,0,18333,Low
2,0,18331,Low
0,0,18330,Critical
0,0,18330,Critical
0,0,18330,Critical
2,0,18328,Healthy
2,0,18325,Low
1,1,18321,Healthy
0,0,18316,Low
1,1,18314,Low
1,1,18314,Medium
0,0,18312,Low
0,0,18310,Low
1,1,18306,Medium
0,0,18304,Healthy
0,0,18304,Healthy
0,0,18304,Healthy
0,0,18304,Healthy
0,0,18304,Healthy
2,0,18304,Healthy
1,1,18303,Low
1,1,18303,Medium
1,1,18303,Critical
0,0,18301,Medium
1,1,18300,Low
0,0,18299,Medium
2,0,18284,Medium
2,0,18280,Medium
0,0,18274,Low
2,0,18268,Healthy
2,0,18268,Healthy
1,1,18267,Low
1,1,18267,Low
1,1,18267,Low
1,1,18267,Low
2,0,18261,Low
0,0,18255,Low
0,0,18255,Low
0,0,18255,Low
0,5,18252,Low
2,5,18230,Low
0,0,18217,Critical
0,0,18217,Medium
2,0,18214,Low
2,0,18206,Low
1,1,18205,Healthy
2,0,18202,Low
0,0,18201,Medium
0,0,18201,Critical
1,1,18197,Healthy
1,1,18197,Healthy
1,1,18197,Healthy
1,1,18197,Healthy
0,0,18189,Critical
0,0,18188,Low
0,0,18171,Healthy
0,0,18170,Low
2,0,18170,Low
0,0,18167,Low
2,0,18162,Low
0,0,18160,Critical
0,0,18160,Critical
0,0,18160,Critical
1,1,18157,Healthy
1,1,18150,Medium
0,0,18149,Low
1,1,18148,Low
0,0,18147,Low
0,0,18146,Low
0,0,18141,Healthy
0,0,18141,Healthy
0,0,18141,Healthy
0,0,18141,Healthy
0,0,18141,Healthy
1,1,18139,Low
1,1,18139,Medium
1,1,18139,Critical
0,0,18138,Medium
1,1,18136,Low
2,0,18135,Healthy
0,0,18132,Medium
2,0,18130,Medium
1,1,18130,Medium
2,0,18113,Medium
0,6,18107,Low
2,0,18102,Healthy
2,0,18102,Healthy
1,1,18098,Low
1,1,18098,Low
1,1,18098,Low
1,1,18098,Low
0,0,18094,Low
2,0,18090,Low
0,0,18085,Low
0,0,18085,Low
0,0,18085,Low
2,5,18064,Low
0,0,18051,Medium
0,0,18051,Critical
2,0,18051,Low
0,0,18046,Critical
2,0,18045,Low
1,1,18039,Healthy
2,0,18038,Medium
0,0,18033,Low
1,1,18033,Healthy
1,1,18033,Healthy
1,1,18033,Healthy
1,1,18033,Healthy
0,0,18026,Critical
0,0,18021,Low
0,0,18010,Low
0,0,18005,Healthy
0,0,18003,Low
0,0,18003,Low
0,0,18003,Critical
0,0,18003,Critical
0,0,18003,Critical
2,0,17998,Low
2,0,17989,Low
0,0,17987,Low
1,1,17985,Healthy
1,1,17985,Low
2,0,17982,Low
1,1,17982,Medium
1,1,17979,Medium
1,1,17973,Critical
1,1,17973,Low
1,1,17973,Low
1,1,17973,Medium
0,0,17972,Healthy
0,0,17972,Healthy
0,0,17972,Healthy
0,0,17972,Healthy
0,0,17972,Healthy
0,0,17972,Healthy
0,0,17971,Medium
0,0,17969,Medium
2,0,17967,Medium
2,0,17950,Medium
2,0,17948,Low
0,0,17934,Low
2,0,17934,Low
2,0,17934,Low
2,0,17934,Low
2,0,17934,Low
2,0,17933,Healthy
2,0,17933,Healthy
2,0,17929,Low
2,0,17919,Low
2,0,17919,Low
2,0,17919,Low
2,5,17905,Low
0,0,17891,Medium
0,0,17891,Critical
2,0,17890,Low
2,0,17888,Low
0,0,17883,Critical
1,1,17873,Healthy
1,1,17872,Healthy
1,1,17872,Healthy
1,1,17872,Healthy
1,1,17872,Healthy
2,0,17870,Low
0,0,17869,Medium
0,0,17860,Critical
0,0,17855,Low
0,0,17844,Low
0,0,17840,Critical
0,0,17840,Critical
0,0,17840,Critical
0,0,17840,Low
0,0,17838,Healthy
2,0,17837,Low
0,0,17837,Low
2,0,17829,Low
0,0,17823,Low
1,1,17821,Healthy
0,0,17818,Critical
0,0,17817,Medium
1,1,17815,Medium
1,1,17812,Low
2,0,17809,Medium
2,0,17809,Healthy
1,1,17807,Low
1,1,17807,Medium
1,1,17807,Medium
1,1,17807,Critical
0,0,17806,Medium
0,0,17806,Healthy
0,0,17806,Healthy
0,0,17806,Healthy
0,0,17806,Healthy
0,0,17806,Healthy
1,1,17805,Low
2,0,17791,Low
2,0,17784,Medium
2,0,17769,Healthy
2,0,17769,Healthy
0,0,17768,Low
2,0,17767,Low
2,0,17762,Low
2,0,17762,Low
2,0,17762,Low
2,0,17762,Low
0,0,17756,Low
0,0,17756,Low
0,0,17756,Low
2,5,17748,Low
2,0,17727,Low
0,0,17725,Medium
2,0,17725,Low
0,0,17725,Critical
0,0,17722,Critical
1,1,17708,Healthy
1,1,17708,Healthy
1,1,17708,Healthy
1,1,17708,Healthy
0,0,17703,Critical
2,0,17702,Medium
1,1,17701,Healthy
2,0,17701,Low
0,0,17692,Critical
0,0,17681,Low
0,0,17677,Low
2,0,17677,Low
2,0,17672,Healthy
0,0,17671,Low
0,0,17671,Critical
0,0,17671,Critical
0,0,17671,Critical
2,0,17669,Low
0,0,17660,Low
0,0,17658,Critical
0,0,17654,Medium
1,1,17653,Healthy
1,1,17649,Medium
1,1,17649,Low
2,0,17647,Healthy
2,0,17647,Healthy
2,0,17647,Healthy
2,0,17647,Healthy
2,0,17647,Healthy
1,1,17643,Medium
1,1,17643,Critical
1,1,17643,Low
2,5,17643,Medium
0,0,17642,Medium
2,0,17642,Healthy
0,0,17637,Medium
1,1,17637,Low
0,0,17628,Low
2,0,17615,Medium
2,0,17609,Healthy
2,0,17609,Healthy
2,0,17608,Low
0,0,17605,Low
1,1,17600,Low
1,1,17600,Low
1,1,17600,Low
1,1,17600,Low
2,0,17589,Low
2,0,17589,Low
2,0,17589,Low
2,0,17581,Low
0,0,17559,Medium
0,0,17559,Critical
0,0,17559,Low
0,0,17556,Critical
2,0,17555,Low
0,0,17549,Critical
2,0,17542,Medium
1,1,17540,Healthy
1,1,17540,Healthy
1,1,17540,Healthy
1,1,17540,Healthy
2,0,17538,Low
1,1,17533,Healthy
0,0,17528,Critical
0,0,17521,Low
2,0,17520,Low
0,0,17511,Critical
0,0,17511,Critical
0,0,17511,Critical
2,0,17508,Low
0,0,17506,Healthy
0,0,17503,Low
0,0,17503,Low
0,0,17501,Low
0,0,17500,Medium
2,0,17498,Critical
1,1,17489,Healthy
0,0,17485,Healthy
1,1,17483,Medium
2,5,17482,Medium
1,1,17481,Critical
0,0,17481,Healthy
0,0,17481,Healthy
0,0,17481,Healthy
0,0,17481,Healthy
0,0,17481,Healthy
1,1,17481,Low
1,1,17481,Medium
1,1,17481,Low
2,0,17479,Medium
0,0,17470,Medium
1,1,17468,Low
2,0,17465,Low
0,0,17462,Low
2,0,17451,Medium
2,0,17443,Healthy
2,0,17443,Healthy
2,0,17437,Low
2,0,17437,Low
2,0,17437,Low
2,0,17437,Low
0,0,17435,Low
2,0,17423,Low
2,0,17423,Low
2,0,17423,Low
2,0,17418,Low
2,0,17391,Low
0,0,17390,Critical
0,0,17389,Medium
0,0,17389,Critical
0,0,17389,Low
0,0,17386,Critical
2,0,17382,Medium
0,0,17374,Low
1,1,17372,Healthy
1,1,17372,Healthy
1,1,17372,Healthy
1,1,17372,Healthy
2,0,17370,Critical
1,1,17367,Healthy
0,0,17364,Low
0,0,17360,Low
0,0,17354,Critical
0,0,17354,Critical
0,0,17354,Critical
0,0,17344,Critical
2,0,17342,Healthy
0,0,17341,Low
0,0,17337,Medium
2,0,17336,Low
0,0,17335,Low
0,0,17334,Low
1,1,17325,Healthy
2,0,17322,Healthy
2,0,17322,Medium
1,1,17319,Medium
1,1,17318,Low
1,1,17318,Medium
1,1,17318,Critical
1,1,17317,Low
2,0,17315,Healthy
2,0,17315,Healthy
2,0,17315,Healthy
0,0,17315,Healthy
2,0,17315,Healthy
0,0,17313,Medium
2,0,17306,Low
2,0,17305,Low
2,0,17304,Low
2,0,17296,Medium
2,0,17291,Low
2,0,17279,Healthy
2,0,17279,Healthy
2,0,17276,Low
2,0,17276,Low
2,0,17276,Low
2,0,17276,Low
0,0,17275,Low
0,0,17269,Low
0,0,17269,Low
0,0,17269,Low
2,0,17249,Low
0,0,17232,Medium
0,0,17232,Critical
0,0,17232,Low
0,0,17227,Critical
2,0,17222,Low
0,0,17216,Critical
1,1,17214,Healthy
1,1,17214,Healthy
1,1,17214,Healthy
1,1,17214,Healthy
0,0,17213,Medium
2,0,17211,Low
0,0,17204,Critical
1,1,17201,Healthy
0,0,17198,Low
0,0,17197,Low
0,0,17184,Critical
0,0,17184,Critical
0,0,17184,Critical
0,0,17179,Healthy
0,0,17177,Medium
0,0,17175,Low
0,0,17175,Low
0,0,17175,Critical
0,0,17170,Low
0,0,17165,Low
1,1,17164,Healthy
1,1,17158,Medium
2,0,17155,Medium
2,0,17154,Low
1,1,17154,Critical
1,1,17154,Low
1,1,17154,Medium
0,0,17153,Healthy
1,1,17153,Low
0,0,17150,Medium
0,0,17146,Healthy
0,0,17146,Healthy
0,0,17146,Healthy
0,0,17146,Healthy
0,0,17146,Healthy
0,0,17135,Low
2,0,17132,Medium
2,0,17131,Low
2,0,17125,Low
2,0,17113,Low
2,0,17113,Low
2,0,17113,Low
2,0,17113,Low
0,0,17112,Low
2,0,17110,Healthy
2,0,17110,Healthy
2,0,17106,Low
2,0,17106,Low
2,0,17106,Low
2,0,17092,Low
0,0,17064,Critical
0,0,17063,Medium
0,0,17063,Low
0,0,17063,Critical
2,0,17062,Low
0,0,17056,Critical
2,0,17050,Medium
2,0,17048,Low
1,1,17046,Healthy
1,1,17046,Healthy
1,1,17046,Healthy
1,1,17046,Healthy
0,0,17041,Critical
1,1,17033,Healthy
0,0,17031,Low
0,0,17030,Low
0,0,17018,Critical
0,0,17018,Critical
0,0,17018,Critical
2,0,17015,Low
0,0,17014,Low
0,0,17013,Healthy
0,0,17012,Low
0,0,17008,Critical
0,0,17004,Low
0,0,17001,Low
1,1,17000,Healthy
1,1,16994,Medium
2,0,16993,Healthy
1,1,16991,Low
2,0,16989,Low
0,0,16987,Medium
0,0,16986,Healthy
0,0,16986,Healthy
0,0,16986,Healthy
0,0,16986,Healthy
0,0,16986,Healthy
1,1,16986,Critical
2,0,16986,Medium
1,1,16986,Low
1,1,16986,Medium
2,0,16982,Low
2,0,16972,Medium
1,1,16970,Low
2,0,16961,Low
2,0,16959,Low
2,0,16959,Low
2,0,16959,Low
2,0,16959,Low
0,0,16952,Low
2,0,16942,Low
2,0,16942,Low
2,0,16942,Low
2,0,16941,Healthy
2,0,16941,Healthy
2,0,16937,Low
0,0,16900,Medium
0,0,16900,Critical
0,0,16900,Low
2,0,16899,Low
0,0,16897,Critical
0,0,16890,Critical
1,1,16887,Healthy
1,1,16887,Healthy
1,1,16887,Healthy
1,1,16887,Healthy
2,0,16887,Medium
2,0,16885,Low
0,0,16881,Critical
0,0,16874,Low
1,1,16870,Healthy
0,0,16864,Low
2,0,16857,Critical
2,0,16857,Critical
2,0,16857,Critical
0,0,16851,Low
0,0,16848,Critical
2,0,16847,Healthy
0,0,16844,Low
0,0,16844,Low
0,0,16838,Low
2,0,16833,Medium
1,1,16832,Healthy
1,1,16830,Medium
2,0,16828,Low
2,0,16828,Low
1,1,16827,Low
1,1,16826,Critical
1,1,16826,Low
1,1,16826,Medium
0,0,16823,Healthy
0,0,16823,Healthy
0,0,16823,Healthy
0,0,16823,Healthy
0,0,16823,Healthy
2,0,16821,Low
2,0,16820,Medium
0,0,16817,Medium
2,0,16812,Medium
2,0,16806,Low
2,0,16793,Low
2,0,16793,Low
2,0,16793,Low
2,0,16793,Low
0,0,16792,Low
2,0,16792,Low
2,0,16777,Low
0,0,16776,Low
0,0,16776,Low
0,0,16776,Low
2,0,16774,Healthy
2,0,16774,Healthy
2,0,16740,Medium
0,0,16740,Low
0,0,16740,Critical
0,0,16731,Critical
0,0,16730,Critical
2,0,16730,Medium
2,0,16729,Low
0,0,16727,Critical
1,1,16719,Healthy
1,1,16719,Healthy
1,1,16719,Healthy
1,1,16719,Healthy
2,0,16716,Low
0,0,16714,Low
2,0,16704,Low
1,1,16699,Medium
0,0,16693,Low
2,0,16691,Critical
2,0,16691,Critical
2,0,16691,Critical
0,0,16688,Critical
2,0,16686,Low
2,0,16686,Low
0,0,16679,Medium
0,0,16678,Low
2,0,16674,Healthy
1,1,16672,Healthy
2,0,16670,Low
2,0,16664,Low
0,0,16664,Low
1,1,16662,Critical
1,1,16662,Low
1,1,16662,Medium
1,1,16662,Medium
1,1,16659,Low
0,0,16657,Healthy
0,0,16657,Healthy
0,0,16657,Healthy
0,0,16657,Healthy
0,0,16657,Healthy
2,0,16655,Medium
2,0,16652,Medium
0,0,16651,Medium
2,0,16646,Low
2,0,16626,Low
2,0,16626,Low
2,0,16626,Low
2,0,16626,Low
0,0,16626,Low
2,0,16623,Low
0,0,16616,Low
0,0,16616,Low
0,0,16616,Low
2,0,16614,Healthy
2,0,16614,Healthy
2,0,16611,Low
2,0,16577,Medium
0,0,16577,Critical
2,0,16577,Low
2,0,16572,Low
0,0,16567,Critical
0,0,16564,Critical
0,0,16562,Critical
2,0,16560,Medium
2,0,16555,Low
0,0,16553,Healthy
0,0,16553,Healthy
0,0,16553,Healthy
0,0,16553,Healthy
0,0,16551,Low
1,1,16538,Medium
2,0,16535,Critical
2,0,16528,Critical
2,0,16528,Critical
2,0,16528,Critical
0,0,16525,Critical
0,0,16524,Low
0,0,16520,Low
0,0,16520,Low
0,0,16515,Low
2,0,16510,Low
0,0,16509,Medium
2,0,16505,Low
1,1,16502,Medium
0,0,16501,Healthy
0,0,16501,Healthy
0,0,16501,Healthy
0,0,16501,Healthy
0,0,16501,Healthy
1,1,16500,Healthy
1,1,16500,Low
2,0,16499,Healthy
0,0,16498,Low
2,0,16498,Medium
1,1,16497,Low
1,1,16497,Medium
1,1,16497,Critical
2,0,16489,Medium
2,0,16483,Low
2,0,16476,Medium
2,0,16469,Low
2,0,16469,Low
2,0,16469,Low
2,0,16469,Low
0,0,16466,Low
2,0,16456,Low
2,0,16454,Healthy
2,0,16454,Healthy
0,0,16452,Low
0,0,16452,Low
0,0,16452,Low
2,0,16447,Low
0,0,16413,Critical
0,0,16413,Medium
0,0,16413,Low
0,0,16407,Critical
0,0,16403,Critical
2,0,16401,Healthy
0,0,16399,Critical
2,0,16396,Low
2,0,16394,Low
0,0,16389,Low
0,0,16386,Medium
0,0,16386,Medium
0,0,16386,Medium
0,0,16386,Medium
0,0,16385,Low
1,1,16378,Medium
0,0,16369,Critical
0,0,16368,Critical
2,0,16362,Critical
2,0,16362,Critical
2,0,16362,Critical
0,0,16360,Low
0,0,16360,Low
0,0,16355,Low
0,0,16355,Low
0,0,16346,Low
1,1,16341,Medium
1,1,16339,Medium
2,0,16338,Medium
2,0,16336,Low
0,0,16335,Healthy
0,0,16335,Healthy
0,0,16335,Healthy
0,0,16335,Healthy
0,0,16335,Healthy
1,1,16335,Low
1,1,16335,Medium
1,1,16335,Critical
2,0,16332,Healthy
1,1,16332,Healthy
2,0,16329,Medium
0,0,16329,Low
2,0,16329,Low
1,1,16328,Low
2,0,16312,Medium
0,0,16306,Low
0,0,16306,Low
0,0,16306,Low
0,0,16306,Low
0,0,16296,Low
2,0,16296,Low
0,0,16290,Healthy
0,0,16290,Healthy
0,0,16290,Low
0,0,16290,Low
0,0,16290,Low
2,0,16284,Low
0,0,16250,Critical
0,0,16250,Low
0,0,16250,Medium
2,0,16249,Healthy
0,0,16247,Critical
0,0,16242,Critical
0,0,16240,Critical
3,7,16238,Low
0,0,16225,Low
2,0,16225,Low
2,0,16223,Low
1,1,16219,Medium
0,0,16214,Critical
0,0,16214,Medium
0,0,16214,Medium
0,0,16214,Medium
0,0,16214,Medium
0,0,16202,Critical
0,0,16195,Critical
0,0,16195,Critical
0,0,16195,Critical
0,0,16195,Low
0,0,16194,Low
0,0,16194,Low
0,0,16192,Low
0,0,16186,Low
0,0,16178,Healthy
0,0,16178,Healthy
0,0,16178,Healthy
0,0,16178,Healthy
0,0,16178,Healthy
2,0,16178,Healthy
2,0,16176,Low
1,1,16175,Low
1,1,16175,Medium
1,1,16175,Critical
1,1,16173,Medium
2,0,16169,Medium
1,1,16169,Medium
1,1,16168,Healthy
0,0,16163,Low
2,0,16162,Low
0,0,16162,Medium
1,1,16160,Low
2,0,16152,Medium
0,0,16139,Low
2,0,16136,Low
0,0,16133,Low
0,0,16133,Low
0,0,16133,Low
0,0,16133,Low
2,0,16129,Low
2,0,16129,Low
2,0,16129,Low
0,0,16124,Healthy
0,0,16124,Healthy
2,0,16121,Low
2,0,16100,Healthy
0,0,16084,Medium
0,0,16084,Critical
0,0,16084,Low
0,0,16080,Critical
0,0,16078,Critical
0,0,16074,Critical
3,8,16069,Low
2,0,16068,Low
0,0,16057,Low
0,0,16055,Low
1,1,16053,Medium
0,0,16051,Medium
0,0,16051,Medium
0,0,16051,Medium
0,0,16051,Medium
2,0,16051,Critical
2,0,16042,Critical
0,0,16030,Low
0,0,16030,Low
0,0,16028,Low
0,0,16024,Low
0,0,16023,Critical
0,0,16023,Critical
0,0,16023,Critical
2,0,16021,Healthy
1,1,16016,Low
1,1,16016,Medium
1,1,16016,Critical
2,0,16015,Low
0,0,16012,Low
1,1,16011,Medium
0,0,16007,Healthy
0,0,16007,Healthy
0,0,16007,Healthy
0,0,16007,Healthy
0,0,16007,Healthy
2,0,16006,Medium
1,1,16003,Medium
1,1,16002,Healthy
2,0,16001,Medium
2,0,15996,Low
1,1,15996,Low
0,0,15993,Low
2,0,15992,Medium
0,0,15976,Low
0,0,15972,Low
2,0,15964,Low
2,0,15964,Low
2,0,15964,Low
2,0,15964,Low
2,0,15963,Low
2,0,15963,Low
2,0,15963,Low
0,0,15958,Medium
0,0,15958,Medium
2,0,15958,Low
2,0,15939,Healthy
0,0,15924,Medium
0,0,15924,Critical
0,0,15924,Low
0,0,15923,Critical
0,0,15920,Critical
2,9,15907,Low
0,0,15906,Critical
0,0,15901,Low
2,0,15891,Medium
2,0,15891,Medium
2,0,15891,Medium
2,0,15891,Medium
0,0,15887,Low
1,1,15887,Medium
0,0,15886,Low
2,0,15885,Critical
0,0,15871,Critical
0,0,15868,Low
0,0,15867,Low
0,0,15867,Low
0,0,15864,Low
1,1,15858,Medium
1,1,15858,Critical
2,-1,15858,Healthy
1,1,15858,Low
2,0,15858,Low
0,0,15857,Critical
0,0,15857,Critical
0,0,15857,Critical
2,0,15855,Healthy
2,0,15855,Low
1,1,15851,Medium
2,-1,15840,Medium
2,-1,15840,Healthy
2,0,15839,Low
1,1,15837,Medium
1,1,15836,Healthy
2,0,15835,Healthy
2,0,15835,Healthy
2,0,15835,Healthy
0,0,15835,Healthy
2,0,15835,Healthy
2,0,15833,Medium
2,0,15832,Medium
1,1,15830,Low
0,0,15830,Low
0,0,15813,Low
0,0,15806,Low
0,0,15804,Low
0,0,15804,Low
0,0,15804,Low
2,0,15804,Low
2,0,15797,Low
2,0,15797,Low
2,0,15797,Low
2,0,15797,Low
0,0,15789,Medium
0,0,15789,Medium
2,0,15773,Healthy
2,0,15761,Medium
2,0,15761,Low
0,0,15761,Critical
0,0,15760,Critical
0,0,15754,Critical
0,0,15743,Critical
1,1,15741,Low
2,0,15738,Low
0,0,15725,Critical
0,0,15721,Medium
0,0,15721,Medium
0,0,15721,Medium
0,0,15721,Medium
0,0,15720,Low
1,1,15719,Medium
2,0,15715,Low
2,0,15713,Critical
0,0,15705,Low
2,0,15704,Low
0,0,15701,Low
0,0,15701,Low
2,0,15697,Low
1,1,15692,Medium
2,0,15692,Healthy
2,0,15691,Medium
2,0,15691,Critical
2,0,15691,Low
0,0,15690,Critical
0,0,15690,Critical
0,0,15690,Critical
2,5,15689,Healthy
2,0,15682,Low
0,0,15675,Low
1,1,15673,Healthy
1,1,15673,Medium
2,5,15671,Medium
2,5,15671,Healthy
2,0,15670,Medium
2,0,15670,Medium
2,0,15666,Healthy
2,0,15666,Healthy
2,0,15666,Healthy
2,0,15666,Healthy
2,0,15666,Healthy
1,1,15664,Low
0,0,15660,Critical
0,0,15650,Low
2,0,15642,Low
2,0,15642,Low
2,0,15642,Low
0,0,15640,Low
2,0,15634,Low
2,0,15634,Low
2,0,15634,Low
2,0,15634,Low
2,0,15631,Low
0,0,15622,Medium
0,0,15622,Medium
0,0,15604,Healthy
0,0,15600,Critical
0,0,15589,Medium
0,0,15589,Critical
0,0,15589,Low
0,0,15588,Critical
1,1,15577,Low
2,0,15569,Low
0,0,15564,Critical
0,0,15560,Low
2,0,15557,Low
1,1,15555,Medium
0,0,15550,Medium
0,0,15550,Medium
0,0,15550,Medium
0,0,15550,Medium
0,0,15547,Critical
0,0,15545,Low
0,0,15544,Low
0,0,15544,Low
2,0,15541,Low
1,1,15534,Medium
2,0,15534,Low
0,0,15527,Critical
2,0,15527,Critical
0,0,15527,Critical
2,0,15526,Healthy
2,5,15522,Healthy
2,0,15519,Low
2,0,15519,Medium
2,0,15519,Critical
2,0,15513,Low
2,0,15509,Medium
2,0,15507,Medium
2,5,15504,Medium
2,5,15504,Healthy
1,1,15503,Healthy
0,0,15503,Low
1,1,15501,Medium
1,1,15500,Low
2,0,15497,Healthy
2,0,15497,Healthy
2,0,15497,Healthy
2,0,15497,Healthy
2,0,15497,Healthy
0,0,15494,Critical
2,0,15487,Low
0,0,15482,Low
0,0,15482,Low
0,0,15482,Low
0,0,15474,Low
0,0,15474,Low
0,0,15474,Low
0,0,15474,Low
0,0,15470,Low
2,0,15468,Low
0,0,15444,Medium
0,0,15444,Medium
0,0,15440,Critical
0,0,15439,Healthy
2,0,15434,Medium
2,0,15434,Critical
2,0,15434,Low
0,0,15421,Critical
0,0,15416,Critical
1,1,15412,Low
2,0,15412,Low
2,-1,15400,Critical
2,0,15397,Low
1,1,15391,Medium
0,0,15390,Low
0,0,15387,Critical
2,0,15383,Medium
2,0,15383,Medium
2,0,15383,Medium
2,0,15383,Medium
0,0,15382,Low
2,0,15379,Low
0,0,15378,Low
0,0,15378,Low
0,0,15365,Low
2,0,15362,Healthy
2,0,15362,Medium
0,0,15361,Critical
0,0,15361,Critical
0,0,15361,Critical
2,0,15353,Healthy
2,0,15350,Low
2,0,15350,Medium
2,0,15350,Critical
2,0,15346,Low
2,0,15342,Medium
2,0,15341,Medium
1,1,15339,Healthy
1,1,15337,Medium
2,0,15335,Medium
2,0,15335,Healthy
2,0,15334,Low
1,1,15330,Low
2,0,15325,Medium
2,0,15325,Medium
2,0,15325,Medium
2,0,15325,Medium
2,0,15325,Medium
0,0,15322,Critical
0,0,15314,Low
2,0,15310,Low
0,0,15310,Low
0,0,15310,Low
0,0,15310,Low
2,0,15307,Low
2,0,15307,Low
2,0,15307,Low
2,0,15307,Low
0,0,15304,Low
0,0,15286,Critical
0,0,15273,Healthy
0,0,15271,Medium
0,0,15271,Medium
0,0,15266,Critical
2,0,15265,Medium
2,0,15265,Low
0,0,15265,Critical
0,0,15261,Critical
2,0,15249,Low
1,1,15244,Low
0,6,15243,Critical
0,0,15233,Low
0,0,15233,Low
1,1,15225,Medium
0,0,15221,Critical
0,0,15220,Medium
0,0,15220,Medium
0,0,15220,Medium
0,0,15220,Medium
0,0,15218,Critical
0,0,15218,Low
2,0,15217,Low
0,0,15203,Low
0,0,15202,Low
2,0,15199,Healthy
0,0,15195,Critical
0,0,15195,Critical
0,0,15195,Critical
2,0,15193,Medium
2,0,15190,Healthy
0,0,15186,Low
0,0,15186,Medium
0,0,15186,Critical
2,0,15183,Low
2,0,15183,Medium
2,0,15182,Medium
1,1,15175,Healthy
2,0,15173,Low
2,0,15172,Medium
2,0,15172,Healthy
1,1,15169,Medium
1,1,15166,Low
2,0,15156,Medium
2,0,15156,Medium
2,0,15156,Medium
0,0,15156,Medium
2,0,15156,Medium
0,0,15149,Critical
0,0,15148,Low
2,0,15147,Low
2,0,15144,Low
2,0,15144,Low
2,0,15144,Low
2,0,15144,Low
2,0,15143,Low
2,0,15143,Low
2,0,15143,Low
0,0,15126,Low
0,0,15117,Critical
0,0,15105,Critical
0,0,15105,Low
0,0,15105,Medium
0,0,15102,Critical
0,0,15102,Medium
0,0,15102,Medium
0,0,15101,Healthy
0,0,15092,Critical
2,0,15082,Low
0,0,15080,Critical
1,1,15076,Low
0,0,15073,Low
2,0,15070,Low
1,1,15061,Medium
0,0,15058,Critical
0,0,15057,Critical
0,0,15054,Medium
0,0,15054,Medium
0,0,15054,Medium
0,0,15054,Medium
0,0,15051,Critical
0,0,15051,Low
2,0,15048,Low
2,0,15042,Healthy
2,0,15039,Low
0,0,15032,Critical
0,0,15032,Critical
0,0,15032,Critical
0,0,15029,Medium
2,0,15027,Healthy
2,-1,15020,Medium
2,0,15014,Medium
2,0,15011,Low
2,0,15011,Medium
2,0,15011,Critical
2,0,15008,Medium
2,0,15008,Healthy
1,1,15007,Healthy
1,1,15006,Medium
2,0,15005,Low
2,0,15004,Low
1,1,15003,Low
2,0,14990,Medium
2,0,14990,Medium
2,0,14990,Medium
2,0,14990,Medium
2,0,14990,Medium
2,0,14987,Low
0,0,14985,Low
0,0,14983,Low
0,0,14983,Low
0,0,14983,Critical
0,0,14980,Critical
0,0,14977,Low
0,0,14977,Low
0,0,14977,Low
0,0,14977,Low
0,0,14953,Low
0,0,14951,Critical
0,0,14944,Healthy
0,0,14942,Critical
2,0,14942,Medium
2,0,14942,Low
2,0,14942,Critical
0,0,14926,Medium
0,0,14926,Medium
0,0,14922,Critical
2,0,14919,Low
0,0,14914,Critical
0,0,14910,Low
1,1,14905,Low
2,0,14901,Low
1,1,14898,Medium
0,0,14894,Critical
0,0,14894,Medium
0,0,14894,Medium
0,0,14894,Medium
0,0,14894,Medium
0,0,14888,Critical
0,0,14888,Low
2,0,14888,Low
2,0,14882,Healthy
0,0,14878,Critical
2,0,14872,Low
0,0,14871,Critical
0,0,14871,Critical
0,0,14871,Critical
2,0,14857,Healthy
2,0,14854,Medium
2,5,14851,Medium
2,0,14848,Medium
0,0,14843,Low
1,1,14842,Medium
2,0,14842,Low
2,0,14842,Medium
2,0,14842,Critical
2,0,14841,Low
2,0,14839,Medium
2,0,14839,Healthy
1,1,14839,Healthy
1,1,14835,Low
0,0,14827,Medium
0,0,14827,Medium
0,0,14827,Medium
0,0,14827,Medium
0,0,14827,Medium
2,0,14824,Low
2,0,14817,Low
2,0,14817,Low
2,0,14817,Critical
0,0,14815,Low
2,0,14811,Low
2,0,14811,Low
2,0,14811,Low
2,0,14811,Low
0,0,14808,Critical
0,0,14790,Critical
0,0,14784,Low
0,0,14781,Critical
0,0,14781,Low
0,0,14781,Medium
0,0,14779,Critical
0,0,14772,Healthy
0,0,14765,Critical
2,0,14759,Low
0,0,14757,Medium
0,0,14757,Medium
0,0,14750,Critical
2,0,14747,Low
0,6,14747,Critical
1,1,14740,Low
1,1,14734,Medium
0,0,14730,Medium
0,0,14730,Medium
0,0,14730,Medium
0,0,14730,Medium
0,0,14728,Critical
0,0,14725,Healthy
0,0,14725,Critical
0,0,14725,Low
2,0,14725,Low
2,0,14715,Critical
0,0,14714,Critical
0,0,14714,Critical
0,0,14714,Critical
2,0,14709,Low
2,0,14688,Healthy
2,5,14685,Medium
2,0,14685,Medium
1,1,14680,Medium
2,0,14678,Medium
2,0,14677,Low
2,0,14675,Low
2,0,14675,Medium
2,0,14675,Critical
0,0,14673,Medium
0,0,14673,Medium
0,0,14673,Medium
0,0,14673,Medium
0,0,14673,Medium
2,0,14672,Low
2,0,14670,Medium
1,1,14670,Healthy
2,0,14670,Healthy
1,1,14667,Low
2,0,14660,Low
2,0,14654,Low
2,0,14654,Low
2,0,14654,Critical
0,0,14652,Low
1,0,14642,Low
1,0,14642,Low
1,0,14642,Low
1,0,14642,Low
0,0,14641,Critical
0,0,14630,Critical
0,0,14617,Medium
0,0,14617,Critical
0,0,14617,Low
0,0,14613,Critical
0,0,14610,Critical
0,0,14608,Low
0,0,14603,Healthy
2,0,14599,Low
2,0,14592,Low
2,0,14590,Critical
2,0,14588,Critical
0,0,14585,Medium
0,0,14585,Medium
1,1,14580,Low
0,0,14571,Critical
1,1,14568,Medium
2,0,14567,Medium
2,0,14567,Medium
2,0,14567,Medium
2,0,14567,Medium
0,0,14565,Critical
0,0,14565,Low
2,0,14562,Healthy
0,0,14557,Critical
0,0,14557,Critical
0,0,14557,Critical
0,0,14555,Low
0,0,14555,Low
2,0,14549,Critical
2,0,14521,Healthy
2,0,14519,Medium
2,0,14518,Medium
1,1,14516,Medium
2,0,14515,Medium
2,0,14513,Low
2,0,14512,Low
0,0,14510,Medium
0,0,14510,Medium
0,0,14510,Medium
0,0,14510,Medium
2,0,14510,Medium
0,0,14506,Medium
2,0,14506,Healthy
0,0,14506,Low
0,0,14506,Critical
2,0,14503,Healthy
2,0,14503,Medium
1,1,14498,Low
2,0,14497,Low
2,0,14480,Low
0,0,14478,Low
0,0,14478,Critical
1,1,14478,Low
1,1,14478,Low
1,1,14478,Low
1,1,14478,Low
0,0,14478,Low
0,0,14472,Critical
0,0,14467,Critical
0,0,14460,Critical
0,0,14460,Low
0,0,14460,Medium
0,0,14453,Critical
0,0,14447,Critical
2,0,14442,Low
0,0,14439,Low
0,0,14434,Healthy
2,0,14428,Critical
0,0,14428,Critical
2,0,14425,Low
1,1,14418,Low
0,0,14412,Medium
0,0,14412,Medium
0,0,14407,Medium
0,0,14407,Medium
0,0,14407,Medium
0,0,14407,Medium
0,0,14405,Critical
1,1,14402,Medium
0,0,14402,Critical
0,0,14402,Low
0,0,14400,Critical
0,0,14400,Critical
0,0,14400,Critical
0,0,14393,Healthy
0,0,14392,Low
0,0,14389,Low
2,0,14386,Critical
2,0,14354,Medium
2,0,14352,Medium
2,0,14352,Healthy
2,0,14351,Low
0,0,14350,Medium
0,0,14350,Medium
0,0,14350,Medium
0,0,14350,Medium
0,0,14350,Medium
0,0,14349,Medium
1,1,14348,Medium
0,0,14347,Low
2,0,14343,Low
2,0,14343,Medium
2,0,14343,Critical
2,0,14334,Medium
2,0,14334,Healthy
2,0,14334,Healthy
2,0,14334,Low
2,5,14331,Low
0,0,14314,Low
0,0,14312,Low
0,0,14312,Low
0,0,14312,Critical
0,0,14310,Critical
1,1,14310,Low
1,1,14310,Low
1,1,14310,Low
1,1,14310,Low
0,0,14306,Critical
0,0,14299,Medium
0,0,14299,Critical
0,0,14299,Low
2,0,14296,Critical
0,0,14287,Critical
2,0,14276,Low
0,0,14267,Low
2,0,14266,Critical
0,0,14265,Critical
0,0,14259,Healthy
0,0,14258,Low
1,1,14254,Low
2,0,14247,Medium
2,0,14247,Medium
2,0,14247,Medium
2,0,14247,Medium
0,0,14245,Critical
0,0,14242,Critical
0,0,14242,Low
0,0,14234,Critical
0,0,14234,Critical
0,0,14234,Critical
1,1,14232,Healthy
0,0,14232,Critical
0,0,14231,Medium
0,0,14231,Medium
1,1,14230,Medium
0,0,14229,Low
2,0,14229,Low
2,0,14226,Healthy
2,0,14190,Medium
1,1,14189,Medium
2,0,14189,Medium
2,0,14188,Low
0,0,14186,Medium
0,0,14186,Medium
0,0,14186,Medium
0,0,14186,Medium
0,0,14186,Medium
2,0,14186,Medium
2,0,14183,Healthy
2,0,14180,Low
2,0,14177,Low
2,0,14177,Critical
2,0,14177,Medium
2,0,14173,Medium
2,0,14165,Medium
2,0,14165,Healthy
2,0,14161,Low
0,0,14156,Critical
2,0,14153,Low
0,0,14150,Low
1,1,14144,Low
1,1,14144,Low
1,1,14144,Low
1,1,14144,Low
0,0,14143,Critical
2,0,14142,Low
2,0,14142,Low
2,0,14142,Critical
0,0,14133,Critical
2,0,14122,Low
0,0,14121,Critical
2,0,14104,Critical
2,0,14099,Critical
0,0,14096,Healthy
0,0,14094,Low
0,0,14092,Low
1,1,14091,Low
2,0,14087,Medium
2,0,14087,Medium
2,0,14087,Medium
2,0,14087,Medium
0,0,14079,Low
0,0,14079,Critical
0,0,14078,Critical
0,0,14071,Critical
0,0,14071,Critical
0,0,14071,Critical
3,2,14070,Healthy
2,0,14069,Low
1,1,14068,Medium
0,0,14067,Medium
0,0,14067,Medium
2,0,14066,Healthy
0,0,14066,Critical
2,0,14063,Low
2,0,14022,Low
2,0,14020,Healthy
2,0,14020,Medium
0,0,14020,Medium
0,0,14020,Medium
0,0,14020,Medium
0,0,14020,Medium
0,0,14020,Medium
2,0,14020,Medium
2,0,14019,Medium
1,1,14017,Medium
1,0,14012,Low
2,0,14007,Low
2,0,14007,Medium
2,0,14007,Critical
2,0,14007,Medium
2,0,14001,Low
2,0,14001,Medium
2,0,14001,Healthy
2,0,13993,Critical
1,1,13989,Low
2,0,13984,Low
2,0,13982,Low
2,0,13982,Low
2,0,13982,Critical
0,0,13977,Critical
1,1,13976,Low
1,1,13976,Low
1,1,13976,Low
1,1,13976,Low
2,0,13970,Critical
2,0,13970,Low
2,0,13970,Low
0,0,13966,Critical
2,0,13956,Low
0,0,13954,Critical
0,0,13944,Critical
2,0,13942,Critical
2,0,13935,Low
0,0,13927,Healthy
0,0,13927,Medium
0,0,13927,Medium
0,0,13927,Medium
0,0,13927,Medium
1,1,13925,Low
0,0,13915,Critical
0,0,13915,Low
0,0,13915,Critical
0,0,13914,Critical
0,0,13914,Critical
0,0,13914,Critical
0,0,13913,Low
2,0,13906,Medium
0,0,13906,Critical
0,0,13904,Medium
0,0,13904,Medium
3,2,13904,Healthy
2,0,13903,Low
1,1,13902,Medium
2,0,13899,Low
0,0,13898,Healthy
0,0,13898,Healthy
0,0,13898,Healthy
0,0,13898,Healthy
0,0,13898,Healthy
2,0,13866,Medium
0,0,13857,Medium
2,0,13857,Medium
0,0,13857,Medium
2,0,13857,Medium
2,0,13857,Medium
2,0,13856,Low
2,0,13853,Healthy
2,0,13850,Medium
2,0,13850,Medium
1,1,13849,Medium
1,1,13848,Low
2,0,13844,Medium
2,0,13838,Low
2,0,13838,Medium
2,0,13838,Critical
2,0,13835,Healthy
2,0,13835,Medium
2,0,13835,Low
0,0,13827,Critical
1,1,13823,Low
0,0,13818,Low
1,1,13815,Low
1,1,13815,Low
1,1,13815,Low
1,1,13815,Low
2,0,13810,Low
0,0,13810,Low
2,0,13810,Critical
0,0,13810,Low
0,0,13810,Critical
2,0,13810,Low
0,0,13807,Critical
0,0,13806,Critical
0,0,13806,Healthy
2,0,13799,Low
0,0,13791,Critical
0,0,13779,Critical
2,0,13768,Low
0,0,13765,Critical
0,0,13764,Medium
0,0,13764,Medium
0,0,13764,Medium
0,0,13764,Medium
0,0,13761,Healthy
0,0,13761,Critical
0,0,13761,Low
1,1,13754,Low
0,0,13754,Critical
0,0,13754,Critical
0,0,13754,Critical
3,2,13753,Healthy
0,0,13752,Critical
0,0,13749,Low
0,0,13747,Medium
0,0,13747,Medium
0,0,13746,Low
2,0,13746,Critical
0,0,13746,Low
1,1,13744,Healthy
0,0,13737,Medium
1,1,13734,Medium
0,0,13723,Healthy
0,0,13723,Healthy
0,0,13723,Healthy
0,0,13723,Healthy
0,0,13723,Healthy
2,0,13703,Medium
0,0,13700,Medium
0,0,13700,Medium
0,0,13700,Medium
0,0,13700,Medium
2,0,13700,Medium
2,0,13692,Low
2,0,13687,Healthy
1,1,13685,Medium
2,0,13684,Medium
2,0,13681,Medium
2,0,13681,Medium
1,1,13680,Low
2,0,13671,Low
2,0,13669,Low
2,0,13669,Healthy
0,0,13669,Low
0,0,13669,Medium
0,0,13669,Critical
0,0,13667,Critical
1,1,13659,Low
2,0,13658,Low
0,0,13649,Healthy
0,0,13647,Low
0,0,13647,Critical
0,0,13647,Low
0,0,13646,Critical
0,0,13644,Low
0,0,13644,Critical
1,1,13644,Low
1,1,13644,Low
1,1,13644,Low
1,1,13644,Low
0,0,13644,Low
0,0,13642,Low
0,0,13641,Critical
0,0,13628,Critical
2,0,13615,Critical
2,0,13611,Low
1,1,13611,Low
2,0,13605,Critical
2,0,13602,Healthy
0,0,13597,Medium
0,0,13597,Medium
0,0,13597,Medium
0,0,13597,Medium
0,0,13595,Critical
0,0,13595,Low
0,0,13594,Critical
0,0,13594,Critical
0,0,13594,Critical
0,0,13592,Critical
3,2,13589,Healthy
0,0,13588,Low
0,0,13586,Low
3,2,13581,Healthy
0,0,13580,Medium
0,0,13580,Medium
2,0,13579,Critical
0,0,13579,Low
2,0,13574,Medium
1,1,13568,Medium
0,0,13560,Healthy
0,0,13560,Healthy
0,0,13560,Healthy
0,0,13560,Healthy
0,0,13560,Healthy
2,0,13541,Low
0,0,13537,Medium
0,0,13537,Medium
0,0,13537,Medium
0,0,13537,Medium
0,0,13537,Medium
0,0,13526,Low
2,0,13524,Healthy
1,1,13519,Medium
2,0,13517,Medium
2,0,13515,Medium
1,1,13514,Low
0,0,13512,Medium
2,0,13508,Low
0,0,13506,Critical
2,0,13505,Low
2,0,13505,Medium
2,0,13505,Critical
2,0,13505,Low
2,0,13505,Healthy
0,0,13495,Low
1,1,13493,Low
0,0,13486,Critical
2,0,13484,Low
2,0,13484,Low
0,0,13484,Critical
2,0,13481,Low
1,1,13481,Low
1,1,13481,Low
1,1,13481,Low
1,1,13481,Low
2,0,13480,Low
2,0,13480,Low
2,0,13480,Critical
0,0,13480,Healthy
0,0,13475,Critical
0,0,13462,Critical
2,0,13452,Critical
2,0,13451,Low
0,0,13442,Critical
0,0,13436,Healthy
0,0,13431,Critical
0,0,13431,Critical
0,0,13431,Critical
1,1,13430,Low
0,0,13429,Critical
0,0,13429,Low
0,0,13429,Critical
0,0,13429,Low
2,0,13428,Low
0,0,13425,Medium
0,0,13425,Medium
0,0,13425,Medium
0,0,13425,Medium
0,0,13422,Critical
0,0,13419,Low
3,2,13415,Healthy
0,0,13414,Medium
0,0,13414,Medium
1,0,13414,Healthy
2,0,13410,Medium
1,1,13400,Medium
0,0,13391,Healthy
0,0,13391,Healthy
0,0,13391,Healthy
0,0,13391,Healthy
0,0,13391,Healthy
0,0,13378,Low
2,0,13372,Low
0,0,13368,Medium
0,0,13368,Medium
0,0,13368,Medium
0,0,13368,Medium
0,0,13368,Medium
2,0,13360,Healthy
1,1,13353,Medium
2,0,13351,Medium
2,0,13348,Medium
1,1,13346,Low
2,0,13345,Medium
2,0,13345,Low
2,-1,13343,Critical
2,0,13342,Healthy
2,0,13342,Low
2,0,13331,Low
2,0,13331,Medium
2,0,13331,Critical
1,1,13329,Low
0,0,13329,Critical
0,0,13327,Low
0,0,13327,Critical
0,0,13327,Low
0,0,13322,Low
2,0,13317,Low
2,0,13317,Low
2,0,13317,Critical
1,1,13317,Low
1,1,13317,Low
1,1,13317,Low
1,1,13317,Low
0,0,13317,Healthy
2,0,13306,Low
0,0,13302,Critical
0,0,13296,Critical
0,0,13294,Low
2,0,13286,Critical
2,0,13276,Critical
2,0,13274,Low
0,0,13271,Critical
0,0,13271,Critical
0,0,13271,Critical
2,0,13270,Healthy
0,0,13269,Critical
2,0,13268,Medium
0,0,13268,Medium
2,0,13268,Medium
0,0,13268,Medium
0,0,13266,Critical
0,0,13266,Low
0,0,13265,Critical
3,2,13264,Healthy
0,0,13262,Low
2,0,13259,Low
1,1,13254,Low
2,0,13253,Medium
2,0,13250,Healthy
0,0,13245,Medium
0,0,13245,Medium
1,1,13234,Medium
0,0,13221,Healthy
0,0,13221,Healthy
0,0,13221,Healthy
0,0,13221,Healthy
0,0,13221,Healthy
0,0,13210,Low
0,0,13204,Medium
2,0,13204,Medium
0,0,13204,Medium
2,0,13204,Medium
2,0,13204,Medium
2,0,13193,Low
2,0,13191,Healthy
1,1,13189,Medium
2,0,13188,Medium
0,6,13185,Critical
1,1,13184,Low
2,0,13182,Low
2,0,13179,Low
2,0,13174,Medium
2,0,13173,Low
2,0,13173,Healthy
0,0,13172,Critical
2,0,13170,Low
2,0,13170,Medium
2,0,13170,Critical
1,1,13163,Low
2,0,13160,Low
0,0,13160,Critical
2,0,13160,Low
0,0,13159,Low
0,0,13153,Healthy
1,1,13153,Low
1,1,13153,Low
1,1,13153,Low
1,1,13153,Low
2,0,13148,Low
2,0,13148,Critical
2,0,13148,Low
2,0,13148,Low
2,0,13139,Critical
2,0,13128,Low
0,0,13126,Critical
2,0,13120,Critical
2,0,13119,Critical
0,0,13111,Low
0,0,13107,Critical
0,0,13107,Critical
0,0,13107,Critical
0,0,13106,Critical
2,0,13105,Critical
1,1,13103,Low
0,0,13102,Critical
0,0,13102,Critical
3,2,13101,Healthy
0,0,13101,Healthy
2,0,13099,Medium
2,0,13099,Medium
2,0,13099,Medium
2,0,13099,Medium
0,0,13096,Low
2,0,13093,Low
2,0,13090,Healthy
2,0,13084,Medium
0,0,13079,Medium
0,0,13079,Medium
1,1,13071,Medium
0,0,13055,Healthy
0,0,13055,Healthy
0,0,13055,Healthy
0,0,13055,Healthy
0,0,13055,Healthy
1,1,13048,Low
0,0,13047,Medium
2,0,13047,Medium
0,0,13047,Medium
2,0,13047,Medium
2,0,13047,Medium
2,0,13027,Critical
2,0,13025,Healthy
0,0,13022,Critical
1,1,13019,Medium
2,0,13018,Medium
2,0,13016,Low
2,0,13015,Low
1,1,13014,Low
2,0,13013,Medium
0,0,13009,Critical
2,0,13007,Low
2,0,13007,Medium
2,0,13007,Critical
2,0,13006,Low
2,0,13006,Healthy
0,0,13003,Low
0,0,13003,Critical
0,0,13003,Low
1,1,12997,Low
0,0,12993,Low
2,0,12991,Low
2,0,12984,Low
2,0,12984,Critical
0,0,12984,Healthy
2,0,12984,Low
1,1,12983,Low
1,1,12983,Low
1,1,12983,Low
1,1,12983,Low
0,0,12982,Critical
2,0,12971,Low
0,0,12963,Critical
0,0,12957,Critical
0,0,12955,Critical
0,0,12954,Low
2,0,12951,Critical
0,0,12944,Critical
0,0,12944,Critical
0,0,12944,Critical
2,0,12944,Critical
2,0,12944,Critical
0,0,12942,Critical
0,0,12941,Healthy
1,1,12939,Critical
0,0,12936,Low
2,0,12929,Healthy
0,0,12929,Medium
0,0,12929,Medium
0,0,12929,Medium
0,0,12929,Medium
0,0,12927,Low
1,0,12926,Healthy
2,0,12918,Medium
0,0,12909,Medium
0,0,12909,Medium
1,1,12903,Medium
0,0,12886,Healthy
0,0,12886,Healthy
0,0,12886,Healthy
0,0,12886,Healthy
0,0,12886,Healthy
2,0,12885,Low
2,0,12881,Medium
2,0,12881,Medium
2,0,12881,Medium
2,0,12881,Medium
2,0,12881,Medium
2,0,12867,Critical
2,0,12861,Healthy
0,0,12856,Critical
2,0,12855,Medium
1,1,12855,Medium
1,1,12850,Low
2,0,12850,Medium
2,0,12849,Low
0,0,12849,Critical
2,0,12846,Low
0,0,12844,Low
0,0,12844,Medium
0,0,12844,Critical
2,0,12843,Healthy
2,0,12843,Low
0,0,12840,Critical
0,0,12840,Low
0,0,12840,Low
2,0,12834,Low
1,1,12832,Low
0,0,12827,Healthy
0,0,12827,Low
1,1,12817,Low
1,1,12817,Low
1,1,12817,Low
1,1,12817,Low
2,0,12810,Low
2,0,12810,Low
2,0,12810,Critical
0,0,12806,Critical
2,0,12801,Low
0,-1,12793,Critical
2,0,12792,Critical
2,0,12790,Critical
0,0,12788,Critical
0,0,12788,Low
0,0,12788,Critical
0,0,12784,Critical
2,0,12784,Critical
0,0,12784,Critical
0,0,12779,Low
0,0,12778,Healthy
0,0,12778,Critical
0,0,12778,Critical
1,1,12773,Critical
2,0,12766,Healthy
0,0,12763,Medium
0,0,12763,Medium
0,0,12763,Medium
0,0,12763,Medium
2,0,12761,Healthy
0,0,12760,Low
2,0,12749,Medium
0,0,12731,Medium
0,0,12731,Medium
1,1,12727,Medium
2,0,12724,Low
0,0,12717,Healthy
0,0,12717,Healthy
0,0,12717,Healthy
0,0,12717,Healthy
0,0,12717,Healthy
2,0,12716,Medium
2,0,12716,Medium
2,0,12716,Medium
2,0,12716,Medium
2,0,12716,Medium
2,0,12695,Healthy
2,0,12695,Medium
2,0,12694,Critical
0,0,12692,Critical
1,1,12691,Medium
0,0,12690,Low
0,0,12690,Medium
0,0,12690,Critical
0,6,12689,Critical
0,0,12687,Medium
1,1,12686,Low
2,0,12686,Low
2,0,12683,Low
2,0,12680,Low
2,0,12680,Critical
2,0,12680,Low
2,0,12677,Low
2,0,12677,Healthy
2,0,12671,Low
2,5,12667,Low
2,5,12667,Healthy
0,0,12666,Low
0,0,12664,Healthy
2,0,12655,Low
2,0,12655,Low
2,0,12655,Critical
1,1,12649,Low
1,1,12649,Low
1,1,12649,Low
1,1,12649,Low
0,0,12643,Critical
2,0,12641,Critical
0,0,12631,Critical
0,0,12630,Critical
2,0,12629,Critical
0,0,12625,Low
2,0,12624,Critical
0,0,12622,Critical
2,0,12619,Low
0,0,12618,Critical
0,0,12618,Critical
0,0,12618,Critical
0,0,12615,Critical
0,0,12615,Critical
0,0,12612,Healthy
1,1,12607,Critical
2,0,12603,Healthy
2,0,12601,Healthy
0,0,12597,Medium
0,0,12597,Medium
0,0,12597,Medium
0,0,12597,Medium
2,0,12591,Medium
0,0,12591,Low
2,5,12563,Medium
2,0,12561,Low
0,0,12558,Medium
0,0,12558,Medium
0,0,12553,Healthy
0,0,12553,Healthy
0,0,12553,Healthy
0,0,12553,Healthy
0,0,12553,Healthy
2,0,12553,Medium
2,0,12553,Medium
2,0,12553,Medium
2,0,12553,Medium
2,0,12553,Medium
2,0,12534,Critical
0,0,12533,Medium
2,0,12530,Critical
0,0,12529,Critical
0,0,12527,Low
0,0,12527,Low
0,0,12527,Critical
2,0,12526,Healthy
2,0,12525,Medium
1,1,12523,Medium
1,1,12523,Low
2,0,12523,Low
2,0,12522,Low
0,0,12511,Low
2,0,12511,Low
0,0,12511,Critical
0,0,12511,Low
2,0,12508,Low
2,0,12508,Healthy
2,5,12506,Healthy
2,5,12506,Low
0,0,12503,Low
0,0,12495,Healthy
2,0,12486,Low
2,0,12486,Low
2,0,12486,Critical
1,1,12483,Low
1,1,12483,Low
1,1,12483,Low
1,1,12483,Low
2,0,12478,Critical
0,0,12470,Critical
2,0,12467,Critical
0,0,12465,Low
2,0,12465,Low
0,0,12465,Critical
2,0,12463,Critical
0,0,12458,Critical
0,0,12458,Critical
0,0,12458,Critical
0,0,12456,Critical
0,0,12456,Healthy
0,0,12455,Critical
0,0,12455,Critical
2,0,12450,Critical
1,1,12443,Critical
2,0,12441,Healthy
2,0,12439,Healthy
0,0,12431,Medium
0,0,12431,Medium
0,0,12431,Medium
0,0,12431,Medium
0,0,12425,Medium
0,0,12413,Low
2,0,12407,Low
2,5,12402,Medium
0,0,12392,Medium
0,0,12392,Medium
0,0,12390,Medium
0,0,12390,Medium
0,0,12390,Medium
0,0,12390,Medium
0,0,12390,Medium
0,0,12387,Healthy
0,0,12387,Healthy
0,0,12387,Healthy
0,0,12387,Healthy
0,0,12387,Healthy
0,0,12375,Critical
2,0,12373,Critical
0,0,12370,Low
2,0,12365,Critical
2,0,12362,Healthy
2,0,12362,Medium
0,0,12360,Low
0,0,12360,Low
0,0,12360,Critical
1,1,12355,Medium
2,0,12353,Low
2,0,12353,Critical
1,1,12353,Low
2,0,12347,Healthy
2,0,12347,Low
2,0,12344,Low
2,0,12344,Healthy
0,0,12341,Critical
0,0,12341,Low
2,0,12341,Low
2,0,12341,Low
0,0,12335,Healthy
0,0,12334,Critical
2,0,12322,Low
2,0,12322,Low
2,0,12322,Critical
2,0,12319,Critical
1,1,12317,Low
1,1,12317,Low
1,1,12317,Low
1,1,12317,Low
0,0,12308,Low
0,0,12307,Critical
0,0,12302,Low
0,0,12302,Critical
0,0,12301,Critical
0,0,12301,Critical
0,0,12300,Critical
2,0,12297,Critical
0,0,12293,Critical
0,0,12292,Critical
0,0,12292,Critical
0,0,12292,Critical
0,0,12290,Medium
0,0,12289,Critical
1,1,12281,Critical
2,0,12278,Healthy
2,0,12270,Healthy
2,0,12262,Medium
0,0,12258,Medium
0,0,12258,Medium
0,0,12258,Medium
0,0,12258,Medium
2,0,12242,Medium
2,0,12240,Low
0,0,12240,Low
0,0,12230,Medium
0,0,12230,Medium
0,0,12230,Medium
0,0,12230,Medium
0,0,12230,Medium
0,0,12221,Healthy
0,0,12221,Healthy
0,0,12221,Healthy
0,0,12221,Healthy
0,0,12221,Healthy
0,0,12220,Medium
0,0,12220,Medium
0,0,12211,Critical
0,0,12210,Critical
2,0,12206,Medium
0,0,12203,Low
2,0,12202,Healthy
0,0,12201,Critical
0,0,12197,Low
0,0,12197,Critical
0,0,12197,Low
2,0,12190,Critical
2,0,12187,Low
1,1,12187,Medium
1,1,12187,Low
0,0,12184,Critical
2,0,12184,Healthy
0,0,12184,Low
0,0,12184,Low
2,0,12184,Low
2,0,12179,Low
2,0,12179,Healthy
0,0,12178,Healthy
0,0,12174,Critical
2,0,12172,Low
0,0,12156,Low
0,0,12156,Low
0,0,12156,Critical
0,0,12153,Critical
1,1,12147,Low
1,1,12147,Low
1,1,12147,Low
1,1,12147,Low
0,0,12145,Low
0,0,12141,Low
0,0,12141,Critical
0,0,12138,Critical
0,0,12138,Critical
1,-1,12135,Critical
1,-1,12135,Critical
1,-1,12135,Critical
2,0,12134,Critical
0,0,12133,Critical
0,0,12133,Medium
0,0,12129,Critical
2,0,12129,Critical
1,1,12118,Critical
2,0,12114,Healthy
2,0,12107,Healthy
2,0,12093,Medium
2,0,12092,Medium
2,0,12092,Medium
2,0,12092,Medium
2,0,12092,Medium
2,0,12075,Medium
2,0,12074,Low
0,0,12074,Low
2,0,12073,Medium
2,0,12073,Medium
2,0,12073,Medium
2,0,12073,Medium
2,0,12073,Medium
0,0,12056,Medium
0,0,12056,Medium
0,0,12055,Healthy
0,0,12055,Healthy
0,0,12055,Healthy
0,0,12055,Healthy
0,0,12055,Healthy
0,0,12045,Critical
0,0,12044,Critical
2,0,12043,Medium
0,0,12040,Low
0,0,12037,Low
0,0,12037,Low
0,0,12037,Critical
2,0,12036,Healthy
2,0,12035,Critical
2,0,12034,Critical
0,0,12030,Low
0,0,12030,Critical
0,0,12030,Low
2,0,12024,Low
2,0,12023,Medium
1,1,12019,Low
2,0,12018,Low
2,0,12018,Healthy
0,0,12015,Low
0,0,12014,Critical
2,0,12010,Low
2,0,12010,Healthy
0,0,12008,Healthy
0,0,11996,Critical
2,0,11993,Low
2,0,11993,Low
2,0,11993,Critical
0,0,11984,Critical
1,1,11983,Low
1,1,11983,Low
1,1,11983,Low
1,1,11983,Low
0,0,11981,Critical
0,0,11981,Critical
0,0,11981,Critical
0,0,11978,Low
2,0,11975,Critical
0,0,11975,Low
2,0,11971,Critical
0,0,11968,Critical
0,0,11968,Critical
0,0,11968,Critical
2,0,11967,Critical
2,0,11965,Critical
0,0,11962,Medium
1,1,11954,Critical
2,0,11951,Healthy
2,0,11937,Healthy
2,0,11936,Medium
2,0,11926,Medium
2,0,11926,Medium
2,0,11926,Medium
2,0,11926,Medium
2,0,11917,Low
0,0,11907,Medium
0,0,11907,Medium
0,0,11907,Medium
0,0,11907,Medium
0,0,11907,Medium
2,0,11906,Medium
0,0,11902,Low
0,0,11894,Critical
0,0,11890,Medium
0,0,11890,Medium
0,0,11888,Healthy
0,0,11888,Healthy
0,0,11888,Healthy
0,0,11888,Healthy
0,0,11888,Healthy
2,0,11887,Critical
0,0,11880,Low
2,0,11872,Medium
2,0,11870,Critical
2,0,11870,Medium
0,0,11868,Low
0,0,11868,Low
0,0,11868,Critical
0,0,11864,Low
0,0,11864,Critical
0,0,11864,Low
2,0,11863,Critical
0,0,11861,Low
2,0,11857,Low
2,0,11854,Low
2,0,11854,Medium
1,1,11853,Low
2,0,11850,Medium
2,0,11845,Healthy
2,0,11845,Low
0,0,11842,Healthy
0,0,11841,Critical
0,0,11839,Critical
0,0,11830,Critical
0,0,11826,Low
0,0,11826,Low
0,0,11826,Critical
0,0,11820,Critical
0,0,11820,Critical
0,0,11818,Low
0,0,11818,Critical
0,0,11815,Low
1,1,11813,Low
1,1,11813,Low
1,1,11813,Low
1,1,11813,Low
0,0,11809,Critical
0,0,11805,Critical
0,0,11805,Critical
0,0,11805,Critical
0,0,11805,Critical
2,0,11802,Critical
2,0,11801,Critical
2,0,11790,Medium
1,1,11786,Critical
2,0,11782,Healthy
2,0,11780,Healthy
2,0,11773,Medium
2,0,11756,Medium
2,0,11756,Medium
2,0,11756,Medium
2,0,11756,Medium
0,0,11753,Low
2,0,11741,Medium
2,0,11741,Medium
2,0,11741,Medium
2,0,11741,Medium
2,0,11741,Medium
2,0,11740,Medium
0,0,11738,Low
0,0,11734,Healthy
0,0,11734,Healthy
0,0,11734,Healthy
0,0,11734,Healthy
0,0,11734,Healthy
0,0,11731,Critical
0,0,11721,Medium
0,0,11721,Medium
0,0,11718,Critical
0,0,11711,Low
2,0,11707,Medium
0,0,11705,Low
0,0,11705,Critical
0,0,11705,Low
2,0,11703,Medium
0,0,11701,Low
0,0,11701,Critical
0,0,11701,Low
2,0,11700,Critical
2,0,11698,Critical
0,0,11695,Low
2,0,11692,Critical
2,0,11690,Medium
2,0,11688,Low
1,1,11687,Critical
2,0,11685,Low
2,0,11685,Medium
2,0,11681,Healthy
2,0,11680,Healthy
2,0,11680,Low
0,0,11679,Critical
0,0,11667,Critical
2,0,11663,Low
2,0,11663,Low
2,0,11663,Critical
0,0,11658,Low
0,0,11655,Low
0,0,11654,Critical
0,0,11654,Critical
1,1,11654,Low
1,1,11654,Low
1,1,11654,Low
1,1,11654,Low
0,0,11652,Critical
2,0,11643,Critical
0,0,11642,Critical
0,0,11642,Critical
0,0,11642,Critical
0,0,11642,Critical
0,0,11635,Critical
2,0,11627,Critical
1,1,11626,Critical
2,0,11621,Medium
2,0,11620,Healthy
2,0,11619,Healthy
2,0,11606,Medium
0,0,11581,Low
2,0,11578,Medium
2,0,11578,Medium
2,0,11578,Medium
2,0,11578,Medium
2,0,11575,Medium
2,0,11574,Medium
2,0,11574,Medium
2,0,11574,Medium
2,0,11574,Medium
2,0,11574,Medium
0,0,11572,Low
0,0,11571,Critical
0,0,11568,Healthy
0,0,11568,Healthy
0,0,11568,Healthy
0,0,11568,Healthy
0,0,11568,Healthy
2,0,11564,Critical
0,0,11548,Medium
0,0,11548,Medium
0,0,11548,Low
0,0,11538,Low
0,0,11538,Critical
0,0,11538,Low
0,0,11538,Low
0,0,11538,Critical
0,0,11538,Low
2,0,11538,Medium
2,0,11535,Critical
2,0,11534,Medium
2,0,11534,Critical
0,0,11532,Low
2,0,11525,Low
2,0,11524,Medium
2,0,11522,Low
2,0,11522,Healthy
1,1,11517,Critical
2,0,11517,Critical
2,0,11515,Healthy
2,0,11515,Low
2,0,11515,Medium
0,0,11512,Critical
0,0,11507,Critical
0,0,11498,Low
0,0,11497,Critical
0,0,11497,Critical
0,0,11495,Critical
0,0,11495,Low
0,0,11491,Low
0,0,11491,Critical
0,0,11491,Low
1,1,11488,Low
1,1,11488,Low
1,1,11488,Low
1,1,11488,Low
0,0,11482,Critical
0,0,11482,Critical
0,0,11482,Critical
0,0,11482,Critical
2,0,11480,Critical
0,0,11478,Critical
0,0,11466,Critical
1,1,11462,Critical
2,0,11457,Healthy
2,0,11452,Medium
2,0,11449,Healthy
2,0,11443,Medium
2,0,11418,Medium
0,0,11414,Critical
2,0,11412,Low
0,0,11411,Medium
0,0,11411,Medium
0,0,11411,Medium
0,0,11411,Medium
0,0,11411,Medium
0,0,11408,Healthy
0,0,11408,Healthy
0,0,11408,Healthy
0,0,11408,Healthy
0,0,11408,Healthy
2,0,11405,Medium
2,0,11405,Medium
2,0,11405,Medium
2,0,11405,Medium
2,0,11404,Critical
0,0,11403,Low
0,0,11385,Medium
0,0,11385,Medium
0,0,11381,Low
2,0,11379,Critical
0,0,11375,Low
0,0,11375,Critical
0,0,11375,Low
2,0,11372,Low
0,0,11372,Critical
2,0,11372,Low
2,0,11371,Medium
0,0,11369,Low
2,0,11367,Medium
2,0,11365,Critical
2,0,11364,Low
2,0,11363,Healthy
2,0,11363,Low
2,0,11360,Medium
1,1,11353,Critical
2,0,11352,Healthy
2,0,11352,Critical
2,0,11349,Medium
2,0,11349,Low
0,0,11344,Critical
0,0,11344,Critical
0,0,11335,Critical
0,0,11334,Critical
0,0,11334,Critical
0,0,11332,Low
0,0,11329,Low
0,0,11328,Critical
2,0,11328,Low
2,0,11328,Low
2,0,11328,Critical
0,0,11325,Critical
0,0,11325,Critical
0,0,11325,Critical
1,1,11324,Low
1,1,11324,Low
1,1,11324,Low
1,1,11324,Low
0,0,11316,Critical
2,0,11306,Critical
0,0,11306,Critical
1,1,11297,Critical
2,0,11292,Healthy
2,0,11285,Healthy
2,0,11283,Medium
2,0,11280,Medium
2,0,11259,Medium
2,0,11251,Low
0,0,11248,Critical
0,0,11247,Critical
0,0,11245,Medium
0,0,11245,Medium
0,0,11245,Medium
0,0,11245,Medium
0,0,11245,Medium
0,0,11239,Medium
0,0,11239,Medium
0,0,11239,Medium
0,0,11239,Medium
0,0,11233,Healthy
0,0,11233,Healthy
0,0,11233,Healthy
0,0,11233,Healthy
0,0,11233,Healthy
0,0,11230,Low
0,0,11222,Medium
0,0,11222,Medium
0,0,11218,Low
2,0,11215,Critical
2,0,11211,Low
2,0,11211,Critical
2,0,11211,Low
2,0,11211,Medium
0,0,11210,Low
0,0,11210,Critical
0,0,11210,Low
2,0,11207,Medium
2,0,11202,Low
2,0,11199,Critical
2,0,11198,Low
2,0,11197,Low
2,0,11194,Healthy
2,0,11194,Low
2,0,11189,Medium
2,0,11189,Low
2,0,11185,Healthy
1,1,11183,Critical
2,0,11180,Critical
0,0,11177,Critical
0,0,11172,Critical
0,0,11172,Critical
0,0,11171,Critical
0,0,11171,Critical
0,0,11169,Low
0,0,11165,Low
0,0,11165,Critical
0,0,11161,Low
0,0,11161,Low
0,0,11161,Critical
0,0,11159,Critical
2,0,11159,Critical
0,0,11159,Critical
0,0,11156,Critical
1,1,11156,Low
1,1,11156,Low
1,1,11156,Low
1,1,11156,Low
2,0,11152,Critical
2,0,11136,Critical
1,1,11135,Critical
2,0,11131,Healthy
2,0,11123,Medium
2,0,11121,Healthy
2,0,11111,Medium
2,0,11110,Healthy
2,0,11089,Low
0,0,11085,Critical
0,0,11082,Medium
0,0,11082,Medium
0,0,11082,Medium
0,0,11082,Medium
0,0,11082,Medium
2,0,11082,Low
0,0,11080,Critical
2,0,11076,Medium
2,0,11076,Medium
2,0,11076,Medium
2,0,11076,Medium
0,0,11067,Low
2,0,11057,Healthy
2,0,11057,Healthy
2,0,11057,Healthy
2,0,11057,Healthy
2,0,11057,Healthy
0,0,11053,Low
0,0,11052,Critical
2,0,11047,Medium
0,0,11047,Medium
0,0,11047,Medium
0,-1,11045,Critical
2,0,11045,Low
0,0,11045,Critical
2,0,11045,Low
0,0,11043,Low
0,0,11043,Low
0,0,11043,Critical
2,0,11042,Low
2,0,11039,Medium
2,0,11039,Critical
2,0,11035,Low
2,0,11034,Low
2,0,11030,Healthy
2,0,11030,Low
2,0,11029,Low
2,0,11029,Medium
1,1,11023,Critical
0,0,11019,Healthy
0,0,11017,Critical
0,0,11011,Critical
0,0,11011,Critical
2,0,11011,Critical
0,0,11008,Low
0,0,11008,Critical
0,0,11005,Critical
0,0,11002,Critical
0,0,10999,Low
1,1,10998,Low
1,1,10998,Low
1,1,10998,Low
1,1,10998,Low
0,0,10989,Low
0,0,10989,Low
0,0,10989,Critical
2,0,10988,Critical
2,0,10988,Critical
2,0,10988,Critical
0,0,10986,Critical
1,1,10975,Critical
0,0,10970,Critical
2,0,10968,Healthy
2,0,10966,Medium
2,0,10949,Healthy
2,0,10945,Medium
2,0,10944,Healthy
0,0,10931,Critical
2,0,10926,Low
2,0,10922,Medium
0,0,10922,Medium
2,0,10922,Medium
0,0,10922,Medium
2,0,10922,Medium
0,0,10921,Low
0,0,10911,Critical
0,0,10910,Low
0,0,10910,Low
0,0,10910,Low
0,0,10910,Low
0,0,10904,Low
2,0,10900,Healthy
2,0,10900,Healthy
2,0,10900,Healthy
2,0,10900,Healthy
2,0,10900,Healthy
2,0,10889,Critical
2,0,10886,Critical
0,0,10886,Low
2,0,10886,Low
2,0,10886,Low
0,0,10883,Medium
0,0,10883,Low
0,0,10883,Low
0,0,10883,Critical
0,0,10883,Medium
0,0,10883,Medium
0,0,10879,Critical
2,0,10875,Low
2,0,10872,Medium
2,0,10867,Low
2,0,10866,Critical
0,0,10865,Low
2,0,10865,Low
0,0,10865,Medium
2,0,10860,Critical
2,0,10858,Critical
2,0,10858,Healthy
1,1,10857,Critical
2,0,10857,Critical
0,0,10851,Critical
0,0,10851,Critical
0,0,10848,Low
0,0,10848,Critical
0,0,10847,Healthy
0,0,10845,Critical
2,0,10836,Critical
2,0,10836,Critical
2,0,10836,Critical
2,0,10836,Critical
1,1,10833,Low
1,1,10833,Low
1,1,10833,Low
1,1,10833,Low
0,0,10830,Low
0,0,10819,Low
0,0,10819,Low
0,0,10819,Critical
2,0,10819,Critical
1,1,10816,Critical
0,0,10807,Critical
2,0,10800,Medium
2,0,10796,Healthy
0,0,10782,Medium
2,0,10774,Medium
2,0,10774,Healthy
0,0,10760,Critical
2,0,10755,Medium
2,0,10755,Medium
2,0,10755,Medium
2,0,10755,Medium
2,0,10755,Medium
2,0,10755,Low
2,0,10754,Low
2,0,10750,Low
2,0,10750,Low
2,0,10750,Low
0,0,10750,Low
0,0,10745,Critical
2,0,10734,Healthy
2,0,10734,Healthy
2,0,10734,Healthy
2,0,10734,Healthy
2,0,10734,Healthy
0,0,10729,Low
0,0,10726,Medium
0,0,10726,Low
0,0,10726,Medium
0,0,10726,Medium
0,0,10726,Healthy
0,0,10726,Healthy
2,0,10725,Critical
0,0,10719,Low
0,0,10719,Critical
0,0,10719,Critical
0,0,10719,Critical
2,0,10717,Low
2,0,10717,Low
2,0,10717,Critical
2,0,10717,Low
2,0,10706,Medium
2,0,10704,Low
2,0,10703,Critical
2,0,10700,Critical
0,0,10699,Low
0,0,10699,Low
0,0,10699,Medium
0,0,10697,Critical
2,0,10695,Healthy
2,0,10695,Critical
1,1,10694,Critical
0,0,10687,Critical
0,0,10687,Critical
0,0,10685,Low
0,0,10681,Critical
0,0,10681,Healthy
0,0,10679,Critical
0,0,10679,Critical
0,0,10679,Critical
0,0,10676,Critical
1,1,10675,Low
1,1,10675,Low
1,1,10675,Low
1,1,10675,Low
0,0,10664,Critical
0,0,10664,Low
1,1,10658,Critical
2,0,10656,Critical
0,0,10656,Low
0,0,10656,Critical
2,0,10656,Low
0,0,10650,Critical
2,0,10646,Medium
2,0,10621,Healthy
2,0,10618,Medium
2,0,10614,Medium
2,0,10608,Healthy
0,0,10602,Critical
2,0,10592,Medium
0,0,10592,Medium
2,0,10592,Medium
0,0,10592,Medium
2,0,10592,Medium
2,0,10592,Low
2,0,10590,Low
2,0,10586,Low
2,0,10586,Low
2,0,10586,Low
2,0,10586,Low
0,0,10575,Critical
0,0,10569,Medium
0,0,10569,Low
0,0,10569,Low
0,0,10569,Healthy
0,0,10569,Healthy
2,0,10568,Healthy
2,0,10568,Healthy
2,0,10568,Healthy
2,0,10568,Healthy
2,0,10568,Healthy
0,0,10565,Low
0,0,10562,Low
0,0,10562,Critical
0,0,10562,Critical
0,0,10562,Low
2,0,10562,Critical
2,0,10560,Low
2,0,10560,Low
2,0,10560,Critical
2,0,10560,Low
0,0,10556,Critical
2,0,10546,Medium
0,0,10543,Critical
2,0,10535,Low
2,0,10534,Critical
2,0,10534,Critical
2,0,10534,Critical
0,0,10533,Low
0,0,10533,Low
0,0,10533,Medium
2,0,10531,Healthy
2,0,10531,Critical
0,0,10531,Critical
1,1,10526,Critical
0,0,10524,Critical
2,0,10522,Critical
2,0,10522,Critical
2,0,10522,Critical
0,0,10519,Low
0,0,10514,Healthy
1,1,10511,Low
1,1,10511,Low
1,1,10511,Low
1,1,10511,Low
0,0,10507,Critical
0,0,10504,Low
2,0,10501,Critical
0,0,10493,Critical
2,0,10493,Low
2,0,10493,Critical
2,0,10493,Critical
2,0,10491,Critical
0,0,10484,Critical
2,0,10479,Medium
2,0,10455,Healthy
2,0,10455,Medium
2,0,10442,Medium
2,0,10439,Healthy
2,0,10429,Low
2,0,10429,Low
2,0,10429,Low
2,0,10429,Low
0,0,10428,Critical
2,0,10427,Low
0,0,10425,Low
2,0,10423,Medium
0,0,10423,Medium
2,0,10423,Medium
0,0,10423,Medium
2,0,10423,Medium
0,0,10412,Critical
0,0,10409,Medium
0,0,10409,Healthy
0,0,10409,Healthy
2,0,10409,Low
2,0,10409,Low
0,0,10408,Low
2,0,10407,Low
2,0,10407,Low
2,0,10407,Critical
2,0,10407,Critical
2,0,10407,Critical
2,0,10403,Low
2,0,10403,Critical
2,0,10403,Low
2,0,10403,Low
2,0,10398,Medium
2,0,10398,Medium
2,0,10398,Medium
2,0,10398,Medium
2,0,10398,Medium
0,0,10393,Critical
2,0,10373,Critical
2,0,10373,Critical
2,0,10373,Critical
2,0,10373,Critical
2,0,10372,Low
0,0,10371,Critical
2,0,10370,Medium
1,1,10368,Critical
2,0,10368,Critical
2,0,10368,Critical
2,0,10368,Critical
2,0,10365,Healthy
2,0,10365,Critical
0,0,10363,Low
0,0,10363,Low
0,0,10363,Medium
0,0,10361,Critical
0,0,10359,Low
2,0,10351,Medium
1,1,10347,Low
1,1,10347,Low
1,1,10347,Low
1,1,10347,Low
0,0,10340,Critical
0,0,10337,Critical
0,0,10334,Low
0,0,10333,Critical
2,0,10322,Medium
2,0,10319,Critical
0,0,10318,Critical
0,0,10317,Critical
0,0,10317,Critical
0,0,10317,Critical
0,0,10291,Medium
2,0,10286,Medium
2,0,10283,Medium
2,0,10279,Healthy
0,0,10274,Critical
0,0,10266,Low
0,0,10266,Low
0,0,10266,Low
0,0,10266,Low
0,0,10266,Low
2,0,10263,Low
2,0,10263,Low
2,0,10263,Low
2,0,10263,Low
2,0,10261,Low
2,0,10258,Low
0,0,10251,Low
2,0,10249,Low
2,0,10249,Low
2,0,10249,Critical
2,0,10249,Low
2,0,10246,Medium
2,0,10246,Low
2,0,10246,Low
2,0,10246,Healthy
2,0,10246,Healthy
0,0,10243,Critical
0,0,10236,Critical
2,0,10235,Low
2,0,10235,Critical
2,0,10235,Critical
2,0,10235,Low
2,0,10235,Critical
2,0,10226,Medium
2,0,10226,Medium
2,0,10226,Medium
2,0,10226,Medium
2,0,10226,Medium
0,-1,10222,Critical
0,0,10213,Critical
0,0,10213,Critical
2,0,10211,Low
0,0,10211,Critical
2,0,10210,Critical
2,0,10208,Healthy
2,0,10208,Critical
2,0,10207,Medium
2,0,10207,Critical
1,1,10202,Critical
2,0,10198,Critical
2,0,10198,Critical
2,0,10198,Critical
2,0,10198,Critical
0,0,10197,Low
0,0,10197,Low
0,0,10197,Medium
0,0,10190,Low
1,1,10186,Low
1,1,10186,Low
1,1,10186,Low
1,1,10186,Low
0,0,10185,Medium
2,0,10183,Critical
0,0,10180,Critical
0,0,10177,Low
0,0,10165,Medium
0,0,10157,Critical
0,0,10157,Critical
0,0,10157,Critical
2,0,10150,Critical
0,0,10148,Critical
0,0,10131,Medium
2,0,10126,Medium
2,0,10120,Medium
0,0,10114,Critical
2,0,10107,Healthy
2,0,10106,Low
2,0,10106,Low
2,0,10106,Low
2,0,10106,Low
2,0,10106,Low
2,0,10103,Low
2,0,10100,Low
2,0,10100,Low
2,0,10100,Low
2,0,10100,Low
2,0,10091,Low
1,0,10090,Low
2,0,10083,Low
2,0,10083,Critical
2,0,10083,Low
2,0,10083,Low
2,0,10082,Low
2,0,10082,Low
2,0,10082,Medium
2,0,10082,Healthy
2,0,10082,Healthy
2,0,10079,Critical
0,0,10076,Critical
0,0,10075,Critical
0,0,10075,Critical
0,0,10075,Low
0,0,10075,Low
0,0,10075,Critical
0,0,10060,Medium
0,0,10060,Medium
0,0,10060,Medium
0,0,10060,Medium
0,0,10060,Medium
0,0,10056,Critical
0,0,10053,Critical
0,0,10053,Critical
0,0,10051,Critical
2,0,10047,Critical
1,1,10045,Critical
2,0,10042,Low
2,0,10041,Medium
2,0,10038,Critical
2,0,10038,Healthy
2,0,10038,Critical
0,0,10035,Critical
0,0,10035,Critical
0,0,10035,Critical
2,0,10035,Critical
1,1,10022,Low
1,1,10022,Low
1,1,10022,Low
1,1,10022,Low
0,0,10020,Low
0,0,10019,Low
0,0,10019,Low
0,0,10019,Medium
0,0,10019,Medium
0,0,10017,Critical
2,0,10014,Critical
0,0,10011,Critical
2,0,10005,Medium
0,0,9991,Critical
0,0,9991,Critical
0,0,9991,Critical
0,0,9987,Critical
0,0,9979,Critical
2,0,9974,Medium
2,0,9954,Medium
0,0,9951,Critical
2,0,9948,Medium
2,0,9947,Healthy
0,0,9937,Low
0,0,9937,Low
0,0,9937,Low
0,0,9937,Low
0,0,9937,Low
0,0,9937,Low
0,0,9937,Low
0,0,9937,Low
0,0,9937,Low
2,0,9934,Low
2,0,9928,Low
1,1,9926,Low
2,0,9920,Low
2,0,9920,Low
2,0,9920,Critical
2,0,9920,Low
2,0,9918,Medium
2,0,9918,Low
2,0,9918,Low
2,0,9918,Healthy
2,0,9918,Healthy
0,0,9912,Critical
0,0,9912,Low
0,0,9912,Critical
0,0,9912,Critical
0,0,9912,Critical
0,0,9912,Low
0,0,9904,Critical
0,0,9896,Critical
0,0,9894,Critical
0,0,9890,Medium
0,0,9890,Medium
0,0,9890,Medium
0,0,9890,Medium
0,0,9890,Medium
0,0,9890,Critical
0,0,9890,Critical
2,0,9890,Critical
1,1,9881,Critical
2,0,9879,Low
2,0,9877,Medium
2,0,9874,Critical
2,0,9872,Critical
2,0,9872,Healthy
2,0,9869,Critical
2,0,9869,Critical
2,0,9869,Critical
2,0,9868,Critical
0,0,9866,Critical
1,1,9856,Critical
1,1,9856,Critical
1,1,9856,Critical
1,1,9856,Critical
0,0,9855,Medium
0,0,9854,Low
0,0,9854,Critical
0,0,9846,Low
0,0,9846,Low
0,0,9846,Medium
2,0,9845,Critical
2,0,9830,Medium
0,0,9819,Critical
0,0,9819,Critical
0,0,9819,Critical
0,0,9816,Critical
2,0,9811,Critical
0,0,9808,Medium
2,0,9794,Medium
0,0,9784,Critical
2,0,9784,Healthy
0,0,9776,Low
0,0,9776,Low
0,0,9776,Low
0,0,9776,Low
0,0,9776,Low
0,0,9774,Low
0,0,9774,Low
0,0,9774,Low
0,0,9774,Low
2,0,9771,Medium
2,0,9768,Low
2,0,9764,Low
2,0,9759,Low
2,0,9759,Low
2,0,9759,Critical
2,0,9759,Low
2,0,9758,Healthy
2,0,9758,Healthy
1,1,9758,Low
2,0,9758,Medium
2,0,9758,Low
2,0,9758,Low
0,0,9751,Critical
0,0,9751,Low
0,0,9751,Critical
0,0,9751,Low
0,0,9751,Critical
0,0,9749,Critical
2,0,9742,Critical
0,0,9737,Critical
0,0,9733,Critical
0,0,9733,Critical
0,0,9732,Critical
0,0,9730,Critical
0,0,9727,Medium
0,0,9727,Medium
0,0,9727,Medium
0,0,9727,Medium
0,0,9727,Medium
2,0,9723,Low
1,1,9717,Critical
2,0,9708,Critical
2,0,9708,Medium
2,0,9706,Critical
2,0,9706,Critical
2,0,9706,Critical
2,0,9705,Critical
2,0,9703,Healthy
2,0,9703,Critical
0,0,9700,Critical
0,0,9695,Medium
0,0,9694,Low
1,1,9692,Critical
1,1,9692,Critical
1,1,9692,Critical
1,1,9692,Critical
2,0,9691,Critical
0,0,9677,Low
0,0,9677,Low
0,0,9677,Medium
2,0,9674,Critical
2,0,9672,Medium
0,0,9659,Critical
2,0,9652,Critical
2,0,9652,Critical
2,0,9652,Critical
2,0,9642,Medium
2,0,9642,Critical
2,0,9632,Medium
2,0,9621,Critical
0,0,9614,Low
0,0,9614,Low
0,0,9614,Low
0,0,9614,Low
0,0,9613,Medium
2,0,9612,Healthy
0,0,9607,Low
0,0,9607,Low
0,0,9607,Low
0,0,9607,Low
0,0,9607,Low
0,0,9602,Low
0,0,9602,Low
0,0,9602,Critical
0,0,9602,Low
2,0,9600,Low
2,0,9598,Low
2,0,9597,Medium
2,0,9597,Low
2,0,9597,Low
2,0,9597,Healthy
2,0,9597,Healthy
0,0,9595,Critical
1,1,9592,Low
2,0,9588,Critical
2,0,9588,Low
2,0,9588,Critical
2,0,9588,Low
2,0,9588,Critical
2,0,9587,Critical
0,0,9573,Critical
0,0,9573,Critical
0,0,9573,Critical
0,0,9567,Critical
0,0,9562,Critical
2,0,9559,Low
1,1,9555,Critical
2,0,9555,Medium
2,0,9555,Medium
2,0,9555,Medium
2,0,9555,Medium
2,0,9555,Medium
2,0,9546,Critical
2,0,9546,Critical
2,0,9546,Critical
2,0,9545,Critical
2,0,9544,Medium
2,0,9544,Critical
0,0,9543,Critical
0,0,9538,Medium
0,0,9536,Medium
0,0,9536,Critical
1,1,9526,Critical
1,1,9526,Critical
1,1,9526,Critical
1,1,9526,Critical
0,0,9525,Low
2,0,9521,Critical
2,0,9519,Critical
2,0,9515,Medium
0,0,9501,Low
0,0,9501,Low
0,0,9501,Medium
0,0,9493,Critical
0,0,9486,Critical
0,0,9486,Critical
0,0,9486,Critical
2,0,9476,Medium
2,0,9475,Critical
2,0,9460,Medium
0,0,9458,Critical
0,0,9457,Low
0,0,9457,Low
0,0,9457,Low
0,0,9457,Low
0,0,9447,Low
0,0,9447,Low
0,0,9447,Low
0,0,9447,Low
0,0,9447,Low
2,0,9445,Low
2,0,9445,Low
2,0,9445,Critical
2,0,9445,Critical
2,0,9440,Low
2,0,9439,Low
2,0,9437,Low
2,0,9437,Low
2,0,9437,Medium
2,0,9437,Healthy
2,0,9437,Healthy
0,0,9435,Medium
2,0,9435,Healthy
0,0,9429,Critical
2,0,9428,Critical
2,0,9428,Low
2,0,9428,Critical
2,0,9428,Low
2,0,9428,Critical
1,1,9424,Low
2,0,9420,Critical
0,0,9413,Critical
2,0,9410,Critical
2,0,9410,Critical
2,0,9394,Critical
1,1,9392,Critical
2,0,9391,Medium
2,0,9391,Medium
2,0,9391,Medium
2,0,9391,Medium
2,0,9391,Medium
0,0,9390,Critical
2,0,9387,Low
0,0,9386,Critical
2,0,9385,Critical
0,0,9381,Medium
2,0,9381,Low
0,0,9379,Critical
0,0,9379,Critical
0,0,9379,Critical
2,0,9378,Medium
2,0,9378,Critical
0,0,9368,Low
0,0,9364,Critical
2,0,9359,Critical
2,0,9358,Medium
1,1,9352,Critical
1,1,9352,Critical
1,1,9352,Critical
1,1,9352,Critical
2,0,9350,Critical
0,0,9332,Low
0,0,9332,Low
0,0,9332,Medium
0,0,9331,Critical
0,0,9329,Critical
0,0,9329,Critical
0,0,9329,Critical
0,0,9313,Medium
0,0,9306,Critical
0,0,9298,Critical
0,0,9290,Low
0,0,9290,Low
0,0,9290,Low
0,0,9290,Low
2,0,9287,Low
2,0,9287,Low
2,0,9287,Low
2,0,9287,Low
2,0,9287,Low
2,0,9282,Medium
2,0,9279,Low
2,0,9279,Critical
2,0,9279,Medium
2,0,9279,Low
2,0,9279,Low
2,0,9279,Low
2,0,9279,Healthy
2,0,9279,Healthy
2,0,9279,Low
2,0,9279,Critical
2,0,9274,Low
0,0,9268,Low
0,0,9268,Low
0,0,9268,Critical
0,0,9268,Critical
0,0,9268,Critical
0,0,9266,Healthy
0,0,9266,Medium
0,0,9266,Critical
1,1,9262,Low
0,0,9259,Critical
0,0,9259,Critical
0,0,9256,Critical
0,0,9253,Critical
2,0,9234,Critical
1,1,9226,Critical
0,0,9224,Medium
0,0,9224,Critical
2,0,9223,Low
0,0,9220,Critical
2,0,9219,Critical
2,0,9218,Low
0,0,9216,Critical
0,0,9216,Critical
2,0,9216,Critical
0,0,9216,Medium
0,0,9216,Medium
0,0,9216,Medium
0,0,9216,Medium
0,0,9216,Medium
2,0,9215,Medium
2,0,9215,Critical
2,0,9209,Critical
0,0,9205,Critical
2,0,9204,Low
2,0,9196,Critical
2,0,9195,Low
1,1,9186,Critical
1,1,9186,Critical
1,1,9186,Critical
1,1,9186,Critical
0,0,9175,Critical
2,0,9162,Critical
2,0,9162,Critical
2,0,9162,Critical
0,0,9160,Low
0,0,9160,Low
0,0,9160,Medium
0,0,9146,Medium
2,0,9143,Critical
2,0,9133,Low
2,0,9133,Low
2,0,9133,Low
0,0,9133,Low
0,0,9132,Critical
0,0,9125,Medium
0,0,9124,Low
0,0,9124,Low
0,0,9124,Low
0,0,9124,Low
0,0,9124,Low
2,0,9121,Medium
2,0,9121,Low
2,0,9121,Low
2,0,9121,Healthy
2,0,9121,Healthy
2,0,9121,Low
0,0,9119,Low
0,0,9119,Low
0,0,9119,Critical
0,0,9119,Critical
2,0,9111,Low
0,0,9108,Low
0,0,9108,Critical
0,0,9108,Critical
0,0,9108,Low
0,0,9108,Critical
0,0,9103,Critical
0,0,9100,Healthy
0,0,9100,Medium
0,0,9099,Critical
0,0,9099,Critical
0,0,9093,Critical
1,1,9092,Low
2,0,9086,Critical
2,0,9080,Critical
0,0,9063,Critical
1,1,9062,Critical
0,0,9058,Medium
0,0,9056,Critical
0,0,9056,Critical
0,0,9056,Critical
2,0,9056,Critical
0,0,9054,Critical
2,0,9054,Low
2,0,9054,Low
0,0,9051,Critical
2,0,9045,Critical
2,0,9044,Medium
2,0,9044,Critical
0,0,9040,Medium
0,0,9040,Medium
0,0,9040,Medium
0,0,9040,Medium
0,0,9040,Medium
2,0,9036,Critical
2,0,9035,Low
1,1,9024,Critical
1,1,9024,Critical
1,1,9024,Critical
1,1,9024,Critical
2,0,9019,Low
2,0,9015,Critical
0,0,9002,Critical
0,0,9002,Critical
0,0,9002,Critical
0,0,8987,Low
0,0,8987,Low
0,0,8987,Medium
0,0,8983,Medium
2,0,8977,Critical
0,0,8969,Critical
2,0,8967,Medium
2,0,8967,Low
2,0,8967,Low
2,0,8967,Healthy
2,0,8967,Healthy
2,0,8967,Low
2,0,8964,Low
2,0,8964,Low
2,0,8964,Low
2,0,8964,Low
0,0,8954,Low
0,0,8954,Low
0,0,8954,Low
0,0,8954,Low
0,0,8954,Low
2,0,8953,Low
2,0,8953,Low
2,0,8953,Critical
2,0,8953,Critical
0,0,8947,Medium
0,0,8945,Critical
0,0,8945,Critical
0,0,8945,Low
0,0,8945,Low
0,0,8945,Critical
2,0,8939,Low
0,0,8939,Critical
0,0,8939,Critical
0,0,8939,Critical
0,0,8936,Critical
0,0,8931,Healthy
0,0,8931,Medium
2,0,8929,Critical
1,1,8928,Low
0,0,8920,Critical
0,0,8906,Critical
2,0,8900,Low
0,0,8897,Critical
1,1,8896,Critical
0,0,8895,Critical
0,0,8895,Medium
2,0,8890,Medium
2,0,8890,Critical
2,0,8888,Low
0,0,8888,Critical
0,0,8887,Critical
0,0,8887,Critical
0,0,8887,Critical
2,0,8882,Critical
0,0,8882,Critical
0,0,8868,Medium
0,0,8868,Medium
0,0,8868,Medium
0,0,8868,Medium
0,0,8868,Medium
2,0,8864,Low
2,0,8856,Low
1,1,8854,Critical
1,1,8854,Critical
1,1,8854,Critical
1,1,8854,Critical
2,0,8852,Critical
2,5,8841,Critical
2,5,8841,Critical
2,5,8841,Critical
0,0,8823,Medium
2,0,8807,Critical
0,0,8806,Low
0,0,8806,Low
0,0,8806,Medium
2,0,8805,Medium
2,0,8805,Healthy
2,0,8805,Healthy
2,0,8805,Low
2,0,8805,Low
2,0,8805,Low
2,0,8803,Low
2,0,8803,Low
2,0,8803,Low
2,0,8803,Low
0,0,8799,Critical
2,0,8788,Critical
2,0,8788,Critical
2,0,8788,Low
2,0,8788,Critical
2,0,8788,Low
2,0,8786,Low
0,0,8785,Low
0,0,8785,Low
0,0,8785,Low
0,0,8785,Low
0,0,8785,Low
0,0,8782,Critical
0,0,8778,Medium
0,0,8777,Low
0,0,8777,Critical
0,0,8777,Critical
0,0,8777,Low
0,0,8776,Critical
0,0,8772,Critical
0,0,8772,Critical
2,0,8769,Critical
1,1,8765,Low
0,0,8755,Medium
0,0,8755,Healthy
2,0,8752,Critical
0,0,8749,Critical
0,0,8738,Medium
2,0,8737,Critical
2,0,8731,Low
2,0,8728,Low
2,0,8728,Critical
0,0,8728,Critical
2,0,8727,Medium
2,0,8727,Critical
2,0,8726,Critical
2,0,8726,Critical
2,0,8726,Critical
2,0,8726,Critical
0,0,8725,Critical
1,1,8722,Critical
2,0,8709,Low
0,0,8705,Medium
0,0,8705,Medium
0,0,8705,Medium
0,0,8705,Medium
0,0,8705,Medium
2,0,8699,Low
1,1,8691,Critical
1,1,8691,Critical
1,1,8691,Critical
1,1,8691,Critical
0,0,8688,Critical
2,5,8675,Critical
2,5,8675,Critical
2,5,8675,Critical
2,0,8657,Medium
2,0,8643,Low
2,0,8643,Low
2,0,8643,Low
2,0,8643,Low
0,0,8642,Low
0,0,8642,Low
0,0,8642,Medium
2,0,8641,Critical
2,0,8640,Medium
2,0,8640,Low
2,0,8640,Low
2,0,8640,Healthy
2,0,8640,Healthy
2,0,8638,Critical
0,0,8633,Critical
2,5,8628,Low
2,5,8628,Low
2,5,8628,Low
2,5,8628,Low
2,5,8628,Low
2,0,8623,Low
0,0,8622,Low
0,0,8622,Critical
0,0,8622,Critical
0,0,8622,Low
0,0,8622,Critical
0,0,8619,Critical
0,0,8612,Critical
0,0,8612,Medium
0,0,8610,Critical
0,0,8609,Critical
0,0,8609,Critical
0,0,8608,Low
0,0,8608,Critical
0,0,8608,Low
0,0,8608,Critical
1,1,8601,Low
0,0,8592,Critical
0,0,8592,Critical
0,0,8589,Healthy
0,0,8589,Medium
2,0,8580,Critical
0,0,8578,Medium
0,0,8574,Critical
2,0,8568,Low
2,0,8566,Medium
2,0,8566,Critical
2,0,8566,Critical
0,0,8566,Critical
0,0,8566,Critical
2,0,8566,Critical
0,0,8559,Critical
2,0,8558,Critical
1,1,8556,Critical
2,0,8555,Low
2,0,8549,Critical
2,0,8542,Medium
2,0,8542,Medium
2,0,8542,Medium
2,0,8542,Medium
2,0,8542,Medium
1,1,8533,Critical
1,1,8533,Critical
1,1,8533,Critical
1,1,8533,Critical
2,0,8533,Low
2,0,8519,Critical
2,5,8514,Critical
2,5,8514,Critical
2,5,8514,Critical
0,0,8494,Medium
2,0,8480,Low
2,0,8480,Low
2,0,8480,Low
0,0,8480,Low
0,0,8479,Low
0,0,8479,Low
0,0,8479,Medium
2,0,8474,Medium
2,0,8474,Low
2,0,8474,Critical
2,0,8474,Low
2,0,8474,Healthy
2,0,8474,Healthy
2,5,8473,Low
2,5,8473,Low
2,5,8473,Low
2,5,8473,Low
2,5,8473,Low
0,0,8469,Critical
0,0,8465,Critical
0,0,8465,Low
0,0,8465,Critical
0,0,8465,Low
0,0,8465,Critical
0,0,8465,Critical
2,0,8461,Low
0,0,8461,Critical
0,0,8459,Critical
2,0,8446,Critical
0,0,8443,Critical
0,0,8443,Critical
0,0,8442,Medium
2,0,8439,Low
2,0,8439,Critical
2,0,8439,Low
2,0,8439,Critical
0,0,8435,Critical
1,1,8431,Low
0,0,8429,Critical
0,0,8420,Medium
0,0,8420,Medium
0,0,8418,Medium
2,0,8414,Critical
2,0,8413,Critical
0,0,8402,Medium
0,0,8402,Critical
2,0,8400,Critical
0,0,8400,Critical
0,0,8400,Critical
2,0,8400,Critical
0,0,8398,Low
2,0,8395,Critical
0,0,8395,Critical
1,1,8394,Critical
0,0,8389,Critical
2,0,8389,Low
0,0,8382,Medium
0,0,8382,Medium
0,0,8382,Medium
0,0,8382,Medium
0,0,8382,Medium
2,0,8367,Low
1,1,8365,Critical
1,1,8365,Critical
1,1,8365,Critical
1,1,8365,Critical
0,0,8356,Critical
2,5,8347,Critical
2,5,8347,Critical
2,5,8347,Critical
0,0,8324,Medium
0,0,8322,Low
0,0,8322,Medium
0,0,8322,Low
2,0,8320,Low
2,0,8320,Low
2,0,8320,Low
2,0,8320,Low
2,0,8314,Critical
2,0,8314,Medium
2,0,8314,Low
2,0,8314,Low
2,0,8314,Healthy
2,0,8314,Healthy
0,0,8311,Critical
0,0,8311,Low
0,0,8311,Critical
0,0,8311,Low
0,0,8311,Critical
2,5,8306,Low
2,5,8306,Low
2,5,8306,Low
2,5,8306,Low
2,5,8306,Low
2,0,8306,Critical
0,0,8304,Critical
0,0,8302,Critical
0,0,8298,Low
0,0,8296,Critical
2,0,8289,Critical
0,0,8283,Critical
0,0,8283,Critical
0,0,8278,Critical
0,0,8272,Low
0,0,8272,Critical
0,0,8272,Low
0,0,8272,Critical
0,0,8267,Medium
1,1,8265,Low
2,0,8263,Critical
0,0,8259,Critical
2,0,8257,Critical
0,0,8255,Medium
0,0,8244,Medium
0,0,8244,Medium
0,0,8241,Critical
2,0,8235,Low
0,0,8234,Critical
0,0,8234,Medium
0,0,8233,Critical
0,0,8233,Critical
0,0,8233,Critical
0,0,8233,Critical
0,0,8226,Critical
1,1,8224,Critical
0,0,8223,Critical
2,0,8223,Low
0,0,8215,Medium
0,0,8215,Medium
0,0,8215,Medium
0,0,8215,Medium
0,0,8215,Medium
1,1,8201,Critical
1,1,8201,Critical
1,1,8201,Critical
1,1,8201,Critical
2,0,8200,Low
2,0,8196,Critical
2,5,8188,Critical
2,5,8188,Critical
2,5,8188,Critical
0,0,8167,Low
2,0,8163,Low
2,0,8163,Low
2,0,8163,Low
2,0,8163,Low
0,0,8155,Low
0,0,8155,Low
0,0,8155,Medium
2,0,8154,Critical
2,0,8154,Medium
2,0,8154,Low
2,0,8154,Low
2,0,8154,Medium
2,0,8154,Medium
0,0,8142,Critical
0,0,8141,Low
0,0,8141,Critical
0,0,8141,Critical
0,0,8141,Low
0,0,8141,Critical
0,5,8140,Low
0,5,8140,Low
0,5,8140,Low
0,5,8140,Low
0,5,8140,Low
0,0,8136,Critical
0,0,8134,Critical
2,0,8131,Critical
0,0,8130,Low
0,0,8129,Critical
0,0,8129,Critical
2,0,8120,Critical
0,0,8118,Critical
0,0,8106,Critical
0,0,8106,Critical
0,0,8106,Low
0,0,8106,Critical
0,0,8102,Critical
0,0,8101,Medium
0,0,8099,Critical
1,1,8097,Low
0,0,8094,Medium
0,0,8090,Critical
2,0,8089,Medium
2,0,8089,Medium
0,0,8087,Critical
2,0,8078,Low
2,0,8070,Critical
0,0,8070,Critical
0,0,8070,Critical
2,0,8070,Critical
2,0,8065,Medium
2,0,8065,Critical
2,0,8063,Critical
2,0,8062,Low
1,1,8060,Critical
2,0,8058,Medium
2,0,8058,Medium
2,0,8058,Medium
2,0,8058,Medium
2,0,8058,Medium
0,0,8057,Critical
2,0,8043,Low
1,1,8035,Critical
1,1,8035,Critical
1,1,8035,Critical
1,1,8035,Critical
2,0,8030,Critical
2,5,8024,Critical
2,5,8024,Critical
2,5,8024,Critical
2,0,8007,Low
2,0,7997,Low
2,0,7997,Low
2,0,7997,Low
2,0,7997,Low
2,0,7994,Low
2,0,7994,Low
2,0,7994,Critical
2,0,7994,Low
2,0,7994,Medium
2,0,7994,Medium
0,0,7989,Low
0,0,7989,Low
0,0,7989,Low
0,0,7987,Critical
0,0,7987,Low
0,0,7987,Critical
0,0,7987,Low
0,0,7987,Critical
0,0,7979,Critical
0,0,7979,Critical
2,0,7975,Critical
2,0,7975,Critical
0,0,7971,Critical
2,0,7970,Critical
2,0,7969,Low
2,0,7960,Critical
2,-1,7955,Low
2,-1,7955,Low
2,-1,7955,Low
2,-1,7955,Low
2,-1,7955,Low
0,0,7951,Critical
0,0,7945,Critical
0,0,7937,Critical
0,0,7937,Low
0,0,7937,Critical
0,0,7937,Critical
0,0,7936,Critical
0,0,7931,Medium
0,0,7931,Medium
1,1,7931,Low
2,0,7930,Critical
2,0,7927,Critical
0,0,7923,Medium
0,0,7923,Medium
2,0,7911,Medium
2,0,7911,Critical
2,0,7910,Low
2,0,7910,Critical
2,0,7910,Critical
2,0,7910,Critical
2,0,7910,Critical
2,0,7905,Critical
1,1,7903,Critical
0,0,7898,Medium
2,0,7898,Medium
0,0,7898,Medium
2,0,7898,Medium
2,0,7898,Medium
2,0,7887,Low
2,0,7886,Low
0,0,7885,Critical
1,1,7867,Critical
1,1,7867,Critical
1,1,7867,Critical
1,1,7867,Critical
0,0,7866,Critical
2,5,7863,Critical
2,5,7863,Critical
2,5,7863,Critical
0,0,7838,Low
0,0,7834,Low
0,0,7834,Medium
0,0,7834,Medium
2,0,7834,Low
2,0,7834,Critical
2,0,7834,Low
2,0,7830,Low
2,0,7830,Low
2,0,7830,Low
0,0,7830,Low
2,0,7821,Critical
2,0,7821,Critical
0,0,7820,Low
0,0,7820,Low
0,0,7820,Low
0,0,7817,Critical
0,0,7817,Low
0,0,7817,Critical
0,0,7817,Low
0,0,7817,Critical
0,0,7816,Critical
0,0,7812,Critical
0,0,7808,Critical
2,0,7807,Critical
2,0,7806,Low
2,0,7796,Critical
2,5,7795,Low
2,5,7795,Low
2,5,7795,Low
2,5,7795,Low
2,5,7795,Low
0,0,7785,Critical
0,0,7785,Critical
0,0,7776,Critical
2,0,7770,Critical
0,0,7768,Medium
0,0,7768,Critical
0,0,7768,Low
0,0,7768,Critical
0,0,7768,Critical
0,0,7766,Medium
0,0,7766,Medium
1,1,7765,Low
2,0,7761,Critical
0,0,7755,Medium
2,0,7748,Medium
2,0,7748,Critical
0,0,7741,Medium
0,0,7741,Medium
0,0,7741,Medium
0,0,7741,Medium
0,0,7741,Medium
0,0,7741,Critical
0,0,7741,Critical
0,0,7741,Critical
0,0,7741,Critical
2,0,7738,Low
2,0,7738,Critical
1,1,7735,Critical
2,0,7724,Low
2,0,7721,Critical
2,0,7720,Low
0,0,7700,Critical
1,1,7697,Critical
1,1,7697,Critical
1,1,7697,Critical
1,1,7697,Critical
0,5,7690,Critical
0,5,7690,Critical
0,5,7690,Critical
0,0,7680,Medium
0,0,7680,Medium
0,0,7680,Low
0,0,7680,Low
0,0,7680,Critical
0,0,7680,Low
0,0,7678,Low
0,0,7667,Low
0,0,7667,Low
0,0,7667,Low
0,0,7667,Low
0,0,7659,Critical
0,0,7658,Critical
0,0,7658,Critical
0,0,7653,Low
0,0,7653,Low
0,0,7653,Low
0,0,7653,Critical
0,0,7653,Low
0,0,7653,Critical
0,0,7653,Low
0,0,7653,Critical
0,0,7649,Critical
0,0,7644,Critical
2,5,7641,Low
2,5,7641,Low
2,5,7641,Low
2,5,7641,Low
2,5,7641,Low
0,0,7639,Critical
2,0,7638,Critical
2,0,7634,Low
0,0,7625,Critical
2,0,7621,Critical
2,0,7609,Medium
2,0,7609,Medium
2,0,7608,Medium
2,0,7607,Critical
2,0,7604,Critical
0,0,7601,Critical
0,0,7601,Low
0,0,7601,Critical
0,0,7601,Critical
0,0,7601,Medium
1,1,7595,Low
2,0,7594,Critical
0,0,7584,Medium
0,0,7584,Medium
0,0,7584,Medium
0,0,7584,Medium
0,0,7584,Medium
0,0,7584,Critical
0,0,7584,Critical
0,0,7584,Critical
0,0,7584,Critical
0,0,7580,Low
0,0,7580,Critical
2,0,7578,Medium
2,0,7578,Critical
1,1,7571,Critical
0,0,7564,Critical
2,0,7557,Low
2,0,7556,Low
2,0,7540,Critical
1,1,7536,Critical
1,1,7536,Critical
1,1,7536,Critical
1,1,7536,Critical
2,0,7528,Critical
2,0,7528,Critical
2,0,7528,Critical
0,0,7520,Low
0,0,7520,Low
0,0,7520,Critical
0,0,7520,Low
0,0,7520,Medium
0,0,7520,Medium
0,0,7508,Low
0,0,7501,Low
0,0,7501,Low
0,0,7501,Low
0,0,7501,Low
0,0,7499,Critical
0,0,7499,Low
2,0,7499,Critical
0,0,7499,Low
2,0,7499,Critical
0,0,7495,Critical
0,0,7495,Critical
0,0,7495,Critical
0,0,7490,Critical
0,0,7489,Critical
0,0,7484,Low
0,0,7484,Low
0,0,7484,Low
0,0,7482,Critical
2,5,7481,Low
2,5,7481,Low
2,5,7481,Low
2,5,7481,Low
2,5,7481,Low
2,0,7477,Critical
2,0,7476,Critical
2,0,7470,Low
0,0,7462,Critical
0,0,7450,Critical
2,0,7449,Medium
2,0,7449,Medium
0,0,7442,Medium
2,0,7437,Critical
0,0,7435,Critical
0,0,7435,Low
0,0,7435,Critical
0,0,7435,Critical
0,0,7435,Medium
1,1,7431,Low
2,0,7425,Critical
2,0,7424,Medium
2,0,7424,Medium
2,0,7424,Medium
2,0,7424,Medium
2,0,7424,Medium
0,0,7424,Critical
0,0,7424,Critical
0,0,7424,Critical
0,0,7424,Critical
2,0,7415,Medium
2,0,7415,Critical
2,0,7414,Low
2,0,7414,Critical
1,1,7405,Critical
2,0,7396,Low
2,0,7394,Low
2,0,7380,Critical
1,1,7376,Critical
1,1,7376,Critical
1,1,7376,Critical
1,1,7376,Critical
0,-1,7375,Critical
2,0,7367,Critical
2,0,7367,Critical
2,0,7367,Critical
0,0,7357,Low
0,0,7357,Low
0,0,7357,Low
0,0,7357,Medium
0,0,7357,Medium
0,0,7357,Critical
0,0,7348,Low
2,0,7341,Low
2,0,7341,Low
2,0,7341,Low
2,0,7341,Low
2,0,7336,Critical
0,0,7336,Low
2,0,7336,Critical
2,0,7336,Low
2,0,7336,Critical
0,0,7329,Critical
0,0,7329,Critical
0,0,7327,Critical
0,0,7324,Critical
2,5,7323,Low
2,5,7323,Low
2,5,7323,Low
2,5,7323,Low
2,5,7323,Low
0,0,7320,Critical
0,0,7318,Critical
0,0,7316,Critical
2,0,7314,Critical
0,0,7306,Low
0,0,7306,Low
0,0,7306,Low
0,0,7302,Critical
2,0,7301,Low
0,0,7290,Critical
0,0,7283,Medium
0,0,7283,Medium
0,0,7282,Medium
0,0,7278,Medium
2,0,7271,Critical
0,0,7269,Critical
0,0,7269,Low
0,0,7269,Critical
0,0,7269,Critical
2,0,7268,Critical
2,0,7264,Medium
2,0,7264,Medium
2,0,7264,Medium
2,0,7264,Medium
2,0,7264,Medium
1,1,7261,Low
2,0,7258,Critical
0,0,7258,Critical
0,0,7258,Critical
0,0,7258,Critical
2,0,7254,Low
2,0,7254,Critical
0,0,7252,Medium
0,0,7252,Critical
2,0,7237,Low
1,1,7237,Critical
0,0,7225,Low
2,0,7214,Critical
0,0,7212,Critical
1,1,7208,Critical
1,1,7208,Critical
1,1,7208,Critical
1,1,7208,Critical
2,0,7205,Critical
2,0,7205,Critical
2,0,7205,Critical
0,0,7190,Low
0,0,7190,Low
0,0,7190,Critical
0,0,7190,Low
0,0,7190,Medium
0,0,7190,Medium
2,0,7188,Low
2,0,7178,Low
2,0,7178,Low
2,0,7178,Low
2,0,7178,Low
2,0,7176,Critical
0,0,7176,Low
2,0,7176,Critical
2,0,7176,Low
2,0,7176,Critical
0,0,7172,Critical
0,0,7172,Critical
0,0,7166,Critical
0,0,7160,Critical
2,5,7160,Low
2,5,7160,Low
2,5,7160,Low
2,5,7160,Low
2,5,7160,Low
0,0,7160,Critical
2,0,7159,Critical
2,0,7154,Critical
0,0,7149,Critical
0,0,7141,Critical
2,0,7141,Low
0,0,7133,Low
0,0,7133,Low
0,0,7133,Low
2,0,7129,Medium
2,0,7129,Low
2,0,7121,Medium
2,0,7120,Critical
0,0,7116,Medium
0,0,7110,Medium
0,0,7110,Medium
0,0,7110,Medium
0,0,7110,Medium
0,0,7110,Medium
2,0,7109,Critical
2,0,7109,Critical
2,0,7109,Critical
2,0,7109,Critical
0,0,7105,Critical
2,0,7102,Critical
1,1,7101,Low
0,0,7091,Critical
0,0,7091,Critical
0,0,7091,Critical
0,0,7091,Critical
2,0,7088,Critical
2,0,7088,Medium
2,0,7081,Low
2,0,7081,Critical
2,0,7068,Low
1,1,7067,Critical
2,0,7057,Critical
0,0,7053,Low
2,0,7049,Critical
2,0,7046,Critical
2,0,7046,Critical
2,0,7046,Critical
1,1,7038,Critical
1,1,7038,Critical
1,1,7038,Critical
1,1,7038,Critical
0,0,7033,Medium
0,0,7033,Medium
0,0,7033,Low
0,0,7033,Low
0,0,7033,Critical
0,0,7033,Low
0,0,7025,Low
0,0,7018,Critical
0,0,7018,Critical
0,0,7016,Low
0,0,7016,Low
0,0,7016,Critical
0,0,7016,Critical
0,0,7016,Critical
0,0,7011,Low
0,0,7011,Low
0,0,7011,Low
0,0,7011,Low
0,0,6999,Critical
0,0,6997,Critical
2,0,6994,Low
2,0,6994,Low
2,0,6994,Low
2,0,6994,Low
2,0,6994,Low
0,0,6993,Critical
0,0,6993,Critical
0,0,6989,Critical
2,0,6988,Critical
0,0,6981,Critical
2,0,6978,Low
0,0,6967,Low
0,0,6967,Low
0,0,6967,Low
0,0,6963,Medium
0,0,6963,Low
2,0,6961,Medium
1,-1,6959,Low
2,0,6951,Critical
2,0,6951,Critical
0,0,6950,Low
0,0,6950,Low
0,0,6950,Low
0,0,6950,Low
0,0,6950,Low
2,0,6945,Critical
2,0,6945,Critical
2,0,6945,Critical
2,0,6945,Critical
2,0,6945,Critical
1,1,6936,Low
2,0,6934,Medium
2,0,6934,Critical
0,0,6931,Critical
0,0,6931,Critical
0,0,6931,Critical
0,0,6931,Critical
2,0,6915,Low
2,0,6915,Critical
2,0,6911,Low
1,1,6905,Critical
2,0,6903,Critical
2,0,6903,Critical
2,0,6903,Critical
2,0,6898,Low
0,0,6890,Critical
0,0,6882,Critical
1,1,6876,Critical
1,1,6876,Critical
1,1,6876,Critical
1,1,6876,Critical
0,0,6873,Low
0,0,6873,Low
0,0,6873,Low
0,0,6873,Medium
0,0,6873,Medium
0,0,6873,Critical
0,0,6856,Low
0,0,6855,Critical
0,0,6855,Critical
0,0,6853,Critical
0,0,6853,Low
0,0,6853,Critical
0,0,6853,Low
0,0,6853,Critical
0,0,6842,Low
0,0,6842,Low
0,0,6842,Low
0,0,6842,Low
0,0,6839,Critical
0,0,6837,Critical
0,0,6836,Critical
0,0,6833,Critical
0,0,6832,Critical
2,0,6828,Critical
2,5,6827,Low
2,5,6827,Low
2,5,6827,Low
2,5,6827,Low
2,5,6827,Low
0,0,6818,Critical
0,0,6809,Medium
0,0,6809,Low
2,0,6808,Low
2,0,6797,Critical
0,0,6795,Critical
0,0,6795,Low
0,0,6795,Low
0,0,6794,Low
0,0,6792,Low
0,0,6790,Low
0,0,6790,Low
0,0,6790,Low
2,0,6790,Low
2,0,6790,Low
2,0,6785,Critical
0,0,6782,Critical
2,0,6780,Critical
2,0,6780,Critical
2,0,6780,Critical
2,0,6780,Critical
2,0,6776,Critical
2,0,6776,Critical
2,0,6776,Critical
2,0,6776,Critical
1,1,6772,Critical
2,0,6765,Medium
2,0,6765,Critical
2,0,6754,Low
2,0,6749,Low
2,0,6749,Critical
1,1,6746,Critical
2,0,6743,Critical
2,0,6743,Critical
2,0,6743,Critical
2,0,6734,Low
0,0,6733,Critical
2,0,6716,Critical
0,0,6709,Low
0,0,6709,Low
0,0,6709,Critical
0,0,6709,Low
0,0,6709,Medium
0,0,6709,Medium
1,1,6706,Critical
1,1,6706,Critical
1,1,6706,Critical
1,1,6706,Critical
0,0,6689,Critical
0,0,6689,Low
0,0,6689,Critical
0,0,6689,Low
0,0,6689,Critical
0,0,6687,Low
0,0,6685,Critical
0,0,6685,Critical
0,0,6679,Critical
2,0,6676,Low
2,0,6676,Low
2,0,6676,Low
0,0,6676,Low
0,0,6670,Critical
0,0,6669,Critical
0,0,6668,Critical
0,0,6663,Critical
0,0,6661,Critical
2,0,6661,Low
2,0,6661,Low
2,0,6661,Low
2,0,6661,Low
2,0,6661,Low
0,0,6652,Critical
2,0,6651,Low
0,0,6646,Medium
0,0,6646,Low
0,0,6641,Low
2,0,6640,Critical
0,0,6631,Critical
0,0,6631,Low
0,0,6631,Low
0,0,6629,Low
2,0,6628,Critical
0,0,6618,Low
0,0,6618,Low
0,0,6618,Low
0,0,6618,Low
0,0,6618,Low
2,0,6615,Critical
0,0,6613,Critical
0,0,6613,Critical
0,0,6613,Critical
0,0,6613,Critical
2,0,6610,Critical
2,0,6610,Critical
2,0,6610,Critical
2,0,6610,Critical
1,1,6604,Critical
0,0,6602,Medium
2,0,6602,Critical
2,0,6600,Low
2,0,6592,Critical
2,0,6592,Critical
2,0,6592,Critical
2,0,6582,Critical
2,0,6582,Low
1,1,6578,Critical
2,0,6571,Low
0,0,6570,Critical
0,0,6555,Low
0,0,6555,Low
0,0,6555,Low
0,0,6555,Medium
0,0,6555,Medium
0,0,6555,Critical
2,0,6547,Critical
1,1,6540,Critical
1,1,6540,Critical
1,1,6540,Critical
1,1,6540,Critical
2,5,6530,Low
0,0,6525,Critical
0,0,6525,Critical
0,0,6523,Critical
0,0,6523,Low
0,0,6523,Critical
0,0,6523,Low
0,0,6523,Critical
0,0,6515,Critical
2,0,6510,Low
2,0,6510,Low
2,0,6510,Low
0,0,6510,Low
0,0,6510,Critical
0,0,6505,Critical
0,0,6504,Critical
0,0,6503,Critical
0,0,6498,Low
0,0,6498,Low
0,0,6498,Low
0,0,6498,Low
0,0,6498,Low
0,0,6497,Critical
0,0,6485,Low
0,0,6485,Critical
0,0,6485,Medium
0,0,6480,Critical
2,0,6475,Low
0,0,6474,Low
2,0,6474,Critical
2,0,6469,Low
2,0,6469,Low
2,0,6469,Low
2,0,6469,Low
2,0,6469,Low
0,0,6466,Low
0,0,6465,Critical
0,0,6465,Critical
0,0,6465,Low
2,0,6458,Critical
0,0,6447,Critical
0,0,6447,Critical
0,0,6447,Critical
0,0,6447,Critical
2,0,6447,Critical
2,0,6447,Critical
2,0,6447,Critical
2,0,6447,Critical
1,1,6446,Critical
0,0,6435,Critical
0,0,6435,Medium
2,0,6434,Low
2,0,6427,Critical
2,0,6427,Critical
2,0,6427,Critical
2,0,6417,Low
0,0,6416,Low
0,0,6416,Critical
1,1,6407,Critical
2,0,6407,Critical
0,0,6389,Medium
0,0,6389,Medium
0,0,6389,Low
0,0,6389,Low
0,0,6389,Critical
0,0,6389,Low
2,0,6384,Critical
1,1,6381,Critical
1,1,6381,Critical
1,1,6381,Critical
1,1,6381,Critical
2,5,6374,Low
0,0,6360,Critical
0,0,6360,Low
0,0,6360,Critical
0,0,6360,Low
0,0,6360,Critical
0,0,6359,Critical
0,0,6359,Critical
0,0,6349,Critical
0,0,6347,Critical
0,0,6347,Critical
2,0,6343,Low
2,0,6343,Low
2,0,6343,Low
0,0,6343,Low
2,0,6343,Critical
0,0,6339,Critical
2,0,6336,Critical
2,0,6335,Low
0,0,6335,Low
2,0,6335,Low
2,0,6335,Low
2,0,6335,Low
0,0,6322,Low
0,0,6322,Medium
0,0,6320,Low
2,0,6319,Critical
3,7,6317,Low
0,0,6317,Critical
2,0,6317,Critical
2,0,6306,Low
2,0,6306,Low
2,0,6306,Low
2,0,6306,Low
2,0,6306,Low
0,0,6306,Low
0,0,6296,Critical
0,0,6296,Critical
0,0,6296,Low
0,0,6295,Critical
0,0,6290,Critical
0,0,6290,Critical
0,0,6290,Critical
0,0,6290,Critical
2,0,6283,Critical
2,0,6283,Critical
2,0,6283,Critical
2,0,6283,Critical
1,1,6280,Critical
2,0,6270,Low
2,0,6269,Low
2,0,6269,Critical
2,0,6266,Critical
0,0,6266,Critical
0,0,6266,Critical
2,0,6253,Low
2,0,6253,Critical
2,0,6247,Low
1,1,6246,Critical
2,0,6241,Critical
0,0,6232,Medium
0,0,6232,Medium
0,0,6232,Low
0,0,6232,Low
0,0,6232,Critical
0,0,6232,Low
1,1,6219,Critical
1,1,6219,Critical
1,1,6219,Critical
1,1,6219,Critical
0,0,6217,Critical
2,5,6208,Low
0,0,6199,Critical
0,0,6199,Critical
0,0,6194,Critical
0,0,6194,Critical
0,0,6194,Critical
0,0,6194,Critical
0,0,6194,Critical
0,0,6187,Critical
2,0,6186,Critical
0,0,6175,Critical
2,0,6175,Low
0,0,6175,Low
0,0,6175,Low
2,0,6175,Low
2,0,6175,Low
2,0,6174,Critical
0,0,6171,Low
0,0,6171,Low
0,0,6171,Low
0,0,6171,Low
2,0,6169,Critical
0,0,6168,Critical
0,0,6162,Low
0,0,6162,Medium
0,0,6157,Low
2,0,6157,Critical
0,0,6157,Critical
2,0,6152,Low
2,0,6152,Low
2,0,6152,Low
2,0,6152,Low
0,0,6152,Low
0,0,6149,Low
3,8,6149,Low
0,0,6142,Critical
2,0,6141,Critical
0,0,6133,Critical
0,0,6133,Critical
0,0,6133,Critical
0,0,6133,Critical
0,0,6123,Critical
0,0,6123,Critical
0,0,6123,Low
1,1,6123,Critical
2,0,6114,Critical
2,0,6114,Critical
2,0,6114,Critical
2,0,6114,Critical
2,0,6110,Low
2,0,6103,Low
2,0,6103,Critical
2,0,6102,Critical
2,0,6102,Critical
2,0,6102,Critical
2,0,6089,Critical
2,0,6089,Low
2,0,6084,Low
0,0,6078,Critical
1,1,6076,Critical
0,0,6072,Low
0,0,6072,Low
0,0,6072,Low
0,0,6072,Medium
0,0,6072,Medium
0,0,6072,Critical
0,0,6060,Critical
0,5,6041,Low
1,1,6041,Critical
1,1,6041,Critical
1,1,6041,Critical
1,1,6041,Critical
0,0,6036,Critical
0,0,6036,Critical
0,0,6034,Critical
0,0,6034,Critical
0,0,6034,Critical
0,0,6034,Critical
0,0,6034,Critical
2,0,6023,Critical
0,0,6021,Critical
2,0,6013,Critical
2,0,6012,Low
2,0,6012,Low
2,0,6012,Low
2,0,6012,Low
2,0,6012,Low
0,0,6010,Critical
0,0,6007,Critical
2,0,6006,Critical
0,0,6002,Medium
0,0,6002,Low
0,0,5997,Low
0,0,5993,Critical
2,0,5992,Low
2,0,5992,Low
2,0,5992,Low
2,0,5992,Low
2,0,5992,Low
2,0,5990,Low
2,0,5990,Low
2,0,5990,Low
0,0,5990,Low
1,1,5988,Healthy
2,0,5987,Critical
2,9,5986,Low
0,0,5984,Critical
2,0,5983,Low
2,0,5982,Critical
0,0,5976,Critical
0,0,5976,Critical
0,0,5976,Critical
0,0,5976,Critical
0,0,5960,Critical
0,0,5960,Critical
0,0,5960,Low
1,1,5959,Critical
2,0,5954,Critical
2,0,5954,Critical
2,0,5954,Critical
2,0,5954,Critical
2,0,5953,Low
2,0,5943,Critical
2,0,5943,Critical
2,0,5943,Critical
2,0,5939,Low
2,0,5939,Critical
2,0,5926,Low
2,0,5926,Critical
0,0,5915,Low
0,0,5911,Critical
1,1,5910,Critical
0,0,5908,Low
0,0,5908,Low
0,0,5908,Critical
0,0,5908,Low
0,0,5908,Medium
0,0,5908,Medium
0,0,5888,Critical
2,0,5880,Critical
2,0,5880,Critical
2,0,5880,Critical
2,0,5880,Critical
0,0,5873,Critical
0,0,5873,Critical
0,0,5863,Critical
2,0,5861,Critical
0,0,5860,Critical
0,0,5860,Critical
0,0,5860,Critical
0,0,5860,Critical
0,0,5860,Critical
2,-1,5857,Low
2,0,5853,Critical
0,0,5851,Low
0,0,5851,Low
0,0,5851,Low
0,0,5851,Low
0,0,5851,Low
0,0,5843,Critical
0,0,5841,Critical
2,0,5840,Critical
0,0,5839,Medium
0,0,5839,Low
0,0,5834,Low
2,0,5833,Critical
2,0,5832,Low
2,0,5832,Low
2,0,5832,Low
2,0,5832,Low
2,0,5832,Low
2,0,5830,Critical
0,0,5830,Healthy
0,0,5830,Low
0,0,5830,Low
0,0,5830,Low
0,0,5830,Low
0,0,5824,Critical
1,1,5820,Low
0,0,5816,Critical
0,0,5816,Critical
0,0,5816,Critical
0,0,5816,Critical
0,0,5816,Critical
2,0,5812,Low
0,0,5797,Critical
0,0,5797,Critical
0,0,5797,Low
1,1,5795,Critical
2,0,5787,Low
2,0,5785,Low
2,0,5785,Critical
2,0,5785,Critical
2,0,5785,Critical
2,0,5785,Critical
2,0,5785,Critical
2,0,5774,Critical
2,0,5774,Critical
2,0,5774,Critical
2,0,5763,Low
2,0,5763,Critical
0,0,5755,Low
0,0,5755,Low
0,0,5755,Low
0,0,5755,Medium
0,0,5755,Medium
0,0,5755,Critical
2,0,5751,Low
1,1,5750,Critical
0,0,5739,Critical
0,0,5722,Critical
0,0,5722,Critical
0,0,5722,Critical
0,0,5722,Critical
2,0,5718,Critical
0,0,5709,Critical
0,0,5709,Critical
2,0,5702,Critical
0,0,5702,Critical
2,0,5702,Critical
2,0,5702,Critical
2,0,5702,Critical
2,5,5697,Low
0,0,5696,Critical
2,0,5691,Low
2,0,5691,Low
2,0,5691,Low
2,0,5691,Low
2,0,5691,Low
0,0,5690,Critical
2,0,5689,Critical
0,0,5683,Critical
2,0,5681,Critical
0,0,5674,Low
0,0,5674,Critical
0,0,5673,Medium
0,0,5673,Low
2,0,5672,Low
2,0,5672,Low
2,0,5672,Low
2,0,5672,Low
2,0,5672,Low
0,0,5670,Critical
2,0,5669,Low
2,0,5669,Low
2,0,5669,Low
2,0,5669,Low
2,0,5669,Healthy
0,0,5661,Critical
0,0,5660,Critical
2,0,5660,Low
3,2,5660,Healthy
1,1,5657,Low
2,0,5655,Critical
0,0,5653,Critical
0,0,5653,Critical
0,0,5653,Critical
0,0,5653,Critical
0,0,5634,Low
0,0,5634,Critical
1,1,5634,Critical
0,0,5627,Low
0,0,5622,Critical
0,0,5622,Critical
0,0,5622,Low
2,0,5618,Critical
2,0,5618,Critical
2,0,5618,Critical
2,0,5618,Critical
2,0,5613,Critical
2,0,5613,Critical
2,0,5613,Critical
0,0,5596,Critical
0,0,5596,Low
2,0,5594,Critical
1,1,5588,Critical
0,0,5588,Critical
0,0,5588,Low
0,0,5588,Low
0,0,5588,Low
0,0,5588,Medium
0,0,5588,Medium
2,0,5578,Critical
0,0,5553,Critical
0,0,5553,Critical
0,0,5553,Critical
0,0,5553,Critical
0,0,5552,Critical
0,0,5543,Critical
0,0,5543,Critical
2,5,5543,Low
2,0,5536,Critical
2,0,5536,Critical
2,0,5536,Critical
2,0,5536,Critical
2,0,5536,Critical
0,0,5534,Low
0,0,5534,Low
0,0,5534,Low
0,0,5534,Low
0,0,5534,Low
0,0,5533,Critical
0,0,5520,Critical
2,0,5519,Critical
0,0,5519,Critical
0,0,5514,Low
2,0,5512,Low
2,0,5512,Low
2,0,5512,Low
2,0,5512,Low
2,0,5512,Low
0,0,5510,Critical
3,2,5509,Healthy
0,0,5507,Critical
0,0,5506,Low
0,0,5506,Low
0,0,5503,Low
0,0,5503,Low
0,0,5503,Low
0,0,5503,Low
0,0,5503,Low
0,0,5503,Healthy
0,0,5502,Critical
0,0,5502,Critical
0,0,5502,Critical
0,0,5502,Critical
0,0,5501,Critical
0,0,5501,Critical
0,0,5497,Critical
2,0,5491,Critical
1,1,5491,Critical
1,1,5470,Critical
2,0,5461,Low
2,0,5461,Low
2,0,5461,Critical
3,-1,5458,Critical
3,-1,5458,Critical
3,-1,5458,Critical
3,-1,5458,Critical
0,0,5458,Critical
0,0,5458,Critical
0,0,5458,Low
0,0,5453,Critical
2,0,5453,Critical
0,0,5453,Critical
0,0,5427,Low
2,0,5427,Critical
0,0,5427,Critical
0,0,5425,Critical
0,0,5425,Low
0,0,5425,Low
0,0,5425,Low
0,0,5425,Low
0,0,5425,Low
0,0,5418,Critical
1,1,5411,Critical
0,0,5389,Critical
2,0,5389,Critical
0,0,5389,Critical
2,0,5387,Critical
2,0,5387,Critical
2,0,5387,Critical
2,0,5387,Critical
2,5,5383,Low
0,0,5371,Low
0,0,5371,Low
0,0,5371,Low
0,0,5371,Low
0,0,5371,Low
2,0,5369,Critical
0,0,5369,Critical
0,0,5369,Critical
2,0,5369,Critical
2,0,5369,Critical
2,0,5365,Critical
0,0,5364,Critical
0,0,5362,Critical
0,0,5357,Critical
2,0,5352,Critical
0,0,5351,Low
2,0,5349,Low
2,0,5349,Low
2,0,5349,Low
2,0,5349,Low
0,0,5349,Low
2,0,5347,Critical
2,0,5346,Low
3,2,5345,Healthy
2,0,5343,Healthy
2,0,5343,Critical
2,0,5343,Critical
2,0,5343,Critical
2,0,5343,Critical
0,0,5339,Critical
0,0,5339,Critical
0,0,5339,Critical
0,0,5339,Critical
0,0,5337,Critical
0,0,5337,Low
0,0,5337,Low
0,0,5335,Critical
2,0,5334,Critical
0,0,5331,Critical
1,1,5323,Critical
0,0,5316,Critical
0,0,5316,Critical
0,0,5316,Critical
0,0,5316,Critical
1,1,5304,Critical
0,0,5301,Critical
0,0,5301,Critical
0,0,5301,Low
2,0,5293,Critical
2,0,5293,Critical
2,0,5293,Critical
2,0,5287,Critical
2,0,5287,Low
0,0,5285,Low
2,0,5263,Low
2,0,5263,Critical
2,0,5263,Critical
2,0,5263,Critical
2,0,5256,Low
2,0,5256,Critical
2,0,5256,Critical
2,0,5256,Low
2,0,5256,Low
2,0,5256,Critical
2,0,5249,Critical
0,0,5232,Critical
2,5,5224,Low
0,0,5223,Critical
0,0,5223,Critical
0,0,5214,Critical
0,0,5214,Critical
0,0,5214,Critical
0,0,5214,Critical
2,0,5211,Critical
2,0,5207,Critical
2,0,5202,Low
2,0,5202,Low
2,0,5202,Low
2,0,5202,Low
2,0,5202,Low
2,0,5200,Critical
2,0,5200,Critical
2,0,5200,Critical
2,0,5200,Critical
2,0,5200,Critical
0,0,5198,Critical
2,0,5194,Critical
2,0,5191,Low
0,0,5186,Low
0,0,5186,Low
0,0,5186,Low
0,0,5186,Low
0,0,5186,Low
0,0,5186,Critical
0,0,5184,Low
0,0,5179,Critical
0,0,5179,Critical
0,0,5179,Critical
0,0,5179,Critical
0,0,5179,Healthy
0,0,5179,Critical
0,0,5179,Critical
0,0,5179,Critical
0,0,5179,Critical
2,0,5177,Critical
0,0,5174,Critical
0,0,5174,Critical
0,0,5174,Critical
0,0,5171,Low
0,0,5171,Low
1,0,5170,Healthy
0,0,5169,Critical
1,1,5155,Critical
2,0,5146,Critical
2,0,5146,Critical
2,0,5146,Critical
2,0,5146,Critical
0,0,5144,Critical
0,0,5144,Critical
0,0,5144,Low
1,1,5140,Critical
0,0,5122,Low
0,0,5122,Critical
2,0,5120,Critical
2,0,5120,Critical
2,0,5120,Critical
0,0,5116,Low
2,0,5103,Critical
2,0,5099,Critical
2,0,5099,Critical
2,0,5099,Low
2,0,5096,Low
2,0,5096,Critical
2,0,5096,Critical
2,0,5096,Low
2,0,5096,Low
2,0,5096,Critical
0,0,5092,Critical
0,0,5066,Critical
2,5,5061,Low
0,0,5057,Critical
0,0,5057,Critical
2,0,5051,Critical
2,0,5051,Critical
2,0,5051,Critical
2,0,5051,Critical
0,0,5051,Critical
2,0,5037,Critical
2,0,5037,Critical
2,0,5037,Critical
2,0,5037,Critical
2,0,5037,Critical
0,0,5035,Healthy
0,0,5035,Healthy
0,0,5035,Critical
0,0,5035,Critical
0,0,5035,Critical
0,0,5035,Critical
0,0,5035,Critical
2,0,5035,Critical
1,1,5032,Critical
0,0,5028,Critical
0,0,5026,Critical
2,0,5023,Low
2,0,5023,Low
2,0,5023,Low
2,0,5023,Low
2,0,5023,Low
2,0,5022,Low
0,0,5018,Low
0,0,5015,Critical
0,0,5015,Critical
0,0,5015,Critical
0,0,5015,Critical
0,0,5015,Critical
0,0,5015,Critical
0,0,5015,Critical
0,0,5015,Healthy
0,0,5015,Critical
0,0,5014,Critical
2,0,5011,Critical
2,0,5008,Critical
0,0,5008,Critical
2,0,5006,Healthy
0,0,5006,Critical
0,0,4998,Low
0,0,4998,Low
1,1,4985,Critical
0,0,4984,Critical
0,0,4984,Critical
0,0,4984,Low
2,-1,4975,Healthy
1,1,4974,Critical
0,0,4967,Critical
0,0,4967,Critical
0,0,4967,Critical
0,0,4967,Critical
2,0,4959,Low
2,0,4959,Critical
2,0,4951,Critical
2,0,4951,Critical
2,0,4951,Critical
2,0,4946,Low
2,0,4942,Critical
2,0,4942,Low
2,0,4942,Critical
2,0,4942,Critical
2,0,4936,Low
2,0,4936,Low
2,0,4936,Low
2,0,4936,Critical
2,0,4936,Critical
2,0,4936,Critical
0,0,4923,Critical
1,1,4910,Healthy
0,0,4900,Critical
2,0,4895,Low
0,0,4890,Critical
0,0,4890,Critical
0,0,4885,Critical
0,0,4885,Critical
0,0,4885,Critical
0,0,4885,Critical
2,0,4882,Critical
0,0,4880,Critical
0,0,4880,Critical
0,0,4880,Critical
0,0,4880,Critical
0,0,4880,Critical
0,0,4875,Critical
2,0,4874,Critical
2,0,4874,Critical
2,0,4874,Critical
2,0,4874,Critical
2,0,4874,Critical
2,0,4874,Healthy
2,0,4874,Healthy
1,1,4868,Critical
2,0,4864,Critical
0,0,4860,Critical
2,0,4859,Low
0,0,4856,Low
0,0,4856,Low
0,0,4856,Low
0,0,4856,Low
0,0,4856,Low
0,0,4855,Critical
0,0,4855,Critical
0,0,4855,Critical
0,0,4855,Critical
2,0,4854,Critical
0,0,4851,Critical
0,0,4851,Critical
0,0,4849,Low
0,0,4849,Healthy
0,0,4849,Critical
0,0,4849,Critical
0,0,4849,Critical
0,0,4849,Critical
0,0,4848,Critical
2,0,4846,Healthy
0,0,4839,Critical
0,0,4838,Low
0,0,4838,Low
2,0,4821,Critical
2,0,4821,Critical
2,0,4821,Low
1,1,4819,Critical
2,0,4810,Critical
2,0,4810,Critical
0,0,4810,Critical
2,0,4810,Critical
2,5,4805,Healthy
1,1,4800,Critical
2,0,4791,Low
2,0,4791,Critical
2,0,4784,Critical
2,0,4784,Critical
2,0,4784,Critical
0,0,4780,Low
2,0,4779,Low
2,0,4779,Critical
2,0,4779,Critical
2,0,4773,Critical
0,0,4773,Critical
2,0,4773,Low
2,0,4773,Critical
2,0,4773,Critical
2,0,4773,Low
2,0,4773,Low
2,0,4756,Critical
3,2,4748,Healthy
0,0,4731,Critical
0,0,4730,Critical
0,0,4730,Critical
2,5,4729,Low
0,0,4720,Critical
0,0,4720,Critical
0,0,4720,Critical
0,0,4720,Critical
0,0,4720,Critical
2,0,4719,Critical
0,0,4715,Critical
0,0,4715,Critical
0,0,4715,Critical
0,0,4715,Critical
2,0,4713,Critical
2,0,4713,Critical
2,0,4713,Critical
2,0,4713,Critical
2,0,4713,Critical
2,0,4713,Healthy
2,0,4713,Healthy
0,0,4712,Critical
0,0,4711,Critical
1,1,4708,Critical
2,0,4699,Critical
0,0,4696,Critical
0,0,4696,Low
0,0,4696,Low
0,0,4696,Low
0,0,4696,Low
0,0,4696,Low
0,0,4695,Critical
0,0,4695,Critical
0,0,4695,Critical
0,0,4695,Critical
2,0,4693,Low
0,0,4691,Critical
0,0,4688,Critical
2,0,4686,Healthy
2,0,4685,Critical
2,0,4683,Healthy
2,0,4683,Critical
2,0,4683,Critical
2,0,4683,Critical
2,0,4683,Critical
0,0,4682,Low
0,0,4673,Critical
0,0,4665,Low
0,0,4665,Low
1,1,4659,Critical
2,0,4657,Critical
2,0,4657,Critical
2,0,4657,Low
0,0,4644,Critical
0,0,4644,Critical
0,0,4644,Critical
0,0,4644,Critical
2,5,4639,Healthy
1,1,4634,Critical
2,0,4626,Low
2,0,4626,Critical
2,0,4621,Critical
2,0,4621,Critical
2,0,4621,Critical
1,1,4617,Critical
1,1,4617,Critical
1,1,4617,Critical
0,0,4614,Critical
0,0,4610,Critical
0,0,4609,Low
0,0,4609,Critical
0,0,4609,Critical
0,0,4609,Critical
0,0,4609,Low
0,0,4609,Low
0,0,4584,Critical
3,2,4582,Healthy
0,0,4566,Critical
0,0,4566,Critical
0,0,4566,Critical
0,0,4566,Critical
0,0,4566,Critical
2,0,4563,Low
0,0,4561,Critical
0,0,4561,Critical
0,0,4561,Critical
2,0,4556,Critical
1,1,4553,Critical
2,0,4553,Healthy
2,0,4553,Healthy
2,0,4553,Critical
2,0,4553,Critical
2,0,4553,Critical
2,0,4553,Critical
2,0,4553,Critical
2,0,4552,Critical
2,0,4552,Critical
2,0,4552,Critical
2,0,4552,Critical
0,0,4552,Critical
0,0,4544,Critical
0,0,4541,Critical
0,0,4541,Critical
0,0,4541,Critical
0,0,4541,Critical
0,0,4533,Critical
2,0,4532,Critical
0,0,4531,Critical
2,0,4531,Critical
0,0,4530,Low
0,0,4530,Low
0,0,4530,Low
0,0,4530,Low
0,0,4530,Low
2,0,4530,Low
0,0,4526,Healthy
0,0,4526,Critical
0,0,4526,Critical
0,0,4526,Critical
0,0,4526,Critical
2,0,4522,Medium
0,0,4521,Critical
0,0,4510,Low
0,0,4510,Critical
2,0,4510,Low
2,0,4510,Low
2,0,4493,Low
2,0,4493,Critical
2,0,4493,Critical
1,1,4491,Critical
0,0,4484,Critical
0,0,4484,Critical
0,0,4484,Critical
0,0,4484,Critical
1,1,4472,Critical
2,0,4470,Healthy
2,0,4459,Low
2,0,4459,Critical
2,0,4454,Critical
2,0,4454,Critical
2,0,4454,Critical
0,0,4447,Critical
2,0,4447,Critical
2,0,4447,Critical
2,0,4447,Low
2,0,4447,Low
0,0,4447,Low
0,0,4445,Critical
2,0,4443,Critical
2,0,4443,Critical
2,0,4443,Critical
2,0,4441,Critical
3,2,4431,Healthy
2,0,4421,Critical
0,0,4403,Critical
0,0,4403,Critical
0,0,4403,Critical
0,0,4403,Critical
0,0,4403,Critical
0,0,4399,Low
0,0,4399,Critical
0,0,4398,Critical
1,1,4393,Critical
2,0,4392,Healthy
2,0,4392,Healthy
2,0,4392,Critical
2,0,4392,Critical
2,0,4392,Critical
2,0,4392,Critical
2,0,4392,Critical
0,0,4392,Critical
0,0,4392,Critical
1,1,4390,Critical
1,1,4390,Critical
1,1,4390,Critical
1,1,4390,Critical
2,0,4388,Critical
0,0,4384,Critical
2,0,4376,Critical
0,0,4372,Critical
0,0,4372,Critical
0,0,4372,Critical
0,0,4372,Critical
2,0,4369,Low
2,0,4368,Critical
0,0,4367,Critical
0,0,4367,Low
0,0,4367,Low
0,0,4367,Low
0,0,4367,Low
0,0,4367,Low
2,0,4366,Medium
2,0,4366,Critical
2,0,4366,Critical
2,0,4366,Critical
2,0,4366,Critical
0,0,4365,Critical
0,0,4364,Critical
2,0,4359,Medium
0,0,4350,Low
0,0,4350,Critical
2,0,4343,Low
2,0,4343,Low
2,0,4333,Critical
2,0,4333,Critical
2,0,4333,Low
1,1,4319,Critical
0,0,4318,Critical
0,0,4318,Critical
0,0,4318,Critical
0,0,4318,Critical
2,0,4306,Healthy
1,1,4302,Critical
2,0,4294,Critical
2,0,4294,Critical
2,0,4294,Critical
2,0,4293,Critical
2,0,4293,Low
2,0,4279,Critical
2,0,4279,Critical
2,0,4279,Critical
0,0,4278,Low
0,0,4278,Critical
0,0,4278,Critical
0,0,4278,Critical
0,0,4278,Low
0,0,4278,Low
0,0,4275,Critical
0,0,4268,Critical
3,2,4267,Healthy
0,0,4254,Critical
0,0,4241,Critical
0,0,4238,Critical
0,0,4237,Critical
0,0,4237,Critical
0,0,4237,Critical
0,0,4237,Critical
0,0,4237,Critical
2,0,4236,Low
1,1,4236,Critical
0,0,4234,Critical
0,0,4234,Critical
2,0,4231,Critical
2,0,4231,Critical
2,0,4231,Critical
2,0,4231,Critical
2,0,4231,Critical
2,0,4231,Healthy
2,0,4231,Healthy
2,0,4228,Critical
1,1,4227,Critical
1,1,4227,Critical
1,1,4227,Critical
1,1,4227,Critical
2,0,4224,Critical
0,0,4212,Medium
0,0,4212,Critical
0,0,4212,Critical
0,0,4212,Critical
0,0,4212,Critical
0,0,4210,Critical
2,0,4209,Critical
0,0,4206,Critical
0,0,4206,Critical
0,0,4206,Critical
0,0,4206,Critical
2,0,4205,Critical
2,0,4203,Low
0,0,4201,Low
0,0,4201,Low
0,0,4201,Low
0,0,4201,Low
0,0,4201,Low
0,0,4199,Critical
2,0,4198,Critical
2,0,4196,Medium
0,0,4193,Critical
0,0,4189,Low
0,0,4189,Low
0,0,4176,Low
2,0,4172,Critical
2,0,4172,Critical
2,0,4172,Low
0,0,4154,Critical
0,0,4154,Critical
0,0,4154,Critical
0,0,4154,Critical
1,1,4153,Critical
2,0,4143,Healthy
1,1,4138,Critical
2,0,4130,Critical
2,0,4130,Critical
2,0,4130,Low
2,0,4130,Critical
2,0,4130,Critical
0,0,4112,Low
0,0,4112,Low
0,0,4112,Low
0,0,4112,Critical
0,0,4112,Critical
0,0,4112,Critical
2,0,4110,Critical
2,0,4110,Critical
2,0,4110,Critical
0,0,4109,Critical
2,0,4105,Critical
1,0,4092,Healthy
0,0,4085,Critical
0,0,4079,Critical
0,0,4079,Critical
0,0,4076,Critical
0,0,4076,Critical
0,0,4076,Critical
0,0,4076,Critical
0,0,4076,Critical
2,0,4076,Critical
0,0,4075,Critical
0,0,4075,Critical
1,1,4072,Critical
2,0,4071,Healthy
2,0,4071,Healthy
2,0,4071,Critical
2,0,4071,Critical
2,0,4071,Critical
2,0,4071,Critical
2,0,4071,Critical
1,1,4069,Healthy
1,1,4069,Healthy
0,0,4068,Critical
1,1,4063,Critical
1,1,4063,Critical
1,1,4063,Critical
1,1,4063,Critical
2,0,4058,Critical
0,0,4049,Medium
0,0,4049,Critical
0,0,4049,Critical
0,0,4049,Critical
0,0,4049,Critical
0,0,4046,Critical
0,0,4046,Critical
0,0,4046,Critical
0,0,4046,Critical
2,0,4044,Critical
0,0,4044,Critical
2,0,4042,Critical
0,0,4042,Critical
2,0,4040,Low
0,0,4038,Critical
2,0,4038,Low
2,0,4038,Low
2,0,4038,Low
2,0,4038,Low
2,0,4038,Low
0,0,4036,Critical
2,0,4035,Low
2,0,4035,Low
2,0,4026,Medium
2,0,4021,Low
2,0,4012,Critical
2,0,4012,Critical
2,0,4012,Low
0,0,3988,Critical
0,0,3988,Critical
0,0,3988,Critical
0,0,3988,Critical
1,1,3987,Critical
1,1,3981,Critical
2,0,3976,Critical
2,0,3976,Critical
2,0,3976,Critical
2,0,3974,Healthy
2,0,3967,Low
2,0,3967,Critical
2,0,3950,Critical
2,0,3950,Critical
2,0,3950,Critical
0,0,3948,Critical
0,0,3948,Critical
0,0,3948,Critical
0,0,3948,Critical
0,0,3948,Low
0,0,3948,Low
0,0,3943,Critical
2,0,3936,Critical
2,0,3928,Healthy
2,0,3922,Critical
0,0,3916,Critical
0,0,3916,Critical
1,1,3914,Critical
0,0,3913,Critical
2,0,3913,Critical
0,0,3910,Critical
0,0,3910,Critical
0,0,3910,Critical
0,0,3910,Critical
0,0,3910,Critical
2,0,3910,Healthy
2,0,3910,Healthy
2,0,3910,Critical
2,0,3910,Critical
2,0,3910,Critical
2,0,3910,Critical
2,0,3910,Critical
0,0,3908,Critical
1,1,3905,Healthy
1,1,3905,Healthy
2,0,3903,Critical
0,0,3901,Critical
1,1,3897,Critical
1,1,3897,Critical
1,1,3897,Critical
1,1,3897,Critical
2,0,3889,Critical
0,0,3886,Critical
0,0,3886,Critical
0,0,3886,Critical
0,0,3886,Critical
0,0,3884,Critical
0,0,3882,Medium
0,0,3882,Critical
0,0,3882,Critical
0,0,3882,Critical
0,0,3882,Critical
2,0,3881,Low
2,0,3881,Low
2,0,3881,Low
2,0,3881,Low
2,0,3881,Low
0,0,3880,Low
0,0,3879,Critical
2,0,3875,Critical
2,0,3875,Critical
2,0,3875,Critical
2,0,3869,Low
2,0,3869,Low
2,0,3863,Medium
2,0,3855,Low
2,0,3854,Critical
2,0,3854,Critical
2,0,3854,Critical
0,0,3825,Critical
0,0,3825,Critical
0,0,3825,Critical
0,0,3825,Critical
1,1,3823,Critical
1,1,3813,Critical
2,0,3810,Critical
2,0,3810,Critical
2,0,3810,Critical
2,0,3804,Medium
2,0,3797,Low
2,0,3797,Critical
2,0,3789,Critical
2,0,3789,Critical
2,0,3789,Critical
0,0,3782,Critical
0,0,3782,Critical
0,0,3782,Critical
0,0,3782,Critical
0,0,3782,Low
0,0,3782,Low
0,0,3777,Critical
1,1,3775,Healthy
2,0,3773,Critical
2,0,3767,Medium
1,1,3760,Critical
0,0,3757,Critical
0,0,3756,Critical
0,0,3756,Critical
0,0,3753,Critical
0,0,3752,Medium
0,0,3752,Medium
2,0,3752,Critical
0,0,3752,Critical
0,0,3752,Critical
0,0,3752,Critical
0,0,3752,Critical
1,1,3751,Critical
0,0,3745,Critical
0,0,3744,Critical
0,0,3744,Critical
0,0,3744,Critical
0,0,3744,Critical
0,0,3744,Critical
0,0,3744,Critical
2,0,3743,Critical
1,1,3732,Healthy
1,1,3732,Healthy
1,1,3726,Critical
1,1,3726,Critical
1,1,3726,Critical
1,1,3726,Critical
2,0,3725,Critical
2,0,3725,Critical
2,0,3725,Critical
2,0,3725,Critical
2,0,3725,Medium
2,0,3723,Critical
0,0,3722,Critical
0,0,3722,Critical
0,0,3722,Critical
0,0,3722,Critical
2,0,3721,Low
2,0,3721,Low
2,0,3721,Low
2,0,3721,Low
2,0,3721,Low
0,0,3718,Low
2,0,3718,Critical
2,0,3718,Critical
0,0,3718,Low
0,0,3717,Critical
0,0,3712,Critical
0,0,3712,Critical
2,0,3711,Low
0,0,3701,Low
2,0,3696,Critical
2,0,3696,Critical
2,0,3696,Critical
2,0,3694,Medium
1,1,3651,Critical
1,1,3649,Critical
0,0,3646,Critical
0,0,3646,Critical
0,0,3646,Critical
0,0,3646,Critical
2,0,3643,Critical
2,0,3643,Critical
2,0,3643,Critical
2,0,3638,Medium
2,0,3634,Critical
2,0,3634,Low
2,0,3626,Critical
2,0,3626,Critical
2,0,3626,Critical
2,0,3616,Critical
0,0,3616,Critical
0,0,3616,Critical
0,0,3616,Critical
0,0,3616,Critical
0,0,3616,Low
0,0,3616,Low
1,1,3611,Healthy
0,0,3609,Critical
2,0,3607,Medium
2,0,3597,Critical
1,1,3596,Critical
2,0,3593,Critical
0,0,3590,Critical
0,0,3590,Critical
2,0,3589,Critical
2,0,3588,Critical
1,1,3587,Critical
0,0,3585,Critical
0,0,3585,Critical
0,0,3585,Critical
0,0,3585,Critical
0,0,3585,Critical
0,0,3585,Medium
0,0,3585,Medium
2,0,3584,Critical
1,1,3583,Critical
1,1,3583,Critical
1,1,3583,Critical
1,1,3583,Critical
0,0,3578,Critical
0,0,3578,Critical
0,0,3578,Critical
0,0,3578,Critical
0,0,3578,Critical
1,-1,3574,Healthy
1,-1,3574,Healthy
2,0,3571,Low
2,0,3571,Critical
0,0,3565,Critical
0,0,3565,Critical
0,0,3565,Critical
0,0,3565,Critical
0,0,3562,Medium
0,0,3562,Critical
0,0,3562,Critical
0,0,3562,Critical
0,0,3562,Critical
0,0,3561,Low
0,0,3561,Low
0,0,3561,Low
0,0,3561,Low
0,0,3561,Low
2,0,3558,Critical
2,0,3558,Critical
0,0,3555,Critical
0,0,3554,Critical
2,0,3550,Low
0,0,3549,Critical
0,0,3547,Low
2,0,3546,Critical
2,0,3542,Critical
2,0,3542,Critical
2,0,3542,Critical
2,0,3537,Medium
1,1,3487,Critical
2,0,3486,Critical
2,0,3486,Critical
2,0,3486,Critical
1,1,3483,Critical
0,0,3480,Critical
0,0,3480,Critical
0,0,3480,Critical
0,0,3480,Critical
2,0,3471,Low
2,0,3471,Critical
2,0,3469,Medium
2,0,3460,Critical
2,0,3460,Critical
2,0,3460,Critical
2,0,3453,Critical
0,0,3452,Critical
0,0,3452,Critical
0,0,3452,Critical
0,0,3452,Critical
0,0,3452,Low
0,0,3452,Low
2,0,3446,Critical
2,0,3444,Medium
2,-1,3439,Healthy
1,1,3439,Healthy
2,-1,3439,Healthy
0,0,3436,Critical
2,0,3434,Critical
1,1,3433,Critical
2,0,3430,Critical
0,0,3429,Critical
0,0,3425,Medium
0,0,3425,Medium
0,0,3425,Critical
0,0,3425,Critical
0,0,3425,Critical
0,0,3425,Critical
0,0,3425,Critical
0,0,3424,Critical
0,0,3424,Critical
0,0,3422,Critical
1,1,3421,Critical
1,1,3421,Critical
1,1,3421,Critical
1,1,3421,Critical
1,1,3421,Critical
2,0,3414,Low
2,0,3414,Critical
0,0,3411,Critical
0,0,3411,Critical
0,0,3411,Critical
0,0,3411,Critical
0,0,3411,Critical
2,0,3411,Critical
0,0,3411,Critical
2,0,3411,Critical
0,0,3411,Critical
2,0,3408,Medium
2,0,3408,Critical
2,0,3408,Critical
2,0,3408,Critical
2,0,3408,Critical
0,0,3401,Critical
0,0,3401,Critical
0,0,3392,Critical
2,0,3391,Critical
2,0,3391,Critical
2,0,3391,Critical
2,0,3391,Critical
2,0,3391,Critical
0,0,3391,Critical
0,0,3389,Critical
0,0,3386,Critical
2,0,3384,Critical
2,0,3381,Critical
2,0,3380,Critical
2,0,3380,Critical
2,0,3380,Critical
2,0,3376,Medium
0,0,3323,Critical
0,0,3323,Critical
0,0,3323,Critical
1,1,3319,Critical
0,0,3317,Critical
0,0,3317,Critical
0,0,3317,Critical
0,0,3317,Critical
1,1,3315,Critical
2,0,3310,Low
2,0,3310,Critical
2,0,3299,Medium
2,0,3293,Critical
2,0,3293,Critical
2,0,3293,Critical
0,0,3292,Critical
0,0,3292,Critical
0,0,3292,Critical
0,0,3292,Low
0,0,3292,Low
0,0,3292,Critical
2,0,3284,Critical
2,0,3283,Critical
2,0,3281,Medium
2,0,3279,Healthy
2,0,3279,Healthy
2,0,3279,Healthy
0,0,3273,Critical
0,0,3271,Critical
1,1,3267,Critical
0,0,3267,Critical
0,0,3265,Critical
0,0,3264,Medium
0,0,3264,Medium
1,1,3264,Critical
1,1,3264,Critical
1,1,3264,Critical
1,1,3264,Critical
0,0,3264,Critical
0,0,3264,Critical
0,0,3264,Critical
0,0,3264,Critical
0,0,3264,Critical
0,0,3261,Critical
0,0,3260,Critical
0,0,3260,Critical
2,0,3260,Low
2,0,3260,Critical
1,1,3259,Critical
0,0,3251,Medium
2,0,3251,Critical
2,0,3251,Critical
0,0,3251,Critical
2,0,3251,Critical
0,0,3248,Critical
2,0,3248,Critical
0,0,3248,Critical
2,0,3248,Critical
2,0,3245,Critical
2,0,3245,Critical
2,0,3245,Critical
2,0,3245,Critical
2,0,3245,Critical
2,0,3235,Critical
2,0,3235,Critical
0,0,3232,Critical
2,0,3232,Critical
0,0,3231,Critical
0,0,3230,Critical
2,0,3228,Critical
2,0,3228,Critical
2,0,3228,Critical
2,0,3228,Critical
2,0,3228,Critical
0,0,3219,Critical
0,0,3218,Critical
2,0,3215,Critical
2,0,3215,Critical
2,0,3215,Critical
2,0,3213,Medium
1,1,3155,Critical
0,0,3151,Critical
0,0,3151,Critical
0,0,3151,Critical
0,0,3151,Critical
0,0,3150,Critical
0,0,3150,Critical
0,0,3150,Critical
2,0,3147,Critical
2,0,3147,Critical
1,1,3145,Critical
2,0,3136,Medium
2,0,3130,Critical
2,0,3130,Critical
2,0,3130,Critical
2,0,3125,Critical
2,0,3125,Critical
2,0,3125,Critical
2,0,3125,Critical
2,0,3125,Low
2,0,3125,Low
2,0,3120,Critical
2,0,3118,Critical
2,0,3117,Medium
0,0,3111,Critical
1,1,3110,Critical
1,1,3110,Critical
1,1,3110,Critical
1,1,3110,Critical
0,0,3110,Critical
2,0,3109,Healthy
2,0,3109,Medium
2,0,3109,Medium
2,0,3103,Critical
2,0,3103,Low
2,0,3103,Critical
2,0,3101,Critical
0,0,3101,Critical
1,1,3100,Critical
0,0,3097,Critical
0,0,3097,Critical
0,0,3097,Medium
0,0,3097,Medium
0,0,3097,Critical
0,0,3097,Critical
0,0,3097,Critical
0,0,3097,Critical
0,0,3097,Critical
1,1,3096,Critical
2,0,3094,Critical
2,0,3094,Critical
2,0,3094,Critical
2,0,3094,Critical
2,0,3094,Medium
0,0,3082,Critical
2,0,3082,Critical
0,0,3082,Critical
0,0,3082,Critical
0,0,3082,Critical
0,0,3079,Critical
0,0,3079,Critical
0,0,3079,Critical
0,0,3079,Critical
0,0,3079,Critical
2,0,3078,Critical
2,0,3078,Critical
2,0,3074,Critical
2,0,3074,Critical
2,0,3074,Critical
2,0,3074,Critical
2,0,3074,Critical
0,0,3072,Critical
0,0,3068,Critical
2,0,3065,Critical
0,0,3065,Critical
2,0,3055,Critical
2,0,3049,Critical
2,0,3049,Critical
2,0,3049,Critical
2,0,3041,Low
1,1,2992,Critical
0,0,2984,Critical
0,0,2984,Critical
0,0,2984,Critical
0,0,2984,Critical
1,1,2983,Critical
2,0,2981,Critical
2,0,2981,Critical
2,0,2981,Critical
2,0,2975,Critical
2,0,2975,Critical
2,0,2970,Medium
0,0,2964,Critical
0,0,2964,Critical
0,0,2964,Critical
0,0,2962,Critical
0,0,2962,Critical
0,0,2962,Critical
0,0,2962,Critical
0,0,2962,Low
0,0,2962,Low
2,0,2955,Critical
1,1,2953,Critical
1,1,2953,Critical
1,1,2953,Critical
1,1,2953,Critical
1,1,2953,Critical
2,0,2951,Critical
2,0,2949,Low
2,0,2949,Critical
2,0,2948,Medium
1,1,2945,Medium
1,1,2945,Medium
1,1,2945,Medium
0,0,2943,Critical
0,0,2941,Critical
0,0,2938,Critical
0,0,2938,Critical
2,0,2936,Critical
0,0,2936,Critical
2,0,2936,Critical
2,0,2936,Critical
2,0,2936,Critical
2,0,2936,Critical
2,0,2936,Medium
2,0,2936,Medium
1,1,2936,Critical
0,0,2931,Critical
0,0,2931,Critical
0,0,2931,Critical
0,0,2931,Critical
0,0,2931,Low
2,0,2931,Critical
0,0,2931,Critical
0,0,2925,Critical
0,0,2922,Critical
0,0,2922,Critical
0,0,2922,Critical
0,0,2922,Critical
2,0,2921,Critical
2,0,2921,Critical
2,0,2921,Critical
2,0,2921,Critical
2,0,2921,Critical
0,0,2909,Critical
2,0,2908,Critical
2,0,2908,Critical
2,0,2908,Critical
0,0,2908,Critical
0,0,2908,Critical
0,0,2908,Critical
0,0,2908,Critical
0,0,2908,Critical
0,0,2908,Critical
2,0,2902,Critical
2,0,2895,Critical
2,0,2889,Critical
2,0,2889,Critical
2,0,2889,Critical
2,0,2866,Low
1,1,2830,Critical
1,1,2824,Critical
2,0,2821,Critical
0,0,2821,Critical
0,0,2821,Critical
0,0,2812,Critical
0,0,2812,Critical
0,0,2812,Critical
0,0,2812,Critical
0,0,2812,Critical
2,0,2811,Critical
2,0,2811,Critical
2,0,2810,Critical
2,0,2810,Critical
2,0,2810,Critical
2,0,2803,Medium
1,1,2800,Medium
1,1,2800,Medium
1,1,2800,Medium
2,0,2796,Critical
2,0,2796,Critical
2,0,2796,Critical
2,0,2796,Critical
2,0,2796,Low
2,0,2796,Low
2,0,2790,Critical
0,0,2787,Critical
2,0,2785,Critical
2,0,2785,Medium
2,0,2785,Critical
1,1,2780,Critical
0,0,2780,Critical
2,0,2779,Medium
2,0,2779,Medium
2,0,2779,Critical
2,0,2779,Critical
2,0,2779,Critical
2,0,2779,Critical
2,0,2779,Critical
2,0,2779,Critical
2,0,2778,Critical
1,1,2772,Critical
1,1,2772,Critical
1,1,2772,Critical
1,1,2772,Critical
1,1,2772,Critical
2,0,2771,Critical
2,0,2771,Critical
2,0,2765,Low
2,0,2765,Critical
2,0,2765,Critical
2,0,2765,Critical
2,0,2765,Critical
2,0,2765,Critical
0,0,2765,Critical
0,0,2761,Critical
0,0,2761,Critical
0,0,2761,Critical
0,0,2761,Critical
0,0,2749,Critical
0,0,2748,Critical
0,0,2748,Critical
0,0,2748,Critical
0,0,2748,Critical
0,0,2748,Critical
2,0,2748,Critical
2,0,2748,Critical
2,0,2748,Critical
0,0,2745,Critical
2,0,2742,Critical
0,0,2742,Critical
0,0,2742,Critical
0,0,2742,Critical
0,0,2742,Critical
0,0,2742,Critical
2,0,2729,Critical
2,0,2729,Critical
2,0,2729,Critical
0,0,2725,Critical
2,0,2700,Low
1,1,2666,Critical
2,0,2657,Critical
2,0,2657,Critical
2,0,2657,Critical
2,0,2657,Critical
2,0,2657,Critical
1,1,2656,Critical
2,0,2651,Critical
2,0,2651,Critical
2,0,2651,Critical
2,0,2642,Critical
2,0,2642,Critical
2,0,2640,Medium
0,0,2633,Critical
0,0,2633,Critical
0,0,2633,Critical
0,0,2633,Critical
0,0,2633,Critical
0,0,2633,Critical
1,1,2632,Medium
1,1,2632,Medium
1,1,2632,Medium
2,0,2631,Critical
2,0,2631,Critical
2,0,2631,Critical
2,0,2627,Healthy
2,0,2627,Critical
2,0,2627,Medium
2,0,2627,Critical
0,0,2624,Critical
0,0,2620,Critical
2,0,2618,Critical
2,0,2618,Critical
2,0,2618,Critical
2,0,2618,Critical
2,0,2618,Critical
2,0,2618,Critical
2,0,2618,Medium
2,0,2618,Medium
0,0,2617,Critical
2,0,2614,Critical
1,1,2612,Critical
1,1,2612,Healthy
2,0,2612,Critical
0,0,2611,Critical
2,0,2598,Critical
2,0,2598,Critical
2,0,2598,Critical
2,0,2598,Critical
2,0,2598,Low
2,-1,2598,Critical
2,-1,2598,Critical
2,-1,2598,Critical
2,-1,2598,Critical
1,1,2596,Critical
1,1,2596,Critical
1,1,2596,Critical
1,1,2596,Critical
1,1,2596,Critical
0,0,2595,Critical
0,0,2595,Critical
0,0,2591,Critical
0,0,2586,Critical
2,0,2585,Critical
2,0,2585,Critical
2,0,2584,Critical
2,0,2584,Critical
2,0,2584,Critical
2,0,2584,Critical
2,0,2584,Critical
0,0,2582,Critical
0,0,2582,Critical
0,0,2582,Critical
0,0,2582,Critical
0,0,2582,Critical
0,0,2581,Critical
2,0,2579,Critical
2,0,2569,Critical
2,0,2569,Critical
2,0,2569,Critical
0,0,2568,Critical
2,0,2531,Low
1,1,2498,Critical
2,0,2497,Critical
2,0,2497,Critical
2,0,2497,Critical
2,0,2497,Critical
2,0,2497,Critical
0,0,2491,Critical
0,0,2491,Critical
0,0,2491,Critical
1,1,2486,Critical
2,0,2482,Critical
2,0,2482,Critical
2,0,2477,Low
1,1,2470,Medium
1,1,2470,Medium
1,1,2470,Medium
2,0,2465,Critical
2,0,2465,Critical
2,0,2465,Critical
0,0,2464,Critical
0,0,2464,Critical
0,0,2464,Critical
0,0,2464,Critical
0,0,2464,Critical
0,0,2464,Critical
0,0,2463,Critical
0,0,2461,Critical
0,0,2461,Critical
0,0,2461,Healthy
0,0,2461,Low
2,0,2460,Critical
2,0,2460,Critical
2,0,2460,Low
2,0,2460,Low
2,0,2460,Critical
2,0,2460,Critical
2,0,2460,Critical
2,0,2460,Critical
2,0,2460,Critical
2,0,2458,Critical
1,1,2457,Critical
0,0,2454,Critical
0,0,2453,Critical
0,0,2449,Critical
1,1,2444,Critical
1,1,2444,Critical
1,1,2444,Critical
1,1,2444,Critical
1,1,2444,Critical
0,6,2441,Critical
0,6,2441,Critical
0,6,2441,Critical
0,6,2441,Critical
2,0,2438,Critical
2,0,2438,Critical
2,0,2438,Critical
2,0,2438,Critical
2,0,2438,Low
0,0,2432,Critical
0,0,2432,Critical
0,0,2427,Critical
2,0,2426,Critical
2,0,2426,Critical
2,0,2425,Critical
0,0,2423,Critical
0,0,2420,Critical
0,0,2420,Critical
0,0,2420,Critical
0,0,2420,Critical
0,0,2420,Critical
0,0,2419,Critical
0,0,2419,Critical
0,0,2419,Critical
0,0,2419,Critical
0,0,2419,Critical
0,0,2416,Critical
0,0,2409,Critical
0,0,2409,Critical
0,0,2409,Critical
0,0,2408,Critical
2,0,2371,Low
1,1,2339,Critical
0,0,2328,Critical
2,0,2328,Critical
2,0,2328,Critical
2,0,2328,Critical
2,0,2328,Critical
2,0,2324,Critical
2,0,2324,Critical
2,0,2324,Critical
1,1,2324,Critical
2,0,2319,Critical
2,0,2319,Critical
2,0,2307,Low
2,0,2305,Critical
2,0,2305,Critical
2,0,2305,Critical
1,1,2300,Medium
1,1,2300,Medium
1,1,2300,Medium
2,0,2299,Critical
2,0,2298,Healthy
2,0,2298,Critical
2,0,2298,Low
2,0,2298,Critical
0,0,2297,Low
0,0,2297,Low
0,0,2297,Critical
2,0,2297,Critical
0,0,2297,Critical
0,0,2297,Critical
0,0,2297,Critical
0,0,2297,Critical
0,0,2297,Critical
0,0,2297,Critical
2,0,2296,Critical
2,0,2296,Critical
2,0,2296,Critical
2,0,2296,Critical
2,0,2296,Critical
2,0,2296,Critical
0,0,2294,Critical
1,1,2293,Critical
0,0,2292,Critical
3,2,2284,Healthy
0,0,2282,Critical
1,1,2281,Critical
1,1,2281,Critical
1,1,2281,Critical
1,1,2281,Critical
1,1,2281,Critical
2,0,2278,Low
2,0,2278,Critical
2,0,2278,Critical
2,0,2278,Critical
2,0,2278,Critical
0,0,2277,Critical
0,0,2277,Critical
0,0,2277,Critical
0,0,2277,Critical
0,0,2275,Critical
0,0,2275,Critical
2,0,2268,Critical
2,0,2266,Critical
2,0,2266,Critical
0,0,2263,Critical
0,0,2261,Critical
2,0,2257,Critical
2,0,2257,Critical
2,0,2257,Critical
2,0,2257,Critical
2,0,2257,Critical
2,0,2256,Critical
2,0,2256,Critical
2,0,2256,Critical
2,0,2256,Critical
2,0,2256,Critical
0,0,2256,Critical
0,0,2255,Critical
0,0,2255,Critical
0,0,2255,Critical
2,0,2242,Critical
2,0,2199,Low
0,0,2167,Critical
0,0,2167,Critical
0,0,2167,Critical
0,0,2167,Critical
0,0,2167,Critical
1,1,2166,Critical
2,0,2161,Critical
2,0,2161,Critical
2,0,2161,Critical
1,1,2154,Critical
2,0,2149,Critical
2,0,2149,Critical
2,0,2141,Low
2,0,2139,Critical
2,0,2136,Critical
1,1,2134,Medium
1,1,2134,Medium
1,1,2134,Medium
0,0,2134,Critical
2,0,2133,Critical
2,0,2133,Critical
2,0,2133,Critical
2,0,2133,Critical
2,0,2133,Critical
2,0,2133,Critical
3,2,2133,Healthy
0,0,2133,Critical
0,0,2133,Critical
0,0,2133,Critical
0,0,2133,Critical
0,0,2133,Critical
0,0,2133,Low
0,0,2133,Low
0,0,2133,Critical
2,0,2132,Critical
2,0,2132,Critical
2,0,2132,Critical
0,0,2131,Low
0,0,2131,Healthy
0,0,2131,Critical
0,0,2131,Critical
0,0,2131,Critical
1,1,2123,Critical
0,0,2122,Critical
2,0,2122,Critical
2,0,2115,Low
2,0,2115,Critical
2,0,2115,Critical
2,0,2115,Critical
2,0,2115,Critical
1,1,2115,Critical
1,1,2115,Critical
1,1,2115,Critical
1,1,2115,Critical
1,1,2115,Critical
0,0,2112,Critical
0,0,2112,Critical
0,0,2111,Critical
0,0,2111,Critical
0,0,2111,Critical
0,0,2111,Critical
0,0,2108,Critical
2,0,2103,Critical
2,0,2103,Critical
2,0,2100,Critical
2,0,2100,Critical
2,0,2100,Critical
2,0,2100,Critical
2,0,2100,Critical
2,0,2099,Critical
2,0,2096,Critical
2,0,2096,Critical
2,0,2096,Critical
2,0,2096,Critical
2,0,2096,Critical
0,0,2096,Critical
0,0,2095,Critical
0,0,2095,Critical
0,0,2095,Critical
0,0,2095,Critical
0,0,2076,Critical
2,0,2039,Low
0,0,2004,Critical
0,0,2004,Critical
0,0,2004,Critical
0,0,2004,Critical
0,0,2004,Critical
1,1,1998,Critical
0,0,1995,Critical
0,0,1995,Critical
0,0,1995,Critical
2,0,1992,Critical
2,0,1992,Critical
1,1,1988,Critical
0,0,1979,Critical
0,0,1979,Critical
0,0,1979,Critical
0,0,1979,Critical
0,0,1979,Critical
0,0,1979,Critical
2,0,1978,Low
2,0,1976,Critical
0,0,1973,Critical
0,0,1972,Critical
2,0,1972,Critical
2,0,1972,Critical
2,0,1972,Critical
0,0,1971,Critical
3,2,1969,Medium
0,0,1969,Low
0,0,1969,Low
0,0,1969,Critical
0,0,1969,Critical
0,0,1969,Critical
0,0,1969,Critical
0,0,1969,Critical
0,0,1969,Critical
0,0,1968,Medium
0,0,1968,Critical
0,0,1968,Low
0,0,1968,Critical
1,1,1968,Low
1,1,1968,Low
1,1,1968,Low
2,0,1962,Critical
1,1,1959,Critical
0,0,1958,Low
0,0,1958,Critical
0,0,1958,Critical
0,0,1958,Critical
0,0,1958,Critical
2,0,1951,Critical
2,0,1950,Critical
1,1,1949,Critical
1,1,1949,Critical
1,1,1949,Critical
1,1,1949,Critical
1,1,1949,Critical
0,6,1944,Critical
0,6,1944,Critical
0,6,1944,Critical
0,6,1944,Critical
2,0,1943,Critical
2,0,1943,Critical
2,0,1940,Critical
0,0,1940,Critical
2,0,1939,Critical
0,0,1936,Critical
0,0,1936,Critical
0,0,1936,Critical
0,0,1936,Critical
0,0,1936,Critical
0,0,1936,Critical
2,0,1934,Critical
2,0,1934,Critical
2,0,1934,Critical
2,0,1934,Critical
2,0,1934,Critical
0,0,1932,Critical
0,0,1932,Critical
0,0,1932,Critical
0,0,1932,Critical
0,0,1916,Critical
2,0,1876,Low
0,0,1835,Critical
0,0,1835,Critical
0,0,1835,Critical
0,0,1835,Critical
0,0,1835,Critical
1,1,1835,Critical
1,1,1828,Critical
2,0,1828,Critical
2,0,1828,Critical
2,0,1828,Critical
2,0,1816,Critical
2,0,1816,Critical
0,0,1816,Critical
0,0,1813,Critical
2,0,1812,Low
2,0,1811,Low
2,0,1811,Low
2,0,1811,Critical
2,0,1811,Critical
2,0,1811,Critical
2,0,1811,Critical
2,0,1811,Critical
2,0,1811,Critical
0,0,1811,Critical
0,0,1810,Critical
0,0,1810,Critical
0,0,1810,Critical
0,0,1810,Critical
0,0,1810,Critical
0,0,1810,Critical
2,0,1809,Critical
0,0,1805,Medium
0,0,1805,Critical
0,0,1805,Low
0,0,1805,Critical
2,0,1803,Critical
2,0,1803,Critical
2,0,1803,Critical
1,1,1802,Low
1,1,1802,Low
1,1,1802,Low
1,1,1798,Critical
2,0,1796,Critical
2,0,1795,Low
2,0,1795,Critical
2,0,1795,Critical
2,0,1795,Critical
2,0,1795,Critical
1,0,1794,Medium
2,0,1792,Critical
0,0,1788,Critical
2,0,1786,Critical
2,0,1786,Critical
2,0,1786,Critical
2,0,1786,Critical
1,1,1785,Critical
1,1,1785,Critical
1,1,1785,Critical
1,1,1785,Critical
1,1,1785,Critical
2,0,1777,Critical
2,0,1777,Critical
0,0,1776,Critical
0,0,1776,Critical
2,0,1775,Critical
2,0,1774,Critical
0,0,1774,Critical
0,0,1774,Critical
0,0,1774,Critical
0,0,1774,Critical
2,0,1772,Critical
2,0,1772,Critical
2,0,1772,Critical
2,0,1772,Critical
2,0,1772,Critical
0,0,1770,Critical
0,0,1768,Critical
0,0,1765,Critical
0,0,1765,Critical
0,0,1765,Critical
2,0,1764,Critical
2,0,1704,Low
1,1,1669,Critical
1,1,1667,Critical
0,0,1666,Critical
0,0,1666,Critical
0,0,1666,Critical
0,0,1666,Critical
0,0,1666,Critical
1,0,1659,Critical
1,0,1659,Critical
1,0,1659,Critical
3,7,1658,Critical
3,7,1658,Critical
0,0,1654,Low
0,0,1654,Low
0,0,1654,Critical
0,0,1654,Critical
0,0,1654,Critical
0,0,1654,Critical
0,0,1654,Critical
0,0,1654,Critical
0,0,1653,Critical
0,0,1650,Critical
0,0,1650,Critical
2,0,1644,Critical
2,0,1644,Critical
2,0,1644,Critical
2,0,1644,Critical
2,0,1644,Critical
2,0,1644,Critical
0,0,1643,Critical
2,0,1642,Low
0,0,1639,Critical
0,0,1639,Critical
0,0,1639,Critical
2,0,1639,Critical
0,0,1636,Medium
0,0,1636,Critical
0,0,1636,Low
0,0,1636,Critical
1,1,1634,Low
1,1,1634,Low
1,1,1634,Low
2,0,1632,Critical
0,0,1631,Critical
2,0,1630,Medium
1,1,1630,Critical
2,0,1629,Critical
2,0,1629,Critical
2,0,1629,Critical
2,0,1629,Critical
2,0,1626,Low
2,0,1626,Critical
2,0,1626,Critical
2,0,1626,Critical
2,0,1626,Critical
1,1,1623,Critical
1,1,1623,Critical
1,1,1623,Critical
1,1,1623,Critical
1,1,1623,Critical
2,0,1617,Critical
2,0,1617,Critical
2,0,1617,Critical
0,0,1616,Critical
0,0,1616,Critical
0,0,1616,Critical
0,0,1616,Critical
0,0,1616,Critical
1,-1,1613,Critical
2,0,1612,Critical
2,0,1612,Critical
2,0,1612,Critical
2,0,1612,Critical
2,0,1612,Critical
2,0,1610,Critical
0,0,1608,Critical
0,0,1608,Critical
0,0,1608,Critical
0,0,1598,Critical
2,0,1527,Critical
1,1,1503,Critical
0,0,1496,Critical
0,0,1496,Critical
0,0,1496,Critical
0,0,1496,Critical
0,0,1496,Critical
1,1,1495,Critical
1,1,1495,Critical
1,1,1495,Critical
3,8,1490,Critical
3,8,1490,Critical
0,0,1490,Critical
0,0,1489,Critical
1,1,1489,Critical
0,0,1487,Low
0,0,1487,Low
0,0,1487,Critical
0,0,1487,Critical
0,0,1487,Critical
0,0,1487,Critical
0,0,1487,Critical
0,0,1487,Critical
0,0,1484,Critical
0,0,1480,Critical
2,0,1479,Low
2,0,1475,Critical
2,0,1475,Critical
2,0,1475,Critical
2,0,1475,Critical
2,0,1475,Critical
2,0,1475,Critical
0,0,1473,Critical
2,0,1473,Critical
0,0,1473,Critical
0,0,1473,Critical
1,1,1471,Low
1,1,1471,Low
1,1,1471,Low
2,0,1470,Medium
0,0,1469,Medium
0,0,1469,Critical
0,0,1469,Low
0,0,1469,Critical
1,1,1468,Critical
0,0,1468,Critical
0,0,1468,Critical
0,0,1465,Critical
0,0,1465,Critical
0,0,1465,Critical
0,0,1465,Critical
0,0,1462,Critical
0,0,1462,Critical
0,0,1462,Critical
0,0,1462,Critical
0,0,1462,Critical
1,1,1460,Critical
1,1,1460,Critical
1,1,1460,Critical
1,1,1460,Critical
1,1,1460,Critical
2,0,1452,Critical
2,0,1452,Critical
2,0,1452,Critical
2,0,1452,Critical
2,0,1452,Critical
0,0,1450,Critical
0,0,1450,Critical
0,0,1450,Critical
0,0,1450,Critical
0,0,1450,Critical
2,0,1450,Critical
2,0,1450,Critical
2,0,1450,Critical
2,0,1450,Critical
2,0,1450,Critical
0,0,1448,Critical
0,0,1448,Critical
0,0,1448,Critical
0,0,1447,Critical
0,0,1444,Critical
0,0,1432,Critical
0,0,1370,Critical
1,1,1339,Critical
2,0,1328,Critical
2,9,1327,Critical
1,1,1327,Critical
1,1,1327,Critical
1,1,1327,Critical
2,9,1327,Critical
0,0,1327,Critical
0,0,1327,Critical
0,0,1327,Critical
0,0,1327,Critical
0,0,1327,Critical
0,0,1326,Critical
0,0,1326,Critical
0,0,1326,Critical
0,0,1326,Critical
0,0,1326,Critical
0,0,1326,Critical
0,0,1326,Critical
0,0,1326,Low
0,0,1326,Low
0,0,1324,Critical
0,0,1323,Critical
2,0,1319,Low
0,0,1317,Critical
0,0,1316,Critical
2,0,1312,Critical
2,0,1312,Critical
2,0,1312,Critical
2,0,1312,Critical
2,0,1312,Critical
2,0,1312,Critical
2,0,1310,Critical
2,0,1310,Low
0,0,1307,Critical
1,1,1306,Critical
1,1,1305,Low
1,1,1305,Low
1,1,1305,Low
2,0,1301,Critical
2,0,1301,Critical
2,0,1301,Critical
2,0,1299,Critical
2,0,1299,Critical
2,0,1299,Critical
2,0,1299,Critical
0,0,1299,Critical
0,0,1299,Critical
0,0,1299,Critical
0,0,1299,Critical
0,0,1299,Critical
0,0,1299,Critical
2,0,1299,Critical
0,0,1296,Critical
0,0,1296,Critical
0,0,1296,Critical
0,0,1296,Critical
0,0,1296,Critical
1,1,1296,Critical
1,1,1296,Critical
1,1,1296,Critical
1,1,1296,Critical
1,1,1296,Critical
0,0,1295,Critical
2,0,1295,Critical
2,0,1295,Critical
2,0,1295,Critical
2,0,1295,Critical
2,0,1295,Low
2,0,1295,Critical
2,0,1295,Low
2,0,1295,Critical
0,0,1293,Critical
0,0,1293,Critical
0,0,1293,Critical
0,0,1284,Critical
0,0,1284,Critical
0,0,1284,Critical
0,0,1284,Critical
0,0,1281,Critical
0,0,1275,Critical
0,0,1192,Critical
0,0,1170,Critical
1,1,1169,Critical
1,1,1161,Critical
1,1,1161,Critical
1,1,1161,Critical
1,1,1161,Critical
1,1,1161,Critical
0,0,1160,Critical
0,0,1160,Critical
0,0,1158,Critical
0,0,1158,Critical
0,0,1158,Critical
0,0,1158,Critical
0,0,1158,Critical
2,0,1156,Critical
2,0,1156,Critical
2,0,1156,Critical
2,0,1156,Critical
2,0,1156,Critical
2,0,1156,Critical
2,0,1156,Critical
2,0,1156,Critical
0,0,1155,Critical
0,0,1152,Critical
2,0,1152,Critical
1,1,1149,Critical
0,0,1147,Critical
0,0,1147,Critical
2,0,1146,Low
0,0,1145,Critical
0,0,1145,Critical
0,0,1145,Critical
0,0,1145,Critical
0,0,1145,Critical
0,0,1145,Critical
0,0,1145,Critical
2,0,1142,Critical
2,0,1142,Critical
0,0,1142,Critical
2,0,1142,Critical
1,1,1141,Low
1,1,1141,Low
1,1,1141,Low
2,0,1138,Critical
2,0,1138,Critical
2,0,1138,Critical
0,0,1136,Critical
0,0,1136,Critical
0,0,1136,Critical
0,0,1136,Critical
0,0,1136,Critical
2,0,1135,Critical
2,0,1135,Critical
2,0,1135,Critical
2,0,1135,Critical
2,0,1135,Critical
2,0,1135,Critical
2,0,1135,Critical
2,0,1135,Critical
2,0,1135,Critical
2,0,1135,Critical
2,0,1133,Critical
2,0,1133,Critical
2,0,1133,Critical
2,0,1133,Critical
2,0,1133,Critical
2,0,1131,Low
2,0,1131,Critical
2,0,1131,Critical
2,0,1131,Critical
0,0,1130,Critical
0,0,1130,Critical
0,0,1130,Critical
1,1,1128,Critical
1,1,1128,Critical
1,1,1128,Critical
1,1,1128,Critical
1,1,1128,Critical
0,0,1121,Critical
0,0,1120,Critical
0,0,1118,Critical
0,0,1022,Critical
1,1,1005,Critical
0,0,1001,Critical
1,1,998,Critical
1,1,998,Critical
0,0,994,Critical
0,0,994,Critical
1,1,993,Critical
1,1,993,Critical
1,1,993,Critical
0,0,992,Critical
0,0,992,Critical
0,0,992,Critical
0,0,992,Critical
0,0,992,Critical
0,0,992,Critical
0,0,992,Critical
0,0,992,Critical
0,0,991,Critical
0,0,991,Critical
0,0,991,Critical
0,0,991,Critical
0,0,991,Critical
2,0,989,Critical
2,0,989,Critical
0,0,985,Critical
0,0,985,Critical
0,0,984,Critical
2,0,983,Low
1,1,983,Critical
2,0,982,Critical
0,0,982,Critical
2,0,982,Critical
2,0,982,Critical
2,0,982,Critical
2,0,982,Critical
0,0,981,Critical
0,0,976,Critical
0,0,976,Critical
0,0,976,Critical
0,0,976,Critical
0,0,976,Critical
0,0,976,Critical
0,0,976,Critical
0,0,976,Critical
0,0,976,Critical
0,0,976,Critical
0,0,975,Critical
0,0,975,Critical
0,0,975,Critical
0,0,975,Critical
0,0,975,Critical
0,0,973,Critical
0,0,973,Critical
0,0,973,Critical
0,0,973,Critical
2,0,972,Critical
2,0,972,Critical
2,0,972,Critical
2,0,971,Low
2,0,971,Critical
2,0,971,Critical
2,0,971,Critical
2,0,969,Critical
2,0,969,Critical
2,0,969,Critical
2,0,969,Critical
2,0,969,Critical
1,1,968,Critical
1,1,968,Critical
1,1,968,Critical
1,1,968,Critical
1,1,968,Critical
0,0,967,Critical
1,1,967,Critical
1,1,967,Critical
1,1,967,Critical
0,0,964,Critical
0,0,964,Critical
0,0,964,Critical
0,0,961,Critical
0,0,960,Critical
0,0,856,Critical
1,1,841,Critical
2,0,835,Critical
0,0,834,Critical
1,1,832,Critical
1,1,832,Critical
1,1,832,Critical
1,1,832,Critical
1,1,832,Critical
2,0,828,Critical
2,0,828,Critical
2,0,828,Critical
2,0,828,Critical
2,0,828,Critical
2,0,828,Critical
2,0,828,Critical
0,0,828,Critical
0,0,828,Critical
0,0,828,Critical
0,0,828,Critical
0,0,828,Critical
2,0,828,Critical
2,0,828,Critical
2,0,825,Critical
2,0,823,Critical
0,0,822,Critical
0,0,822,Critical
0,0,822,Critical
0,0,822,Critical
0,0,822,Critical
0,0,822,Critical
0,0,821,Critical
2,0,820,Low
2,0,820,Critical
1,4,819,Critical
2,0,819,Critical
0,0,819,Critical
0,0,819,Critical
0,0,819,Critical
2,0,819,Critical
2,0,816,Critical
2,0,816,Critical
2,0,816,Critical
2,0,813,Critical
2,0,813,Critical
2,0,813,Critical
2,0,813,Critical
2,0,813,Critical
0,0,813,Critical
0,0,813,Critical
0,0,812,Critical
0,0,812,Critical
0,0,812,Critical
0,0,812,Critical
0,0,812,Critical
2,0,811,Low
2,0,811,Critical
2,0,811,Critical
2,0,811,Critical
0,0,810,Critical
0,0,810,Critical
0,0,810,Critical
0,0,807,Critical
0,0,807,Critical
0,0,807,Critical
2,0,807,Critical
2,0,805,Critical
2,0,805,Critical
2,0,805,Critical
2,0,805,Critical
2,0,805,Critical
1,1,804,Critical
1,1,804,Critical
1,1,804,Critical
1,1,804,Critical
1,1,804,Critical
0,0,804,Critical
0,0,803,Critical
0,0,800,Critical
1,1,799,Critical
1,1,799,Critical
1,1,799,Critical
0,0,687,Critical
1,1,673,Critical
1,1,664,Critical
1,1,664,Critical
0,0,663,Critical
0,0,662,Critical
1,1,662,Critical
1,1,662,Critical
1,1,662,Critical
0,0,660,Critical
0,0,660,Critical
0,0,660,Critical
0,0,659,Critical
2,0,659,Critical
2,0,659,Critical
0,0,659,Critical
0,0,659,Critical
0,0,659,Critical
0,0,659,Critical
0,0,659,Critical
0,0,659,Critical
2,0,659,Critical
2,0,659,Critical
2,0,659,Critical
2,0,659,Critical
2,0,659,Critical
2,0,659,Critical
2,0,659,Critical
0,0,658,Critical
0,0,658,Critical
0,0,658,Critical
0,0,658,Critical
0,0,658,Critical
0,0,658,Critical
0,0,658,Critical
0,0,658,Critical
2,0,653,Critical
2,0,653,Critical
2,0,653,Critical
1,4,653,Critical
0,0,651,Critical
2,0,650,Critical
2,0,650,Critical
2,0,650,Critical
2,0,650,Critical
2,0,650,Critical
2,0,650,Critical
2,0,650,Critical
2,0,650,Critical
2,0,650,Critical
0,0,649,Critical
0,0,649,Critical
0,0,649,Critical
0,0,649,Critical
0,0,649,Critical
2,0,647,Critical
2,0,647,Critical
2,0,647,Critical
2,0,647,Critical
2,0,647,Critical
0,0,647,Critical
0,0,647,Critical
0,0,647,Critical
0,0,646,Critical
0,0,646,Critical
0,0,646,Critical
0,0,643,Critical
0,0,643,Critical
0,0,643,Critical
0,0,643,Critical
0,0,643,Critical
2,0,642,Critical
1,1,638,Critical
1,1,638,Critical
1,1,638,Critical
1,1,638,Critical
1,1,638,Critical
0,0,637,Critical
0,0,637,Critical
1,1,628,Critical
1,1,628,Critical
1,1,628,Critical
0,0,512,Critical
1,1,505,Critical
2,0,502,Critical
0,0,502,Critical
0,0,502,Critical
0,0,502,Critical
0,0,502,Critical
2,0,501,Critical
0,0,500,Critical
2,0,499,Critical
2,0,499,Critical
2,0,499,Critical
2,0,499,Critical
2,0,499,Critical
2,0,499,Critical
1,1,498,Critical
1,1,498,Critical
1,1,498,Critical
1,1,496,Critical
1,1,496,Critical
0,0,494,Critical
0,0,492,Critical
0,0,492,Critical
0,0,492,Critical
0,0,492,Critical
0,0,492,Critical
0,0,492,Critical
0,0,492,Critical
0,0,492,Critical
1,4,491,Critical
2,0,490,Critical
0,0,490,Critical
2,0,490,Critical
2,0,490,Critical
0,0,490,Critical
0,0,490,Critical
0,0,490,Critical
0,0,490,Critical
0,0,490,Critical
0,0,490,Critical
0,0,490,Critical
2,0,488,Critical
2,0,488,Critical
2,0,488,Critical
2,0,488,Critical
2,0,487,Critical
0,0,486,Critical
2,0,486,Critical
2,0,486,Critical
2,0,486,Critical
2,0,486,Critical
2,0,486,Critical
0,0,486,Critical
0,0,486,Critical
0,0,486,Critical
2,0,484,Critical
0,0,483,Critical
0,0,483,Critical
0,0,483,Critical
0,0,483,Critical
2,0,483,Critical
2,0,483,Critical
2,0,483,Critical
2,0,483,Critical
2,0,483,Critical
0,0,483,Critical
0,0,483,Critical
0,0,483,Critical
2,0,483,Critical
2,0,482,Critical
2,0,477,Critical
2,0,477,Critical
2,0,477,Critical
1,1,477,Critical
1,1,477,Critical
1,1,477,Critical
1,1,477,Critical
1,1,477,Critical
2,0,466,Critical
2,0,461,Critical
2,0,461,Critical
2,0,461,Critical
0,0,345,Critical
2,0,339,Critical
1,4,338,Critical
1,1,337,Critical
0,0,336,Critical
2,0,336,Critical
0,0,336,Critical
2,0,336,Critical
2,0,336,Critical
0,0,336,Critical
0,0,336,Critical
0,0,336,Critical
2,0,336,Critical
2,0,336,Critical
0,0,334,Critical
1,1,334,Critical
1,1,334,Critical
1,1,334,Critical
0,0,333,Critical
0,0,333,Critical
2,0,329,Critical
2,0,329,Critical
0,0,329,Critical
0,0,329,Critical
0,0,329,Critical
2,0,328,Critical
2,0,328,Critical
2,0,328,Critical
2,0,328,Critical
2,0,327,Critical
2,0,327,Critical
2,0,327,Critical
0,0,326,Critical
0,0,326,Critical
0,0,326,Critical
0,0,326,Critical
0,0,326,Critical
1,1,326,Critical
1,1,326,Critical
0,0,324,Critical
2,0,324,Critical
0,0,323,Critical
2,0,323,Critical
2,0,323,Critical
2,0,323,Critical
2,0,323,Critical
2,0,323,Critical
2,0,322,Critical
0,0,321,Critical
0,0,320,Critical
0,0,320,Critical
0,0,320,Critical
0,0,320,Critical
0,0,320,Critical
2,0,320,Critical
2,0,320,Critical
0,0,320,Critical
0,0,320,Critical
2,0,320,Critical
0,0,320,Critical
2,0,320,Critical
0,0,319,Critical
0,0,319,Critical
0,0,319,Critical
0,0,319,Critical
0,0,319,Critical
0,0,319,Critical
0,0,319,Critical
0,0,319,Critical
2,0,318,Critical
1,1,317,Critical
1,1,317,Critical
1,1,317,Critical
1,1,317,Critical
1,1,317,Critical
2,0,315,Critical
2,0,310,Critical
2,0,310,Critical
2,0,310,Critical
2,0,308,Critical
2,0,308,Critical
2,0,308,Critical
0,0,179,Critical
0,0,176,Critical
2,0,172,Critical
1,4,172,Critical
1,1,170,Critical
1,1,170,Critical
1,1,170,Critical
0,0,169,Critical
0,0,169,Critical
2,0,169,Critical
2,0,169,Critical
2,0,169,Critical
0,0,169,Critical
0,0,169,Critical
0,0,169,Critical
0,0,169,Critical
2,0,169,Critical
2,0,169,Critical
2,0,169,Critical
0,0,166,Critical
0,0,166,Critical
0,0,166,Critical
0,0,166,Critical
0,0,166,Critical
0,0,166,Critical
2,0,163,Critical
2,0,163,Critical
2,0,163,Critical
2,0,163,Critical
0,0,163,Critical
0,0,163,Critical
2,0,163,Critical
2,0,163,Critical
2,0,163,Critical
2,0,163,Critical
2,0,163,Critical
0,0,163,Critical
2,0,163,Critical
0,0,163,Critical
0,0,163,Critical
0,0,163,Critical
2,0,162,Critical
2,0,161,Critical
2,0,161,Critical
2,0,161,Critical
2,0,161,Critical
2,0,161,Critical
2,0,161,Critical
0,0,161,Critical
2,0,161,Critical
2,0,161,Critical
2,0,161,Critical
2,0,161,Critical
2,0,161,Critical
2,0,161,Critical
2,0,161,Critical
2,0,161,Critical
2,0,161,Critical
2,0,160,Critical
0,0,160,Critical
2,0,160,Critical
2,0,160,Critical
2,0,160,Critical
0,0,160,Critical
2,0,160,Critical
1,1,160,Critical
1,1,160,Critical
0,0,159,Critical
1,1,158,Critical
1,1,158,Critical
1,1,158,Critical
1,1,158,Critical
1,1,158,Critical
0,0,158,Critical
2,0,157,Critical
2,0,157,Critical
2,0,157,Critical
2,0,157,Critical
2,0,157,Critical
2,0,154,Critical
2,0,154,Critical
2,0,154,Critical
0,0,0,Critical
0,0,0,Critical
0,0,0,Critical
2,0,0,Critical
2,0,0,Critical
0,0,0,Critical
0,0,0,Critical
0,0,0,Critical
0,0,0,Critical
0,0,0,Critical
2,0,0,Critical
0,0,0,Critical
0,0,0,Critical
2,0,0,Critical
2,0,0,Critical
2,0,0,Critical
2,0,0,Critical
0,0,0,Critical
2,0,0,Critical
2,0,0,Critical
2,0,0,Critical
2,0,0,Critical
2,0,0,Critical
0,0,0,Critical
2,0,0,Critical
2,0,0,Critical
2,0,0,Critical
2,0,0,Critical
1,1,0,Critical
2,0,0,Critical
2,0,0,Critical
2,0,0,Critical
1,1,0,Critical
2,0,0,Critical
2,0,0,Critical
2,0,0,Critical
2,0,0,Critical
2,0,0,Critical
0,0,0,Critical
0,0,0,Critical
2,0,0,Critical
2,0,0,Critical
2,0,0,Critical
2,0,0,Critical
1,1,0,Critical
0,0,0,Critical
2,0,0,Critical
2,0,0,Critical
0,0,0,Critical
2,0,0,Critical
1,1,0,Critical
1,1,0,Critical
2,0,0,Critical
0,0,0,Critical
0,0,0,Critical
0,0,0,Critical
0,0,0,Critical
1,1,0,Critical
2,0,0,Critical
1,1,0,Critical
1,1,0,Critical
1,1,0,Critical
1,1,0,Critical
0,0,0,Critical
0,0,0,Critical
2,0,0,Critical
0,0,0,Critical
0,0,0,Critical
0,0,0,Critical
0,0,0,Critical
1,4,0,Critical
0,0,0,Critical
0,0,0,Critical
2,0,0,Critical
0,0,0,Critical
0,0,0,Critical
0,0,0,Critical
2,0,0,Critical
0,0,0,Critical
2,0,0,Critical
2,0,0,Critical
2,0,0,Critical
