PC1,PC2,calculated_RUL_tons,RUL_Class
0.24946217279732338,-0.09144416730366096,80051,Healthy
-3.631653228281787,-2.607661439048282,79946,Medium
0.12123493556768003,0.11819251035371485,79888,Healthy
-3.628647720606614,-2.604890918991953,79780,Medium
0.4366681052842491,-0.5567443128224763,79722,Healthy
-4.156199738061089,-1.2840959404824126,79636,Healthy
-4.399660618896647,-1.2355313397839742,79617,Medium
0.29985544203122716,-0.4844203706647094,79553,Healthy
-3.2580476212222824,-1.686856146377073,79468,Healthy
-4.396704926265813,-1.2328067399495737,79453,Medium
0.41487623664236817,-0.23744285212817517,79393,Healthy
-3.069398807034444,-2.101642135228043,79298,Healthy
-2.928545962135247,-3.9785066630185106,79283,Medium
0.13546255681235084,-0.07715516727110834,79226,Healthy
-3.977118882658555,-0.2784123261199199,79134,Healthy
-2.925507244430514,-3.9757055294808965,79113,Medium
0.15160873220820906,0.04079215274744077,79063,Healthy
-4.030731936913698,-0.1994684611856712,78970,Healthy
-3.4889592494993757,-2.750201546938304,78949,Medium
0.08132316953880722,0.2682650787137594,78900,Healthy
-3.076984870272597,-2.1370213817293817,78799,Healthy
-3.4859537418242033,-2.7474310268819755,78785,Medium
0.26302744475300804,0.5014381754319281,78737,Healthy
-5.78782184429935,6.52388993717774,78635,Healthy
-3.8761605970576296,-2.110879157490239,78621,Medium
-0.04397299651649096,0.3117321932302732,78571,Healthy
-5.032102925178512,5.235608894136851,78471,Healthy
-3.873121879352897,-2.1080780239526247,78457,Medium
0.7012362285043682,-0.16583058136531767,78398,Healthy
-6.262178049851562,3.5631319755901267,78310,Healthy
-4.536396924959034,-1.217799069557573,78289,Medium
0.6747707736550261,1.1589325817822478,78246,Healthy
-6.390617527612453,3.7205077596033056,78147,Healthy
-4.533358207254301,-1.214997936019959,78121,Medium
1.0515771587581983,-0.04170387384655027,78083,Healthy
-6.303270975986737,3.247150954629201,77977,Healthy
-4.480625375518459,-1.3050691884646923,77953,Medium
2.1931683100636366,-2.550399647379191,77908,Healthy
-4.550546672468427,-0.7656883993251017,77835,Healthy
-5.179180752313687,5.392707524922743,77819,Healthy
-4.477603262828506,-1.3022833616677207,77785,Medium
1.7539253088465032,-1.356345600276086,77741,Healthy
-5.592757553822063,1.0722212522365981,77672,Healthy
-4.165963486751705,-1.2930963039803203,77661,Healthy
-6.470663393406708,3.8204633445939167,77655,Healthy
-3.2508097737412607,-1.4214075160735806,77617,Medium
2.1020794465927732,-2.1115822187803426,77572,Healthy
-4.9770460403352486,0.23718724850516212,77512,Healthy
-6.5280517009359595,4.12164258689933,77496,Healthy
-3.269305821243096,-1.6972341165328235,77493,Healthy
-3.247771056036528,-1.4186063825359665,77448,Medium
1.3213034370853267,-0.5171478243866544,77409,Healthy
-4.163671994712071,-1.2909839737716275,77387,Healthy
-4.302347699658441,-0.638328332405074,77357,Healthy
-4.189775077946169,-1.3150461700619522,77340,Healthy
-5.670767990993755,6.0247452103987635,77334,Healthy
-3.080706822099597,-2.1120660256057215,77323,Healthy
-1.4269087805155398,1.5084677752590512,77284,Medium
0.7311932647911518,0.14821211904750003,77240,Healthy
-3.267030934218241,-1.6951370930647738,77219,Healthy
-4.507611591947421,-0.5546772921960806,77197,Healthy
-3.2908923404570447,-1.7171328793683338,77172,Healthy
-2.491083051790478,1.1481535018545785,77170,Healthy
-3.9884102927089287,-0.2888209097569559,77159,Healthy
-1.280917490570126,1.6430446389896713,77120,Medium
1.128020437427534,-0.5164097798939677,77070,Healthy
-3.0783821200304025,-2.1099230819157437,77049,Healthy
-4.748252550442543,-0.0648719636233497,77040,Healthy
-3.3805908198181096,2.7692269771442417,77009,Healthy
-3.102309946328326,-2.1319800951818744,77001,Healthy
-4.042089767023191,-0.20993827178527802,76995,Healthy
-1.0078275066541966,1.210649129650308,76947,Medium
0.8606293997454482,0.25086065828344367,76907,Healthy
-3.986135405684074,-0.28672388628890594,76886,Healthy
-4.988643491390627,-0.35206089318822303,76876,Healthy
-3.193321341134145,0.9436515971648652,76853,Healthy
-4.010129652041117,-0.30884212651760784,76838,Healthy
-3.0884921455151098,-2.147628952994773,76825,Healthy
-0.8618362167087829,1.3452259933809279,76775,Medium
0.9565892471084196,0.0663174885277274,76744,Healthy
-4.039731854924437,-0.2077647146140147,76722,Healthy
-5.021673741620239,-0.006065241058950573,76718,Healthy
-4.498052296478239,-0.9127400798046584,76685,Healthy
-4.06384233638494,-0.22999010202721526,76674,Healthy
-5.799329119541862,6.5132823659123495,76660,Healthy
-0.16064122804374584,2.079321119269933,76615,Medium
0.848154648427956,0.38660324637563226,76584,Healthy
-4.695151058530775,-0.8682865517767806,76554,Healthy
-3.0861010233867954,-2.145424782342224,76551,Healthy
0.7902042282720011,0.6927304881803934,76525,Healthy
-3.110277924906418,-2.1677113967179955,76503,Healthy
-5.043610200421024,5.225001322871459,76496,Healthy
-0.01624401951720824,2.212428535898854,76454,Medium
1.1717954984692316,-0.14895004553852398,76424,Healthy
-3.79058257812659,-2.3652155491458666,76391,Healthy
-5.796937997413548,6.515486536564898,76387,Healthy
0.48911841998238575,0.9693858123561149,76362,Healthy
-5.82111489893317,6.493199922189127,76339,Healthy
-6.273685325094074,3.5525244043247355,76335,Healthy
-0.4063689282777267,0.5162181415612966,76288,Medium
0.8307970592833606,0.1116871020149912,76257,Healthy
-4.378561374299811,-1.4930917320904051,76225,Healthy
-5.04123568330749,5.227190186783366,76223,Healthy
0.2380495946953668,1.3776046994220343,76198,Healthy
-5.065395979812332,5.204918879148237,76175,Healthy
-6.401693072470687,3.710298163594625,76172,Healthy
-0.260377638332313,0.6507950052919166,76122,Medium
0.6533933964282463,0.5493721117830899,76094,Healthy
-3.9121446468211185,-2.0668013373381577,76063,Healthy
-6.27129420296576,3.5547285749772843,76061,Healthy
0.6356337227785395,0.8693548940037754,76038,Healthy
-6.295471104485382,3.532441960601513,76013,Healthy
-5.410495017694615,5.655092816328244,76012,Healthy
-0.785379200526054,1.2949087555307548,75958,Medium
0.8133051659710788,-0.3238651813188514,75919,Healthy
-4.316405723289279,-0.927196263254774,75903,Healthy
-6.399318555357152,3.7124870275065307,75899,Healthy
0.09641461123022155,1.7801080583093976,75878,Healthy
-6.4350776084052015,3.8467709976928863,75851,Healthy
-6.423478851861995,3.6902157198714023,75851,Healthy
-0.6393879105806402,1.4294856192613747,75795,Medium
1.2100745776793416,-0.5113199123386023,75753,Healthy
-4.47556091716319,-1.253862391209985,75740,Healthy
-5.4081038955663,5.657296986980793,75739,Healthy
0.7064167464695101,0.7457307973544223,75718,Healthy
-5.432280797085923,5.635010372605022,75691,Healthy
-6.313034724677354,3.2381505911312933,75681,Healthy
-1.2781256390582405,2.090846569475496,75632,Medium
0.8228400200915279,0.12797186362817814,75586,Healthy
-4.571124947291252,-0.647358340958958,75584,Healthy
-6.432719696306447,3.8489445548641497,75577,Healthy
0.05735079640345726,1.664178522512564,75555,Healthy
-6.45689659782607,3.8266579404883783,75529,Healthy
-5.188944501004303,5.3837071614248355,75523,Healthy
-1.1321343491128268,2.225423433206116,75469,Medium
0.9968165924745465,0.12186160044072508,75426,Healthy
-3.7704529544024914,-2.63064178654795,75416,Healthy
-6.310676812578599,3.2403241483025567,75407,Healthy
0.8441017176618532,0.5105803931900409,75395,Healthy
-6.4803939320677655,3.8114935945772945,75359,Healthy
-6.335385074571181,3.217547718226219,75359,Healthy
-1.067152674214482,1.726780548334836,75305,Medium
-3.231497106506356,-2.851958171970019,75261,Healthy
1.2421792069005626,-0.5899466550947702,75260,Healthy
-5.186586588905549,5.385880718596098,75250,Healthy
0.19920321097191646,1.417312843019137,75232,Healthy
-6.56159383079148,4.0907229708010755,75200,Healthy
-6.537815449626576,4.112642223401422,75200,Healthy
-0.9211613842690679,1.861357412065456,75142,Medium
-4.136655333852831,-1.8304927538248605,75097,Healthy
0.8061127593563899,0.2752920437390223,75097,Healthy
-6.478036019969011,3.813667151748558,75086,Healthy
0.24669427621111714,0.19650045425696908,75069,Healthy
-5.680531739684372,6.015744846900856,75038,Healthy
-5.704359935893615,5.993779674078581,75038,Healthy
-0.4509352042984014,0.5716884622696801,74976,Medium
1.136483614298638,-0.11929943143921189,74937,Healthy
-3.961527763474327,-2.4255473351351275,74927,Healthy
-6.535457537527822,4.114815780572686,74926,Healthy
0.3762405088276776,1.3356728188427611,74912,Healthy
-2.500846800481095,1.1391531383566706,74874,Healthy
-2.5246583916755583,1.1172032722750387,74874,Healthy
-0.3049439143529877,0.7062653260003,74809,Medium
1.3945160730502497,-0.7055867605073574,74774,Healthy
-5.678173827585617,6.01791840407212,74765,Healthy
-4.166185087774877,-1.408438102821464,74763,Healthy
0.8040361411975839,-0.02810566419394692,74740,Healthy
-3.41416615970319,2.738276747564702,74713,Healthy
-3.390321358479167,2.7602572271276196,74713,Healthy
-0.871805481461969,1.4008027071154847,74646,Medium
-0.20013037382827115,4.102145777182815,74613,Healthy
0.7521967328999496,0.3538380881273492,74610,Healthy
-4.086300386615096,-1.4486985622171573,74601,Healthy
-2.49848888838234,1.1413266955279342,74601,Healthy
-3.226913286034005,0.9126860608446828,74557,Healthy
-3.2030850898247616,0.9346512336669576,74557,Healthy
-0.7258141915165552,1.5353795708461047,74483,Medium
-0.32169562701823184,2.651930489933219,74454,Healthy
1.1903552555704344,-0.5197880916418842,74444,Healthy
-3.3879634463804122,2.762430784298883,74439,Healthy
-3.282984967739024,-3.066652790974066,74433,Healthy
-4.5316442413781,-0.9437056161248408,74389,Healthy
-4.507816045168856,-0.9217404433025661,74389,Healthy
-0.49388834689128996,0.4653115655956106,74313,Medium
0.35994771892284566,1.3907082632843386,74293,Healthy
-3.2007437827407874,0.9368094840975782,74283,Healthy
1.0777698185286344,-0.18777175172429092,74281,Healthy
-3.2987021158704137,-2.7626086170160193,74272,Healthy
0.780955235039563,0.6842046336424095,74229,Healthy
0.8192131890925922,0.7194713640831907,74229,Healthy
-0.34789705694587625,0.5998884293262307,74144,Medium
0.15760174357027953,1.8895877901349747,74135,Healthy
1.0145891076779574,-0.08601230034563033,74118,Healthy
-4.505524553129221,-0.9196281130938734,74115,Healthy
-3.0476249371451405,-3.173357347352857,74110,Healthy
0.5618317797038334,1.0364140296304991,74065,Healthy
0.5730235596655269,1.046730772823679,74065,Healthy
0.7004587979419666,1.8727046940548946,73995,Healthy
-0.4656451634046008,0.7130897777534305,73981,Medium
-3.4748994491667933,-2.2747460441634266,73953,Healthy
1.1537191211826574,-0.4832241389060679,73951,Healthy
2.287448603939702,-2.5731568267150253,73943,Healthy
0.32195473437850786,1.4549496598895983,73902,Healthy
0.3107297443872544,1.444602303215133,73902,Healthy
1.5185689387450318,-0.10276872056154732,73843,Healthy
-0.31965387345918705,0.8476666414840505,73817,Medium
-3.4857319616883067,-2.620385980736226,73787,Healthy
0.9423088799699146,-0.28019207728453155,73782,Healthy
-0.6499276107969991,1.3989311096097468,73777,Healthy
0.7195388624616804,0.9466998544713394,73742,Healthy
0.7082142423817473,0.9362606573530179,73742,Healthy
0.7759179812703686,0.838377883624012,73685,Healthy
-0.8446554356529281,1.4917803917228885,73657,Medium
-3.799284038153788,-2.2238896758610616,73623,Healthy
1.2943277945837484,-0.5677835535085498,73619,Healthy
0.665819023749331,-0.8510079062763576,73610,Healthy
0.16894531578908956,1.846967901436712,73582,Healthy
0.1803197509133626,1.8574530187769616,73582,Healthy
0.15714020983059407,1.3596396088087859,73517,Healthy
-0.6986641457075142,1.6263572554535084,73497,Medium
-4.661711230646217,-0.8837930568206408,73457,Healthy
1.629586812879057,-1.1320406830129262,73456,Healthy
0.9165646471593811,-1.2075780146129997,73444,Healthy
0.7788478209396983,0.8124988000378804,73422,Healthy
0.7903218861526511,0.8230757578219864,73422,Healthy
0.7182330637303376,0.7140692728628768,73355,Healthy
-1.0654080583358398,1.4011276243216069,73328,Medium
1.3203689803112904,-0.3143160004778824,73299,Healthy
-4.969788576796186,-0.17640457360455672,73295,Healthy
0.36279531418203875,-0.15267947453910544,73280,Healthy
0.1297154508145256,1.7308852982334515,73259,Healthy
0.14125593608659823,1.741523482980128,73259,Healthy
0.8131052651601378,0.9542000816870687,73201,Healthy
-0.9194665834347657,1.5356585678302987,73158,Medium
-4.48678681385939,-0.5232559549376549,73142,Healthy
1.5474109979211474,-1.3012881575230617,73129,Healthy
0.10353541358509297,0.11617118800542205,73114,Healthy
0.9163833469990217,0.5772106352077148,73099,Healthy
0.9280068573449941,0.5879253536576049,73099,Healthy
0.4540510757653399,-0.9313314488180766,73028,Healthy
-0.8418592455644519,1.3254272250497081,72995,Medium
-4.86731709043839,-0.5359329535591115,72976,Healthy
1.0086074296075804,-1.5495939162336485,72960,Healthy
1.2541742257359279,-2.0966924270387617,72942,Healthy
0.28310835065505746,1.494657803486701,72936,Healthy
0.2714184202499652,1.4838818580742401,72936,Healthy
0.3758949775558168,-0.2725047834851929,72859,Healthy
-0.695867955619038,1.460004088780328,72832,Medium
-4.475370135271287,-1.5081022863180817,72804,Healthy
1.2550051150903792,-2.1071927144522165,72788,Healthy
1.1442177702781038,-1.61193776809363,72775,Healthy
0.3305994158942582,0.27384541472453316,72772,Healthy
0.318876275459606,0.26303885583078684,72772,Healthy
1.0377870091278985,-1.2216018387720784,72693,Healthy
-0.4266030353106086,0.9857154300210574,72676,Medium
1.7399154187960801,-1.4832935339020763,72635,Healthy
-0.45502467971340793,2.142529777361227,72633,Healthy
0.3762405088276776,1.3356728188427611,72615,Healthy
0.49523204474087545,1.4453609222883508,72615,Healthy
1.1585583395958958,-1.4902954466168394,72612,Healthy
0.4246525040412865,0.2422028392979032,72536,Healthy
-0.28096045067557407,1.1199708521981808,72520,Medium
0.7600037932046612,-0.01880442734179641,72476,Healthy
2.602170318594007,-2.611089928499376,72471,Healthy
0.46458303736916834,-0.3554228242331644,72449,Healthy
0.8879412808807249,0.049239296273617054,72443,Healthy
0.8760520902982731,0.038279669973443724,72443,Healthy
0.4360693711503305,0.21325417121279405,72379,Healthy
-0.3931332462388393,0.5831031530645279,72356,Medium
-0.17085573277120059,4.129131560935895,72317,Healthy
-0.2092797369720295,4.093711763088687,72317,Healthy
1.8909200115263267,-2.39431780162978,72309,Healthy
2.627135546104853,-2.9383628161883992,72302,Healthy
0.3490699403707175,-0.38793509408299215,72283,Healthy
0.02352270125017263,0.4385981718808925,72213,Healthy
-0.811171965144937,0.7698165691855025,72184,Medium
-0.2924209859611613,2.6789162736862995,72158,Healthy
-0.3308449901619902,2.643496475839091,72158,Healthy
2.3549582966921894,-2.960022439747371,72146,Healthy
2.2883467818084826,-2.2569146395862534,72135,Healthy
0.5018772929189487,-0.3425106264951704,72123,Healthy
-0.1050490716485826,0.6503362587819792,72046,Healthy
-0.6662766061750006,0.9033831880337043,72011,Medium
0.38917254493557635,1.4176481268154908,71997,Healthy
0.35074854073474754,1.3822283289682826,71997,Healthy
1.6199215059928147,-1.8843560072228063,71980,Healthy
2.3984278258080205,-2.7440919946178046,71963,Healthy
0.22243040305937142,-0.18225355511938923,71956,Healthy
-0.042724538778901436,0.8667961183089804,71886,Healthy
-1.3423614221434823,2.1378946311025255,71848,Medium
0.18680996456823026,1.9165123469254846,71839,Healthy
0.14841917039696137,1.8811231625595615,71839,Healthy
0.3912974084560315,-0.21190743323207506,71814,Healthy
1.893785103411809,-1.917287706876561,71791,Healthy
0.5941824230800622,-0.785803390903461,71790,Healthy
-0.05288136539854339,0.25369559008858095,71714,Healthy
0.7296338089103575,1.8995986373641187,71699,Healthy
0.6912762247686485,1.8642400664794814,71699,Healthy
-1.1974660631735459,2.271461249950727,71685,Medium
0.3912974084560315,-0.21190743323207506,71648,Healthy
0.9570957605306987,-1.2584401847596227,71627,Healthy
2.23011240279346,-2.327304765582725,71621,Healthy
1.5477107396838627,-0.0759053907336085,71547,Healthy
1.5093863655717137,-0.11123334813696054,71547,Healthy
0.278488325130641,-0.3010089002930316,71541,Healthy
-1.2307860977054306,1.6491542973377296,71515,Medium
0.8118231524224979,-0.7754175843651351,71485,Healthy
-4.156199738061089,-1.2840959404824126,71472,Healthy
0.2336771380853571,-0.21147758982527848,71461,Healthy
2.418914286775209,-2.794014899783752,71449,Healthy
0.8050099671648596,0.8651952932300228,71389,Healthy
0.7666855930527106,0.8298673358266707,71389,Healthy
0.33861719750943825,-0.02668833601093341,71378,Healthy
-1.0859073437502742,1.7827056094452887,71346,Medium
0.8118231524224979,-0.7754175843651351,71322,Healthy
-3.2580476212222824,-1.686856146377073,71304,Healthy
0.24951198784166326,-0.0913982470817329,71298,Healthy
2.69838613508782,-2.956786507689809,71283,Healthy
0.18621559071030513,1.3864417116741539,71221,Healthy
0.147924426627716,1.3511443677520871,71221,Healthy
-0.007731639851511379,0.24509504287987616,71209,Healthy
2.264749548735496,-2.5940811411735964,71205,Healthy
-0.3078528391314599,0.26449858585498803,71180,Medium
0.8673025159384385,-1.021571793448555,71155,Healthy
0.12123493556768003,0.11819251035371485,71134,Healthy
-3.069398807034444,-2.101642135228043,71134,Healthy
2.7455722585050157,-3.181369362096537,71113,Healthy
0.7472752345804886,0.7408407622469594,71059,Healthy
0.7089840704978996,0.7055434183248928,71059,Healthy
0.2641868280542173,-0.21507170224788247,71040,Healthy
-0.670235543872891,1.3802109658037245,71038,Healthy
-0.1629740851763034,0.3980498979625471,71013,Medium
0.8673025159384385,-1.021571793448555,70989,Healthy
-3.977118882658555,-0.2784123261199199,70970,Healthy
0.4366182902399092,-0.5567902330444043,70968,Healthy
2.632986821463216,-2.849353022178944,70947,Healthy
0.8420976209659491,0.9809256508492233,70905,Healthy
0.8038396669129197,0.9456589204084421,70905,Healthy
0.3531415803465104,-0.22412219349421916,70873,Healthy
0.6449963352152605,-0.8702025590423036,70872,Healthy
-1.0639328964641792,1.8183684158679807,70853,Medium
0.738383672670433,-0.6467008776618174,70826,Healthy
-4.030731936913698,-0.1994684611856712,70806,Healthy
0.2998056269868873,-0.48446629088663745,70799,Healthy
2.5896651692208383,-2.6368832636471833,70784,Healthy
0.4649572540199368,-0.14400673174105702,70739,Healthy
0.44524710147612356,-0.1621758328839421,70739,Healthy
0.6793449919126424,-0.6069983933434077,70710,Healthy
0.8952272031671318,-1.2272471763388695,70705,Healthy
-0.9190375374942428,1.9519350347161826,70693,Medium
0.738383672670433,-0.6467008776618174,70663,Healthy
0.4148264215980283,-0.2374887723501033,70639,Healthy
-3.076984870272597,-2.1370213817293817,70635,Healthy
2.462386952533791,-2.5874055214151137,70618,Healthy
0.86577284544259,-0.7256859840170022,70575,Healthy
0.8854829979864033,-0.7075168828741171,70575,Healthy
0.3414080551454494,-0.17239455648690324,70542,Healthy
0.34640332386901185,-0.3676291602417021,70541,Healthy
-0.19053897641377449,-0.23992746867326928,70520,Medium
0.8842104810465456,-0.9029815129676183,70500,Healthy
0.13536292672367103,-0.07724700771496458,70473,Healthy
-5.78782184429935,6.52388993717774,70471,Healthy
2.651433742095972,-3.056308905303708,70448,Healthy
0.9221986948009884,-0.9709677088837885,70409,Healthy
0.9419088473448016,-0.9527986077409033,70409,Healthy
0.07867770645949193,0.09325699726329985,70376,Healthy
0.7671195708650514,0.22364025945081106,70375,Healthy
-0.045593802399498215,-0.10631492960313939,70348,Medium
0.8842104810465456,-0.9029815129676183,70336,Healthy
0.1515091021195293,0.04070031230358453,70309,Healthy
-5.032102925178512,5.235608894136851,70307,Healthy
2.6383705315295822,-2.8655436333174316,70282,Healthy
0.8120435182343384,-0.5788001761707994,70246,Healthy
0.792333365690525,-0.5969692773136845,70246,Healthy
0.06932635352030214,0.42228856758844574,70211,Healthy
1.232587706521979,-2.116591189874272,70203,Healthy
-0.2871546826133993,0.21235181752018784,70182,Medium
0.5504540966280052,-0.34281720546740485,70173,Healthy
0.08120693443534752,0.2681579315292605,70146,Healthy
-6.262178049851562,3.5631319755901267,70146,Healthy
2.6041044860163813,-2.8344548044408593,70116,Healthy
0.9579035366400109,-0.8350501979953149,70083,Healthy
0.9381601740666378,-0.8532499126194855,70083,Healthy
0.01490652877402964,0.34481441877755736,70045,Healthy
1.1224652009163554,-1.6319895983355672,70037,Healthy
-0.142209508599123,0.3459643565903177,70015,Medium
0.5504540966280052,-0.34281720546740485,70010,Healthy
0.2629278146643283,0.501346334988072,69983,Healthy
-6.390617527612453,3.7205077596033056,69983,Healthy
3.108424605756228,-3.9759640785076873,69944,Healthy
0.6241139421919105,-0.2749165039763869,69920,Healthy
0.6044037896480973,-0.293085605119272,69920,Healthy
0.37338527856262393,-0.2768656926479021,69879,Healthy
1.1367227451602477,-1.51042381056199,69874,Healthy
-0.7377131855760132,0.9557492846042289,69849,Medium
0.21856107921565046,-0.26351506734714947,69838,Healthy
-0.04412244164951064,0.3115944325644889,69817,Healthy
-6.303270975986737,3.247150954629201,69813,Healthy
0.7583640239316108,0.35645029195529804,69780,Healthy
0.27246095719140256,-0.21382938722094474,69747,Healthy
0.2922209247795557,-0.1956143658561315,69747,Healthy
0.5016872892896412,-0.4889709866136252,69713,Healthy
0.4425813927857205,-0.3757042555847422,69711,Healthy
-0.592784616576517,1.0893465169337162,69683,Medium
0.21856107921565046,-0.26351506734714947,69665,Healthy
-5.179180752313687,5.392707524922743,69655,Healthy
0.7010867833713486,-0.16596834203110197,69644,Healthy
2.5674604057448245,-2.320677763561398,69623,Healthy
0.8182253396608348,-0.915801168448438,69578,Healthy
0.7984653720726816,-0.9340161898132512,69578,Healthy
0.3269686656985899,-0.40830836587842606,69545,Healthy
0.22094684321835592,-0.1664535705688266,69543,Healthy
-0.25338465639794877,0.44666817208339893,69522,Medium
0.7445820991117094,-0.9836865631988133,69496,Healthy
0.6746213285220064,1.1587948211164634,69493,Healthy
-6.470663393406708,3.8204633445939167,69491,Healthy
3.301004003013248,-5.146062858895293,69435,Healthy
-0.10063406438051134,1.0946672079793962,69418,Healthy
-0.12039403196866447,1.076452186614583,69418,Healthy
0.6274208360476622,-0.1129764504244609,69389,Healthy
0.4797262032024811,-0.3629298185125324,69384,Healthy
-0.10850590244279233,0.5802194841909579,69362,Medium
-6.5280517009359595,4.12164258689933,69332,Healthy
1.0514111086103988,-0.041856941252977224,69329,Healthy
0.7445820991117094,-0.9836865631988133,69327,Healthy
1.3527933494732618,-0.4790828453175288,69271,Healthy
0.25329239859313457,0.16332294675208028,69251,Healthy
0.23353243100498142,0.14510792538726705,69251,Healthy
0.5926389826535541,-0.08512970502091344,69223,Healthy
0.20027931334290391,-0.2026727471367512,69218,Healthy
-0.6999545096705152,0.43734391786429255,69187,Medium
-5.670767990993755,6.0247452103987635,69170,Healthy
-0.17429390994441665,1.0267665064883782,69166,Healthy
2.1930686799749566,-2.5504914878230474,69154,Healthy
0.48027809955269635,0.9912965446964797,69108,Healthy
0.4480833979753124,-0.2263787121511607,69085,Healthy
0.46784336556346556,-0.20816369078634747,69085,Healthy
0.6987859792472565,-0.6072972793191854,69060,Healthy
0.5719981233340349,-0.8062531964021085,69052,Healthy
-0.5551089657449187,0.5708646164905663,69011,Medium
-0.17429390994441665,1.0267665064883782,69006,Healthy
-2.491083051790478,1.1481535018545785,69006,Healthy
1.7538256787578235,-1.3564374407199424,68988,Healthy
0.86285812235107,0.20264016431769333,68942,Healthy
0.6565954345008747,-0.6749197452093028,68916,Healthy
0.6368354669127214,-0.693134766574116,68916,Healthy
0.9347454106368718,-1.2790430576646972,68889,Healthy
0.41293701514103875,-0.5901187406636796,68888,Healthy
-0.19289303471974295,0.18951818183653418,68848,Medium
-3.3805908198181096,2.7692269771442417,68845,Healthy
0.17963255302922929,0.0954222452610622,68840,Healthy
2.1019798165040933,-2.111674059224199,68818,Healthy
0.5332857863234256,0.7511045032295038,68775,Healthy
1.1213596256954115,-1.2968584943488715,68750,Healthy
1.1015996581072585,-1.3150735157136846,68750,Healthy
0.21132678819153008,-0.23208046273035293,68723,Healthy
1.0730566506646142,-1.535490181011039,68718,Healthy
-3.193321341134145,0.9436515971648652,68689,Healthy
-0.048047490794146545,0.32303888046280776,68685,Medium
0.17963255302922929,0.0954222452610622,68674,Healthy
1.3888858472397665,-0.4548493899708646,68655,Healthy
-0.15620877973893743,0.6119997881887417,68606,Healthy
1.3561557479389574,-1.8257381482365767,68580,Healthy
1.3364455953951442,-1.8439072493794617,68580,Healthy
0.22711182290349644,-0.11204704020873542,68559,Healthy
0.8456153891420404,0.1307979676357858,68552,Healthy
-4.498052296478239,-0.9127400798046584,68521,Healthy
0.27055610793943335,0.8995343384127484,68518,Medium
0.3942333350439001,-0.2760184720554374,68508,Healthy
0.7988254899899313,0.21055647368521785,68486,Healthy
0.09658262902425843,0.4635120504304011,68443,Healthy
0.6514515339546934,-0.4132636954699003,68417,Healthy
0.6711616864985066,-0.3950945943270152,68417,Healthy
0.09878495558517333,0.09749779700478416,68396,Healthy
1.2794223492243828,-0.8917949959995317,68380,Healthy
0.41535183682068993,1.033009116817094,68352,Medium
2.287033478570203,-2.573539495231093,68349,Healthy
0.3942333350439001,-0.2760184720554374,68341,Healthy
1.1956028475819738,-0.45411134547817805,68317,Healthy
0.7360530404631844,-0.7489724040745523,68277,Healthy
0.49953567439672597,-0.7138416140609478,68242,Healthy
0.4798255218529127,-0.732010715203833,68242,Healthy
0.4141184952130626,-0.577530866615263,68230,Healthy
-1.281199460543892,2.9439043579070883,68229,Healthy
0.27508411508125874,1.0461854960215178,68189,Medium
-0.6502265010630385,1.3986555882781782,68182,Healthy
0.5829854039813092,-0.7427745264783926,68172,Healthy
0.9283114399885676,0.31325093314308966,68153,Healthy
0.456506828679684,0.1544537494816124,68120,Healthy
0.3439807954400033,-0.00845923940286065,68075,Healthy
0.32427064289619006,-0.02662834054574576,68075,Healthy
0.27730583196004066,-0.5052069244574963,68061,Healthy
0.3537422861720489,-0.7926437642931174,68056,Healthy
0.41986323894773536,1.1796449676852208,68026,Medium
0.6655201334832918,-0.8512834276079262,68015,Healthy
0.5829854039813092,-0.7427745264783926,68003,Healthy
1.024271287351539,0.1287077633873734,67990,Healthy
0.8590452320102803,-1.2666614059244574,67947,Healthy
0.7872624380422212,-0.644841474745788,67912,Healthy
0.8069559855712545,-0.6266876803435456,67912,Healthy
0.39227681152684174,-0.25827532614289017,67900,Healthy
-0.5534497114891074,1.3496192302073082,67896,Healthy
0.7662419710842192,-0.06510288194377321,67856,Medium
0.916215941849002,-1.2078994561664964,67849,Healthy
1.047766200190626,-1.3646979688773186,67836,Healthy
0.9158366886710754,0.44899352123527814,67830,Healthy
-0.18304941423989546,0.5713553928217411,67777,Healthy
0.5160896485664704,-0.3451396451454014,67746,Healthy
0.5357499860659438,-0.3270164642244444,67746,Healthy
0.1127635016081446,-0.09807948172967958,67734,Healthy
0.27339187721092983,0.841819864591728,67721,Healthy
0.9110210949506958,0.06835658971992964,67687,Medium
0.36243000385687957,-0.1530162228332448,67686,Healthy
1.2394775387123511,-0.08655977067887811,67670,Healthy
1.047766200190626,-1.3646979688773186,67670,Healthy
1.0079944258543174,-1.2117148353397629,67611,Healthy
1.0097705082164632,-0.9696387770834286,67583,Healthy
0.99011017071699,-0.9877619580043856,67583,Healthy
0.12890967700400288,0.01986783828886964,67571,Healthy
0.4108950783236326,1.1893094734636331,67557,Healthy
0.10313689323037392,0.1158038262299972,67520,Healthy
1.0893707712591367,-0.7592215170687057,67515,Medium
0.8984957045412599,0.17409268361527983,67504,Healthy
1.282545717419392,-1.8935929295056666,67501,Healthy
-0.1469226507032245,2.4850936138044277,67456,Healthy
0.9731954658898386,-0.6161918950751033,67426,Healthy
0.9535351283903652,-0.6343150759960603,67426,Healthy
0.058557694275481256,0.24727953729261745,67408,Healthy
0.7672139682670661,0.14686425321147123,67385,Healthy
1.2538089154107686,-2.097029175332901,67347,Healthy
1.2341665001403934,-0.6257467386643601,67343,Low
0.7210754366713658,0.6117623866427359,67341,Healthy
1.282545717419392,-1.8935929295056666,67332,Healthy
0.5806140712992446,0.9319333279554961,67296,Healthy
1.241998166491013,-0.9104186008162463,67272,Healthy
1.2223378289915394,-0.9285417817372033,67272,Healthy
0.2402287594601222,0.48042202052950084,67245,Healthy
0.09540712654452568,1.2812696900201868,67213,Healthy
-0.4308429002176435,2.8003538263159804,67188,Low
1.1438026449086047,-1.6123204366096975,67181,Healthy
0.5975516559789412,-0.4629493755961051,67168,Healthy
0.8809872062141982,-0.2614749064592055,67165,Healthy
0.3907854696989675,1.241904161568678,67136,Healthy
1.4129582934934009,-1.493757906797467,67112,Healthy
1.3933145610087074,-1.5118657809777811,67112,Healthy
-0.06687131189805662,0.2906241978839897,67079,Healthy
1.2154462949553035,0.14976475242845735,67056,Healthy
-0.286445691691106,2.933461242944901,67033,Low
1.1581598192411768,-1.4906628083922642,67018,Healthy
0.5975516559789412,-0.4629493755961051,67005,Healthy
1.277756617922461,-0.44892963747895637,66999,Healthy
1.076803325179388,-0.35136694407453734,66966,Healthy
0.6609991869004351,-0.6000838988180497,66945,Healthy
0.6807093394442484,-0.5819147976751646,66945,Healthy
0.6783379131228024,-0.18693857671160116,66906,Healthy
1.1202736870181138,-0.09215890760186474,66889,Healthy
-0.703015080959368,2.8815058418615025,66869,Low
0.4641180969553294,-0.3558514129711601,66855,Healthy
0.8905718753789872,0.19040805870975214,66833,Healthy
0.42587582883282066,-0.7817423155519658,66830,Healthy
1.4921461851680222,-0.7430641114158162,66803,Healthy
0.5918786366251355,-0.48288355717081693,66779,Healthy
0.6115389741246089,-0.46476037624985994,66779,Healthy
0.6518724582734604,1.1378245864359644,66754,Healthy
1.1910563056266206,-0.42696356465491114,66720,Healthy
-0.5586842924919503,3.0145520315278524,66706,Low
0.3486548150012185,-0.38831776259905965,66688,Healthy
1.0645484477620057,0.18429779552229913,66672,Healthy
0.42587582883282066,-0.7817423155519658,66654,Healthy
0.5645583918046113,0.49222699565491945,66634,Healthy
0.03461069602238697,0.48468583686242045,66613,Healthy
0.014950358522913508,0.46656265594146346,66613,Healthy
1.0286622383618527,-0.06282717593347646,66591,Healthy
0.883057255773188,0.23096938951946278,66554,Healthy
0.36409418152438505,1.0441968799436414,66543,Low
0.5014289575198897,-0.3429239084925233,66528,Healthy
1.3098612471436821,-0.5275563802351242,66506,Healthy
0.27032094987609806,-0.07635994089387871,66488,Healthy
0.742760168491866,-0.0027657107832961643,66461,Healthy
0.9807391351910834,-0.4801950751384014,66459,Healthy
0.96107879769161,-0.49831825605935837,66459,Healthy
2.170319809726411,-2.5714617225035465,66416,Healthy
0.6773579765012326,0.5812216527415203,66388,Healthy
0.5084747850361426,1.1772889898319194,66379,Low
0.22196546264553255,-0.1826821438573848,66362,Healthy
0.8737947995995095,0.33768231859866826,66343,Healthy
0.27032094987609806,-0.07635994089387871,66322,Healthy
0.5965892320011156,0.7302995786389426,66298,Healthy
0.9701667653366908,0.06576331965740778,66293,Healthy
0.9505230328519974,0.04765544547709343,66293,Healthy
1.7310768085092774,-1.3774076754004416,66249,Healthy
0.9057134889426208,0.48955723943122587,66227,Healthy
0.7094027216923127,0.9299507527633637,66225,Low
0.5937340876810033,-0.7862166729008139,66196,Healthy
1.2041822595565377,-0.056893849838923254,66183,Healthy
0.7332629299777892,-0.694618995315849,66159,Healthy
0.7027477382049692,0.25264424924886997,66129,Healthy
0.8291866587075526,0.1498025371442203,66123,Healthy
0.8095263212080792,0.1316793562232633,66123,Healthy
2.3029410827294052,-2.5588756376953863,66114,Healthy
2.079230946255547,-2.1326442939046983,66080,Healthy
0.8538331402484101,1.0630887828735702,66071,Low
0.5135047174875605,0.984146276981915,66064,Healthy
0.9565810050725199,-1.2589146937195463,66033,Healthy
1.4621981132933692,-0.6431964856477114,66020,Healthy
0.7332629299777892,-0.694618995315849,65995,Healthy
0.5368682472059219,0.82447011682816,65966,Healthy
0.8217997738525931,0.2591946221052192,65957,Healthy
0.8414601113520664,0.2773178030261762,65957,Healthy
-0.6340200066377969,1.4135949671454535,65948,Healthy
1.407201178542063,-0.43796605504196634,65917,Healthy
0.5982267678009239,0.3565529725721991,65902,Low
0.5779873379881996,0.7175966376633189,65898,Healthy
0.2332121976715182,-0.21190617856327415,65866,Healthy
0.8198787731430691,0.4162283629869951,65857,Healthy
0.46204032545769863,-0.3949630859373905,65829,Healthy
1.1753232180431317,-0.227916629214058,65802,Healthy
0.7960547374216308,0.49564519922245953,65794,Healthy
0.7763445848778175,0.4774760980795744,65794,Healthy
0.6816602078494134,-0.8364052757032217,65781,Healthy
0.817091006247888,0.22739388839218805,65748,Healthy
1.1181558776335878,0.1213677828051174,65738,Healthy
0.7426073713126814,0.4896450824604772,65732,Low
0.24906365244260434,-0.09181152907908581,65703,Healthy
1.258037295813554,-0.4573978167822383,65690,Healthy
0.46204032545769863,-0.3949630859373905,65663,Healthy
0.46342876745385697,0.9531868235314775,65639,Healthy
1.0481307517338396,-0.07521654631775625,65628,Healthy
1.0284205991900264,-0.09338564746064136,65628,Healthy
0.9324058312594636,-1.1929753840398638,65615,Healthy
1.2139181788842703,-0.43722801054927973,65578,Healthy
0.3791306142278152,1.0053283656711318,65569,Low
0.8872295520908173,0.05780995403888311,65569,Healthy
0.12076999515384115,0.11776392161571918,65540,Healthy
1.1454518587717537,-0.125381476864645,65527,Healthy
0.9360110325638784,-1.0376313190183026,65500,Healthy
0.2224838299823567,1.3342648517404219,65476,Healthy
0.3249856214226875,0.79836187407135,65455,Healthy
0.3446293539073809,0.8164697482516643,65455,Healthy
0.37863649828212115,-0.13807684396596945,65452,Healthy
0.9465271412021844,0.3300424276281318,65415,Healthy
0.5235278227543527,1.1384357823000526,65406,Low
0.3728516589018252,0.7467630757700513,65396,Healthy
0.43616995484085025,-0.5572035150417572,65374,Healthy
1.0822877529358568,-0.023606718745341752,65364,Healthy
0.9360110325638784,-1.0376313190183026,65337,Healthy
0.23129395421291818,1.3155297072136845,65313,Healthy
0.662828429733435,0.5580186817115405,65289,Healthy
0.6431680922339617,0.5398955007905835,65289,Healthy
0.11937659768517542,0.13077381857855797,65285,Healthy
1.0424869885651558,0.14549925787241552,65252,Healthy
0.8700435646503434,-0.10376676260659234,65236,Low
0.5210459382667019,0.6453987024387133,65227,Healthy
0.2993406865730484,-0.484894879624633,65204,Healthy
1.221450976470117,-0.4207879438244939,65198,Healthy
0.8993861751929136,-0.6842303572319056,65179,Healthy
0.6692683576713772,0.2812214682493211,65144,Healthy
1.1795236731741052,-0.45582233642229864,65120,Healthy
1.1598633356746317,-0.4739455173432557,65120,Healthy
1.2700154098360101,-2.0820897964656258,65113,Healthy
0.9340523898846922,0.4657850157203203,65092,Healthy
1.014390958132541,0.02929473380040042,65067,Low
0.46641744340984354,0.8844402758356976,65061,Healthy
0.41436148118418936,-0.2379173610880989,65044,Healthy
1.009990920213034,-0.21780180242488556,65028,Healthy
0.8993861751929136,-0.6842303572319056,65022,Healthy
0.25116136625947166,1.4237101710958662,64984,Healthy
0.6968964989816351,0.14175308032651113,64947,Healthy
0.7165402314663285,0.15986095450682547,64947,Healthy
1.1600589543781863,-1.597335137520494,64947,Healthy
1.257693239925968,-0.06976827619383598,64932,Healthy
0.564993175458693,0.7022426445994058,64904,Low
0.7365635152670659,0.4279991456474655,64894,Healthy
0.13491459132461212,-0.07766028971231749,64878,Healthy
1.1682386908384277,-0.9784111427511204,64869,Healthy
1.3620098348268679,-0.5053932786489038,64865,Healthy
0.9475038337822173,-0.03600442746855191,64817,Healthy
1.1743995236959783,-1.4756928160437033,64784,Healthy
0.914962612528238,-0.015326986877665335,64778,Healthy
0.8952524599844247,-0.03349608802055045,64778,Healthy
0.9166948007400968,0.1908688713596792,64765,Healthy
0.7093737789704505,0.8353347544876838,64740,Low
0.548523914730075,0.7342596710617634,64728,Healthy
1.1682386908384277,-0.9784111427511204,64715,Medium
0.15104416170569038,0.04027172356558897,64715,Healthy
1.6972688531221765,-1.0696504081532803,64702,Healthy
-0.13929928882020545,1.7515606015139418,64651,Healthy
0.48037440642491086,-0.34086611388195653,64620,Healthy
0.3511633881333429,0.9038677166517927,64609,Healthy
0.33145323558952966,0.8856986155089076,64609,Healthy
0.7392911378849826,0.6285538811277779,64602,Healthy
-0.04715909905576292,2.0059190007253664,64583,Low
0.9944444879180285,-0.1584870936936407,64559,Healthy
1.3391656078112557,-1.5617810622136263,64554,Medium
0.0807585990362886,0.2677446495319076,64552,Healthy
1.3880510205544099,-0.2519257256182365,64545,Healthy
1.022454300849304,-0.17134379944695075,64485,Healthy
0.36491112447079993,-0.3733324635098561,64454,Healthy
1.2479346048725195,-0.6420815489160376,64439,Healthy
1.2676447574163328,-0.6239124477731525,64439,Healthy
0.8992029074278151,-0.24468341197416338,64427,Healthy
0.09722150445599459,2.139011110613645,64426,Low
0.9088937441927387,0.5837054863611798,64402,Healthy
1.3391656078112557,-1.5617810622136263,64394,Medium
0.2624628742504895,0.5009177462500763,64389,Healthy
1.6151428532086067,-1.2388519624414878,64376,Healthy
0.8871857330791362,-0.10053691580050067,64315,Healthy
0.5177184770190311,-0.32790799592203446,64294,Healthy
1.219173431225683,-0.2395990919683254,64276,Healthy
1.1994632786818697,-0.2577681931112106,64276,Healthy
1.295972319136078,-0.4321381429939143,64261,Healthy
-0.06613543753677101,1.5223517905133113,64259,Low
1.0075154750044895,-0.19132967350995192,64232,Healthy
0.6069000487473234,-0.649953259831967,64228,Medium
-0.04453756701900964,0.3112117640484214,64222,Healthy
1.07633928489504,-1.4871577211520743,64206,Healthy
0.42807501412270355,0.5055784292652167,64143,Healthy
0.23827158715945382,-0.1676509245462532,64128,Healthy
1.0835437227716231,-0.16670610581880713,64110,Healthy
1.06385017524259,-0.18485990022104956,64110,Healthy
0.9087377615482641,0.20715363297286615,64094,Healthy
0.07824516597498649,1.6554439004015895,64091,Low
1.3361139338982317,-0.5821955337486597,64066,Healthy
0.6069000487473234,-0.649953259831967,64062,Medium
0.7006882630166295,-0.1663357038065267,64050,Healthy
1.3227535753926185,-2.0447412126299995,64034,Healthy
0.35183560244946716,1.3288496337976683,63985,Healthy
0.6100236071801447,-0.771200760330325,63962,Healthy
0.4053789881560682,0.6617301826462929,63938,Healthy
0.38566883561225485,0.6435610815034077,63938,Healthy
1.0826977289165025,0.20102806304477044,63934,Healthy
-0.5706073834798303,2.1353385239368716,63919,Low
0.6742062031525075,1.1584121526003959,63898,Healthy
1.1989899450056578,-0.5077395688658966,63897,Healthy
0.5377794984720239,-0.532752918184734,63896,Medium
-0.5278542745383151,2.075394412902344,63879,Healthy
0.6628984439516693,0.7175063110786523,63825,Healthy
0.9728871295864413,-1.2438834744084148,63798,Healthy
0.6076242769249824,0.4769283751764672,63768,Healthy
0.5879639394255091,0.4588051942555102,63768,Healthy
1.328027133312959,-0.5108108059720102,63768,Healthy
-0.4262101749532928,2.268445940565792,63747,Low
1.0510125882556796,-0.04222430302840207,63735,Healthy
0.5377794984720239,-0.532752918184734,63729,Medium
1.2660517320459332,-0.6215968093788821,63727,Healthy
0.6871741983797538,-0.08593979180067937,63722,Healthy
0.915389038653001,0.09254247724145458,63661,Healthy
0.24941869209675974,-0.19696679969599884,63632,Healthy
0.8919606857687863,0.3544278928617822,63605,Healthy
0.6127899789698519,0.4655526200849268,63599,Healthy
0.5931794565147184,0.44747535938589794,63599,Healthy
0.9096584970412931,0.37948621624304646,63589,Low
1.1501766296847855,-1.2784046941596037,63564,Healthy
-0.03914877963019812,0.4166932949275463,63563,Medium
2.192620344575898,-2.5509047698204,63559,Healthy
1.8181402317457593,-2.461407245866735,63556,Healthy
0.9292984225668907,0.2682715802745841,63501,Healthy
0.26525354185306593,-0.0768874569524531,63469,Healthy
1.2223315407110347,-0.040163582316451944,63445,Healthy
1.0540889155973905,0.5126242463532527,63431,Low
0.47418831465354383,0.5415868704415773,63426,Healthy
0.4546276072427502,0.5235555299644765,63426,Healthy
-0.03914877963019812,0.4166932949275463,63397,Medium
1.7533607383439846,-1.356866029457938,63393,Healthy
2.282195121926402,-3.027096577243683,63392,Healthy
0.34844656159462467,-0.4077276763278836,63392,Healthy
0.8702467590110392,0.2565688748677952,63338,Healthy
0.13692667453474286,0.13265738026106647,63306,Healthy
1.480363999462646,-0.6264509113845974,63281,Healthy
-0.4216581896357928,2.190285094521566,63265,Low
0.2612376085306808,0.8409622867160687,63254,Healthy
0.28078171092669446,0.8589783204525268,63254,Healthy
0.9069796595384982,-0.5481876170732756,63243,Medium
0.8120847107746998,-0.706739328343948,63229,Healthy
1.5471417262122473,-1.9514454514597612,63227,Healthy
2.1015812961493743,-2.1120414209996237,63224,Healthy
1.32203496629216,-0.3870425100390087,63178,Healthy
0.45231002920697205,-0.5423253631370527,63139,Healthy
0.8380280542975661,0.4329586305094664,63118,Healthy
-0.2772775861240353,2.323377204409844,63098,Low
0.9069796595384982,-0.5481876170732756,63089,Medium
0.8903951291432449,-0.010406915635397815,63085,Healthy
0.8708344217324513,-0.028438256112498627,63085,Healthy
0.5018593834889972,-0.20613002548981382,63066,Healthy
1.2876616771411264,-0.548159280928765,63061,Healthy
0.39035092261357374,-0.21277991744870894,63060,Healthy
0.6814714171755859,0.6686414169155287,63018,Healthy
0.3154973659539501,-0.4700014209792857,62970,Healthy
1.276203181982831,-0.4406522425191243,62952,Healthy
0.069021134695126,1.6637229094510237,62938,Low
0.8964238946988857,-0.002213915536823689,62923,Medium
0.4604360352209406,1.0000576453843093,62922,Healthy
0.4409749578988266,0.9821181453510647,62922,Healthy
0.8108766665800402,-0.776290068581769,62897,Healthy
0.5149117221210384,-0.502551746122978,62896,Healthy
0.6975515048469516,0.1172006625053895,62891,Healthy
0.7585180068944266,0.476471471000941,62856,Healthy
0.4304683455207512,-0.22306982266467973,62810,Healthy
1.1636177449410308,-0.10863590260153103,62789,Healthy
0.21341834322166345,1.7968303260799445,62778,Low
0.8964238946988857,-0.002213915536823689,62757,Medium
0.5619150481823199,0.37555224811250626,62749,Healthy
0.5424705758749859,0.3576280548199043,62749,Healthy
0.3826705710555675,-0.01743704878738526,62733,Healthy
0.8673025159384385,-1.021571793448555,62731,Healthy
1.094328862438994,-0.5474671566580064,62722,Healthy
0.7510496950010838,0.4427167015586629,62694,Healthy
0.15100485064639393,-0.06282805802954101,62644,Healthy
1.1004370340903538,-0.006876451222870441,62626,Healthy
0.10059564251375205,1.0024991472263436,62606,Low
0.7554271830549675,0.08180999520934612,62587,Medium
0.3333010530580164,1.0471891478777788,62583,Healthy
0.3138399757359025,1.0292496478445343,62583,Healthy
0.7374371868279753,-0.6475733618784513,62568,Healthy
0.9410417001994521,-1.242383756992701,62564,Healthy
0.8269876398012479,0.21984920174133327,62559,Healthy
0.7165402314663285,0.15986095450682547,62559,Healthy
0.6263174348241127,0.6448562291150575,62532,Healthy
0.16710121099791234,0.05507334176708004,62481,Healthy
1.2395670475950538,-0.404088289783308,62459,Healthy
0.24497624602550958,1.1355912571146216,62433,Low
0.7554271830549675,0.08180999520934612,62418,Medium
0.6119123830095101,0.03675458939625908,62406,Healthy
0.5924679107021763,0.0188303961036571,62406,Healthy
0.8833636252927677,-0.9037621567403961,62405,Healthy
0.8168380949036191,-0.8816635794848876,62397,Healthy
0.9229308821494395,0.03529072524497417,62396,Healthy
0.914962612528238,-0.015326986877665335,62389,Healthy
0.8994738586248741,0.28702071617609687,62372,Healthy
0.09679904331373054,0.282530960992756,62318,Healthy
1.0280903863231912,-0.20111745512434234,62290,Healthy
0.5775730769025799,0.510498437410544,62267,Low
0.7677006356994813,0.20932526109130203,62252,Medium
0.2317205188916197,1.311005340437423,62242,Healthy
0.26670728503299673,1.3432566429715922,62242,Healthy
0.5496072408742272,-0.34359784924018255,62242,Healthy
0.8144630734394159,0.35554586961159357,62236,Healthy
1.0640259458627679,-1.282859670698961,62231,Healthy
0.3511633881333429,0.9038677166517927,62220,Healthy
1.5454146168162484,-1.7381604923341512,62193,Healthy
0.2785199235427113,0.5157193644515674,62154,Healthy
1.380125905951805,-0.4886936246077179,62127,Healthy
0.7219536804143374,0.6435905472988221,62101,Low
0.7677006356994813,0.20932526109130203,62085,Medium
1.1390918579187774,-0.076318107562426,62079,Healthy
1.1041050917774002,-0.1085694100965952,62079,Healthy
1.1381039234806913,-0.18000742230256261,62075,Healthy
0.21766440841753257,-0.2643416313418553,62069,Healthy
0.8721302275892127,-0.9670158926806138,62065,Healthy
1.2676447574163328,-0.6239124477731525,62051,Healthy
0.7895775175820221,0.8152770255315563,62033,Healthy
-0.028580147815467482,0.3259215418060563,61988,Healthy
1.7153849242471135,-1.0529507541120944,61964,Healthy
0.4639857788335574,0.6883359334924954,61934,Low
0.7222952617690457,0.4276526572875853,61922,Medium
1.4727051090236907,-0.8605016790143569,61913,Healthy
1.5076918751650679,-0.8282503764801876,61913,Healthy
0.7971054842948204,0.08062972525095251,61909,Healthy
0.7436688232988116,-0.9845284339341618,61900,Healthy
0.9577488578950795,-1.2851308762557698,61896,Healthy
1.219173431225683,-0.2395990919683254,61887,Healthy
1.1703851443318893,0.0303462600922966,61870,Healthy
0.7166290772053917,-0.15164123278953454,61816,Healthy
1.4061006716202271,-0.2352872985396213,61807,Healthy
0.6083663823453151,0.8214280433807736,61768,Low
0.7222952617690457,0.4276526572875853,61759,Medium
1.0363273358399658,0.0068690425444318335,61750,Healthy
1.071314101981343,0.03912034507860116,61750,Healthy
0.6197018214397063,0.5183147350190512,61746,Healthy
-0.17519058074253455,1.0259399424936724,61740,Healthy
0.576671468973474,-0.5005673178811466,61729,Healthy
1.0835437227716231,-0.16670610581880713,61721,Healthy
0.4502498033883479,1.0720355680945124,61704,Healthy
0.6901636223560496,1.173121930358031,61664,Healthy
1.633159294244864,-1.222244148844158,61637,Healthy
0.34145347544810434,0.8847249705688661,61602,Low
0.9743712760812547,-0.1432090882526304,61593,Medium
0.9280495494373406,-0.03168016570583603,61580,Healthy
0.8931125983403034,-0.0638855480180772,61580,Healthy
0.1787358822311114,0.09459568126635638,61573,Healthy
0.7795471709234189,-0.354983785045461,61571,Healthy
0.4566353070537573,-0.15156241570237888,61566,Healthy
0.4053789881560682,0.6617301826462929,61549,Healthy
0.29521794562204945,1.7730620568587507,61547,Healthy
1.0669534024444418,-0.027529832011409898,61501,Healthy
1.094405540975637,-1.4705039873328165,61468,Healthy
0.48580086893030194,1.017786466975859,61435,Low
0.9743712760812547,-0.1432090882526304,61426,Medium
1.0199203286288068,-0.2744278632505556,61411,Healthy
1.0548572797258438,-0.24222248093831442,61411,Healthy
0.39328684920144236,-0.2768909562720713,61407,Healthy
1.1763331876464616,-0.5424232093245691,61404,Healthy
0.7474967148899926,-1.0840902273946855,61394,Healthy
0.9228694645801367,0.4285840740082447,61383,Healthy
0.6076242769249824,0.4769283751764672,61379,Healthy
2.20856115876466,-2.536210298803408,61325,Healthy
1.3408032264584357,-2.0281027855513845,61296,Healthy
0.9895591279547489,-0.19040082821455018,61269,Low
0.27093629831391575,0.7485384332793609,61254,Medium
0.8532340671386293,0.1409799905835974,61245,Healthy
0.8881710182356664,0.17318537289583852,61245,Healthy
0.7890986300586479,0.09686856664221133,61238,Healthy
0.5820389181388514,-0.7436470106950266,61238,Healthy
0.39194010839131693,-0.20209461592925287,61228,Healthy
0.7630045840310752,0.7189977505415814,61220,Healthy
0.6127899789698519,0.4655526200849268,61210,Healthy
1.7693181575475267,-1.3421562517003032,61159,Healthy
-0.509804623472498,2.092032839980959,61141,Healthy
1.1339397314665063,-0.05730871832627212,61103,Low
0.27093629831391575,0.7485384332793609,61082,Medium
0.4130001762183399,1.0179339647464358,61082,Healthy
0.4479371273153771,1.0501393470586768,61082,Healthy
0.9630585974268866,0.09074299671411562,61078,Healthy
1.0468031093333883,-1.3655857598345953,61072,Healthy
0.21481456114619493,0.2334277576325641,61064,Healthy
0.48169392208284834,1.1489364308936276,61057,Healthy
0.47418831465354383,0.5415868704415773,61038,Healthy
2.1174722952937968,-2.0973928702045597,60990,Healthy
0.7052238494455709,-0.06930136472206419,60984,Healthy
0.10285736298295883,1.4206428044044541,60939,Low
0.562624860680722,-0.2843466786841584,60918,Healthy
0.5277045145984649,-0.3165367542557569,60918,Healthy
0.5891187691251898,0.49007205999859443,60915,Medium
1.2083381867790028,-0.6211417925245931,60912,Healthy
1.2815992315769342,-1.8944654137223005,60902,Healthy
4.646907277221301,-10.719577829182837,60892,Healthy
0.41357220739448475,1.1060237573374823,60891,Healthy
0.28078171092669446,0.8589783204525268,60865,Healthy
1.3192278102378316,-0.5190611669669919,60827,Healthy
1.8361400677672366,-2.444814739010048,60817,Healthy
0.24723796649471635,1.5537349142927321,60776,Low
0.19911440914297676,0.0717992627120327,60752,Healthy
0.23405136024001386,0.10400464502427388,60752,Healthy
-4.163671994712071,-1.2909839737716275,60752,Healthy
0.5891187691251898,0.49007205999859443,60749,Medium
0.7722551342200503,0.24408159956855663,60749,Healthy
0.5965553550921435,-0.4638677800346671,60739,Healthy
0.9192630379373381,-1.087056299720852,60726,Healthy
0.4211661667965244,1.086688955337708,60725,Healthy
0.8903951291432449,-0.010406915635397815,60696,Healthy
0.7291176379436567,0.1462987764671625,60657,Healthy
2.3001783529330995,-3.010519377127639,60654,Healthy
0.5669310187898254,0.642393188704247,60613,Low
1.1026425941770785,-0.1504945688690348,60588,Healthy
0.5212609787457385,-0.4621910504688789,60586,Healthy
0.5561979298427756,-0.4299856681566377,60586,Healthy
-3.267030934218241,-1.6951370930647738,60584,Healthy
1.10581401256586,-0.5237689581352448,60580,Medium
0.4978727650236325,0.060705690057821636,60569,Healthy
0.424879527946023,-0.7826607199905279,60564,Healthy
0.8898196857571858,0.45519756707537506,60561,Healthy
0.4604360352209406,1.0000576453843093,60533,Healthy
1.1258451804913592,-0.5184149629181615,60488,Healthy
1.5651415622337246,-1.9348529446030742,60488,Healthy
0.7112618072572432,0.775439378370597,60449,Low
1.3606252378843502,-0.7368278181591084,60425,Healthy
-0.5205829766516696,1.1089950015100094,60417,Healthy
-0.4856460255546325,1.1412003838222506,60417,Healthy
-3.0783821200304025,-2.1099230819157437,60414,Healthy
1.10581401256586,-0.5237689581352448,60410,Medium
-0.11805291031824464,0.6307809098668056,60402,Healthy
0.26932464898930036,-0.07727834533244077,60397,Healthy
0.3343195177271406,1.2478198078301297,60395,Healthy
0.5619150481823199,0.37555224811250626,60360,Healthy
-0.3192807725415147,0.23162346056821273,60354,Healthy
0.7549849919237046,0.6602648912772263,60328,Healthy
0.8585039578536132,0.24890139548117818,60325,Healthy
0.5686847688559223,0.6385911174169012,60286,Low
0.7182892927192701,0.3225817237349554,60262,Healthy
-0.48836801906391764,1.465537469627967,60253,Healthy
-0.5233049701609548,1.4333320873157258,60253,Healthy
-3.986135405684074,-0.28672388628890594,60250,Healthy
0.6428471758728632,0.091929639534522,60238,Medium
0.7322998391205515,-0.6955067862731257,60234,Healthy
0.329144614066637,-0.4242415062982586,60230,Healthy
-0.41699384722755206,0.8244648886127248,60229,Healthy
0.3333010530580164,1.0471891478777788,60194,Healthy
-1.5652984458271684,2.589621691640233,60191,Healthy
0.45398220870798917,0.9369967491561613,60165,Healthy
0.9543973851574649,0.06429699876289102,60162,Healthy
0.28066149641235777,0.35308620527176704,60132,Healthy
0.7130155573233401,0.7716373070832512,60123,Low
1.156464420404535,-0.5510291492936352,60096,Healthy
-4.039731854924437,-0.2077647146140147,60086,Healthy
-0.2626853989859272,0.5225240689095457,60081,Healthy
-0.2277650529036699,0.5547141444811442,60081,Healthy
0.46104402457090093,-0.39588149037595255,60068,Healthy
0.6428471758728632,0.091929639534522,60066,Medium
-0.49619922806550487,1.2491749051005672,60064,Healthy
0.6042021896031433,0.36592143805663435,60055,Healthy
-0.25971106973736097,0.5793685121937198,60031,Healthy
0.6119123830095101,0.03675458939625908,60018,Healthy
0.20297980348009004,1.3452768631846515,60002,Healthy
0.8459295764474413,0.38455214312951036,60001,Healthy
0.7142545475766684,-0.5844214449255676,59966,Healthy
0.21294011503052243,0.40462304650966247,59960,Low
1.0438623783479548,-0.21902811611668468,59933,Healthy
-3.0861010233867954,-2.145424782342224,59916,Healthy
0.5535337984721062,-0.8091812539629558,59909,Healthy
0.5885205646134831,-0.7769299514287865,59909,Healthy
0.9350645467214206,-1.0385038032349365,59905,Healthy
-0.019800263602155047,0.5985476251114209,59901,Healthy
0.841203136875653,-0.08331952881253955,59896,Medium
0.7693214521845827,0.7407248572192447,59894,Healthy
-0.5329233995475436,0.7220373638352896,59864,Healthy
0.2317205188916197,1.311005340437423,59853,Healthy
0.6005473265484826,0.8370117510257499,59842,Healthy
1.169520611444377,-0.15104706900657394,59841,Healthy
0.7162033881788575,-0.5904626861224088,59800,Healthy
0.3572709034979401,0.5376692361760124,59796,Low
0.9806982725120579,-0.11725335799738144,59769,Healthy
-5.796937997413548,6.515486536564898,59751,Healthy
0.8984396893504558,-0.6851028414485395,59748,Healthy
0.7872645635805092,-0.9089248845695367,59742,Healthy
0.7521615623356726,-0.9412833342882049,59742,Healthy
0.2247327717524984,1.6640039767817267,59734,Healthy
-0.17161703213997598,0.39046499230865983,59728,Medium
0.841203136875653,-0.08331952881253955,59727,Medium
-1.7934365271652422,2.836923784344463,59698,Healthy
1.1041050917774002,-0.1085694100965952,59690,Healthy
0.061344820014944776,1.7477802220720149,59682,Healthy
0.828522172258506,0.10959007854694129,59675,Healthy
0.7910106207218215,-0.7234558183622076,59634,Healthy
0.911944774166804,-0.9023226195459313,59630,Low
1.1198282860167577,-0.514465196557819,59603,Healthy
1.1672423899516302,-0.9793295471896825,59594,Healthy
-5.04123568330749,5.227190186783366,59587,Healthy
0.5752241958982584,1.3779448658096682,59580,Healthy
1.034452414539658,-1.31012097578361,59576,Healthy
0.9993660183096014,-1.3424641187616355,59576,Healthy
-0.012341185285984503,0.5790292195793282,59565,Medium
0.2774537275250978,0.8359210949388466,59558,Medium
-1.4680040557028575,2.4007714828667495,59535,Healthy
1.4727051090236907,-0.8605016790143569,59524,Healthy
0.6713303502394533,0.7133876543763968,59522,Healthy
0.6510686943590519,0.5472291680931118,59512,Healthy
0.9533524198360271,-0.7008775507000833,59474,Healthy
1.0562755626342217,-0.7692764298795814,59464,Low
0.53529336371272,0.00157687833212853,59453,Healthy
0.9083516247448953,-0.3114943618988534,59434,Healthy
1.3381527019096782,-1.562714773392831,59434,Healthy
-6.27129420296576,3.5547285749772843,59426,Healthy
0.7523494374506345,0.4626642540926451,59414,Healthy
0.807470300036046,-1.0266203407432881,59410,Healthy
0.8425566962661027,-0.9942771977652629,59410,Healthy
0.17847800032470285,0.10640022075120749,59399,Medium
0.2774537275250978,0.8359210949388466,59388,Medium
-0.6990284713647029,1.1306054087266038,59372,Healthy
1.0363273358399658,0.0068690425444318335,59361,Healthy
0.02226440017340044,1.6318353795345386,59359,Healthy
0.8109140438427646,-0.32606935197140025,59336,Healthy
1.1809064873122423,-1.5292843645344862,59304,Healthy
0.8224814428484835,-0.14874005356302414,59294,Low
0.28392981780092885,0.41194309486368696,59293,Healthy
1.2603871443735088,-0.599070531382229,59271,Healthy
0.6059037478605258,-0.6508716642705289,59267,Healthy
-6.399318555357152,3.7124870275065307,59263,Healthy
0.649097722748003,0.6111370281487687,59247,Healthy
0.9282251416163094,-1.3123462611184906,59240,Healthy
0.8930889303419127,-1.3447353243184443,59240,Healthy
0.1779119338349311,0.16030339877522826,59233,Medium
1.1939350968080877,-0.6918590694860985,59219,Medium
-0.8760227398824252,1.4124720622226024,59208,Healthy
0.8090319264465763,0.4782525569526581,59198,Healthy
0.8931125983403034,-0.0638855480180772,59192,Healthy
1.207700060565807,-0.5135087762505084,59170,Healthy
0.7342041020861928,-0.7954701500544951,59135,Healthy
0.7362524652355232,-0.3377251371714415,59133,Healthy
0.9668122313159011,-0.01569386389667419,59124,Low
1.5955797426096976,-1.163388887849176,59107,Healthy
-5.4081038955663,5.657296986980793,59103,Healthy
0.5367831975852262,-0.5336713226232961,59101,Healthy
0.5463414528969497,0.9181598386750257,59084,Healthy
0.5471477526947041,-0.5277827027438675,59074,Healthy
0.5120115414203072,-0.5601717659438211,59074,Healthy
0.2466984624908171,-0.16990096796311346,59064,Medium
1.1939350968080877,-0.6918590694860985,59050,Medium
-0.8862041174006269,1.2765693154052051,59042,Healthy
0.16411681474185963,1.3849697000411114,59035,Healthy
1.0199203286288068,-0.2744278632505556,59022,Healthy
0.8204156879336536,0.12573707949434387,59004,Healthy
0.9710012291086534,-0.5870230526856968,58977,Healthy
1.01106142532044,-0.6473315062185859,58976,Healthy
-0.16530537303281057,1.9252522872079432,58960,Low
1.286361910041931,-0.3456642053141324,58950,Healthy
-6.432719696306447,3.8489445548641497,58942,Healthy
-0.04014508051699576,0.41577489048898425,58935,Healthy
1.2671394471965691,-0.28407091855777544,58921,Healthy
0.3919587744858106,-0.21118217050569618,58911,Healthy
0.4271115907749873,-0.1787778005650999,58911,Healthy
0.1776977719798683,-0.10465538514722333,58894,Medium
1.145463770617438,-0.30754571368127154,58887,Medium
-1.8030241748172546,2.7948866116880406,58879,Healthy
0.21162448499584033,0.1641726180195863,58872,Healthy
0.8532340671386293,0.1409799905835974,58856,Healthy
0.9943258402575523,0.1195655893443201,58844,Healthy
0.3889304705601739,0.2570501461515631,58823,Healthy
0.5583527806106481,0.10186237156740723,58819,Healthy
-0.02097458456539288,2.058298476874293,58796,Low
1.5134205326665682,-1.332621055618669,58781,Healthy
0.9059833586517007,-0.5491060215118376,58781,Healthy
-6.310676812578599,3.2403241483025567,58772,Healthy
1.7390762476590307,-0.920835593752237,58761,Healthy
0.682836787336826,-1.14369467545736,58739,Healthy
0.7180228136555624,-1.1112596920354783,58739,Healthy
-0.6622032321518091,2.041566455113733,58733,Medium
1.145463770617438,-0.30754571368127154,58723,Medium
0.3762405088276776,1.3356728188427611,58715,Healthy
-1.5143212596944409,2.134187738437638,58712,Healthy
0.4130001762183399,1.0179339647464358,58693,Healthy
1.2396552446540088,-0.5922732796724606,58678,Healthy
1.0043449881087634,-0.058967411368077864,58659,Healthy
1.185709578943963,-1.2404682818174595,58656,Healthy
1.8785125861273044,1.330936613505436,58650,Healthy
-0.6832136139154795,2.834247536622709,58633,Low
0.8954109887973081,-0.0031476267160283995,58615,Healthy
-5.186586588905549,5.385880718596098,58614,Healthy
0.9745505442938812,-1.5809880412918265,58612,Healthy
0.3624662071568869,-0.22926408057004571,58572,Healthy
0.3272801808381503,-0.26169906399192744,58572,Healthy
0.4644759578201079,0.04545592490729416,58570,Medium
1.009850667178158,-0.23463742079111052,58557,Medium
-0.783616513111175,1.3932875077752618,58552,Healthy
0.7689497449675272,-0.06044880717197242,58543,Healthy
0.5277045145984649,-0.3165367542557569,58530,Healthy
0.803522377050716,0.27290419219876105,58514,Healthy
1.555096624951402,-0.8381095611334268,58499,Healthy
0.4288393561348936,0.15699884119103863,58496,Healthy
1.4536667027511545,-0.7476369392529103,58484,Medium
-0.5388828254480619,2.967293726289059,58469,Low
-6.478036019969011,3.813667151748558,58450,Healthy
0.7544308821681699,0.08089159077078412,58445,Healthy
1.22091501974712,-2.1386174529916797,58440,Healthy
-0.23521677005832786,4.069802634204789,58417,Healthy
0.1501546335930282,0.1738233095698896,58409,Healthy
0.18535726492654483,0.2062735997324139,58409,Healthy
0.39664896375651654,0.00039592188550978847,58404,Medium
1.009850667178158,-0.23463742079111052,58391,Medium
-0.4849930547574713,0.44163911109678433,58383,Healthy
0.19911440914297676,0.0717992627120327,58363,Healthy
1.1339098370077443,-0.12167197623883046,58354,Healthy
0.4410629937350675,0.28446818685106656,58339,Healthy
1.5266002843077549,-1.0862396736152402,58333,Healthy
1.4699969973590385,-0.46900756003923133,58324,Medium
0.005083361953848304,1.9761405460297157,58312,Low
-6.535457537527822,4.114815780572686,58291,Healthy
-0.6296928301838137,1.9815181725406634,58285,Healthy
0.7667043348126837,0.20840685665274003,58279,Healthy
-0.35678202324828867,2.6195873469551936,58258,Healthy
4.582247349668134,-10.779182277245512,58237,Healthy
4.61748319103121,-10.746701373601702,58237,Medium
0.9825701944605305,0.023996449619620858,58234,Medium
-0.8498059922121293,1.3443182862816325,58219,Healthy
0.33171914259216284,0.5938294811552749,58218,Medium
0.5212609787457385,-0.4621910504688789,58197,Healthy
1.391942295759356,-0.7079593053069758,58191,Healthy
0.35903866487780706,0.11541962261389174,58175,Healthy
1.5342108487245742,-1.105559168874372,58167,Healthy
1.2370896056571763,-0.21232405165806642,58161,Medium
0.14941415042126596,2.1091867356960656,58155,Low
-5.678173827585617,6.01791840407212,58129,Healthy
0.5852858276899154,-0.1798619523842876,58128,Healthy
0.7212989608822481,0.4267342528490233,58116,Medium
0.324861322692789,1.3583651203063132,58097,Healthy
0.8545865053693914,-1.1466760545241692,58071,Medium
0.8898389517472479,-1.1141798441397166,58071,Medium
0.3523478624010609,1.213252190393598,58068,Medium
-0.609070030543961,0.799997742125355,58053,Healthy
0.33171914259216284,0.5938294811552749,58046,Medium
-0.5205829766516696,1.1089950015100094,58028,Healthy
0.7495565355499358,0.35140431636515984,58028,Healthy
0.6864778717275274,0.04745024601740292,58021,Healthy
1.1435990132369942,-0.2981494105740514,58004,Healthy
1.1813762246991957,-0.12753785579993754,57998,Medium
0.3964076658418463,1.0082352587207375,57992,Low
-2.49848888838234,1.1413266955279342,57965,Healthy
1.716202046011581,-2.555375326672271,57961,Healthy
0.9733749751944571,-0.1441274926911924,57950,Medium
0.12248213731066282,1.857214033675664,57938,Healthy
0.4684486788335422,0.03358214563895686,57913,Medium
0.43316302242612587,0.0010553217732189731,57913,Medium
0.2598663895479925,1.653785587776724,57908,Medium
-0.995322357559619,1.2791611961481149,57884,Healthy
0.5339644313610771,0.4090276736854492,57877,Medium
-0.5233049701609548,1.4333320873157258,57865,Healthy
1.1877316632352006,-0.5222065566634309,57862,Healthy
0.5203518295932115,-0.23261788091017413,57858,Healthy
1.1656590765678063,0.17650631815810947,57840,Medium
1.0994373804739266,-0.24212827926871344,57840,Healthy
0.5407384543092641,1.1412814483870874,57828,Low
-3.3879634463804122,2.762430784298883,57804,Healthy
0.66533919168235,1.8403309375955836,57799,Healthy
2.180190516133104,-3.1211258850117902,57798,Healthy
0.2698735773679982,0.7475588018782281,57777,Medium
-0.14747699650833482,0.6036573654479409,57747,Medium
-0.18276265291575114,0.571130541582203,57747,Medium
0.649526278442408,0.42366522811117685,57735,Medium
-1.096514901472752,1.8989741139427176,57724,Healthy
0.5339644313610771,0.4090276736854492,57707,Medium
1.0750798061342808,-0.19025144370840838,57698,Healthy
-0.2626853989859272,0.5225240689095457,57692,Healthy
1.0964816906425572,-1.3410119510385095,57692,Healthy
0.7861699644826811,0.7966622023980764,57683,Medium
0.7765256038478489,0.1329447903774282,57674,Healthy
-4.096194218914361,-1.727930912077386,57667,Low
-3.2007437827407874,0.9368094840975782,57648,Healthy
1.480095119499863,-0.13823443863068355,57647,Healthy
1.445153725433729,-2.0454594524872256,57632,Healthy
0.5880726531940523,0.4891077353381043,57611,Medium
0.26443487146913036,-0.48389187458286115,57575,Medium
0.2997869479356666,-0.4513038237545524,57575,Medium
0.9128872048283606,0.40654074774406646,57572,Medium
-0.673256925883688,1.7003148228343545,57557,Healthy
0.7049471577251442,0.05313356895641443,57541,Healthy
0.5392463685094062,0.39775906577840775,57538,Medium
1.0119157002983836,-0.08847668558910508,57535,Healthy
0.5535337984721062,-0.8091812539629558,57520,Healthy
0.8775250896285414,0.1992976639832487,57517,Medium
0.6978540019917948,0.2729760252097156,57508,Healthy
-4.093255131298308,-1.725221618983628,57505,Low
0.740731954951632,0.8059429002021303,57489,Healthy
-4.505524553129221,-0.9196281130938734,57480,Healthy
0.7902042282720011,0.6927304881803934,57472,Healthy
1.1047678966347225,-0.5247332827957348,57442,Medium
0.7472526194097454,0.9761733656357894,57415,Medium
-0.5609089706630115,1.1895245368159646,57409,Medium
-0.5255734992112553,1.2220972809036306,57409,Medium
-0.5843393117356531,0.7359520949291909,57391,Healthy
1.179639838034351,-1.336967791754874,57378,Healthy
0.5392463685094062,0.39775906577840775,57369,Medium
1.1509958987587439,-0.48573444437147073,57369,Healthy
0.9608679331505441,0.2035713470211309,57354,Medium
0.389490778300853,-0.9908440564368948,57347,Healthy
-0.18840093884893322,1.976633760027513,57342,Low
1.3525703988556657,-0.9755869630612976,57339,Healthy
0.1219541835118575,1.327204625386904,57321,Healthy
1.3888858472397665,-0.4548493899708646,57317,Healthy
0.48911841998238575,0.9693858123561149,57309,Healthy
0.6418342699712856,0.0909959283553173,57269,Medium
0.5158308490153971,0.7540655003994216,57246,Medium
-0.04917453474790533,0.5714700009144842,57245,Medium
-0.08452661121444147,0.5388819500861756,57245,Medium
-1.4515015977872323,2.193790222945697,57225,Healthy
0.6835161216023984,-0.3729119954765924,57218,Healthy
0.9395192374868813,-0.28276360971250514,57200,Healthy
1.1947413579642565,0.2614274548280292,57200,Medium
0.4006779142226582,0.4738239296163435,57196,Medium
-0.044070150381515585,2.109679949693863,57178,Low
0.3318750833741412,-0.313082952928991,57178,Healthy
0.9226611199777014,0.034923518180337725,57175,Healthy
0.6830138273820411,0.6816036759597097,57158,Healthy
0.7988254899899313,0.21055647368521785,57147,Healthy
0.2380495946953668,1.3776046994220343,57146,Healthy
0.8402068359888553,-0.08423793325110156,57100,Medium
0.5793146339291,0.6476288762842038,57077,Medium
-0.2363267747374826,0.33081462402405726,57073,Medium
-0.20092488322660645,0.36344859507429406,57073,Medium
0.7569799828893142,-0.34369070326930207,57061,Healthy
-1.3496019109996384,1.9938061629214083,57058,Healthy
1.291504942071155,-0.5703856994178088,57036,Healthy
1.2993029282006299,-0.5290485953116748,57034,Medium
0.4006779142226582,0.4738239296163435,57024,Medium
0.15919999311763852,1.54001427297484,57018,Low
1.0775023791696507,0.07444442788170849,57018,Healthy
0.9937671149462229,-1.2621800082158765,57012,Healthy
0.7778694237970615,0.9217191780432589,57004,Healthy
0.6356337227785395,0.8693548940037754,56986,Healthy
1.1956028475819738,-0.45411134547817805,56978,Healthy
0.27639100657918025,0.8349414635377138,56931,Medium
0.9153472126859789,0.23975914704367907,56910,Medium
-0.07705092788349097,0.5193788512947256,56910,Medium
-0.04166564138739494,0.5519975156043196,56910,Medium
-1.1854711108221465,2.0126741223846487,56898,Healthy
0.4707698780992046,-0.32442606211072844,56895,Healthy
1.6267473553516838,-1.1346581356628278,56873,Healthy
1.0487461527799689,0.03773563496502073,56871,Medium
0.303580596629396,1.6731063828631183,56858,Low
0.38063260985961095,0.20162466985410504,56855,Healthy
0.9913106069362739,-0.0828888610264206,56855,Healthy
0.20733773055492868,0.7912766065898639,56851,Medium
0.6967304488338354,0.14160001292008417,56832,Healthy
0.09641461123022155,1.7801080583093976,56826,Healthy
0.9283114399885676,0.31325093314308966,56815,Healthy
1.19293879592129,-0.6927774739246606,56761,Medium
1.1419706368485807,0.4753011830475243,56756,Medium
0.11376825772719623,0.0467498524666048,56744,Medium
0.14917014923807226,0.0793838235168416,56744,Medium
-1.1468039933692094,1.6508397594408826,56732,Healthy
0.4830433307437185,-0.1969107962287724,56731,Healthy
1.3174797077395772,-0.3169793733497122,56716,Healthy
1.4511852341866418,-0.6402104382606658,56708,Medium
0.3920660819834349,0.1726913085096386,56698,Healthy
0.1371057267206319,1.4349626932133022,56695,Low
0.7783200347708307,-0.1926622134138728,56683,Healthy
0.20733773055492868,0.7912766065898639,56679,Medium
0.7064167464695101,0.7457307973544223,56665,Healthy
0.8951030148514051,-0.033633848686334754,56663,Healthy
1.024271287351539,0.1287077633873734,56652,Healthy
1.1444674697306403,-0.30846411811983354,56598,Medium
0.0022675028376059956,1.7573593280456923,56590,Medium
0.11320219123742448,0.1006530304906257,56578,Medium
0.14858747773352055,0.13327169480021972,56578,Medium
0.5215779162431727,0.18439330952655936,56578,Healthy
-0.5742023194020955,0.5499122259322426,56562,Healthy
1.5445383303642142,-1.3039362236542489,56547,Healthy
1.8148494336469767,-1.4350985641381149,56541,Medium
-0.020497192931502994,0.3980200024370943,56532,Healthy
0.2814863302323894,1.5680548031015804,56531,Low
1.0068596664242448,-0.12364456752903752,56520,Healthy
0.8170009638158189,-0.07806270927613257,56510,Medium
0.05735079640345726,1.664178522512564,56502,Healthy
0.33130379045651004,0.8855608548431233,56493,Healthy
0.9158366886710754,0.44899352123527814,56491,Healthy
1.0088377612765802,-0.23557113197031523,56432,Medium
0.340837378973561,1.0249229892452048,56421,Medium
0.18197211487853063,-0.2295666429883589,56409,Medium
0.21742382143374653,-0.19688675171619394,56409,Medium
0.6715324047823714,-0.8779435298332976,56406,Healthy
-1.2095909304246173,1.9109962572386439,56399,Healthy
1.715875878435216,-1.7654639797540597,56387,Medium
1.0056683419915273,-1.5523032093274063,56378,Healthy
0.3193065844431371,1.5682512680285263,56377,Low
-0.14906896583025822,0.609758089338181,56365,Healthy
0.8441017176618532,0.5105803931900409,56342,Healthy
0.8170009638158189,-0.07806270927613257,56340,Medium
1.2394775387123511,-0.08655977067887811,56331,Healthy
1.2477851597395,-0.6422193095818219,56324,Healthy
0.33067302666102527,0.5928651564947848,56259,Medium
0.23028584857547926,1.351035771276347,56255,Medium
0.8547912106500536,-0.7387862483458725,56248,Healthy
-0.853900017286245,1.4531394692154465,56239,Healthy
0.1129880293823618,-0.16430575343182602,56239,Medium
0.1484397359375777,-0.13162586215966116,56239,Medium
0.8505105393307031,-0.7885492480800829,56224,Medium
0.46363737291055473,1.7012974576948765,56223,Low
1.2520826324891061,-2.1098867008053315,56205,Healthy
-0.08674443296057704,0.8262179488651822,56205,Healthy
1.1918324320900928,-0.5832248360491141,56193,Healthy
0.19920321097191646,1.417312843019137,56179,Healthy
0.3870750799230745,0.9324324652248599,56177,Medium
0.8984957045412599,0.17409268361527983,56165,Healthy
1.1992640185045103,-0.257951873998923,56161,Healthy
0.7601629862081026,0.6212810228206338,56091,Medium
0.5329681304742795,0.4081092692468872,56090,Medium
-0.6452827220910292,2.057164023828644,56078,Medium
-0.664793614457483,2.039178603573472,56078,Medium
1.1159473825899988,-1.968226704944278,56075,Healthy
1.4738620829591906,-1.3781734869024447,56070,Medium
-0.365616048447693,0.19130602191018375,56069,Healthy
-0.38367481763318373,2.141289817665078,56056,Low
-0.4573991968269423,2.1403409134493208,56051,Healthy
0.9783568464182749,0.5294547776498876,56042,Healthy
-0.096901259580219,0.21311742064478276,56033,Healthy
0.24669427621111714,0.19650045425696908,56016,Healthy
0.3870750799230745,0.9324324652248599,56014,Medium
0.7210754366713658,0.6117623866427359,56002,Healthy
1.0636343100504504,-0.18505888784940464,55995,Healthy
0.5382334626078287,0.39682535459920304,55921,Medium
1.1830405272131463,-1.1262168182878372,55921,Healthy
0.4813964678808878,0.06105349362220563,55915,Medium
0.4618855755144341,0.04306807336703288,55915,Medium
1.285662837360425,-1.050371100825322,55912,Medium
1.3905599202940733,-1.7042521024442823,55907,Medium
-0.9837081623867713,1.5104232683047167,55906,Healthy
0.757579461046787,-0.021039211475630676,55894,Healthy
-0.23929421412142604,2.274381927553356,55890,Low
1.2035766529352858,-0.45383768467769353,55879,Healthy
0.23448503596374534,-0.341571762996187,55860,Healthy
0.3762405088276776,1.3356728188427611,55859,Healthy
0.48862051294357356,0.30798829491562757,55842,Medium
0.8809872062141982,-0.2614749064592055,55826,Healthy
0.3855193904792352,0.6434233208376234,55822,Healthy
0.968806213880335,-1.0736839057843441,55761,Healthy
0.3996317982915206,0.4728596049558534,55748,Medium
0.39405858145084266,-0.001991929654751488,55748,Medium
0.41356947381729636,0.01599349060042123,55748,Medium
1.715891600839067,-2.08475437572774,55747,Medium
-0.8587060381763343,1.3035759545304795,55743,Healthy
0.33160121523847713,1.1353750037180803,55743,Medium
1.8884956793684524,-2.3965525857636143,55727,Healthy
0.2858117502591205,1.0124054249375343,55724,Low
0.6881935403418106,-0.5988690593735905,55719,Healthy
0.2946471183721025,-0.06722058523280344,55697,Healthy
0.8040361411975839,-0.02810566419394692,55687,Healthy
0.48862051294357356,0.30798829491562757,55669,Medium
1.277756617922461,-0.44892963747895637,55660,Healthy
0.5877646792481496,0.4586215133677978,55653,Healthy
1.207524873919565,-1.6120855853135279,55598,Healthy
1.5079597316642166,-1.889234770947827,55583,Medium
0.3214315400736488,1.5834307634353917,55582,Medium
0.9799133920957368,0.02154737111678881,55579,Medium
0.9994907045213103,0.03959401833453233,55579,Medium
0.20629161462379111,0.7903122819293737,55576,Medium
-1.177711882021508,1.6691116917945001,55576,Healthy
2.3525339645343153,-2.9622572238812053,55564,Healthy
-0.20013037382827115,4.102145777182815,55560,Healthy
0.4301425387265382,1.1454516146038842,55557,Low
0.6182828245901609,-0.6380714247308522,55556,Healthy
-0.051701718988847074,0.20456279365800606,55528,Healthy
0.2600065178192702,0.9796251946809003,55503,Medium
0.8905718753789872,0.19040805870975214,55494,Healthy
0.5929801963373588,0.4472916784981855,55484,Healthy
0.4419681309489908,-0.5125367232965551,55431,Healthy
1.6419234662058642,-2.1146183189758405,55420,Medium
0.7767927150112329,0.4031084612306905,55413,Medium
0.3692683724618408,1.2288497591085095,55413,Medium
0.34970766505104717,1.2108184186314088,55413,Medium
-0.0450337792290239,-0.23151917862915694,55410,Healthy
0.8158884278255616,-0.07908826089919352,55407,Medium
-0.32169562701823184,2.651930489933219,55401,Healthy
0.161887398230006,1.1125284078659883,55400,Low
1.6174971738349404,-1.8865907913566407,55398,Healthy
0.3452712190067842,-0.3347052071535097,55390,Healthy
0.2201669338725417,-0.25564987169168074,55358,Healthy
0.2600065178192702,0.9796251946809003,55337,Medium
1.0645484477620057,0.18429779552229913,55334,Healthy
0.4544283470653907,0.523371849076764,55311,Healthy
0.647245532189943,0.50760125708438,55268,Healthy
1.1580732024184255,-1.023047256815603,55263,Medium
0.2768367146531123,1.6694290767135636,55253,Medium
0.25727600724231864,1.6513977362364627,55253,Medium
0.38597914894759705,0.9314222203424417,55244,Medium
0.3062680017417636,1.2456205177542663,55243,Low
0.7293291547639558,0.4643264231203379,55243,Medium
0.35994771892284566,1.3907082632843386,55240,Healthy
0.04144978757855627,-0.6592027559771998,55238,Healthy
0.780955235039563,0.6842046336424095,55238,Healthy
0.7665871284496008,-0.7418126512820753,55230,Healthy
0.3091715012091746,-0.26465444271608923,55192,Healthy
1.3098612471436821,-0.5275563802351242,55168,Healthy
0.5386676628151038,-0.03076344357869144,55160,Medium
0.2610383483533213,0.8407786058283563,55139,Healthy
0.7241198814061851,0.36873518043941544,55105,Healthy
1.2450601599613633,-1.7693938858371572,55094,Medium
0.15760174357027953,1.8895877901349747,55082,Healthy
0.6664966035475277,0.43930871704801644,55080,Medium
0.6468860810923942,0.4212314563489875,55080,Medium
1.198863985630375,-0.34736382698297563,55080,Low
0.6939536722510729,0.8183576558610574,55080,Medium
0.5730235596655269,1.046730772823679,55075,Healthy
-0.9555011125082004,1.4388040146597523,55074,Healthy
-0.1338995515381801,0.9037159228884583,55073,Healthy
0.4875245819680961,0.3069780500332094,55071,Medium
0.6353417027457468,-0.6475612560465632,55029,Healthy
0.8737947995995095,0.33768231859866826,55004,Healthy
0.5386676628151038,-0.03076344357869144,54984,Medium
0.8706351615550917,-0.02862193700021105,54969,Healthy
1.317042848803616,-0.46296262292727647,54945,Healthy
0.7004587979419666,1.8727046940548946,54943,Healthy
1.7072617896310442,-2.544009727041694,54925,Medium
0.9102968225226867,0.40415289620380523,54917,Medium
0.9299073449778202,0.42223015690283416,54917,Medium
0.5733722504354382,1.0087666013477636,54917,Medium
1.3431947740977925,-0.21431763731662565,54916,Low
0.32195473437850786,1.4549496598895983,54912,Healthy
0.8921584865363327,-1.10680925432637,54909,Healthy
-0.5601601212603071,0.45673508538305874,54907,Healthy
0.2588939818290128,0.9785996430578393,54905,Medium
0.30238342968733617,-0.4082073296855002,54860,Healthy
1.2041822595565377,-0.056893849838923254,54844,Healthy
0.26649141984085717,1.3430576553432372,54819,Medium
0.44072588267712726,0.9818885442414241,54806,Healthy
1.5185689387450318,-0.10276872056154732,54791,Healthy
1.290646834862807,-0.7169350663329704,54779,Healthy
1.678304986379582,-2.046884654840056,54765,Medium
0.764272759559205,0.9918627747945571,54760,Medium
0.7446954471336314,0.9738161275768136,54760,Medium
0.7195388624616804,0.9466998544713394,54751,Healthy
0.9495003839428313,0.07698576802677341,54748,Medium
0.997130441035073,-0.48375491445757973,54744,Low
0.23713609203087738,-0.17293594564029874,54743,Healthy
-0.4546157603708025,0.30236911725209187,54738,Healthy
0.5375219167952866,-0.0318196086830378,54728,Medium
0.7230996766833758,0.1830620900070129,54693,Healthy
1.4621981132933692,-0.6431964856477114,54681,Healthy
0.26649141984085717,1.3430576553432372,54655,Medium
0.5422048956385066,0.3573831469696211,54634,Healthy
0.7759179812703686,0.838377883624012,54633,Healthy
1.0591423475593154,-0.19585854264831196,54615,Healthy
0.8772986637066514,-1.0198661569664125,54598,Medium
0.1803197509133626,1.8574530187769616,54591,Healthy
0.5328509891648567,0.7697549095581893,54591,Medium
0.5132902817540631,0.7517235690810884,54591,Medium
0.335280992755097,1.3865350685578999,54584,Medium
0.3903481896984437,-0.13203566073800135,54583,Healthy
-0.29972468613451314,0.3419359471753907,54575,Healthy
1.1415110445468304,-0.3506628045693017,54571,Low
0.2652958587767001,1.3419555700169628,54564,Medium
0.025356274382966386,0.38175631836657564,54530,Healthy
0.8198787731430691,0.4162283629869951,54518,Healthy
1.1388759927266379,-0.07651709519078102,54492,Medium
0.313640715558543,1.0290659669568218,54468,Healthy
0.15714020983059407,1.3596396088087859,54464,Healthy
1.5348757326160185,-1.2688139101974054,54446,Healthy
1.599693593973751,-1.909276193449582,54438,Medium
0.7903218861526511,0.8230757578219864,54431,Healthy
0.13900124880143258,0.2783458625341998,54423,Healthy
0.5963347740785596,0.6633182854429716,54421,Medium
0.576774066667766,0.6452869449658707,54421,Medium
1.362440521945512,-0.46971942437743053,54418,Medium
-0.17143928042227596,0.12981534646902484,54411,Healthy
0.35148363802934623,0.743833836732595,54402,Low
1.1376804316624807,-0.07761918051705545,54401,Medium
-0.02906355036330611,0.3042821695556872,54364,Healthy
1.258037295813554,-0.4573978167822383,54352,Healthy
1.1388759927266379,-0.07651709519078102,54329,Medium
0.7182330637303376,0.7140692728628768,54302,Healthy
0.5922520455100367,0.01863140847530208,54291,Healthy
1.1869136624375651,-0.5666056361726307,54280,Healthy
1.2764206766637813,-1.5321170213003723,54275,Medium
0.14125593608659823,1.741523482980128,54268,Healthy
0.5913571062655868,-0.4712917560196433,54263,Healthy
0.912806645424645,0.2374172157253459,54255,Medium
0.9323673528354385,0.2554485562024467,54255,Medium
0.960107862674933,0.052010472030234005,54249,Medium
-0.9101401237624088,0.8985340026491233,54239,Healthy
1.506280448908771,-0.8295514494348172,54235,Medium
0.4958144264967639,0.8768800263989448,54233,Low
0.3294318044400682,-0.31738263512912945,54198,Healthy
1.1454518587717537,-0.125381476864645,54189,Healthy
1.5074760099729283,-0.8284493641085428,54163,Medium
0.8131052651601378,0.9542000816870687,54148,Healthy
0.2289806914529262,1.3084797282313774,54127,Healthy
1.2253203688891552,-1.3005419845230837,54115,Medium
0.9280068573449941,0.5879253536576049,54108,Healthy
1.0278967082929735,-0.5969564205565163,54107,Healthy
0.8661660663505036,-0.7808981250667876,54106,Healthy
1.1589907769980403,0.4909905922062921,54101,Medium
1.1394798846315868,0.4730051719511193,54101,Medium
0.7946170886986237,0.45884431474247345,54082,Medium
-1.275126065673934,2.2524282819281654,54078,Healthy
0.850598943250624,0.3544466264958773,54072,Low
1.0699026757250463,0.037819272123971605,54072,Medium
0.45771721015230543,-0.5295032358354953,54032,Healthy
1.0822877529358568,-0.023606718745341752,54025,Healthy
1.5074760099729283,-0.8284493641085428,53997,Medium
0.40114418222054815,-0.20283053603095383,53982,Healthy
1.1013652643387069,-0.11109502230264072,53964,Healthy
1.157443559781224,-1.3456479077667962,53952,Medium
1.4766084517361922,-0.595973727050923,53950,Healthy
0.41345742164071153,-0.03170424728079458,53949,Healthy
0.28310835065505746,1.494657803486701,53945,Healthy
0.019287642987065624,1.7730487372044599,53935,Medium
-0.0002398543941680922,1.7550480102086445,53935,Medium
-0.8523749491885478,1.7328373090150009,53921,Healthy
1.0939393364885341,-0.07044538089477113,53916,Medium
0.9949795467623817,0.48753873638415535,53912,Low
0.926638123181044,-0.03298123866046553,53902,Medium
0.17697676408102012,-0.20698581979069663,53862,Healthy
1.221450976470117,-0.4207879438244939,53859,Healthy
1.0710982367892035,0.03892135745024603,53833,Medium
0.8216699261870146,-0.7663406871640138,53819,Healthy
1.4699652815849973,-0.8630272912204024,53797,Healthy
1.0408640350183664,-1.3739889804437333,53786,Healthy
0.3305994158942582,0.27384541472453316,53782,Healthy
1.3085770467757636,-0.9221260564419805,53781,Healthy
2.022334116036522,-2.436223159385215,53773,Medium
0.3579073341673605,1.0406583186259006,53766,Medium
0.3383964418009067,1.0226728983707278,53766,Medium
-0.6067674291820992,1.0188358037919385,53757,Healthy
1.4129093524183358,-0.2756203458063702,53756,Medium
0.5662276545681404,0.37004687967749544,53743,Low
1.0534458534695472,-0.24352355389294392,53733,Medium
0.5834507569103263,-0.15350869964633101,53708,Healthy
1.009990920213034,-0.21780180242488556,53690,Healthy
1.0710982367892035,0.03892135745024603,53670,Medium
0.878095775545413,-1.0116224120308,53653,Medium
1.0335875084012724,0.004343430338386309,53634,Healthy
0.28396060217973706,0.02344752908347955,53626,Healthy
0.49523204474087545,1.4453609222883508,53625,Healthy
1.338609231325739,-0.6780581524830446,53618,Healthy
0.26129543651655296,1.8967206774574508,53618,Medium
0.24740561881361864,1.366817020878971,53599,Medium
0.22789472644716488,1.3488316006237984,53599,Medium
0.04479999034765768,-0.06381775857374455,53594,Healthy
1.0127710162485608,0.07742252427600262,53590,Medium
0.710558443035558,0.5030930693438453,53573,Low
0.8867595919793697,0.17188429994120907,53567,Medium
0.5486689035162183,-0.12566195424278354,53542,Healthy
1.3620098348268679,-0.5053932786489038,53527,Healthy
0.9278336842452011,-0.031879153334191106,53501,Medium
0.7482304464349496,-0.6376239804606961,53489,Medium
0.29621744980947107,0.15094748822479293,53469,Healthy
0.8903229558572701,-0.0664570804460508,53465,Medium
0.40717784520934086,1.3758484652938345,53457,Medium
1.161825599391906,-0.3477484868002654,53455,Healthy
0.8879412808807249,0.049239296273617054,53453,Healthy
0.7772329414019021,0.6370163522013297,53436,Medium
0.7577718640797882,0.6190768521680851,53436,Medium
0.243941229517925,1.0870456478710968,53428,Healthy
1.6636343208161537,-0.847265352351941,53427,Medium
1.048249347544225,-0.029251770775483382,53413,Low
0.44652570105908046,1.0488382741040474,53403,Medium
0.6548823201690406,-0.6477683015784848,53379,Healthy
1.6972688531221765,-1.0696504081532803,53363,Healthy
0.9278336842452011,-0.031879153334191106,53332,Medium
-0.2092797369720295,4.093711763088687,53326,Healthy
0.8940904648406223,-0.8938740022852117,53326,Medium
0.21419312095221052,-0.018101076012382016,53305,Healthy
1.0171306861457734,-0.2769993956785292,53296,Medium
0.7437304197163577,0.6493309911204406,53294,Medium
1.1355634845363194,-0.6522653516364507,53285,Healthy
0.37431035691822045,0.869067409500208,53261,Healthy
1.283221900187771,-1.052621191699799,53257,Medium
1.575948268144263,-1.0030356625268253,53257,Medium
1.3026829775098847,-1.0346816916665544,53257,Medium
1.1925801360116426,0.10379441889086669,53252,Low
0.5612134344244254,-0.2856477516387879,53240,Medium
0.36896693600370295,-0.6306509898855498,53206,Healthy
1.3880510205544099,-0.2519257256182365,53206,Healthy
-0.3308449901619902,2.643496475839091,53167,Healthy
0.5603506854368616,-0.3336943880443556,53163,Medium
1.0546912295780442,-0.24237554834474143,53162,Medium
0.5416987478610508,-0.08600922564629995,53151,Healthy
0.8504444246555959,0.1384084581556237,53129,Medium
1.3075257807306861,-0.33816489115779,53128,Healthy
1.2426337212220064,-0.48109327857166395,53125,Medium
0.0039887654428424225,1.7331006933972897,53100,Healthy
1.3647982843006488,-0.21269879521893367,53097,Medium
0.3493187660086951,1.1517072959838413,53088,Medium
0.3299075037309211,1.1338137161725248,53088,Medium
0.24274402617995527,1.0636606244274014,53086,Low
0.2326399339837172,0.10270357206964438,53074,Medium
1.0291363865716183,-1.575976510010981,53037,Healthy
1.6151428532086067,-1.2388519624414878,53037,Healthy
0.35074854073474754,1.3822283289682826,53006,Healthy
1.0546912295780442,-0.24237554834474143,52993,Medium
0.22840785298016705,-0.2544381701460283,52991,Medium
0.37550628566761485,-0.36613857953644785,52988,Healthy
0.4102105337353065,1.015362432318462,52966,Medium
1.0391574329199376,-0.20227107821902274,52965,Healthy
1.3856285115942706,-0.41065997485186323,52962,Medium
0.25591170996114093,1.214163093207131,52937,Healthy
1.1987928401001589,-0.0675415943527971,52934,Medium
0.3389498306665073,1.5995793748134404,52927,Medium
0.3195385683887333,1.581685795002124,52927,Medium
0.3870748146473728,1.1967068140937513,52919,Low
0.554786503586479,-0.43128674111126725,52908,Medium
0.8016951250490445,0.09031163863584384,52871,Healthy
1.07633928489504,-1.4871577211520743,52868,Healthy
-4.160350991756078,-1.2879226256430876,52852,Healthy
0.14841917039696137,1.8811231625595615,52848,Healthy
0.8880049680878668,0.17303230548941156,52827,Medium
0.9517025667760807,-1.4744714227022124,52822,Healthy
0.754462082905786,-0.9745790525164066,52821,Medium
0.5248982671006516,-0.3191235934243732,52803,Medium
0.5440976093783676,0.9817808175946832,52799,Medium
1.3388657773747634,-0.9996640973586446,52796,Healthy
1.138757359668377,-0.12379460233879018,52777,Healthy
1.3089500222567994,-0.12809620289312296,52774,Medium
0.794460450737111,0.4193948332745235,52757,Medium
0.775099003503677,0.4015471736851351,52757,Medium
0.4718036535835073,0.8140305253793677,52756,Low
-0.48705745181092913,1.1398993108676212,52738,Medium
0.6912762247686485,1.8642400664794814,52708,Healthy
1.2354522700870472,-0.9323272452214018,52699,Healthy
1.3227535753926185,-2.0447412126299995,52696,Healthy
-3.261966404710353,-1.6904685371687502,52684,Healthy
0.5601514288438876,-0.08034120944793116,52671,Healthy
-0.1644471361799,1.0358434036894995,52661,Medium
0.8880049680878668,0.17303230548941156,52660,Medium
0.19632476665994333,0.06922773028405906,52637,Medium
1.1164421609462285,-0.18272480170424388,52636,Healthy
0.7483239643063739,0.4767376729774583,52632,Medium
0.810384583454475,0.4252540873054145,52616,Healthy
1.3566859930764321,-1.351101841342858,52614,Medium
0.616134442050925,0.9470767150457178,52593,Low
0.7469968904898338,0.4806127951641709,52588,Medium
0.7275856282120599,0.4627192153528543,52588,Medium
-0.4897794453202143,1.4642363966733374,52575,Medium
1.5093863655717137,-0.11123334813696054,52556,Healthy
-1.3458095730527189,2.8843458300663416,52548,Healthy
-0.5278542745383151,2.075394412902344,52541,Healthy
-3.0733175905225143,-2.10525452601972,52513,Healthy
1.0348441091530942,-1.4704425701592194,52508,Healthy
0.44772126212323765,1.0499403594303218,52497,Medium
0.18947932679374593,0.1044991424621834,52495,Medium
1.1307993352788006,-0.06106717348681076,52479,Healthy
0.518471336262705,-0.4647625828968525,52471,Medium
0.6993571932641458,0.702500992312152,52469,Medium
0.358020474413795,1.1723465558476966,52456,Healthy
1.5868192270922834,-2.0268162563716507,52448,Medium
-3.8001894126948654,-2.523186737025453,52430,Healthy
0.8466880459235323,0.04455595694932301,52426,Low
0.711621407976951,0.8346440279048903,52425,Medium
0.692210145699177,0.8167504480935738,52425,Medium
-0.22911005910084672,0.5534742984890855,52403,Medium
0.7666855930527106,0.8298673358266707,52398,Healthy
0.6871741983797538,-0.08593979180067937,52384,Healthy
0.28918198870756195,-0.8521563719119357,52375,Healthy
-3.981104086205746,-0.2820859438741679,52350,Healthy
0.5387369977359218,-0.5063714671402952,52348,Healthy
0.44772126212323765,1.0499403594303218,52334,Medium
0.40403029376407684,-0.2669874950762443,52329,Medium
0.9926652356865343,0.665804048124554,52315,Medium
1.3462896046937447,-1.0192742659791991,52309,Healthy
-0.523372619134703,1.1064234690820358,52301,Medium
0.35062693354581526,0.8726204856280374,52290,Healthy
0.512870068027482,0.04695175827332227,52288,Medium
0.5910898012056562,1.0250988936135248,52262,Medium
0.5716785389278822,1.0072053138022083,52262,Medium
0.99101883439095,0.17760214661567292,52260,Low
-3.749044707535255,-2.459673083285982,52258,Healthy
0.5871091383571865,-0.7782310243834161,52230,Medium
0.147924426627716,1.3511443677520871,52230,Healthy
1.8181402317457593,-2.461407245866735,52217,Healthy
-0.6179934039388143,1.2901219293291326,52215,Healthy
0.6122340690523975,-0.4771195614517195,52191,Healthy
-4.034750350490448,-0.2031726924212045,52186,Healthy
0.5624256005033625,-0.2845303595718708,52171,Medium
0.5928321777458259,-0.7336976292772714,52159,Medium
1.2081056900571383,-0.2924489645897626,52149,Medium
0.5719489867864389,-0.7346046221437637,52143,Healthy
-0.5260946126439882,1.4307605548877522,52138,Medium
0.42412400486229107,0.9018723913166131,52126,Healthy
1.5919440444492499,-2.2012203103969212,52118,Medium
0.169978596444596,1.1360361502796361,52093,Low
0.9478066724352753,0.07542448048121801,52092,Medium
-3.879168136139388,-2.3300352364558603,52092,Healthy
0.9672179347130493,0.09331806029253446,52092,Medium
0.7089840704978996,0.7055434183248928,52068,Healthy
0.46497717549055406,-0.9212596134751798,52058,Medium
2.282195121926402,-3.027096577243683,52054,Healthy
0.2087817647021032,0.7822613367509816,52040,Healthy
0.32604056927706776,-0.45783961355250313,52025,Healthy
-3.081119518952807,-2.1408327601494137,52015,Healthy
0.5624256005033625,-0.2845303595718708,52008,Medium
1.0575963689403627,-1.3556363784168401,51993,Medium
0.93480802297999,0.4902929773375065,51989,Medium
0.5036882432148113,0.9599608659870178,51982,Healthy
1.2144031132029192,-0.25919227462560573,51966,Healthy
-0.2654252264246207,0.5199984567035002,51966,Medium
1.119065323656363,-0.8173437944147919,51961,Medium
0.33358728124754095,1.3849737810123446,51929,Medium
0.35299854352531496,1.402867360823661,51929,Medium
-3.948986455632161,-2.0338148165304104,51926,Healthy
0.31430938491201366,1.269082339945986,51926,Low
0.8038396669129197,0.9456589204084421,51914,Healthy
-0.30950041883611795,0.2406391308067631,51891,Healthy
0.36545042325922156,-0.2821327233494513,51889,Medium
1.5471417262122473,-1.9514454514597612,51888,Healthy
0.3463347808591459,1.129796865844815,51876,Healthy
0.3382974169068017,-0.3303396544111899,51861,Healthy
-5.79193988796478,6.520093865498351,51851,Healthy
0.23383549504787435,0.10380565739591875,51841,Medium
0.7206774241431275,0.8065427139682427,51829,Medium
1.2923426761395689,-1.8845619525264734,51824,Medium
0.5631100001134133,0.6006938605649585,51816,Healthy
0.5475618262166253,0.5426875057149132,51800,Healthy
0.5767716007168311,-0.2178330653849139,51798,Medium
0.5507939710334127,-0.8117068661690013,51793,Medium
1.38015807271573,-0.4533871321116695,51763,Medium
1.360746810437956,-0.47128071192298593,51763,Medium
-3.9440770781307726,-1.9412963606999079,51762,Healthy
-3.4490509168746684,0.3315201816628055,51757,Low
0.6968964989816351,0.14175308032651113,51742,Healthy
0.8176025026589361,0.7179866102408488,51728,Healthy
-1.555767167343471,2.5984077607691427,51728,Healthy
1.0273424548313033,-1.2312297786363369,51722,Medium
0.3768818174505957,0.05101037156606999,51708,Healthy
0.7026536708025792,0.08735164559265295,51704,Healthy
-5.036237573858721,5.231797515716818,51687,Healthy
0.23383549504787435,0.10380565739591875,51675,Medium
0.7037660417239532,0.5296781504149234,51663,Medium
0.6073486146991179,-0.453918398616912,51661,Medium
0.6155208766690015,0.6815570307320225,51653,Healthy
-0.017252838779985995,1.621979917707107,51637,Healthy
0.25286098850381716,0.317353019464606,51635,Medium
0.3867509508621595,-0.9933696686429403,51621,Medium
0.9584639662117168,0.05049510470660667,51594,Medium
0.9778254134451511,0.06834276429599506,51594,Medium
-3.720876733854144,-2.7060943673364934,51590,Healthy
-3.4460454091994954,0.33429070171913433,51589,Low
0.8952524599844247,-0.03349608802055045,51572,Healthy
-0.2501797912536636,0.5881545813226297,51567,Healthy
0.41420794974469133,0.2325748994336448,51565,Medium
0.6001727588307625,1.071757293774494,51565,Healthy
0.5268030959602346,-1.0113570812750723,51536,Healthy
0.03084682908003879,1.2217570824013684,51532,Healthy
-6.266312698531771,3.5593205971700943,51525,Healthy
0.555982064650636,-0.4301846557849928,51509,Medium
1.1852569192074558,0.1843744410744276,51506,Medium
0.46126749980776677,0.7474659725774474,51487,Healthy
0.43567278755299743,-0.7727113385727727,51485,Medium
0.5058776889368848,0.751248045774829,51473,Healthy
0.3847243963426266,0.09781180236047247,51472,Medium
0.32918507097978755,-0.3155626449131085,51451,Medium
0.7929731922354075,0.4573289474188461,51427,Medium
0.8123844545131815,0.4752225272301626,51427,Medium
-4.0018471813561485,-1.8531059141003552,51426,Healthy
-3.9447802424161567,-2.219835063229584,51425,Low
0.4256414218685152,0.20364153808917834,51408,Medium
0.33145323558952966,0.8856986155089076,51403,Healthy
0.34910393354374347,1.479976180840413,51402,Healthy
-0.5233423060195064,0.7308693531861277,51401,Healthy
0.8759958145240634,-0.7192395405451443,51378,Healthy
1.1508859974908168,0.09025214480963907,51375,Healthy
-6.3947355712778835,3.716711687923916,51363,Healthy
1.2597694311256475,0.05352863830026776,51349,Medium
0.555982064650636,-0.4301846557849928,51343,Medium
1.3875282212371636,-0.8053536414607624,51320,Healthy
0.2801179085962748,-0.06732896391468562,51319,Medium
-0.8459899040632796,2.1355856119706407,51309,Medium
0.42334131021326615,0.4236341383268781,51301,Healthy
0.9910771025518693,-1.264659700199994,51285,Medium
1.092295440025318,-0.07196074821839847,51261,Medium
-3.9417747347409837,-2.2170645431732554,51261,Low
1.111723307317872,-0.054051861666439265,51261,Medium
-3.8162917441857487,-2.36657405390381,51258,Healthy
0.013078146953577445,0.42897023201663403,51242,Medium
0.746688061626916,0.9717263754221541,51242,Healthy
-1.783855433637205,2.845755773695301,51235,Healthy
1.2479346048725195,-0.6420815489160376,51234,Healthy
1.0557133895536268,-0.15167151522068312,51208,Healthy
1.136952726286649,-1.9488636780312625,51205,Healthy
-6.307405624666948,3.2433395762091686,51193,Healthy
0.522304383069103,1.1371541177330662,51188,Medium
-0.48581207570243207,1.1410473164158237,51173,Medium
0.7430930987275259,-0.6855574048553705,51156,Medium
1.119404779006847,-0.6716530782095621,51148,Healthy
0.731811254019717,0.4014490020256398,51138,Healthy
0.4801286887935143,-0.5114363081750765,51136,Medium
0.37789278242091745,0.19909905764805946,51128,Medium
1.4112654559551197,-0.2771357131299974,51101,Medium
1.4306767182328937,-0.25924213331868096,51101,Medium
-4.117279506141693,-1.6740880304458319,51095,Healthy
-4.019938101593314,-2.299861262821537,51093,Low
0.2074357400490383,1.882448926246491,51081,Healthy
-0.11549362594517784,0.6407083189177207,51076,Medium
-1.4584229621748204,2.4096034722175874,51071,Healthy
1.1994632786818697,-0.2577681931112106,51070,Healthy
0.4612465531085251,-0.4947655974103802,51039,Healthy
1.126429588103014,-0.48653739923630024,51039,Healthy
-5.183298795979117,5.388911453243353,51035,Healthy
0.3168603043937454,1.7513221153553276,51035,Medium
-0.48581207570243207,1.1410473164158237,51004,Medium
0.4718870992222152,-0.38588618873626923,50989,Medium
0.8889851778044777,0.0036788230139514024,50982,Healthy
0.3893760695890813,0.17021161652552114,50971,Medium
0.2558658677193956,0.99686999458838,50971,Healthy
0.37606225771597296,-0.04216845972044495,50970,Medium
1.0305383820631187,0.09380073676369184,50935,Medium
1.0111271197853446,0.07590715695237528,50935,Medium
-3.92393096903571,-1.9940705506902705,50931,Healthy
-4.016899383888581,-2.297060129283923,50925,Low
0.8174212702735468,0.848056358550873,50921,Healthy
-0.053119278031156805,0.85721409866665,50916,Medium
-0.6894473778366658,1.139437398077442,50908,Healthy
1.06385017524259,-0.18485990022104956,50904,Healthy
0.6664575342903574,0.5253111560079841,50875,Healthy
0.8184969583087013,0.17145678190064442,50873,Healthy
-6.474798042086919,3.8166519661738847,50871,Healthy
0.8726522669979939,0.37368300834440105,50871,Medium
-0.4885340692117172,1.4653844022215399,50841,Medium
0.9459076213727349,-1.0285085015952533,50826,Medium
1.080611133906295,-0.31253216206903234,50816,Healthy
0.3922084331118312,0.07577886029810445,50807,Medium
-0.02318720532585662,0.3955403104529769,50805,Medium
0.5674263146846206,0.3315011172755958,50802,Healthy
1.6619904243529375,-0.8487807196755682,50772,Medium
1.6814016866307115,-0.8308871398642518,50772,Medium
-3.6583082951867647,-2.3349940350712703,50769,Healthy
-4.490705984105675,-1.4004351965671409,50759,Low
0.16835532020749397,1.766504083709015,50758,Healthy
-0.866441646354388,1.4213040515734403,50745,Healthy
-0.06327610465079875,0.24411357044625068,50743,Medium
0.38566883561225485,0.6435610815034077,50732,Healthy
1.2189596427528575,0.09932386596074541,50714,Medium
0.7433484885213795,0.3864603861036622,50712,Healthy
-6.53216974460139,4.117846515219941,50712,Healthy
0.6127478639924059,0.5216631249007737,50706,Healthy
-4.574341658648111,-0.7876229586660911,50683,Healthy
-0.4885340692117172,1.4653844022215399,50678,Medium
0.9092827640017701,-0.6751075398088563,50669,Medium
0.7245590825560414,0.41091341292626693,50652,Healthy
-0.15175897822461185,0.6072783973540635,50639,Medium
0.0498146562953098,-0.2456526896017061,50637,Healthy
0.4959718919880745,-0.3938868087024491,50637,Medium
-4.30551001341779,-1.3705410291901645,50605,Healthy
1.5937156339588205,-0.9866574500391362,50602,Medium
1.5743043716810468,-1.0045510298504525,50602,Medium
0.9551062414658898,0.6129059543864915,50598,Healthy
-4.487700476430502,-1.3976646765108123,50593,Low
-0.8765732088282499,1.2854472249779714,50579,Healthy
0.2681600059375055,-0.3105296929727911,50571,Medium
0.5879639394255091,0.4588051942555102,50562,Healthy
1.3362050358596906,-0.44529864422560045,50552,Healthy
-5.674902639673965,6.0209338319787316,50550,Healthy
1.203047095920619,-0.337653712795952,50548,Medium
0.8411033764337941,0.4299987115904794,50546,Healthy
-5.616552540001747,1.0502866928956087,50520,Healthy
1.1780854646029444,-0.9693342455499993,50515,Medium
-0.22791449803668953,0.5545763838153599,50505,Medium
0.9807859352295869,-0.17167891468363727,50486,Healthy
-0.0893846303105908,0.8237841771029929,50479,Medium
0.28570532568459944,0.40763059670671914,50474,Medium
0.2557744119699268,-0.48981456555999947,50473,Healthy
1.3631543878374326,-0.214214162542561,50442,Medium
1.3825822551299867,-0.1963052759906018,50442,Medium
-3.7268984553060425,-2.5389101320206477,50437,Healthy
0.3102077347759532,1.5196384042155877,50435,Healthy
-4.081751505955816,-2.0250158271770005,50425,Low
-1.7933932662448775,2.8037645212608067,50415,Healthy
0.32832208834586263,-0.03617851520940752,50408,Medium
0.5931794565147184,0.44747535938589794,50393,Healthy
-2.495217700470688,1.144342123434546,50386,Healthy
1.3097592068745416,-0.6993170078532225,50386,Healthy
1.1900939098487924,-0.14926529402956087,50385,Medium
0.4488946049787337,0.9245877491411686,50383,Healthy
-5.000857631529712,0.21523738242352994,50360,Healthy
1.3490455916053323,-1.5526735515312198,50355,Medium
-0.22791449803668953,0.5545763838153599,50333,Medium
1.0918080538879409,-0.34180211699684987,50320,Healthy
-0.05756509892706843,0.1246117210577321,50312,Healthy
-0.09949164188589282,0.21072956910452154,50306,Medium
-0.01704660184827254,0.2933197307631561,50302,Medium
1.2165602059147167,-0.051163381865107986,50279,Medium
1.1970991285926027,-0.0691028818983525,50279,Medium
-3.3145681078723923,-2.8166373255472963,50278,Healthy
0.3577154050299339,0.2988413221940625,50272,Healthy
-4.078745998280643,-2.022245307120672,50257,Low
-1.5046903511220637,2.143065648010404,50249,Healthy
-0.018026749015086947,0.235604863681402,50239,Medium
-3.38467565345398,2.7654615189461373,50225,Healthy
1.2273428850203183,-0.08291393174885706,50225,Medium
1.07827132458583,-0.17822517742792135,50223,Healthy
0.4546276072427502,0.5235555299644765,50221,Healthy
0.5133772254793728,0.6580381098225725,50217,Healthy
-4.326126080823345,-0.6602475850054207,50205,Healthy
0.6168464526005198,-0.6407845221869894,50189,Medium
0.5883545144656835,-0.7770830188352135,50160,Medium
1.1942031855271127,-0.38323614055100497,50157,Healthy
-0.13149335564744696,0.14944659692549556,50149,Healthy
0.653970481952392,-0.5228051681773268,50136,Medium
0.23189465365807152,-0.34395961453644824,50134,Medium
1.3267173880713572,-0.11171799040543375,50119,Medium
1.3072563107492432,-0.12965749043867836,50119,Medium
0.5222816138174314,1.4702956027953094,50115,Healthy
-4.067221380425762,-2.1741004802701553,50106,Healthy
-3.8121254298487313,-2.162809212432364,50096,Low
-0.7739856045387977,1.4021654173480278,50089,Healthy
0.2538917188906417,-0.22456188144635664,50069,Medium
-3.197455989814355,0.9398402187448329,50069,Healthy
1.0899084530991212,0.3129797585732249,50068,Medium
1.053529160109981,0.06179394822372829,50057,Healthy
1.5539382895834133,-1.2512417719395856,50053,Healthy
0.2612376085306808,0.8409622867160687,50048,Healthy
-4.531340158067984,-0.5765506245744992,50045,Healthy
0.5477757173695601,-0.5235382603178286,50023,Medium
1.1508981382995151,-0.17075107527860178,49997,Healthy
0.5883545144656835,-0.7770830188352135,49988,Medium
-0.7671088772520727,0.8114320709332729,49981,Healthy
0.617526718353167,-0.32301400623482,49972,Medium
0.2920567360664286,-0.06960843677306466,49971,Medium
1.3745031739353297,-1.3346777086332406,49959,Medium
1.355042096613216,-1.3526172086664852,49959,Medium
0.9149908499572807,0.07417397678057563,49943,Healthy
-3.660583806224857,-2.6511556242797005,49938,Healthy
-3.8091199221735583,-2.1600386923760353,49934,Low
-0.47531233114075416,0.4505629408914785,49919,Healthy
0.3428962862272747,-0.23356645247076516,49903,Medium
1.2122038986496502,-0.36350411024170276,49902,Medium
-4.502220155188009,-0.9165820717059762,49901,Healthy
0.8226194395819906,-0.0017485738018632525,49887,Healthy
-4.771931301518768,-0.08669937577984001,49887,Healthy
1.2059264043606202,-0.549079418136739,49887,Healthy
0.8708344217324513,-0.028438256112498627,49879,Healthy
-0.029152560732661852,0.42590795279445176,49856,Medium
1.040101702321001,0.15755495644010786,49840,Healthy
-0.6785687053489022,0.8564836679839181,49818,Healthy
-0.17256604929353647,4.127554966649697,49816,Healthy
0.4657908212147721,-0.9205095831836875,49816,Medium
0.016866658891301053,0.5252898455877673,49806,Medium
-0.05424228625018102,0.202220862339673,49801,Medium
1.6046364079511812,-2.0103921236620335,49792,Medium
1.5851753306290675,-2.028331623695278,49792,Medium
-4.415818097764551,-1.205474664120029,49774,Healthy
-4.211384790195921,-1.9179245987220268,49764,Low
-0.8401252685954123,1.3532421160763266,49756,Healthy
0.7549849919237046,0.6602648912772263,49741,Healthy
0.6691163028081867,-0.616427345579311,49740,Medium
1.0164354576247505,-0.03809238635994881,49735,Medium
-5.01232224246685,-0.37388830534471335,49724,Healthy
0.4409749578988266,0.9821181453510647,49716,Healthy
0.3082415463929985,0.687204547929305,49715,Healthy
1.0468596351716886,-0.5794761227425528,49715,Healthy
0.9170755085247143,-0.5388811187625139,49702,Medium
1.2966703850718377,-0.26904794616265487,49683,Healthy
-0.882585259557918,1.7821919864216182,49659,Healthy
-0.2941313024834973,2.6773396794001014,49657,Healthy
0.4657908212147721,-0.9205095831836875,49643,Medium
0.26601995546741897,0.11806781991749532,49640,Medium
0.5112759866086057,0.045482311171623026,49632,Medium
0.5307038539011596,0.0633911977235823,49632,Medium
0.21769278667032757,-0.25793057604744307,49632,Medium
-3.8311480168688075,-1.5307592030022654,49608,Healthy
-4.208412492550308,-1.9151846921469833,49594,Low
-0.599389306927244,0.8089215719200493,49590,Healthy
0.9899069117304582,0.4510736389334553,49578,Medium
0.45398220870798917,0.9369967491561613,49577,Healthy
0.33615802974977615,-0.3770734192182481,49570,Medium
-5.045319282666903,-0.027862039734155804,49566,Healthy
1.4955215635705674,-0.5785393494588874,49558,Healthy
0.4563860107135352,0.5857942543760389,49546,Healthy
0.5424705758749859,0.3576280548199043,49543,Medium
0.9065197436851018,0.007092582773938001,49536,Medium
1.3061737502818906,-0.2895630583796066,49525,Healthy
0.38751204345758034,1.4161174527512208,49496,Healthy
-0.6210007858794448,0.4487426881751536,49490,Healthy
0.1696989698925662,0.5681997766453135,49480,Medium
0.3666957993677186,-0.2809847178012488,49474,Medium
0.3066807489921805,-0.2669504538124943,49466,Medium
1.5903499630303737,-2.20268975749862,49463,Medium
1.6098110403524875,-2.184750257465376,49463,Medium
-3.634907811178659,-2.610661560214251,49442,Healthy
-3.9934478861948235,-1.9803008237097066,49430,Low
-0.985591818898562,1.288130946164737,49420,Healthy
1.374226120547778,-0.3413389698661429,49418,Medium
0.20297980348009004,1.3452768631846515,49414,Healthy
0.7568742767458158,0.2141960004742651,49404,Medium
-4.718796599577439,-0.8900833504519854,49402,Healthy
1.3274403435657989,-0.9047375990718731,49388,Healthy
0.40175751585667696,0.8248358277730231,49379,Healthy
0.3138399757359025,1.0292496478445343,49377,Medium
0.7655728470855234,0.09116241374203592,49367,Medium
0.9473999741757781,-0.14549385564371414,49359,Healthy
0.1851328580754543,1.9149663661205718,49338,Healthy
-0.7513449548267062,0.6642063900157669,49320,Healthy
0.8969218515904924,-0.7519558251912186,49317,Medium
1.1174712422374868,-0.818813241516491,49306,Medium
1.1368825045152606,-0.8009196617051746,49306,Medium
0.3666957993677186,-0.2809847178012488,49305,Medium
0.6329007655730925,-0.6498113469210401,49302,Medium
0.9502814183636352,0.2709290902058954,49296,Healthy
-4.402998226867418,-1.2386079946531567,49278,Healthy
-3.9904755885492107,-1.977560917134663,49266,Low
-1.086784362811695,1.90794386395934,49260,Healthy
1.3496361177674985,-0.3878258543263846,49255,Medium
0.6005473265484826,0.8370117510257499,49254,Healthy
-4.166129536899505,-1.2932493713867472,49248,Healthy
0.05913087444540626,0.4128902288338278,49241,Medium
-3.8142281191732534,-2.387012347821072,49239,Healthy
1.3574725281157742,-0.6606696951129372,49225,Healthy
0.6718869826991193,0.36837939084414834,49213,Healthy
0.7778462997300373,0.21867767962399182,49201,Medium
0.5924679107021763,0.0188303961036571,49201,Medium
0.7279899124471414,1.8980832700404915,49198,Healthy
1.0247863732583782,-0.12579458907790253,49196,Healthy
0.39979444549120235,-0.7900524500956065,49153,Healthy
0.6241438745707356,-0.7676198663520243,49144,Medium
0.5945887815757288,-0.2014089326752966,49143,Medium
0.5751775192979548,-0.21930251248661312,49143,Medium
1.0286044359545803,-1.2300664663474916,49138,Medium
0.47694238098515757,1.2009159373605118,49136,Healthy
0.30000891257380186,-0.4103961935974064,49133,Medium
-2.931916780135579,-3.9816139313689787,49108,Healthy
-4.007301262237563,-1.9459382587279244,49102,Low
-0.6635263872226311,1.709284572850977,49094,Healthy
0.061344820014944776,1.7477802220720149,49094,Healthy
1.361330695404071,-0.6301177190214687,49089,Medium
-3.269554896464795,-1.6974637176424643,49080,Healthy
0.004711049699133819,0.3354160800229395,49075,Medium
-4.4021737053169145,-1.5148579172843248,49073,Healthy
1.1806390811376015,-0.33040594965208603,49062,Healthy
1.5460668432206466,-0.07742075805723594,49047,Healthy
0.48386398717690826,0.674655222999089,49047,Healthy
0.8494766532885548,-0.6880494218641274,49039,Healthy
0.7324575308143816,0.4370203825609178,49037,Medium
0.26670728503299673,1.3432566429715922,49036,Medium
0.45779806010839286,-0.7211337302931956,48990,Healthy
0.5061000582989339,-0.1585166078010412,48981,Medium
0.251217092040601,0.31583765214097864,48980,Medium
0.2706781693627149,0.33377715217422327,48980,Medium
1.0286044359545803,-1.2300664663474916,48972,Medium
1.4533949686417411,-0.7400497172511564,48969,Healthy
0.7207085545550616,0.1808579193544641,48967,Medium
-3.4924296975883875,-2.7534006557326287,48944,Healthy
-4.00432896459195,-1.9431983521528813,48939,Low
0.6713303502394533,0.7133876543763968,48934,Healthy
1.5215555628006587,-0.6017124271761068,48929,Medium
-0.5746087730745962,0.7449218449458133,48927,Healthy
-3.935790187867783,-2.088598136013363,48911,Healthy
-3.0809226872917366,-2.112265013234077,48910,Healthy
0.3632064045025081,-0.2862487246618773,48909,Medium
1.1543105462228949,-0.6349840414508422,48893,Healthy
0.8033826757164234,0.8636952326470381,48889,Healthy
0.8449569995849835,-0.8372304227438151,48879,Healthy
0.9297845603648619,-0.21809154175631518,48878,Healthy
1.1390918579187774,-0.076318107562426,48873,Medium
0.9845169401118107,-0.1338566697199406,48871,Medium
0.4025581822163044,0.1142512418107325,48816,Medium
0.38308049987941056,0.0962964350368452,48816,Medium
0.40913009833221414,-0.13069743189252764,48815,Medium
0.41540351080884846,0.23367698475991922,48815,Medium
0.5487075554470152,-1.4770023849562284,48814,Healthy
0.7722072098935151,0.6809646638324273,48809,Healthy
0.022981757269432017,0.3795674544546695,48804,Medium
-3.8797306752353213,-2.114170106728419,48780,Healthy
-3.914936022015944,-2.123076118826516,48775,Low
0.02226440017340044,1.6318353795345386,48771,Healthy
-1.4417212440818354,2.202805893184247,48761,Healthy
1.8721795188999018,-1.6309100068472635,48759,Medium
-4.339984844276823,-0.9489318349674082,48751,Healthy
-3.988626157901068,-0.2890198973853109,48747,Healthy
0.49149181021474536,-0.49836932536824313,48742,Medium
1.3262396323877017,-0.3209141944534669,48736,Healthy
0.8442338166395721,0.5241010382985053,48721,Healthy
0.184604904276649,1.384956957831812,48720,Healthy
0.7068507801202535,-0.6026461359170311,48719,Healthy
1.5076918751650679,-0.8282503764801876,48707,Medium
0.2810321473001318,0.7578449315901226,48699,Medium
0.41540351080884846,0.23367698475991922,48658,Medium
-0.8281727232043818,2.152009744680258,48653,Medium
-0.8476338005264957,2.1340702446470132,48653,Medium
0.309751106380927,0.00820739630018926,48648,Medium
0.6523882974141155,-1.2034836650357557,48648,Healthy
1.337411598687943,-0.4549902932089517,48646,Healthy
-0.03145467249162044,0.30207799890313847,48637,Medium
-4.540066633225405,-1.22118185923961,48612,Healthy
0.8090319264465763,0.4782525569526581,48611,Healthy
-3.9119637243703314,-2.1203362122514724,48611,Low
-1.3398215572942416,2.0028218331599588,48595,Healthy
1.2277598520467634,-0.5656428272886768,48590,Medium
-4.499140038150734,-1.2755979629226193,48588,Healthy
-4.04223921215621,-0.2100760324510622,48583,Healthy
0.2107513641434601,-0.17585190932344452,48573,Medium
1.0578214695326131,-0.1850663017366277,48572,Healthy
0.7456645481468325,0.7393560084046175,48558,Healthy
0.7692330739180545,-0.8633534443117471,48556,Healthy
0.9428555474513229,-0.2509341215726264,48551,Healthy
1.071314101981343,0.03912034507860116,48544,Medium
0.5992146181114059,0.4993785583093561,48533,Medium
0.4268867979770123,0.2047895436373809,48501,Medium
0.8496083203867631,-0.5858894358330159,48488,Medium
0.9964776473132347,-1.6326213087280905,48485,Healthy
1.085948422687472,-0.044715917121249525,48481,Healthy
0.497995684696752,-0.49496625524353116,48481,Medium
0.4784847923302982,-0.5129516754987038,48481,Medium
0.32704068231175387,-0.3195868057816783,48471,Medium
0.16411681474185963,1.3849697000411114,48448,Healthy
-4.48437810885873,-1.3085285118499423,48444,Healthy
-3.8684902490307587,-2.50401576001581,48441,Low
-1.1756907571167496,2.0216897926231994,48435,Healthy
-4.594670858249236,-0.6690632991903068,48432,Healthy
1.3626179696599598,-1.7915505686034086,48424,Medium
0.6172253569727664,-0.12237478917907883,48419,Medium
-3.0886083806185693,-2.1477361001792716,48412,Healthy
0.8404869345322928,0.9794408970068814,48404,Healthy
1.3575132089726591,-0.9824746276168923,48403,Healthy
1.431436431129688,-1.814582522323629,48396,Healthy
1.2714374013302852,-0.6418152885519769,48385,Healthy
0.9280495494373406,-0.03168016570583603,48375,Medium
1.115959676596416,-0.514416539602555,48363,Medium
0.4268867979770123,0.2047895436373809,48344,Medium
1.595458169629598,-1.96147722345349,48325,Medium
0.4675910936910215,-1.0655247254873161,48315,Healthy
0.9349528690441166,0.11621036162567122,48315,Healthy
0.3939458586339905,-0.02568310004825684,48315,Medium
0.3744183612527568,-0.04368382704407229,48315,Medium
0.45534269303877106,-0.5316920997474014,48305,Medium
0.21162448499584033,0.1641726180195863,48284,Healthy
-3.254662137170212,-1.4249586799026872,48276,Healthy
-3.8655677664294856,-2.501321773662695,48271,Low
-1.1370236396638125,1.659855429679433,48268,Healthy
0.9823141411999248,-0.8505996099649336,48264,Medium
-3.7939822603456954,-2.6523314380386562,48264,Healthy
0.5824435035786583,-0.09452804377553137,48253,Medium
-5.799428749630542,6.513190525468493,48248,Healthy
1.1350065674702243,-0.16561186566570507,48243,Healthy
0.32420141368420186,-0.13341783482231478,48233,Healthy
0.46497717549055406,-0.9212596134751798,48232,Healthy
1.134330017452491,-0.5673440169285711,48216,Healthy
1.0548572797258438,-0.24222248093831442,48205,Medium
0.6529928399034192,0.10128205806721192,48191,Medium
0.014323523062074454,0.4301182375648366,48178,Medium
0.9506577316375013,-1.208431107171498,48156,Medium
0.8858078408440639,-1.3066768234886237,48155,Healthy
0.390564536648615,0.07426349297447711,48151,Medium
0.41007542901506877,0.0922489132296498,48151,Medium
0.3735320869620517,1.0274000980249676,48149,Healthy
0.17463545699704566,-0.20914407022131742,48136,Medium
0.3762405088276776,1.3356728188427611,48127,Healthy
-1.4269087805155398,1.5084677752590512,48112,Healthy
-3.2550098074347797,-2.8736325167200825,48109,Healthy
-3.6460684056752504,-2.402894121427236,48105,Low
-0.5644219656966988,0.5589278961707931,48099,Healthy
0.7017823652392253,-0.8445979161280076,48094,Medium
0.6886569202314805,-0.6166343911112325,48090,Medium
1.1493471367880166,-0.043969544188914716,48086,Healthy
-5.0437264355244835,5.22489417568696,48084,Healthy
1.1734861148410474,-1.5475243622665926,48069,Healthy
0.36545042325922156,-0.2821327233494513,48062,Healthy
1.2013918044927665,-0.6812012574415566,48046,Healthy
0.8881710182356664,0.17318537289583852,48039,Medium
0.8513488009062088,-0.07396711027984974,48021,Medium
0.014323523062074454,0.4301182375648366,48011,Medium
0.3987136351932913,0.157079597223818,47996,Medium
1.44341792470116,-0.29625257229098984,47992,Healthy
0.5138554929060921,-0.37740144903026096,47982,Medium
0.49432799552485845,-0.3954021760260763,47982,Medium
0.5811260548411319,-0.15565164333630904,47982,Medium
-0.12477089140664077,-0.3945213614022428,47980,Healthy
0.7689497449675272,-0.06044880717197242,47955,Healthy
-4.160168034781256,-1.8521670985749241,47945,Healthy
-1.0078275066541966,1.210649129650308,47939,Healthy
-3.9252340919119733,-2.3112702180586067,47937,Low
0.34988981138130815,0.3443454716818909,47937,Medium
-1.1998105767192204,1.920011927477194,47936,Healthy
-6.273834770227094,3.5523866436589513,47922,Healthy
0.4027415360661428,-0.5995170794182976,47917,Medium
1.364787591158621,-1.002222556903231,47917,Healthy
0.15230798854306907,0.2907900106105325,47909,Healthy
1.0273424548313033,-1.2312297786363369,47896,Healthy
1.085466887087279,-1.3380550624442062,47883,Healthy
0.4479371273153771,1.0501393470586768,47876,Medium
0.28754957651131374,0.8452275932496083,47852,Medium
-0.11424824983668078,0.6418563244659232,47845,Medium
0.7993803205514582,-0.5171408610623419,47836,Medium
0.40725229813316227,1.2616705323662507,47832,Healthy
-0.23521677005832786,4.069802634204789,47829,Healthy
0.3035723215878371,0.42410064963826455,47819,Medium
0.2840614292213834,0.4061152293830918,47819,Medium
0.6374251811509578,-1.062434249875999,47816,Healthy
0.5463275964322439,-0.1278202046734043,47815,Medium
-0.16042536285160627,2.079520106898288,47779,Healthy
-0.8441196635808482,1.4621551394539967,47775,Healthy
-3.9849906493584117,-2.4471757596632626,47775,Healthy
-0.115378076241333,0.8051890343397654,47774,Medium
-3.711200960080336,-2.576684701728067,47771,Low
-6.401842517603707,3.7101604029288406,47760,Healthy
0.5904137632217551,-0.7175835265490811,47751,Healthy
1.0628611715897185,-1.5448885197656568,47748,Medium
1.2261990809870047,-1.7855690742679295,47743,Healthy
0.41420794974469133,0.2325748994336448,47739,Healthy
0.562624860680722,-0.2843466786841584,47713,Medium
0.28373681899711817,-0.46737804461248617,47711,Healthy
1.2040475508090838,-0.6825372644346942,47683,Medium
-0.11424824983668078,0.6418563244659232,47679,Medium
0.9488985132022847,0.6638633920341616,47678,Healthy
-0.35678202324828867,2.6195873469551936,47670,Healthy
0.4399528437481262,-0.5814138174216439,47663,Medium
0.7009089660646609,-1.1688708739912168,47653,Healthy
0.6525410130850662,-0.6499265520091054,47652,Medium
0.0008203940549651634,0.30978978369470156,47647,Medium
-0.018690498311488595,0.29180436343952876,47647,Medium
-0.4063689282777267,0.5162181415612966,47613,Healthy
-4.189664578673741,-1.4300818340902421,47611,Healthy
-0.3557858796979563,0.20036761237066222,47606,Healthy
-3.5656356622994356,-2.8307873940869435,47605,Low
-0.12032047598080095,0.5189766810507488,47605,Medium
-5.410627857812854,5.654970362403103,47600,Healthy
0.5221032046057875,0.9769360413597723,47590,Healthy
1.2523751478004157,-1.531917917704944,47583,Healthy
0.4256414218685152,0.20364153808917834,47582,Healthy
0.8354199100671446,0.12139962888116787,47582,Medium
0.7474081782067532,-0.7663590831472653,47548,Healthy
0.23405136024001386,0.10400464502427388,47546,Medium
1.155559619603654,-0.29823921537050985,47520,Medium
-0.05185729690787978,0.8583774109554952,47519,Medium
1.1097955387575595,-0.05521036397278059,47515,Healthy
-0.07821416212490015,1.5845287904621483,47514,Medium
0.324861322692789,1.3583651203063132,47509,Healthy
0.6718540828704096,-0.5063198085051387,47480,Medium
0.6523265854891759,-0.524320535500954,47480,Medium
0.36669204897884833,-0.6327480133535996,47480,Medium
0.7850718514875307,-2.065716652130815,47475,Healthy
-0.785329385481714,1.2949546757526829,47449,Healthy
-4.109813087543521,-1.470372906967221,47449,Healthy
-0.9738779936370346,1.5194848587651952,47443,Healthy
-6.435210448523441,3.8466485437677447,47438,Healthy
-4.041561877891069,-2.236746125443769,47435,Low
0.6688229485676586,0.3446842472879199,47434,Medium
0.5814751464600497,0.6176231157157849,47423,Healthy
0.5798721369994913,-0.7167598833021347,47417,Healthy
0.013078146953577445,0.42897023201663403,47416,Healthy
1.269226870149487,-0.9011933347541495,47410,Medium
0.4371994559358304,-0.26573447355248836,47384,Healthy
0.5561979298427756,-0.4299856681566377,47380,Medium
-0.05185729690787978,0.8583774109554952,47359,Medium
1.019946516164374,-0.22533092248034883,47353,Medium
0.12248213731066282,1.857214033675664,47351,Healthy
1.10320876838071,-0.19851842044730278,47348,Healthy
0.34115406754222377,0.69237213496542,47339,Medium
0.6353438992120647,-0.3065898735252026,47317,Medium
0.6158828218899508,-0.32452937355844735,47317,Medium
1.026795079487644,-1.5781347604416016,47311,Medium
0.892675131250315,-1.8017199578518206,47305,Healthy
-1.2780758240139007,2.090892489697424,47286,Healthy
-3.3064478536231086,-3.0882812155022017,47281,Healthy
-0.9666004013834806,2.8321589729877292,47279,Medium
-0.8488758694265977,1.312637544990958,47279,Healthy
-4.021047534892288,-1.9698167148184933,47271,Low
-6.3131841698103734,3.238012830465509,47268,Healthy
-5.934132933767864,-3.4568066381855402,47260,Healthy
0.6337863929269582,0.6983944454389927,47260,Healthy
-1.270273360818678,2.953976193249985,47258,Medium
-0.11549362594517784,0.6407083189177207,47250,Healthy
0.45025179456787157,-0.5621561941856525,47215,Healthy
0.66533919168235,1.8403309375955836,47211,Healthy
-0.4856460255546325,1.1412003838222506,47211,Medium
0.6604091908127562,1.075908472006563,47191,Healthy
-0.0620307285423017,0.24526157599445317,47186,Medium
0.34176517653403904,0.6030900592441085,47181,Medium
1.1297604099230256,-0.4648750755934161,47166,Medium
0.03470044476497873,0.5417292850380272,47151,Medium
0.015222762428085,0.5237744782641399,47151,Medium
0.7993704229798501,0.08816869494586581,47144,Medium
0.2511293515615847,-0.5859077089532625,47139,Healthy
-1.067102859170142,1.726826468556764,47123,Healthy
-3.322165001754498,-2.7842370415441544,47120,Healthy
0.15744980700446035,0.6833101237537518,47119,Medium
-1.1679315283161111,1.6781273620330504,47113,Healthy
-5.189077341122543,5.383584707499693,47111,Healthy
-4.08964808941745,-2.171264118104129,47101,Low
0.7152533516703692,-0.9486744882275558,47094,Healthy
0.47958283111006333,0.7643493075063457,47094,Healthy
-0.053119278031156805,0.85721409866665,47090,Healthy
0.36466838589726297,-0.7825719289502208,47086,Medium
-4.08875056849787,-0.37842648803689577,47069,Healthy
1.480095119499863,-0.13823443863068355,47059,Healthy
0.3180106435024008,-0.07704149685005984,47052,Healthy
-0.48836801906391764,1.465537469627967,47048,Medium
1.0555349766320072,0.025437089659257107,47028,Healthy
-0.0620307285423017,0.24526157599445317,47014,Medium
0.5439606502586134,0.41824233155235474,47012,Medium
0.9491881392787309,-0.17558780569964985,46994,Medium
0.2643760590042029,0.11655245259386798,46985,Medium
0.28388695137065656,0.13453787284904067,46985,Medium
0.8319221008386252,-1.5474670179405103,46973,Healthy
1.2331773830621926,-0.9344242686894517,46973,Medium
0.38099861977584815,0.607609724481853,46965,Medium
-3.0711044280440047,-3.195001078621635,46958,Healthy
-0.4508853892540615,0.5717343824916081,46956,Healthy
-0.03525342552362703,-0.2225035083906065,46947,Healthy
-6.480543377200784,3.8113558339115103,46947,Healthy
-3.6718625276683103,-2.3583294345490975,46941,Low
0.3519706102756059,-0.20561851254551947,46930,Healthy
1.4058933675838001,-0.788424386309936,46928,Healthy
0.39570031111218057,0.1079295579252973,46923,Medium
-0.06327610465079875,0.24411357044625068,46917,Healthy
-4.475178659714907,-0.9234420900086536,46905,Healthy
0.740731954951632,0.8059429002021303,46901,Healthy
0.8763817726462855,-1.3019882050553755,46883,Medium
-0.2277650529036699,0.5547141444811442,46875,Medium
0.8273500063001622,0.8555627989320923,46874,Healthy
0.5491927723626027,0.40692780342338514,46842,Medium
0.26940538204600256,-0.3093816874245886,46841,Medium
0.18758257081058374,0.5846851363175016,46825,Medium
0.16800525838501015,0.5666384890997581,46825,Medium
1.6212040586663314,-1.151825719843511,46824,Medium
-1.3485494004914125,2.8818202178602963,46821,Medium
1.4775728429481516,-1.2075399041254657,46811,Medium
0.7638502011946016,-1.5903337712747276,46803,Healthy
-3.4983623350508775,-2.2963744686915617,46800,Healthy
-0.8717556664176291,1.4008486273374128,46793,Healthy
-6.537948289744816,4.112519769476281,46787,Healthy
-3.6887739100874843,-2.635193998102417,46776,Low
0.0512799563282929,-0.6501411655167213,46774,Healthy
0.9981710266155044,-1.2771411503145509,46767,Healthy
-0.8350638043380655,2.1456574473135372,46759,Medium
1.1377699253534834,-0.6547238230587358,46755,Healthy
0.2681600059375055,-0.3105296929727911,46745,Healthy
-4.779447542561209,-0.43825837068244883,46741,Healthy
0.1219541835118575,1.327204625386904,46733,Healthy
0.8305425880697196,0.6872152928443058,46717,Healthy
0.7521615623356726,-0.9412833342882049,46716,Medium
0.5885205646134831,-0.7769299514287865,46703,Medium
0.4105246879871748,0.48290082681746477,46670,Medium
0.26940538204600256,-0.3093816874245886,46669,Medium
0.8952779551272764,-0.753471192514846,46661,Medium
0.91478884749373,-0.7354857722596732,46661,Medium
0.6305790946691127,0.662636837022491,46658,Medium
0.8328252454406814,-0.14015600858252547,46657,Medium
0.28644216126886846,-0.8546819841179812,46649,Medium
0.8950094940712471,-1.651909302641122,46637,Healthy
-3.509194847572391,-2.6420144052643617,46635,Healthy
-5.6806811848173915,6.015607086235072,46626,Healthy
-0.4937887168026102,0.46540340603946684,46624,Healthy
-4.057818550365934,-1.933436365614995,46612,Low
-0.9456709437584637,1.4478656051202308,46611,Healthy
1.0850420572197392,-1.2803340038963644,46607,Healthy
0.907400139195454,0.020653998386705986,46589,Healthy
0.49105478851872836,-0.5013644728321798,46587,Medium
0.32832208834586263,-0.03617851520940752,46582,Healthy
-4.681186087604507,-0.6843399779475907,46575,Healthy
0.6830138273820411,0.6816036759597097,46571,Healthy
0.7595832216867939,0.8080800224684944,46560,Healthy
0.9993660183096014,-1.3424641187616355,46550,Medium
0.4244277293978902,-0.9586386741246536,46530,Medium
0.3295674644543597,-0.035030509661204974,46506,Medium
0.2171346892751054,0.800307583569057,46498,Medium
0.1525767891370683,0.6941379175470975,46497,Medium
0.6420108704739732,-0.7511498134204789,46489,Medium
0.6224999781075194,-0.7691352336756516,46489,Medium
-0.6207830464218477,1.2875503969011588,46488,Medium
1.5526361372525468,-1.192789974206978,46486,Medium
1.3749698556463892,-2.309972505768678,46474,Healthy
-3.8227303190230923,-2.2455027936485545,46471,Healthy
-2.5009962456141146,1.1390153776908865,46462,Healthy
-0.4655455333159211,0.7131816181972868,46460,Healthy
1.2218630739110152,-1.3551877893250492,46450,Healthy
-3.747632524074873,-2.6491970230258777,46444,Low
-0.5503797675549104,0.46575075562160917,46444,Healthy
1.0990260952972715,-0.2955569866962779,46423,Healthy
0.38698835744118704,-0.03209662437754821,46421,Medium
0.7778694237970615,0.9217191780432589,46417,Healthy
-3.7303753953612873,-2.0813001781854457,46413,Healthy
-0.018026749015086947,0.235604863681402,46412,Healthy
1.133922354130901,-0.11999050265361189,46397,Healthy
0.807470300036046,-1.0266203407432881,46384,Medium
0.3668618495155182,-0.2808316503948217,46361,Medium
0.3295674644543597,-0.035030509661204974,46343,Medium
0.3360609818740489,1.6592483525831054,46340,Medium
0.8267315024768759,-0.06909295925951031,46328,Medium
0.5044229518061578,-0.16006258860595396,46326,Medium
0.5239836592169514,-0.1420312481288531,46326,Medium
0.37017556504227833,1.2036712649870704,46323,Medium
0.2060419372634097,0.7797357245449361,46313,Medium
1.3114944241709399,-2.206065724924379,46311,Healthy
-4.685140906500742,-0.9053908678674908,46305,Healthy
-0.8445558055642483,1.4918722321667446,46300,Healthy
-3.3904541985974066,2.760134773202478,46300,Healthy
-3.3892815799344094,-2.741709287476349,46286,Low
0.6903097411687472,0.21615860214196908,46284,Healthy
-0.44478559162106585,0.31143070771257036,46274,Healthy
0.7429740439470177,0.42788858829902143,46260,Healthy
0.40313453283704526,0.08585069564100113,46258,Medium
-4.750844220645371,-0.29923522307094147,46253,Healthy
0.4451474713874438,-0.1622676733277983,46251,Healthy
0.2538917188906417,-0.22456188144635664,46243,Healthy
0.6094205731263901,0.5961034779345316,46231,Healthy
0.8930889303419127,-1.3447353243184443,46215,Medium
1.0287538810875998,-1.2299287056817072,46195,Medium
0.8264452774154392,0.3915725743539624,46174,Medium
-0.016781372906589882,0.23675286922960448,46173,Medium
0.39677240855457147,0.9413716017601967,46165,Medium
0.42694727919111186,-0.11427329918291035,46160,Medium
0.40738657178031823,-0.13230463966001121,46160,Medium
0.6916217650659244,-0.39366274907313836,46159,Medium
0.3435949534204524,1.1272712536387695,46150,Medium
-3.2032345349577813,0.9345134730011733,46144,Healthy
-4.993218252650711,-0.1980023846514067,46143,Healthy
0.5875943415309778,-1.4207491583548522,46138,Healthy
-1.06530842824716,1.401219464765463,46131,Healthy
-3.0185090306538256,-3.7640601574351633,46120,Low
0.4143043886566113,0.4209345092106827,46113,Healthy
-0.2898945173847765,0.3509975376358692,46111,Healthy
-5.135101636319206,0.4386315566638251,46096,Healthy
0.9992008966205632,-0.15470373931088277,46093,Healthy
0.5068979917132886,-0.3838149733595523,46088,Medium
0.8656234003095703,-0.7258237446827865,46087,Healthy
0.3428962862272747,-0.23356645247076516,46077,Healthy
0.5093016358255563,0.7898320797483754,46065,Healthy
0.5120115414203072,-0.5601717659438211,46048,Medium
0.4155695609566481,0.23383005216634623,46038,Medium
1.0629310787983477,0.6021516944477568,46020,Medium
-0.36813005920520814,1.804093826787225,46005,Medium
-0.016781372906589882,0.23675286922960448,46004,Medium
0.3080075798290312,0.006600188532705683,45993,Medium
0.32756828723982473,0.024631529009806547,45993,Medium
0.49826802653073066,0.31688151122903646,45993,Medium
-4.5102164897139145,-0.5448537659845049,45990,Healthy
0.6998640283195459,0.08478011316467936,45977,Medium
-4.507998700331435,-0.9219088174496358,45976,Healthy
0.8582550836123809,-1.6155136466969813,45972,Healthy
-0.8417098004314322,1.3255649857154925,45968,Healthy
-4.247027695491103,-1.306885656177216,45963,Low
-0.24117647601463102,1.8534879594655143,45961,Healthy
-0.16160911167253922,0.13887693692950334,45948,Healthy
1.1102230152789172,-0.32482694162409537,45927,Healthy
-4.708520125989414,-0.8834732601775478,45926,Healthy
0.2966314254098136,0.4177024320496159,45925,Medium
0.9220492496679688,-0.9711054695495728,45921,Healthy
0.6691163028081867,-0.616427345579311,45913,Healthy
0.51088098477761,1.0519094687945545,45904,Healthy
0.3919587744858106,-0.21118217050569618,45885,Medium
0.4270528481248119,0.20494261104380784,45881,Medium
1.3028934800049459,-0.09855624997237214,45859,Medium
1.0513701964755673,-1.1294356369570087,45839,Medium
0.25520351505825856,-0.22335264893558332,45835,Medium
0.8674919213047808,-0.5694040761608278,45833,Medium
0.8479146088792072,-0.5874507233785713,45833,Medium
0.26958761134730747,0.9884571840317382,45826,Medium
-4.890796581337254,-0.5575766848278896,45824,Healthy
1.3213034370853267,-0.5171478243866544,45813,Healthy
-0.426453590177589,0.9858531906868417,45812,Healthy
0.6076817031769398,-1.0487447231609284,45809,Healthy
0.028107001641345292,1.2192314701953229,45805,Medium
1.1791651226076247,0.03308377678545252,45804,Healthy
-4.24040802077744,-1.6433052243766146,45799,Low
-0.9003099550126721,0.9075955931096018,45776,Healthy
1.212618146918089,-0.36626096517825046,45764,Healthy
-4.508806349327241,-1.008345955167154,45760,Healthy
0.7921341055131655,-0.5971529582013969,45758,Healthy
-0.006120502123058463,0.3033915661060528,45753,Medium
0.38255411745928697,1.261454306008074,45744,Healthy
0.33615802974977615,-0.3770734192182481,45744,Healthy
0.014489573209874089,0.43027130497126365,45715,Medium
0.682836787336826,-1.14369467545736,45713,Medium
0.6179821354736386,0.5889029150161631,45690,Medium
0.9045350477099096,-0.126104387826111,45688,Medium
1.6133251655328356,-1.9450071705219447,45670,Medium
1.593764458122042,-1.9630385109990454,45670,Medium
0.25520351505825856,-0.22335264893558332,45665,Medium
-4.498866231184932,-1.5297613243275028,45652,Healthy
0.5482155463135813,-0.021962067709138788,45650,Medium
-0.3929339860614798,0.5832868339522402,45648,Healthy
1.1481959850964631,0.08777245282552161,45648,Medium
0.9463490487901302,-1.568513630453658,45647,Healthy
0.13397655435963404,1.7179336677661172,45647,Healthy
0.7311932647911518,0.14821211904750003,45644,Healthy
-4.955602357883294,-0.4569437914395931,45635,Low
-1.2653457119685372,2.261443952166716,45615,Healthy
1.1693130996904917,-0.15377589990584728,45604,Healthy
0.9379941239188382,-0.8534029800259124,45595,Healthy
-3.7588031043787753,-0.8112889682274247,45594,Healthy
0.6648965816776061,-0.51273333283443,45586,Medium
0.5139220804465183,0.883363052433807,45581,Healthy
0.7568742767458158,0.2141960004742651,45578,Medium
-0.1140821996888812,0.6420093918723502,45548,Medium
0.3272801808381503,-0.26169906399192744,45546,Medium
0.947377554422743,-0.976867114242568,45522,Medium
0.6217033721243339,0.5791360588797955,45521,Medium
0.9685911475998588,-1.1918998272773818,45501,Medium
0.9489806251447254,-1.2099770879764107,45501,Medium
0.3442412924244515,-0.23232660647870643,45499,Medium
0.4276183127086899,1.4144825105144219,45493,Healthy
-2.3514216112309043,3.1395137882805075,45490,Healthy
0.27603930333933446,1.3518590312127898,45486,Medium
1.7058917435119407,-1.5146570454789692,45482,Healthy
1.0530233771592732,-0.15415120720480047,45482,Medium
-0.8109228899232376,0.7700461702951429,45476,Healthy
1.128020437427534,-0.5164097798939677,45475,Healthy
-3.704589460026932,-2.4406239187239183,45474,Low
-0.842594595483151,1.7418529792535513,45457,Healthy
1.0585166637119774,0.17453013181286237,45447,Healthy
0.6042543445150776,-0.2932233657850563,45432,Healthy
-3.8886128331725636,-0.7018821135151357,45426,Healthy
0.9812322281511318,0.41408608861856333,45424,Healthy
0.628452818078381,-0.3129421708919232,45423,Medium
0.05913087444540626,0.4128902288338278,45415,Medium
-0.051707851774860106,0.8585151716212795,45388,Medium
0.1501546335930282,0.1738233095698896,45383,Medium
0.5238703497914192,0.1767218997193431,45365,Medium
0.5766093238334501,0.7953314323510825,45354,Medium
0.4166470511556487,0.1736108771179342,45341,Medium
0.3970697387300751,0.15556422990019067,45341,Medium
0.3442412924244515,-0.23232660647870643,45333,Medium
0.4544303022109418,0.6063321467047977,45323,Healthy
-0.992869424306007,0.30348007918358044,45323,Medium
1.1483740611807753,-0.06776163954315655,45323,Medium
2.5681466433098676,-2.6424534400762685,45319,Healthy
-1.342095741907003,2.138139538952809,45312,Healthy
1.1237561807234404,-0.48900178447977494,45312,Medium
0.8606293997454482,0.25086065828344367,45311,Healthy
-3.71339641687097,-2.5261348854432173,45310,Low
-0.5969870754767025,1.027851474030489,45294,Healthy
1.315533681861873,-0.25165948879254757,45290,Healthy
0.4368547835235413,1.0194544553129645,45261,Healthy
-3.944910469328357,-0.5110849907506106,45260,Healthy
0.27231151205838294,-0.21396714788672905,45259,Healthy
0.02779275861651513,0.5353616809306639,45257,Medium
0.004711049699133819,0.3354160800229395,45248,Medium
-0.06181486335016219,0.2454605636228083,45216,Medium
4.582247349668134,-10.779182277245512,45211,Medium
1.1079463805702596,-0.7901106962000336,45208,Medium
0.48917381043270497,0.8003044083338987,45185,Medium
0.8172971314990358,-0.5006248879088685,45180,Medium
0.7977364240882422,-0.5186562283859693,45180,Medium
0.6704613090053635,-0.6151874995872523,45170,Medium
0.0507038298402014,0.10856320624925085,45162,Medium
0.7413362703866897,0.42655666979692397,45160,Healthy
1.5169740784270658,-0.8196939084609183,45156,Medium
2.5931948958946136,-2.9696497940620783,45150,Healthy
0.9565892471084196,0.0663174885277274,45148,Healthy
0.8158069459143477,0.16897708991652696,45146,Medium
-4.167243387387115,-1.879180399402166,45144,Low
-1.230586837528071,1.6493379782254418,45143,Healthy
1.3245887116728667,-0.2725878830068522,45133,Medium
0.05458034405305444,-0.054802088335194184,45131,Healthy
-3.997630103357579,-0.3277084843838528,45096,Healthy
-0.07893239788136872,0.4499170501101955,45092,Healthy
0.27689624014829317,0.12809373503846394,45091,Medium
0.798315926939662,-0.9341539504790355,45090,Healthy
0.3632064045025081,-0.2862487246618773,45082,Medium
0.8545865053693914,-1.1466760545241692,45045,Medium
0.26957143219380214,-0.30922862001816165,45043,Medium
0.49797714966778506,-0.23546105991897898,45042,Medium
0.8181265230935423,0.8338986583801347,45028,Medium
0.4579360747548236,-0.5648366173055996,45007,Medium
0.4382591322405703,-0.5829751049671994,45007,Medium
0.6704613090053635,-0.6151874995872523,45007,Medium
0.2984759359971634,-0.39864381187121917,44999,Medium
0.5373269390075236,0.6125542489353579,44994,Healthy
1.0805464901990012,0.047630892875942445,44993,Medium
0.848154648427956,0.38660324637563226,44988,Healthy
2.2544227366130234,-2.28818631071929,44983,Healthy
-4.033863908043281,-1.9985530205237836,44980,Low
0.6100578515980523,0.5191834329166563,44980,Medium
-0.3076535789541004,0.2646822667427004,44977,Healthy
0.9658149355667545,-0.1285186802709597,44966,Medium
0.25367176817898196,1.0960153978877192,44964,Healthy
-4.069337766056295,0.11401254660141448,44939,Healthy
0.1805752545734404,0.5782256917662821,44931,Medium
-0.12059329214602402,1.0762685057268706,44930,Healthy
0.8525827581764444,0.3089259395064983,44929,Healthy
0.49149181021474536,-0.49836932536824313,44916,Medium
0.43316302242612587,0.0010553217732189731,44888,Medium
0.6786837269517764,-0.10060950637050989,44885,Medium
0.3297335146021593,-0.034877442254777964,44880,Medium
1.056299923236854,0.13690102215888944,44865,Medium
0.0064548082381190785,1.6625778609992765,44859,Medium
-0.013222134276134258,1.6444393733376768,44859,Medium
0.3375196409617329,-0.3758182664855466,44837,Medium
-0.7267402461856503,1.2611699785378157,44835,Medium
0.5418383411345689,0.7591900998034848,44831,Healthy
1.1717954984692316,-0.14895004553852398,44828,Healthy
0.9372819376549987,-0.023169617908494748,44824,Medium
0.8384133640394404,0.42751901960636196,44820,Medium
-1.0637834513311597,1.8185061765337651,44816,Healthy
-4.180936923890952,-1.847148767418341,44814,Low
2.364453965568221,-2.775409585972769,44811,Healthy
1.0432013346493545,-0.10881941370514804,44803,Medium
0.38404089557927734,0.8780371595168304,44798,Healthy
-4.056505322359747,-0.34172681604795635,44773,Healthy
0.9077981362713666,-0.74192991007025,44768,Medium
0.3924732036330756,1.075154299775594,44765,Healthy
0.23331656581284196,0.14490893775891192,44763,Healthy
0.2107513641434601,-0.17585190932344452,44747,Medium
0.6095133616321371,0.016544915054794856,44728,Medium
-0.18276265291575114,0.571130541582203,44721,Medium
-0.016615322758790303,0.23690593663603154,44711,Medium
0.776409175784242,1.0424285849587651,44711,Medium
0.40614609539098956,0.7522827178409486,44683,Medium
0.4258230379052429,0.7704212055025482,44683,Medium
0.4390820712835154,1.0662129103297417,44671,Medium
-1.7119946027844306,2.8272658896044334,44670,Medium
0.3375196409617329,-0.3758182664855466,44668,Medium
0.8307970592833606,0.1116871020149912,44662,Healthy
0.44620459258438006,0.9221080571570511,44657,Medium
1.064089667943502,-0.23371193314097308,44654,Medium
0.8678916146795311,-0.6710742464913729,44646,Medium
-0.19038953128075486,-0.23978970800748498,44644,Healthy
-3.665941871167333,-3.1218404407298266,44640,Low
1.8598444532015694,-1.9485746847502403,44639,Healthy
0.013686094074339504,1.7420398299326265,44637,Healthy
-3.4395724579926803,-1.074444894331237,44613,Healthy
0.5161123261323985,0.7162142446687831,44599,Healthy
0.44783432275361296,-0.2266083132608012,44597,Healthy
0.6350201592516098,-0.7575939512310557,44595,Medium
0.6172253569727664,-0.12237478917907883,44593,Medium
0.8014340383587264,-0.3018133994938279,44571,Medium
0.6499211245735448,1.248309034195329,44557,Medium
0.26443487146913036,-0.48389187458286115,44549,Medium
0.2553695652060582,-0.22319958152915637,44542,Medium
-0.4332045005681033,1.1975431981759994,44515,Medium
1.2143795652417049,-0.386871925278216,44511,Medium
1.1947026227274515,-0.4050104129398157,44511,Medium
0.8113540870543443,0.14401532961280106,44504,Medium
0.7582192829429926,0.21543584646632374,44502,Medium
0.6533933964282463,0.5493721117830899,44499,Healthy
0.5106872130850192,0.655558417838455,44490,Medium
0.8974034064533245,0.1816959206931798,44488,Medium
0.8633221459316199,-0.8203011675929887,44486,Medium
-0.28698863246559975,0.21250488492661485,44478,Healthy
-3.560335663357816,-2.903971481098938,44474,Low
0.265609038592638,1.2231022297424679,44473,Healthy
2.1961883575980004,-2.3585764367157616,44469,Healthy
-3.467239637858082,-1.430779183407014,44445,Healthy
1.2681788771837645,-0.08749432079326563,44442,Healthy
0.5169763429798081,-0.1484906926800726,44432,Medium
0.636586391691022,-0.6933643676837564,44428,Healthy
0.5824435035786583,-0.09452804377553137,44426,Medium
0.48466282538407707,0.218516145819514,44414,Medium
0.8290889319006393,0.8043532594761428,44400,Medium
-0.5609089706630115,1.1895245368159646,44383,Medium
0.3443575275279112,-0.23221945929420754,44375,Medium
-1.451177644132829,2.8165371286936725,44357,Medium
0.6930903211831337,0.48929461685204206,44341,Medium
1.0141137470683768,-0.11573844978669222,44339,Medium
1.03385710964175,-0.09753873516252169,44338,Medium
0.7582192829429926,0.21543584646632374,44335,Medium
1.0509055677747472,0.05937548320218165,44330,Medium
0.7252159264668899,-0.5857168807662047,44326,Medium
0.45716951553303514,1.0586498948560181,44325,Medium
0.8133051659710788,-0.3238651813188514,44323,Healthy
1.148454688299874,-0.11485546580345334,44313,Healthy
-4.130931911933408,-1.759446056213111,44312,Low
-0.7375637404429936,0.9558870452700132,44311,Healthy
2.3849902415797493,-2.8252865709167887,44297,Healthy
-3.562633993177454,-0.8761839717654019,44286,Healthy
0.4571150867544349,0.966726262899924,44279,Healthy
0.4199067529244085,-0.12076335721541526,44266,Medium
0.6886569202314805,-0.6166343911112325,44263,Medium
1.101350582885559,-1.3153031168233251,44262,Healthy
0.38746469151107166,0.29823124163410286,44257,Medium
1.142683285509582,0.13308082427690754,44240,Medium
-0.08452661121444147,0.5388819500861756,44219,Medium
0.6705775441088232,-0.6150803524027534,44212,Medium
-1.0437896130046895,1.806050092259147,44194,Medium
1.2880970102686229,-0.3482608241791726,44181,Medium
0.060492485657363086,0.4141453815665292,44172,Medium
1.7058730290293505,-1.0737766493063827,44169,Medium
1.6861462714707574,-1.0919610571899105,44169,Medium
0.787598220264691,-0.8464241891609207,44163,Medium
0.5718074338540403,-0.2758820511087452,44162,Medium
0.8199792422319768,-0.004182345564052593,44161,Medium
1.2100745776793416,-0.5113199123386023,44157,Healthy
0.8200819120859719,0.4341932238407513,44153,Healthy
-0.25318539622058917,0.4468518529711113,44151,Healthy
-3.7004466294341563,-2.8785126143727036,44142,Low
2.6644454848775805,-2.988073485563488,44131,Healthy
-3.7761221708059196,-0.9319317695590855,44118,Healthy
1.0423005545329573,-0.32304873688359953,44110,Healthy
0.5196228199746533,0.0765426950643303,44100,Medium
0.32052776097312147,0.01814147097730164,44099,Medium
1.3361965201734447,-1.8441368504891023,44092,Healthy
0.4027415360661428,-0.5995170794182976,44091,Medium
1.1878022922534999,-0.08562908572465497,44077,Medium
-0.2363267747374826,0.33081462402405726,44047,Medium
0.3376192710504127,-0.3757264260416905,44043,Medium
-0.70763717448346,1.3462256041872793,44033,Medium
0.6402542386072559,0.1939277091418596,44012,Medium
0.060492485657363086,0.4141453815665292,44009,Medium
1.4498015774763247,-1.7976532671728025,44003,Medium
0.7152480650321319,0.7406859075596194,44003,Medium
0.6955213074735386,0.7225014996760916,44003,Medium
0.24323393341333213,0.11246927259968707,43996,Medium
0.3676679880009521,1.1812397721611054,43993,Healthy
0.8228400200915279,0.12797186362817814,43991,Healthy
0.3056511640873246,0.6848166963890437,43988,Medium
-3.1584226686663626,-3.478390550467218,43978,Low
-0.6997552494931557,0.4375275987520049,43976,Healthy
2.7116980283538963,-3.2125951130076453,43961,Healthy
-3.7111108954241425,-1.0399007589262625,43950,Healthy
0.27389821398404135,1.4174906164573524,43949,Healthy
0.8965577239731763,-0.6988201245115229,43940,Medium
0.8604347900232975,-0.5759094409339753,43939,Medium
0.6512024587329939,-0.4134932965795408,43929,Healthy
1.0628611715897185,-1.5448885197656568,43921,Medium
0.638183797637494,0.9575388722795509,43917,Medium
-0.07705092788349097,0.5193788512947256,43884,Medium
0.7583355180464523,0.21554299365082263,43876,Medium
-0.09220563847522402,1.9973559634885538,43873,Medium
0.4625832798845941,0.8984281589366262,43851,Medium
0.006056055896310631,0.3366559260149982,43843,Medium
0.3425665600308383,-0.1164885796714884,43840,Medium
0.9968165924745465,0.12186160044072508,43831,Healthy
1.637305107615566,-1.11474090366985,43831,Medium
1.6176281651013127,-1.1328793913314497,43831,Medium
0.5653306879717539,-0.4215669608031526,43829,Medium
0.36027444713297235,0.8815137019414463,43826,Healthy
-3.655856546324803,-2.3520897162605614,43821,Low
0.4537956284078613,0.5834064028357777,43819,Medium
-0.19269377454238346,0.18970186272424655,43813,Healthy
2.599112591312096,-2.8805787730900523,43795,Healthy
0.7492122923462691,0.6126079589293508,43789,Healthy
-3.5405898997094374,-1.0919401952074994,43786,Healthy
1.6062348242217923,-1.9515431487763777,43776,Medium
0.9982540661761415,-1.1626128491069105,43773,Medium
0.8354199100671446,0.12139962888116787,43755,Medium
0.47957644663121335,-0.7322403163134734,43754,Healthy
0.9169481973828981,-0.10481983155202623,43744,Medium
0.11376825772719623,0.0467498524666048,43718,Medium
0.06060872076082279,0.41425252875102814,43713,Medium
-0.3711736884980032,2.3161477645938255,43709,Medium
0.6651014982117697,0.6097474472854003,43691,Medium
0.006056055896310631,0.3366559260149982,43677,Medium
1.191851261187684,-1.5305951071157662,43677,Medium
0.43511777784670436,1.2635359276406708,43667,Medium
0.45484453540529757,1.2817203355241986,43667,Medium
1.2421792069005626,-0.5899466550947702,43664,Healthy
0.4337715184494483,0.9107656076300219,43663,Healthy
-0.4765132674256542,1.1496190911757358,43660,Medium
-3.978001646670123,-1.9496028455728305,43653,Low
0.3991671335510031,0.8224479762327619,43653,Medium
0.27072215808723293,0.8996874058191754,43646,Healthy
0.972744500102877,0.5368922529168094,43635,Healthy
2.5557411240253787,-2.66815493478022,43632,Healthy
-3.753226218107786,-0.7772534373100081,43622,Healthy
0.9584435909187528,-1.168805494339182,43607,Medium
0.9614343862296958,-1.1984970324943856,43607,Medium
0.3240215676744907,-0.026857941655386304,43587,Healthy
1.269226870149487,-0.9011933347541495,43584,Medium
1.1002505462213055,0.18273942754269612,43584,Medium
0.11320219123742448,0.1006530304906257,43552,Medium
0.006172290999770336,0.3367630731994971,43547,Medium
-0.15988939801469243,1.9499497207281695,43546,Medium
0.6213591721431773,0.3976958685696462,43525,Medium
0.1706731348897055,0.3077192657613589,43517,Medium
0.3645514106996849,-0.28500887866981856,43510,Medium
1.2241004418344164,-0.2502531380902688,43503,Healthy
0.8061127593563899,0.2752920437390223,43501,Healthy
-0.47928507597927916,1.473910256759524,43497,Medium
-3.9126812062602383,-1.8471282666011022,43489,Low
0.8803271203130957,-0.19605019625688083,43489,Medium
0.8606501777988423,-0.21418868391848053,43489,Medium
0.6693132054082254,0.3660068460445298,43487,Medium
0.27523356021427836,1.0463232566873022,43483,Healthy
1.174282340304584,-0.5474966504785366,43466,Healthy
2.4284629073383317,-2.6186771925481502,43466,Healthy
-3.429290647441738,-1.3149540586898034,43458,Healthy
0.4095401048298256,0.1670595921228585,43447,Medium
-0.04175889935360525,0.6694851623675885,43443,Medium
-1.270273360818678,2.953976193249985,43432,Medium
0.7869967578057417,-0.6450863825960712,43424,Healthy
1.0743333721172945,0.08730171386649298,43421,Medium
0.18197211487853063,-0.2295666429883589,43383,Medium
0.36466764580314465,-0.28490173148531966,43381,Medium
0.1133226261027443,1.3275226309313937,43380,Medium
0.8612468023244122,-0.03704077507310174,43359,Medium
1.2445642273336412,-1.768639819117103,43350,Medium
0.3645514106996849,-0.28500887866981856,43344,Medium
1.136483614298638,-0.11929943143921189,43341,Healthy
0.5572591548481223,0.5516266422502502,43336,Healthy
-0.2186821098190315,0.5630869316127012,43324,Medium
-3.714497945506425,-2.284760455377769,43323,Low
1.7363479198080058,-0.9905714814207406,43323,Medium
1.7166709772937525,-1.0087099690823402,43323,Medium
0.48132341991557426,0.6723132916807558,43320,Medium
0.7664412312615787,-0.06491920105606079,43314,Healthy
0.9531706909353483,0.2735924630777252,43307,Healthy
-0.24439215588389235,0.3006568608667905,43300,Healthy
0.29945365196743506,1.0963058383790572,43298,Medium
2.6174930918857324,-3.087595883177387,43296,Healthy
-3.3604564643529566,-1.4325369141423154,43295,Healthy
-3.87226341073362,-1.7684409935682395,43294,Healthy
0.8101569751436527,-0.5072067863852295,43287,Medium
0.36466838589726297,-0.7825719289502208,43259,Medium
0.5157907583004312,-0.34541516647697,43258,Healthy
1.4612981675333703,-0.5523572691649239,43257,Medium
1.0148085492319352,-0.0034357135697915173,43216,Medium
0.4929530515153819,-0.4970223321916855,43215,Medium
0.1129880293823618,-0.16430575343182602,43213,Medium
0.6199297528449537,0.5090445847435355,43195,Medium
1.2707402941470523,-1.5149886625541176,43190,Medium
1.3945160730502497,-0.7055867605073574,43178,Healthy
0.49285342142670213,-0.49711417263554175,43178,Medium
-0.0075555101484889135,1.6309190542424439,43173,Healthy
-3.5892228917377267,-2.5954866733334065,43155,Low
1.4728873658053838,-0.7100361570284527,43153,Medium
1.4532104232911305,-0.7281746446900524,43153,Medium
0.5975536926537818,-0.7686030845191576,43152,Medium
0.9272439931035279,-0.22043347307464828,43151,Medium
0.4787855376257331,1.2026149855718515,43147,Healthy
1.0895700314364962,-0.7590378361809933,43142,Healthy
0.3316824597038852,0.2770704701947094,43138,Medium
-1.4902603840365263,2.658792852604595,43137,Healthy
-3.9305016677602955,-0.3940530296441703,43133,Healthy
2.6044464863341226,-2.896815304450468,43130,Healthy
-3.5125527984870843,-2.766413298349397,43126,Healthy
0.45072949834032067,-0.5714797427445315,43114,Medium
-0.5425236117638933,1.3596910655502048,43099,Medium
0.9898112804509507,-0.9880374793359542,43095,Healthy
0.8776232795153959,0.2561118204707917,43091,Medium
-0.6452827220910292,2.057164023828644,43052,Medium
0.18766704690550715,1.19646261114363,43050,Medium
0.21221260544409662,-0.1745049161468869,43045,Medium
0.4308913167210266,0.9754181253612118,43035,Medium
0.5982372833461277,-0.6998306281513083,43024,Medium
0.7521967328999496,0.3538380881273492,43015,Healthy
0.49285342142670213,-0.49711417263554175,43012,Low
0.5155750175683819,0.7601871823101659,43010,Healthy
0.8417596694373579,0.521820333942743,42994,Medium
1.424644340180386,-0.32793135765183545,42990,Medium
1.4050172127104728,-0.34602392509150703,42990,Medium
-0.430643640040284,2.8005375072036927,42986,Healthy
-3.8414798578754388,-2.289553098234357,42985,Low
1.4552381252823168,-0.7383506690398167,42981,Healthy
-0.03157541094385265,1.0153113577636161,42981,Medium
0.4540510757653399,-0.9313314488180766,42980,Medium
-0.18467300794671898,0.6485396731580819,42976,Healthy
-3.8840414503717744,-0.5624017730289202,42969,Healthy
-0.07960898336641684,1.5832430242481617,42965,Medium
2.5701804408209217,-2.865726475573896,42964,Healthy
-3.5734100681210017,-2.774421002297945,42956,Healthy
0.953236238124326,-0.6345905973276289,42938,Healthy
0.9774479037459317,0.5392137929953138,42934,Medium
0.28426816189180404,0.8518457797126966,42924,Medium
-0.1073700558833705,2.138160548153422,42893,Medium
0.6187530183325227,-0.12096656903995044,42891,Medium
0.4813964678808878,0.06105349362220563,42889,Medium
-5.915319452022168,-3.4394641010373608,42867,Medium
0.9828603716182707,-0.3926071155643797,42866,Medium
1.1903552555704344,-0.5197880916418842,42848,Healthy
0.2120963703406369,-0.1746120633313858,42842,Low
0.433088453889103,0.4326191950841431,42837,Healthy
0.9403647952343288,-0.2532301326690314,42825,Medium
1.3699297948093416,-0.4032581769970846,42824,Medium
1.350302667339428,-0.4213507444367563,42824,Medium
-0.7029154508706882,2.8815976823053586,42823,Healthy
-3.5572086565560026,-2.3574293970900264,42823,Low
0.2289527841910316,0.37045933339417436,42821,Medium
0.7741001815784306,0.6827096322656951,42820,Healthy
0.3758949775558168,-0.2725047834851929,42810,Medium
-0.4578853377569016,0.7912085247996518,42810,Healthy
-3.6234940845282018,-1.2086335213179276,42801,Healthy
-3.6129644129730503,-2.306973532993704,42794,Healthy
3.0745005605607685,-4.007235749640724,42791,Healthy
0.33980906134504696,0.6911322889733613,42789,Medium
1.2220887537698402,-0.9287713828468437,42784,Healthy
0.7435496223409132,0.47879722843621164,42768,Medium
0.42182117804884667,1.19938130880653,42761,Medium
0.3199850149079917,0.9724431315759001,42726,Medium
0.5839545599236347,-0.09313513037704563,42725,Medium
0.41356947381729636,0.01599349060042123,42722,Medium
1.8082973644767693,-1.1647022288586102,42709,Medium
0.7341332534751844,-0.9312707241168058,42701,Medium
1.0777698185286344,-0.18777175172429092,42685,Healthy
0.741508582651214,0.4103881385609768,42674,Healthy
0.2120963703406369,-0.1746120633313858,42673,Low
-3.8630808375603016,-1.759976365992826,42664,Low
0.36429344170174455,1.0443805608313539,42660,Healthy
0.2429430574896315,0.28157916479154255,42658,Medium
1.268963254128071,-0.6440959929077392,42658,Medium
0.7537326598704928,0.5780978341988393,42657,Medium
0.7733597873404062,0.5961904016385109,42657,Medium
1.339354385417198,-0.45319940455375574,42657,Healthy
-1.7183984653746,2.906094945308825,42644,Healthy
1.0377870091278985,-1.2216018387720784,42644,Medium
-3.9441380202541954,-0.6787360301411788,42633,Healthy
0.7244897937804912,0.3252245410441897,42628,Healthy
-3.8169015390207615,-2.3855522239724425,42624,Healthy
1.3930488807722279,-1.5121106888280644,42624,Healthy
1.128365588681509,-0.4661608418074029,42617,Medium
0.05185954689970933,1.8652083543018037,42614,Medium
0.7780902529479403,0.15689016833243985,42588,Medium
0.661679317479501,0.5512951482730848,42563,Medium
0.690167976576457,-0.6152414777127468,42562,Medium
0.9994907045213103,0.03959401833453233,42553,Medium
1.9854644751897053,-1.6027238322100599,42549,Medium
0.37031915160746237,-0.18870456413533568,42538,Medium
1.0145891076779574,-0.08601230034563033,42522,Healthy
0.618636783229063,-0.12107371622444933,42519,Low
0.26561301139523247,1.005855051345645,42508,Healthy
0.7096517969140121,0.9301803538730042,42506,Healthy
-3.503320410269426,-2.7579027505520557,42496,Low
1.0880074445201873,-0.04281788128155469,42493,Healthy
1.4427965401883702,-0.5327399113109607,42491,Medium
1.4231694127184569,-0.5508324787506323,42491,Medium
0.562199134913205,-0.4029715244699832,42491,Medium
1.131889080279837,-0.569594107803048,42489,Medium
0.4246525040412865,0.2422028392979032,42487,Medium
-1.3929659939122154,2.4699426438311116,42480,Healthy
-4.170359128662333,0.19748680029847585,42476,Healthy
2.5335695705789245,-2.351918821213149,42471,Healthy
-0.03860593798413622,2.1023436915662614,42459,Medium
-3.739962930356844,-2.3117814825909346,42458,Healthy
0.6607999267230755,-0.600267579705762,42457,Healthy
0.9477933180372142,-0.1768735719136367,42445,Medium
0.10628341122539989,1.2912956051411553,42416,Medium
1.0368086153999576,-0.22037266984452714,42397,Medium
0.4042525924111192,-0.5981241660198119,42389,Medium
0.3692683724618408,1.2288497591085095,42387,Medium
0.6859731757049549,0.23591820037178649,42383,Medium
1.0165361729621407,-1.2602118951637244,42374,Medium
0.618636783229063,-0.12107371622444933,42365,Low
1.1537191211826574,-0.4832241389060679,42356,Healthy
0.5771402483308975,0.3404555605515754,42339,Healthy
0.5984758430226232,0.3567825736818396,42336,Healthy
0.4360693711503305,0.21325417121279405,42330,Medium
1.301049529110682,-0.1959699389073417,42328,Medium
1.3206766565805956,-0.17787737146767013,42328,Medium
0.9370949159507316,0.11818493116857953,42326,Healthy
-3.5641444698737836,-2.7658798410193186,42326,Low
0.38371058595696855,-0.11954189224073987,42325,Medium
1.1989508673201124,-0.6834513483160335,42320,Medium
-0.623990409574061,1.199776569690966,42317,Healthy
-4.187814187284164,-0.290096775569923,42308,Healthy
-3.5241927731177043,-2.3683766036173055,42299,Healthy
0.3959825284435565,0.7589250400511508,42292,Medium
0.591679376447776,-0.4830672380585293,42291,Healthy
3.267079957817789,-5.17733453002833,42282,Healthy
1.6198092374248148,-1.1531114860574978,42275,Medium
1.2263557896657378,0.1598212810307114,42259,Medium
-2.275303840798077,4.141563466647047,42241,Medium
0.2768367146531123,1.6694290767135636,42227,Medium
1.0643722279346948,-1.5434956063671712,42220,Medium
1.077088809482367,-0.41547136472931884,42216,Medium
1.1034570186107155,-1.26335882852361,42214,Medium
0.583838324820175,-0.09324227756154457,42199,Low
0.9423088799699146,-0.28019207728453155,42186,Healthy
0.37937968944951456,1.0055579667807724,42173,Healthy
0.05952858994158673,-0.2366982463257265,42173,Healthy
0.7284858837372392,0.7646500713626323,42165,Medium
0.02352270125017263,0.4385981718808925,42164,Medium
-3.6036323946667124,-2.2983711447525064,42164,Low
0.3756741338686666,1.0293746675678759,42160,Healthy
2.0803264644633614,-1.7417129678899912,42159,Medium
2.060699336993448,-1.7598055353296629,42159,Medium
1.0830923699737447,-1.3402439263561123,42157,Medium
-0.8009846780917832,1.4816432231869645,42154,Healthy
-3.3259069905418723,-1.3115456496774751,42148,Healthy
-3.9261056659474303,-1.799032527531504,42137,Healthy
0.014751098345554013,0.4663789750537511,42125,Healthy
1.0191967424640715,-0.3056271967834331,42125,Medium
1.3188693042778021,-0.5103545164505653,42119,Healthy
0.629184273427596,0.6613510708085043,42109,Medium
1.1311997867433279,-0.08208707225896805,42093,Medium
-1.9385850645616396,2.9876250269550693,42073,Medium
1.2402780353019915,-1.3382126139522947,42057,Medium
1.7398374265899186,-1.2081044860491394,42057,Medium
0.6664966035475277,0.43930871704801644,42054,Medium
0.8369475714269009,0.12280784902029632,42054,Medium
0.583838324820175,-0.09324227756154457,42032,Low
1.2943277945837484,-0.5677835535085498,42023,Healthy
0.2654883456162037,-0.48086012228401986,42010,Healthy
0.8703092448868228,-0.1035218547563091,42004,Healthy
1.445609786652115,-0.29423208252615346,42003,Healthy
-0.1050490716485826,0.6503362587819792,41997,Medium
0.5805418379507625,0.5469994926964649,41996,Medium
-3.8075363106848634,-2.3769192222499593,41994,Low
1.8171766591821084,-1.3028571307818162,41989,Medium
1.7975993467565348,-1.3209037779995598,41989,Medium
-0.811166055609985,1.3457404763695673,41987,Healthy
0.2813955119131437,-0.46953629504310684,41984,Medium
-3.980452434596537,-0.6467727937941007,41980,Healthy
0.9608795375142505,-0.4985019369470708,41971,Healthy
-3.740904096882869,-3.29779116434583,41959,Healthy
1.2291812317169606,-0.5606142885995573,41959,Medium
0.44628763429811696,0.9599636466008724,41956,Healthy
1.55124131601103,-1.194075740420965,41937,Medium
1.2019159852927148,-0.41695295627458523,41923,Medium
-1.485082627242596,2.6062746346267627,41914,Medium
0.03253417673948105,2.168011763960971,41905,Medium
0.9299073449778202,0.42223015690283416,41891,Medium
0.7087247025597235,0.2331337775147236,41891,Medium
1.2707379264944634,-0.8998004213556638,41882,Medium
0.6900517414729973,-0.6153486248972457,41869,Low
-3.7984292811281897,-2.521564222517327,41868,Healthy
1.629586812879057,-1.1320406830129262,41860,Healthy
-0.04778474522167167,0.13362739129628254,41849,Healthy
0.40944416008411705,1.263691022131087,41843,Healthy
0.5652422506803924,0.7024722457090462,41840,Healthy
-0.042724538778901436,0.8667961183089804,41837,Medium
0.8690526879777702,0.20283164839457735,41829,Medium
-3.7305977020209458,-2.3031484808684515,41828,Low
-1.7279861130266125,2.864057772652403,41824,Healthy
2.016518481329788,-1.5434083249312607,41823,Medium
2.036095793755362,-1.5253616777135173,41823,Medium
0.7450834761375587,-0.7685020268372433,41821,Medium
1.0932091305767841,-1.6224073070054663,41814,Healthy
0.9503071676598579,0.04745645784873836,41805,Healthy
0.48145829984196753,1.1327768333412542,41802,Medium
0.37149352041168576,1.141621358834338,41798,Healthy
0.8288842621112705,0.17132257296272885,41789,Healthy
0.36878074380076165,1.2023854987730838,41773,Medium
0.8939833554984021,0.24104122486235946,41757,Medium
-1.4942175147409662,2.5228803838918172,41753,Medium
1.0327019656631837,-0.14908823250452313,41738,Medium
0.764272759559205,0.9918627747945571,41734,Medium
-1.310822806911342,2.916597132600511,41731,Medium
0.43270274503280776,0.43789437784279445,41720,Medium
0.6900517414729973,-0.6153486248972457,41706,Low
0.951659634590372,0.27219954967923954,41705,Healthy
1.3203689803112904,-0.3143160004778824,41703,Healthy
-3.747201550894679,-2.4579740350746424,41696,Healthy
0.9511567952123593,0.6659451087615689,41689,Healthy
-0.12174621197161013,0.15843165368276058,41685,Healthy
-0.04691002383406355,2.006148601835007,41683,Healthy
-3.5147611247226864,-2.3596823749322517,41668,Low
-0.05288136539854339,0.25369559008858095,41665,Medium
1.6583135402705516,-0.5896869326613251,41663,Medium
1.638736227844978,-0.6077335798790686,41663,Medium
1.282815217013704,-0.5016709329556902,41663,Medium
-1.4392831979037988,2.203358899402,41658,Healthy
0.43482493882229606,-0.26792333746439445,41658,Medium
0.7116362968036006,-0.9963937851009766,41647,Healthy
1.1147370865224162,0.09193398447146386,41641,Healthy
-0.19150694578097505,1.789415444755216,41635,Medium
0.8093270610307196,0.13149567533555087,41635,Healthy
0.4992953210688463,0.7197716051338966,41623,Healthy
0.7943131437528997,-0.2753391127860678,41595,Medium
-1.7288854237819076,2.9972754356772615,41594,Medium
0.6882342611821068,0.5912475678624889,41591,Medium
1.1821565912102083,-0.4127435639861638,41572,Medium
-0.039110051157290174,2.0397556863465325,41569,Medium
0.5328509891648567,0.7697549095581893,41565,Medium
0.32411893980459905,-0.8199509895996946,41558,Medium
0.4775235565024562,1.2014516732830063,41544,Healthy
0.40415296232243947,-0.598216006463668,41534,Low
1.5474109979211474,-1.3012881575230617,41534,Healthy
-3.877275164454472,-2.3282902680225925,41530,Healthy
1.112087030797194,-0.053098033764087976,41526,Healthy
-0.7573285235466758,0.8204477411718233,41518,Healthy
-0.06588636231507164,1.5225813916229518,41516,Healthy
-3.916590992478513,-1.7902617651432366,41507,Low
0.7860039906343675,0.6203658558009733,41503,Medium
1.8529805920412772,-1.074444334105056,41500,Medium
1.8334530946600434,-1.0924450611008714,41500,Medium
-0.7085784513205329,1.462458668739624,41497,Healthy
0.278488325130641,-0.3010089002930316,41493,Medium
0.44791048748389717,-0.5643144446162732,41489,Medium
-0.5934671848788393,2.8893989321794264,41478,Medium
1.1454930719302832,-2.0189408285143657,41475,Healthy
0.838302405764015,-0.8691224471607683,41471,Healthy
0.8216005136752336,0.2590109412175068,41469,Healthy
-0.19023245502307679,0.580636276611849,41454,Healthy
-1.6095834194673915,2.701959494508911,41432,Medium
0.9165233535643752,0.49952192758962366,41431,Medium
1.65033394324781,-1.0698603979499275,41429,Medium
1.2091062184851895,-0.002705007159326488,41415,Medium
1.3811817324206255,0.219305583444543,41412,Medium
-0.583122872900897,1.322266084678803,41398,Medium
0.8803271203130957,-0.19605019625688083,41386,Medium
1.45395953914426,-0.7395292880693046,41378,Healthy
-3.946944038814226,-2.031932087431358,41364,Healthy
1.0086074296075804,-1.5495939162336485,41364,Healthy
0.40415296232243947,-0.598216006463668,41361,Low
1.1055002604203445,-0.1964060902386101,41360,Healthy
-0.6687883516435056,0.8654993382224686,41355,Healthy
-0.570291888199011,2.135629352009083,41343,Healthy
0.937344778557157,-0.17759327499603278,41332,Medium
1.7686696566577078,-1.1857570355495788,41332,Medium
1.7491919743208142,-1.203711842323466,41332,Medium
0.33861719750943825,-0.02668833601093341,41329,Medium
-3.7314060284287316,-3.2890357086982056,41329,Low
-0.4099549929668292,0.5108102720611465,41328,Healthy
0.3530970397324576,-0.04469835387203428,41325,Medium
-0.25502139171333793,1.0022442495159367,41318,Medium
0.6640123200992379,-0.7723923547724885,41312,Healthy
0.7761951397447979,0.4773383374137901,41306,Healthy
0.3421786893320623,0.09493334911751332,41305,Healthy
0.0625091386957792,0.43210261863158034,41291,Healthy
-1.3456999316373928,2.364792238548723,41273,Medium
0.5243311871240949,0.9941262718809555,41268,Medium
1.3868733892451877,-0.7893250735576397,41259,Medium
1.2702659636369211,-1.2581094846575225,41258,Medium
0.3364581045864738,1.9045840631632034,41254,Medium
0.24371871579914028,0.8144667190632228,41223,Medium
1.7363479198080058,-0.9905714814207406,41220,Medium
0.7728382004551536,0.6815463199768499,41218,Healthy
0.6261530453216974,1.0443306660606726,41203,Healthy
-3.9419682412537176,-1.9393524046382848,41200,Healthy
-0.8730705860890007,1.7909627488098854,41195,Healthy
1.2550051150903792,-2.1071927144522165,41192,Healthy
1.0642559928312352,-1.54360275355167,41192,Low
0.9100072023516722,0.37980765779654324,41186,Healthy
0.1206849200842334,2.104224836733988,41174,Medium
0.016289192162620942,2.007991358313332,41174,Medium
0.09622573331335141,2.0816780077672905,41174,Medium
0.40888801369615707,1.176092138761699,41168,Low
-0.7747679304214873,1.4134894472459947,41165,Healthy
0.44308552597413386,0.016017124155637368,41161,Medium
-0.007731639851511379,0.24509504287987616,41160,Medium
0.8740570705770909,-1.3041311487453535,41156,Medium
0.22586215086700678,0.09870398172582663,41152,Healthy
1.0282711540570069,-0.09352340812642566,41140,Healthy
0.7395092527038027,-0.8883516014974661,41133,Healthy
0.7019629451199253,-0.7803971426140158,41124,Healthy
-1.299287368681767,1.9838219838781435,41108,Medium
0.5888138076247339,0.7275766325623594,41101,Medium
1.2011454133616217,-1.1409091430102898,41101,Medium
1.33868017866453,-0.4071743539590943,41096,Medium
0.6395198296378269,-0.38887855398649845,41094,Medium
0.38127173195618297,1.162002248157056,41059,Medium
1.3380924042939213,-0.454362716842601,41054,Healthy
1.4728873658053838,-0.7100361570284527,41051,Medium
1.0578762837159816,0.027595340089877896,41039,Healthy
-0.45502467971340793,2.142529777361227,41037,Healthy
-3.7187014769179694,-2.7040891843123,41028,Healthy
-0.6111872221444881,0.45778897189498957,41026,Healthy
1.0642559928312352,-1.54360275355167,41023,Low
-0.4213094843254137,2.190606536075063,41019,Healthy
1.1521315798068876,0.12640476439882467,41010,Low
0.9934069830204391,-0.9211801135334939,41008,Medium
1.0114898441158162,-0.9045110729735935,41008,Medium
0.9509147501985198,-0.9603500628381637,41008,Medium
-0.5429488616901579,0.8609491833645871,40999,Healthy
-0.12108455720263606,0.5107364106595091,40995,Medium
0.2641868280542173,-0.21507170224788247,40991,Medium
0.749836860266478,-0.9434262779781829,40990,Medium
0.26403382346836585,-0.421680417688073,40982,Healthy
0.3987228172335604,0.11332260551143618,40969,Healthy
0.32476975623054793,0.7981628864429948,40967,Healthy
0.4223835233068649,0.1229983974608635,40967,Healthy
-1.4667109551636683,2.5571649099687503,40948,Medium
1.129015557299682,0.13137839118544337,40941,Medium
0.5446121334028725,-0.20548816233161654,40941,Medium
0.24660694322060264,0.2636761693019299,40934,Medium
1.2839656332934855,-0.4825011733043435,40930,Medium
1.0867288583821302,-0.043996500311042595,40890,Healthy
1.424644340180386,-0.32793135765183545,40887,Medium
0.7375408068552765,0.11951110768296606,40887,Medium
0.8297079183989167,0.8577363561033556,40885,Healthy
0.7600037932046612,-0.01880442734179641,40880,Healthy
-3.994723630015545,-1.8465393223646367,40864,Healthy
0.06932002496116524,1.6639984307825924,40859,Healthy
-0.7415313910917495,0.6732526737356027,40857,Healthy
0.8368313363234412,0.12270070183579743,40856,Low
1.3758010018690365,-0.10380738390585573,40848,Medium
1.2713554589030844,-0.2000867825484399,40848,Medium
1.3513418150981547,-0.1263542128725532,40848,Medium
0.8756968990484864,-0.8346516672334076,40841,Low
-0.5269673340961846,1.6202419237251986,40838,Medium
-0.920234480724637,1.348378277334405,40829,Healthy
0.3531415803465104,-0.22412219349421916,40824,Medium
0.9970413162404068,-1.3446070624516135,40824,Medium
0.7707468299243788,-1.3586037610805182,40811,Healthy
1.1687470522029906,-1.3169105636101597,40803,Healthy
0.6429688320566022,0.5397118199028711,40801,Healthy
0.8249053216226812,-1.298132064685849,40795,Healthy
-1.647589365395784,2.950300470562631,40791,Medium
0.3296855705555723,0.4282186295375887,40780,Medium
0.16016541246528074,0.2699802902329019,40778,Medium
0.8981058367716915,0.06783586915985174,40772,Medium
0.68739562582455,0.516947405331252,40764,Medium
0.832933710198034,0.6894194634968546,40728,Healthy
0.9358329348274546,0.11702161887973433,40724,Healthy
1.3699297948093416,-0.4032581769970846,40721,Medium
0.06573396513273613,1.2539165444916813,40715,Medium
1.8909200115263267,-2.39431780162978,40714,Healthy
-3.813933832086994,-2.3644004967325465,40696,Healthy
0.8368313363234412,0.12270070183579743,40690,Low
0.40960800922615903,-0.7810061663757707,40690,Healthy
0.10084471773545142,1.0027287483359841,40687,Healthy
1.8191424085173538,-1.1492465474668703,40682,Medium
1.7146968655514014,-1.2455259461094546,40682,Medium
1.7946832217464717,-1.1717933764335677,40682,Medium
0.3795731826165336,0.1294041290448742,40675,Low
-1.0214270246377701,1.9681911951290079,40669,Healthy
-0.36498844788007373,0.7411316862180914,40668,Medium
0.6793449919126424,-0.6069983933434077,40661,Medium
0.8051289929520715,-1.028778591173909,40657,Medium
-0.5886451410779654,0.5970555551303,40644,Healthy
0.5274265476396265,-0.4175987301788315,40634,Healthy
1.1596640754972722,-0.47412919823096805,40632,Healthy
0.853276185744769,-0.2806404935051599,40627,Medium
-1.1977961839115294,1.9539088954233959,40625,Medium
-0.2175380299378737,0.5395632925068529,40625,Healthy
0.742567896535094,-1.0174155462998935,40611,Medium
0.38371133856791945,0.7567736841503773,40599,Medium
1.356832378672514,-0.6119829076182195,40597,Medium
0.7620241588594482,0.8103301133429713,40571,Healthy
0.3744121527453896,1.0282113552790306,40558,Healthy
1.185822948587854,0.1224575271218802,40558,Medium
0.7733597873404062,0.5961904016385109,40555,Medium
2.3549582966921894,-2.960022439747371,40550,Healthy
-4.114805358939479,-1.6718073260900699,40533,Healthy
0.46761162384334964,-0.7120874465733598,40526,Healthy
0.5778221521242792,0.5107280385201844,40520,Healthy
1.2706216913910038,-0.8999075685401627,40519,Low
2.309392228997339,-2.080949364415673,40518,Medium
2.3893785851924094,-2.0072167947397865,40518,Medium
2.4138377719632915,-1.984669965773089,40518,Medium
-0.903475559962625,2.0742741650462317,40508,Medium
-0.598169049048706,1.7695319040206448,40503,Healthy
0.776903745988274,-0.8538808215701053,40502,Low
0.34640332386901185,-0.3676291602417021,40492,Medium
0.8907642282727183,-1.3468782680084224,40488,Medium
0.337599278790459,0.05156416354483077,40481,Healthy
0.2523232744844117,0.36883821320667887,40470,Healthy
0.7168137887692797,-0.5795617869663825,40464,Medium
-1.4628423943928088,2.501963192585667,40462,Medium
0.6967304488338354,0.14160001292008417,40459,Healthy
0.9731072898016203,-1.243874297430076,40459,Healthy
0.8889233597923447,-1.1151155316542756,40444,Medium
1.2347124950647395,-0.257120367774929,40434,Medium
0.5318724079032362,0.6553786973377539,40430,Medium
1.7240244196516579,-1.4979420846971405,40426,Healthy
1.136363291303555,-0.11774041177913497,40408,Healthy
1.444347805528838,-0.2953953948149986,40401,Healthy
1.090650340650664,-0.11946613290844188,40391,Medium
1.4427965401883702,-0.5327399113109607,40389,Medium
1.6199215059928147,-1.8843560072228063,40385,Healthy
-3.9214070067891558,-1.99174392611258,40369,Healthy
0.9722704507886752,0.3354534718243956,40355,Medium
0.9967296375595572,0.35800030079109296,40355,Medium
0.892284094593605,0.2617209021485088,40355,Medium
0.4642348540552569,0.688565534602136,40354,Healthy
0.5585211191819719,-1.4679561012363926,40351,Healthy
1.2706216913910038,-0.8999075685401627,40347,Low
-0.8991176873758684,1.9571472715651874,40345,Medium
0.4361173105180317,0.14779338543879705,40339,Low
-0.5092016198563313,0.8052150963374093,40336,Healthy
0.7671195708650514,0.22364025945081106,40326,Medium
0.5096868393511128,-0.5623147096337991,40322,Medium
0.5741844020972909,-0.4810257985417582,40315,Healthy
0.58195071547266,0.48902560937223366,40307,Healthy
1.3357801546976016,-1.5293639835398072,40304,Medium
0.3788543333757185,-0.10233820257268433,40296,Healthy
-1.475847844031079,2.2155612966502263,40292,Medium
0.8951030148514051,-0.033633848686334754,40290,Healthy
0.5889452531657807,-0.31808971957929033,40284,Medium
1.9943623029475048,-1.82095596419725,40265,Medium
0.47724391304637787,0.8944202707347382,40264,Medium
2.586279319449585,-2.6257384792944403,40263,Healthy
0.6119113253433841,0.5983994890309366,40242,Healthy
0.40818217896084,1.2625277098422418,40241,Healthy
1.3206766565805956,-0.17787737146767013,40226,Medium
0.815078540412382,0.7156599856631584,40225,Healthy
1.1613665392000512,-0.45433201692405906,40222,Medium
-3.6556847028515307,-2.3325755700497237,40207,Healthy
-1.2695095301388,2.9546803033195492,40195,Low
1.1917328715611406,-0.12632866662543094,40189,Medium
1.0872873285951885,-0.22260806526801505,40189,Medium
1.1672736847902587,-0.1488754955921283,40189,Medium
0.34171915568458366,0.8849698784191493,40188,Healthy
-0.5423685451325007,2.547339830174325,40186,Medium
0.6622018611490722,-1.19443738131592,40185,Healthy
1.206091730443122,-1.282485703904727,40173,Low
-1.3763639059079105,2.263053224353915,40170,Healthy
0.06932635352030214,0.42228856758844574,40163,Medium
0.4271115907749873,-0.1787778005650999,40159,Medium
1.4613484043631095,-1.6700473237028806,40155,Healthy
0.8787531574292271,-0.9291062761386129,40141,Medium
0.4073424224428399,0.1432467598975685,40139,Healthy
0.6576441889392729,-0.6357758788226812,40138,Healthy
-1.1566578785018686,2.2742103030503693,40135,Medium
0.5911888143927418,-0.3262782902417704,40124,Medium
0.33130379045651004,0.8855608548431233,40121,Healthy
0.7473733798888202,0.43796383380586335,40098,Medium
1.731262312710592,-1.3820542068671469,40096,Medium
2.6112777569899905,-2.9529807535021777,40093,Healthy
0.9498782090743023,0.664766489732081,40087,Healthy
0.5118089930573304,0.7921433975854232,40076,Healthy
0.5159521238668022,0.9941215052347183,40061,Healthy
2.0803264644633614,-1.7417129678899912,40056,Medium
0.8534339094057384,0.20366216421288555,40056,Medium
-4.302736975949537,-1.3679848035028337,40043,Healthy
-1.2695095301388,2.9546803033195492,40043,Low
1.2266728499192425,0.2623807487870258,40032,Medium
1.1222771219976302,0.1661472703663697,40032,Medium
1.2022634781927004,0.23987984004225651,40032,Medium
-0.07648671755365968,1.7640001823556684,40026,Medium
0.9897583881321084,-0.1902171473268378,40021,Healthy
1.0062912110481914,-1.6235750250082546,40021,Healthy
-1.2744642191203166,2.0630691643296264,40004,Healthy
0.5648210409240978,-0.3831279502514706,40003,Low
0.01490652877402964,0.34481441877755736,39996,Medium
0.737929781917768,-0.6230847287685364,39992,Healthy
0.6804622702232915,-1.1458835393692661,39986,Medium
-0.5523346490101734,1.4135485248579254,39981,Medium
0.6395198296378269,-0.38887855398649845,39981,Medium
1.0220714372834898,-0.7956684856324252,39977,Healthy
1.0300363325484605,-1.345918654628386,39973,Healthy
0.7148113318772847,-0.6852336520892239,39961,Medium
1.2477851597395,-0.6422193095818219,39951,Healthy
0.5593503843666093,0.7442396659608039,39931,Medium
1.9501814472838455,-1.604558753798848,39929,Medium
2.2725055977084003,-2.2715172701593893,39927,Healthy
1.1108250496739172,-0.05426134605293323,39924,Healthy
0.5133717369946041,1.0542054798909595,39916,Healthy
-0.5427535554821361,1.4223805142087633,39907,Healthy
-0.49607685893566683,1.4654077621553936,39907,Healthy
-0.47125236183962577,1.4882913394162303,39907,Healthy
-0.47752905742645085,1.4825053914532897,39907,Healthy
0.2648334835354433,1.4022944720787096,39898,Healthy
0.6476848150894431,0.5538685072130151,39889,Medium
1.8171766591821084,-1.3028571307818162,39887,Medium
-3.724025787749109,-2.5362620658894603,39875,Healthy
0.36543221657714114,-0.7818678188806565,39871,Low
1.4619723628981462,-0.5851619567741911,39866,Low
1.357576634976534,-0.6813954351948471,39866,Medium
1.4375629911716044,-0.6076628655189603,39866,Medium
-0.29409830878623733,1.9846510771927015,39863,Medium
0.10305662316031833,1.4208264852921666,39858,Healthy
0.47740465742597815,-1.0564784417674804,39852,Healthy
-1.1103832339871644,2.081891203570939,39843,Healthy
0.2897177677688831,0.4033089931340397,39840,Low
0.37338527856262393,-0.2768656926479021,39830,Medium
0.16067357316121397,0.3284782003280976,39828,Healthy
-0.511600414883958,1.0458412175089935,39820,Medium
0.3248890587098359,-0.2639032346444763,39820,Medium
0.24660694322060264,0.2636761693019299,39820,Medium
0.6870294425370211,-0.5504569216068393,39811,Healthy
0.7691383400706948,-0.9127062381711303,39807,Healthy
0.8735917338796984,-0.6552194612886891,39804,Medium
1.1992640185045103,-0.257951873998923,39788,Healthy
1.5723991937990351,-0.6688840087466558,39769,Medium
1.0052543525397828,-0.14852240553524285,39762,Medium
1.1042382792970675,-0.19756940252745536,39757,Healthy
0.38509468472062086,1.2637962373264073,39756,Healthy
2.382586641707938,-2.7586946251909406,39755,Healthy
-0.5020193213559208,1.0546732068598315,39747,Healthy
-0.4553426248094515,1.0977004548064617,39747,Healthy
-0.4305181277134104,1.1205840320672986,39747,Healthy
-0.4368446383445754,1.1147521638824298,39747,Healthy
0.6624176116186159,0.8940446666604508,39738,Healthy
0.8760403275308312,0.46220409390272066,39729,Medium
2.036095793755362,-1.5253616777135173,39721,Medium
-3.311612415241559,-2.8139127257128953,39716,Healthy
1.4937935485114076,-0.3448043610141388,39706,Low
1.3893480055454552,-0.441083759656723,39706,Medium
1.4693841767848654,-0.3673052697589081,39706,Medium
-0.19938220259063405,1.9624141723279307,39703,Medium
0.36543221657714114,-0.7818678188806565,39699,Low
0.567130278967185,0.6425768695919594,39695,Healthy
0.8955715895346807,-1.297676459990716,39692,Healthy
-1.0717161165342273,1.7200568406271728,39677,Healthy
0.6197935441561901,0.5239096712969473,39677,Low
0.6574852070950248,-0.3188753435558389,39668,Healthy
0.3296855705555723,0.4282186295375887,39667,Medium
0.5016872892896412,-0.4889709866136252,39664,Medium
0.14778011647949388,0.1716344456579834,39657,Medium
-0.7124939789585701,1.0658987572608118,39654,Medium
1.2920660230400633,-1.252308526093618,39651,Healthy
0.668767686125622,-0.1484268077517471,39650,Medium
0.4152447814338627,-0.46108960161773505,39638,Healthy
1.0636343100504504,-0.18505888784940464,39622,Medium
1.7671160606141008,-1.1535954899684586,39606,Medium
0.9197700288736129,0.5937314014821484,39605,Medium
0.6248412491540805,1.0431214335498993,39600,Healthy
0.5164792527226323,0.8857202904927829,39592,Healthy
1.8779273142969466,-1.9319056441903397,39582,Healthy
-0.7029460954600928,1.0747001331303645,39580,Healthy
-0.6562860039284035,1.117712074336352,39580,Healthy
-0.6314615068323624,1.1405956515971887,39580,Healthy
-0.6377880174635274,1.1347637834123199,39580,Healthy
0.12321510508507805,1.8048131377067158,39578,Healthy
0.4837817410314309,0.9567472112314817,39566,Medium
1.6583135402705516,-0.5896869326613251,39561,Medium
-4.064166057706249,-2.1712840399918982,39543,Healthy
0.9850422259995641,-0.07632561424530439,39539,Medium
1.0650783972389744,-0.0025471243474895697,39539,Medium
1.0894877689655162,0.019953784397279774,39539,Low
0.16140448504440152,1.0690428831263514,39537,Medium
0.39777593795967575,0.10984290050563485,39535,Low
0.5688342139889421,0.6387288780826855,39532,Healthy
-0.11495732767168398,-0.38547507768240696,39516,Healthy
0.13580749821058233,0.5477177861503479,39508,Healthy
-0.4991642576114536,0.6190833868966048,39508,Healthy
0.6950884972680842,-0.6012591786733922,39507,Low
0.742567896535094,-1.0174155462998935,39497,Medium
0.22094684321835592,-0.1664535705688266,39494,Medium
0.5923625769395855,-0.10421887661022335,39491,Healthy
-0.7638391923136284,1.2996670437256674,39491,Medium
0.6745427928120765,0.5157237375575002,39487,Medium
4.579872832554599,-10.781371141157418,39484,Medium
0.3905131824866364,-0.45284697266685986,39468,Healthy
0.3855193904792352,0.6434233208376234,39450,Medium
1.6828549402748714,-1.2648622711910533,39438,Medium
1.0565644875483649,0.02638610757910458,39437,Healthy
1.0183917596853636,-0.1813037583889833,39436,Medium
0.9838226104568056,0.41647394015882455,39435,Healthy
0.7332006353095866,0.7704205700110976,39418,Healthy
-0.754307913829931,1.3084531128545773,39417,Healthy
-0.7076312172834617,1.3514803608012076,39417,Healthy
-0.6828067201874206,1.3743639380620443,39417,Healthy
-0.6891332308185856,1.3685320698771755,39417,Healthy
2.2142712186933773,-2.341907396155861,39413,Healthy
0.54826436153207,0.6901975719128856,39400,Medium
1.8529805920412772,-1.074444334105056,39397,Medium
0.030007775346772975,0.5039001034754328,39377,Medium
1.0179006272600326,0.21950588678832034,39376,Medium
1.0423099989865745,0.24200679553308962,39376,Low
0.9378644560206224,0.14572739689050546,39376,Medium
-3.6574620634462245,-2.648277957038873,39375,Healthy
-0.8329383624462305,2.1476167101158032,39372,Low
0.21308956016354205,0.40476080717544677,39368,Medium
0.6471391147972348,-1.0534798066000195,39353,Healthy
-0.20139298924930782,1.0647582886178375,39348,Healthy
1.059515745612301,-0.7611517854831362,39347,Low
-1.1345528686339752,1.9801674182030058,39344,Healthy
0.6274208360476622,-0.1129764504244609,39340,Medium
0.7963304467126658,-0.29279221924150356,39333,Healthy
0.8889233597923447,-1.1151155316542756,39331,Medium
-0.4990767286610443,0.8543415313934442,39328,Medium
0.6757014679379155,0.3532797893561648,39321,Medium
0.8522119882558571,-1.1488649184360753,39318,Medium
0.07740602215274553,0.37443034899094807,39305,Healthy
-0.5795747184502502,2.1668749805986796,39283,Medium
0.8284293322608597,0.8565577370738677,39283,Healthy
0.5877646792481496,0.4586215133677978,39280,Medium
0.4394617708439951,1.0218576135938684,39272,Healthy
1.346973613564326,-0.5721849253683338,39269,Medium
0.08413468524353371,1.6888682951692395,39255,Healthy
-0.4895454501773469,0.8631276005223539,39254,Healthy
-0.4428687536308776,0.9061548484689842,39254,Healthy
-0.41804425653483657,0.9290384257298209,39254,Healthy
-0.4243707671660015,0.9232065575449522,39254,Healthy
2.4030232876307864,-2.808663450578816,39241,Healthy
1.0884661112070182,0.09399933053596954,39240,Medium
1.7686696566577078,-1.1857570355495788,39229,Medium
1.2542828817496336,-0.37504588919068627,39213,Medium
1.3343688680333838,-0.3012214790709433,39213,Medium
1.3587782397599257,-0.27872057032617403,39213,Low
-4.412663144956358,-1.2025663833979157,39212,Healthy
0.12619183886812738,0.05352339360811973,39210,Medium
0.9120942192998236,-0.902184858880147,39202,Medium
0.4932300454549033,-0.4993592898079861,39200,Low
0.7106228997109378,-1.1599164307152372,39190,Healthy
0.45430866362700545,-0.0296411625581766,39188,Healthy
-0.7789117705399428,1.5222647099578803,39184,Healthy
0.7245235659101723,-0.5158943012356224,39181,Low
0.5926389826535541,-0.08512970502091344,39174,Medium
0.5889452531657807,-0.31808971957929033,39171,Medium
-0.10646681444511802,0.20138898755909396,39164,Medium
1.13766183638608,-1.61562870771355,39161,Healthy
0.43078850531259155,-0.001133542138687174,39161,Medium
1.2215649414274938,-0.25619670608304174,39160,Medium
0.23792561017410527,0.4006883113706709,39148,Healthy
0.831671729074757,0.6882561512080094,39126,Healthy
-0.07687739804426813,0.6016550492121517,39114,Medium
0.5929801963373588,0.4472916784981855,39111,Medium
-0.07629220053135496,0.4523508218723848,39103,Healthy
1.2098662296865321,-0.49771365374492793,39100,Medium
0.8708856065019296,0.5352701658467163,39095,Healthy
-0.09693553596142063,0.21017505668800385,39090,Healthy
-0.050258839414951344,0.253202304634634,39090,Healthy
-0.025434342318910168,0.2760858818954708,39090,Healthy
-0.03176085295007524,0.270254013710602,39090,Healthy
2.6824785309286177,-2.971450365225516,39075,Healthy
-0.6614374413154561,2.0914127492301677,39075,Medium
0.8576062057233677,0.03050272873230602,39070,Medium
0.1636242793671601,0.5424042508432796,39053,Medium
1.698650331238589,-0.696188858911391,39053,Low
1.5942047882726367,-0.7924682575539752,39053,Medium
1.6742907745563869,-0.7186438474342322,39053,Medium
-3.827959854031055,-1.527820308798867,39046,Healthy
0.38916361437736186,-0.03009144135335449,39034,Low
0.8226308879815031,-0.14860229289723983,39032,Medium
0.8309488470007564,-0.8028566526683906,39025,Healthy
1.3295601464132143,-1.217745905722401,39020,Low
-0.29062780170139074,0.2604312626526177,39015,Healthy
0.7947857851338076,-2.056762208854835,39011,Medium
0.6987859792472565,-0.6072972793191854,39011,Medium
0.5911888143927418,-0.3262782902417704,39011,Medium
-0.23684419342193935,0.4168220759184218,39001,Medium
1.4119327119586076,-0.6226923240796246,39000,Medium
0.5061459481149027,-0.2641126222705559,38995,Healthy
-0.18515377504406552,0.5689263709296543,38995,Medium
0.4460994588788191,-0.37989407988734164,38982,Healthy
0.8050311471395462,0.8499745716075648,38969,Healthy
-0.006287423921760443,0.48033127207947046,38945,Medium
0.8552229555264581,0.31135971126868767,38940,Healthy
0.4544283470653907,0.523371849076764,38938,Medium
0.225987099811993,1.4420026156758126,38932,Healthy
1.2769114117120273,-0.6115862009985561,38931,Medium
-0.22731291493824196,0.42560814504733163,38927,Healthy
-0.18063621839177266,0.46863539299396184,38927,Healthy
-0.15581172129573148,0.4915189702547986,38927,Healthy
-0.16213823192689655,0.4856871020699298,38927,Healthy
2.7297310744049335,-3.195971992669673,38905,Healthy
-0.15878993595381385,0.5261468976217117,38905,Medium
0.3432283125343755,0.7194558504634743,38898,Medium
0.2607194817601128,0.2503149430890205,38896,Low
2.2071351887627317,-1.6913225740564122,38890,Low
2.1026896457967794,-1.7876019726989962,38890,Medium
2.18272581703619,-1.7138234828011814,38890,Low
-3.631653228281787,-2.607661439048282,38880,Healthy
0.4053097897732201,0.08785587866519486,38870,Low
-0.16515592789979083,1.9253900478737276,38868,Medium
0.6298567003127366,-0.06965625623900625,38860,Low
0.6881631342935522,-0.7151224337233371,38859,Healthy
-0.9087199156404692,1.5795485090471508,38851,Healthy
0.7148113318772847,-0.6852336520892239,38848,Medium
0.902339249852252,-1.792811434797769,38842,Medium
-0.6098980212308641,1.1800871063599498,38841,Medium
0.41293701514103875,-0.5901187406636796,38839,Medium
0.36020322584142894,1.290913611316671,38836,Medium
0.30521122812695073,0.233127392143622,38831,Healthy
0.26206035435559605,-0.48608073849476724,38822,Medium
0.0767486790125481,0.4257118433001945,38820,Healthy
1.1350514951359383,-0.11894964428990829,38806,Healthy
0.3951300059978693,1.077603378278426,38777,Healthy
-0.7809329836510712,1.761230450270346,38776,Medium
1.1610529143656598,-1.268378779038635,38768,Medium
0.2734947700659735,0.2212055336542872,38768,Healthy
-0.6003501377323868,1.1888884822295025,38767,Healthy
-0.5536900462006974,1.23190042343549,38767,Healthy
-0.5288655491046562,1.254784000696327,38767,Healthy
-0.535241874780161,1.24890621228953,38767,Healthy
0.2610383483533213,0.8407786058283563,38766,Medium
2.6171290323483536,-2.8639709594927223,38739,Healthy
-0.08815014678696628,0.4048690407109585,38736,Medium
0.51487921776038,-0.3264044401157181,38736,Low
0.9946445606761258,0.46343246236873137,38730,Low
0.8901990177101735,0.3671530637261472,38730,Low
0.9702351889495837,0.4409315536239621,38730,Low
0.49137277685491215,0.6180455569102082,38729,Medium
-4.399660618896647,-1.2355313397839742,38716,Healthy
-0.6830641687824599,2.8343852972884935,38705,Medium
0.8338743851301569,-0.25818367864835845,38703,Low
0.5091230636938033,-0.3817638701134305,38701,Low
0.8735917338796984,-0.6552194612886891,38691,Medium
-0.7837177914300321,1.3727011952729136,38688,Healthy
0.4164616899366635,-0.5740012540743693,38686,Healthy
2.8498057296755164,0.587122688082009,38679,Medium
0.2607934701635218,-0.576999185899211,38676,Medium
-0.8836333722314711,1.3271118438953688,38674,Medium
1.0730566506646142,-1.535490181011039,38669,Medium
0.7074495853068177,-0.6055160470178368,38665,Healthy
0.9081967537814967,0.4785564043394458,38664,Healthy
-0.5632834877765459,1.1873356729040583,38656,Medium
0.6105497141314273,0.5971443362982352,38640,Healthy
0.43811079389781094,1.392705734477462,38611,Healthy
0.5187525234824123,0.7186480164309724,38610,Healthy
-0.6811004135367553,1.5671193346512229,38606,Low
-0.8741519087921136,1.3358519928023507,38600,Healthy
-0.8274752122456442,1.378879240748981,38600,Healthy
-0.8026507151496031,1.4017628180098176,38600,Healthy
-0.809027040825108,1.3958850296030207,38600,Healthy
0.8706351615550917,-0.02862193700021105,38597,Medium
0.359322846275499,-0.39770176120691497,38595,Medium
2.573823985120756,-2.651485894220319,38576,Healthy
0.7723120140652149,0.08568509463721533,38570,Low
-0.862795706516277,1.6857682189018341,38567,Medium
1.0161667674779866,0.00016212126724632315,38566,Low
1.0962527537617368,0.07398653138698938,38566,Low
1.120662125488279,0.09648744013175867,38566,Low
0.43674428199805393,0.8570871303071924,38562,Medium
0.005182992042528051,1.9762323864735718,38548,Medium
-2.928545962135247,-3.9785066630185106,38546,Healthy
0.2988066823459884,0.4197076150738096,38538,Low
0.668767686125622,-0.1484268077517471,38537,Medium
1.175155959759231,-1.581066087342333,38531,Low
0.3472418177374408,0.28636816975324714,38529,Healthy
-1.1027734503195457,1.738191012315006,38522,Healthy
1.4869257670506741,-0.8597631934183904,38516,Medium
-0.41708017997364805,0.7014627865569162,38511,Medium
0.8416360344849021,-1.5385125746645307,38509,Medium
0.5704535721195965,0.8356059194546654,38504,Healthy
0.8456153891420404,0.1307979676357858,38503,Medium
0.5780710419169324,-0.5501959738618871,38496,Healthy
-0.08695094337231576,0.5366471659523413,38493,Medium
0.5104307768305937,0.790872938112079,38473,Healthy
1.270885494592898,-0.08499932206850552,38453,Healthy
0.8308200300376604,-0.003415891537271565,38439,Healthy
0.7838954151794595,0.26248310275385234,38437,Low
-0.40759871653429053,0.710202935463898,38437,Healthy
-0.36092201998782114,0.7532301834105283,38437,Healthy
-0.33609752289177997,0.776113760671365,38437,Healthy
-0.3424738485672849,0.7702359722645681,38437,Healthy
0.44072588267712726,0.9818885442414241,38434,Medium
0.8229942054851339,-0.696682799741694,38432,Medium
2.4465955834780484,-2.6019622317663216,38410,Healthy
0.46665557860924045,0.8959738540338485,38410,Low
1.1112974380416927,0.03766316712604061,38403,Low
1.135656994723895,0.060118155648881726,38403,Low
1.0312114517579427,-0.03616124299370244,38403,Low
-0.7629631364019612,1.491657103282711,38398,Medium
0.7068737488404964,0.4006306933783176,38396,Medium
0.39650729593052614,1.0083270991645936,38384,Medium
-3.4889592494993757,-2.750201546938304,38382,Healthy
0.6745427928120765,0.5157237375575002,38373,Medium
-0.003895430142543659,0.3054426693521747,38366,Low
0.5436400714880538,-0.22955000189933883,38364,Low
0.17563241065044014,-0.03236354324004281,38360,Healthy
0.029904652472938408,-0.16243985810865097,38356,Healthy
-0.45424466354981696,1.0592043274965195,38354,Medium
0.9666910595109593,-0.15529264771543633,38350,Medium
0.5751902493720079,0.6657413548555623,38341,Healthy
0.7735143197965387,-1.581425248220676,38340,Medium
1.2794223492243828,-0.8917949959995317,38331,Medium
0.18714788078980024,0.2593458071634297,38329,Healthy
-0.2387511068953569,0.3285798398902231,38320,Medium
0.5120101257826474,1.052950327158258,38313,Healthy
-0.1738612404463734,4.126361040879567,38313,Healthy
0.45987151920790836,0.9692671818466122,38290,Healthy
-0.44476320011045944,1.0679444764035013,38280,Healthy
-0.3980865035639902,1.1109717243501316,38280,Healthy
-0.3733118215122889,1.1338093813890402,38280,Healthy
-0.37963833214345394,1.1279775132041714,38280,Healthy
0.5127854832142112,-0.19605819014691703,38269,Medium
0.033056407835155746,1.3785533414570401,38265,Low
0.5422048956385066,0.3573831469696211,38261,Medium
1.4065045060219306,-0.005120938480326603,38249,Low
1.4309636927928127,0.01742589048637075,38249,Low
1.3264683347825204,-0.07889942837814148,38249,Low
2.6356257680254496,-3.070880922395559,38240,Healthy
-0.04838789398639861,1.1625988882050697,38237,Low
0.5188009382739455,0.7068606053113301,38230,Medium
0.7020326923142536,0.18702087138534046,38228,Medium
-4.100461707712811,-1.73186474442256,38223,Medium
-3.8761605970576296,-2.110879157490239,38218,Healthy
0.6757014679379155,0.3532797893561648,38207,Medium
0.3427053515001018,0.26769001251483904,38201,Low
0.6671216536581208,-0.5106822295883082,38199,Low
-0.27941181379608504,0.4662970756518921,38191,Medium
0.5393608695584503,-0.6146148510910194,38190,Healthy
0.11638821928051847,-0.5901234354566939,38183,Healthy
2.5024213639834167,0.6525124044256964,38183,Medium
-1.281199460543892,2.9439043579070883,38180,Medium
0.9623833453537358,0.023873815395935673,38178,Healthy
0.9046736126731842,-1.6430007795870705,38174,Medium
0.7255821853040471,1.8958637926472999,38173,Healthy
0.48382924336405225,-0.15940673956322984,38166,Healthy
-0.07949186505614522,0.5171287604202487,38157,Medium
0.3837330735086641,1.262541084593706,38153,Healthy
1.045040381971651,-0.320523124677554,38121,Healthy
-0.2699303503567275,0.4750372245588739,38117,Healthy
-0.22325365381025816,0.5180644725055041,38117,Healthy
-0.1984789717585569,0.5409021295444129,38117,Healthy
-0.20480548238972196,0.535070261359544,38117,Healthy
0.5258212168314724,-0.49249521752072406,38099,Medium
0.313640715558543,1.0290659669568218,38095,Medium
0.45522024368244196,0.6506814364112518,38092,Low
1.5087191759710739,-0.7056767180635646,38083,Low
1.4042736330051215,-0.8019561167061486,38083,Low
1.4843098042445317,-0.7281776268083339,38083,Low
2.6225791624738397,-2.8801003436686394,38074,Healthy
0.2421900727138875,0.8125580994980166,38068,Low
0.964721511461899,-0.18588615944407402,38061,Medium
-0.18830130876025347,1.9767256004713694,38059,Medium
-0.048756499985710175,1.3031370303104564,38056,Medium
-4.536396924959034,-1.217799069557573,38050,Healthy
1.2215649414274938,-0.25619670608304174,38047,Medium
0.6306778900588957,-0.31089106764580143,38036,Low
0.7449935237243087,-0.5709075064246917,38035,Low
-1.0517729276105316,1.9020359821140174,38030,Medium
1.094313159806765,-1.4054416627041284,38024,Healthy
0.3273622578747783,1.4638525987309159,38024,Medium
1.5436425110627723,-0.0796555421910701,38021,Healthy
-0.8805626808062381,1.5078833351802583,38020,Healthy
1.3846339742483262,-2.3010639827146266,38010,Medium
0.5485431192418698,0.41147816073305143,38008,Medium
0.3537422861720489,-0.7926437642931174,38007,Medium
0.17732706703730752,0.28180949328384786,38000,Healthy
0.11134392556932204,0.04451506833277064,37991,Medium
0.5151010364958956,0.8844498310194387,37990,Healthy
0.2766546464375148,1.4200315354040407,37961,Healthy
-1.0422748591563942,1.9107914377616417,37956,Healthy
-0.9956147676247048,1.9538033789676292,37956,Healthy
-0.9708400855730036,1.9766410360065378,37956,Healthy
-0.9772164112485084,1.9707632475997412,37956,Healthy
0.3935966707807816,-0.007365213444488575,37936,Medium
1.3980291658794919,-0.623248661177747,37926,Low
0.5922520455100367,0.01863140847530208,37918,Medium
1.3244174170995582,-0.4091677420449916,37917,Low
1.2199220590892659,-0.5054930609095039,37917,Low
1.299958230328676,-0.43171457101168903,37917,Low
0.4928399988609052,1.1470951673259162,37914,Low
2.588313116960639,-2.849011514792067,37908,Healthy
0.8792205827809491,0.5563523408326746,37904,Medium
0.15934943825065814,1.5401520336406245,37899,Medium
1.4119327119586076,-0.6226923240796246,37887,Medium
0.3733575208172362,0.5752192050427399,37884,Medium
-4.480625375518459,-1.3050691884646923,37882,Healthy
0.030034435611809893,0.5374280909174285,37870,Low
-0.994741031987809,1.6524749050565957,37867,Medium
0.30014896186515094,1.5320702603839387,37867,Medium
0.6156149803344234,-0.515587433268742,37865,Low
0.8008919234994294,0.8613992215506331,37863,Healthy
0.6377982124047488,-0.6466186120921581,37858,Healthy
-0.48558699988350423,0.5254776576094252,37853,Healthy
1.321158542772877,-2.1971572018703274,37847,Medium
0.9124915277492888,0.09305082419381676,37845,Medium
0.3847243963426266,0.09781180236047247,37844,Medium
0.9824609992448489,0.41521878742612317,37833,Healthy
0.25211769456549143,0.14880105430340623,37833,Healthy
0.11077785907955029,0.09841824635679143,37826,Medium
0.7519521197849626,0.6151335711353964,37801,Healthy
-0.9852595685484515,1.6612150539635775,37793,Healthy
-0.9385828720019822,1.7042423019102078,37793,Healthy
-0.9138081899502809,1.7270799589491164,37793,Healthy
-0.9201845156257858,1.7212021705423195,37793,Healthy
0.9519677999246662,-1.2323119216498042,37767,Medium
0.0784465669693416,1.8533166441146156,37760,Low
1.5316815747815875,-0.8465001864807645,37760,Low
0.2289806914529262,1.3084797282313774,37754,Medium
1.27302238870016,-0.1754453758020641,37754,Low
1.1685768457342076,-0.2717247744446483,37754,Low
1.2486130169736178,-0.19794628454683338,37754,Low
0.13725517185365152,1.4351004538790866,37736,Medium
3.092583421656146,-3.9905667090808232,37735,Healthy
0.9778423135926999,-0.21868281903845713,37734,Medium
0.36020322584142894,1.290913611316671,37723,Medium
1.1741233586824433,0.14525928159876678,37721,Healthy
1.316166443014286,-0.698710892546259,37717,Medium
-3.2508097737412607,-1.4214075160735806,37714,Healthy
-0.7341460117113412,1.218864668053418,37704,Medium
0.27917112717314774,0.1301907585065138,37704,Low
1.1728610056588855,-0.2053080958336619,37704,Medium
0.2247416342516311,0.2940002679785029,37699,Low
0.1820975470448749,1.3826456399947642,37695,Healthy
0.9236754933412615,0.013493965313484364,37692,Healthy
0.6714027788354826,0.6369276275822442,37685,Medium
-0.37972714371318017,0.37140251755066966,37683,Healthy
-0.8459899040632796,2.1355856119706407,37681,Medium
0.7858596090656791,-0.11330855187206866,37679,Healthy
0.597208645088575,-1.4118865555227287,37675,Medium
0.4380835546172584,1.0205871541205243,37670,Healthy
0.17954778272065633,-0.23180142712219307,37656,Medium
0.9755507476006903,0.5394790920854258,37647,Healthy
-0.7246645482719837,1.2276048169604,37630,Healthy
-0.6779878517255143,1.2706320649070302,37630,Healthy
-0.6532131696738132,1.2934697219459388,37630,Healthy
-0.659589495349318,1.287591933539142,37630,Healthy
0.7195084689773839,1.0481600584115731,37603,Low
0.8277475896140533,-0.8716070508826336,37601,Medium
1.2248421845266513,-0.036780471075882684,37600,Low
1.1013652643387069,-0.11109502230264072,37591,Medium
0.9290789393507899,0.10634932414891439,37590,Low
1.0091649256345399,0.18017373426865746,37590,Low
1.033574297361082,0.20267464301342675,37590,Low
0.31940621453181695,1.5683431084723825,37582,Medium
0.7425726548758682,0.34189358160409017,37572,Healthy
1.3064241674716621,-0.6095639860178076,37568,Medium
2.8498057296755164,0.587122688082009,37566,Medium
0.5701437822489313,0.6845139478331772,37552,Healthy
1.4498188519163817,-0.9219624178492765,37551,Medium
-1.4269087805155398,1.5084677752590512,37550,Healthy
0.1828003265539551,0.580276795012404,37544,Low
-0.9872985586864184,1.6329411927838604,37540,Medium
1.1051336416839739,-0.2502762584115901,37538,Medium
0.5214229968258832,-0.12475227874815667,37536,Low
0.7431405859002784,0.7370293838269271,37533,Healthy
-0.2248360694768908,0.4109693474739685,37520,Healthy
1.2117988795716146,-0.7551646027546319,37519,Healthy
0.5855057272268778,0.47744700920847605,37519,Medium
-0.19220682526591085,1.0350628370941195,37516,Healthy
0.4801286887935143,-0.5114363081750765,37509,Medium
0.8678693871699781,-1.6066510438648578,37508,Medium
-0.07770362678765161,0.45104974891775534,37501,Healthy
0.11051388218014763,-0.16658645778758846,37486,Medium
1.1770885878023973,-0.5449098113099202,37477,Healthy
-0.9778669102914008,1.641635421468914,37466,Healthy
-0.9310905836562517,1.6847545098594003,37466,Healthy
-0.9063657166488903,1.707546246676381,37466,Healthy
-0.9127420423243953,1.7016684582695842,37466,Healthy
0.793971165851236,0.917268335415485,37446,Low
1.0749520455879822,-1.2727878353560644,37434,Medium
0.27402233929642694,1.7712755099575657,37432,Low
0.3166640172513657,1.8105832199280198,37432,Low
0.33469706330240306,1.8272063402659922,37432,Low
0.9856749686296143,-0.23975244458543699,37427,Low
1.4699652815849973,-0.8630272912204024,37425,Medium
2.5516026166299617,-2.3352957008751765,37415,Healthy
-0.383525372500164,2.141427578330862,37415,Medium
1.4869257670506741,-0.8597631934183904,37403,Medium
1.1693167835938683,-0.5350927143944018,37399,Medium
1.1429296466171055,-0.11228862266632267,37391,Medium
0.394729844683909,1.2791860153381645,37388,Healthy
0.6603285467408903,0.9571478831976615,37381,Medium
0.9100730232962213,-0.7398328866022,37380,Low
0.8379795773005189,0.9771295791698337,37379,Healthy
-1.0078275066541966,1.210649129650308,37377,Healthy
-1.1766096704393374,1.6152298473492706,37374,Medium
0.21492082049913838,0.31646395409892103,37369,Low
-0.09655066376465353,0.19884874676760267,37357,Healthy
1.1727503657948986,-0.34098784683656813,37356,Medium
-0.2324459202332941,1.0815619427579788,37353,Healthy
0.7813001594441061,0.25964053741828125,37353,Healthy
0.6172960067345371,-1.0398821203288051,37345,Medium
0.37606225771597296,-0.04216845972044495,37342,Medium
0.8538115292701615,0.31005863831405817,37337,Healthy
-0.6651091097383022,2.0388877755012604,37325,Medium
-0.26327205768870765,0.28325309675604043,37311,Healthy
-1.1672278370886597,1.6238781558123963,37300,Healthy
-1.1204515104535107,1.6669972442028826,37300,Healthy
-1.0957266434461492,1.6897889810198632,37300,Healthy
-1.1021029691216542,1.6839111926130663,37300,Healthy
0.7610568425603264,0.5201102121050164,37280,Low
0.8830397222996468,-0.9569593640783599,37268,Medium
0.9874167165981537,0.25477037197042995,37266,Low
1.0054497626491907,0.27139349230840226,37266,Low
0.9448746687318945,0.21555450244383204,37266,Low
1.0992014828022412,0.008788052684342055,37264,Low
1.0335875084012724,0.004343430338386309,37262,Medium
0.2859113803478002,1.0124972653813904,37249,Medium
0.9666910595109593,-0.15529264771543633,37236,Medium
1.2364283856784835,-0.6489040346854592,37229,Medium
3.285162818913166,-5.160665489468429,37226,Healthy
0.2985002351491996,1.4633619780292444,37225,Healthy
0.9037624307200687,-0.315260596175877,37219,Medium
-0.16064122804374584,2.079321119269933,37217,Healthy
0.7900316896520753,0.1056609968631324,37211,Medium
0.6372950462764644,-0.7554969277630057,37208,Low
0.4657908212147721,-0.9205095831836875,37207,Healthy
0.2897114480273223,0.18345551511847943,37203,Low
-0.9606546602995953,0.8245766119606326,37196,Medium
0.9860209264843955,-0.19697235935064464,37189,Medium
0.7241423130919514,0.34603563223158307,37187,Healthy
1.177662417464525,-0.6610933446347416,37186,Healthy
-0.8352016920604465,0.9676133231696292,37185,Healthy
0.9559301423181674,-1.55968164110282,37183,Medium
0.3922084331118312,0.07577886029810445,37179,Medium
0.3937019747267927,1.0762869985831538,37174,Healthy
0.46157008023361484,0.042777245294821624,37162,Medium
-1.5091901008856814,2.6413431682719164,37148,Healthy
-0.9512064068897977,0.8332861473863289,37122,Healthy
-0.9044965003137686,0.8763440088142446,37122,Healthy
-0.8797218182620673,0.8991816658531532,37122,Healthy
-0.8860981439375722,0.8933038774463563,37122,Healthy
1.16991460322842,-0.014742021659751406,37117,Low
1.1221706166161514,0.18578953094691053,37103,Low
1.1402036626671885,0.20241265128488295,37103,Low
1.079628568749892,0.1465736614203127,37103,Low
1.4913760419729973,-0.5925005603908766,37102,Low
0.9686749576202935,-1.275059040912873,37099,Medium
0.16198702831868586,1.1126202483098444,37092,Medium
0.8903229558572701,-0.0664570804460508,37092,Medium
2.5024213639834167,0.6525124044256964,37069,Medium
0.9056039323255201,0.7556374291373,37068,Healthy
1.120553283317336,-1.3057119194661806,37066,Medium
1.3369521653731793,-0.49368547589066486,37063,Healthy
0.7131161869945037,0.9852122326394901,37058,Medium
1.0172889448926954,-0.06672009890609794,37055,Medium
-0.4063689282777267,0.5162181415612966,37051,Healthy
0.82345336252751,-0.07865409105699538,37049,Low
0.5192678350194426,-0.14637836247137997,37045,Low
0.3666957993677186,-0.2809847178012488,37037,Medium
-4.860288131041562,0.03254960637212191,37032,Medium
0.6116403324342027,0.7285224022786153,37029,Medium
-2.3418737277324273,3.1483151641500604,37027,Medium
0.8581571406318962,0.2370430645083118,37026,Healthy
-1.2001876339719717,2.3215076024486714,37023,Medium
0.7883634229973785,0.08166393585991155,37018,Healthy
0.4959718919880745,-0.3938868087024491,37010,Medium
0.5173909122704555,0.717392863698271,37008,Healthy
0.3937430861700234,-0.002282757726962746,36996,Medium
-0.20365253984021398,0.6310440686034756,36987,Healthy
1.2019806944221134,0.2234223244127338,36960,Low
-4.867295447278705,0.0260901618209023,36958,Healthy
-4.880944769427833,0.013508021012602746,36958,Healthy
-4.86955372928878,0.0240084450934951,36958,Healthy
-4.868225328106384,0.02523298434491118,36958,Healthy
1.3294217678910318,-0.0080570986164982,36943,Low
1.347504628986409,0.008611941943402283,36943,Low
1.2869461400838926,-0.04721174118052532,36943,Low
0.9496706383844503,0.10868328833555745,36935,Low
0.5875477536543482,-0.49054140276017805,36933,Medium
1.1989138006747149,-0.34731790676104757,36928,Medium
1.0171306861457734,-0.2769993956785292,36923,Medium
0.3273622578747783,1.4638525987309159,36911,Medium
1.0700540040263438,0.2951602777318991,36908,Healthy
0.464420310437834,0.976678607382701,36900,Healthy
0.3127827602886365,1.3404942726313582,36897,Medium
0.318823215227175,-0.43503490163446074,36894,Medium
1.4098288143886106,-0.6676719636871772,36893,Medium
-0.785379200526054,1.2949087555307548,36887,Healthy
-0.15451344171540018,1.0698091383530488,36886,Low
0.42223145499360304,-0.11862041352543723,36878,Low
1.0286044359545803,-1.2300664663474916,36871,Medium
0.6248960156508727,0.6959093462165505,36869,Medium
-3.7757051536860673,-2.085761303061198,36866,Medium
-0.7774863325309254,1.8018707093135786,36866,Medium
0.9011758206729756,0.024175485430629435,36863,Healthy
-0.9833215408075298,0.3122814550531331,36860,Medium
1.2694574633218214,-0.08631570176377773,36851,Healthy
0.28570532568459944,0.40763059670671914,36847,Medium
0.6946566664384096,-0.2713176088135155,36839,Healthy
0.9795480817705776,0.021210622822649378,36827,Medium
-0.4768648696503966,0.7737129202450455,36821,Healthy
1.1952942939565843,0.08002242749435538,36799,Low
-3.782745679952771,-2.092251361093703,36792,Healthy
-3.802372807422684,-2.110343928533375,36792,Healthy
-3.7850039619628455,-2.0943330778211102,36792,Healthy
-3.7836755607804484,-2.0931085385696946,36792,Healthy
1.8024434544546155,-0.49056639627210424,36789,Low
1.8204765005056527,-0.47394327593413194,36789,Low
1.7599014065883565,-0.529782265798702,36789,Low
1.048983212748628,0.23321991764930342,36775,Low
0.4674949867198515,-0.14155180732205302,36769,Medium
0.8504444246555959,0.1384084581556237,36757,Medium
0.9972300711237527,-0.48366307401372355,36756,Medium
0.30014896186515094,1.5320702603839387,36754,Medium
1.1862257966329701,-0.04680652185438005,36745,Healthy
1.2280369934190383,-0.024964320161998965,36740,Medium
0.8469671232066476,0.18799161352262933,36733,Healthy
0.7825111794515899,-0.7340006334285971,36731,Medium
0.9813066283739424,-0.2979534122151992,36724,Medium
-1.2781256390582405,2.090846569475496,36724,Healthy
-0.1947525366827835,1.116308244016908,36722,Low
0.41540351080884846,0.23367698475991922,36714,Medium
0.3228524630423159,0.020284414667279666,36712,Low
-0.5318788125244769,1.0878692040905165,36703,Medium
0.4200965187953563,0.7255042183504901,36703,Medium
-4.086583044012262,-2.0519287176753362,36702,Medium
0.8591477246423063,0.07438489929337272,36700,Healthy
0.06025171333867875,0.1173645821188035,36698,Medium
0.4583936728924918,0.9679048819294119,36688,Healthy
-0.01704660184827254,0.2933197307631561,36674,Medium
0.7264078073316602,0.02104066599980749,36667,Healthy
0.349342354725888,1.2104816703372694,36660,Medium
-1.7373779972680952,2.8885993407542188,36655,Healthy
0.46586941202750015,1.1423646857347014,36636,Low
-4.093623570278966,-2.058418775707841,36628,Healthy
-4.107272892428095,-2.071000916516141,36628,Healthy
-4.095881852289041,-2.0605004924352484,36628,Healthy
-4.094553451106644,-2.0592759531838323,36628,Healthy
0.9335711207891693,-0.6631885619728574,36626,Low
0.9516539818845464,-0.6465195214129569,36626,Low
0.89107888796725,-0.7023585112775271,36626,Low
0.7911843825606364,0.5004769879793006,36612,Low
0.7583729995708668,-1.0740643122737168,36597,Medium
0.4102105337353065,1.015362432318462,36594,Medium
1.1728610056588855,-0.2053080958336619,36591,Medium
0.3515334530736861,0.743879756954523,36586,Medium
0.999310624667786,-0.09427263940825739,36574,Medium
0.5204331602779518,0.5950061635046889,36573,Healthy
0.4722858521658872,-0.23339133057446285,36567,Medium
0.5173781821642234,0.7364406456937971,36567,Healthy
-1.067152674214482,1.726780548334836,36561,Healthy
0.8687211913321423,0.03406292770239409,36557,Medium
0.4268867979770123,0.2047895436373809,36557,Medium
1.2153558010150356,-0.6263470433758122,36556,Low
0.862759492092492,-0.5737664972439973,36552,Low
0.6465026137163725,0.8003335816779203,36546,Medium
0.4860440817890414,0.8376040095129728,36540,Healthy
0.11968860700528006,0.0052156417248332325,36539,Medium
-4.150985105743193,-2.052485191744831,36536,Medium
0.3079906094660808,-0.38987304948295204,36535,Medium
1.0436289557153542,-0.3218241976321835,36518,Healthy
0.653970481952392,-0.5228051681773268,36508,Medium
1.129066838337742,-0.39308143591413697,36500,Healthy
0.25691069691715945,1.6510609879423233,36500,Medium
-1.4119455258057105,2.4524470392765054,36491,Healthy
0.400555164444425,1.2499358545559567,36473,Low
0.9561525804612279,-0.4021320957527469,36469,Low
0.974235441556605,-0.3854630551928464,36469,Low
0.9136603476393086,-0.44130204505741655,36469,Low
-4.158025632009897,-2.058975249777336,36462,Healthy
-4.171641744129465,-2.07152677710435,36462,Healthy
-4.160283914019971,-2.061056966504743,36462,Healthy
-4.158955512837575,-2.059832427253327,36462,Healthy
0.9780976353904194,0.03738532153330117,36446,Low
0.4027997880574112,-0.19208400754892702,36431,Medium
0.5248982671006516,-0.3191235934243732,36430,Medium
0.850648758294964,0.3544925467178054,36426,Medium
1.1051336416839739,-0.2502762584115901,36424,Medium
0.48873833542060724,1.256000479330517,36412,Healthy
0.8798110635129872,-0.06390017542171593,36405,Medium
0.4853381907979284,-0.5298130512076271,36398,Medium
-0.17209977888335976,0.5973512373936776,36398,Healthy
0.9680503707111001,0.15861486375678271,36397,Medium
0.8958505241824067,0.27178936576724116,36396,Low
-0.4509352042984014,0.5716884622696801,36394,Healthy
0.014323523062074454,0.4301182375648366,36391,Medium
1.6086093413353266,-1.9493542848644716,36389,Low
1.0753519649462486,-0.36694681363284587,36380,Medium
0.498667800711088,0.5938740397759392,36373,Healthy
-3.112574334254973,-3.67071992268757,36373,Medium
0.31878003113120756,1.1560331279477467,36373,Medium
-0.7172089677019529,1.2699560476667255,36372,Medium
0.27517680012209833,1.4186692354868404,36358,Healthy
0.617526718353167,-0.32301400623482,36345,Medium
0.7435813774127412,0.5829708018242874,36337,Healthy
-0.642969941467556,1.1822809651363597,36328,Healthy
0.646520770767235,0.42089470805484813,36328,Medium
0.7054337578396862,-0.243635110811865,36308,Low
0.7479758057059454,-0.20441924128526712,36308,Low
0.7660088517569825,-0.18779612094729475,36308,Low
1.178291634886984,-0.19946381977373817,36307,Low
-3.119614860521676,-3.677209980720075,36299,Healthy
-3.1332309726412437,-3.689761508047089,36299,Healthy
-3.1218731425317503,-3.679291697447482,36299,Healthy
-3.1205447413493537,-3.678067158196066,36299,Healthy
0.8042553696470975,0.4676344081629895,36282,Low
0.22564103078272926,0.24340775253160454,36268,Medium
0.6603285467408903,0.9571478831976615,36267,Medium
0.19632476665994333,0.06922773028405906,36264,Medium
0.8410519706592134,0.9662616736408597,36259,Healthy
0.5662774696124803,0.37009279989942356,36257,Medium
1.2521747634887157,-0.5087928275511554,36239,Medium
0.3530970397324576,-0.04469835387203428,36235,Medium
0.08069162987983611,0.44886349963533706,36235,Healthy
0.7102349355083285,0.4258566273461373,36234,Medium
0.9388692042234862,0.05892178668955885,36232,Low
-0.871805481461969,1.4008027071154847,36231,Healthy
-0.11424824983668078,0.6418563244659232,36224,Medium
0.7208802445486955,0.669304175371442,36223,Medium
0.9638255083580101,-1.1962928618418367,36220,Low
0.405657267894418,0.6646462268039532,36207,Healthy
-4.277919363679311,-1.8446563233155888,36207,Medium
0.44914915853150295,0.9380548895768578,36207,Medium
-1.7024799293155133,2.8360366519927003,36207,Medium
0.750490878484326,0.6137865779588387,36198,Healthy
0.016866658891301053,0.5252898455877673,36179,Medium
1.0554033349731777,-0.0845760184354212,36171,Healthy
-0.8199642099852782,1.464147618632358,36165,Healthy
0.9099315121975277,0.4038161479096658,36165,Medium
0.6149214352845473,0.8782196932632825,36144,Low
0.4154759660051367,0.0956872265319178,36142,Low
0.3549174771026203,0.03986354340799027,36142,Low
0.3974429199540994,0.0790641061939454,36142,Low
-4.284959889946014,-1.8511463813480937,36133,Healthy
-4.298542792036022,-1.8636672951938225,36133,Healthy
-4.287218171956089,-1.853228098075501,36133,Healthy
-4.285889770773692,-1.8520035588240853,36133,Healthy
1.1340975697082076,-0.0855377169666636,36119,Low
0.7900316896520753,0.1056609968631324,36098,Medium
0.518471336262705,-0.4647625828968525,36098,Medium
0.48081074032659943,0.11782695696083904,36098,Healthy
1.048299162588565,-0.029205850553555207,36096,Medium
4.6577337468578355,-10.709597834283796,36095,Medium
-4.5449507824875806,-0.7605300277285117,36073,Medium
0.8968411081928168,0.10913120055230208,36069,Low
0.7201454363039822,-0.7636362616102591,36068,Healthy
0.8971980033824513,-0.037189118877934045,36068,Medium
0.9114681688763422,-1.2696450620773498,36066,Medium
-0.05185729690787978,0.8583774109554952,36064,Medium
-0.49388834689128996,0.4653115655956106,36062,Healthy
0.4119146219433599,0.16924845603476465,36060,Low
0.702163256051455,0.396134613276364,36059,Medium
0.657633960282704,0.8369535634441208,36053,Healthy
-0.4236566170696258,1.206344574045552,36051,Medium
0.07879435702656512,1.8020575599926538,36046,Medium
0.9740895063000538,0.5381320989088682,36044,Healthy
-4.009284177275383,-2.299549781511219,36041,Medium
0.26601995546741897,0.11806781991749532,36012,Medium
0.9512870888512968,0.3846459097972822,36011,Healthy
0.7443301368084724,0.9734793792826741,36008,Medium
-0.83014558750348,1.3282448718149609,35999,Healthy
0.8432437647389336,-0.16829576465444399,35985,Low
0.7826686708216373,-0.2241347545190142,35985,Low
0.8251609036435565,-0.18496480521434447,35985,Low
0.873694244468169,0.4482891509777035,35981,Low
-4.016324703542086,-2.306039839543724,35967,Healthy
-4.029907605632094,-2.3185607533894528,35967,Healthy
-4.018582985552161,-2.3081215562711312,35967,Healthy
-4.017221374340204,-2.3068664035384296,35967,Healthy
1.3344512018848698,-0.5810129157204816,35953,Low
0.7131161869945037,0.9852122326394901,35944,Medium
0.13681855421196937,0.27987379400572543,35931,Healthy
0.24279384122429515,1.0637065446493295,35930,Medium
0.9300729025590925,-1.077091611562454,35929,Medium
-0.523372619134703,1.1064234690820358,35929,Medium
0.4405660144909218,0.13975927846462022,35911,Healthy
0.5238370954282318,0.8724421512157584,35909,Low
-5.587128453811657,1.0774102373144734,35909,Medium
0.7233557376391294,0.39305996775175417,35904,Medium
0.812581307301527,-0.5049720022513953,35899,Low
0.7872645635805092,-0.9089248845695367,35899,Medium
-0.4656451634046008,0.7130897777534305,35898,Healthy
0.5756752048407577,0.6020150625129279,35896,Medium
-1.4416629706639115,2.82530789108194,35894,Medium
1.0316783721020386,-0.08896963221234651,35892,Healthy
-0.0620307285423017,0.24526157599445317,35892,Medium
0.3307173015448636,1.2831199598024954,35882,Medium
-3.8179197317687774,-2.6135828236472785,35875,Medium
1.1756107414869807,-0.5462721112271205,35875,Healthy
0.1696989698925662,0.5681997766453135,35852,Medium
0.5896480847117761,0.8553984380774912,35848,Healthy
0.5129747864732438,0.7514327410088771,35838,Medium
-1.7469656449201076,2.8465621680977966,35835,Healthy
0.4211498447224374,0.177646010731435,35822,Low
0.43923270581781443,0.19431505129133547,35822,Low
0.3786576119005181,0.13847606142676522,35822,Low
0.8097399731559218,0.3936612020925124,35814,Low
-3.8250100730798207,-2.6201188019017114,35801,Healthy
-3.838576370155048,-2.632624409006797,35801,Healthy
-3.827268355089895,-2.6222005186291186,35801,Healthy
-3.825890138863158,-2.6209300591557745,35801,Healthy
1.189810376220016,0.2536313070851245,35799,Low
0.3127827602886365,1.3404942726313582,35784,Medium
0.5086494196158269,0.07063976473493402,35772,Medium
0.488564539267542,0.09616122196310738,35770,Healthy
0.47190328367218703,0.814122365823224,35766,Medium
-0.5260946126439882,1.4307605548877522,35765,Medium
-4.9714003353100615,0.24239154032368013,35749,Medium
0.5364608143502785,0.6287121814787249,35743,Low
1.0532477527445794,-0.1600662371559708,35741,Medium
0.8430878128067381,-1.2813711836820925,35739,Healthy
-0.8446554356529281,1.4917803917228885,35738,Healthy
1.034452414539658,-1.31012097578361,35733,Medium
-1.034274939535772,1.814820854647414,35731,Medium
0.40756943393742956,0.7530145943029447,35730,Medium
0.45315383049819496,-0.5692449586106973,35726,Low
1.2135131362077598,-0.05488365596535404,35722,Medium
1.4409467803336073,-1.3691229708824941,35720,Healthy
0.26940538204600256,-0.3093816874245886,35719,Medium
-1.8283638874668575,2.9875778973097944,35711,Healthy
-1.7601338817359993,3.050473294610649,35711,Medium
0.6488896552239994,1.0266483900687,35691,Healthy
0.8969218515904924,-0.7519558251912186,35689,Low
-1.4582627297972939,2.185863294847394,35669,Healthy
0.8603512875328031,-0.21446420525004914,35660,Low
0.957071900125522,-0.8523507788821247,35659,Low
0.9754038364425985,-0.8354521372125837,35659,Low
0.9150778177470016,-0.8910615259675134,35659,Low
1.474456076848072,-0.40493670407633003,35654,Low
-4.013033068602032,-2.313842969746771,35635,Healthy
-4.026615970692039,-2.3263638835925,35635,Healthy
-4.015291350612106,-2.3159246864741783,35635,Healthy
-4.015291350612106,-2.3159246864741783,35635,Healthy
1.3280242710469232,-0.726651905192961,35630,Low
1.2280369934190383,-0.024964320161998965,35627,Medium
1.06828900745824,-1.0196381578223532,35607,Healthy
-0.10729286074083014,0.6406996778032753,35606,Medium
0.8467378609678722,0.044601877171251074,35600,Medium
-4.2967019946332545,-0.6331240405865558,35594,Medium
-0.2654252264246207,0.5199984567035002,35593,Medium
-0.06941350429152102,1.5926413630027796,35578,Low
0.4435000965779482,0.699530288728667,35577,Low
1.2536179899360214,-0.6555261291691461,35575,Medium
-0.6981225010145425,1.3549963665755467,35569,Medium
-0.1990566484877775,0.5565996948421781,35569,Healthy
-1.0654080583358398,1.4011276243216069,35569,Healthy
1.2274024639094177,-0.4829694328507122,35567,Medium
0.8425566962661027,-0.9942771977652629,35567,Medium
0.8851403599938575,0.4941650336788506,35562,Medium
0.3295674644543597,-0.035030509661204974,35556,Medium
0.41639137613586275,0.6373093843281711,35554,Healthy
-1.5979762018338195,2.9123695030776435,35549,Medium
-1.6662394175942374,2.849443492295503,35549,Healthy
0.6237207774357785,0.610354375031418,35524,Healthy
0.6241438745707356,-0.7676198663520243,35517,Low
-0.7275579832140279,1.4449630641850175,35509,Healthy
0.3122856443313325,0.4998954945126606,35499,Low
0.33036850542670965,0.5165645350725612,35499,Low
0.26974359646507334,0.46067962498606274,35499,Low
1.7163720870277133,-1.0089854904139088,35493,Low
1.4688183270138184,-0.7084036959761584,35488,Low
1.0887743382407429,-0.18643948978148928,35464,Low
-3.9645201789435673,-2.700655555341231,35463,Healthy
-3.978136291063135,-2.7132070826682453,35463,Healthy
-3.9667784609536425,-2.7027372720686382,35463,Healthy
-3.965450059771246,-2.701512732817222,35463,Healthy
0.999310624667786,-0.09427263940825739,35461,Medium
0.007081438304110694,0.5993876234735684,35441,Healthy
-4.501949281907454,-0.5494576936369199,35434,Medium
0.33992126865883143,-0.4143074316211461,35433,Medium
0.169978596444596,1.1360361502796361,35433,Medium
0.6954269739218945,0.8717917051469063,35422,Low
0.5507939710334127,-0.8117068661690013,35421,Medium
1.1089107442120478,0.17905686667388926,35421,Medium
-0.08269096500630659,2.006126725876821,35409,Medium
-0.8418592455644519,1.3254272250497081,35405,Healthy
0.9920037966212155,-1.2264552265786832,35403,Healthy
0.3500045404199428,0.7005306277279792,35402,Low
0.4327762509531775,1.241257502221133,35401,Medium
0.9713926347847122,-0.2194226707195987,35401,Medium
0.9282251416163094,-1.3123462611184906,35398,Medium
0.9601711279373831,0.033690526553487414,35393,Healthy
-0.8940170411533986,1.8476454489365892,35390,Healthy
-0.8257206153634206,1.910602073200015,35390,Medium
-0.016781372906589882,0.23675286922960448,35387,Medium
0.6374885105188066,0.7363066621801293,35361,Medium
0.5061000582989339,-0.1585166078010412,35353,Low
-0.4289345248603242,0.4933146675065401,35339,Healthy
0.9524798011874888,-0.5562474799503693,35339,Low
0.9706124773272058,-0.5395325191685407,35339,Low
0.9100041733803494,-0.5954021225143964,35339,Low
0.9785932940931487,0.7173936846959107,35334,Low
1.452911533025091,-0.728450166021621,35324,Low
1.4806967425092854,-0.6814110411374575,35300,Low
-4.403412859219253,-1.77334041456158,35295,Healthy
-4.416979156294482,-1.7858460216666663,35295,Healthy
-4.405671141229329,-1.7754221312889873,35295,Healthy
-4.404342740046931,-1.7741975920375712,35295,Healthy
0.8798110635129872,-0.06390017542171593,35291,Medium
0.4322700704982713,0.18271223348159615,35281,Healthy
-4.742557030373017,-0.05962175158290342,35277,Medium
-0.4854723885176503,1.2590630595557515,35267,Medium
-3.4533516157026782,0.32755573583634634,35264,Medium
1.069471385741229,-0.05413149050956092,35262,Low
0.749836860266478,-0.9434262779781829,35254,Medium
1.247124639038955,-0.8012263456041961,35252,Medium
-0.4266030353106086,0.9857154300210574,35249,Healthy
-0.36165901502908576,2.324918526982093,35246,Medium
0.366018656950809,-0.11417031308949155,35240,Healthy
0.42538271008519796,0.9415314320014736,35235,Medium
0.5471477526947041,-0.5277827027438675,35231,Medium
1.1385610677564046,-0.456762503052785,35230,Low
1.5909873826005587,-1.5426327391182948,35228,Medium
-0.4157731706294946,2.006689759835417,35227,Healthy
-1.2369094696041953,2.186322547225569,35223,Medium
-1.3052058953941732,2.1233659229621433,35223,Healthy
0.25520351505825856,-0.22335264893558332,35218,Medium
1.546174619254768,-0.7723835307399307,35198,Medium
0.40913009833221414,-0.13069743189252764,35187,Low
-0.7937474623149823,1.3959938426913883,35176,Healthy
0.32632928536237493,0.21306696712131926,35175,Low
0.3688215181842942,0.252236916425989,35175,Low
0.38695419432401124,0.2689518772078176,35175,Low
0.8365724827165144,0.4842869090205282,35171,Low
1.4047349274592134,-0.346284139682433,35161,Low
1.1320289959778282,0.024984744634096525,35140,Low
-4.303082278559453,-1.8102965243707778,35129,Healthy
-4.31666518064946,-1.8228174382165065,35129,Healthy
-4.305340560569527,-1.812378241098185,35129,Healthy
-4.30401215938713,-1.811153701846769,35129,Healthy
1.2521747634887157,-0.5087928275511554,35125,Medium
0.3889152082263339,0.39515137853207133,35124,Healthy
-4.98289815627676,-0.3467647609258487,35113,Medium
-0.00909002906908042,0.6084204728259625,35104,Medium
-3.949080941244166,-2.2237995090560436,35101,Medium
1.4787896090171377,-1.3342389089577804,35090,Low
0.9970413162404068,-1.3446070624516135,35088,Medium
-0.3931332462388393,0.5831031530645279,35086,Healthy
1.0078747062327749,-0.26101393019272456,35086,Medium
0.3945565610622702,0.1314605696026894,35083,Healthy
-0.150374724545775,1.9587204831164367,35083,Medium
0.49887978140167377,0.9707833376900493,35072,Medium
0.4271115907749873,-0.1787778005650999,35068,Medium
0.5255715435795051,0.9611005438530706,35067,Medium
-0.1406860949345856,1.6949207545819907,35064,Healthy
0.9580386121564499,-0.16742931293709065,35057,Low
-0.9284074561747806,1.3999425554769902,35054,Healthy
-0.8601110303848026,1.4628991797404158,35054,Medium
0.3442412924244515,-0.23232660647870643,35051,Medium
1.1586453410421822,-0.13094442530751108,35035,Medium
0.29705188801057897,0.862177673396554,35021,Low
0.23647679409328268,0.8063386835319839,35021,Low
0.2789690269152019,0.8455086328366535,35021,Low
0.309751106380927,0.00820739630018926,35021,Low
0.6718526488439526,0.9443968533612925,35011,Low
-0.5530115006468139,0.8516732985351109,35010,Healthy
1.3500037770733888,-0.4216262657683249,34995,Low
1.6338227896626656,-0.9548791489773938,34977,Low
0.6251049218527313,-0.08471621917710166,34964,Healthy
-4.128324199831083,-2.1372324754380245,34963,Healthy
-4.141907101921092,-2.1497533892837533,34963,Healthy
-4.1305824818411585,-2.1393141921654317,34963,Healthy
-4.129220870629202,-2.13805903943273,34963,Healthy
-4.548304995473132,-0.7636219893383372,34959,Medium
-5.015895196476813,-0.0007384953152911393,34955,Medium
-4.024205590391764,-2.3037950951667105,34933,Medium
-0.1608901925921214,0.40035314676384415,34931,Medium
0.45423420481939303,0.6721934462528848,34923,Low
1.3997971105013172,-0.7559854815486928,34922,Medium
0.8051289929520715,-1.028778591173909,34922,Medium
1.0172504711678907,-1.357704844923265,34917,Healthy
0.1228871146160016,1.3363393135415889,34916,Medium
-0.811171965144937,0.7698165691855025,34914,Healthy
1.2892087047866418,-0.19023540803024133,34912,Medium
0.9281190657874796,0.33290067303051707,34907,Medium
0.7180228136555624,-1.1112596920354783,34896,Medium
-1.4270294746839145,2.4239580777167764,34888,Healthy
1.2735948573977223,-2.286897503940003,34888,Healthy
-1.3587330488939364,2.4869147019802025,34888,Medium
0.6704613090053635,-0.6151874995872523,34888,Medium
1.6300545315440504,-1.1436672270809516,34888,Low
1.044270902937096,0.20478222280896602,34875,Medium
0.1716659372455656,0.5952468006797277,34861,Low
0.21415817006748475,0.6344167499843975,34861,Low
0.23229084620720178,0.651131710766226,34861,Low
0.8496083203867631,-0.5858894358330159,34861,Low
0.7116721314241146,0.6862122195633191,34848,Low
-0.9392638276624719,1.3308367525578706,34840,Healthy
0.7534835846487934,0.5778682330891988,34828,Low
1.4683127903137534,-0.6511719116411239,34814,Low
0.965254723858923,-0.7155277043722935,34804,Healthy
-4.194515262625299,-2.1340786413086352,34795,Healthy
-4.208081559700527,-2.1465842484137214,34795,Healthy
-4.196740334605814,-2.136129744554757,34795,Healthy
-4.195411933423418,-2.1349052053033413,34795,Healthy
-5.590515876826768,1.0742876622233626,34795,Medium
-4.689389118402128,-0.8629751127737637,34792,Medium
-0.0016807657972497513,0.5888561470719418,34768,Medium
-4.495006682933685,-1.4043996423936005,34767,Medium
0.9980139566209135,0.06857458847820114,34763,Low
1.05114596898464,-0.04957438903649606,34762,Medium
1.0243730377451925,0.0053809690404037856,34753,Medium
0.8907642282727183,-1.3468782680084224,34752,Medium
-0.08287710869691642,2.5441317124633223,34752,Medium
0.7563524786901252,-0.9244924284660094,34751,Healthy
-1.3423614221434823,2.1378946311025255,34750,Healthy
0.6223674178003479,0.6116443723102775,34745,Medium
0.3624662071568869,-0.22926408057004571,34729,Medium
-1.2934602629169472,2.3767677696661003,34723,Medium
-1.3617898987364851,2.313780531921389,34723,Healthy
0.8931832317835529,-0.17422655195619696,34722,Healthy
0.6394295675468317,0.6707953297850503,34722,Low
0.3375196409617329,-0.3758182664855466,34719,Medium
1.1216406970049162,0.22446618263413493,34718,Medium
0.49560150791161334,0.057546179299932256,34701,Low
0.5380937407335326,0.09671612860460203,34701,Low
0.5562264168732496,0.11343108938643064,34701,Low
1.595458169629598,-1.96147722345349,34698,Low
1.6720806222956233,-0.8978645201431386,34684,Low
-1.040506186619945,1.9506037501305453,34680,Healthy
1.4229203374967574,-0.5510620798602728,34662,Low
1.8973654861282585,-1.5546436423807906,34648,Low
1.2426341913524759,-1.3496700694981152,34640,Healthy
-4.9748209683547335,0.2392383517512838,34636,Medium
-3.713180480375994,-2.7417500643380937,34631,Healthy
-3.726763382466001,-2.7542709781838224,34631,Healthy
-3.715405552356509,-2.7438011675842153,34631,Healthy
-3.7140771511741115,-2.7425766283327997,34631,Healthy
-3.7848040329831636,-2.3598888034022067,34628,Medium
0.18915502482821744,0.11624245498446363,34602,Medium
1.5529231576546974,-1.029453589388629,34599,Medium
-4.086018994754266,-2.0289496595221745,34599,Medium
-0.3779303419459643,2.0415738217601307,34597,Low
0.6448256634533522,0.9911244940208177,34592,Medium
0.19723153541876445,1.2052792937538253,34587,Medium
0.5096868393511128,-0.5623147096337991,34586,Medium
0.057552752803736576,1.6909367843024714,34582,Medium
-1.2307860977054306,1.6491542973377296,34581,Healthy
0.402458920053293,-0.4728757919126142,34581,Healthy
0.18535726492654483,0.2062735997324139,34566,Medium
-1.5767427326726613,3.237822416994972,34566,Medium
-1.645072368492199,3.1748351792502607,34566,Healthy
0.0392232211812195,1.0880772135382248,34553,Healthy
0.7582192829429926,0.21543584646632374,34553,Medium
1.6753489379211064,-1.1473152867122685,34551,Medium
1.5615530301893856,-1.1845702544818482,34549,Low
0.49275098539780043,0.21733787023073026,34541,Low
0.4320928664066044,0.16142234666294653,34541,Low
0.47456849421374364,0.2005769892269736,34541,Low
-4.005825315688935,-0.8988311876485126,34534,Healthy
0.9506577316375013,-1.208431107171498,34528,Low
1.5038502653225916,-0.48093960779766887,34524,Low
-0.6172482110308809,1.7519444590221822,34514,Healthy
1.3008004538889826,-0.19619954001698225,34499,Low
2.1566835552077985,-1.8259782279743082,34484,Low
1.976811778630568,-2.421409050156038,34480,Healthy
-4.3001226276779265,-0.6362772291589521,34480,Medium
-4.372782829156384,-1.4877649863467457,34462,Medium
-4.121047657033677,-2.369555995788265,34461,Healthy
-4.134630559123685,-2.3820769096339935,34461,Healthy
-4.123305939043752,-2.371637712515672,34461,Healthy
-4.121977537861355,-2.370413173264256,34461,Healthy
-3.816392918647181,-2.166743044777538,34437,Medium
0.1885889583384457,0.1701456330084845,34437,Medium
1.3874131583057852,-0.7257463520523592,34436,Medium
-0.1028432662510553,1.7298048165067044,34433,Low
0.45501366686785505,1.3011106343746421,34432,Medium
-0.09780556737011319,2.146977230763617,34429,Medium
0.4271115907749873,-0.1787778005650999,34423,Medium
0.5806832805206074,0.8202049123701932,34419,Medium
-0.3078528391314599,0.26449858585498803,34415,Healthy
0.3777771361504066,-0.46458724273981095,34412,Healthy
-1.7002846913874947,3.3296716654543346,34406,Medium
-1.7686143272070327,3.2666844277096234,34406,Healthy
0.8528623779385929,0.6766308872858857,34394,Medium
4.61748319103121,-10.746701373601702,34394,Medium
0.012976960538186576,1.577503453422555,34392,Healthy
0.060492485657363086,0.4141453815665292,34389,Medium
0.3790758529643372,1.2118756779715578,34386,Low
0.5720011565690502,-0.032644472179722925,34378,Low
0.511326432563074,-0.0885753024881494,34378,Low
0.5538186653849932,-0.04940535318347965,34378,Low
1.4105706811093934,0.280404170724608,34377,Low
0.3987136351932913,0.157079597223818,34368,Low
-0.5283305968828459,0.7875817311170187,34347,Healthy
1.9344550293153555,-1.0112781022294026,34331,Low
2.0604668667865287,-1.7600198296986607,34330,Low
-4.505403124981686,-0.5526414956906015,34321,Medium
0.8841036103263445,-0.6704955730467053,34319,Healthy
-3.9063661016776927,-2.0614745915944983,34300,Medium
-4.24924600545665,-1.7347375225218002,34299,Healthy
-4.262779092502318,-1.747212516145601,34299,Healthy
-4.251471077437165,-1.7367886257679224,34299,Healthy
-4.250142676254768,-1.7355640865165063,34299,Healthy
1.8164658541202903,-1.6292180827920257,34270,Medium
-4.215652278994371,-1.9218584310672004,34267,Medium
0.25730906693521194,-0.16011996069242804,34267,Medium
0.329549503421249,0.9812598141860954,34263,Medium
1.1410315223482757,-0.29216047126857303,34262,Medium
1.311686761302952,-2.2517838409056488,34258,Low
-1.0639328964641792,1.8183684158679807,34254,Healthy
0.6804622702232915,-1.1458835393692661,34251,Medium
0.06462016077217578,0.3626441586960689,34249,Healthy
0.4981469017969886,0.4925910049222424,34246,Medium
-0.8808367925394883,1.280483572514992,34237,Healthy
-0.8125071567199503,1.3434708102597033,34237,Medium
0.8898389517472479,-1.1141798441397166,34228,Medium
0.4070494801128165,0.8236787265899884,34225,Medium
0.006056055896310631,0.3366559260149982,34223,Medium
0.5144240035224201,0.32182333265467084,34221,Low
0.4536994644721041,0.2658465821243163,34221,Low
0.49624151233836317,0.3050624516509141,34221,Low
0.11158208633515743,0.8024529868107804,34220,Healthy
0.7139913532797132,0.9965212530814351,34220,Low
0.7993803205514582,-0.5171408610623419,34208,Low
0.8045584378721354,-0.2658948538095218,34208,Low
-6.874862068519271,6.046285282808438,34206,Healthy
-1.395492882934425,2.245419859133525,34181,Healthy
-4.746044083476809,-0.06283616711787056,34163,Medium
2.333710151144152,-2.4271199707033437,34161,Low
1.7973502715348353,-1.3211333791092001,34160,Low
1.902382393648004,-2.2955617069611436,34159,Healthy
-4.310643783160632,-0.9218848242517569,34141,Medium
-3.435534945154039,-1.7854540671409251,34140,Healthy
-3.4490348221701472,-1.7978984472834403,34140,Healthy
-3.437710202090214,-1.7874592501651188,34140,Healthy
-3.4363818009078173,-1.7862347109137027,34140,Healthy
2.0757839231998303,-1.9005526683855434,34107,Medium
-3.9977153749932737,-1.9842346560548807,34103,Medium
0.6711939909484184,0.5600659106613519,34100,Medium
1.5563743823369098,-0.6838576386098518,34099,Medium
0.18832498143904314,-0.09485907113589526,34097,Medium
0.22513974879353563,0.38890212107579175,34092,Healthy
0.9310260604670831,-0.13934249003148325,34092,Low
0.3248890587098359,-0.2639032346444763,34084,Medium
0.8065670305590997,0.470359948399076,34083,Medium
-0.19053897641377449,-0.23992746867326928,34082,Healthy
-1.0541836134312323,1.8692826956148134,34074,Healthy
-0.9858041625673543,1.9323158535814529,34074,Medium
-4.548304995473132,-0.7636219893383372,34073,Healthy
0.4684486788335422,0.03358214563895686,34071,Medium
0.7139468020347272,0.7002512539473068,34065,Medium
0.8728152756529945,-0.46821426542187083,34061,Low
0.8909977668370515,-0.4514533844181141,34061,Low
0.8303230428310753,-0.5073842147265405,34061,Low
0.3645514106996849,-0.28500887866981856,34057,Medium
1.6217363873568584,-0.8292230925569636,34056,Low
-5.814395921643727,5.436499877585454,34055,Healthy
-1.2218664542011386,-1.0095031763499394,34054,Healthy
1.6605792373670456,-1.0604161389733815,34041,Low
0.4399528437481262,-0.5814138174216439,34035,Low
-1.2935931961468312,2.045435799109236,34015,Healthy
-4.986435024424892,-0.3500250966827439,34000,Medium
1.1769567621178794,-1.2400739477809681,33996,Healthy
2.016269406108089,-1.5436379260409012,33994,Low
2.7066783359933644,-3.030070149014379,33992,Low
-3.9431662284272786,-0.9555238219331924,33980,Healthy
-3.9567159204877265,-0.9680141222976354,33980,Healthy
-3.9453580903782335,-0.9575443116980288,33980,Healthy
-3.944029689195837,-0.9563197724466127,33980,Healthy
-4.469782372019763,-1.2485356454663257,33977,Medium
1.8535720023221671,-1.0858372358999953,33953,Medium
-4.011568751036013,-1.9498720910730984,33939,Medium
-0.6515760226926343,2.051362769125061,33936,Medium
1.0463232888688752,-0.21160190745625995,33933,Medium
0.6287865889734989,0.5514334684608837,33930,Medium
0.43333020251302934,-0.3916649634415781,33926,Healthy
0.07741475517512891,1.1232827170164352,33922,Low
0.14778011647949388,0.1716344456579834,33921,Medium
0.3305718292144383,1.0657350207398881,33917,Medium
-0.2871546826133993,0.21235181752018784,33916,Healthy
-5.590515876826768,1.0742876622233626,33909,Healthy
0.6538589232211125,0.846208099465403,33904,Medium
-0.14747699650833482,0.6036573654479409,33904,Medium
-0.35538141197382506,0.4239992405880424,33901,Medium
-0.4237608628377029,0.36096608262140306,33901,Healthy
1.0092561821880706,0.47656997955335084,33899,Low
0.16275400748063185,0.5462882635014416,33898,Low
0.18098631370902862,0.5630950647271263,33898,Low
0.12026177465871268,0.5071183141967718,33898,Low
0.08460733371544413,1.2935674312968628,33891,Healthy
-5.515385685414712,4.6950864843234745,33891,Healthy
0.49285342142670213,-0.49711417263554175,33891,Medium
-0.07821416212490015,1.5845287904621483,33886,Low
1.3971684984087633,-0.7798348943591655,33872,Low
-1.1294623959693393,2.0643037585724766,33855,Healthy
-5.019448669639725,-0.004014137812828895,33842,Medium
1.6384871526232785,-0.607963180988709,33834,Low
1.527729345850548,-0.6410907531806685,33832,Low
1.156414944641981,-1.3491724293247407,33830,Healthy
-4.565313192118266,-0.642000981734013,33821,Medium
-3.5389565263800216,-2.773227539888429,33814,Healthy
-3.5524730084109097,-2.785687226771587,33814,Healthy
-3.5411483883309764,-2.7752480296532656,33814,Healthy
-3.53981998714858,-2.7740234904018495,33814,Healthy
2.2528105191361836,-2.501694411114579,33784,Medium
-2.2657891673291597,4.150334229035314,33777,Medium
-3.919203510814394,-2.12700995117169,33776,Medium
0.4750533522349429,0.05520631869669417,33773,Medium
0.0639628176319784,0.41392565300531536,33764,Healthy
0.05086960426605673,1.6124334355691967,33762,Low
0.8069219456016338,0.05637953506009737,33757,Medium
-4.9748209683547335,0.2392383517512838,33749,Healthy
-0.7377131855760132,0.9557492846042289,33749,Healthy
4.579872832554599,-10.781371141157418,33749,Medium
0.6420658561205435,0.4003049164645331,33747,Medium
0.8499581513650576,0.011138983513237517,33747,Low
0.8681904575934544,0.027945784738922414,33747,Low
0.8074825235579183,-0.02801565905078948,33747,Low
0.861974605915243,0.3316123157254143,33741,Medium
-0.6420502459196814,1.1661594894654728,33738,Healthy
-0.5736707950558037,1.229192647432112,33738,Medium
1.2473631622722627,-0.22048888363046512,33736,Low
0.2997869479356666,-0.4513038237545524,33732,Medium
0.4141880231813423,0.742573249114134,33727,Healthy
0.2120963703406369,-0.1746120633313858,33721,Medium
-4.243007885708241,2.1553480391607267,33716,Healthy
0.34115406754222377,0.69237213496542,33711,Low
1.3489918928428857,-0.3976688680199775,33709,Low
-1.0907454634720621,1.7025153158506383,33688,Healthy
-4.69294259156504,-0.8662507552713015,33678,Medium
1.8558323598927122,-1.1905066498895096,33672,Low
1.833204019438344,-1.092674662210512,33671,Low
0.6389544941779945,-0.4942486547256718,33664,Healthy
-3.764641199229505,-2.625284427323005,33653,Medium
-4.133594298261548,-1.7798355091903175,33648,Healthy
-4.1471107802924365,-1.7922951960734752,33648,Healthy
-4.135786160212503,-1.7818559989551537,33648,Healthy
-4.134457759030107,-1.7806314597037376,33648,Healthy
2.6258285190297364,-3.104598669203686,33614,Medium
-1.929070391092722,2.9963957893433366,33610,Medium
0.8954607074452668,0.4668161342664948,33608,Healthy
0.4072263581713514,0.010146315674909746,33607,Medium
-3.872757737829209,-2.5079495923609842,33605,Medium
0.6607676141256633,0.7894601312229789,33594,Medium
-4.3001226276779265,-0.6362772291589521,33594,Healthy
0.14952454510736746,0.8374288891793502,33590,Critical
-0.25338465639794877,0.44666817208339893,33589,Healthy
0.8188494341522142,-0.389714141255472,33587,Low
0.837031925336271,-0.37295326025171527,33587,Low
0.776357201330295,-0.4288840905601417,33587,Low
0.8522119882558571,-1.1488649184360753,33583,Medium
0.12442098770167286,-0.17687950389405419,33582,Medium
0.6899379462499872,0.7581664008968615,33581,Medium
0.4338325789302459,1.4219845202686452,33579,Low
-1.286175192148048,2.2292793395584205,33575,Healthy
-1.21779574128417,2.2923124975250597,33575,Medium
0.618636783229063,-0.12107371622444933,33567,Medium
-0.5255734992112553,1.2220972809036306,33566,Medium
0.5277806492483326,0.24791405072224415,33558,Healthy
-1.3079890173782298,2.195420185758253,33552,Healthy
1.294260742457061,-0.4730109941058694,33543,Low
1.1297604099230256,-0.4648750755934161,33539,Low
-0.5181936045492884,0.6015418621200703,33519,Healthy
-3.788374111160855,-2.3631797526403875,33514,Medium
1.7489096890695548,-1.203972056914392,33503,Low
1.6275574062210334,-1.3659483499673057,33501,Low
-3.2256521413038097,-2.8465701992637884,33498,Medium
0.7193192329403901,0.5164068592634512,33497,Healthy
-3.2852362273601834,-3.2984052915483892,33480,Healthy
-3.2987194993615114,-3.310834364950262,33480,Healthy
-3.287394879281578,-3.3003951678319403,33480,Healthy
-3.286099688128741,-3.2992012420618098,33480,Healthy
1.4469459489460397,-0.715558046407405,33454,Medium
-1.4755679537736786,2.61504539701503,33451,Medium
0.5577175257833666,0.8238656493817145,33448,Healthy
-3.8676306116100108,-1.764170412928926,33446,Medium
0.9930811688162455,0.033685616446450045,33437,Medium
-4.505403124981686,-0.5526414956906015,33434,Healthy
0.7613470521309477,-0.30121763719845923,33427,Low
0.7794465182411048,-0.28453328989791604,33427,Low
0.7188050042646885,-0.340433506725057,33427,Low
0.43078850531259155,-0.001133542138687174,33425,Medium
0.7669759353738568,0.3118507220548342,33425,Medium
0.6430382918810373,0.9780567758263897,33424,Medium
-1.1838741803845887,-0.9744813537594416,33423,Critical
0.3303475333467299,-0.421071993333633,33419,Medium
1.2549675160801856,-0.24229237929398104,33416,Low
-0.6999545096705152,0.43734391786429255,33414,Healthy
-0.713623333225274,1.1283058858278525,33408,Healthy
-0.6451940673170563,1.1913849640164198,33408,Medium
-0.04917453474790533,0.5714700009144842,33402,Medium
0.583838324820175,-0.09324227756154457,33401,Medium
0.03448827432078227,0.14283497448690563,33395,Healthy
-0.5769530607710761,1.1787313079168773,33392,Healthy
0.6976907349881257,0.5264375845297262,33376,Low
0.9491881392787309,-0.17558780569964985,33366,Low
-1.15358221557181,1.9626258934264715,33356,Healthy
-4.376336302319296,-1.4910406288442835,33349,Medium
-0.6190780486117766,2.130460244609696,33348,Low
0.4109357597527765,1.6673499895818713,33346,Low
-4.130810368650285,-1.82510478111863,33334,Medium
1.0209219938195173,-0.5492421247109419,33320,Healthy
-3.9231973370390767,-2.03534545341302,33317,Healthy
-3.936697214055185,-2.047789833555535,33317,Healthy
-3.9253725939752515,-2.0373506364372136,33317,Healthy
-3.9240441927928544,-2.036126097185798,33317,Healthy
1.774982542929084,-1.2650351700788167,33294,Medium
-1.484669631242489,2.53168175976137,33289,Medium
0.5624542030357781,0.6540010847826113,33285,Healthy
-3.5079033943486952,-2.762127410969441,33278,Medium
-4.746044083476809,-0.06283616711787056,33277,Healthy
0.3628754417715559,1.22295666396107,33271,Medium
0.6010798393600295,0.8836612828934816,33262,Medium
1.2070189182740525,-1.289538033799022,33260,Low
1.1463441942680763,-1.3454688641074484,33260,Low
0.12259960753199403,1.3285892538873607,33260,Critical
1.1888862421343356,-1.3062529945808505,33260,Low
-0.18515377504406552,0.5689263709296543,33259,Medium
0.536987461039361,0.7100131797651607,33258,Medium
0.01700802244973469,0.19335429328409864,33257,Medium
1.7126073516602982,-1.0031374561476891,33253,Low
-0.34145063937836856,0.949277387291295,33251,Healthy
-0.27307118851449086,1.0123105452579344,33251,Medium
-0.19289303471974295,0.18951818183653418,33250,Healthy
0.6900517414729973,-0.6153486248972457,33238,Medium
-0.2512284890417423,0.6373203783381979,33231,Healthy
-0.20092488322660645,0.36344859507429406,33230,Medium
-0.4789690820498212,0.4576279255873719,33220,Healthy
1.3671274878360897,-0.6024927284197454,33210,Low
1.6212040586663314,-1.151825719843511,33197,Low
-0.7978913024334378,1.5047691054032741,33195,Healthy
-3.9099195748406044,-2.064750234092036,33187,Medium
0.9857643683050424,-0.8609689654809618,33183,Low
-0.1164305432501343,0.5651943930012399,33179,Low
-3.955682798271781,-2.420159362428897,33164,Medium
0.23218517543930564,1.3770163255889365,33160,Healthy
-4.299411419198928,-1.4230080061167427,33153,Healthy
-4.312878086185476,-1.4354217727779723,33153,Healthy
-4.301553466105543,-1.4249825756596508,33153,Healthy
-4.3002748799674855,-1.4238039566301632,33153,Healthy
-1.71933754028343,3.006076811546814,33130,Medium
1.546724194272185,-1.4404615634159703,33123,Medium
0.9586804270578045,0.020460412232613502,33121,Healthy
-4.986435024424892,-0.3500250966827439,33113,Healthy
0.27039396891848755,1.6634900613441959,33111,Medium
-3.5686942439234928,-2.770073887955418,33108,Medium
1.2395514152120193,-0.16871015640809364,33099,Medium
0.3910087984810795,0.2003348117383336,33097,Low
0.33028425943076345,0.14435806120797903,33097,Low
0.4521802969978922,0.777595071704632,33097,Critical
0.37287612234136247,0.183619850956505,33097,Low
-0.05692023427064386,0.21818916915186204,33094,Medium
0.7518829636788038,0.33642513298302207,33091,Medium
1.1104300229275912,-1.1473834439629431,33089,Low
0.26206035435559605,-0.48608073849476724,33087,Medium
0.27055610793943335,0.8995343384127484,33084,Healthy
-0.579435072537672,0.9230122087290472,33082,Medium
-0.6478145234015499,0.8599790507624079,33082,Healthy
-1.3349490543691709,2.2589147544527903,33068,Healthy
-0.04166564138739494,0.5519975156043196,33067,Low
0.40415296232243947,-0.598216006463668,33066,Medium
-0.6764223449416584,2.0096083329998673,33065,Healthy
1.2449577891839751,-0.24767610879838298,33047,Low
0.6305790946691127,0.662636837022491,33031,Low
-4.314197256323544,-0.9251604667492949,33027,Medium
-0.30955751855054586,0.24298157831993952,33026,Healthy
1.6333081559009888,-2.094706027697082,33017,Low
-0.04574093903894687,0.4439624563124148,33010,Low
-4.160340122572331,-1.4030501301152336,33000,Medium
1.0013860349028259,-0.20965016401843958,32994,Healthy
-4.114668537791994,-1.828256662585591,32987,Healthy
-4.128151809793322,-1.8406857359874635,32987,Healthy
-4.116827189713389,-1.830246538869142,32987,Healthy
-4.115498788530992,-1.8290219996177264,32987,Healthy
-1.6000355359689142,2.7107608703784636,32969,Medium
0.33013575783348814,1.5928673896144923,32968,Medium
-5.019448669639725,-0.004014137812828895,32956,Healthy
0.5358070729056401,0.3997378906601004,32952,Healthy
-3.6082153787459816,-2.302595805169892,32946,Medium
0.6600040427685631,0.4333237814567207,32939,Medium
0.5276569646227447,1.0123932963374418,32935,Medium
0.821716596273648,-0.6563028057697256,32931,Low
0.761008662238112,-0.7122642495594373,32931,Low
0.803583920133931,-0.6730177665515541,32931,Low
1.3123141710126134,-1.3300991489297005,32929,Low
1.3465949321395212,-0.4989829785825537,32928,Medium
0.5658227381092223,0.28298179353467023,32928,Critical
-0.6925357558752696,0.8801746431596393,32927,Medium
0.27508411508125874,1.0461854960215178,32921,Healthy
-0.5632834877765459,1.1873356729040583,32921,Medium
-0.7657171485888684,1.2031722354985808,32916,Healthy
-0.6973875127693304,1.2661594732432921,32916,Medium
-0.7017271876365966,1.1671145115767323,32905,Healthy
0.14917014923807226,0.0793838235168416,32901,Low
1.0642559928312352,-1.54360275355167,32896,Medium
-0.1351694109783515,0.7758448098722346,32896,Healthy
2.004674017125861,-1.8114504782581333,32878,Low
-0.9276496324896243,1.5620988247144725,32863,Healthy
-4.473352450197455,-1.251826594704506,32863,Medium
1.3260302335789744,-1.120040207647078,32860,Low
1.5526361372525468,-1.192789974206978,32858,Low
-0.8203200787091377,1.7249228614658612,32840,Low
-4.08045542141255,-1.4433105895109268,32839,Medium
0.006152504994072426,1.7252673486268841,32833,Healthy
-4.027333111754296,-1.885505684242458,32823,Healthy
-4.040816383755624,-1.8979347576443306,32823,Healthy
-4.029491763675691,-1.887495560526009,32823,Healthy
-4.028163362493294,-1.8862710212745935,32823,Healthy
-1.3361520481389153,2.3735936144182754,32810,Medium
0.9049145513414142,-0.935497485670269,32805,Medium
-4.69294259156504,-0.8662507552713015,32792,Healthy
0.8997554814130589,0.08131055412086573,32789,Healthy
-3.8121192947641327,-2.381143882667345,32776,Medium
0.9234147841988556,0.4162452213115384,32776,Medium
0.2867120271512443,1.3934713245463861,32772,Medium
0.6551532300972844,-0.23928609290592187,32771,Low
0.6976952779635436,-0.200070223379324,32771,Low
0.7158777691476004,-0.18330934237556734,32771,Low
1.3831988657598933,-1.4535702555280208,32769,Low
-0.6039955839720992,0.9252262402102848,32764,Medium
0.07253036318167203,0.17790271729933177,32764,Critical
1.0084869851328384,-0.08778545494842423,32762,Medium
-0.08695094337231576,0.5366471659523413,32757,Medium
0.7662419710842192,-0.06510288194377321,32751,Healthy
-0.8873004314317253,1.2394023371496452,32746,Healthy
-0.8189707956121873,1.3023895748943564,32746,Medium
-1.588302902489237,2.672746448688344,32741,Healthy
0.14858747773352055,0.13327169480021972,32735,Low
0.2153552231969684,0.4898163123814612,32733,Healthy
0.8368313363234412,0.12270070183579743,32730,Medium
1.7416072369185076,-1.3725181074467447,32708,Low
-4.568949690355077,-0.6453531579347643,32708,Medium
-0.8026475082791872,1.3552515109402354,32699,Healthy
1.1901998008981085,-1.2078445874333323,32697,Low
0.37017556504227833,1.2036712649870704,32695,Low
-0.720454298565262,1.5308423593280234,32671,Low
-3.277140002536478,-3.0612648182678357,32671,Medium
0.5492226500889521,0.698139670459615,32670,Healthy
1.1279946276237127,0.10273715609334565,32667,Healthy
-3.519398754418031,-2.7201131021867484,32659,Healthy
-3.532865421404579,-2.7325268688479785,32659,Healthy
-3.5215574063394257,-2.7221029784702995,32659,Healthy
-3.5202290051570286,-2.7208784392188834,32659,Healthy
-1.2897228801685097,1.9926386664883389,32644,Medium
1.5524749439521406,-2.1692192411457465,32639,Medium
0.6586667324992529,0.6251873575092931,32629,Healthy
-3.788374111160855,-2.3631797526403875,32628,Healthy
0.7577635937654605,0.9858625324626187,32619,Medium
0.8026185237529717,-0.17786969238639078,32617,Low
0.8444631609984725,-0.13929670596678628,32617,Low
0.8627452822712092,-0.12244398451917338,32617,Low
-3.735147476070655,-2.3073425278045514,32610,Medium
0.29552215138180576,1.3747361800196487,32609,Medium
-0.8081283732845747,1.850827411463486,32604,Medium
1.0344715860861136,-1.1737819095070494,32603,Low
0.44446248561257723,1.1479096640482638,32602,Medium
-0.4409269931889314,0.492695668399798,32590,Critical
-0.5728281222050452,1.4367727055709023,32587,Medium
-0.6411577580245832,1.3737854678261912,32587,Healthy
-0.2387511068953569,0.3285798398902231,32585,Medium
1.0893707712591367,-0.7592215170687057,32580,Healthy
-1.148850823607044,1.636859924250093,32572,Healthy
1.2554092949201614,-1.3969651341128655,32566,Medium
0.21742382143374653,-0.19688675171619394,32566,Low
1.2706216913910038,-0.8999075685401627,32558,Medium
1.9605429765065407,-1.595007347637803,32542,Low
-3.7682610924515365,-2.628621296783114,32540,Medium
1.0230709350409792,-0.6366489908083646,32540,Low
-1.1217031671687008,1.7207413279823278,32533,Medium
0.7957079649944164,-0.274053346572081,32516,Low
0.5855226047178816,0.9246499681656253,32513,Healthy
-3.2928903606974274,-2.7572512577910744,32509,Medium
0.7445913451952927,0.226252047652581,32502,Low
0.5239652361458608,0.641945902105828,32498,Healthy
-3.9013161238603264,-2.0919981710385476,32496,Healthy
-3.9147163707877546,-2.1043507107372066,32496,Healthy
-3.9034249607373814,-2.0939421271001706,32496,Healthy
-3.9020965595549844,-2.0927175878487545,32496,Healthy
-1.457129861635631,2.5659968993195883,32485,Medium
1.2452302316596862,-1.194522807614457,32482,Medium
0.2281547826088174,0.917829665648077,32463,Low
0.16748005860284135,0.8618988353396505,32463,Low
0.572769680890648,0.465706739135525,32463,Healthy
0.20977303124740102,0.9008851037566078,32463,Low
-4.376336302319296,-1.4910406288442835,32462,Healthy
-3.519294293757616,-2.3638611151277087,32450,Medium
0.5263584283858921,0.7637699739668935,32449,Medium
0.7334799498254848,0.34041263431464264,32440,Medium
0.6448327228040192,0.6524497720350885,32439,Medium
-0.6384300711251085,2.044630155590365,32435,Critical
-0.546361244443522,0.517546487364091,32435,Medium
0.7580906484867506,-1.179510797739812,32427,Low
-0.4308429002176435,2.8003538263159804,32424,Healthy
-0.681271380016509,1.2798300685345194,32422,Medium
-0.07949186505614522,0.5171287604202487,32422,Medium
-0.749567805806487,1.2168734442710936,32422,Healthy
-0.33830170092988454,0.5844653831798338,32409,Healthy
-1.2695095301388,2.9546803033195492,32407,Medium
0.374286228689102,0.20072371074063444,32403,Medium
0.1484397359375777,-0.13162586215966116,32396,Low
-3.229321849570181,-2.8499529889458253,32385,Medium
1.5826943029626108,-0.6593938295481817,32382,Low
0.49926239501595954,0.07766502208956465,32380,Low
0.010974935623783289,-0.1798895424413292,32367,Medium
0.6600351166360736,0.7938041653914654,32356,Healthy
1.6517287644893266,-1.0685746317359406,32350,Low
-3.041813181972154,-3.167999988127912,32347,Medium
0.3485512985808385,1.2366179696108153,32334,Healthy
-4.35280125707842,-1.4530639588683012,32330,Healthy
-4.366218109020629,-1.4654318053076028,32330,Healthy
-4.354893488940696,-1.4549926081892812,32330,Healthy
-4.353598297787859,-1.4537986824191507,32330,Healthy
-0.0061812420898912195,1.3423835133183395,32329,Low
-1.6380082718677467,2.9591324599134694,32328,Medium
1.1094164039936,-1.2823118806600686,32319,Medium
0.19414725915615486,0.9389732836779164,32309,Low
0.21247919547323138,0.9558719253474575,32309,Low
0.15180447146725531,0.899941095039031,32309,Low
-3.9099195748406044,-2.064750234092036,32300,Healthy
1.1599811094291088,-0.3527587303908045,32299,Healthy
-3.9211739765577818,-1.794486425560622,32289,Medium
0.589892028343935,0.6573792700736039,32280,Medium
0.3153895634283594,1.4829166439018304,32280,Medium
1.1041438602945117,-0.27272644525006234,32273,Medium
0.703207270523834,-0.09050945429753264,32269,Low
-0.6767054133907833,0.7330101892047043,32266,Medium
-0.09712732211746172,0.8109125526846608,32266,Critical
-0.703015080959368,2.8815058418615025,32261,Healthy
-0.6753282234465565,1.1899065456783338,32258,Healthy
-0.6070317976565784,1.2528631699417596,32258,Medium
0.11134392556932204,0.04451506833277064,32256,Medium
-1.0994492602821093,1.512509664731818,32239,Healthy
0.8222739185503338,-0.6978959984199353,32237,Medium
-0.664793614457483,2.039178603573472,32235,Low
0.36543221657714114,-0.7818678188806565,32234,Medium
-4.134513286946216,-1.828518184281952,32221,Medium
1.7774609848220162,-1.1440593905480565,32219,Low
1.006756362836946,-1.2345687659957234,32211,Low
0.09750831747570332,-0.6075271995674439,32194,Medium
-3.469120904023367,-2.2694192984197668,32190,Medium
0.627120793345164,0.39664604208099685,32189,Healthy
1.3882682104867043,-0.7880393073436528,32181,Low
0.25230508403134916,1.4207786255612525,32171,Healthy
-4.742136141369073,-0.8079298519776402,32164,Healthy
-4.755536388296502,-0.8202823916762997,32164,Healthy
-4.744228373231349,-0.8098585012986207,32164,Healthy
-4.742899972048951,-0.8086339620472046,32164,Healthy
0.9423207481660308,-0.7110856705538154,32162,Medium
-1.1882150903834923,1.9627408847742338,32161,Medium
0.41591617369827527,0.6144503813099804,32157,Low
0.5292427662011362,-0.19408477621033363,32146,Low
0.571519133830916,-0.15511381453401898,32146,Low
0.5899008851923324,-0.1381692526425499,32146,Low
-4.314197256323544,-0.9251604667492949,32141,Healthy
0.9732350651038258,-0.20875854964552376,32133,Healthy
0.9259246071008138,0.24950954083307908,32114,Medium
1.0117320309511049,0.023202045337412394,32113,Medium
-3.7360222225375606,-3.293290982596876,32111,Medium
-0.23912064875296285,1.3928824664260893,32109,Low
1.6578271452296784,-1.3784906935971564,32103,Medium
0.25339731205785815,0.5248840551938873,32102,Critical
0.47443398692712535,-0.7212486509066692,32098,Medium
0.36409418152438505,1.0441968799436414,32098,Healthy
0.11077785907955029,0.09841824635679143,32090,Medium
-0.6396548529223782,0.7294818722259387,32087,Healthy
-0.5713252171028403,0.79246910997065,32087,Medium
0.22027985897096303,1.1236756847270752,32077,Healthy
-0.5416933610248953,1.3604564025823398,32074,Medium
0.24017925962333134,0.42845349850724807,32073,Medium
0.4618855755144341,0.04306807336703288,32072,Low
0.9850416143528143,-0.4379165338473875,32057,Low
-3.9593359015233722,-2.423526845370291,32051,Medium
1.6932164694975669,-1.2553108650300084,32051,Low
-0.8994425826110534,1.490479571069508,32031,Medium
1.0360283690575973,-0.13816027146184298,32026,Healthy
-3.47998662657444,-2.615089848473852,32024,Medium
1.3400749999060466,-0.4058885877451075,32018,Low
0.8594253862224496,0.7130693834099507,32014,Healthy
0.41857862820013086,0.0032895693066844617,32002,Medium
-1.4532613008647717,2.510795181936505,31998,Medium
-4.172424959581148,-2.0594177615668947,31992,Healthy
-4.185825206508576,-2.0717703012655537,31992,Healthy
-4.1745005864286435,-2.061331104147232,31992,Healthy
-4.173205395275806,-2.0601371783771016,31992,Healthy
1.3587250958953252,-0.6594797162790184,31991,Low
0.5362214108780702,-0.05928661467087194,31983,Low
0.47559650191643393,-0.11517152475737036,31983,Low
0.5178894745609938,-0.07618525634041297,31983,Low
-4.473352450197455,-1.251826594704506,31977,Healthy
0.5988544710536331,0.7167362119837362,31973,Healthy
1.1525978463077555,0.48509749705885247,31960,Medium
0.40888801369615707,1.176092138761699,31950,Medium
0.3610855293251388,0.38352934834373564,31948,Low
-0.07507109165131783,1.810767074319906,31947,Medium
0.7094027216923127,0.9299507527633637,31944,Healthy
0.8509228522926854,0.14122770291063252,31937,Medium
1.293501198825391,-1.3618514710785115,31936,Critical
0.5324376015443159,-0.6523299311042583,31935,Medium
-1.014053477274663,2.4205818267033905,31934,Medium
-1.082383113094201,2.3575945889586793,31934,Healthy
0.17954778272065633,-0.23180142712219307,31921,Medium
0.39405858145084266,-0.001991929654751488,31905,Low
0.7107139695566932,-0.14395417328013957,31905,Healthy
1.065847531913064,-1.4059939457565465,31901,Medium
0.2850818076160221,0.8525958100041889,31899,Medium
-0.5691633741832149,2.1764723069816525,31896,Low
0.68929706299673,-0.3958056927631164,31893,Low
-4.164043040868262,-1.406463533278556,31887,Medium
1.068144275295631,0.10004999483257036,31869,Healthy
-0.5039687512449206,0.5085330957179561,31864,Medium
-3.793555308054702,-2.21860885033933,31860,Medium
1.0238754579232732,0.25259223200454994,31854,Healthy
1.2853604545350021,-0.4812154070903567,31851,Low
0.9260725960211175,-1.3089442187786036,31833,Medium
-3.4822913282156382,-2.708613549072942,31830,Healthy
-3.4956749701282868,-2.7209507820309584,31830,Healthy
-3.4843503500483535,-2.710511584912637,31830,Healthy
-3.4830551588955165,-2.7093176591425063,31830,Healthy
-1.4662999605326017,2.2243626725197787,31829,Medium
1.4923941098122009,-0.8827159348413932,31824,Low
-4.568949690355077,-0.6453531579347643,31822,Healthy
1.0267728524398554,-1.0709516097100094,31817,Low
1.0451712088160519,-1.0539917410778976,31817,Low
0.9845462998544157,-1.1098766511643958,31817,Low
0.6120603392259631,0.6840772356997432,31813,Healthy
0.012844897252440958,1.7671097218350924,31793,Medium
1.1520817647625476,0.1263588441768966,31792,Medium
1.2243392647100013,-0.904380061456942,31791,Low
1.0866824980181917,-0.11213732664098644,31781,Medium
0.5982267678009239,0.3565529725721991,31774,Healthy
0.4123781325943317,0.2358373737749887,31773,Critical
0.7433522081132887,0.3012168420228409,31771,Medium
-0.42873806531347763,0.7904599633839774,31770,Healthy
-0.3603752194643799,0.853477814609974,31770,Medium
0.6233470968829382,-1.4081985857672912,31760,Medium
0.11051388218014763,-0.16658645778758846,31751,Medium
-0.3704381562596226,1.8019661898378898,31739,Low
0.25885186293592766,0.37968044478798074,31738,Medium
0.9799133920957368,0.02154737111678881,31736,Low
0.4226348237730648,1.2001313390980222,31735,Medium
-0.6016558443642387,1.8856826550422299,31729,Healthy
-0.0664660537772328,0.6112523755951248,31727,Low
-4.084158339708481,-1.446723992674249,31725,Medium
1.0615575049187813,-0.04325806164195183,31709,Healthy
-0.39855723047365554,0.35404467366184766,31694,Medium
-4.655965895532351,-0.8784969245582664,31694,Medium
1.1400472505298995,-0.08937456758172922,31691,Healthy
0.6887406320217269,0.5181872513233108,31685,Low
0.9043910575665457,-0.5122613731489822,31679,Medium
-1.1471266000181712,2.282996372179279,31672,Medium
-4.244317318410072,-1.6179262543358732,31664,Healthy
-4.257684355307941,-1.6302481805532472,31664,Healthy
-4.246376340242787,-1.6198242901755682,31664,Healthy
-4.245047939060391,-1.618599750924152,31664,Healthy
1.1855381145424844,-0.07301152617715401,31664,Low
0.9387093622340493,-0.48139020149822864,31660,Low
0.9570412985511259,-0.4644915598286877,31660,Low
0.8964662046338295,-0.5203305496932579,31660,Low
-3.7682610924515365,-2.628621296783114,31654,Healthy
0.40726084237044685,0.713672107833683,31647,Healthy
0.40513421401508487,0.010518217936783878,31625,Low
0.3514645884327358,1.034719303256533,31624,Medium
0.8756968990484864,-0.8346516672334076,31623,Medium
0.3791306142278152,1.0053283656711318,31611,Healthy
0.951347510188904,-0.0413916699571072,31611,Medium
-0.1320505843798786,0.37306944579893747,31609,Healthy
-0.06372094856034062,0.4360566835436487,31609,Medium
0.8603658224555635,-0.6627823353855811,31606,Critical
0.8388834357662656,0.16936542316325526,31604,Medium
0.7270278388500384,-1.1346798658468185,31593,Medium
-0.6651091097383022,2.0388877755012604,31590,Medium
1.0490620994211528,-1.131563273906344,31573,Low
0.5724462165448707,-0.29159199041125444,31571,Medium
0.34970766505104717,1.2108184186314088,31570,Low
0.2672958503051006,0.8988174636995669,31564,Healthy
0.7789038986721584,0.1576401986239322,31563,Medium
0.004123920345274885,0.48992859846244347,31558,Low
-3.2808429208324092,-3.064678221431158,31557,Medium
0.3321824380340372,1.0191301168203222,31546,Healthy
-4.96404324168232,-0.1711084413421826,31532,Medium
-0.2436661562373662,0.3936115035851465,31531,Medium
1.358177384869691,-0.6107430616261608,31519,Low
0.4742546141748812,0.5524381177773396,31519,Healthy
-0.5427535554821361,1.4223805142087633,31517,Medium
0.6086631112252412,-0.47013522532406843,31515,Medium
0.48859648907867353,0.4205113818340177,31506,Low
0.50692842539575,0.43741002350355873,31506,Low
0.44635333147845363,0.3815710336389885,31506,Low
-3.229321849570181,-2.8499529889458253,31498,Healthy
-4.348806989007736,-1.571784712468548,31496,Healthy
-4.362140815876044,-1.584076025204636,31496,Healthy
-4.350816195796111,-1.5736368280863144,31496,Healthy
-4.349521004643274,-1.5724429023161839,31496,Healthy
0.9464373187045675,-0.27592227272413755,31492,Low
0.6336835423062429,0.7885167779017558,31490,Healthy
0.9346321418995898,-0.8776794198045638,31459,Low
0.24096287307899397,1.3608780055096033,31458,Medium
0.3795731826165336,0.1294041290448742,31457,Medium
0.8654730321722673,0.41612882465929146,31446,Medium
0.7970935813083895,0.35309566669265213,31446,Healthy
0.278271163528561,0.46356716154160227,31443,Critical
0.8700435646503434,-0.10376676260659234,31442,Medium
0.4922533962472513,0.5647389818492529,31439,Medium
1.376269059204925,-1.054545055475349,31432,Medium
1.0711171887491575,-1.563817509539153,31430,Medium
0.46157008023361484,0.042777245294821624,31427,Medium
0.9021273205668153,-0.1283238652193025,31422,Low
0.25727600724231864,1.6513977362364627,31410,Low
0.5597520925461527,-0.5801259090716913,31399,Medium
-3.296543463949019,-2.7606187407324683,31396,Medium
-0.05193829410572528,1.2665617573917973,31394,Healthy
0.10714687199395792,1.2920915556545758,31391,Medium
-0.7705216393840358,1.770827776653319,31389,Low
0.2669180054953021,1.1267472058635057,31383,Healthy
-4.481041478745524,-0.5179598226752805,31379,Medium
-0.1153807505251289,0.18149090287878067,31368,Medium
-0.4510887130458913,1.7276213505362952,31361,Low
0.44255978931753664,1.2134324336031679,31358,Healthy
-0.5020193213559208,1.0546732068598315,31357,Medium
1.2360575012619164,-0.2558805217828703,31356,Low
0.4634276112904524,0.004217366796735808,31343,Low
0.4817595476075289,0.021116008466276887,31343,Low
0.42125087374935244,-0.03466175443572265,31343,Low
-4.134513286946216,-1.828518184281952,31334,Healthy
-3.599898187254856,-2.9112838686596265,31330,Healthy
-3.6132320141231644,-2.9235751813957145,31330,Healthy
-3.6019073940432316,-2.913135984277393,31330,Healthy
-3.6005789928608345,-2.911911445025977,31330,Healthy
1.0599472278624142,-0.02739708219500122,31329,Low
1.062516288521339,-0.3787789241496531,31323,Healthy
0.7708400107116173,0.63112325705389,31295,Medium
0.2866842879642191,0.19505429637371868,31293,Low
0.7768539309439342,-0.8539267417920333,31284,Medium
0.4160139845740149,1.3880101863817045,31281,Medium
0.564993175458693,0.7022426445994058,31278,Medium
1.1707234127386015,-0.5187254406668332,31278,Medium
1.2390862585876994,-0.45570758944083656,31278,Medium
1.103889620773954,-1.3709262029441203,31271,Critical
0.5422306351269445,-0.996720926298379,31261,Medium
0.3937430861700234,-0.002282757726962746,31260,Medium
0.9449200122353087,-0.9791325118576876,31256,Low
0.6934912514060155,-0.37289760792940874,31251,Medium
0.6468860810923942,0.4212314563489875,31237,Low
0.1055983667293201,1.4588822130832773,31234,Healthy
1.2271860404047357,0.16058661806284638,31234,Medium
-3.0455161002680855,-3.171413391291234,31234,Medium
1.0836727857393733,-1.2944550739994747,31230,Medium
-0.67068906926972,1.5767166610341958,31219,Low
1.044654475937861,-0.3226524684661893,31217,Healthy
-4.861621570368863,-0.5306827415186652,31213,Medium
0.794873424556143,0.9236936279135104,31204,Healthy
-0.8540815938652617,0.950209559058879,31196,Medium
0.9684115426348842,-1.2059081132079388,31195,Low
-0.7029460954600928,1.0747001331303645,31191,Medium
1.9957073091446818,-1.8197161182051913,31186,Low
0.27904377244007084,0.044853242935693594,31173,Low
0.2185184935671143,-0.010939826706948569,31173,Low
0.2607118361229943,0.027954601266152568,31173,Low
0.707994753079446,0.6574261446327068,31166,Healthy
1.4524870973583295,-0.6283489469760805,31166,Low
-3.9593359015233722,-2.423526845370291,31164,Healthy
-3.5359982382587685,-3.123945636694844,31162,Healthy
-3.549298855097517,-3.136206335949647,31162,Healthy
-3.537974235017584,-3.1257671388313253,31162,Healthy
-3.536679043864747,-3.1245732130611947,31162,Healthy
0.4911279721338112,-0.14927617556709094,31126,Low
-0.04715909905576292,2.0059190007253664,31121,Medium
0.43606749547369184,0.14774746521686888,31121,Medium
0.7270768260762172,0.7766668636626884,31121,Medium
1.2962900468196,-1.040574786813994,31116,Medium
-0.8473722787353429,1.359267346912514,31108,Medium
-0.9160340148504802,1.2959739743549488,31108,Medium
0.29689395179681743,0.4147481876004068,31107,Critical
0.9604473822799869,-1.2378730242996863,31101,Medium
0.5214460176335449,0.1744871155855089,31099,Low
0.9795480817705776,0.021210622822649378,31091,Medium
0.9865799806726292,0.304389625250838,31091,Medium
-3.472823822319298,-2.272832701583089,31076,Medium
0.9102968225226867,0.40415289620380523,31074,Low
1.132013432467546,-0.08133704196747571,31067,Medium
0.465564066785515,0.024646865654415557,31066,Medium
-0.05649319880648572,1.1172889934236474,31062,Healthy
0.4813340913797641,0.7550769647927597,31053,Healthy
0.7943067594464948,0.27208042913682534,31050,Low
0.43463219422352883,0.07525891123348978,31044,Healthy
0.8215431838396664,-0.20260747755832653,31044,Low
-4.469691220216541,-1.5028673810182784,31041,Medium
-1.219067535776787,2.3041038383379213,31035,Medium
-0.754307913829931,1.3084531128545773,31027,Medium
1.7326073189077689,-1.3808143608750882,31017,Low
0.39328523142648314,0.1393526171100928,31013,Low
0.4354121539232432,0.1781858181206232,31013,Low
0.45376069525509966,0.19509976653080688,31013,Low
0.6892777645822056,0.3842565825376287,31003,Healthy
-4.164043040868262,-1.406463533278556,31000,Healthy
1.0239815163584411,-0.2586150887634598,30997,Low
-4.058202135720158,-2.148750509848772,30996,Healthy
-4.071535962588467,-2.16104182258486,30996,Healthy
-4.060178132478974,-2.150572011985253,30996,Healthy
-4.058899546340917,-2.149393392955765,30996,Healthy
0.2387821956498641,0.42121836290848846,30963,Low
0.9796006308071088,0.15173364330677622,30957,Medium
1.2060419153987822,-1.2825316241266551,30955,Medium
-0.48781184966253904,3.114142632667165,30954,Medium
-0.4194323987986613,3.1771757906338043,30954,Medium
-0.06613543753677101,1.5223517905133113,30954,Medium
0.3429258353184102,1.1458142008364018,30946,Medium
1.1054888383828256,-0.7923760938151532,30942,Low
0.6104883054057605,-0.25652424759882836,30941,Critical
0.5133903884271711,1.2345142330712386,30931,Medium
-0.0500815349263778,-0.3256716419913773,30925,Medium
0.349342354725888,1.2104816703372694,30925,Medium
0.7446954471336314,0.9738161275768136,30917,Low
-3.4836563348408114,-2.6184726381558887,30910,Medium
0.4041723569981241,0.1226960088341923,30903,Medium
-0.20500674722268383,1.9615011620926603,30903,Healthy
1.2027296310169329,-0.41620292598309294,30898,Medium
0.7401567156077258,0.32519234272910863,30890,Healthy
0.8643690855377199,-1.0533855107154262,30878,Low
0.04346775210219113,1.388150667840013,30877,Low
-0.7963164192914007,1.7845128654247566,30877,Medium
0.09062340309411893,0.23729044153773363,30877,Healthy
1.7017404898169506,-1.5184837306396441,30872,Medium
-0.4895454501773469,0.8631276005223539,30864,Medium
1.9515264534810222,-1.603318907806789,30851,Low
0.8041061675674996,-0.7365911461985499,30847,Low
0.8224381038845762,-0.7196925045290089,30847,Low
0.7619626400559596,-0.7754396539497229,30847,Low
0.5627398983271684,0.5900911115522646,30840,Healthy
-4.084158339708481,-1.446723992674249,30839,Healthy
-3.990381809539832,-2.158358712461567,30832,Healthy
-4.00368242637858,-2.1706194117163697,30832,Healthy
-3.992357806298647,-2.160180214598048,30832,Healthy
-3.99106261514581,-2.1589862888279177,30832,Healthy
0.9113462642723013,0.07335533093220546,30831,Low
0.5169518286197672,-0.05652129521283887,30800,Low
0.9934601996766586,0.3274168261179776,30797,Medium
0.2865386837492536,1.3556325457867227,30791,Medium
0.3549181346131313,1.4186657037533619,30791,Medium
0.564721410835418,-0.3832197906953268,30785,Medium
0.3325568999762224,1.5936862796660007,30785,Medium
-0.5706073834798303,2.1353385239368716,30781,Medium
0.49551960748035084,-0.2377264575340986,30776,Low
0.5977941814070424,-0.5450581662592651,30769,Critical
0.25691069691715945,1.6510609879423233,30765,Medium
1.4898429760837548,-0.7064514215404295,30764,Medium
0.7120647225868807,-0.9936304506870618,30762,Medium
0.5132902817540631,0.7517235690810884,30748,Low
-3.7972416213358526,-2.2220069467620096,30747,Medium
0.697343707325757,0.3097936634148954,30740,Healthy
0.8947970012226202,0.2417912551538518,30732,Medium
0.6534563067430591,-1.226932909428963,30728,Medium
0.6762024442954786,0.27056439384391756,30724,Healthy
0.4409116959507359,0.10024942346841303,30721,Low
0.4423859931644715,0.053593176235758204,30716,Healthy
-0.5507088992849523,1.0705113602016942,30714,Medium
2.5639289695557577,-2.6463413521995145,30708,Medium
0.46563158794947734,0.6602787627942248,30705,Low
-0.09693553596142063,0.21017505668800385,30701,Medium
1.573744199996212,-0.6676441627545971,30691,Low
1.209586650335827,-1.1033253976297777,30687,Low
1.2279185866529034,-1.0864267559602367,30687,Low
1.1674929378686267,-1.1421279851590227,30687,Low
0.3946507324386202,0.741105950082924,30674,Healthy
-3.2808429208324092,-3.064678221431158,30671,Healthy
1.0106588386364788,0.19789196024595138,30671,Low
-3.978962781819343,-2.3998829716105776,30664,Healthy
-3.9922633986580913,-2.41214367086538,30664,Healthy
-3.9809553835929385,-2.4017197804877015,30664,Healthy
-3.9796269824105415,-2.4004952412362854,30664,Healthy
0.8305627872434903,-0.7277784236714313,30634,Low
0.9344583511651469,0.31576004093311677,30634,Medium
0.9096584970412931,0.37948621624304646,30624,Medium
0.2896181376802033,0.40321715269018343,30622,Medium
0.2600762497493246,1.1015988754184578,30622,Medium
0.3285055156575423,1.1646779536070253,30622,Medium
0.6762261847643422,-0.10287490398562951,30619,Low
0.7881173350911661,0.413547658349012,30616,Medium
0.8086552173355287,0.7145629595431542,30604,Medium
1.121714874600263,-1.2593873311870485,30599,Critical
0.7755485075005838,-1.1000670748022794,30599,Medium
0.646520770767235,0.42089470805484813,30592,Medium
-4.659668813828282,-0.8819103277215884,30581,Medium
0.8606501777988423,-0.21418868391848053,30569,Low
-1.5329078647149756,0.6855173315925467,30568,Healthy
0.7759640617019629,-0.6826214806332975,30567,Medium
0.6890479069063249,0.5919975981539812,30566,Medium
1.0249379116852366,-0.8666290926728918,30564,Low
1.3410181780763084,-0.5279416718810687,30564,Healthy
1.0221104613551697,-1.0622062035497024,30553,Healthy
0.1008585202448048,-0.012142202163988768,30551,Medium
1.4084405101465272,-0.6136513347947741,30539,Low
2.5889440121109435,-2.97356831966661,30539,Medium
-0.22731291493824196,0.42560814504733163,30538,Medium
1.7684610668112775,-1.1523556439764,30528,Low
0.8752850060213687,-0.7017570468216258,30524,Low
0.8936667573827851,-0.6848124849301567,30524,Low
0.8332577136132884,-0.7404984073883,30524,Low
1.2144173423514883,-0.4949393040333038,30511,Healthy
-3.296543463949019,-2.7606187407324683,30509,Healthy
0.7528600084484873,0.46514903057594864,30507,Low
-3.7111244702614785,-2.2936304596868156,30489,Healthy
-3.724425087100227,-2.3058911589416184,30489,Healthy
-3.713067256990734,-2.2954213483420114,30489,Healthy
-3.711738855808337,-2.2941968090905953,30489,Healthy
1.3862465584462675,-0.3278513439736871,30474,Medium
0.82435063910824,0.4443751498747496,30467,Low
0.6071056344890428,0.014325437661603352,30462,Low
0.6191957636241116,0.5233586286338101,30459,Medium
0.23274093336390225,1.4343468869667249,30458,Medium
0.30117019927211996,1.4974259651552924,30458,Medium
-0.4216581896357928,2.190285094521566,30457,Medium
0.740603959799549,0.47471970001673125,30446,Low
1.3739094211742962,-0.4213460772762967,30440,Medium
0.5036061556464048,0.059714608466841644,30436,Critical
0.9099315121975277,0.4038161479096658,30429,Medium
0.8597113929234537,-1.9969128529418774,30420,Medium
-4.967746159978251,-0.17452184450550454,30419,Medium
0.9173536043033732,0.5002872646217587,30405,Medium
1.7166709772937525,-1.0087099690823402,30403,Low
0.4368044386237176,-0.4256487210567381,30401,Medium
1.3354302432863947,-0.8313627435589689,30398,Healthy
0.41496868078276195,-0.3119794563918373,30398,Low
0.31710973506479107,0.24284627970478162,30391,Healthy
-0.03904729275461992,0.5568654979681473,30387,Healthy
0.2999499443707322,1.1386752840589247,30384,Medium
-0.6003501377323868,1.1888884822295025,30377,Medium
2.2501718528293533,-2.292104836323821,30373,Medium
1.542092919048623,-0.8369028600977916,30373,Low
0.8195716250633881,-0.6169708509634969,30361,Low
0.8379035613804646,-0.600072209293956,30361,Low
0.7775277276405278,-0.6557275182708138,30361,Low
1.6841501314277083,-1.2636683454209225,30360,Low
-3.0455161002680855,-3.171413391291234,30347,Healthy
0.958407513226783,-0.23139254190219027,30344,Medium
0.9397566562634903,0.0020420573893064247,30341,Low
-1.750984518592241,3.058907308704777,30325,Healthy
-1.821373176244494,2.994022035120371,30325,Healthy
-1.8283638874668575,2.9875778973097944,30325,Healthy
-1.7601338817359993,3.050473294610649,30325,Healthy
0.7456830093296936,0.7278325829808503,30314,Medium
0.7989598911565123,-0.30409410384959024,30305,Low
0.069021134695126,1.6637229094510237,30297,Medium
1.0811745106147632,0.2028507123562044,30295,Medium
1.0127618497213255,0.13978694090827964,30295,Medium
0.5090333988023846,0.6396608820802335,30295,Low
0.6949390521350646,-0.6013969393391765,30289,Medium
0.7051786622423263,0.8287050125355226,30283,Low
1.1225624802772853,-0.010964554004095536,30276,Medium
0.44221444585901387,0.15776375164661843,30273,Critical
0.7443301368084724,0.9734793792826741,30272,Medium
-4.484711187011896,-0.5213426123573174,30266,Medium
0.967264857641898,-1.7329620788848112,30251,Medium
0.845221815380505,0.5944499438537428,30244,Healthy
0.5251448328483129,0.9948763021724478,30242,Medium
0.5956420480371932,-0.17715851632465351,30241,Low
1.4532104232911305,-0.7281746446900524,30234,Low
0.9401565030859024,-0.7696736940666885,30233,Healthy
0.3586362275030214,-0.6042805378979623,30229,Medium
0.3861413394395407,0.1401901079761751,30227,Healthy
0.4303190717710277,0.9206970456880357,30218,Medium
1.2352037137493466,-0.027229064914837797,30212,Low
-0.8741519087921136,1.3358519928023507,30211,Medium
-0.5782795272974134,2.16806890636881,30205,Low
2.3601864767697713,-2.7793434183179433,30200,Medium
0.7676645467976321,-0.5418138279313455,30197,Low
0.7860629031738284,-0.5248539592992337,30197,Low
0.7256870694338916,-0.5805092682760916,30197,Low
-3.472823822319298,-2.272832701583089,30190,Healthy
0.7659808105792884,0.43235237098156554,30178,Low
1.5780022610426294,-1.5546026103008863,30172,Medium
-1.588860048719621,2.920772903690486,30163,Healthy
-1.6592487063718742,2.85588763010608,30163,Healthy
-1.6662394175942374,2.849443492295503,30163,Healthy
-1.5979762018338195,2.9123695030776435,30163,Healthy
0.8226963890189745,0.5356320235849772,30152,Medium
0.48220528319664285,0.21625074820439438,30148,Low
0.7665036243429519,0.717337926745666,30132,Low
0.6981241734790742,0.6543047687790267,30132,Medium
1.0593164854349415,-0.7613354663708487,30129,Medium
0.10059564251375205,1.0024991472263436,30125,Medium
0.5846470554710315,1.019159878244157,30120,Low
0.4069772861655926,0.57478038666323,30120,Low
0.9715503216191498,0.14994641800218245,30110,Medium
0.5129747864732438,0.7514327410088771,30103,Medium
-4.865274673620455,-0.5340502244600591,30100,Medium
0.691448580559609,-1.1919110868384648,30097,Critical
0.3257190779531678,-0.5171498299862533,30085,Medium
0.5265048927471139,-0.059973481418063336,30084,Low
0.7032342140334307,0.3613737816596457,30080,Healthy
0.589627453348952,0.7283266628538517,30076,Medium
1.4050172127104728,-0.34602392509150703,30071,Low
0.3428196871971632,0.3526598665079356,30070,Healthy
-0.1366973234525811,0.5161779653848136,30062,Medium
0.05999748029564965,1.7847303295851173,30057,Medium
1.4510849957481682,-2.6220410002385512,30055,Healthy
-0.40759871653429053,0.710202935463898,30048,Medium
0.9960863128966496,-0.23015511820246395,30040,Low
-0.07558220689143119,0.6028489749822824,30036,Low
0.8445724742202851,-0.7759933218305429,30031,Low
0.7841966404803483,-0.8316486308074008,30031,Low
0.8261907228588687,-0.792937883722012,30031,Low
1.8555437543735596,-1.9525391305766997,30028,Low
-3.4836563348408114,-2.6184726381558887,30024,Healthy
1.0958728256847383,-0.12077383392615942,30015,Low
0.5125864220215758,0.9491306726704791,30011,Medium
-0.8166376722787821,1.9189748603315722,30004,Medium
-0.8870263299310353,1.854089586747166,30004,Medium
-0.8940170411533986,1.8476454489365892,30004,Medium
-0.8257206153634206,1.910602073200015,30004,Medium
0.38505696436797743,0.29601176424091136,29991,Low
0.8152612871551915,0.5019078676239845,29990,Medium
0.4779793692746895,1.4631472568594097,29978,Medium
0.5464086351829073,1.526226335047977,29978,Low
0.7242744906884728,-0.5161239023452628,29963,Medium
0.5775730769025799,0.510498437410544,29958,Medium
0.1093626754964653,1.6589354052482712,29953,Low
0.9607751889784245,0.08737904492316682,29951,Low
0.410129539537085,1.0611361544014788,29944,Medium
0.8140061505628526,-0.6475537378208714,29937,Critical
0.5764585713869468,0.6449961168936594,29933,Medium
-4.473360928482912,-1.5062501707003153,29928,Medium
0.7183757544293633,-0.3783777161886142,29927,Low
0.5385143801608688,0.8214837260004101,29920,Healthy
0.9065118272302083,-1.4787091389735012,29918,Medium
1.1298292030239,0.1321284214769356,29916,Medium
0.5789761907940006,-0.12723834468252274,29910,Healthy
1.350302667339428,-0.4213507444367563,29904,Low
0.45571359407849205,-0.4740851811926544,29896,Medium
0.31192042481394816,1.2657927293949587,29893,Medium
-0.44476320011045944,1.0679444764035013,29890,Medium
2.7988021413969646,-4.418847919027741,29886,Healthy
0.4788091377816279,0.5357415413611083,29877,Low
0.4183834889973511,0.48004031216232235,29877,Low
0.4605270165088913,0.5188888199134954,29877,Low
1.1096128270692764,0.018385379067315112,29877,Low
-0.004992232768923504,0.48152519784960107,29866,Low
-3.7972416213358526,-2.2220069467620096,29860,Healthy
2.1919208687995506,-2.362510269060935,29859,Low
0.9151837592738903,0.3209767220698536,29851,Medium
1.2962264578614002,-0.6162490326799774,29848,Low
-1.2278597365491166,2.1946647208758407,29837,Medium
-1.29821518417181,2.1298100607727197,29837,Medium
-1.3052058953941732,2.1233659229621433,29837,Medium
-1.2369094696041953,2.186322547225569,29837,Medium
0.5171652777872191,0.07427729744921067,29834,Low
0.6905290269782205,0.7040473951803792,29828,Medium
0.30556319169655877,0.9879975301209823,29808,Medium
0.3739924576047764,1.05107660830955,29808,Low
1.329311071191515,-1.2179755068320415,29803,Medium
1.0979379951360382,0.6407312341000326,29799,Low
0.4639857788335574,0.6883359334924954,29792,Medium
0.3465059827463503,1.3968824252323653,29788,Low
1.4800153772761933,-0.2625165159144786,29787,Medium
0.4747967124402675,-0.3906268984662401,29771,Critical
0.4016045414547139,0.1419518291247277,29770,Low
0.9124911501438256,0.23712638765313465,29767,Medium
1.7244893600654967,-1.497513495959145,29758,Low
0.5783836777853707,0.5633450124243647,29757,Healthy
0.9191259928001924,-0.7580498298777147,29749,Healthy
0.8383901125418447,-1.5216218125296466,29749,Medium
0.8989194824959096,0.06858589945134408,29747,Medium
1.1385163603304356,-1.1582471652688702,29739,Medium
0.7537326598704928,0.5780978341988393,29738,Low
1.194766074521184,-0.0721649661509625,29733,Medium
-0.2699303503567275,0.4750372245588739,29727,Medium
0.898995046894023,-1.0937926702709284,29720,Healthy
1.5021526965651917,-0.5825664857137642,29714,Low
0.7031291876740948,-0.5946769611561766,29711,Low
0.7214611239911713,-0.5777783194866356,29711,Low
0.6611517103103544,-0.6333724015009227,29711,Low
-0.7796377924982343,1.7624243760404765,29697,Low
-0.11278274031562538,2.5165642725658195,29696,Medium
1.1515856321965467,0.21839519012562875,29695,Low
-4.659668813828282,-0.8819103277215884,29694,Healthy
2.3806729377369593,-2.829266323483891,29686,Low
0.8941001817857421,-0.7010855221266425,29674,Low
0.963635635734642,0.34616596201949035,29668,Medium
-0.851061297329724,1.4712413533906876,29667,Medium
-0.9214167449524172,1.4063866932875668,29667,Medium
-0.9284074561747806,1.3999425554769902,29667,Medium
-0.8601110303848026,1.4628991797404158,29667,Medium
-0.6824717792382395,-0.25824611757755883,29645,Medium
-0.6140425133300218,-0.1951670393889914,29645,Low
0.6296076250910372,-0.06988585734864679,29642,Medium
0.6248472706275225,1.2835706906267752,29642,Low
0.4437999356638556,1.2953606685208339,29627,Medium
0.34145347544810434,0.8847249705688661,29626,Medium
1.3736655119367653,-0.45937206770296524,29621,Low
1.1391643893507675,0.4727143438789079,29613,Medium
0.30440640758170867,0.22166692493931656,29613,Low
0.3966783163639112,-0.5692127950855361,29598,Critical
2.586428764582604,-2.6256007186286556,29595,Low
1.5388419837012193,-1.0206858070601648,29594,Healthy
1.1965054602937453,-1.3921921950035363,29586,Healthy
0.9695494054184903,-1.583197343896041,29583,Medium
0.3845914043512573,0.7575849414044403,29574,Medium
-0.10472077914317807,0.845162746952907,29573,Medium
0.8663932983072821,0.4768837234932421,29573,Medium
1.4231694127184569,-0.5508324787506323,29572,Low
-1.0422748591563942,1.9107914377616417,29567,Medium
2.418883427601198,-3.7967283088544526,29550,Healthy
1.0736471155653033,-0.2128326275011435,29545,Low
0.705078028276284,-0.6007182023530179,29545,Low
0.7234099645933605,-0.583819560683477,29545,Low
0.6630839458977635,-0.6394289494384067,29545,Low
0.615883122691881,0.9644448450805913,29536,Medium
-4.967746159978251,-0.17452184450550454,29533,Healthy
-0.6798052223839184,1.5683132604213534,29528,Low
1.2898493420677937,-0.7618421019305286,29525,Low
2.6601447860495706,-2.9920379313899477,29520,Low
0.9957799189739274,-1.164893553462673,29507,Low
-1.3497165258684178,2.4952262621491887,29502,Medium
-1.420071973491111,2.4303716020460677,29502,Medium
-1.4270294746839145,2.4239580777167764,29502,Medium
-1.3587330488939364,2.4869147019802025,29502,Medium
1.6095099738668965,-1.6790764734533286,29489,Medium
0.8335754948641175,-0.25845919997992706,29485,Medium
0.8391781709946575,0.2484912322695444,29479,Medium
0.9076406469324351,0.31160092393939715,29479,Low
0.4022558318369848,1.1965823112024492,29476,Low
0.9854627557477579,0.6975688349293874,29473,Medium
0.9895591279547489,-0.19040082821455018,29459,Medium
0.4365811410600702,-6.3148898133274795e-06,29456,Low
0.9713328526661863,0.062357828704699296,29452,Low
-0.0005387446602073345,1.754772488877076,29447,Medium
1.3706780467873076,-0.6036996677521244,29434,Healthy
-0.09865523459169132,0.5512457081972397,29432,Critical
1.9306830475718375,-2.4639311756614592,29426,Healthy
2.611178126901311,-2.9530725939460343,29426,Low
1.4495097669936323,-2.241260547023597,29419,Medium
0.41402918926660204,1.2239761920355243,29413,Medium
1.2620372067586692,-1.5173555171673565,29412,Medium
1.301049529110682,-0.1959699389073417,29409,Low
0.5327358686717941,0.6561746478511743,29405,Medium
-0.9852595685484515,1.6612150539635775,29404,Medium
-4.484711187011896,-0.5213426123573174,29379,Healthy
0.9610450735087233,0.1191684056758071,29379,Low
0.7982171971363243,-0.7168126929232758,29378,Low
0.7378911784407274,-0.7724220816782056,29378,Low
0.7798686558044678,-0.7337266413334594,29378,Low
0.4260047060472638,1.274369758471845,29376,Medium
2.4562233737304036,-4.207513501014181,29375,Healthy
1.0505994092616135,-0.22162968651905693,29359,Low
0.7851906063322964,0.26367702852398295,29359,Low
2.7073309094667666,-3.2166207857966755,29351,Low
0.9559860487313185,-1.1710708919543014,29341,Low
-1.2844437398914286,2.3850793298350865,29337,Medium
-1.3547991875141217,2.320224669731966,29337,Medium
-1.3617898987364851,2.313780531921389,29337,Medium
-1.2934602629169472,2.3767677696661003,29337,Medium
0.7074325094655569,0.7395545795721186,29329,Medium
1.1748570694931917,-1.5813416086739016,29313,Medium
-0.05998174275185551,1.731790075252346,29312,Medium
0.008447523156362232,1.7948691534409136,29312,Low
0.8843165201149652,0.5326767771510121,29312,Low
1.1463929913325928,-0.021474307596269476,29310,Medium
0.10285736298295883,1.4206428044044541,29296,Medium
0.8134994400438132,-0.7753844412063091,29296,Low
1.2773818575593292,0.1576288040295099,29286,Healthy
0.8057922636455371,0.4691457511950106,29286,Low
0.3381307615644274,1.0224279905204448,29278,Medium
0.4937556829393818,-0.43901743838022833,29266,Critical
0.8379748792676139,-0.7130176985521264,29265,Healthy
2.272405967619721,-2.271609110603246,29259,Low
1.3860343355181832,-2.137353766179298,29256,Medium
-1.7996983060004963,1.7587303290509169,29251,Medium
0.4066356483986224,0.9242501218158652,29246,Medium
-0.7246645482719837,1.2276048169604,29240,Medium
2.060699336993448,-1.7598055353296629,29239,Low
0.4781073738149359,0.8952162212481586,29239,Medium
1.060374252887681,0.24372034173019566,29219,Low
0.9421772448891136,-0.7111789871526205,29218,Low
0.9605091812061901,-0.6942803454830795,29218,Low
0.9002329775549331,-0.7498438140160811,29218,Low
-4.865274673620455,-0.5340502244600591,29213,Healthy
2.6728667215197928,-4.107629381332844,29209,Healthy
1.1120225615276846,-0.31890134717137025,29206,Medium
1.4425218135301558,-0.7166012378750253,29196,Low
0.034351598987992685,1.3797472672271707,29186,Low
2.5947454724249663,-2.8846044458790825,29184,Low
0.3276806511419147,0.27338154569981865,29181,Low
-1.5677262096471427,3.246133977163958,29180,Medium
-1.6380816572698358,3.1812793170608376,29180,Medium
-1.645072368492199,3.1748351792502607,29180,Medium
-1.5767427326726613,3.237822416994972,29180,Medium
1.0882401362154241,-0.04537618586714118,29166,Medium
0.5433909962663545,-0.22977960300897937,29146,Medium
0.6151942422977126,0.8264903556055906,29146,Low
0.20448600027595665,1.288611892385762,29146,Medium
0.27296508122851415,1.3517368907962575,29146,Low
1.1398062209557431,-0.16478236407079155,29143,Medium
0.5669310187898254,0.642393188704247,29133,Medium
0.9151957822467784,-1.239177165801697,29129,Low
0.5808025297296491,0.8737458863863369,29129,Healthy
1.1051145114354477,-0.060143944442233914,29119,Low
0.22767886125502543,1.3486326129954431,29111,Medium
1.176608264235665,-1.123133502234516,29109,Critical
1.8562536625892734,-2.3380838324665647,29105,Healthy
2.3824371965749185,-2.7588323858567247,29087,Low
-2.096302607806563,2.012126031883193,29086,Medium
0.662084437833881,-1.3520831198316992,29084,Medium
0.4801327197150983,0.9535020275044409,29083,Medium
-0.9778669102914008,1.641635421468914,29077,Medium
0.7482534456721582,0.43877509105992646,29072,Medium
1.7975993467565348,-1.3209037779995598,29070,Low
0.8025090026405696,0.5109161850976222,29055,Low
1.1697313123653288,-1.5395858009870236,29049,Low
1.1880632486824052,-1.5226871593174824,29049,Low
1.1277870450311482,-1.5782506278504842,29049,Low
1.5273322114867587,-0.7106291279939345,29043,Medium
-4.473360928482912,-1.5062501707003153,29041,Healthy
2.4706297861891326,-3.925357417133936,29039,Healthy
1.0939038820430387,-0.010159531881543093,29036,Low
-0.035527404461483295,1.0116683534906534,29024,Low
2.551423820182589,-2.672134687347322,29021,Low
-1.691301378391536,3.3379526121420353,29020,Medium
-1.7616900360437893,3.273067338557629,29020,Medium
-1.7686143272070327,3.2666844277096234,29020,Medium
-1.7002846913874947,3.3296716654543346,29020,Medium
0.456465619790939,0.6518294419594544,29014,Low
0.3681047952718827,0.9963131221350744,29000,Medium
0.6604091908127562,1.075908472006563,28986,Medium
0.3424562762784024,0.2674604114051985,28983,Medium
0.6723216053601929,0.8397614704384722,28983,Low
0.6387745375567074,0.9274338066223229,28983,Low
0.6038425244076354,0.7766364720279767,28983,Medium
0.5686847688559223,0.6385911174169012,28969,Medium
1.4885475638067944,-0.9519984592520617,28966,Healthy
0.8753853069893898,-1.2453698110339682,28963,Low
1.4240845273652492,-0.26531890935383295,28959,Low
0.7575726039024288,0.6188931712803726,28948,Medium
-0.06593146461719007,0.8809192930942547,28942,Critical
1.130811426044369,-1.2826113800270318,28942,Healthy
-1.630442111547855,1.442741699048004,28924,Medium
1.2704616431000662,-0.20751671821584985,28923,Medium
0.9327451799152842,-1.5468476081738283,28917,Medium
1.8777778691639269,-1.9320434048561241,28914,Low
-1.1672278370886597,1.6238781558123963,28911,Medium
0.5602138451351673,0.7450356164742243,28906,Medium
2.016518481329788,-1.5434083249312607,28904,Low
0.9894720705146924,0.04787043887355082,28889,Low
-0.08453761017491243,2.5426010383990523,28886,Healthy
0.7230289271392794,-0.8057715865070323,28880,Low
0.7413608634563558,-0.7888729448374913,28880,Low
0.6811510798642186,-0.8443751864079221,28880,Low
0.5997278131085679,0.5246466723361585,28874,Medium
1.5957474907722158,-0.9899775052711053,28873,Low
0.22496758064384104,0.3667857156399263,28864,Low
2.1857572673827357,-3.8036697033427083,28863,Healthy
2.4241456034955418,-2.6226569451152524,28855,Low
-0.8035238437239917,1.351751756947404,28851,Medium
-0.8739125013762448,1.286866483362998,28851,Medium
-0.8808367925394883,1.280483572514992,28851,Medium
-0.8125071567199503,1.3434708102597033,28851,Medium
1.399257936973209,-0.6221159623701873,28847,Low
0.2130729375055844,1.6973396108993128,28843,Medium
0.7721296245759489,1.1228481362223517,28828,Low
0.7036505436233913,1.0597231378118561,28828,Medium
1.0921324292070405,0.059173146035768336,28823,Medium
0.6977961584695223,0.8348597873017898,28820,Low
0.7446946334582694,-0.5711830277562603,28817,Medium
0.8761171736823463,0.3538405330801809,28809,Healthy
0.21294011503052243,0.40462304650966247,28806,Medium
-0.12486699832730823,0.5928749254508741,28799,Low
1.0238963761511344,0.08767804050661172,28793,Low
1.3001291106638988,-1.4822418541330022,28782,Critical
1.11028621358325,-1.3916945548301618,28776,Healthy
1.2830060349956314,-1.0528201793281542,28769,Medium
-2.2322036621256225,2.136774866591093,28757,Medium
0.6036701711581123,0.5944089823465971,28756,Medium
0.6821717994798432,-0.9800786846377755,28754,Medium
2.2141217735603576,-2.342045156821645,28745,Low
1.638736227844978,-0.6077335798790686,28744,Low
1.0061842333674607,-0.14766522805925167,28737,Medium
-0.9512064068897977,0.8332861473863289,28733,Medium
0.6432813970788159,0.9897009671410465,28726,Healthy
0.8155965947418107,0.4780889120219537,28726,Low
0.9781081754344766,-0.5804717676906211,28722,Low
0.9178817868275595,-0.6359893160016947,28722,Low
0.9597762391174001,-0.5973704093601622,28722,Low
1.4302374914233036,-0.6862702679348354,28709,Low
0.8739281204377641,0.7765029559499791,28709,Healthy
0.7778299597071429,0.029562125454086614,28701,Medium
0.23894124892766097,0.2778902402966518,28700,Low
-0.9768706646157355,1.9405508800472255,28688,Medium
-1.0472593222679887,1.8756656064628194,28688,Medium
-1.0541836134312323,1.8692826956148134,28688,Medium
-0.9858041625673543,1.9323158535814529,28688,Medium
2.6131923930577226,-3.0915603290038467,28686,Low
1.5329269508900847,-0.845352180932562,28681,Low
0.8407244564636716,0.35286162804880694,28679,Medium
1.2353000773045206,0.3262427744166163,28677,Medium
1.3037625532422983,0.3893524660864691,28677,Low
0.8639640638899754,0.8893141620492462,28669,Medium
0.6513919489521505,1.2133001987014513,28663,Low
0.21634555299373212,1.0196956014623428,28654,Low
0.6153160900683841,-0.5158629546003106,28647,Medium
1.1142407587813183,-0.34320302336299247,28646,Healthy
0.911944774166804,-0.9023226195459313,28640,Medium
1.6747596807187273,-0.8370098361213318,28630,Low
-1.7616064020952664,1.7938439920852711,28621,Critical
0.5928257631192639,-0.5367707802310929,28610,Healthy
0.32964182349444177,1.1335688083222415,28600,Medium
-2.6513571435573597,3.2267550733551866,28598,Medium
0.038855506161500866,1.6737013943387908,28593,Medium
1.0208059350634735,-1.4998782054117903,28592,Medium
1.8334530946600434,-1.0924450611008714,28580,Low
0.920633489642171,0.5945273519955688,28580,Medium
2.4028572374829866,-2.8088165179852433,28573,Low
-4.867295447278705,0.0260901618209023,28569,Medium
0.5690948809227467,0.4231282821248601,28567,Low
0.587127926973784,0.4397514024628324,28567,Low
0.5267022781895072,0.38405017326404645,28567,Low
0.4501151875077667,1.2965951458850455,28566,Healthy
1.1454720048324807,-0.07505259962641389,28563,Low
1.3967105150373673,-0.7959085664797746,28543,Healthy
1.8592901872378087,-1.589741998674502,28543,Low
0.6316092081720525,0.7625814946543973,28538,Medium
0.5582139313660144,-0.4066451422242313,28534,Low
1.2260875606351482,-0.03563246552768019,28521,Low
2.600129182491333,-2.9007950570175702,28519,Low
0.68085957591461,0.6432753045821437,28516,Medium
-0.34639809897786644,0.4322801872757432,28515,Medium
-0.41683657167445937,0.367348993469409,28515,Medium
-0.4237608628377029,0.36096608262140306,28515,Medium
-0.35538141197382506,0.4239992405880424,28515,Medium
0.8671400406447528,0.720951349220817,28512,Medium
-0.8795896967185466,1.9023578489319448,28504,Medium
-0.811110615765989,1.9654828473424404,28504,Low
0.09286902801487079,1.9582897584786003,28503,Low
0.24857436073018235,0.20046023327799503,28494,Low
0.3007932005132014,1.2993469142393312,28489,Healthy
0.22439292894125193,0.2936788264250062,28481,Medium
0.8224814428484835,-0.14874005356302414,28470,Medium
1.5870736280468365,-0.9927801462962162,28461,Low
-2.0582107039013335,2.0472396949175473,28455,Critical
0.6731905018816595,0.47388473375803003,28443,Healthy
0.31927288815225396,1.5814408871518406,28439,Medium
-2.276964724957561,3.2081492133223755,28436,Medium
-1.572650093091819,1.2453066042677545,28435,Medium
0.5619860338783718,0.8029695224065128,28430,Medium
1.7491919743208142,-1.203711842323466,28412,Low
1.0193050354982613,-0.18046188765363477,28410,Medium
2.6823290857955984,-2.9715881258913,28407,Low
1.2025424445223734,0.12373384494319152,28404,Low
1.1421167957380967,0.06803261574440546,28404,Low
1.1844595834269962,0.10706480438329093,28404,Low
-3.782745679952771,-2.092251361093703,28403,Medium
1.3458422420239227,-0.5705124916395893,28397,Low
1.1394208359146196,-0.29364522511091495,28396,Healthy
1.1072853210187803,0.13246519624579806,28386,Healthy
2.1186082563173487,-1.8610765842680197,28380,Low
0.7377178993315662,0.2848802450423965,28369,Medium
0.37970877739499803,-0.12323081673563065,28368,Low
0.796230489306167,0.8418619990669337,28355,Medium
0.39949909892204327,1.073168064712262,28353,Medium
2.5658631369781317,-2.8697062281409975,28353,Low
-0.5646874820598449,1.2374735941198127,28352,Medium
-0.6351259547564378,1.1725424003134788,28352,Medium
-0.6420502459196814,1.1661594894654728,28352,Medium
-0.5736707950558037,1.229192647432112,28352,Medium
0.9869203447381114,-0.23860443903723444,28349,Low
1.0397691343016309,0.17145503146393118,28346,Healthy
1.2068321880028148,0.32545614907013765,28346,Low
-0.11463369487321573,0.9387470410688297,28337,Low
0.1558439328556949,0.18554811422121975,28331,Medium
0.2243230138082525,0.24867311263171527,28331,Low
1.121994557722261,-0.36486875836072413,28326,Medium
0.521074291515504,-0.1250737203016534,28318,Medium
-0.16530537303281057,1.9252522872079432,28306,Medium
1.3758738291588826,-0.20248919921025268,28301,Low
-1.5923834176721852,1.4778247486010727,28294,Critical
-1.6750083875685295,1.498212019756387,28273,Medium
0.7748499282819775,0.40131757257549455,28269,Medium
-0.9184125380326635,0.37211550422544815,28269,Medium
0.9747434477164469,-0.5918101704382912,28266,Healthy
-0.5811023798100067,2.165466760459551,28258,Low
0.4794994701990929,0.4754015351804901,28257,Medium
1.3479034943920036,-0.5713277478923425,28244,Medium
1.6928684325807353,-0.7111095340209433,28244,Low
1.735161405225295,-0.6721232656039859,28244,Low
1.753294081365012,-0.6554083048221574,28244,Low
1.2011349962999491,0.264070504203446,28243,Low
-4.093623570278966,-2.058418775707841,28239,Medium
2.7294819991832338,-3.1962015937793136,28237,Low
1.5547636959032538,-0.6853423924521937,28233,Healthy
0.7277962089336549,0.7526210804857651,28229,Healthy
1.8963797304249057,-1.0463764585231141,28226,Low
0.7244342601309288,0.7609152266458135,28208,Low
0.571788593288179,0.8566601923997584,28206,Medium
1.170569621750274,-0.0862085260551726,28192,Medium
-1.2088124282882113,2.3005934442127605,28189,Medium
-1.2792509009848043,2.2356622504064263,28189,Medium
-1.286175192148048,2.2292793395584205,28189,Medium
-1.21779574128417,2.2923124975250597,28189,Medium
0.3313773842336798,1.0302553911561163,28187,Medium
1.1003970438663981,0.009890138010616481,28186,Low
0.5495253475824953,1.1044897294849596,28182,Low
0.3824622938813114,0.9504886118787529,28182,Healthy
3.070199861732759,-4.011200195467183,28181,Low
0.1458945002616686,0.293895016699388,28177,Low
0.5780864725539921,-0.11709607499355167,28165,Medium
0.6465987635361097,-0.053940463101770746,28165,Low
1.5797174183762732,-1.1256373015112184,28162,Medium
0.2145721151887592,0.31614251254542436,28152,Medium
-0.6832136139154795,2.834247536622709,28143,Medium
1.2098683849583924,-0.05733199834411611,28137,Low
-2.194111758220393,2.171888529625447,28127,Critical
0.12516071611354476,0.17719863129111846,28107,Medium
0.23218517543930564,1.3770163255889365,28106,Healthy
-0.8808776392973607,-0.4181196722113285,28100,Medium
0.7273199479755805,0.4624743075025711,28100,Medium
0.787919598961204,0.45317047865732374,28094,Medium
-0.07840505940402448,0.6002468290730233,28088,Low
1.7066816695964278,-0.9202380713451569,28078,Low
1.7247977407213648,-0.903538417303971,28078,Low
1.6642724618484082,-0.9593314869466132,28078,Low
1.21077950549943,-0.4968717830095794,28075,Medium
-4.158025632009897,-2.058975249777336,28073,Medium
1.3393488911268563,-0.7162127080746394,28073,Low
2.616879957126654,-2.864200560602363,28071,Low
0.527348274666281,0.9311827364857888,28069,Healthy
0.6271759025398428,0.5499487146185418,28064,Healthy
2.295634852253702,-2.4622183269970552,28057,Low
1.2101937490810488,-0.1957724738643876,28042,Medium
0.5765068193592321,0.5432799547202887,28039,Low
0.6460180257014233,0.6298395343110428,28026,Medium
1.4929369133623136,-0.5910617267704628,28023,Low
-0.6362605693654375,1.1996199904821925,28022,Medium
-0.7066990420620305,1.1346887966758585,28022,Medium
-0.713623333225274,1.1283058858278525,28022,Medium
-0.6451940673170563,1.1913849640164198,28022,Medium
0.33897134363571935,1.010920589156342,28021,Medium
0.7201724899377013,0.32124478847708765,28018,Low
0.15983495851592852,0.2049689278748281,28014,Low
1.0420091791171007,-0.39410028849040846,28013,Healthy
1.1678087710900824,-0.2781364213813119,28013,Low
-0.174891856795045,1.2694233782319742,28002,Medium
-0.10637956581292746,1.332578990123755,28002,Low
0.9775899046879063,-1.2698373691045446,27999,Medium
0.005083361953848304,1.9761405460297157,27986,Medium
0.2893627427169431,0.18313407356498274,27985,Medium
1.3199757520706932,-0.11793252710637005,27977,Low
-2.61329844968169,3.261838122908255,27968,Critical
0.37293282227050684,-0.3300083868293516,27944,Medium
1.0013860349028259,-0.20965016401843958,27940,Healthy
-1.8473775526706047,2.1003760398462106,27938,Medium
0.6919444654626977,0.8165055402432906,27937,Medium
0.3120240277052223,1.048637391441992,27928,Medium
-0.007765270237176918,0.47896897216227013,27919,Low
1.7142756289984673,-0.9395728733449312,27912,Low
1.7324083051381842,-0.9228579125631027,27912,Low
1.6718830262652278,-0.9786509822057449,27912,Low
-3.119614860521676,-3.677209980720075,27909,Medium
2.5735749098990564,-2.65171549532996,27908,Low
1.100115563335456,-0.17598498592252504,27907,Low
1.2778412925397051,-0.610729023522565,27906,Medium
0.8689332290511276,0.08338139321046266,27903,Healthy
0.8053776792270975,0.05495600818032622,27892,Healthy
2.668603037102915,-3.0651685053080904,27888,Low
0.4981996684030945,0.9852391384372917,27879,Medium
0.8650010643714598,0.1990968036777585,27872,Low
-0.26413769056287195,1.020545571723707,27865,Medium
-0.334526348215125,0.955660298139301,27865,Medium
-0.34145063937836856,0.949277387291295,27865,Medium
-0.27307118851449086,1.0123105452579344,27865,Medium
2.5292688717509146,-2.355883267039608,27861,Low
0.5459156934153695,0.8235834428655293,27860,Medium
0.8075750475520409,0.37938328067208105,27857,Medium
1.0644147273476452,-0.2213431752984848,27854,Low
0.479091035939502,-0.4795817613866976,27847,Low
0.27204311263026437,1.0336489575821974,27847,Healthy
0.39784270460324594,1.149612824691294,27847,Low
1.1794906577877085,-1.4525377673306592,27839,Medium
-0.0027385323949429092,0.9162631106147529,27835,Low
-0.07123421836228047,0.8531228054636146,27835,Medium
0.8230548421727909,-0.07902145283242022,27831,Medium
0.3964076658418463,1.0082352587207375,27822,Medium
1.3677615379346657,-1.340892245334177,27817,Low
-1.5345913992161493,1.2803896538208235,27804,Critical
-0.6519844696462676,1.330080924911252,27781,Medium
0.006152504994072426,1.7252673486268841,27779,Healthy
-0.6394994503149662,0.11681960378399009,27777,Medium
0.5714128586914028,1.006960405951925,27774,Medium
0.6235512646408874,0.3832379006479224,27759,Medium
-0.7823942249517077,1.7598834570937885,27750,Low
0.8738819100191677,0.6545538880667464,27749,Healthy
1.323663793510887,-0.1321631150446106,27748,Low
1.341796469650604,-0.11544815426278204,27748,Low
1.2812711907776475,-0.17124122390542423,27748,Low
1.4919715475448787,-0.6710177642410642,27744,Low
-4.284959889946014,-1.8511463813480937,27743,Medium
1.1619827951933377,-1.2675216015626438,27742,Medium
2.4462302731528895,-2.602298980060461,27742,Low
0.659206742736347,0.788021297602565,27728,Healthy
1.4897038620044383,-0.676143189252452,27728,Low
0.2572049158872543,1.3662712464243079,27716,Medium
1.2787801984221736,-0.5053904709318663,27706,Low
0.5474286223083034,1.0855996049491377,27699,Medium
-0.5705015745860532,0.9312472351948199,27696,Medium
-0.6408902322383063,0.8663619616104139,27696,Medium
-0.6478145234015499,0.8599790507624079,27696,Medium
-0.579435072537672,0.9230122087290472,27696,Medium
0.25207487952199564,1.1720055214268357,27691,Medium
0.9517794752615053,0.1106272443971804,27687,Low
0.30589820488724395,1.2681029954557987,27687,Healthy
0.43171440187500554,1.3840821693055378,27687,Low
0.3006024869832656,-0.1961521291574543,27681,Low
1.2503587475202083,-1.5760241806696222,27678,Medium
3.2628124690193387,-5.181268362373504,27672,Low
-0.8540458927095452,1.4645539315646454,27669,Medium
-0.7855336017274278,1.5277095434564265,27669,Low
-0.15496177711445916,1.069395856355696,27668,Medium
-4.096194218914361,-1.727930912077386,27661,Medium
1.5978449569061774,-2.016652580584898,27651,Low
-1.6369164836632997,1.5333256827907413,27643,Critical
0.5492226500889521,0.698139670459615,27616,Healthy
-1.351580725708088,1.2953318315852484,27616,Medium
-1.6375377165110871,2.895901314646301,27615,Medium
0.9475575972135759,0.07519487937157747,27604,Medium
0.1059396062515767,-0.19391590622937951,27593,Medium
1.2795519757921594,-0.07609606351734458,27585,Low
1.2976846519318765,-0.05938110273551592,27585,Low
1.23715937305892,-0.11517417237815814,27585,Low
1.1433702210725414,0.035439248493060814,27584,Low
1.3634594350694276,-0.7695399039075332,27582,Healthy
-0.6825782598521719,1.5657570347340226,27581,Low
-4.016324703542086,-2.306039839543724,27577,Medium
2.6352770627150703,-3.0712023639490553,27572,Low
0.36028593713273666,-0.3968139702496383,27570,Medium
1.8178068760466024,-1.225559085961293,27567,Low
0.7653652489402006,0.3103659682124923,27559,Healthy
0.2659652250734759,1.3474901816756424,27553,Medium
0.7819025519837172,0.6165850908622263,27546,Low
0.4197493505663988,1.2957414050477225,27539,Medium
-0.6884540148177116,1.2743944997090648,27529,Medium
-0.7588426724699646,1.2095092261246587,27529,Medium
-0.7657171485888684,1.2031722354985808,27529,Medium
-0.6973875127693304,1.2661594732432921,27529,Medium
1.051092049625683,0.2351638737109263,27527,Low
0.5647208291152057,0.8382183733921477,27527,Healthy
0.6905204210881873,0.9541822405012442,27527,Low
-0.49923848543269694,0.7486506022094308,27525,Medium
0.6453777847635364,0.6880398344459179,27521,Low
0.9016314678464286,-1.2962358346486509,27512,Medium
1.3145520004350124,-0.5143342690176673,27508,Low
-0.19520087208184247,1.1158949620195553,27504,Medium
-1.0693812374118805,1.6785030494878692,27502,Medium
-1.000835736400203,1.7416892748609356,27502,Low
-0.18840093884893322,1.976633760027513,27497,Medium
0.5239456128857156,0.057161354282003286,27491,Low
-0.8421049297861527,-0.38237843281062345,27470,Critical
-0.3587144042651999,1.2662092366991524,27460,Medium
0.5854727896735418,0.9246040479436971,27459,Healthy
-0.6905151493224309,0.29634811864147376,27456,Medium
0.3333216010110616,1.3847288731620613,27441,Medium
0.31189936192619366,-0.4380777821876729,27430,Medium
1.3394602406704317,-0.12772740003044675,27428,Healthy
1.6451474097425987,-0.9444399518590723,27421,Low
0.9566401991660817,0.2989770061287971,27419,Low
0.9747728753057986,0.31569196691062573,27419,Low
0.9142475964328421,0.25989889726798354,27419,Low
-3.8250100730798207,-2.6201188019017114,27412,Medium
0.782417568864043,0.261120802836652,27411,Low
0.8239739013571517,-0.6957797020437747,27407,Medium
2.6222304571634605,-2.8804217852221363,27406,Low
1.5895319223749236,-1.4010007860390892,27396,Low
0.5994857579411532,0.8821918357917824,27396,Healthy
0.703889813487595,0.31313602248935096,27384,Medium
0.5504697179772117,0.9170531885883901,27376,Medium
0.9332931549508466,-0.18132811971285162,27375,Low
0.7932932194376914,0.5024209440409235,27364,Low
-0.8100372976605685,1.310624601360129,27360,Medium
-0.8804259553128216,1.2457393277757232,27360,Medium
-0.8873004314317253,1.2394023371496452,27360,Medium
-0.8189707956121873,1.3023895748943564,27360,Medium
0.9227955100923653,-0.20796776854018345,27357,Healthy
1.0485951020653468,-0.09200390143108698,27357,Low
0.49743373897705945,0.4703892557797504,27352,Low
0.5219575513979985,0.29010715165334033,27351,Medium
0.4419869354701072,0.955999200774413,27345,Low
1.2149074656159766,-0.6267603253731651,27338,Medium
0.15919999311763852,1.54001427297484,27337,Medium
0.6252505302470655,-1.3019647228814133,27337,Medium
0.20965939936464353,0.47360625078627966,27337,Medium
0.2782381104058809,0.5368230896406313,27337,Low
1.6030195893074837,-2.19101071438824,27321,Low
-1.3984945482534232,2.2608295235884044,27313,Medium
-1.8086048431593964,2.1361172792469154,27308,Critical
-1.3766543378003657,2.885233780698111,27303,Medium
0.6599354865473939,0.7937123249476092,27302,Healthy
0.23646974838142465,1.1385997568537078,27294,Healthy
1.3604811302014768,-0.4715256197732691,27275,Medium
-0.0014069389412416208,0.17637911791134414,27269,Medium
1.043715689314347,-0.0856165589461758,27265,Healthy
1.4795875953493467,-0.6407786347447304,27257,Low
0.8779852023248076,0.43902354770172713,27253,Low
0.8961012734497447,0.45572320174291303,27253,Low
0.8355759945767882,0.39993013210027084,27253,Low
-1.821373176244494,2.994022035120371,27247,Medium
0.513748574071449,-0.19517039918964044,27244,Medium
0.3729600909510066,1.632343473732016,27241,Low
2.5879478066354795,-2.8493482630862066,27240,Low
0.03157856151973927,1.3771910415398398,27239,Low
1.2378909137340233,-0.17024083047236363,27233,Healthy
-0.5523346490101734,1.4135485248579254,27225,Healthy
0.2856831919870098,1.4555328848920397,27223,Medium
1.017779865681825,0.4477762247731465,27219,Medium
0.13388590683430204,2.116393695544935,27217,Low
-0.5638946242534264,1.445007732036675,27201,Medium
-0.6342500718761195,1.3801530719335544,27201,Medium
-0.6411577580245832,1.3737854678261912,27201,Medium
-0.5728281222050452,1.4367727055709023,27201,Medium
0.9802562873118142,0.03937519781685219,27198,Low
0.40417580758435706,0.9698524897011046,27194,Healthy
0.5300252146016786,1.0858622770321293,27194,Low
0.7500596350398283,0.7229690380737125,27190,Medium
0.7859445890040674,0.12622141147786298,27186,Low
0.8246167733128206,0.16738874061755488,27179,Low
0.8953523737390079,0.2713301635479602,27178,Medium
0.577557123683872,-0.2063355607408447,27178,Medium
0.1371057267206319,1.4349626932133022,27174,Medium
-0.34090841924776594,0.6695896150224087,27173,Medium
-0.2723297082065286,0.7328064538767604,27173,Low
1.1300910534702568,-0.807180118628039,27164,Low
-1.1257840624246567,1.0012289717769989,27154,Medium
-0.6006935307741983,0.1525914566659804,27147,Critical
-0.9692330966426662,1.8747773577448708,27140,Medium
0.6270211632564843,0.39655420163714067,27135,Healthy
0.7268540439228149,-0.12907602137543492,27122,Healthy
0.9581484709308977,0.050204276634395355,27106,Medium
1.3262700949019526,-0.41435881972013366,27105,Healthy
-0.07533519566162017,0.20121399377910756,27105,Medium
1.9086568961786317,-1.5442350587437543,27091,Low
-1.6592487063718742,2.85588763010608,27086,Medium
1.5326351791295585,-0.8096006675318568,27083,Low
1.5508176703136154,-0.7928397865281,27083,Low
1.490242576396319,-0.8486787763926704,27083,Low
0.9477886995032725,-0.8959754813308172,27078,Low
0.5268009127034902,-0.49159211982280476,27074,Medium
0.5259964631447487,1.0108626222731718,27070,Healthy
3.092184901301427,-3.9909340708562477,27067,Low
0.4536925823226856,0.6492732162721234,27067,Low
-0.511600414883958,1.0458412175089935,27065,Healthy
0.9819758444654155,-0.004227633894306346,27057,Medium
0.4733692110246747,1.0531139779862622,27056,Medium
0.9582375617164824,-0.953599790214733,27051,Low
-0.6723046720353303,1.2880957084815776,27036,Medium
-0.7426933296875833,1.2232104348971715,27036,Medium
-0.749567805806487,1.2168734442710936,27036,Medium
-0.681271380016509,1.2798300685345194,27036,Medium
0.8064140215684924,0.4696242844465405,27035,Low
0.5862673171201997,0.6764877045438181,27031,Healthy
0.7121167241375213,0.7924974918748428,27031,Low
0.20547095460774412,1.6462481576361947,27030,Medium
1.199707118040001,-0.5782811698724045,27019,Low
0.3193065844431371,1.5682512680285263,27019,Medium
-0.3648206106372648,1.2770104397608488,27018,Medium
0.9383710537800873,0.05846258447027788,27014,Medium
0.4950444372851764,0.7158530795293653,27012,Low
-0.013083520815593897,0.12233635451984926,27010,Medium
0.055478585210863504,0.1855378866335583,27010,Low
-1.1462529091299756,1.4229993479704879,27003,Medium
0.5877973305307249,-0.20766938959816097,27001,Low
-1.3122268406795814,1.331608806908448,26985,Critical
-0.6330806581214368,1.4149528696730032,26978,Medium
1.0359287389689176,-0.1382521119056991,26972,Healthy
-0.5855655850424568,1.9005148867250063,26947,Healthy
1.1122410933024662,-1.3581472820159364,26942,Healthy
0.7926576969545883,0.45703811934663485,26939,Medium
-0.7109507172662459,0.8631994677868848,26938,Medium
2.1679583602433916,-1.8155849510779147,26928,Low
-0.8870263299310353,1.854089586747166,26927,Medium
1.120908391435651,0.21767069471353523,26920,Low
1.0602834824740148,0.1617857846270368,26920,Low
1.1027259002515941,0.2009098137097785,26920,Low
1.595332487099219,-2.1297125435469373,26913,Low
0.39457636665279927,-0.006462115746569222,26911,Medium
0.28505152567324826,1.3919406504821161,26906,Healthy
0.7421575295063693,0.34151091308802267,26904,Low
1.3965015045197355,-0.6246568813168755,26900,Low
-0.7124939789585701,1.0658987572608118,26898,Healthy
-0.10487709318134715,1.7832914748662592,26891,Medium
1.3890019886191054,-0.09163852509490908,26890,Low
-0.04243457539501531,0.4835612660428505,26887,Medium
0.5908329097914213,1.3923332020138064,26876,Medium
0.3978084098887335,1.250820939979208,26874,Healthy
0.523674421920835,1.3668460340508755,26874,Low
-0.5980650896753997,1.2611288098888178,26872,Medium
-0.6684869573572128,1.1962129228231262,26872,Medium
-0.6753282234465565,1.1899065456783338,26872,Medium
-0.6070317976565784,1.2528631699417596,26872,Medium
1.1363060366739424,-0.08350192046118446,26871,Low
0.7028958916606645,0.5437556188842588,26859,Low
0.23545198749995677,0.26771854864106603,26858,Medium
-0.38367481763318373,2.141289817665078,26853,Medium
0.896342957749418,0.1086719983330211,26852,Medium
-0.19438370871806693,0.5768095914511739,26843,Low
-1.217203432186271,1.8314579012400674,26841,Medium
-1.1485915111154736,1.8947053535757046,26841,Low
0.263886718317711,0.3275166952513589,26838,Low
-1.0899415940099708,0.6493479951560726,26837,Medium
-0.651676019752103,0.3321505850047495,26826,Critical
-0.01764912211320093,2.0660832289742777,26818,Medium
1.0680446452069512,0.09995815438871412,26815,Healthy
0.7335255416789113,-0.5816039975121178,26782,Healthy
0.2833362945825425,0.9136037751604152,26781,Healthy
-0.6223773353335156,0.9082816783188156,26775,Medium
1.9453313139962296,-1.001252187108434,26774,Low
1.0919965497592787,-0.07223626954996702,26773,Medium
1.2757994656719405,0.257237524636834,26763,Low
1.2151745567103043,0.20135261455033573,26763,Low
1.2575671594435436,0.24043072341114927,26763,Low
-1.29821518417181,2.1298100607727197,26759,Medium
1.2881043798215444,-1.1550008032750052,26756,Low
2.5512040962752427,-2.3356630626506014,26747,Low
0.29386164990380975,1.3732055059553787,26743,Healthy
0.9529308907819038,-1.2314241306925275,26742,Medium
-0.7638391923136284,1.2996670437256674,26735,Healthy
1.5301539134218312,-0.847908406619893,26734,Low
1.0568266814438225,-0.13965884631656136,26725,Medium
1.8323433952674224,-1.1370776886559237,26724,Low
0.889030765618458,0.34252423521722525,26724,Medium
0.7330876203058801,0.44490843494711285,26710,Medium
1.3366596688506045,-0.5789771192150025,26705,Low
0.41999374663313727,0.6101582875488016,26705,Healthy
0.5458929686947988,0.7262139951017544,26705,Low
-0.5623917191512215,0.8007041364364227,26701,Medium
-0.6328135868330345,0.7357882493707312,26701,Medium
-0.6396548529223782,0.7294818722259387,26701,Medium
-0.5713252171028403,0.79246910997065,26701,Medium
1.0987057228848194,-1.0201908611596116,26701,Medium
0.523289129940493,0.8719370287745494,26691,Medium
0.8542864946277942,-0.2541575916908192,26688,Low
0.2858117502591205,1.0124054249375343,26687,Medium
-1.3596886287126553,2.2966013764703948,26683,Critical
0.05839109503034897,0.4283065469521907,26680,Low
-0.7783129100500191,1.3802210359933522,26677,Medium
-0.7097009889792218,1.4434684883289892,26677,Low
-0.46766758981942996,-0.2053909442939282,26676,Medium
0.39570031111218057,0.1079295579252973,26675,Low
1.0614578748301016,-0.04334990208580807,26655,Healthy
-0.29661717213598,2.3848750300795496,26655,Medium
1.3199966197853619,-1.5564262538210134,26622,Healthy
-0.8262942594538516,1.8340818372003718,26615,Medium
1.4109001456299606,-0.27747246142413684,26613,Medium
-0.03636279024212221,1.28091948011465,26612,Healthy
2.3450513762388647,-2.4166654668443797,26605,Low
1.1713753872101667,0.08309743450302018,26600,Low
1.1896076934385633,0.09990423572870497,26600,Low
1.1289827844769271,0.04401932564220664,26600,Low
1.1522407371111187,-1.242835796542545,26592,Low
-0.9214167449524172,1.4063866932875668,26590,Medium
0.828727285486071,-0.8707039531847143,26575,Medium
1.223314523166895,-0.03818869121501113,26574,Low
0.7318360533622688,0.33889726699101536,26574,Healthy
-0.4990767286610443,0.8543415313934442,26572,Healthy
2.4269889436690204,-1.9725470271840704,26561,Low
0.4289212110750892,1.1087525954863209,26560,Medium
3.284764298558447,-5.161032851243855,26558,Low
0.9214418785701949,-0.06895910985461018,26555,Medium
1.1919690281414108,0.25562118336867556,26551,Low
-1.005153189352604,2.4287862396878777,26548,Medium
-1.0755750570344171,2.3638703526221865,26548,Medium
-1.082383113094201,2.3575945889586793,26548,Medium
-1.014053477274663,2.4205818267033905,26548,Medium
0.6298359056032486,0.5933812090032364,26544,Medium
0.6888462622786519,0.31597750202958674,26538,Healthy
0.8147454843403132,0.4320332095825395,26538,Low
0.27948406717512286,-0.10530788850652834,26535,Medium
0.016289192162620942,2.007991358313332,26530,Low
0.161887398230006,1.1125284078659883,26530,Medium
0.5359128488625398,0.6282070590375157,26525,Medium
-1.0869449328543288,1.0370314381402745,26523,Critical
-0.7688801345403534,1.3572218460166219,26514,Medium
-0.7002682134695561,1.420469298352259,26514,Low
0.697861506469275,-0.7841779075527627,26514,Low
-0.7258976054113242,0.11595290759240814,26513,Medium
-0.8350638043380655,2.1456574473135372,26512,Low
0.33208280794535744,1.019038276376466,26492,Healthy
-0.08533288165266922,2.0186769862138934,26491,Medium
1.2402401318281857,-1.5706503965275815,26459,Healthy
0.12085837531210397,1.4729491077339187,26452,Healthy
1.0108116245045256,0.07561632888016402,26447,Low
-0.5647762058344983,0.5005713119913365,26446,Medium
2.7180029560732977,-3.0196309518960573,26436,Low
0.9851450812835493,-0.6716095864362918,26435,Low
0.9583350000003837,-0.02672183810636015,26428,Low
0.9765673062287805,-0.009915036880675389,26428,Low
0.9159257922523643,-0.06581525370781643,26428,Low
-1.420071973491111,2.4303716020460677,26425,Medium
0.31372906195036326,1.4813859698375604,26414,Healthy
1.0759151364452197,-1.2719000443987878,26409,Medium
-0.10646681444511802,0.20138898755909396,26408,Healthy
0.984147307269858,-0.24116066472456538,26402,Low
1.009830994220946,0.37007731915818337,26398,Low
1.344191951817242,-0.4870117369704476,26395,Low
0.5525105185300723,0.7497666201575819,26394,Medium
-0.351474931542321,0.8616822275944613,26384,Medium
-0.4219300092536938,0.7967357270474844,26384,Medium
-0.42873806531347763,0.7904599633839774,26384,Medium
-0.3603752194643799,0.853477814609974,26384,Medium
0.46229794958420234,0.5371256217298217,26383,Medium
1.330182922968318,-0.7246620289094099,26382,Low
0.5270796357521954,0.9004040195294936,26380,Medium
-1.1074137795596477,1.4588018143337635,26372,Critical
0.554100715698908,0.382428499782188,26369,Healthy
0.6799999377605693,0.4984842073351407,26369,Low
0.8089321800152879,-0.9935514464698041,26368,Medium
1.198863985630375,-0.34736382698297563,26366,Medium
1.0114898441158162,-0.9045110729735935,26364,Low
0.4429023160458696,0.6989792460655297,26359,Medium
0.41831529468577455,0.11924824600340195,26357,Low
-0.29650537892899687,0.7159636016179215,26354,Medium
-0.22786024782863967,0.779241667434844,26354,Low
-0.7063098926680244,0.2784190633038899,26353,Medium
0.49105478851872836,-0.5013644728321798,26339,Low
0.26681837540662234,1.1266553654196494,26329,Healthy
0.18792895750910726,1.3962958166390456,26325,Medium
0.36779881027613326,1.2596607685968235,26317,Healthy
1.761102818644972,-2.596206689990466,26292,Healthy
1.6616251140277785,-0.8491174679697077,26284,Low
-0.041366030341941626,1.1312334341491472,26280,Healthy
-0.6951535848113195,0.7160044003506644,26277,Medium
1.539120385989601,-0.6305903290997763,26276,Low
0.4613863563028694,0.04275034668356557,26275,Low
1.186874631653798,0.042295807778475164,26264,Low
1.2050571228378546,0.059056688782231886,26264,Low
1.1444820289205584,0.0032176989176616318,26264,Low
-1.3547991875141217,2.320224669731966,26260,Medium
1.0100715294731089,0.02167137127314235,26247,Healthy
-0.23684419342193935,0.4168220759184218,26245,Healthy
0.8840194181716645,-0.9560562663804405,26243,Medium
1.0976738214424846,0.007379832545213608,26238,Low
1.304643489640558,-0.053880718341896075,26237,Medium
0.47166009688189686,0.9833523463029182,26232,Low
1.2048342282225295,-0.11425164825834042,26232,Low
0.38602532788140603,1.360366212780988,26225,Medium
-0.05482066063828173,0.444261096528136,26223,Medium
-0.12527573834965466,0.37931459598115913,26223,Medium
-0.1320505843798786,0.37306944579893747,26223,Medium
-0.06372094856034062,0.4360566835436487,26223,Medium
1.2479274450961548,-0.3017808174813795,26217,Medium
1.0909329901621379,-0.1844496134979382,26216,Low
0.6699116757863991,0.7858087253232166,26212,Healthy
0.7958108978480606,0.9018644328761694,26212,Low
-1.051102464439643,0.6851504615193483,26207,Critical
0.6948291933898159,0.8712406624837691,26204,Low
1.2713554589030844,-0.2000867825484399,26204,Low
0.16105074613903705,0.0792434966710491,26202,Medium
0.997130441035073,-0.48375491445757973,26194,Medium
-0.35868725419273795,0.6576100377932039,26191,Medium
-0.2900255180776008,0.7209034103507691,26191,Low
0.8209035130607106,-1.3018209891807397,26184,Low
-1.1951564918563986,0.5861961193220138,26184,Medium
0.38698835744118704,-0.03209662437754821,26173,Low
1.0445548458491811,-0.32274430891004546,26162,Healthy
1.0894148806382982,0.06533747213786038,26162,Medium
0.8581831058175234,-0.008015009632319197,26145,Healthy
1.7454770465537257,-2.558118510069158,26126,Healthy
-0.18999581386159944,1.9753384556336613,26120,Healthy
1.8672067950169853,-1.18002153254926,26116,Low
1.5739888764002274,-1.004841857922664,26114,Low
0.4559858155065891,-0.7382544397607091,26110,Medium
0.9688803241238559,-1.2694834414017226,26106,Low
-1.6380816572698358,3.1812793170608376,26102,Medium
-0.6098980212308641,1.1800871063599498,26085,Healthy
-0.07673159312931384,1.809236400255636,26081,Healthy
1.4902136909384,-0.5935720322358656,26076,Low
1.2397742065806314,0.2744577671541162,26075,Low
0.4935132791521085,1.0002786383887228,26074,Medium
0.9696546534923112,-1.2741559432149538,26074,Medium
0.8542567246950503,0.19471127266477467,26065,Low
0.6970881693836083,0.749022890061972,26065,Medium
0.8743733200943262,0.42433323764377884,26060,Medium
0.8039182423829533,0.3593867370968019,26060,Medium
0.7970935813083895,0.35309566669265213,26060,Medium
0.8654730321722673,0.41612882465929146,26060,Medium
1.7198642455586164,-0.9385454926758411,26057,Medium
1.4828553944306802,-0.6794211648539066,26053,Low
0.905194583750523,-0.06174928697864289,26046,Healthy
1.0311104108269642,0.05432172731495256,26046,Low
-0.428828460249102,-0.16958847793065246,26046,Critical
1.0688736052091505,-0.054682533172698077,26044,Low
1.7146968655514014,-1.2455259461094546,26038,Low
0.36549443030862916,-0.26508697526976055,26036,Medium
0.35148363802934623,0.743833836732595,26024,Medium
-0.5743681691445878,1.9561951523472938,26024,Medium
-0.7079265837328756,0.7788330406033991,26018,Medium
-0.6392648476177385,0.8421264131609644,26018,Low
-0.2212409482338049,0.5361498893435307,26014,Low
0.40313453283704526,0.08585069564100113,26010,Low
0.4812344612910843,0.7549851243489035,25999,Healthy
0.2622733783118701,1.265235796851282,25995,Medium
-0.45423652314774837,2.021575898468122,25970,Healthy
0.7121553805094819,0.32344727606818396,25957,Healthy
0.5844359252846343,-0.7957096381169229,25957,Medium
1.3628056825270536,-0.21453560409605768,25954,Low
0.9472153906840641,-0.4727852890314584,25952,Low
0.5139894301237796,-0.6693357199582981,25946,Medium
1.85930058402689,1.313226714581832,25946,Medium
1.6389484463600863,-1.3554479258864134,25944,Low
-1.7616900360437893,3.273067338557629,25943,Low
1.3718473973196457,-0.41728446074160147,25938,Low
1.3900797035480426,-0.40047765951591663,25938,Low
1.3295046096307463,-0.45631664938048694,25938,Low
-0.8836333722314711,1.3271118438953688,25919,Healthy
1.0850219965401957,-0.11366800070525648,25915,Healthy
1.4750737195595354,-0.5730849384071006,25909,Low
0.587614173713468,-0.4904801757976072,25907,Medium
1.0616915049237317,-0.2238534807638876,25907,Low
1.078648931886291,-0.2895422816167288,25905,Medium
0.94957876408494,0.1240590562247743,25901,Medium
0.524667783652626,0.7431603048359424,25899,Low
1.134237462943563,0.027020541139575662,25892,Low
1.2480031515245382,-0.4474878697157066,25891,Medium
1.1775978888575052,-0.5123884500407553,25891,Medium
1.1707234127386015,-0.5187254406668332,25891,Medium
1.2390862585876994,-0.45570758944083656,25891,Medium
0.2636654090765727,1.154078268660558,25883,Healthy
0.38956463113823403,1.2701339762135109,25883,Low
-0.6870584758409962,0.15175537395568386,25882,Critical
2.309392228997339,-2.080949364415673,25875,Low
0.1131320488099021,0.30539225646517615,25873,Medium
1.478191828485059,-1.3347899516209176,25872,Low
0.850598943250624,0.3544466264958773,25864,Medium
0.4684663702632303,0.2223509351534665,25863,Medium
-0.04653794289615188,0.148399036990025,25855,Medium
0.02212379321898533,0.21169240954759025,25855,Low
0.969869311919528,-1.2468591118554027,25848,Low
0.5068979917132886,-0.3838149733595523,25841,Low
-0.03276372447700742,2.2069337338610735,25838,Medium
0.740057085519046,0.32510050228525245,25836,Healthy
0.4146653564772511,1.034664786903531,25804,Healthy
0.7138228221127736,-0.8535595545437907,25791,Medium
1.1967836333117836,-0.06939370997056386,25791,Low
0.4223267998918294,1.6778504136627634,25789,Low
0.6514874443427596,-0.43065914120654464,25789,Low
1.1766041178762245,0.7122019541830852,25787,Low
1.1160788390032679,0.6564088845404429,25787,Low
1.1583718116478277,0.6953951529574004,25787,Low
-1.5182456366642703,0.6990331835800508,25785,Healthy
1.4344547006507402,-0.7653468381765144,25780,Medium
-0.8739125013762448,1.286866483362998,25774,Low
0.6048491104180621,-1.425250294843259,25771,Medium
-0.41708017997364805,0.7014627865569162,25755,Healthy
1.5068450901284567,-0.33277326286897646,25748,Low
0.9497036137256879,-0.04290703728073448,25746,Healthy
0.3102465913373751,1.450997071724223,25744,Medium
0.4685743126805489,-0.1405568691802775,25744,Medium
0.9634715429840496,0.29977285251726105,25741,Medium
0.9491060678819316,0.10816285915370565,25740,Low
-0.21952453040909942,0.7869256512374795,25731,Medium
-0.29917878630857053,0.7134992163744467,25731,Medium
-0.22786024782863967,0.779241667434844,25731,Medium
-0.29024528835695174,0.7217342428402194,25731,Medium
-0.1647603623506172,0.6041168167577511,25730,Low
1.6359814415840603,-0.9528892726938428,25729,Low
-0.6675039731272564,0.3141909161858802,25723,Critical
-0.15271248678651814,1.8696600119840314,25713,Low
-0.27861170884817943,1.753604304431079,25713,Healthy
0.892284094593605,0.2617209021485088,25711,Low
0.39131828679458514,-0.1723320949155084,25709,Medium
0.45363642428731443,0.6716424035897476,25705,Low
-0.24720588761035256,1.3562065665960084,25703,Medium
0.5662276545681404,0.37004687967749544,25695,Medium
-0.4912220543535109,0.7405631295566656,25686,Low
-0.5599336055129879,0.6772238367771722,25686,Medium
0.4860064937508044,-0.0035638052053400624,25685,Low
0.2966314254098136,0.4177024320496159,25677,Low
0.3946411613586945,1.0412622375054803,25672,Medium
0.6761028142067989,0.2704725534000614,25670,Healthy
-0.408214564884033,1.767143354875747,25635,Low
0.09531497696296552,1.4023019334112625,25635,Healthy
1.306940815468424,-0.12994831851088962,25631,Low
0.9971388034293154,-0.8504838481407122,25626,Low
1.3836414332091787,-0.2878513891482527,25624,Low
1.4018737394375755,-0.2710445879225679,25624,Low
1.341331855549839,-0.32685296430585276,25624,Low
1.4507849952586243,-0.4867174589628354,25620,Medium
0.6968948346788194,-1.1304394248377525,25618,Medium
-1.0472593222679887,1.8756656064628194,25610,Low
0.3316723330268166,0.25627029124842965,25608,Healthy
0.7085796674295022,-1.1516856547008585,25605,Medium
-0.45424466354981696,1.0592043274965195,25598,Healthy
0.785510854655263,0.6460684939742934,25584,Medium
1.1025393105825654,0.03198488254244212,25582,Low
1.0484352472608893,0.23271479520809427,25580,Low
0.9044364844429781,0.2880854538511149,25578,Medium
0.49059289476925527,0.5632083077849829,25573,Medium
0.7595021405759041,-1.0730234539100132,25572,Medium
-0.2817064056728405,0.7285720874127619,25568,Medium
-0.36134405655753166,0.6551609592903719,25568,Medium
-0.2900255180776008,0.7209034103507691,25568,Medium
-0.35241055860591286,0.6633959857561446,25568,Medium
0.08803104641257872,0.4556290789994105,25567,Low
1.4704714422351484,-0.6491820353575728,25566,Low
0.49643795487489145,1.3753051900461972,25556,Low
0.37058854785756995,1.2592954027151726,25556,Healthy
-1.1563173622860707,0.6219985856852894,25554,Critical
0.9974161760888348,0.06802354581506392,25545,Low
1.0872873285951885,-0.22260806526801505,25545,Low
0.7049126404035282,-0.8436045301147437,25543,Medium
1.048249347544225,-0.029251770775483382,25534,Medium
-0.4395652195213745,1.0918151036912682,25530,Medium
0.5144945828179258,0.2420211572649127,25528,Low
-0.27609358959745445,0.6634343194778421,25525,Medium
-0.20739864345275727,0.7267583055166928,25525,Low
1.340818917898949,-0.5281253527687811,25510,Healthy
0.7363354639302039,0.6201142542026647,25509,Medium
-0.006120502123058463,0.3033915661060528,25505,Low
0.2527520077093311,1.5945305486588863,25475,Healthy
1.3546933913028367,-1.3529386502199818,25471,Low
1.0112856907967425,-1.1663861088684868,25469,Low
0.875680762222346,-0.4260406507768629,25464,Low
0.8864408117997605,-0.41612188284039314,25464,Low
0.825965347971144,-0.4718690322611072,25464,Low
1.6444003057740024,-2.084481124947758,25461,Low
0.8070440709516801,-0.7137809452344334,25458,Medium
1.2178776035567618,-0.2300339505816705,25457,Medium
0.9192673944927119,-0.7889295737952053,25451,Healthy
1.0526690173286215,-1.580823298393193,25441,Medium
-0.41683657167445937,0.367348993469409,25438,Low
-0.27941181379608504,0.4662970756518921,25435,Healthy
1.0090596674266508,0.5703680947023948,25430,Medium
1.0553117255592837,0.2539919734563238,25419,Low
1.3562246917240988,-0.35552593105568897,25418,Medium
0.7906198120581178,0.4999565587974489,25417,Low
0.4143534830960189,1.3864795123174345,25415,Medium
0.40392892906244854,-0.19104314918522342,25406,Medium
0.7274848528367248,-0.7568706822461856,25400,Low
1.8995241380496533,-1.5526537660972395,25400,Low
-0.6309457352129783,0.8497950902229572,25396,Medium
-0.7105335710533295,0.7764298823224952,25396,Medium
-0.6392648476177385,0.8421264131609644,25396,Medium
-0.7016000731017107,0.7846649087882679,25396,Medium
-0.5355290395742599,1.9919976187105697,25393,Critical
0.422662834627826,0.8650468939823021,25393,Healthy
0.5485122416451477,0.9810566813133268,25393,Low
1.1222771219976302,0.1661472703663697,25388,Low
-0.3785281224780429,2.0410227790969935,25379,Low
0.698717097283058,0.3285643501720799,25377,Medium
0.24274402617995527,1.0636606244274014,25368,Medium
1.1371884929235463,-1.2471442572610416,25362,Low
-0.2826763623942652,0.6986868647560829,25362,Low
-0.35138791355374227,0.6353475719765895,25362,Medium
-0.14160657266318272,0.7767864317763117,25361,Medium
1.3352807981533752,-0.8315005042247532,25344,Healthy
1.1115145768950006,-0.151507643693019,25342,Medium
0.6648965816776061,-0.51273333283443,25339,Low
0.8644505420310846,-0.16305485973758926,25318,Low
1.5848100203039082,-2.0286683719894176,25304,Low
1.3371057784372082,-1.109830611638397,25304,Low
0.09062723214396531,1.2529067155179712,25303,Healthy
0.7982977898197141,-0.47213104942333933,25301,Low
0.8165300960481109,-0.45532424819765455,25301,Low
0.7560546322194943,-0.5110713976183686,25301,Low
1.1621144075544414,-0.1452936749454697,25294,Low
0.39214393719957713,-0.47936773910354974,25284,Medium
-0.6351259547564378,1.1725424003134788,25275,Low
-1.0517729276105316,1.9020359821140174,25274,Healthy
1.4301460721106378,-2.6413428001889963,25273,Healthy
0.5238322787507481,-1.0136807949304907,25272,Medium
1.2105809026135779,-0.514036115433594,25261,Medium
0.7156611426075248,0.7001579958988484,25258,Medium
1.371779966332635,-0.26673539240293975,25256,Low
0.725416324598221,0.7751361895984185,25255,Medium
0.9775828799322406,0.03691081257337749,25251,Low
0.4479054310236644,0.14652485782869368,25243,Low
0.2268199868321065,0.24449453111723632,25242,Medium
2.1588422071291933,-1.8239883516907571,25237,Low
0.5073054998335582,0.25815340151674215,25233,Critical
0.030442905623745572,0.21936108660958303,25232,Medium
-0.049144930216605716,0.14599587870912106,25232,Medium
0.02212379321898533,0.21169240954759025,25232,Medium
-0.04021143226498692,0.15423090517489377,25232,Medium
0.41433687823203025,0.7254950659285919,25227,Healthy
0.540136470205012,0.8414589330376885,25227,Low
1.357576634976534,-0.6813954351948471,25222,Low
-0.1034410467831339,1.7292537738435672,25216,Low
0.3833500419328627,0.5238041621556359,25205,Medium
0.4718036535835073,0.8140305253793677,25204,Medium
0.8762905004457807,-0.813931840803786,25196,Low
-0.05082960927804362,0.7640562458123766,25195,Medium
-0.29754123073497996,0.2373734483041927,25193,Medium
-0.22882967957550293,0.300712741083686,25193,Low
0.8451221852918253,0.5943581034098866,25190,Healthy
-2.2005978793030345,4.210428492798555,25186,Medium
0.628452818078381,-0.3129421708919232,25176,Low
0.9073428637882579,-1.013771665932118,25152,Low
0.5109272812982266,0.04516086961812633,25144,Low
-0.057952736331352415,2.097057657224413,25143,Healthy
1.2012919507711224,-1.1976196846840086,25140,Low
1.146347444378712,0.15870457879064914,25137,Low
0.5252861842363374,-0.16876483184599697,25135,Low
0.5435184904647342,-0.15195803062031218,25135,Low
0.4830430266361176,-0.2077051800410263,25135,Low
-0.6377424356637382,2.149714419690629,25129,Medium
0.9420490259037906,-1.254832892931798,25112,Medium
-1.2792509009848043,2.2356622504064263,25111,Low
-0.994741031987809,1.6524749050565957,25111,Healthy
2.7778134027150942,-4.438195639200114,25103,Healthy
-0.29650537892899687,0.7159636016179215,25101,Medium
0.7926745222968057,0.5079574365029753,25096,Medium
1.7116520578112984,-0.6842036809881568,25096,Low
0.9779069192995529,0.15017235576122076,25091,Medium
0.8036907991445789,0.4671139789811377,25087,Low
1.9366136812367503,-1.0092882259458515,25083,Low
-0.2077025574488262,1.392621302584992,25072,Critical
0.8504936493986005,-1.2745443773554481,25071,Low
4.658962517951553,-10.708465135476237,25070,Medium
0.6198488434879649,0.5354046647859949,25064,Healthy
0.7456484354609465,0.6513685318950915,25064,Low
-0.4829029419487506,0.7482318066186584,25063,Medium
-0.5625405928334417,0.6748206784962683,25063,Medium
-0.4912220543535109,0.7405631295566656,25063,Medium
-0.5536070948818229,0.6830557049620409,25063,Medium
1.3893480055454552,-0.441083759656723,25062,Low
1.3111387958152132,-2.252288963346858,25040,Low
0.8466880459235323,0.04455595694932301,25038,Medium
-0.258477990354388,0.7772582040109431,25035,Medium
-0.18976643919491087,0.8405974967904364,25035,Low
-0.0678672136520869,0.9642364736110269,25031,Medium
0.030583918978299617,1.0549901388815963,25031,Healthy
0.28117769419261096,0.45881651955413333,25030,Medium
0.5223969418089486,-0.3623152042503907,25027,Low
0.7031345839447509,0.3612819412157895,25026,Healthy
-1.8638791030665967,3.0564900531065775,25019,Medium
0.02779275861651513,0.5353616809306639,25009,Low
0.4838356591569341,0.139817348029793,24995,Low
1.034146479899213,-0.6264393947996836,24983,Low
0.8443479031727484,0.4453042383247201,24980,Healthy
0.7668583322935869,0.7788604630306161,24980,Low
1.5899846527052146,-2.2030265057927596,24975,Low
0.904358936078934,-0.6148126241695919,24974,Low
0.946552278634814,-0.5759181961964908,24974,Low
0.9648343999075506,-0.5590654747488779,24974,Low
0.068601034469889,0.4005218620615585,24963,Medium
-0.7341460117113412,1.218864668053418,24948,Healthy
-0.7066990420620305,1.1346887966758585,24945,Low
-0.35868725419273795,0.6576100377932039,24938,Medium
0.8780063082121528,-1.1131403904433015,24937,Healthy
-0.06847989130257426,-0.34263151062348907,24936,Medium
0.7851896053886828,0.47418736032005443,24934,Medium
2.2201369153354413,-1.679337396133178,24933,Low
0.9918163032134424,0.3259014587943503,24931,Medium
1.1335828142500288,-0.08601222592658722,24924,Low
2.3358688030655466,-2.4251300944197927,24914,Low
0.8316285788228536,0.327756657390472,24904,Healthy
0.9313016736528096,-1.0759589127548943,24904,Medium
0.9573783557514954,0.4436746042776404,24904,Low
-0.1991127410775569,0.7343963690974001,24903,Medium
-0.2787171819326882,0.6610158544562955,24903,Medium
-0.20739864345275727,0.7267583055166928,24903,Medium
-0.26978368398106933,0.6692508809220682,24903,Medium
-0.19166741691069505,0.5634111944281797,24901,Low
-0.4007759049953865,1.1275716498326158,24900,Critical
0.9850422259995641,-0.07632561424530439,24895,Low
0.9304282799350045,-0.13989353269462046,24874,Low
0.169978596444596,1.1360361502796361,24871,Medium
0.5383649350278491,0.8213459653346258,24866,Healthy
-0.016436916476516444,1.5429715381391749,24862,Medium
-1.4103766657475532,2.675139660778271,24860,Medium
-0.8261480850539394,0.7501843397156668,24859,Medium
-0.7573867188501225,0.8135695527170882,24859,Low
0.4976653428617223,-0.3540725752995155,24858,Low
0.1605181752138182,-0.18495010788124164,24853,Medium
0.2589693078442047,-0.09419644261067223,24853,Healthy
0.27689624014829317,0.12809373503846394,24843,Low
1.0679116899357746,-0.8270152478895837,24838,Low
0.5103047298446334,0.08784400461696028,24823,Low
1.1170561168679878,-0.8191959100325585,24818,Low
0.0038058360320333707,1.0306547230383711,24817,Low
0.04606559864703312,1.0696103779740431,24817,Low
0.06429790487542991,1.086417179199728,24817,Low
0.8582134574394472,0.18149592461578842,24813,Low
0.5545763146597735,0.20430739051228802,24809,Medium
-1.3858870638532041,0.821043213243014,24808,Healthy
-0.334526348215125,0.955660298139301,24788,Low
-0.9872985586864184,1.6329411927838604,24785,Healthy
0.6936663662106843,-1.0105903193191734,24773,Medium
1.007646287248835,0.4754176402919655,24773,Low
0.6604739502264918,0.6763421946170918,24772,Medium
0.9327646396575909,0.31419875338756137,24769,Medium
2.3978780839045477,-3.8160913357674686,24768,Healthy
-0.7079265837328756,0.7788330406033991,24765,Medium
1.3339530514414708,-0.5814721179397626,24758,Low
0.5099280057538839,0.07181838376442193,24747,Medium
2.7088369879147596,-3.028080272730828,24744,Low
0.5148573658482043,0.8480862027038139,24743,Healthy
0.6405573277325062,0.9639582293690542,24743,Low
-0.2744070650338448,0.7063096215961475,24739,Medium
-0.3539949008741961,0.6329444136956855,24739,Medium
-0.2826763623942652,0.6986868647560829,24739,Medium
-0.3450614029225773,0.6411794401614583,24739,Medium
0.999393028198298,-1.2196437269926816,24735,Low
0.9378644560206224,0.14572739689050546,24732,Low
-0.10283386315197464,0.8125276711770166,24731,Critical
0.9721882182073965,0.5248132872128644,24708,Medium
0.030849599214779,1.0552350467318796,24708,Healthy
0.07676715959871044,1.12268575413137,24705,Low
0.5782342326523511,0.5632072517585804,24703,Healthy
-3.4490509168746684,0.3315201816628055,24702,Medium
-0.45189734446367763,4.7070834966373285,24701,Medium
-0.3831525832746406,4.770453402898108,24701,Low
-1.4194783432163636,2.5917760235246106,24698,Low
0.18455818252783138,0.47320474635829235,24694,Low
0.3156950421904532,0.27895445575725336,24690,Medium
0.41414617482083976,0.3697081210278227,24690,Healthy
0.1805752545734404,0.5782256917662821,24683,Low
0.4579424590333,-0.2723656116085292,24671,Low
0.2553298993342197,0.6804615944855521,24655,Medium
0.5747789989432358,-0.2196698742620379,24655,Low
1.0720738216772059,-0.9409607194627134,24654,Low
1.0903559429499425,-0.9241079980151006,24654,Low
1.0298804791213259,-0.9798551474358146,24654,Low
1.0178485127099597,-1.2243438632463997,24654,Low
0.9415563009614498,0.18576960765367057,24650,Low
0.46411393091178244,0.3783568546146063,24631,Healthy
-0.6408902322383063,0.8663619616104139,24618,Low
-1.1766096704393374,1.6152298473492706,24618,Healthy
0.9336303740272531,0.3185066816781311,24612,Medium
0.7571501511243874,-1.1170269434343914,24610,Medium
1.133614037016648,0.10842669783306477,24609,Low
1.3845528469387116,-0.3294126315192425,24609,Medium
1.1892458057174973,0.2531108779032727,24604,Low
-0.04653794289615188,0.148399036990025,24602,Medium
2.4351848200041935,-4.226907141408482,24593,Healthy
0.7266371011830931,0.640438195308291,24586,Healthy
0.8523370630673951,0.7563102219735314,24586,Low
1.529887997771943,-0.6391008768971176,24584,Low
-0.10601427460277316,0.6418782968327632,24580,Low
0.46800665772932704,-0.02015631206202707,24572,Low
-0.2205105671707427,0.3083814181456788,24570,Medium
-0.3001482180554338,0.23497029002328873,24570,Medium
-0.22882967957550293,0.300712741083686,24570,Medium
-0.2911649050594751,0.24325123671098958,24570,Medium
1.2542828817496336,-0.37504588919068627,24569,Low
-0.011990479707715695,0.7998587121756523,24564,Critical
0.49909749369888073,1.1676527437396065,24551,Medium
0.05022200868963826,1.6118364726841314,24544,Low
1.5386925385681995,-1.020823567725949,24540,Medium
-3.9447802424161567,-2.219835063229584,24539,Medium
-1.6541462522573047,3.066171075310055,24539,Low
0.345127585593531,0.49950862895994325,24537,Low
0.6329748205518516,2.393693721814095,24533,Medium
0.7016697666965487,2.4570177078529456,24533,Low
0.25925159309546403,-0.09393622801974627,24529,Healthy
-0.24417329344251426,0.9225946059052811,24520,Medium
-0.1457221608121277,1.0133482711758506,24520,Healthy
0.9077981362713666,-0.74192991007025,24520,Low
0.6386490363172913,-0.13751405806006003,24514,Low
0.9961171592110482,-0.4277069378387064,24500,Low
1.1754297257751625,0.2436257154605691,24496,Low
0.2508517817154419,0.31550090384683926,24492,Low
-0.16754138260826298,0.7722490880748536,24489,Medium
0.41705142717175064,-0.007087410776642219,24488,Low
0.4353335484444873,0.009765310670970742,24488,Low
0.3748580846158707,-0.04598183874974344,24488,Low
0.9192673944927119,-0.7889295737952053,24474,Healthy
-0.7588426724699646,1.2095092261246587,24452,Low
0.7439560877925777,0.7262406819540095,24448,Medium
1.1486587212966042,0.07210333357211601,24446,Low
-0.9606546602995953,0.8245766119606326,24441,Healthy
1.3274597005444044,-0.7271723343748128,24435,Low
1.5795545272038476,-1.7066898335727596,24433,Medium
-0.5599336055129879,0.6772238367771722,24433,Medium
0.8413130365472572,-2.013872721573989,24431,Medium
2.6518281677935827,-4.127023021727145,24426,Healthy
1.8579411967697672,-1.1885626938278866,24424,Low
0.05518274101344426,1.2955291347296505,24420,Healthy
0.18083288785340643,1.4113552411729628,24420,Low
0.4965445618407883,0.22547457063015386,24415,Low
-0.1814971418344905,0.8482202536305011,24413,Medium
-0.26108497767484184,0.7748550457300392,24413,Medium
-0.18976643919491087,0.8405974967904364,24413,Medium
-0.252151479723223,0.7830900721958118,24413,Medium
1.5942047882726367,-0.7924682575539752,24409,Low
0.3412496698412283,-0.41308289236973,24408,Low
-0.029028084081759033,1.0000389399743028,24401,Critical
0.276506054908343,1.0806643643152807,24385,Medium
1.370528601654288,-0.6038374284179086,24380,Medium
-1.534811037913229,2.77088574762299,24378,Low
0.148876949530949,0.8368319262942849,24372,Low
-4.019938101593314,-2.299861262821537,24371,Medium
-3.6107583768161136,2.3537177151954087,24371,Low
0.5533014342982449,-0.28107376229806924,24371,Low
-3.613896724609526,2.3508247412139385,24371,Medium
0.4144118550573191,0.3699530288781059,24366,Healthy
-0.07284142504732277,1.0830364196639692,24360,Medium
0.02560970758306379,1.1737900849345386,24360,Healthy
0.5694786709976519,-0.020359636634755294,24357,Low
0.6350201592516098,-0.7575939512310557,24347,Low
1.3007494121810383,0.2538598231686621,24338,Medium
0.7003393978254038,-0.3856267102357207,24337,Low
1.2799912960115356,-0.5468503346791351,24330,Low
0.38273179456903134,0.09597499348334847,24329,Low
0.570263524839317,0.0338128741256551,24328,Low
0.5885456461120536,0.050665595573267976,24328,Low
0.528070182283437,-0.005081553847446036,24328,Low
1.4301958871549776,-2.641296879967068,24296,Healthy
1.4439156043211818,0.029365148187676965,24292,Low
0.8209694674818585,0.5340401225581364,24286,Medium
-0.8804259553128216,1.2457393277757232,24283,Low
-4.860288131041562,0.03254960637212191,24276,Healthy
0.7111188227467082,0.742952675994798,24273,Medium
-0.27609358959745445,0.6634343194778421,24272,Medium
1.0882097677382243,-0.18695991896334108,24269,Low
0.7426816055226421,0.7582325252758074,24266,Healthy
0.8682819373182643,0.8740127114971916,24266,Low
0.9488665012657016,-1.7499219475169232,24262,Medium
2.4495912324629225,-3.944751057528237,24257,Healthy
1.6296662430980884,-1.3640043939056827,24253,Low
1.1192384719464088,-1.2636908438958006,24249,Low
2.1026896457967794,-1.7876019726989962,24246,Low
-0.48409417229091356,1.2603335190290954,24242,Low
-0.749167236534042,0.8211463893352248,24237,Medium
-0.8287550723743933,0.7477811814347628,24237,Medium
-0.7573867188501225,0.8135695527170882,24237,Medium
-0.8198215744227745,0.7560162079005355,24237,Medium
1.2772324124263095,0.1574910433637255,24232,Medium
0.1993573047841461,-0.14914764151796586,24223,Critical
0.7585667431863234,0.41675883026384364,24222,Medium
-1.27092755008323,2.433718491662802,24218,Low
0.18400046947631377,0.524578081111395,24210,Low
-1.184571591005347,-0.9751242368664349,24206,Low
-4.490705984105675,-1.4004351965671409,24205,Medium
-3.8717389500886297,-2.2724477932956972,24205,Low
-3.8748772978820423,-2.2753407672771675,24205,Medium
0.7613993477242413,-0.33871795118337805,24200,Low
-0.06555043784658116,1.063303797118273,24200,Medium
0.032900694783805355,1.1540574623888424,24200,Healthy
-0.14540666553130843,1.013639099248062,24196,Healthy
0.9506039902258474,0.9618338944141038,24190,Medium
0.5169763429798081,-0.1484906926800726,24184,Low
-0.3594124264457287,1.8121298656246427,24183,Low
0.31886676889796606,0.44414847717592815,24168,Low
0.33714889017070265,0.46100119862354105,24168,Low
0.27670663637164605,0.4052846626841124,24168,Low
1.0294345205908746,0.019933895597560404,24167,Low
-0.8479991108516548,2.133733496352874,24165,Low
2.7779130328037738,-4.4381037987562575,24126,Healthy
1.521720902543783,-0.6936915401403303,24126,Low
-0.6342500718761195,1.3801530719335544,24124,Low
0.8135011555885157,0.5002853531158583,24124,Medium
-3.7757051536860673,-2.085761303061198,24110,Healthy
1.0919098444817954,-0.04199339618510442,24110,Medium
-0.35138791355374227,0.6353475719765895,24109,Medium
1.4801321720067666,-0.6819314703193093,24105,Low
0.7107827228334487,0.20097669350260366,24100,Healthy
0.8363830546290708,0.31675687972398775,24100,Low
0.4130445966298315,1.6692939456434943,24098,Low
0.3073705366213113,-0.5340637783964369,24096,Medium
0.8901990177101735,0.3671530637261472,24086,Low
0.8584068995277632,-0.8304172004759741,24083,Low
2.164668898612186,-3.8231092639589375,24081,Healthy
-0.0077118128423436915,0.6096909322993066,24079,Low
-0.3749164959437801,4.7780455462568865,24079,Medium
-0.4545209367989114,4.704665031615782,24079,Medium
-0.3831525832746406,4.770453402898108,24079,Medium
-0.4455874388472925,4.712900058081555,24079,Medium
0.5807028996409693,0.8736540459424808,24075,Medium
0.354583986805121,0.31480284234245715,24059,Critical
0.4894444653690709,0.7105724087184221,24056,Medium
-1.2245149871276044,2.0527482369922225,24053,Low
1.0155481743339418,0.5775144825945026,24053,Low
0.444578319705252,0.18156567390803574,24043,Low
0.12190219691123569,1.3279463707803674,24042,Low
-3.844909372779743,-2.2439096813447037,24041,Medium
-3.8417710249863304,-2.2410167073632334,24041,Low
-4.081751505955816,-2.0250158271770005,24037,Medium
0.060500336995131763,0.6963893883625857,24036,Medium
0.025875387819543173,1.174034992784822,24036,Healthy
0.15890165458117847,0.787097133411227,24036,Healthy
0.8621277720776063,0.6496608772347251,24033,Medium
0.4199067529244085,-0.12076335721541526,24018,Low
1.0600878292350466,-1.121399598119591,24017,Low
0.7712226263621202,-0.30548914137791494,24008,Low
0.7895047476348569,-0.28863641993030204,24008,Low
0.7290790988505802,-0.34433764912908793,24008,Low
1.4318736019975478,-0.6580121776281261,24004,Low
0.47811948200513904,-0.5132884237928432,23993,Low
0.6887688954115447,0.702424880672253,23962,Medium
0.8781059383008325,-1.1130485499994454,23960,Healthy
1.3373693286279273,-0.3972284843436855,23960,Low
-0.7426933296875833,1.2232104348971715,23958,Low
-4.086583044012262,-2.0519287176753362,23946,Healthy
1.1315308455344295,0.02452554241481555,23945,Low
0.3717745035382541,0.9996959118171111,23944,Medium
0.8088017409859184,0.4877736674853667,23943,Healthy
0.9343522577372007,0.6035079334848227,23943,Low
-0.29754123073497996,0.2373734483041927,23940,Medium
0.9878732051820974,-0.8590250094193389,23935,Low
0.8881632858983518,-1.4956230873836849,23929,Medium
0.9632464949391722,0.8588379138670633,23927,Healthy
1.0161667674779866,0.00016212126724632315,23923,Low
0.5044967358761511,-0.37881587066322153,23914,Low
1.4884479337181147,-0.9520902996959179,23912,Medium
0.709988879101309,2.4646863849149385,23910,Medium
0.6303014131722781,2.3912293365706203,23910,Medium
0.7016697666965487,2.4570177078529456,23910,Medium
0.6393013311830166,2.399525589998964,23910,Medium
-0.1594621613210448,0.40166952645911635,23906,Low
-1.3919053635799457,2.6261217765641147,23894,Low
0.6778548077163817,0.9346099179316503,23893,Low
0.5130247606280657,0.8115158597351544,23893,Medium
-0.2052345337835066,0.958488912712413,23890,Critical
0.34743000087658665,0.2613266899445527,23886,Low
0.8092218582249143,0.8849309154702548,23879,Medium
0.45148288637713385,0.7769521885976386,23879,Low
0.03321619006462461,1.1543482904610538,23876,Healthy
-3.7217180406991024,-2.5487782616358183,23875,Medium
-3.8121254298487313,-2.162809212432364,23875,Medium
-3.71857969290569,-2.5458852876543476,23875,Low
0.06344801318425694,0.5302351319623665,23870,Medium
0.16189914581464346,0.6209887972329358,23870,Healthy
0.913219470439829,-0.11809896246997875,23866,Low
0.32052776097312147,0.01814147097730164,23852,Low
1.045981771402697,-0.6151414306469873,23851,Low
1.0642638926754338,-0.5982887091993745,23851,Low
1.003838243891157,-0.6539899383981604,23851,Low
1.7955378014578824,-1.4529003035055752,23837,Low
0.3740696559423777,-0.04400526859756896,23827,Low
0.961925319212306,0.3445893677332923,23802,Medium
1.286024115272869,-0.16346019787882982,23797,Low
-0.6684869573572128,1.1962129228231262,23795,Low
2.3980441340523475,-3.8159382683610414,23791,Healthy
0.21679246081629552,1.7007683208032778,23786,Medium
1.00996214365371,0.14871648247668579,23786,Healthy
1.1354628453606526,0.2644048282542137,23786,Low
-0.258477990354388,0.7772582040109431,23782,Medium
1.6332582191601468,-0.9553995781592456,23782,Low
-4.150985105743193,-2.052485191744831,23781,Healthy
1.6354169927780438,-2.0927620716354594,23769,Low
1.4872908706620525,-0.7124102962738452,23761,Healthy
0.8200415712099882,-1.5385357609398302,23760,Medium
1.0312114517579427,-0.03616124299370244,23759,Low
0.8759677285493267,0.35370277241439657,23755,Medium
-3.6088155900868584,2.3555086038506046,23748,Medium
-3.6221162069256065,2.3432479045958017,23748,Medium
-3.6107583768161136,2.3537177151954087,23748,Medium
-3.6094631856632766,2.3549116409655393,23748,Medium
0.4797651369289248,-0.3705732417123463,23744,Low
-0.0001863144670533178,0.5902337537297847,23743,Low
-1.5727837738120614,3.0192573371579954,23737,Low
0.6825914849687932,0.7647453533325471,23730,Low
-0.03396908544743494,1.1188694995085304,23730,Critical
0.5720463815408805,0.7189418404146213,23729,Medium
0.4795383142958283,0.039592223152852025,23729,Low
0.6049178062209761,1.0730758240743279,23722,Medium
0.15923375487677763,0.7874032682240809,23713,Healthy
0.5650755124441241,0.2822929902057487,23710,Low
-3.7998053873573423,-2.5147579537099274,23707,Medium
-3.7966670395639297,-2.511864979728457,23707,Low
-4.211384790195921,-1.9179245987220268,23705,Medium
0.07104197258629649,0.5109003299625922,23704,Medium
0.169493105216683,0.6016539952331614,23704,Healthy
0.9560453721378824,-0.9688769956270785,23700,Low
0.5933229417372451,0.13409836736093383,23694,Low
0.5783950334500605,0.1203376075231463,23694,Low
0.551179414225705,0.09524985960976072,23694,Low
0.8604347900232975,-0.5759094409339753,23692,Low
1.6966140612904617,-1.783219798899592,23683,Low
0.39014941127911607,0.07388082445840961,23663,Low
1.0465760239337911,0.21465982093666092,23633,Low
0.5490790286487716,0.7585574424819297,23626,Healthy
0.6745797303557141,0.8742457882594576,23626,Low
-0.6328135868330345,0.7357882493707312,23624,Low
0.8444439797743828,0.35629033795277176,23623,Medium
1.6078494723889005,-1.6806071475175985,23623,Medium
1.4677482198112348,-0.6516923408229757,23619,Low
-3.112574334254973,-3.67071992268757,23617,Healthy
2.435334265137213,-4.226769380742698,23616,Healthy
1.3281888855003694,-1.118050331363527,23612,Low
-0.8261480850539394,0.7501843397156668,23606,Low
1.3264683347825204,-0.07889942837814148,23605,Low
1.1978822816582455,0.2159787731923703,23604,Healthy
0.9512506791309737,-1.6000653720842966,23594,Medium
1.1141411286926386,-0.3432948638068487,23592,Medium
-3.869796163359374,-2.2706569046405014,23582,Medium
-3.883096780198122,-2.2829176038953043,23582,Medium
-3.8717389500886297,-2.2724477932956972,23582,Medium
-3.870410548906233,-2.271223254044281,23582,Medium
0.1667243966541537,0.45676530690803235,23581,Low
0.19063287114363392,0.11760475490166401,23577,Low
0.5255923569791688,1.0973363315923548,23572,Medium
-1.122940777283467,2.022911682240688,23570,Low
-0.026611678187573495,1.099198103925405,23569,Critical
0.8564732182943514,-0.7357705964230011,23569,Low
0.6882440447281984,1.0773342003715674,23568,Medium
1.0698343959948609,0.12292373409484857,23567,Low
0.16216482605112284,0.621233705083219,23546,Healthy
0.07178313751657381,0.17721391397041025,23546,Low
0.5325381675065586,0.18471201833483264,23543,Low
-3.9934478861948235,-1.9803008237097066,23541,Medium
0.512144730595008,0.7431620696734423,23540,Medium
0.6106456782697344,0.8339616551659398,23540,Healthy
-4.035383321638985,-2.1448108500976346,23539,Medium
-4.032244973845573,-2.1419178761161644,23539,Low
1.22062992502622,-1.208278206245861,23531,Low
1.2389120462989567,-1.1914254847982482,23531,Low
1.17853621255902,-1.247080793775106,23531,Low
1.6062348242217923,-1.9515431487763777,23528,Low
0.8312487221859487,-0.806305067225615,23520,Low
0.49392947517013935,-0.39576953780150115,23494,Low
0.2813451508143895,1.7780257825809964,23475,Low
-1.0755750570344171,2.3638703526221865,23470,Low
0.7255817906200539,0.7562848470945899,23463,Medium
0.6845957042401012,0.6467193212267512,23460,Medium
1.8968009156257397,-1.5551640715626422,23453,Low
-4.277919363679311,-1.8446563233155888,23451,Healthy
0.2404306987107261,0.5144193776817927,23450,Healthy
0.3659314004176685,0.6301077234593209,23450,Low
1.1923750578342835,-1.2058394044091385,23449,Low
2.6519776129266024,-4.126885261061361,23449,Healthy
-0.45189734446367763,4.7070834966373285,23448,Low
0.8183765645583402,0.8361193506916946,23447,Healthy
1.4042736330051215,-0.8019561167061486,23439,Low
0.30069357042452155,1.2992550737954751,23435,Medium
1.4312110407061156,-2.258128575211853,23430,Medium
0.3272771947050734,0.48305388276904054,23424,Low
-3.8398282382570748,-2.2392258187080376,23418,Medium
-3.853128855095823,-2.2514865179628405,23418,Medium
-3.8417710249863304,-2.2410167073632334,23418,Medium
-3.840442623803933,-2.2397921681118174,23418,Medium
-0.03288074891377098,1.8423718115914318,23412,Medium
0.19006680465386228,0.17150793292568478,23411,Low
-1.3879869877647464,2.5709659794029593,23407,Low
0.0994390966541395,0.7322836951697176,23406,Critical
0.26073729931524603,1.28695504338081,23405,Medium
0.9581695604973165,-1.199563321018389,23403,Low
0.655994169882995,0.5105280794319642,23398,Low
1.1166141982853992,-0.7821205775845441,23386,Low
0.1697587854531624,0.6018989030834446,23380,Healthy
-4.007301262237563,-1.9459382587279244,23377,Medium
0.9616267008947539,-0.15702061822037203,23374,Medium
1.0601774636138201,-0.0661751125059465,23374,Healthy
-0.44167421885402963,0.4920068650708765,23372,Low
0.4637763072319308,0.1892042235032798,23370,Low
0.48205842850466746,0.20605694495089272,23370,Low
0.4216161747056107,0.15034040901146406,23370,Low
-3.917558992748203,-2.4385485057920975,23369,Medium
-3.9144206449547903,-2.435655531810627,23369,Low
1.4609267764456013,-1.3900974378631081,23366,Low
0.9614343862296958,-1.1984970324943856,23359,Low
0.28364630385188433,0.4057325608670243,23331,Low
0.952247295294197,0.22235069528919096,23309,Low
-0.4219300092536938,0.7967357270474844,23307,Low
1.106372812355141,-0.02866122508531263,23300,Medium
0.4032684372770944,1.0766426948381547,23297,Medium
1.025279402006714,-0.6346131943028854,23292,Low
0.2885470710427748,1.3988560208508833,23292,Healthy
0.4556599397882985,1.5529030586790182,23292,Low
2.15606916966094,-1.8265445773780882,23290,Low
0.6178954202614063,1.014650393210433,23287,Healthy
-4.009284177275383,-2.299549781511219,23285,Healthy
2.449807097655062,-3.944552069899882,23280,Healthy
0.6329748205518516,2.393693721814095,23280,Low
1.2199220590892659,-0.5054930609095039,23273,Low
1.1218949276335812,-0.3649605988045803,23272,Medium
1.3677854242750065,-2.154175874145625,23267,Medium
0.5354676484245672,-0.29751320174832924,23258,Low
1.0397691343016309,0.17145503146393118,23255,Medium
-3.716636906176434,-2.544094398999152,23252,Medium
-3.7299043129856226,-2.556324484772669,23252,Medium
-3.71857969290569,-2.5458852876543476,23252,Medium
-3.717251291723293,-2.544660748402932,23252,Medium
0.8435809980470745,0.8170853448090222,23247,Medium
0.25888654333930816,-0.15866582033137153,23242,Low
0.10237016782848465,0.5661141320288556,23240,Critical
-1.4010422524473565,2.2845181632455906,23238,Low
0.9183590852399278,-1.20575596625066,23237,Low
1.019942578390414,0.19210074289272971,23234,Low
0.21636670045593728,1.688955755341551,23220,Medium
0.3149174631750035,1.7798012610559766,23220,Healthy
0.5066449673829246,-0.2274709413034895,23219,Low
-0.6391274817458669,2.043987272483372,23217,Low
0.6108615434618739,0.8341606427942949,23217,Healthy
-3.914936022015944,-2.123076118826516,23214,Medium
0.47598333981732477,0.31665826242266504,23213,Low
0.4942654610900614,0.33351098387027794,23213,Low
0.4338896273501246,0.27785567489342006,23213,Low
-4.214852517474116,-1.7533759515473888,23203,Medium
-4.211714169680703,-1.7504829775659185,23203,Low
1.3713479181936588,-1.7219620013678865,23203,Low
0.4095401048298256,0.1670595921228585,23199,Low
-0.01905580863664778,0.29146761514538944,23159,Low
-0.12527573834965466,0.37931459598115913,23146,Low
1.0870011953121947,0.15336985426567162,23146,Low
1.9339070638276168,-1.0117832246706118,23136,Low
0.23999744608357773,1.5691222212283868,23135,Healthy
0.4071103148291013,1.7231692590565215,23135,Low
0.38623747141159975,1.0130280829169032,23134,Medium
0.5015206770260342,0.0797467388169719,23132,Low
0.3351467225887308,1.0337300212820093,23131,Medium
0.9594637696314728,0.16683374319446403,23120,Healthy
-3.8179197317687774,-2.6135828236472785,23119,Healthy
-3.613896724609526,2.3508247412139385,23118,Low
1.1685768457342076,-0.2717247744446483,23110,Low
1.5796177882875935,-1.1257291419550748,23108,Medium
2.164668898612186,-3.8231092639589375,23104,Healthy
0.16615007858785608,0.5081233349204922,23096,Low
0.6438355265907044,-1.3689052277980267,23095,Medium
0.3824622938813114,0.9504886118787529,23092,Medium
-3.794691042805115,-2.5100434775919758,23084,Medium
-3.807991659643863,-2.5223041768467787,23084,Medium
-3.7966670395639297,-2.511864979728457,23084,Medium
-3.795305428351973,-2.5106098269957555,23084,Medium
1.43952659657836,-0.7589776323738119,23080,Medium
-1.081902101962486,2.3431212494238056,23080,Low
0.2898046124288245,0.23846687029381955,23076,Low
0.7789036445209476,0.7360234665030851,23074,Low
0.11003054728964404,0.5468405569916521,23073,Critical
0.18990245784313936,-0.09340493077483875,23072,Low
0.6873183346373558,-0.09265000123630582,23062,Low
0.4122411322328009,0.16446241963310312,23050,Low
0.35186529849286413,0.10880711065624525,23050,Low
1.0603933288059595,-0.06597612487759137,23050,Healthy
0.3939590109600643,0.14760969818549022,23050,Low
-0.09787454778255994,0.8102237493557393,23048,Low
-3.6707780450478236,-2.3591421387877114,23043,Medium
-3.667639697254411,-2.356249164806241,23043,Low
-3.8684902490307587,-2.50401576001581,23043,Medium
1.6966297836943125,-2.102510194873272,23043,Low
0.3926256383748605,0.19064969012880847,23042,Medium
0.4911930061087066,0.2815105025838768,23042,Healthy
0.8101569751436527,-0.5072067863852295,23039,Low
0.6519778801787968,-0.5246419770544508,22992,Low
1.294318766646195,-0.04041554833516639,22985,Low
0.8039182423829533,0.3593867370968019,22982,Low
0.3824299664626805,1.2697637011117902,22978,Healthy
0.5494930201638644,1.4237648187179968,22978,Low
0.23120561364530132,1.7140545716811415,22977,Medium
2.333195395685973,-2.4275944796632674,22967,Low
0.9643626355551731,0.7379603178288198,22966,Healthy
0.34274068199077046,1.014395219282235,22964,Medium
1.0090644598913605,-1.2324411290463881,22963,Low
-4.0059593323057685,-2.3073222982329806,22953,Healthy
-3.8748772978820423,-2.2753407672771675,22952,Low
0.9593277114511016,0.8552255230753861,22950,Healthy
0.9290789393507899,0.10634932414891439,22946,Low
0.9774902745992265,-1.269929209548401,22945,Medium
0.9977475984898242,0.5611056566255279,22940,Low
0.9145460837164474,-1.5636237959182275,22928,Medium
-0.47752905742645085,1.4825053914532897,22926,Low
1.0420091791171007,-0.39410028849040846,22923,Medium
-0.07350307326325328,0.9766618376407981,22919,Low
0.7994917023429239,0.45528694453214424,22917,Medium
-4.030268977086758,-2.140096373979683,22916,Medium
-4.043536383895946,-2.1523264597532004,22916,Medium
-4.032244973845573,-2.1419178761161644,22916,Medium
-4.030850152604056,-2.1406321099021772,22916,Medium
-0.6500483613328779,2.0527709892641894,22911,Low
0.5511333052983556,0.7791022967025024,22910,Critical
0.6930065929123427,0.5765428481293171,22908,Low
0.6181811793472765,0.02453503367028434,22905,Low
0.7213982178097846,0.0796403215890014,22896,Low
0.7396803390825213,0.09649304303661425,22896,Low
0.6793045053425845,0.040837734059756416,22896,Low
0.31510011833758317,1.7799696352030463,22896,Healthy
0.25265008639275993,0.5241952518649657,22884,Low
-3.8588963738357513,-1.756119067350866,22884,Medium
-3.8630808375603016,-1.759976365992826,22884,Medium
-3.860241380032928,-1.7573589133429246,22884,Low
1.488747729563802,-1.9069446698714312,22880,Low
-0.012761693667109978,1.4587052396646314,22875,Medium
0.08583888409629617,1.549596665600985,22875,Healthy
0.45072949834032067,-0.5714797427445315,22866,Low
1.767274033150659,-0.5229860729533432,22832,Low
0.6155175115647917,-0.3248661218525867,22829,Low
0.3692736361549251,1.4449181516281002,22815,Low
0.20221058245374138,1.2909170340218936,22815,Healthy
1.1775978888575052,-0.5123884500407553,22814,Low
0.8588571326033885,0.3695765888306355,22814,Medium
0.9873497114072289,-0.4357888968980521,22809,Low
0.8113942009514319,0.3829038310199021,22801,Medium
1.453956765620213,-0.6861181674048173,22800,Healthy
2.706163580535186,-3.0305446579743025,22797,Low
0.33469706330240306,1.8272063402659922,22788,Low
-3.844909372779743,-2.2439096813447037,22788,Low
1.1794408427433685,-1.4525836875525873,22784,Medium
1.4838370275878205,-0.7155940983275269,22784,Healthy
-3.957446442647304,-2.6941348838274406,22781,Healthy
0.6600708368870439,0.9182163987033184,22780,Low
-0.4368446383445754,1.1147521638824298,22766,Low
0.6639727032810063,-0.996854872382175,22765,Medium
0.18702512187163106,0.3318098132713564,22759,Low
0.27204311263026437,1.0336489575821974,22756,Medium
1.254946722096852,-0.46030602014895716,22751,Medium
0.8101018560738659,-0.2938232808783384,22748,Low
0.4766308286390391,0.05666045905775068,22748,Low
-3.9124114381664152,-2.4338034161928603,22746,Medium
-3.925678844975604,-2.4460335019663777,22746,Medium
-3.9144206449547903,-2.435655531810627,22746,Medium
-3.9130258237132742,-2.4343697655966405,22746,Medium
1.2802512314803636,-0.24189200791572707,22745,Low
1.0006650906424412,-0.12103447096938391,22744,Critical
0.5131784632082685,-0.23923039286782058,22733,Low
0.5552721756754687,-0.2004278053385756,22733,Low
0.5735542969482054,-0.1835750838909627,22733,Low
1.2928037882046326,-1.3624943541855048,22718,Low
0.4913590562565063,0.28166356999030384,22718,Healthy
-0.07960898336641684,1.5832430242481617,22717,Low
-3.499185761589216,-2.7540913721320233,22716,Medium
-3.503320410269426,-2.7579027505520557,22716,Medium
1.6227114641054496,-2.132328217899445,22716,Low
-3.5005307677863926,-2.7553312181240823,22716,Low
0.6708199610443715,0.6141089535423286,22715,Medium
0.7694205388077776,0.7050003794786823,22715,Healthy
0.8984515145295525,-0.6955623184321683,22668,Low
0.014874057117705774,0.5234530367106432,22663,Low
0.699008857069107,0.660005572104615,22650,Medium
1.429940966206437,-0.04432097026837352,22646,Healthy
0.6916217650659244,-0.39366274907313836,22646,Low
-0.909757319263655,1.3017599223178895,22645,Low
0.1457233353414447,0.7395575914609648,22640,Healthy
0.31273657399828847,0.8935127888452432,22640,Low
1.5272810104514891,-0.6415040351780215,22637,Low
0.2559106379361666,1.1755413785152995,22635,Medium
1.1944782536283536,0.21284089136061674,22627,Healthy
1.2503587475202083,-1.5760241806696222,22624,Medium
1.0054497626491907,0.27139349230840226,22622,Low
-3.7217180406991024,-2.5487782616358183,22622,Low
0.6647909091246754,0.7483365273635725,22617,Low
-4.396289307878651,-1.7667738228258616,22613,Healthy
1.0026400488941967,-1.5166237796749045,22603,Medium
-0.6377880174635274,1.1347637834123199,22600,Low
0.30589820488724395,1.2681029954557987,22596,Medium
0.2010153951702309,0.2429296446687246,22596,Low
0.49328082805487666,0.22646034421307537,22591,Low
0.2554050902036246,1.7249419025925392,22590,Critical
1.8460640834162172,-1.288308822057408,22588,Medium
0.40880383457544767,0.011600456035966284,22582,Low
-4.209771382951447,-1.7486920889107227,22580,Medium
-4.223005579731076,-1.7608915612029545,22580,Medium
-4.211714169680703,-1.7504829775659185,22580,Medium
-4.210319348439186,-1.7491972113519314,22580,Medium
1.0935217921698606,-0.09787652042980376,22579,Low
1.1313688266952544,-1.3088524889481965,22567,Low
1.149700763012331,-1.2919538472786554,22567,Low
1.0893083242576143,-1.3476244629961562,22567,Low
1.1388113852736712,-1.040803075961135,22559,Low
0.41168072197357336,0.23519449066799525,22555,Low
0.08600493424409575,1.5497497330074121,22551,Healthy
-3.5641444698737836,-2.7658798410193186,22546,Medium
-3.56132161736119,-2.7632776951100593,22546,Low
-3.5599600061492334,-2.762022542377358,22546,Medium
0.5551770920723091,0.21094294501490388,22543,Medium
0.6537278547913755,0.3017884507293294,22543,Healthy
0.33980906134504696,0.6911322889733613,22542,Low
0.9209831591572712,-0.43455177243398585,22511,Low
0.26396093363470385,0.11616978407780049,22497,Low
-0.36813005920520814,1.804093826787225,22492,Low
-0.48098718858797523,3.1204337030713147,22491,Low
0.41768159010610006,1.0899289457160184,22487,Medium
1.1342130198651326,-0.0021948224434598005,22483,Healthy
1.8553674194788734,-1.1909352386275052,22477,Low
0.1235629570500748,1.3777057073610957,22477,Healthy
0.2905761957069187,1.531660904745374,22477,Low
0.8149227214841084,0.832935548638013,22470,Healthy
-0.49541933203330607,0.7521711525572519,22469,Medium
1.1402036626671885,0.20241265128488295,22459,Low
0.9016314678464286,-1.2962358346486509,22458,Medium
-3.7998053873573423,-2.5147579537099274,22454,Low
1.052050425165523,0.10653021486651669,22453,Low
-4.295942122204069,-1.8037146258944168,22447,Healthy
-2.295130611126838,3.1914036390592613,22447,Medium
-0.6891332308185856,1.3685320698771755,22436,Low
0.5647208291152057,0.8382183733921477,22436,Medium
0.3961325092262111,0.30622136024959234,22434,Low
0.5202880776085843,-0.4416057378521585,22430,Low
1.5257314733297755,-0.7605433536056557,22425,Medium
-3.6656969105251553,-2.3544582761510453,22421,Medium
-3.6789643173343443,-2.3666883619245627,22421,Medium
-3.667639697254411,-2.356249164806241,22421,Medium
-3.666278086042454,-2.35499401207354,22421,Medium
0.7191910131640077,0.8276641614213843,22419,Low
0.7398675038074014,0.08532364452801286,22416,Low
0.7581496250801381,0.10217636597562582,22416,Low
0.6977737913402012,0.04652105699876793,22416,Low
0.9946586452203418,0.035139756807506556,22412,Low
0.43166402812254784,0.22663583737979667,22411,Critical
0.7696031939703571,0.705168753625752,22391,Healthy
1.225848157860949,-1.7871037847607614,22390,Low
0.859718226879145,-0.6633792982706465,22389,Low
-3.5994811409717222,-2.2945444595918314,22384,Medium
-3.6036323946667124,-2.2983711447525064,22384,Medium
-3.6008261471688994,-2.29578430558389,22384,Low
0.6019857779555898,0.7316918089948408,22382,Medium
0.700586355718996,0.8225832349311945,22382,Healthy
1.128365588681509,-0.4661608418074029,22369,Low
0.7128063844019886,-0.23683891796650614,22351,Low
0.9960946541415466,0.31316038763910525,22339,Healthy
0.16765655307463104,0.5663170475462614,22337,Low
0.29336334482381743,1.3619236161908723,22328,Low
1.0513701964755673,-1.1294356369570087,22325,Low
1.4167010053936182,-0.3309983101799884,22323,Healthy
0.3495598754177366,1.047016272159873,22321,Medium
0.19960598487662698,1.5596193983739965,22320,Healthy
0.36660261851869086,1.7135592890176323,22320,Low
0.6144913922315144,1.0115125113786796,22310,Healthy
1.6270592557776347,-1.3664075521865868,22306,Low
1.347504628986409,0.008611941943402283,22299,Low
0.5257767047973894,0.2936277020011614,22295,Medium
-4.035383321638985,-2.1448108500976346,22286,Low
0.638260014097997,0.49418048042556045,22284,Low
0.6252505302470655,-1.3019647228814133,22283,Medium
-4.121184043475701,-2.130650576961663,22281,Healthy
-0.9365784242019406,0.3553699299623341,22280,Medium
0.5283072427045727,0.08454812042046249,22277,Low
-0.4243707671660015,0.9232065575449522,22273,Low
0.9227955100923653,-0.20796776854018345,22267,Medium
0.34178292363756796,-0.15819141236355785,22263,Low
0.7324466963806777,0.7950511053593196,22258,Low
1.1906894785833069,-0.5153317895800701,22255,Medium
-3.7933481466055214,-2.516880359880661,22253,Medium
-3.8065823433851502,-2.5290798321728927,22253,Medium
-3.795290933334777,-2.5186712485358567,22253,Medium
-3.79389611209326,-2.5173854823218695,22253,Medium
1.2145103690722683,-1.3048236364052035,22253,Low
1.2328423053893447,-1.2879249947356626,22253,Low
1.172466471649408,-1.3435803037125205,22253,Low
0.3644529181756521,1.2244108043221265,22246,Low
0.026326511124917257,1.4947373071375476,22245,Critical
0.2775239378634628,0.46287835821268075,22225,Low
1.6880497875306297,-2.5617196259652983,22221,Low
0.653943719983515,0.3019874383576845,22219,Healthy
-3.8075363106848634,-2.3769192222499593,22214,Medium
-3.803434872034213,-2.3731384573112124,22214,Medium
-3.80474666820183,-2.3743476898219855,22214,Low
-0.006362542999027742,1.2824169200634081,22213,Medium
0.09230445482349835,1.3733695729623325,22213,Healthy
0.9477933180372142,-0.1768735719136367,22197,Low
0.3616923231328442,0.04610869359021193,22185,Low
0.5216928958171514,1.2421676033925888,22179,Healthy
0.9045350477099096,-0.126104387826111,22175,Low
0.8948628297577773,-0.7538538610309135,22173,Low
1.2026720037941319,-1.274786772475791,22160,Healthy
0.2669009108238884,1.1078899458226077,22158,Low
0.35715383481977614,1.0276814701600987,22155,Medium
0.42563218531528535,1.143772181553454,22153,Low
0.2586189466584415,0.9898169841691755,22153,Healthy
0.4104210042945977,1.6668754806219477,22151,Low
-0.4731121234949813,1.486576984464248,22145,Healthy
1.8204765005056527,-0.47394327593413194,22145,Low
0.9560597416015809,0.16369586136271053,22143,Healthy
0.7539286034835592,0.7265355086434616,22134,Medium
0.5778228039203515,-0.2060906528905615,22124,Medium
1.002191817590636,0.17573783714568314,22121,Low
0.10697822492948797,0.16043775028736174,22118,Medium
0.9051757266439758,-0.6908759261179616,22117,Low
-3.917558992748203,-2.4385485057920975,22116,Low
-4.1873252912255765,-2.127450822610346,22113,Healthy
-0.03176085295007524,0.270254013710602,22110,Low
0.40417580758435706,0.9698524897011046,22104,Medium
0.6865084063734987,0.7259546310178862,22103,Low
0.7183866526403156,-0.34076784012692196,22093,Low
0.7366687739130523,-0.32391511867930906,22093,Low
0.6763427552174553,-0.3795245074342388,22093,Low
0.5276471995251613,0.8246459774932591,22092,Low
1.718499499542652,-1.2392135936306177,22089,Medium
0.27202126036692376,1.6649901219271805,22086,Low
0.7099081658363987,0.6501410210152448,22085,Critical
-3.7422034414459113,-2.4533667061411895,22081,Medium
-3.75542103321076,-2.4655508716927788,22081,Medium
-3.7440632031012666,-2.4550810610931717,22081,Medium
-3.74273480191887,-2.453856521841756,22081,Medium
1.6591427993235075,-2.0645486335417322,22061,Low
0.7007524058667957,0.8227363023376215,22059,Healthy
1.1032420251975354,-1.3715231658291858,22053,Low
0.03017200527808867,-0.44264516672613424,22050,Medium
0.1288223980858347,-0.35170782056785244,22050,Healthy
-3.7264796583555158,-2.299352409189062,22048,Medium
-3.7305977020209458,-2.3031484808684515,22048,Medium
-3.7278080595379124,-2.300576948440478,22048,Low
0.7899914823395998,-0.21738448189558346,22028,Low
1.6198092374248148,-1.1531114860574978,22028,Low
1.498145483473735,-0.6987980512190795,22013,Healthy
0.947377554422743,-0.976867114242568,22008,Low
0.6220848527380205,-0.7695179021917191,22001,Low
0.823923242141017,-0.498274101453258,22000,Healthy
0.23956559443846606,1.4406379573708747,21995,Low
0.8258073537804377,0.39619008189776583,21992,Medium
0.9609586075252812,0.7348224359970662,21989,Healthy
0.9852496128468636,-0.8614434744408855,21988,Low
0.3235970120106586,0.881817381320713,21987,Healthy
0.4906102506675025,1.0357725787049914,21987,Low
-0.4323778893687659,1.1188696771153162,21985,Healthy
0.9516539818845464,-0.6465195214129569,21982,Low
0.20933992305147497,1.6498146282059438,21974,Medium
-0.36455493040078546,1.277255347611132,21964,Medium
0.7611694887359497,0.7196758674966813,21961,Low
0.3547669361012299,-0.34675396109246553,21955,Medium
1.006872068846941,-1.1546686507133492,21951,Low
-4.214852517474116,-1.7533759515473888,21950,Low
-3.7060071139910513,-2.735137552380447,21949,Healthy
-0.16213823192689655,0.4856871020699298,21946,Low
0.5862673171201997,0.6764877045438181,21941,Medium
0.7918505139272316,-0.3115465479196317,21936,Low
0.8101824502443081,-0.29464790625009074,21936,Low
0.7498066165043713,-0.3503032152269485,21936,Low
0.7541031094905173,0.8995212610426174,21935,Low
0.5385643605870221,0.5083040523517187,21934,Low
-3.872293660020484,-2.3236982458297826,21915,Medium
-3.8854946467705527,-2.3358671046407293,21915,Medium
-3.8741700266906194,-2.325427907522408,21915,Medium
-3.8728416255082228,-2.3242033682709917,21915,Medium
0.5054127917890338,0.38672791936825857,21915,Medium
0.6616313342169992,0.4348238420397053,21913,Low
0.5942652968643365,0.24697501248782008,21912,Critical
0.8582361067392567,-1.0374382952242323,21894,Low
0.29624635622039897,0.41415122471534155,21890,Low
0.09242068992695805,1.3734767201468314,21889,Healthy
-3.5106430810572564,-2.355886303252862,21888,Medium
-3.5119548772248734,-2.3570955357636354,21888,Low
-3.5147611247226864,-2.3596823749322517,21888,Medium
0.716979366843039,0.23278679854775527,21883,Medium
0.815629759650785,0.323724144706037,21883,Healthy
0.38598042341848066,0.14522633405019597,21865,Low
0.629184273427596,0.6613510708085043,21861,Low
0.8170075397698489,0.7222622500864324,21852,Healthy
0.5238703497914192,0.1767218997193431,21851,Low
1.4103777152326877,-1.4731116645027964,21840,Healthy
0.5040576414809987,-0.16039933690009328,21838,Low
1.0195699057811094,0.14606270457178666,21832,Low
0.2703237907651724,1.1888276293931632,21825,Medium
0.974235441556605,-0.3854630551928464,21825,Low
1.450552737590321,-0.6892560492365709,21823,Healthy
1.63281000545759,-2.095165229916363,21822,Low
0.38634085157481524,0.8302045308266222,21821,Healthy
0.553354090231659,0.9841597282109006,21821,Low
0.5598313471972348,1.363755517233885,21820,Medium
-0.633321268487718,1.1388812966452064,21818,Healthy
-4.060439018298037,-0.35232849524109194,21808,Healthy
-4.071431538082371,-0.36246155754655957,21808,Healthy
-4.068824550761917,-0.36005839926565547,21808,Healthy
-4.064141936593969,-0.35574189840441434,21808,Healthy
0.23565124767731627,0.26790222952877846,21804,Medium
0.6752558321125648,0.5601799423822705,21795,Low
-0.6705322711554836,1.3129832956133558,21792,Medium
-3.6707780450478236,-2.3591421387877114,21790,Low
-0.535241874780161,1.24890621228953,21786,Low
0.9670615935895523,-1.1608612959456206,21785,Low
0.3978084098887335,1.250820939979208,21784,Medium
-4.113857685633954,-2.3629281770899757,21779,Healthy
0.5056570141519019,-0.2922666000204154,21769,Low
0.5239889504689784,-0.27536795835087435,21769,Low
0.4635965117142616,-0.3310385740683749,21769,Low
1.1829524607203934,-0.26775913426814874,21769,Low
0.8270752106140299,0.1641362080498313,21768,Low
0.6410739827476172,0.767723876467757,21752,Critical
-0.14113890493826683,2.1971350216905523,21751,Medium
0.9250420756472918,0.417745281894523,21750,Low
-3.9420455594541375,-2.0274165989417616,21749,Medium
-3.955246546204206,-2.0395854577527084,21749,Medium
-3.943888716094713,-2.0291156471531013,21749,Medium
-3.942593524941876,-2.0279217213829708,21749,Medium
1.580680852050696,-1.9268024114854738,21734,Low
-3.916590992478513,-1.7902617651432366,21727,Medium
-3.9138345600250393,-1.7877208461965488,21727,Low
-3.9125559738869824,-1.7865422271670608,21727,Medium
0.12893863318929444,-0.35160067338335355,21726,Healthy
0.6098905248736819,-0.25707529026196557,21723,Low
0.5336106004175222,0.20866899695949567,21711,Low
0.6322609932252682,0.2996063431177775,21711,Healthy
0.922500259353644,-0.8842194129002264,21702,Low
1.1079463805702596,-0.7901106962000336,21694,Low
1.3822617436086164,-0.41364678673301847,21689,Healthy
1.55124131601103,-1.194075740420965,21689,Low
1.3305880172459512,-1.4873664206906498,21676,Healthy
0.40702126145515904,-0.13264138795415054,21672,Low
1.4265867532208851,-0.04741293187819891,21669,Healthy
0.7048990195092981,0.6605499189612484,21668,Low
1.3255154781207956,-1.1205147166070017,21665,Low
0.7660088517569825,-0.18779612094729475,21664,Low
0.8742832132668348,0.41684471402463674,21664,Healthy
1.0412466368793385,0.5707539911869871,21664,Low
-0.48100617920430033,0.7654574034351156,21659,Medium
-0.6846830868575561,1.3726342763694193,21655,Healthy
0.736956588749611,0.448474905516862,21654,Medium
1.0989049830621789,-1.020007180271899,21647,Medium
-4.447398469988033,-0.8978339129134162,21644,Healthy
-4.458241544639348,-0.9078292145530994,21644,Healthy
-4.455501717200654,-0.9053036023470539,21644,Healthy
-4.450902128106605,-0.9010636351890259,21644,Healthy
1.2625170756953656,-0.25823960692213094,21631,Low
-1.6557368127099241,2.8791251269019016,21627,Low
-3.7984292811281897,-2.521564222517327,21622,Low
-0.033190711727145585,0.6773834405392218,21621,Low
-0.809027040825108,1.3958850296030207,21620,Low
-4.242022824027367,-1.7280790903422256,21618,Healthy
0.41999374663313727,0.6101582875488016,21614,Medium
0.8284309252785004,0.7684459345142112,21612,Low
0.5362457980987125,-0.147867999209561,21606,Low
0.4758699643587755,-0.20352330818641884,21606,Low
0.5179138617816359,-0.16476664087910198,21606,Low
1.2408543446647435,-0.5403510665597935,21601,Low
0.7594407002582365,0.9874085132675313,21593,Low
0.796837454222398,0.8282790015698802,21590,Medium
-3.9371029719231894,-1.934867529629974,21585,Medium
-3.9503205636880376,-1.9470516951815633,21585,Medium
-3.938896313519425,-1.9365206576193856,21585,Medium
-3.937634332396148,-1.9353573453305402,21585,Medium
0.03277547683733948,1.3184949077582524,21583,Critical
1.2574577497850663,-1.5495973191143357,21571,Low
0.8156961797099048,0.32378537166860777,21560,Healthy
0.597146585830624,-0.5456551291443305,21551,Low
-3.7314060284287316,-3.2890357086982056,21549,Medium
-3.728649595975258,-3.2864947897515173,21549,Low
-3.727354404822421,-3.2853008639813868,21549,Medium
-0.38968505405510695,2.4179172994880265,21548,Low
-0.4456605588783542,2.366318276781484,21548,Healthy
0.2771162230273759,0.4674758178314216,21542,Low
0.49797714966778506,-0.23546105991897898,21528,Low
0.36878074380076165,1.2023854987730838,21526,Low
1.1309646177559454,-0.003219343238889246,21525,Healthy
0.4847542153049134,1.4693924070416313,21514,Low
1.8514340990479579,-2.512938020894177,21510,Healthy
0.36213995094836676,1.2605916438051266,21507,Healthy
0.5291365845904308,1.4145315344487623,21507,Low
1.1308089918352406,-0.005332704275213365,21506,Healthy
0.307642269503872,0.00626344023856625,21505,Low
1.1897016504547098,-1.2083037896526132,21502,Low
0.4154759660051367,0.0956872265319178,21498,Low
-0.419904018190192,0.9273240707778385,21492,Healthy
0.6337048740469795,0.5969476795729856,21487,Medium
0.5401898576263952,0.3069139528790251,21485,Medium
0.2796999323672623,-0.10510890087817326,21481,Medium
-4.7516673528343345,-0.4126501935872114,21480,Healthy
-4.7625104274856485,-0.4226454952268946,21480,Healthy
-4.759770600046955,-0.42011988302084907,21480,Healthy
-4.755171010952906,-0.4158799158628211,21480,Healthy
0.30797202454955486,1.1041581963287623,21476,Critical
-0.37691350046403677,1.249433048954753,21471,Low
1.0758374514292024,-0.1141781992142794,21465,Low
-3.4282785536951965,-1.778765021480065,21458,Healthy
-0.3424738485672849,0.7702359722645681,21457,Low
0.5747803835981664,0.23343610654577077,21452,Low
0.5144045498582297,0.17778079756891285,21452,Low
0.55644844728109,0.21653746487622974,21452,Low
-3.747201550894679,-2.4579740350746424,21450,Low
0.8097139367812599,0.4952763724191331,21449,Low
0.6888462622786519,0.31597750202958674,21448,Medium
0.744026513270627,0.5816704154562272,21441,Low
0.6141648568752656,1.1234086023875267,21430,Medium
0.5280355348786682,0.7653159547718061,21424,Low
0.06935984015879572,-0.40652125880936174,21419,Critical
-3.713819602572661,-2.699589002563346,21413,Medium
-3.7270537993522894,-2.711788474855578,21413,Medium
-3.7156295491836766,-2.7012574372934,21413,Medium
-3.7143675680603994,-2.700094125004555,21413,Medium
1.2064072570547801,-1.3179763621151193,21411,Low
0.632377228328728,0.2997134903022764,21388,Healthy
0.47050922354459096,1.2328954532867593,21388,Medium
0.40888801369615707,1.176092138761699,21388,Medium
0.4685498318005556,1.2310892578909205,21388,Low
-0.80463536553171,0.16399336023446465,21382,Low
-0.8606108703549573,0.11239433752792229,21382,Healthy
1.1211170940681845,-1.2599383738501857,21382,Low
0.9173269848983121,-0.5886518498909655,21381,Low
0.6786837269517764,-0.10060950637050989,21371,Low
0.68929706299673,-0.3958056927631164,21363,Low
0.9800520891864897,0.15778346921124498,21358,Healthy
1.413346792408066,-0.3340902717898139,21346,Healthy
0.8475160885244881,-0.587818085153996,21345,Low
1.0225561795828004,-0.6371234997682883,21345,Low
0.31228822268244283,0.994196760081276,21345,Low
1.8358083269567116,-2.4748498409728685,21344,Healthy
0.7987181426661516,0.07416005002690423,21341,Medium
0.9657313813229954,0.2281152474111826,21341,Low
0.8432437647389336,-0.16829576465444399,21341,Low
-0.027294103974265786,0.2743715269434884,21329,Healthy
0.5309486041959262,0.9039704900992427,21324,Medium
0.7562865155823135,0.7287090658147252,21324,Medium
0.34020083228600506,0.28492282814441455,21315,Critical
0.8091978602517673,-0.9933065386195209,21314,Medium
-1.3949364590731024,2.868381059250498,21314,Low
-4.653057192567254,-0.6584103592988566,21314,Healthy
-4.663900267218568,-0.6684056609385398,21314,Healthy
-4.661226859838995,-0.6659412756950651,21314,Healthy
-4.656909555996204,-0.6619615231279632,21314,Healthy
0.7014900674085697,0.8113471758962659,21305,Low
-0.37963833214345394,1.1279775132041714,21299,Low
-3.9359596520127758,-0.9488806964942603,21298,Healthy
0.6832258855705627,0.701156821655697,21286,Low
-3.877275164454472,-2.3282902680225925,21284,Low
0.7247348721373653,-0.8289007328140863,21281,Low
0.6643590383974284,-0.884556041790944,21281,Low
0.7064029358202887,-0.8457993744836272,21281,Low
0.554100715698908,0.382428499782188,21279,Medium
0.6740042196032764,1.0243313677075059,21270,Medium
0.8953673011934166,-0.21628871534077893,21270,Low
-0.2101547358696565,3.774649645008265,21265,Healthy
-0.23202354033486472,3.754490667581829,21265,Healthy
0.591519319792371,0.6588793306565884,21255,Low
0.7561173866794062,0.2688647862425996,21253,Critical
-3.994723630015545,-1.8465393223646367,21249,Medium
-4.007957826795174,-1.858738794656869,21249,Medium
-3.996483761582221,-1.8481618368727628,21249,Medium
-3.995271595503284,-1.8470444448058458,21249,Medium
1.1386300780355285,-1.3629904449149755,21248,Low
1.2137029746109815,0.18316215870195698,21230,Medium
1.211793397911286,0.18140188352804645,21230,Low
1.1521315798068876,0.12640476439882467,21230,Medium
-0.5288706678764822,3.07972071490628,21227,Low
-0.5848461726997295,3.0281216921997376,21227,Healthy
-0.4456605588783542,2.366318276781484,21224,Healthy
0.3336520968803376,0.21981723974475,21218,Low
0.5030083751143262,0.05916356580370443,21218,Low
0.6095133616321371,0.016544915054794856,21214,Low
-0.3704381562596226,1.8019661898378898,21209,Low
0.41863130710442475,1.0689732056105412,21192,Healthy
0.49871442952822087,0.07715989964835555,21185,Low
1.1993177908085797,-1.2778787340856166,21183,Healthy
1.593349332752543,-1.9634211795151129,21182,Low
-0.6757965632966954,-0.25209280783919336,21182,Low
0.43923270581781443,0.19431505129133547,21178,Low
0.388007152472088,1.2857962505987122,21176,Low
0.22104372885958393,1.131886973436362,21176,Medium
0.6747838107024,-0.7124256622799912,21175,Healthy
-0.1576714829510871,0.4898046153028162,21165,Healthy
0.21169783515022933,1.6519881853772072,21164,Medium
1.2517964135398856,-0.2982143469116304,21161,Medium
-0.023023828332172938,1.0231943291946066,21158,Critical
-3.702246500324034,-2.0553705595367115,21152,Healthy
-3.7131227850049084,-2.06539647465768,21152,Healthy
-3.7104161675957745,-2.06290147593292,21152,Healthy
-3.706049048708645,-2.0588758031438896,21152,Healthy
-0.9875318229301828,1.8579093295566151,21151,Low
0.16129982136073648,0.07947309778068959,21148,Medium
0.7147623556400197,0.7787494265748439,21145,Low
-0.20480548238972196,0.535070261359544,21136,Low
-3.531733344950739,-2.7665691077088543,21132,Healthy
1.0739275907011938,-0.5367831920841583,21123,Low
1.0136015720055969,-0.5923925808390881,21123,Low
0.8548410256943935,-0.7387403281239443,21123,Low
0.6699116757863991,0.7858087253232166,21122,Medium
0.5151201146672345,0.8521563534457137,21119,Low
-3.946944038814226,-2.031932087431358,21118,Low
0.05736999872824357,2.045860234663372,21112,Low
-0.0272152980022262,2.0722524212083844,21108,Medium
-0.7392315007122253,0.8411308460356077,21096,Healthy
-0.7610006750887537,0.8210637090530277,21096,Healthy
0.9275518985492499,0.2510096014160636,21088,Low
0.5727984352982293,0.24479290487626815,21081,Critical
-3.8091349828155856,-2.359976848686806,21081,Medium
-3.822319364550874,-2.37213040075711,21081,Medium
-3.8108619043527012,-2.361568749713647,21081,Medium
-3.8091349828155856,-2.359976848686806,21081,Medium
2.0035206342908265,-2.453565696533394,21069,Low
0.24379960561124533,0.8130889561554147,21064,Low
-0.9808560735878622,0.6022474139943148,21063,Low
-1.0368315784111095,0.5506483912877724,21063,Healthy
0.9373181088969202,-0.7778483527083472,21061,Medium
0.8756968990484864,-0.8346516672334076,21061,Medium
0.9353587171528849,-0.7796545481041858,21061,Low
-0.8606108703549573,0.11239433752792229,21058,Healthy
0.8014340383587264,-0.3018133994938279,21057,Low
0.4416166653269353,0.15721270898348122,21055,Low
1.0490620994211528,-1.131563273906344,21042,Low
1.488583564902653,-0.25461823774284537,21035,Healthy
0.8205690291554649,-0.5013660630630834,21023,Healthy
0.74788415609185,-0.28898676455223704,21018,Low
-0.04344227422319226,0.6304844006767832,21016,Medium
0.12352114938931183,0.7843936778391335,21016,Low
1.0062582123935473,-1.2350279682150045,21016,Low
0.8458367819214216,0.25462923526726705,21015,Low
0.9485654997752263,-1.2103597564924782,21013,Low
0.5622390743403292,1.3659749946270765,21010,Medium
0.8041541025157595,-0.7702908854475018,21008,Healthy
-0.5307253107600118,1.2530696457443444,21005,Healthy
1.7237332140023471,-0.934979022106092,21001,Medium
0.23747115677315145,0.37831169134387954,20998,Critical
-4.722698720593338,-0.2732902976815646,20992,Healthy
-4.733591610288992,-0.28333151954317587,20992,Healthy
-4.730918202909419,-0.28086713429970117,20992,Healthy
-4.726551084022289,-0.2768414615106712,20992,Healthy
-0.6513461743793935,1.398115454966033,20989,Low
0.3657435055303286,-0.26485737416012006,20982,Medium
0.5099462537697232,0.8083289919681408,20979,Low
-0.9772164112485084,1.9707632475997412,20976,Low
-4.126354511817485,-1.7731617702701,20967,Healthy
1.3349531446392227,-0.38382767370794324,20956,Low
-3.9419682412537176,-1.9393524046382848,20955,Low
0.905194583750523,-0.06174928697864289,20955,Medium
1.1159971976343388,-1.96818078472235,20950,Low
1.3350837626411394,-1.766223648682564,20950,Low
1.2747577439455422,-1.8218330374374938,20950,Low
-0.208245159169961,3.7764099201821755,20947,Medium
0.9916302464389833,-0.9228179347822629,20946,Low
1.1541753227118519,0.48655163741990887,20934,Low
-1.6952634705425578,2.571659833077874,20929,Healthy
-1.7170658549486462,2.5515620826140086,20929,Healthy
-0.35054703421873973,2.4539952871828707,20918,Critical
-4.110006509668071,-1.6673836780443292,20917,Medium
-4.1232407064476995,-1.6795831503365615,20917,Medium
-4.1117832462495265,-1.6690214992930983,20917,Medium
-4.110587685185369,-1.6679194139668239,20917,Medium
0.2424321397265177,1.8793322200873435,20914,Low
0.17898874876352813,0.6019970733031584,20904,Low
-0.5848461726997295,3.0281216921997376,20903,Healthy
-0.39797960262276355,-0.3651695326574561,20900,Low
-0.4539551074460108,-0.4167685553639985,20900,Healthy
0.48466282538407707,0.218516145819514,20900,Low
0.43923500072093213,0.18440124817409587,20895,Low
0.4411943924649675,0.18620744356993457,20895,Low
0.3795731826165336,0.1294041290448742,20895,Low
0.9021273205668153,-0.1283238652193025,20892,Low
1.8631695524706209,1.316793185151581,20890,Medium
0.6909006150718703,-1.192416209279674,20880,Low
0.45240133331987525,1.3032895601737524,20875,Healthy
1.4070235022471356,-1.476203626112622,20863,Healthy
0.9845268588946355,-0.4383910428073111,20862,Low
0.3549878746894056,0.36358326547683395,20858,Low
0.39665461336057617,0.15518156138412317,20853,Low
0.00866522257662374,0.23626650542519836,20850,Medium
0.17567846123346767,0.3902217028094768,20850,Low
-0.0533563418546512,1.7378974647687835,20849,Low
0.7393643158927053,0.4506943829100536,20844,Medium
-0.8045270818197386,1.4000331563171924,20839,Healthy
0.7872427200965851,-1.0471554490008208,20836,Healthy
0.2514614300717512,0.2894315227412477,20835,Critical
-5.106939531252393,0.4645917887938445,20835,Healthy
-5.117849025962827,0.45453526019159046,20835,Healthy
-5.115192223598033,0.4569843386944226,20835,Healthy
-5.110791894681343,0.46104062496473813,20835,Healthy
-0.035914638371157624,2.0492458142673073,20829,Low
0.7364187687498592,0.8832195822581418,20822,Low
0.11334791400204156,0.3055912440935313,20819,Medium
-0.9201845156257858,1.7212021705423195,20812,Low
-3.2779798359013403,-3.2917162458875295,20799,Healthy
1.1830903422574863,-1.126170898065909,20796,Low
1.4021769072642867,-0.924213762026123,20796,Low
1.3418508885686897,-0.9798231507810529,20796,Low
0.2636654090765727,1.154078268660558,20792,Medium
1.078943315514517,-0.12028091157682967,20790,Low
1.3124860805130467,-0.16217198597647162,20786,Low
-3.7187014769179694,-2.7040891843123,20782,Low
-0.7372222939238501,0.8429829616533744,20778,Medium
0.014455583686097097,1.7685944756774343,20768,Low
-0.7906592742060331,1.083795883304976,20760,Healthy
-0.8124616586121215,1.0636981328411106,20760,Healthy
0.3883643634636455,1.358505928145655,20754,Low
-3.916608157517747,-1.9873202780668398,20753,Medium
-3.9298091442678156,-1.9994891368777865,20753,Medium
-3.918335079054863,-1.9889121790936803,20753,Medium
-3.917189333035046,-1.987856013989334,20753,Medium
-0.7654475306510029,0.20011726815123704,20752,Critical
0.5028745043852362,0.06425053170143495,20744,Low
0.38746469151107166,0.29823124163410286,20743,Low
-1.0368315784111095,0.5506483912877724,20740,Healthy
-0.576190035969008,-0.0839025366344945,20737,Low
-0.6321655407922552,-0.1355015593410368,20737,Healthy
0.9449200122353087,-0.9791325118576876,20725,Low
1.438323669094471,-0.7617803676067653,20724,Medium
0.8384751407923681,-0.7971234272669729,20722,Low
0.8365655640926726,-0.7988837024408835,20722,Low
0.776903745988274,-0.8538808215701053,20722,Low
0.9940641534037776,0.7054977265823061,20721,Healthy
0.8134581850751139,-0.6480588602620806,20719,Low
0.43846502237909446,0.5284930874879176,20704,Low
1.3272836193047393,-1.4904124620785473,20699,Healthy
0.6887989125533311,-0.39626489498239736,20698,Low
0.7972714836744033,-0.5190848171239649,20692,Low
0.16541171793531903,0.27218425411218417,20690,Medium
0.3324249565921629,0.42613945149646254,20690,Low
0.21111140117316085,1.2947192819021993,20683,Low
0.6361126011900738,0.5991671569661772,20678,Medium
0.8973753513546658,-0.6305122761381443,20676,Healthy
-0.3379572845471356,0.7743994057193825,20675,Healthy
0.5707175074953248,-0.395119166520278,20669,Critical
-0.3148826883939367,2.3680376153725793,20666,Low
-4.680391230952161,-0.8575436415288137,20665,Healthy
-4.691267515633035,-0.8675695566497822,20665,Healthy
-4.688627318283022,-0.865135784887593,20665,Healthy
-4.684210384351552,-0.8610641918766347,20665,Healthy
0.3915175469719447,-0.172148414027796,20655,Medium
1.1652681199797352,-0.28406081305262443,20655,Low
-0.659589495349318,1.287591933539142,20649,Low
0.968806213880335,-1.0736839057843441,20636,Low
1.1878927788871354,-0.871726769744558,20636,Low
1.1275667601915385,-0.9273361584994877,20636,Low
-3.915974155609794,-2.0286870212334454,20635,Healthy
-0.27861170884817943,1.753604304431079,20623,Medium
1.755827487161364,-1.2076111495374862,20620,Low
-3.994723630015545,-1.8465393223646367,20619,Low
1.6985380633303637,-1.4434909799755256,20617,Low
-1.6933040787985225,2.5734660284737125,20611,Medium
0.3531416949255118,1.0362652840614457,20599,Low
-0.8275290371574301,1.4393900947789402,20597,Healthy
-0.8493314215635184,1.419292344315075,20597,Healthy
-0.4897326480401151,3.1157987026011242,20596,Critical
-3.650919063609682,-2.3281825354852685,20592,Medium
-3.664103445344971,-2.3403360875555728,20592,Medium
-3.652645985146798,-2.3297744365121096,20592,Medium
-3.651500239126981,-2.328718271407763,20592,Medium
0.7249169379706623,0.6319884539722613,20590,Low
0.5196228199746533,0.0765426950643303,20586,Low
0.43941567792456704,0.16817261928637728,20584,Low
-0.4539551074460108,-0.4167685553639985,20576,Healthy
-0.5168902994462011,-0.17863919216130927,20574,Low
-0.5728658042694483,-0.2302382148678516,20574,Healthy
0.5214460176335449,0.1744871155855089,20568,Low
1.454653963702355,-0.4831509883930863,20564,Medium
0.4976887053221257,0.20455077974192926,20559,Low
0.4361173105180317,0.14779338543879705,20559,Low
0.49577912862243023,0.20279050456801873,20559,Low
1.1549943889886123,-0.01354541594335071,20558,Healthy
0.4742487469525288,-0.39113202090744914,20553,Low
-0.37090309667346155,1.8015376010998942,20545,Low
0.8508824079447772,-0.9175696770875604,20535,Low
1.8481297011067457,-2.5159840622820746,20533,Healthy
-0.0307525378524789,0.4391377819676609,20527,Medium
0.13621088576002519,0.5930470591300113,20527,Low
0.4378606118858512,-0.5833424667426241,20520,Low
0.6104679253048396,0.782743861544414,20519,Low
-0.37517158316764454,1.1320950264370577,20518,Healthy
0.5333563313390205,0.9061899674924342,20515,Medium
-0.10361500292540587,2.0018242647662805,20503,Low
0.3922289585390884,-0.11168953429103469,20503,Critical
0.38726206285426873,-0.4838679208525036,20502,Medium
-4.480627639245648,-0.9823704162964921,20499,Healthy
-4.491553738970862,-0.9924422516393887,20499,Healthy
-4.488913541620848,-0.9900084798771995,20499,Healthy
-4.484480002674599,-0.9859215801255985,20499,Healthy
0.8107797945674022,0.7521748692110208,20498,Low
0.7051285055956678,-0.8434055424863885,20489,Medium
-0.9127420423243953,1.7016684582695842,20486,Low
1.2075082689047851,-1.6121008920541704,20473,Low
1.4266612539707053,-1.4100825290518135,20473,Low
1.3663352352751084,-1.4656919178067431,20473,Low
-4.292155027740085,-1.4163189604558826,20471,Medium
0.37058854785756995,1.2592954027151726,20466,Medium
2.3505228506073017,-2.043034567843705,20457,Low
0.63307240926497,1.0601963827739118,20456,Low
-3.813933832086994,-2.3644004967325465,20451,Low
-0.5955629270643941,-0.1681750943528584,20446,Healthy
-0.5967086730842114,-0.16923125945720477,20446,Healthy
-0.634800576989441,-0.20434492249155892,20446,Healthy
-0.690825896857028,-0.25598986542002944,20446,Healthy
-0.6762965089245625,-0.2425964673576668,20446,Healthy
-0.7886500674176579,1.0856479989227426,20442,Medium
-1.2013564254279252,2.046267724956617,20434,Healthy
-1.2231754148487934,2.0261546677521087,20434,Healthy
-0.9416682387071551,0.6383713219110873,20433,Critical
0.24263997957176994,1.362423986314516,20433,Low
-4.2980709667963675,-1.363683609382235,20428,Medium
-4.311238743516877,-1.3758218547118963,20428,Medium
-4.299714863259584,-1.365198976705862,20428,Medium
-4.298652142313666,-1.3642193453047293,20428,Medium
0.8965577239731763,-0.6988201245115229,20426,Low
1.223820239476311,-0.49843581571984324,20421,Low
0.5186492440810366,-0.08182502986471864,20421,Low
-0.6321655407922552,-0.1355015593410368,20413,Healthy
1.1054888383828256,-0.7923760938151532,20411,Low
-0.891012408341468,0.4303857674820063,20410,Low
-0.9469879131647153,0.3787867447754639,20410,Healthy
1.2216967569561528,-0.22651340023384944,20401,Medium
1.2676631252472161,-1.2257283096015947,20393,Low
1.206091730443122,-1.282485703904727,20393,Low
1.2657535485475206,-1.2274885847755053,20393,Low
1.1484574336561026,-0.15680755219594478,20392,Healthy
0.3961303508761725,-0.5697179175267453,20381,Low
1.048597159007314,-1.1319918626443395,20378,Low
-0.013620654630853303,1.644072011562252,20371,Low
0.9972378712020278,-1.0152696624419424,20368,Low
1.8325039290154994,-2.477895882360766,20367,Healthy
0.7102261294762557,1.0657846071063652,20365,Low
1.1476844334089706,-1.222696480442197,20360,Low
0.9807210097964667,-1.3766057576045472,20360,Medium
-0.2003387334139125,0.5391877745924304,20355,Healthy
1.2542041406829798,-0.2959948695184389,20351,Medium
-0.5474443652903124,2.2329524753056327,20347,Medium
0.7369876513045791,0.7724871225716947,20343,Critical
0.1696136262068107,1.3794124817101472,20336,Low
0.7920794110849417,0.4790206138565855,20335,Low
-3.7306409993119622,-0.7853287360974051,20333,Healthy
-3.741550494022396,-0.7953852646996591,20333,Healthy
-3.7389269016871625,-0.7929667996781125,20333,Healthy
-3.734460152711353,-0.7888492864452261,20333,Healthy
0.6989163574604175,0.32874803105979233,20323,Medium
-1.1021029691216542,1.6839111926130663,20319,Low
0.4419183159046509,-0.5125826435184831,20306,Low
0.6610546959557914,-0.3105795872567689,20306,Low
0.6007286772601944,-0.3661889760116986,20306,Low
-4.107428751347931,-1.8215829236653736,20305,Medium
0.422662834627826,0.8650468939823021,20303,Medium
1.0356697465172844,0.4320424321732862,20296,Low
-0.6149158382504755,0.6204568639246731,20294,Healthy
-0.6160117692259529,0.6194466190422548,20294,Healthy
-0.6541036731311826,0.5843329560079007,20294,Healthy
-0.7101788080431095,0.5326420928575022,20294,Healthy
-0.695649420110644,0.5460354909198648,20294,Healthy
0.9334147162035674,0.2996356987204772,20294,Low
-4.114805358939479,-1.6718073260900699,20287,Low
-0.8255032253542749,1.4412575171373496,20279,Medium
-0.35879176774205657,-0.32904562474068366,20270,Critical
0.7725171172043933,0.6326692378588028,20269,Low
-1.211690927403952,1.8577827941937415,20264,Healthy
-1.2334601017804805,1.8377156572111617,20264,Healthy
0.4610222759900667,0.27259685474774703,20264,Low
-3.7194261986550603,-2.5320220987314324,20260,Medium
-3.7325939753755693,-2.544160344061094,20260,Medium
-3.7210202800739367,-2.5334915458331317,20260,Medium
-3.720007374172359,-2.532557834653927,20260,Medium
0.9982540661761415,-1.1626128491069105,20260,Low
1.3668150298485753,-0.4280025120000426,20258,Low
-0.5728658042694483,-0.2302382148678516,20250,Healthy
-3.447525507786603,-1.088951587157856,20249,Low
-3.4385754048202046,-1.0807012539514405,20249,Healthy
0.49551960748035084,-0.2377264575340986,20245,Low
1.1659833759981721,-0.14172720437572056,20237,Low
0.6691268235722355,1.0839445108439807,20235,Healthy
0.9017288002120962,-0.12869122699472735,20227,Low
0.6263426206838519,-0.3264164761702664,20223,Low
0.6244828590284963,-0.3281308311222489,20223,Low
0.5648210409240978,-0.3831279502514706,20223,Low
-0.09920320007943004,0.5507405857560307,20214,Low
1.241859058142605,0.3322889369704829,20214,Low
0.6972597645754638,-0.21824385036695698,20208,Low
0.6714794127611878,-0.7154717036678885,20198,Healthy
-0.9726998472283591,1.9749266810545556,20195,Healthy
0.40579739008061033,0.7519612762874518,20195,Low
1.1411032682098536,-1.825275793237046,20191,Medium
1.308000271763238,-1.6714277430372666,20191,Low
1.7260911261011016,-0.9328054649348285,20191,Medium
0.15889910484331485,0.48375991767656207,20181,Medium
0.5891100255772221,0.5548977708680981,20173,Critical
1.0710995493360016,0.04845413720896211,20173,Low
0.6655747548594646,0.6848857563525067,20172,Low
-3.8604175180761904,-0.6758912679038308,20165,Healthy
-3.8713602228161847,-0.6859784099873704,20165,Healthy
-3.8687366304809507,-0.6835599449658237,20165,Healthy
-3.8642698815051415,-0.6794424317329374,20165,Healthy
0.3835493021102222,0.5239878430433482,20150,Medium
-1.011239212597026,1.4410989560653562,20145,Healthy
-1.0122853285281634,1.440134631404866,20145,Healthy
-1.050427047477733,1.4049750481485836,20145,Healthy
-1.10650218238966,1.3532841849981851,20145,Healthy
-1.0919727944571944,1.3666775830605478,20145,Healthy
0.6471459021012632,0.5075094166405237,20143,Low
0.8663819122410832,0.7096043133460942,20143,Low
0.8060060785011464,0.6539490043692364,20143,Low
-0.8860981439375722,0.8933038774463563,20142,Low
-4.020076720295453,-1.8788166385815983,20141,Medium
-0.1469226507032245,2.4850936138044277,20141,Low
0.41433687823203025,0.7254950659285919,20136,Medium
1.1284179502051508,-0.18469326869604671,20127,Low
-3.9214070067891558,-1.99174392611258,20123,Low
-1.19934721863955,2.0481198405743832,20115,Medium
-0.5370022010883009,-0.04777862871772205,20107,Critical
0.8376458543490379,-0.5006339421031097,20104,Low
-3.30702943116229,-2.8096880652955103,20100,Medium
-3.3201806028680187,-2.8218110038845285,20100,Medium
-3.3086235125811663,-2.8111575123972092,20100,Medium
-3.3076106066795887,-2.8102238012180045,20100,Medium
-1.4003675689594681,2.060222796549023,20095,Healthy
-1.4221201383212165,2.0401709663070857,20095,Healthy
0.5252841276326723,0.9644382804465039,20095,Low
0.9584435909187528,-1.168805494339182,20093,Low
1.2980169683567158,-1.0389828857871533,20090,Low
0.6762261847643422,-0.10287490398562951,20088,Low
-0.9469879131647153,0.3787867447754639,20087,Healthy
-3.9279943465401663,-0.49641958264844727,20085,Low
-3.9196088140762866,-0.48868967862388374,20085,Healthy
1.8655274645693751,1.3189667423228444,20080,Medium
1.1502662278667828,0.16231696958232644,20080,Low
1.1008334569517397,0.06719387813254324,20071,Healthy
0.9445547019101497,-0.979469260151827,20061,Low
0.35123934752863717,0.4600204672152438,20060,Low
0.2897177677688831,0.4033089931340397,20060,Low
0.3493795858732816,0.45830611226326146,20060,Low
0.699503325802425,-0.22643242102943706,20048,Low
0.49320771745164316,-0.43952256082143737,20048,Low
-0.8730473208952421,1.9083887047451686,20041,Low
0.8008497045745473,-0.7733369268353991,20031,Healthy
-0.9156845566204165,1.7253502972564911,20031,Healthy
0.6448577800184195,0.2875301393866489,20027,Medium
0.6720045269964285,-0.8776052763501919,20025,Medium
0.8389679506089327,-0.7236959991878414,20025,Low
1.1943539174170723,-0.40533185449331244,20023,Low
0.24395804700957355,1.2483524619223836,20007,Low
0.87762087560423,0.21072992656621065,20007,Critical
0.49748558897091627,0.8359005948831661,20006,Low
-3.9166985492172044,-0.48507883839866295,19999,Healthy
-3.9276578589719784,-0.49518128722284505,19999,Healthy
-3.9250176616219643,-0.49274751546065565,19999,Healthy
-3.920517702616595,-0.488599388746484,19999,Healthy
-1.011912568523744,0.8608481763354436,19984,Healthy
-1.0131081295879012,0.8597460910091692,19984,Healthy
-1.051150218448791,0.8246783481967431,19984,Healthy
-1.1071755383163782,0.7730334052682727,19984,Healthy
-1.0926461503839127,0.7864268033306354,19984,Healthy
0.5806140712992446,0.9319333279554961,19981,Low
0.7239704362731654,0.36859741977363114,19980,Low
0.9432562614573253,0.5707382367011297,19980,Low
0.8828804277173885,0.5150829277242719,19980,Low
-4.868225328106384,0.02523298434491118,19977,Low
-3.512142362959188,-2.7134240565258887,19977,Medium
0.2814433744290903,0.4590614274044165,19975,Medium
0.6198488434879649,0.5354046647859949,19973,Medium
1.1634077436075925,0.2040620669383381,19970,Low
-3.6556847028515307,-2.3325755700497237,19961,Low
-1.2096817206155768,1.8596349098115084,19946,Medium
-0.4777024645654941,-0.14251528424453683,19943,Critical
0.12758458617667534,0.5138685868202025,19941,Low
0.6071056344890428,0.014325437661603352,19931,Low
-0.04175889935360525,0.6694851623675885,19929,Low
-0.784224870068751,1.171102011261248,19929,Healthy
-0.8059774394304995,1.1510501810193108,19929,Healthy
-4.05959967864176,-2.1670746863151558,19928,Low
-4.072767455362269,-2.179212931644817,19928,Low
-4.061243575104976,-2.168590053638783,19928,Low
-4.060180854159058,-2.1676104222376504,19928,Low
0.7295104825606786,0.45939513582927904,19928,Low
-3.4424609782787154,-1.0842830312618323,19925,Healthy
0.7707273007373177,0.7824269336003652,19923,Low
-3.4774108851245185,-1.2423315862627635,19921,Low
-3.4690253526606383,-1.2346016822382,19921,Healthy
0.34465275685552615,1.1474061018632427,19921,Low
0.8727149066790146,0.8973808143679491,19917,Healthy
1.4406815811932252,-0.7596068104355018,19914,Medium
0.5210973123231657,0.17416567403201216,19904,Low
0.6197935441561901,0.5239096712969473,19897,Low
0.6794055472162488,0.578860870204241,19897,Low
0.6808169734725454,0.5801619431588705,19897,Low
1.1760602987479263,-1.123638624675725,19891,Low
0.8231258432869679,-0.5853877828768906,19885,Low
0.3456279697076456,0.7636996501005557,19873,Medium
-0.6550729313291687,1.2917553669939563,19868,Healthy
0.1623530986494395,0.19154835655315822,19867,Low
1.0158987863594555,-1.3045037501330312,19862,Medium
1.1828123949276197,-1.1506403931926088,19862,Low
0.7839881371997128,-1.05015557016679,19859,Medium
1.0137816467727776,-0.11604458459954618,19851,Low
-0.05112887082364386,2.190004478710247,19849,Low
1.3173684339872442,-0.4000375120485627,19843,Low
1.2913834046401638,-0.4937726547840569,19841,Critical
-3.969418183246426,-0.30170233203190544,19835,Healthy
-3.9803774930012,-0.3118047808560874,19835,Healthy
-3.977737295651186,-0.30937100909389803,19835,Healthy
-3.9732373366458167,-0.3052228823797263,19835,Healthy
0.3907854696989675,1.241904161568678,19821,Low
1.3167937735819166,-0.4631922240369169,19820,Critical
1.5361792288547562,-0.26095956666556214,19820,Low
1.4758033951148195,-0.31661487564242,19820,Low
0.0454248557457354,1.292428961099613,19818,Healthy
0.06121622480147803,1.3069856714508208,19818,Healthy
0.04500973037623645,1.2920462925835454,19818,Healthy
0.19252868168140658,1.428031376453294,19818,Healthy
0.045275410612715776,1.2922912004338287,19818,Healthy
-3.8940265223719237,-2.0852785118964023,19814,Medium
0.8316285788228536,0.327756657390472,19813,Medium
-3.7836755607804484,-2.0931085385696946,19812,Low
-0.016171236240037006,1.543216445989458,19808,Medium
1.3987072565864962,-0.6434806386228787,19804,Low
-4.302736975949537,-1.3679848035028337,19797,Low
0.8148053350758809,-0.021265386427358726,19790,Low
0.29945365196743506,1.0963058383790572,19785,Low
-0.851824573460761,0.4665096753987787,19780,Critical
-1.3983583621710929,2.0620749121667896,19777,Medium
0.7989598911565123,-0.30409410384959024,19774,Low
0.6805437115184504,0.6851584551639728,19765,Low
-3.923278522342658,-0.4920724683059206,19761,Healthy
0.8759573034929119,0.7290792285020908,19760,Healthy
-3.6528956843817353,-2.6440686033621303,19760,Low
-3.666096671131804,-2.656237462173077,19760,Low
-3.6545229758301714,-2.645568663945115,19760,Low
-3.653510069928594,-2.64463495276591,19760,Low
0.3342672164985584,1.595262873952199,19760,Low
-0.8735158045919019,1.1797240684803774,19759,Healthy
-0.8952683739536503,1.1596722382384401,19759,Healthy
0.862082425883178,0.18506239518553755,19757,Low
-2.9572907093511867,-2.211669075444313,19755,Low
-2.9489051768873065,-2.2039391714197496,19755,Healthy
1.4570118758011095,-0.48097743122182285,19754,Medium
1.1051235280576663,-0.7927128421092926,19747,Low
0.9819062452893815,-0.5553735920763558,19728,Low
0.7565602619834983,-0.5445936248141162,19727,Low
0.7547503153724827,-0.5462620595441705,19727,Low
0.6950884972680842,-0.6012591786733922,19727,Low
-0.06677832037096804,0.880138649321477,19724,Low
-0.07719349719049726,0.8555330639117852,19707,Medium
-0.9082254783042459,1.7058318917243986,19705,Healthy
0.5845624283181767,-0.11112644614289861,19702,Low
0.8940875584282337,-0.633543010785399,19699,Medium
1.1212421996189164,-1.050336773362694,19698,Low
0.9542787760064125,-1.2042460505250445,19698,Medium
0.3762095949529382,1.024271755392083,19683,Low
1.685847381204718,-1.0922365785214792,19681,Low
0.7945223632164873,0.6282182137506784,19681,Critical
-4.041142450959922,0.1400033922127192,19678,Healthy
-4.052085155699915,0.12991625012917987,19678,Healthy
-4.049494773394241,0.1323041016694412,19678,Healthy
-4.044994814388872,0.13645222838361284,19678,Healthy
1.0613419998477587,-0.13650605665809187,19676,Low
0.9724538984438759,0.5250581950631477,19654,Medium
1.290231709493308,-0.7173177348490379,19653,Critical
1.5097333998696074,-0.5149779302931842,19653,Low
1.4494073811740105,-0.570587319048114,19653,Low
0.5148573658482043,0.8480862027038139,19653,Medium
1.076803325179388,-0.35136694407453734,19652,Low
1.107747811872375,-1.6836880178149847,19649,Healthy
1.1240373313715164,-1.6686721052444957,19649,Healthy
1.1076481817836952,-1.6837798582588408,19649,Healthy
1.254918057867166,-1.5480243754987328,19649,Healthy
1.1076979968280352,-1.6837339380369127,19649,Healthy
-4.094553451106644,-2.0592759531838323,19648,Low
-4.345528260604798,-1.4463596064667985,19648,Medium
1.4305284421997577,-0.4031230428628265,19644,Low
0.7836800128482576,-0.42213381793671095,19630,Low
-3.724025787749109,-2.5362620658894603,19629,Low
0.3316824597038852,0.2770704701947094,19624,Low
-3.4713537039958466,-1.1109167599801306,19618,Critical
0.48220528319664285,0.21625074820439438,19617,Low
0.9738517539408389,0.6484615109763745,19611,Low
-0.7821658482360359,1.173000047100943,19610,Medium
0.8050311471395462,0.8499745716075648,19603,Healthy
-3.4727116659417896,-1.2379997786608794,19597,Healthy
-4.40811337090665,-1.1983723364618157,19596,Low
-4.421264542612378,-1.2104952750508344,19596,Low
-4.409740662355086,-1.1998723970448006,19596,Low
-4.408727756453508,-1.198938685865596,19596,Low
0.9454252694051807,0.1893360782234197,19594,Low
0.789844256628282,0.41513955937585284,19591,Low
1.2241044840992472,-0.22429392284065794,19591,Medium
-1.2530049166770274,1.7998799527203444,19590,Healthy
-1.274724276009216,1.7798587359596927,19590,Healthy
-3.4962093150023974,-1.5677007376840735,19585,Low
-3.487823782538517,-1.55997083365951,19585,Healthy
0.49515429715519177,-0.23806320582823803,19581,Low
0.7770323824909653,-0.048626858761342005,19574,Low
1.1209875103277152,-0.7044862316238601,19567,Low
1.059515745612301,-0.7611517854831362,19567,Low
1.1191775637166996,-0.7061546663539146,19567,Low
1.29958114517616,-1.4827469765742114,19564,Low
1.391097297598804,0.3371437990055938,19556,Medium
-0.16848232108998018,1.2753317801200563,19539,Low
-1.0975864051015047,1.6880746260678807,19538,Healthy
1.0329919413302806,-1.3467765151469648,19535,Medium
1.1999553649427845,-1.1928672379846144,19535,Low
0.3840074799573964,-0.48686804201847284,19525,Medium
0.7179205025392276,0.6031390788299102,19520,Low
0.6952224172074993,0.722225978344523,19515,Low
-4.028310007263374,-0.3157359704366514,19512,Healthy
-4.0392527120033686,-0.32582311252019075,19512,Healthy
-4.036645724682915,-0.3234199542392869,19512,Healthy
-4.032145765677545,-0.31927182752511524,19512,Healthy
0.9459627812279566,-0.16964907660247147,19509,Critical
1.6809533526783853,-1.459700818316145,19504,Low
0.4993133588910203,1.1678517313679617,19497,Medium
0.7266371011830931,0.640438195308291,19496,Medium
1.278228912566116,0.006098593391474181,19490,Low
1.217902893870519,-0.04951079536345553,19490,Low
1.0586441971159166,-0.19631774486759304,19490,Critical
1.4921461851680222,-0.7430641114158162,19488,Low
0.6865828140840353,-0.8524264435035412,19484,Healthy
0.7028723335831767,-0.8374105309330523,19484,Healthy
0.6864831839953556,-0.8525182839473974,19484,Healthy
0.8337530600788263,-0.7167628011872894,19484,Healthy
0.6865329990396954,-0.8524723637254693,19484,Healthy
-4.158955512837575,-2.059832427253327,19482,Low
-4.73484653988067,-0.801210192835495,19482,Medium
1.0262226626538664,-0.03836489745140794,19478,Low
-3.311612415241559,-2.8139127257128953,19470,Low
0.726177630826991,-0.3336373138796982,19470,Low
-0.03157541094385265,1.0153113577636161,19467,Low
0.38505696436797743,0.29601176424091136,19460,Low
-3.947953574305679,-0.514818284900973,19454,Critical
1.189292208311443,-0.30979150173794195,19445,Low
-0.871390362700067,1.1816833312826431,19441,Medium
-5.104643708383439,1.1149802309719041,19441,Low
-5.096258175919559,1.1227101349964677,19441,Healthy
1.1792986942188932,0.24719218603031823,19440,Low
1.179386884598433,-0.07808064677389875,19440,Healthy
-2.952541675124118,-2.207291347620501,19431,Healthy
-3.8233602649370058,-1.523580341640839,19430,Low
-3.8365612516870744,-1.5357492004517859,19430,Low
-3.824987556385442,-1.5250804022238238,19430,Low
-3.8240078605134245,-1.5241773045259044,19430,Low
1.1683911031412666,-0.13950772698252906,19428,Medium
-1.6196068551949718,2.7062694361040767,19427,Healthy
-1.6413262145271603,2.6862482193434247,19427,Healthy
0.675827664409623,-0.1032422657610543,19424,Low
0.742314276321885,0.4762962943029294,19421,Low
0.7827576741330798,0.6154777663259774,19411,Low
1.040951875643613,1.0451178702510358,19408,Medium
-1.7621543675830051,1.793338869644062,19403,Low
0.784135568970231,-0.4609431023283287,19401,Low
0.7859455155812466,-0.4592746675982744,19401,Low
0.7245235659101723,-0.5158943012356224,19401,Low
0.5114138625345179,-0.48009154499692175,19372,Medium
0.6784271011913618,-0.3261363476126432,19372,Critical
-0.06487449770155554,0.8589852871297688,19371,Low
0.6400755357617909,0.2831217980815513,19371,Medium
-0.8816313949617628,0.8974213906792426,19361,Healthy
0.4227672128992608,0.48408129169199515,19356,Critical
1.0929999854153445,-0.1685746595096297,19353,Low
-3.411393747911087,-1.0484693554605746,19352,Healthy
-3.422319847636301,-1.0585411908034714,19352,Healthy
-3.4197460703454072,-1.0561686460038529,19352,Healthy
-3.415212901310478,-1.0519899058083957,19352,Healthy
0.6155375136573317,1.0440324646552204,19343,Low
1.6172794597909335,-1.1332008328849463,19343,Low
0.2767219201004826,1.080863351943636,19331,Medium
0.05518274101344426,1.2955291347296505,19330,Medium
1.53421153202482,-1.2694261798231135,19321,Critical
1.7539622976228189,-1.0668567741576191,19321,Critical
1.693636278927222,-1.122466162912549,19321,Critical
0.5645583918046113,0.49222699565491945,19319,Low
-3.1205447413493537,-3.678067158196066,19318,Low
0.8862323312985333,-1.18993595651962,19318,Healthy
0.9024720357533348,-1.1749659641710593,19318,Healthy
0.8861327012098535,-1.190027796963476,19318,Healthy
1.0334025772933242,-1.054272314203368,19318,Healthy
0.8861327012098535,-1.190027796963476,19318,Healthy
0.9790448926749247,0.1836881136844019,19314,Low
-4.165135358092745,-2.0526981024247495,19310,Medium
0.2289527841910316,0.37045933339417436,19307,Low
1.153716820830379,-1.3386726712620896,19303,Critical
0.5171652777872191,0.07427729744921067,19303,Low
-4.064166057706249,-2.1712840399918982,19298,Low
-3.497370112890031,-1.260730288515289,19291,Critical
0.9159945412342946,0.47295044018932714,19285,Low
-5.234752495710111,0.32415483813774065,19279,Low
-5.22640017327579,0.3318541286810189,19279,Healthy
0.6548684985791423,0.637998027073602,19274,Healthy
1.2838602644552666,-0.543283864109386,19274,Low
-1.2508960797999724,1.8018239087819674,19272,Medium
1.1526739550098772,0.16453644697551795,19271,Medium
0.6066406940752038,0.013896848923607735,19267,Low
-3.627020429158178,-2.6033908584089684,19264,Low
-3.6402214159082464,-2.615559717219915,19264,Low
-3.628647720606614,-2.604890918991953,19264,Low
-3.627701234764156,-2.6040184347753192,19264,Low
-3.4914602807753288,-1.5633230098602613,19261,Healthy
-1.0413932724575676,1.592017728311218,19260,Healthy
-1.063096026774976,1.572011818291209,19260,Healthy
0.7069553988237821,0.8303428337842915,19258,Low
0.952459052480592,0.732929546331014,19251,Medium
0.7839661643032588,0.45307973834656995,19245,Low
1.390932281039949,-1.161172192306981,19241,Low
1.3295601464132143,-1.217745905722401,19241,Low
1.389172149473273,-1.1627947068151074,19241,Low
-2.058725459359512,2.0467651859576232,19238,Low
0.3408955404953568,0.7593372290173862,19217,Medium
0.39068716522713093,-0.28739750937879216,19209,Medium
0.5576505888396351,-0.13348823221644182,19209,Critical
-0.8477027770636003,1.470401106490157,19206,Low
-2.2191124707826906,4.193361476981944,19197,Low
-4.874169923397609,0.019753171194824348,19196,Healthy
0.7017011564030182,-0.5959933408514488,19189,Critical
-3.439044322761709,-1.4047883377957089,19184,Healthy
-3.449987027501703,-1.4148754798792484,19184,Healthy
-3.447429855225589,-1.4125182418202729,19184,Healthy
-3.4428634761611,-1.40830888814353,19184,Healthy
1.018134850909646,0.41587851405459475,19183,Low
0.434818887580665,1.2632604063091022,19179,Low
0.7426816055226421,0.7582325252758074,19176,Medium
0.758732793334123,0.4169118976702706,19168,Medium
1.186100016713347,-0.5673556664641229,19155,Critical
1.4059504124000257,-0.3646944203547725,19155,Critical
1.3456243937044288,-0.42030380910970233,19155,Critical
-4.285889770773692,-1.8520035588240853,19152,Low
1.295513133448276,-0.33703925217486175,19151,Low
-3.4749851217124554,-2.7018785831901537,19148,Medium
0.742760168491866,-0.0027657107832961643,19147,Low
1.8490328440573658,-3.096294215654617,19146,Healthy
1.8652227334678273,-3.0813701435279843,19146,Healthy
1.848883398924346,-3.0964319763204013,19146,Healthy
1.9961532750078168,-2.9606764935602934,19146,Healthy
1.8489830290130258,-3.096340135876545,19146,Healthy
0.2429430574896315,0.28157916479154255,19144,Low
0.8941001817857421,-0.7010855221266425,19143,Low
0.33770670103740585,0.15120017427526602,19140,Critical
-3.6574620634462245,-2.648277957038873,19130,Low
-2.9772499371166994,-2.230067777696839,19125,Critical
0.7018639423974321,0.7892001768200634,19125,Low
-4.302682765944508,-1.0292296782330737,19122,Low
-4.294297233480628,-1.0214997742085101,19122,Healthy
-5.10006072430417,1.1192048913892894,19117,Healthy
0.773135027880412,0.7846464109935567,19114,Medium
1.0333034890346056,0.02350036616730953,19111,Low
0.7985115557574534,-0.30450738584694315,19110,Low
-1.6174980183179168,2.7082133921656997,19108,Medium
0.5547661662930885,0.8317419356280885,19108,Healthy
-4.395077634817377,-1.2313066793665888,19101,Low
-4.4082620165526665,-1.243460231436893,19101,Low
-4.396704926265813,-1.2328067399495737,19101,Low
-4.395758440423355,-1.2319342557329396,19101,Low
0.89956974364268,0.9682148913071867,19097,Medium
0.5864237920524873,1.020797699492926,19095,Low
-0.8978618813203852,1.3438185938387925,19094,Healthy
-0.9196144506821337,1.3237667635968553,19094,Healthy
1.3298296377928371,-0.1563967570926365,19084,Low
0.6912288349394711,-0.013082542823586415,19080,Low
0.6894687033727952,-0.014705057331712642,19080,Low
0.6298567003127366,-0.06965625623900625,19080,Low
-1.592898173130364,1.477350239641149,19076,Low
-0.08199234646190587,0.8511094158660448,19051,Medium
0.9120951119398354,-1.1543578461496153,19046,Medium
1.0791083505966792,-1.0004026487653368,19046,Critical
-1.0630381217659355,1.6843502244133806,19039,Low
-3.7896201560716745,-2.098588351719781,19030,Healthy
-1.882393694546253,3.039423037289967,19030,Low
-0.08453761017491243,2.5426010383990523,19028,Low
-3.534471888110641,-0.8502237396353824,19025,Healthy
-3.545414592850635,-0.8603108817189218,19025,Healthy
-3.542824210544961,-0.8579230301786607,19025,Healthy
-3.5382412264656917,-0.8536983697612754,19025,Healthy
0.7036499970052073,-0.6020345820482901,19023,Critical
0.7107827228334487,0.20097669350260366,19010,Medium
0.48961051551687057,0.7107254761248492,19002,Medium
0.8603512875328031,-0.21446420525004914,19001,Low
1.635435039971279,-0.7544616205381506,18991,Low
1.3309002354346922,-1.4938913932032434,18989,Healthy
1.347023704786034,-1.4790285480391816,18989,Healthy
1.3307009752573327,-1.4940750740909559,18989,Healthy
1.4780040613703636,-1.3582889778495626,18989,Healthy
1.3308006053460124,-1.4939832336470997,18989,Healthy
-4.017221374340204,-2.3068664035384296,18986,Low
0.5965892320011156,0.7302995786389426,18984,Low
1.1866074395598372,-0.45065459349358805,18982,Critical
-4.23699450689211,-1.6111759817124425,18982,Medium
1.2469334582554341,-0.39504520473865834,18982,Critical
1.2469334582554341,-0.39504520473865834,18982,Critical
0.562199134913205,-0.4029715244699832,18978,Low
0.9957799189739274,-1.164893553462673,18977,Low
0.7684311038447544,-0.7054221364921504,18974,Critical
-4.484788312329211,-0.47377254600760477,18968,Low
-4.476336359806211,-0.4659814150204704,18968,Healthy
-4.412663144956358,-1.2025663833979157,18966,Low
0.6850023750225976,0.5123815334886722,18959,Low
-5.230219326675181,0.3283335783331978,18956,Healthy
-3.51616854276791,-1.5860994399365993,18954,Critical
0.48169052773846416,0.21577623924447065,18953,Low
0.5563455152451422,1.0938193246742676,18948,Healthy
1.4356927553969385,-0.6544916272803051,18947,Low
0.8644901530262723,0.18728187257872905,18947,Medium
-1.0392844355805126,1.593961684372841,18942,Medium
0.695215876594402,1.1563138796893315,18940,Medium
-0.6269422490015926,1.043764863914412,18931,Healthy
-0.6486948183633411,1.0237130336724747,18931,Healthy
-2.923913163011638,-3.974236082379197,18931,Low
-2.937114149761707,-3.986404941190144,18931,Low
-2.925507244430514,-3.9757055294808965,18931,Low
-2.9246437836619563,-3.974909578967476,18931,Low
0.9626017406042202,0.08906278639386382,18926,Low
1.520147593279611,-0.5229382953111475,18924,Low
0.8952465197568913,-0.2016099652329386,18923,Low
0.8934863881902154,-0.2032324797410647,18923,Low
0.8338743851301569,-0.25818367864835845,18923,Low
-2.1946265136785716,2.1714140206655235,18909,Low
1.3863150533421753,0.3327354577004961,18900,Medium
0.5235639727000271,-0.6670975845528379,18879,Medium
0.6905273963125311,-0.5131883073904876,18879,Critical
0.2160025150105885,0.4794534257117911,18873,Low
-1.4289078622419893,2.6580573382210173,18871,Low
0.6432813970788159,0.9897009671410465,18868,Low
-4.1004980463978695,-2.0647557663339193,18867,Healthy
-3.747910250694767,-0.9059256172071378,18857,Healthy
-3.7589027704791005,-0.9160586795126054,18857,Healthy
-3.756262573129087,-0.9136249077504163,18857,Healthy
-3.751729404094158,-0.9094461675549589,18857,Healthy
0.7784572295481712,-0.735027714288089,18857,Critical
0.8088017409859184,0.4877736674853667,18853,Low
0.5131409957315254,0.8116230069196533,18839,Medium
1.7163720870277133,-1.0089854904139088,18835,Low
2.143919897495422,-1.7495953356831717,18828,Low
1.6353191830030558,-0.44967189998799467,18825,Critical
-3.79389611209326,-2.5173854823218695,18825,Healthy
1.6956452016986527,-0.39406251123306496,18825,Critical
1.6956452016986527,-0.39406251123306496,18825,Critical
-3.825890138863158,-2.6209300591557745,18820,Low
1.6608583624345057,-2.790217293772637,18817,Healthy
1.6769984368006274,-2.7753391418679327,18817,Healthy
1.6606591022571462,-2.7904009746603498,18817,Healthy
1.8079787933849567,-2.6545995716783137,18817,Healthy
1.6608085473901657,-2.790263213994565,18817,Healthy
-4.341484177489773,-1.5650344398451173,18814,Medium
0.662525856659587,-0.232489900060563,18814,Critical
0.7027477382049692,0.25264424924886997,18814,Low
0.38371058595696855,-0.11954189224073987,18811,Low
-5.1249848514888905,1.0962294736845963,18811,Critical
-4.49433561960526,-0.7156402995094703,18811,Low
-4.48588366708226,-0.7078491685223357,18811,Medium
0.9559860487313185,-1.1710708919543014,18810,Low
1.16655967256522,0.16713905111074726,18802,Low
-3.827959854031055,-1.527820308798867,18800,Low
-4.298099781865239,-1.0250050178156884,18798,Healthy
0.3844923938654588,0.2954913350590595,18796,Low
0.42805185795637907,1.3033947753690727,18788,Healthy
0.7784424850129446,1.1604804155427149,18786,Medium
0.947832996548275,0.1915555556166112,18784,Medium
1.7993569548572734,-1.4493797531577541,18781,Low
-0.89585267453201,1.3456707094565592,18776,Medium
-0.8860346354012922,1.4732822789134266,18767,Healthy
-0.9077539947334807,1.4532610621527746,18767,Healthy
-3.4843264503757667,-2.745930966298991,18767,Low
-3.4975606471553955,-2.758130438591223,18767,Low
-3.4859537418242033,-2.7474310268819755,18767,Low
-3.485073676040865,-2.7466197696279124,18767,Low
0.3483823494164859,1.3986120869249903,18762,Low
0.4681026118816131,1.390376812012937,18760,Low
1.0361696313869844,1.040709528945938,18752,Medium
1.2365280943859656,-1.5244923739269132,18751,Low
1.175155959759231,-1.581066087342333,18751,Low
1.2348177778636296,-1.5260689682131112,18751,Low
-2.6138132051398686,3.2613636139483315,18750,Low
0.4331897134665937,-0.6589527308816039,18710,Medium
0.6001531370790979,-0.5050434537192535,18710,Critical
-0.334565303601821,0.6754367899479201,18710,Low
-1.4380261447255795,2.574678394226715,18709,Low
0.4501151875077667,1.2965951458850455,18708,Low
-4.1649001081288,-2.0653122404034137,18701,Healthy
0.9407990286623769,-0.7124494466259647,18697,Critical
1.00996214365371,0.14871648247668579,18696,Low
-3.6829487903573295,-1.0139405267962434,18689,Healthy
-3.693941310141663,-1.024073589101711,18689,Healthy
-3.6913011127916495,-1.0216398173395214,18689,Healthy
-3.6867347337271603,-1.017430463662779,18689,Healthy
0.5721626166443403,0.7190489875991202,18675,Medium
0.9313794543644759,0.40511378052004365,18668,Low
1.452911533025091,-0.728450166021621,18665,Low
0.8093933697831956,-0.17162454220416906,18660,Critical
1.5276137967382242,-0.7202148406241224,18656,Critical
1.5276137967382242,-0.7202148406241224,18656,Critical
1.4672877780426272,-0.7758242293790522,18656,Critical
-3.74273480191887,-2.453856521841756,18653,Healthy
-3.8065823433851502,-2.5290798321728927,18652,Low
0.7284858837372392,0.7646500713626323,18651,Low
0.5368682472059219,0.82447011682816,18651,Low
0.3276806511419147,0.27338154569981865,18650,Low
1.2878709546847007,-2.0268910363685384,18648,Healthy
1.3039113989621427,-2.0121047249076898,18648,Healthy
1.2876218794630014,-2.0271206374781787,18648,Healthy
1.434941570590812,-1.891319234496143,18648,Healthy
1.287771324596021,-2.0269828768123945,18648,Healthy
-3.5925753757368937,-2.9045335960361958,18648,Medium
-4.480122303176042,-0.46947135188700595,18645,Medium
1.241005764424292,0.036232021374016474,18645,Low
0.5166173122994804,0.07377217500800158,18639,Low
-3.631653228281787,-2.607661439048282,18634,Low
-4.24103703534825,-2.2694217838770046,18630,Medium
-4.271955572868537,-2.2979229349537125,18630,Critical
-4.249522197900809,-2.2772435283454247,18630,Low
1.1817562364063274,0.2494575836454378,18630,Medium
0.8147879024186229,0.79054345653458,18628,Medium
1.7003833996455127,-1.779745168773699,18627,Low
0.5594364259583904,0.9253188285354482,18624,Healthy
-0.6249164371984374,1.0456322862728213,18612,Medium
2.957456040494001,0.6863562876686343,18603,Low
-3.871577612978361,-2.1066544970728533,18603,Low
-3.8847952047432095,-2.1188386626244426,18603,Low
-3.873121879352897,-2.1080780239526247,18603,Low
-3.8723580486730187,-2.1073739138830603,18603,Low
-0.8910497339564418,1.1655512415636056,18598,Healthy
-0.9127690932886303,1.1455300248029536,18598,Healthy
1.375525273592121,-0.45765771275098277,18596,Low
0.9476269931796235,0.7284752848039885,18595,Medium
-1.5351393647038878,1.2798845313796143,18586,Low
0.6050122061147882,-0.17297628848391902,18584,Low
0.5436400714880538,-0.22955000189933883,18584,Low
0.6033018895924523,-0.17455288277011713,18584,Low
-1.6726940537665207,3.0490734460121587,18550,Low
0.4519104678955692,0.7687057286776244,18547,Medium
-0.006790220213988852,0.12813760922343265,18547,Low
0.6188240764637334,0.9225690856180467,18547,Critical
1.1394208359146196,-0.29364522511091495,18538,Low
-3.1264893366405793,-3.6835469713461526,18537,Healthy
0.5490790286487716,0.7585574424819297,18536,Low
1.1683530961385922,-1.5408562604603675,18527,Critical
-3.5124277946426243,-1.06597996307748,18525,Healthy
-3.5234037094121784,-1.0760977186423049,18525,Healthy
-3.5207801170769444,-1.0736792536207582,18525,Healthy
-3.5161971329976756,-1.069454593203373,18525,Healthy
0.5257085920826285,1.0974434787768537,18518,Medium
0.174802870120804,0.8686491079630813,18506,Critical
1.0573970191766289,0.03816875828307095,18505,Low
1.4047349274592134,-0.346284139682433,18502,Low
-0.035527404461483295,1.0116683534906534,18493,Low
1.5576459812881995,-0.47614693666518637,18493,Critical
1.5576459812881995,-0.47614693666518637,18493,Critical
1.4973199625926026,-0.5317563254201162,18493,Critical
-0.33601090999403305,1.3035676347759335,18488,Healthy
1.1753232180431317,-0.227916629214058,18488,Low
-4.489653005437312,-0.7113237986482287,18487,Medium
-3.8728416255082228,-2.3242033682709917,18487,Healthy
0.5035905314120873,1.119903421028743,18485,Low
0.5805418379507625,0.5469994926964649,18482,Low
-3.75542103321076,-2.4655508716927788,18480,Low
-3.528642216711246,-3.117164750590128,18480,Medium
1.368095005461863,-2.1709691729830607,18479,Healthy
1.384069029680185,-2.156244088484783,18479,Healthy
1.3677795101810437,-2.171260001055272,18479,Healthy
1.5150992013088544,-2.035458598073236,18479,Healthy
1.3679289553140634,-2.1711222403894874,18479,Healthy
0.8934857962388837,-0.7016518715304224,18479,Low
-4.399660618896647,-1.2355313397839742,18470,Low
1.0267797836925636,0.45607247820149,18467,Healthy
1.2863178066427006,-0.5410184664942664,18464,Medium
0.8350180605409998,-0.8028304370997221,18464,Low
1.5281973755033496,-0.6772396373417929,18462,Medium
-4.027559501354458,-2.401111844546569,18454,Low
-4.019041128772337,-2.3932594865968637,18454,Medium
-4.050092506410864,-2.421883091598713,18454,Critical
-0.884025428612917,1.4751343945311932,18449,Medium
0.8947376843417115,0.963760629780161,18441,Medium
1.5944266327361392,-0.7606673544975494,18440,Low
-4.531797335864984,-1.2135591023995451,18435,Low
-4.545031532644613,-1.2257585746917774,18435,Low
-4.533358207254301,-1.214997936019959,18435,Low
-4.532627586603982,-1.2143244394316801,18435,Low
-1.4026145263494318,2.1679247415174423,18432,Healthy
-1.4243670957111803,2.147872911275505,18432,Healthy
0.9732092193363219,0.06408749039732442,18427,Low
-1.6374976591805983,1.5327899468682469,18425,Low
0.40407748612683625,0.3242637259302589,18421,Low
0.3427053515001018,0.26769001251483904,18421,Low
0.4023671696045003,0.32268713164406077,18421,Low
-1.553358839422445,2.753788118325094,18389,Low
1.0658849559748818,-0.27514763769690115,18384,Medium
1.232732144483926,-0.12134550771904973,18384,Critical
-1.210893526569886,1.8372744626842936,18377,Low
1.5547636959032538,-0.6853423924521937,18375,Low
-4.2918343660649185,-1.857483371974172,18371,Healthy
-3.7250475080261927,-0.7512778984393459,18361,Healthy
-3.736040027810527,-0.7614109607448135,18361,Healthy
-3.733399830460513,-0.7589771889826241,18361,Healthy
-3.728833451396024,-0.7547678353058814,18361,Healthy
0.2404306987107261,0.5144193776817927,18360,Low
-0.03276451381031127,1.8424789587759307,18358,Medium
0.7216507109125426,-0.8070420459803763,18358,Critical
0.15912728298521797,0.9066913676624618,18352,Critical
1.072441703456585,0.0018453940221221283,18342,Low
1.3500037770733888,-0.4216262657683249,18336,Low
0.22496758064384104,0.3667857156399263,18333,Low
0.2981962677810696,1.7341173388729325,18331,Low
1.3808125343100266,-0.1458831912043353,18330,Critical
1.3808125343100266,-0.1458831912043353,18330,Critical
1.3204865156144296,-0.20149257995926514,18330,Critical
0.26419526808406857,0.29421451669358006,18328,Healthy
0.46342876745385697,0.9531868235314775,18325,Low
-3.942593524941876,-2.0279217213829708,18321,Healthy
0.8690526879777702,0.20283164839457735,18316,Low
-3.8854946467705527,-2.3358671046407293,18314,Low
-4.050879324202196,-2.142000237225341,18314,Medium
0.9951821384418488,-1.1654445961258102,18312,Low
1.4583696041694874,-1.392454675922084,18310,Low
-4.244789768688521,-2.272881107262255,18306,Medium
1.1576171797769361,-2.128111353527473,18304,Healthy
1.1736078090100384,-2.1133709622885526,18304,Healthy
1.1573182895108969,-2.1283868748590415,18304,Healthy
1.3046877956830474,-1.9925395516550775,18304,Healthy
1.1575175496882564,-2.1282031939713293,18304,Healthy
0.4824189440797532,1.0614561516365337,18304,Healthy
-3.7499449266109397,-1.6043978575281712,18303,Low
-3.74137673898448,-1.5964995793565377,18303,Medium
-3.772544351726466,-1.625230331542886,18303,Critical
1.0357610312220396,0.02576576378242921,18301,Medium
-2.928545962135247,-3.9785066630185106,18300,Low
0.8880960612087937,0.5369637126015924,18299,Medium
0.6904170273229934,1.151890231643591,18284,Medium
-0.8890405271680666,1.1674033571813722,18280,Medium
1.0739926650190648,-0.056380489682307806,18274,Low
-1.2559643424674092,2.068077426697421,18268,Healthy
-1.2777169118291576,2.0480255964554837,18268,Healthy
-4.476042391439189,-1.3008445280473069,18267,Low
-4.489309798248378,-1.3130746138208242,18267,Low
-4.477603262828506,-1.3022833616677207,18267,Low
-4.476889247192967,-1.3016251718200849,18267,Low
0.8077184453600126,0.4709213331095638,18261,Low
0.7449935237243087,-0.5709075064246917,18255,Low
0.8046055267843674,-0.515956307517398,18255,Low
0.8063158433067033,-0.5143797132311999,18255,Low
-0.8426861053034513,-0.3829141687331179,18252,Low
-1.2894753515924462,2.4166208623649057,18230,Low
1.0362731680713562,0.047755349602066115,18217,Critical
0.869376164517972,-0.10609270059771332,18217,Medium
-0.7720362144631939,1.3860069839562927,18214,Low
0.6271759025398428,0.5499487146185418,18206,Low
-4.02319917966099,-2.312376830169802,18205,Healthy
0.2885470710427748,1.3988560208508833,18202,Low
1.0920583258437269,0.21965595774779414,18201,Medium
0.9583980228906633,-0.5986408688335062,18201,Critical
-3.4010953323453648,-1.2889632130784985,18197,Healthy
-3.4121210621592586,-1.2991268888652514,18197,Healthy
-3.409480864809245,-1.296693117103062,18197,Healthy
-3.4049144857447557,-1.2924837634263195,18197,Healthy
0.5365655777190989,-0.18733450358690287,18189,Critical
1.3677484015255024,-0.04084687114038879,18188,Low
1.127498818513271,-0.9936489728851695,18171,Healthy
0.23894124892766097,0.2778902402966518,18170,Low
0.7534835846487934,0.5778682330891988,18170,Low
0.8539882303853182,0.35647823186200617,18167,Low
0.2224838299823567,1.3342648517404219,18162,Low
1.3545338144396601,-0.4504153627811635,18160,Critical
1.2942077957440632,-0.5060247515360933,18160,Critical
1.3545338144396601,-0.4504153627811635,18160,Critical
-3.937634332396148,-1.9353573453305402,18157,Healthy
-3.983025787992309,-2.1515778263568506,18150,Medium
1.282815217013704,-0.5016709329556902,18149,Low
-3.955246546204206,-2.0395854577527084,18148,Low
1.37506744150437,-1.7185332914639215,18147,Low
0.9553716631844601,-1.1716372413580813,18146,Low
1.9732748204890282,-2.875167017208439,18141,Healthy
1.9891990296630104,-2.8604878529320894,18141,Healthy
1.9729759302229888,-2.8754425385400078,18141,Healthy
2.1203454363951395,-2.7395952153360437,18141,Healthy
1.9731751904003485,-2.8752588576522955,18141,Healthy
-4.9507518195295255,-0.2760311111679658,18139,Low
-4.942167026888286,-0.2681175262556898,18139,Medium
-4.973467479748511,-0.2969707323671797,18139,Critical
1.4382001126287127,-0.6521803094432573,18138,Medium
-3.4889592494993757,-2.750201546938304,18136,Low
-0.03331842228081686,0.4919646666556929,18135,Healthy
1.3435510809627218,-0.378629252079509,18132,Medium
0.7737100558006558,1.1561179944595452,18130,Medium
-4.022777257097829,-2.396703503241471,18130,Medium
-1.4006551346053966,2.1697309369132807,18113,Medium
2.6095071042993827,0.7512255748304696,18107,Low
-0.8695115969176912,1.2698531004552278,18102,Healthy
-0.8912641662794396,1.2498012702132906,18102,Healthy
-3.2462433946767715,-1.4171981623968382,18098,Low
-3.2594775914564003,-1.4293976346890702,18098,Low
-3.247771056036528,-1.4186063825359665,18098,Low
-3.2471400654748894,-1.418024726391544,18098,Low
1.107040693149923,-0.05836836252768068,18094,Low
-1.809186018676695,2.1355815433244207,18090,Low
0.676937299916818,-0.45905964007525024,18085,Low
0.6752767984388219,-0.4605903141395203,18085,Low
0.6156149803344234,-0.515587433268742,18085,Low
-1.2430959986663803,2.035619994213041,18064,Low
0.873197031257347,-0.11576771629022474,18051,Medium
1.040110639825511,0.038095640650197375,18051,Critical
-0.7626034389535283,1.3630077939795626,18051,Low
0.5310860020914169,0.3880911527937193,18046,Critical
0.23999744608357773,1.5691222212283868,18045,Low
-3.831884549198724,-2.626455792527789,18039,Healthy
0.4347514854234074,0.9986895381626157,18038,Medium
0.8053776792270975,0.05495600818032622,18033,Low
-3.3322611492565835,-1.4065460685310107,18033,Healthy
-3.343270274055697,-1.4166944375771209,18033,Healthy
-3.3406964967648034,-1.4143218927775023,18033,Healthy
-3.3360636976411944,-1.410051312138189,18033,Healthy
0.4829193134343966,-0.10842125213393955,18026,Critical
1.4455038847037638,-0.7639494796903241,18021,Low
1.2003620261993015,0.0821803164409213,18010,Low
0.30829376781835455,-0.07875069349144354,18005,Healthy
0.5582139313660144,-0.4066451422242313,18003,Low
1.4229203374967574,-0.5510620798602728,18003,Low
1.5265127156488068,-0.13629959556185992,18003,Critical
1.4661866969532098,-0.19190898431678974,18003,Critical
1.5265127156488068,-0.13629959556185992,18003,Critical
0.23129395421291818,1.3155297072136845,17998,Low
0.7860039906343675,0.6203658558009733,17989,Low
1.7003991220493637,-2.099035564747379,17987,Low
-3.7143675680603994,-2.700094125004555,17985,Healthy
-3.9503205636880376,-1.9470516951815633,17985,Low
-0.04488064213223784,0.6666074951267609,17982,Low
-3.9716067602718206,-2.3931020855058613,17982,Medium
-3.7451294723247512,-1.599958902741788,17979,Medium
-4.51435922709627,-1.170268724524201,17973,Critical
-3.8761605970576296,-2.110879157490239,17973,Low
-4.491577146818164,-1.1492678763624162,17973,Low
-4.482942539132584,-1.1413083712282124,17973,Medium
1.4426656858626488,-2.3042988988062105,17972,Healthy
1.458540079992291,-2.289665654751789,17972,Healthy
1.4422505604931497,-2.304681567322278,17972,Healthy
1.5896698817096402,-2.168788323896386,17972,Healthy
1.442499635714849,-2.3044519662126373,17972,Healthy
0.8981801287622163,0.35095824931135305,17972,Healthy
1.8018643120890474,-1.4470684353207064,17971,Medium
1.934668442282087,-1.2066320539879598,17969,Medium
0.3462033103877033,1.3657388374687878,17967,Medium
-1.2540049507233737,2.0698836220932595,17950,Medium
0.3456111691179549,1.4806747066972434,17948,Low
1.4259608940353847,-0.26358924766120784,17934,Low
-1.2828270672698214,1.6412843638157608,17934,Low
-1.2907310543050827,1.6339983552698354,17934,Low
-1.280917490570126,1.6430446389896713,17934,Low
-1.4269087805155398,1.5084677752590512,17934,Low
-1.2079142645491463,1.6831979535549964,17933,Healthy
-1.2296336238813348,1.6631767367943444,17933,Healthy
-0.6013411263506168,0.15199449378091506,17929,Low
0.2860141387896858,0.3504821409500665,17919,Low
0.2843536373116897,0.34895146688579654,17919,Low
0.2247416342516311,0.2940002679785029,17919,Low
-1.4104531650891616,2.6090241472662186,17905,Low
1.4134652009914148,-0.7119047307045702,17891,Medium
1.580378809559579,-0.558041373764148,17891,Critical
-0.29024528835695174,0.7217342428402194,17890,Low
0.3824299664626805,1.2697637011117902,17888,Low
1.1465005196400062,0.07207359527407832,17883,Critical
-4.019874334691375,-2.3201493468915633,17873,Healthy
-3.9022897476491423,-0.36804687729222263,17872,Healthy
-3.913315477463036,-0.37821055307897555,17872,Healthy
-3.910725095157362,-0.37582270153871444,17872,Healthy
-3.9061089010485333,-0.3715674276400437,17872,Healthy
0.659206742736347,0.788021297602565,17870,Low
1.0421254142205605,-0.39399314130590957,17869,Medium
0.9919189264167182,-1.103080458319037,17860,Critical
1.261202125832248,-0.4674405036717512,17855,Low
1.1844328743522832,-0.3548125690564189,17844,Low
1.2580945527937182,-0.0004517028450208224,17840,Critical
1.2580945527937182,-0.0004517028450208224,17840,Critical
1.1977685340981212,-0.05606109159995054,17840,Critical
1.3008004538889826,-0.19619954001698225,17840,Low
0.8377916957028595,-0.9669483312327912,17838,Healthy
0.2963319091888024,1.0934281711382294,17837,Low
0.37970877739499803,-0.12323081673563065,17837,Low
0.6692683576713772,0.2812214682493211,17829,Low
1.492517067918853,-1.9034700397455382,17823,Low
-3.995271595503284,-1.8470444448058458,17821,Healthy
0.937344778557157,-0.17759327499603278,17818,Critical
1.7029405719216266,-1.7773879307147231,17817,Medium
-4.945903155213777,-0.27156154290029727,17815,Medium
-3.7270537993522894,-2.711788474855578,17812,Low
0.7712661586803461,0.7504244893100629,17809,Medium
0.4380871792336274,1.1172019163210913,17809,Healthy
-3.771318778723749,-2.347158054442011,17807,Low
-3.7626509610086094,-2.339167935826522,17807,Medium
-3.7037352386843962,-2.2868189601008138,17807,Medium
-3.7942004890905343,-2.368250743047652,17807,Critical
1.6142860171513056,-0.6789125057581357,17806,Medium
0.5876170129166807,-0.7166145719097915,17806,Healthy
0.603508012061103,-0.7019660211147274,17806,Healthy
0.5872184925619617,-0.7169819336852163,17806,Healthy
0.7346378137784519,-0.581088690259324,17806,Healthy
0.587467567783661,-0.7167523325755758,17806,Healthy
-4.536396924959034,-1.217799069557573,17805,Low
0.3184642931674475,1.5489535953128368,17791,Low
-0.8675356001588759,1.2716746025917092,17784,Medium
-0.9463283545695222,1.5666877894920856,17769,Healthy
-0.9680477139017107,1.5466665727314337,17769,Healthy
1.0258059528508299,0.08943831568052225,17768,Low
-1.3128744362559999,1.3310118440233827,17767,Low
-0.8637956084528182,1.3434197979850893,17762,Low
-0.8721479308871385,1.335720507441811,17762,Low
-0.8618362167087829,1.3452259933809279,17762,Low
-1.0078773216985366,1.2106032094283796,17762,Low
0.5826955013639379,-0.06827040577659303,17756,Low
0.5214229968258832,-0.12475227874815667,17756,Low
0.5810349998859419,-0.06980107984086308,17756,Low
-1.5913315753212776,3.0021597078600992,17748,Low
-0.35241055860591286,0.6633959857561446,17727,Low
1.131739498907687,-0.5435508517547707,17725,Medium
0.20221058245374138,1.2909170340218936,17725,Low
1.2986531074758514,-0.3896874948143485,17725,Critical
1.697202341438305,-0.7071144747131987,17722,Critical
-3.855829530260621,-0.5363956206769728,17708,Healthy
-3.866888470104075,-0.546589909945011,17708,Healthy
-3.8642482727540615,-0.5441561381828216,17708,Healthy
-3.859648683660012,-0.5399161710247938,17708,Healthy
0.903855436210912,-0.5135190501072563,17703,Critical
0.2721593477337241,1.0337561047666963,17702,Medium
-3.9713614450329113,-2.7069619324860232,17701,Healthy
0.7653652489402006,0.3103659682124923,17701,Low
1.2098569124771896,-0.23367221720689563,17692,Critical
1.1710811679257374,-0.1667915120654526,17681,Low
0.3285109018809127,0.27414688273195364,17677,Low
0.7244342601309288,0.7609152266458135,17677,Low
0.1899102618266086,0.10584661190806202,17672,Healthy
2.0604668667865287,-1.7600198296986607,17671,Low
1.5578361072781042,-0.7978141085033573,17671,Critical
1.5578361072781042,-0.7978141085033573,17671,Critical
1.4975100885825072,-0.8534234972582871,17671,Critical
0.25116136625947166,1.4237101710958662,17669,Low
1.6264808024605006,-2.128853587773552,17660,Low
0.6371287075095126,-0.3910827246390473,17658,Critical
0.8375254177727739,-0.8005191192626744,17654,Medium
-3.8091349828155856,-2.359976848686806,17653,Healthy
-4.486695272472855,-1.1447676946134624,17649,Medium
-4.007957826795174,-1.858738794656869,17649,Low
-0.812125178904204,1.8984419957441137,17647,Healthy
-0.7963005998189016,1.9130293195766068,17647,Healthy
-0.812540304273703,1.8980593272280462,17647,Healthy
-0.6651209830572127,2.033952570653938,17647,Healthy
-0.8122746240372236,1.8983042350783292,17647,Healthy
-4.008592502634471,-1.8381704556945686,17643,Medium
-4.040241660805076,-1.867345103359555,17643,Critical
-4.01729353037917,-1.8461911877913435,17643,Low
-1.7592040009083214,3.05133047208664,17643,Medium
1.3965196082982618,-0.7986220906384053,17642,Medium
0.5617761167772902,0.7583077814362086,17642,Healthy
1.2792606274196168,-0.4336856349919073,17637,Medium
-4.480625375518459,-1.3050691884646923,17637,Low
1.191159731946402,-0.18844006764540627,17628,Low
-1.205954872805111,1.685004148950835,17615,Medium
-0.7092451660532895,1.2957591625109568,17609,Healthy
-0.730947920370698,1.2757532524909476,17609,Healthy
-0.6523568253580814,0.33152300863839873,17608,Low
1.6766858624332028,-0.8352342542067787,17605,Low
-4.091694259908992,-1.7237827853632142,17600,Low
-4.1049616667181805,-1.7360128711367315,17600,Low
-4.093255131298308,-1.725221618983628,17600,Low
-4.0926905607957895,-1.7247011898017763,17600,Low
0.27619332503719307,0.3729458270704846,17589,Low
0.21492082049913838,0.31646395409892103,17589,Low
0.274532823559197,0.37141515300621464,17589,Low
-1.141538393837023,2.005768132720864,17581,Low
1.0782856917921475,-1.4728267895047769,17559,Medium
1.2061110955682846,-1.3549955000372709,17559,Critical
1.0944423711730493,-1.4579333308594296,17559,Low
1.6687060007946577,-0.9552445871950123,17556,Critical
-0.7016000731017107,0.7846649087882679,17555,Low
0.45372595804075616,0.38836722648434735,17549,Critical
0.30606425503504364,1.2682560628622257,17542,Medium
-3.595265559402269,-1.1826120622253369,17540,Healthy
-3.6063577092752825,-1.1928369649746606,17540,Healthy
-3.603717511925269,-1.1904031932124715,17540,Healthy
-3.59906810778688,-1.1861173058325154,17540,Healthy
0.5994857579411532,0.8821918357917824,17538,Low
-4.410237520293817,-1.7796314849657298,17533,Healthy
0.970359006093772,0.1444018813866671,17528,Critical
1.2083633531268232,-0.10040953630346336,17521,Low
-0.03469715372248529,1.0124336905227884,17520,Low
1.3353792808200093,0.019094573669757964,17511,Critical
1.3353792808200093,0.019094573669757964,17511,Critical
1.2750532621244122,-0.036514815085171744,17511,Critical
0.5765068193592321,0.5432799547202887,17508,Low
0.39433734098142076,-0.23849916677339028,17506,Healthy
1.1425807236287222,-1.0373284458352423,17503,Low
0.9475038337822173,-0.03600442746855191,17503,Low
1.7973502715348353,-1.3211333791092001,17501,Low
1.4609267764456013,-1.3900974378631081,17500,Medium
0.24421582109228832,0.26147199864938103,17498,Critical
-4.110587685185369,-1.6679194139668239,17489,Healthy
1.3138426678286563,-0.045400784025840205,17485,Healthy
-3.7664036943488806,-2.342627259211772,17483,Medium
-1.5970795310357015,2.913196067072349,17482,Medium
-3.940027315248734,-1.9044083603532522,17481,Critical
0.5305525860443092,-0.6326116370570177,17481,Healthy
0.5463937701443916,-0.6180090064838817,17481,Healthy
0.5301540656895901,-0.6329789988324425,17481,Healthy
0.6775733869060805,-0.49708575540655026,17481,Healthy
0.5304031409112895,-0.632749397722802,17481,Healthy
-3.9169629497193688,-1.8831472976005417,17481,Low
-3.9082287119451093,-1.8750959520224815,17481,Medium
-3.822319364550874,-2.37213040075711,17481,Low
0.7564847140628258,0.41564248626755074,17479,Medium
1.807054043364182,-1.1575827457830976,17470,Medium
-3.2508097737412607,-1.4214075160735806,17468,Low
-1.3603694343186337,2.295973800104044,17465,Low
1.1234323679714906,-0.23340823022333446,17462,Low
-0.9443689628254869,1.5684939848879242,17451,Medium
-0.6571874842978134,0.9014953470374438,17443,Healthy
-0.6788902386152218,0.8814894370174347,17443,Healthy
-0.0534685887469732,2.1010163344900947,17437,Low
-0.050396661012680546,2.1038480815089944,17437,Low
-0.044070150381515585,2.109679949693863,17437,Low
-0.1882016786715736,1.9768174409152255,17437,Low
1.5889998097613118,-0.991004564381663,17435,Low
0.350983952565377,0.23993738809004306,17423,Low
0.2897114480273223,0.18345551511847943,17423,Low
0.3493732661317208,0.23845263424770113,17423,Low
-1.4065846043183023,2.553822429883135,17418,Low
-0.04021143226498692,0.15423090517489377,17391,Low
1.6763165652114773,-0.9745640824541439,17390,Critical
1.0622231338694892,-0.584808706133815,17389,Medium
1.2291201374228735,-0.4309606559340355,17389,Critical
1.103652645745491,-0.5466183882302781,17389,Low
0.42862350031165497,-0.02786556159036378,17386,Critical
0.5648868792630053,0.8383714407985747,17382,Medium
1.2378909137340233,-0.17024083047236363,17374,Low
-3.9158928901134824,-0.652699264307946,17372,Healthy
-3.9269518299569364,-0.6628935535759842,17372,Healthy
-3.9243282376217024,-0.6604750885544376,17372,Healthy
-3.9197120435128734,-0.6562198146557671,17372,Healthy
0.31488728066991,1.808945398679251,17370,Critical
-4.309923544648797,-1.81660290151557,17367,Healthy
1.0708791061612863,0.29543823379669043,17364,Low
0.22583104141239907,0.3675816661533467,17360,Low
1.3497364551525814,0.1407522018871911,17354,Critical
1.3497364551525814,0.1407522018871911,17354,Critical
1.2894104364569845,0.08514281313226138,17354,Critical
0.327709573796757,0.42639712740110736,17344,Critical
0.14199156449747366,0.33199537170218907,17342,Healthy
0.8650010643714598,0.1990968036777585,17341,Low
1.377624613780484,-1.7161760534049457,17337,Medium
-0.13929928882020545,1.7515606015139418,17336,Low
2.016269406108089,-1.5436379260409012,17335,Low
1.22956768117166,-1.7836750748567964,17334,Low
-3.917189333035046,-1.987856013989334,17325,Healthy
0.5027788773993267,1.0088197996673496,17322,Healthy
-0.8248571545948626,1.9113980237134356,17322,Medium
-4.012328630959963,-1.841614472339176,17319,Medium
-4.801608417760326,-0.5426294132070889,17318,Low
-4.792840969956506,-0.5345474541477434,17318,Medium
-4.824739203348811,-0.5639517029223701,17318,Critical
-4.1232407064476995,-1.6795831503365615,17317,Low
0.05408458363602718,0.17834580180326448,17315,Healthy
0.06990916272132969,0.19293312563575776,17315,Healthy
0.053686063281308136,0.17797844002783964,17315,Healthy
0.20110538449779852,0.31387168345373195,17315,Healthy
0.05393513850300756,0.17820804113748018,17315,Healthy
1.211923128801974,-0.4999657851541933,17313,Medium
-1.087658948489867,1.0363732482926384,17306,Low
0.7426063949755951,1.0329927830822414,17305,Low
-1.4269087805155398,1.5084677752590512,17304,Low
0.5939673356105637,0.4683587672157787,17296,Medium
-0.7072857743092541,1.2975653579067954,17291,Low
-1.3320934883101283,2.2018561299734176,17279,Healthy
-1.3537962426275367,2.1818502199534087,17279,Healthy
0.29419876327871824,1.6644580743999926,17276,Low
0.29725408599823105,1.6672745146782495,17276,Low
0.303580596629396,1.6731063828631183,17276,Low
0.1594490683393379,1.5402438740844806,17276,Low
1.377849825917698,-0.20066769707377133,17275,Low
0.82345336252751,-0.07865409105699538,17269,Low
0.8831151806319085,-0.02365697192777371,17269,Low
0.8846760520212248,-0.02221813830735985,17269,Low
-1.4195900539565725,2.2674205339476945,17249,Low
1.1111653564851678,-0.06987155959647276,17232,Medium
1.2780789650533322,0.08399179734394943,17232,Critical
1.1525948683611695,-0.03168124169293576,17232,Low
1.285704729723897,-0.1671543241538232,17227,Critical
-0.5536070948818229,0.6830557049620409,17222,Low
0.2259409351737567,-0.004097713639661575,17216,Critical
-4.14208078849206,0.22355417961299415,17214,Healthy
-4.153172938365073,0.21332927686367062,17214,Healthy
-4.15053274101506,0.2157630486258598,17214,Healthy
-4.145899941891451,0.2200336292651733,17214,Healthy
0.9229615602401648,-0.2078147011337565,17213,Medium
0.5259964631447487,1.0108626222731718,17211,Low
0.9856897950610377,0.25317847094358914,17204,Critical
-4.135165465920427,-2.1435388525828167,17201,Healthy
1.1932409717709351,-0.38098440805566636,17198,Low
0.23982131471099885,0.27870149755071494,17197,Low
1.5652101195527455,-0.81747019734584,17184,Critical
1.5652101195527455,-0.81747019734584,17184,Critical
1.5048841008571485,-0.8730795861007697,17184,Critical
0.42016119746737673,-0.1457442864191382,17179,Healthy
1.7029562943254777,-2.0966783266884033,17177,Medium
1.6384871526232785,-0.607963180988709,17175,Low
1.2787801984221736,-0.5053904709318663,17175,Low
0.7401269593624399,-1.0196656371743704,17175,Critical
1.022454300849304,-0.17134379944695075,17170,Low
1.6918191258856807,-2.5582449958394053,17165,Low
-3.651500239126981,-2.328718271407763,17164,Healthy
-3.9119814452853805,-1.8785552754077317,17158,Medium
-1.2360460088356373,2.1871184977389895,17155,Medium
-1.108127795195186,1.4581436244861274,17154,Low
-4.441435435133207,-1.1962666032592326,17154,Critical
-4.418238229485602,-1.1748830865813804,17154,Low
-4.409420966637443,-1.1667552073001068,17154,Medium
1.087997555207409,-0.2809245866348886,17153,Healthy
-3.9298091442678156,-1.9994891368777865,17153,Low
1.8030570951361191,-1.3279532803220013,17150,Medium
0.6522678263944769,-0.988024987497263,17146,Healthy
0.6680924054797793,-0.9734376636647697,17146,Healthy
0.6518527010249778,-0.9884076560133305,17146,Healthy
0.7992720222414683,-0.8525144125874383,17146,Healthy
0.6521017762466772,-0.9881780549036899,17146,Healthy
0.87230953788678,0.18150589674771178,17135,Low
-0.16996521059627853,2.170562519934825,17132,Medium
-1.0078275066541966,1.210649129650308,17131,Low
-0.655228092553778,0.9033015424332824,17125,Low
0.2721044968817116,1.5594064946384547,17113,Low
0.2751764246160043,1.5622382416573541,17113,Low
0.2814863302323894,1.5680548031015804,17113,Low
0.13735480194233127,1.4351922943229427,17113,Low
1.2118443817172078,-0.055510496207634756,17112,Low
-1.3711733312334895,1.9254587519950583,17110,Healthy
-1.3928428755213382,1.9054834554563347,17110,Healthy
-0.09334056726602526,1.1261991708807564,17106,Low
-0.15451344171540018,1.0698091383530488,17106,Low
-0.09490143865534158,1.1247603372603425,17106,Low
-1.1004499034717021,2.3260236201259095,17092,Low
1.2415929120051694,-0.11108727262655721,17064,Critical
1.1958901068187353,-0.8081060743033663,17063,Medium
1.237319618694737,-0.7699157563998295,17063,Low
1.3628037153868995,-0.6542427173629441,17063,Critical
-0.26978368398106933,0.6692508809220682,17062,Low
0.4007076730331255,0.1461947301773798,17056,Critical
0.4043916727764966,0.9700514773294597,17050,Medium
0.28505152567324826,1.3919406504821161,17048,Low
-4.159552452128671,-0.26404470299604726,17046,Healthy
-4.170561576927785,-0.2741930720421574,17046,Healthy
-4.167971194622111,-0.2718052205018963,17046,Healthy
-4.163288580454162,-0.26748871964065474,17046,Healthy
1.1203938800346955,0.18415170969814165,17041,Critical
-4.201356528714643,-2.140385018453428,17033,Healthy
0.9974725307460355,-0.05557268417391241,17031,Low
0.5590773921345724,-0.4058491917108109,17030,Low
0.7305600879646228,-0.5883946355246915,17018,Critical
0.7909359217045596,-0.5327393265478336,17018,Critical
0.7909359217045596,-0.5327393265478336,17018,Critical
0.7819025519837172,0.6165850908622263,17015,Low
1.495074240194967,-1.9011128016865624,17014,Low
0.7337721560910998,-0.8170014148777307,17013,Healthy
1.833204019438344,-1.092674662210512,17012,Low
0.8864824226196905,-1.1173656225287525,17008,Critical
1.6629121376785585,-2.0610740034158392,17004,Low
0.8871857330791362,-0.10053691580050067,17001,Low
-4.298652142313666,-1.3642193453047293,17000,Healthy
-4.796610308311557,-0.5380220842736362,16994,Medium
0.3196118196732729,1.459630073446706,16993,Healthy
-3.664103445344971,-2.3403360875555728,16991,Low
-1.0518164800751812,0.6844922716717122,16989,Low
1.4827244850496775,-0.8001878118702492,16987,Medium
0.6869628991721466,-0.5971223223972392,16986,Healthy
0.7027542682278891,-0.5825656120460313,16986,Healthy
0.6865477738026475,-0.5975049909133067,16986,Healthy
0.833967095019138,-0.46161174748741446,16986,Healthy
0.686763638994787,-0.5973060032849515,16986,Healthy
-3.8551116415483313,-2.3838022112978146,16986,Critical
-0.8592475696162446,1.4636951302538364,16986,Medium
-3.831798200797266,-2.3623115474354637,16986,Low
-3.8229975429638867,-2.3541989748948327,16986,Medium
0.7953940352292086,1.0610571325240699,16982,Low
0.7680111485643865,0.8017064998141528,16972,Medium
-4.096194218914361,-1.727930912077386,16970,Low
-1.330117491551313,2.203677632109899,16961,Low
0.4542555395598771,1.6926491492317508,16959,Low
0.4573772823385096,1.6955268164725785,16959,Low
0.46363737291055473,1.7012974576948765,16959,Low
0.31955565966483657,1.5684808691381669,16959,Low
1.3219351438147284,-0.11612633171053145,16952,Low
-0.1335796622334086,1.1726982765446157,16942,Low
-0.13514053362272488,1.1712594429242018,16942,Low
-0.1947525366827835,1.116308244016908,16942,Low
-0.5295344454906525,0.5305799567214498,16941,Healthy
-0.5511873847637211,0.5106199669233686,16941,Healthy
-0.49607685893566683,1.4654077621553936,16937,Low
1.1650432083658608,-0.4678762193947608,16900,Medium
1.331956816934025,-0.3140128624543386,16900,Critical
1.2065225352862023,-0.42963998126929576,16900,Low
-0.3450614029225773,0.6411794401614583,16899,Low
0.9186811353790917,0.26398579701958447,16897,Critical
0.769401686677382,-0.7685822341417933,16890,Critical
-3.2976286503715992,-1.2854782703629566,16887,Healthy
-3.308687590215053,-1.295672559630995,16887,Healthy
-3.3060473928650396,-1.2932387878688056,16887,Healthy
-3.3014145937414305,-1.2889682072294923,16887,Healthy
0.5864831823123392,0.6766866921721733,16887,Medium
0.29386164990380975,1.3732055059553787,16885,Low
1.327694846353916,-0.009648999643339014,16881,Critical
0.9709273798369632,0.433578034378849,16874,Low
-3.720021746465338,-2.7480564414828863,16870,Healthy
0.380588843178336,-0.12241955948156748,16864,Low
0.6918064556569851,1.1333709307281683,16857,Critical
0.4910020119229213,0.9482665161359949,16857,Critical
0.6918064556569851,1.1333709307281683,16857,Critical
1.6289881596922748,-2.126542269936504,16851,Low
0.5865043159931265,-0.32033981045376725,16848,Critical
0.7275766129706296,0.35516746540909283,16847,Healthy
0.9332931549508466,-0.18132811971285162,16844,Low
1.7489096890695548,-1.203972056914392,16844,Low
0.8619556300499678,-1.0340095853202673,16838,Low
0.7949258980355007,0.6547474159187044,16833,Medium
-3.720007374172359,-2.532557834653927,16832,Healthy
-4.413206910007274,-1.1702451441666426,16830,Medium
-0.4295424758846403,-0.1702466677782886,16828,Low
0.42807501412270355,0.5055784292652167,16828,Low
-4.311238743516877,-1.3758218547118963,16827,Low
-4.295795483498748,-1.2402011712553787,16826,Critical
-4.272415622688563,-1.218649280430457,16826,Low
-4.263614964855184,-1.2105367078898257,16826,Medium
0.5495441896548005,-0.5205190280488371,16823,Healthy
0.5653355587105431,-0.5059623176976292,16823,Healthy
0.5490958542557415,-0.52093231004619,16823,Healthy
0.6965649905165718,-0.3849931463983696,16823,Healthy
0.5493615344922209,-0.5206874021959068,16823,Healthy
0.39501079347900137,1.4162932522940095,16821,Low
-1.3578695881253784,2.4877106524936226,16820,Medium
1.1476824903032088,-0.5549762478446635,16817,Medium
0.585338551217254,1.096836100631799,16812,Medium
-0.18840093884893322,1.976633760027513,16806,Low
-0.24874246753122364,2.2656723921276596,16793,Low
-0.245670539796931,2.2685041391465592,16793,Low
-0.23929421412142604,2.274381927553356,16793,Low
-0.38342574241148425,2.141519418774718,16793,Low
1.369737534693481,-1.3390707431976956,16792,Low
-1.3692139394894542,1.927264947390897,16792,Low
-0.4553426248094515,1.0977004548064617,16777,Low
1.2153558010150356,-0.6263470433758122,16776,Low
1.2765286754644105,-0.5699570108481048,16776,Low
1.2749678040750942,-0.5713958444685185,16776,Low
-0.8900459230459784,0.5111860974542325,16774,Healthy
-0.9116988623190471,0.49122610765615143,16774,Healthy
0.8590075631617681,0.18396965071623797,16740,Medium
0.9004370750377698,0.22215996861977494,16740,Low
1.0258547516708123,0.3377717806940894,16740,Critical
0.8400095335230376,0.4040170318518719,16731,Critical
1.1749153794752691,-1.1352858720917356,16730,Critical
0.39807409012521283,1.2510658478294912,16730,Medium
-0.2911649050594751,0.24325123671098958,16729,Low
1.8006002978140399,-0.49226544448344395,16727,Critical
-3.9521408843967043,-0.6206748009982969,16719,Healthy
-3.963166614210598,-0.6308384767850496,16719,Healthy
-3.9605264168605845,-0.6284047050228604,16719,Healthy
-3.9558604077074153,-0.6241035109022618,16719,Healthy
0.7318360533622688,0.33889726699101536,16716,Low
1.3553130087134029,-0.3587733474581784,16714,Low
0.7253641409586066,0.7617724041218046,16704,Low
-4.127922133152581,-2.3758929864143425,16699,Medium
1.1451378959048362,-1.0349712077762663,16693,Low
0.7511285824669073,0.7740120848622527,16691,Critical
0.7511285824669073,0.7740120848622527,16691,Critical
0.5504237688215233,0.5889995107139356,16691,Critical
0.5886980621757478,-0.32857430133817545,16688,Critical
0.13151138972076773,2.1142048316330286,16686,Low
0.05736999872824357,2.045860234663372,16686,Low
1.0184581057921085,0.579031709906163,16679,Medium
1.5844003753614073,-1.9233737015815089,16678,Low
0.41224276764999424,0.5504378908739341,16674,Healthy
-3.3076106066795887,-2.8102238012180045,16672,Healthy
0.35183560244946716,1.3288496337976683,16670,Low
-0.6878057015060944,0.15106657062676235,16664,Low
1.3102650266094031,0.05083465950065223,16664,Low
-3.30664905001877,-1.4607542360031995,16662,Critical
-3.283219374164246,-1.4391564249563495,16662,Low
-3.8268166963632777,-2.3577195252426537,16662,Medium
-3.274368901286527,-1.4309979321937905,16662,Medium
-3.7325939753755693,-2.544160344061094,16659,Low
0.42226597296775326,-0.4710412858167677,16657,Healthy
0.43805734202349583,-0.4564845754655598,16657,Healthy
0.4218176375686943,-0.4714545678141206,16657,Healthy
0.5692867738295248,-0.33551540416630027,16657,Healthy
0.4220667127903937,-0.47122496670448016,16657,Healthy
-1.2925968021483891,2.377563720179521,16655,Medium
0.6452111239748248,0.9977894794330635,16652,Medium
1.6754925112625538,-1.278858051895211,16651,Medium
0.15919999311763852,1.54001427297484,16646,Low
0.4206942853167406,1.136742079178188,16626,Low
0.4237163980066935,1.1395279059751593,16626,Low
0.4301425387265382,1.1454516146038842,16626,Low
0.28606082548081985,1.0126350260471748,16626,Low
1.5998707687093325,-2.0147851582264886,16626,Low
-0.5275750537466172,0.5323861521172883,16623,Low
0.8958505241824067,0.27178936576724116,16616,Low
0.9554625272424654,0.3267405646745348,16616,Low
0.9570233986317817,0.32817939829494863,16616,Low
-0.9444404836464709,0.9109556502682746,16614,Healthy
-0.9660934229195396,0.8909956604701935,16614,Healthy
-0.6562860039284035,1.117712074336352,16611,Low
0.7261506477339903,0.24680218071381152,16577,Medium
0.8930144412578147,0.40061961743230556,16577,Critical
0.7675303445656522,0.28494657839542037,16577,Low
-0.252151479723223,0.7830900721958118,16572,Low
0.8406801552199308,-0.733656294321013,16567,Critical
0.9318441992520534,-0.6647804629996982,16564,Critical
1.4946761153425685,-0.8445918766410694,16562,Critical
0.4202594268696167,0.6104031953990848,16560,Medium
0.31372906195036326,1.4813859698375604,16555,Low
1.0943050615522614,-1.621397062123048,16553,Healthy
1.0728015674122124,-1.6412192912553447,16553,Healthy
1.0933253656802437,-1.6223001598209674,16553,Healthy
1.0722868119540336,-1.6416938002152686,16553,Healthy
1.3307064009183434,-0.40527553865906285,16551,Low
-4.256087271545994,-1.741043899666593,16538,Medium
0.5774200951721299,0.5441218254556371,16535,Critical
0.8034398289338156,0.8547834145854605,16528,Critical
0.8034398289338156,0.8547834145854605,16528,Critical
0.6028346453771115,0.6698626808809995,16528,Critical
0.7123205796602906,-0.687529663185629,16525,Critical
1.232124853447774,-1.7813178367978206,16524,Low
1.0041338225682936,-0.9112919590783096,16520,Low
0.9916302464389833,-0.9228179347822629,16520,Low
1.2611938781105574,-1.5461533024697283,16515,Low
0.6628984439516693,0.7175063110786523,16510,Low
1.2200457610381557,-0.5053112732672549,16509,Medium
-0.6682179887627947,0.3135327263382441,16505,Low
-4.267417513239795,-1.2140419514970042,16502,Medium
0.8425830468236337,-0.718035714741955,16501,Healthy
0.8583079958202564,-0.703540231353318,16501,Healthy
0.8421181064097948,-0.7184643034799506,16501,Healthy
0.9895872426706251,-0.5825251398321303,16501,Healthy
0.8423339716019344,-0.7182653158515956,16501,Healthy
-4.060180854159058,-2.1676104222376504,16500,Healthy
-3.3201806028680187,-2.8218110038845285,16500,Low
0.3101866550132022,0.48555739545693055,16499,Healthy
1.081472237799031,-0.01853488670817686,16498,Low
-1.5758792719041033,3.2386183675083924,16498,Medium
-3.7944172406010086,-0.7035065245853246,16497,Low
-3.7855833727380697,-0.6953633385634083,16497,Medium
-3.8179631515589927,-0.7252114828166735,16497,Critical
-0.056008393630677875,2.045710532933942,16489,Medium
0.1371057267206319,1.4349626932133022,16483,Low
0.4623891984941558,0.3470681543630224,16476,Medium
0.29683635334674596,1.2369262890692125,16469,Low
0.29954297075587955,1.2394212877939728,16469,Low
0.3062680017417636,1.2456205177542663,16469,Low
0.16218628849604536,1.1128039291975569,16469,Low
0.5259714246888708,0.05902877664041271,16466,Low
-0.888086531301943,0.5129922928500711,16456,Low
-1.6613075867121525,2.101134538588679,16454,Healthy
-1.682977131000001,2.081159242049955,16454,Healthy
1.000042078672861,0.11531181921726635,16452,Low
0.9984812072835448,0.11387298559685255,16452,Low
0.9388692042234862,0.05892178668955885,16452,Low
-0.7076312172834617,1.3514803608012076,16447,Low
1.153675881593402,-0.0329293926083011,16413,Critical
0.9868619031139177,-0.18670090910486703,16413,Medium
1.0281917849012396,-0.1486024316451863,16413,Low
0.9543758438797721,-0.40376991700151577,16407,Critical
0.7849501692471702,-0.6488854052035269,16403,Critical
-0.690825896857028,-0.25598986542002944,16401,Healthy
1.0647668364646041,0.1659186046005659,16399,Critical
-0.8198215744227745,0.7560162079005355,16396,Low
0.6891119425151312,0.31622240987986994,16394,Low
1.0100715294731089,0.02167137127314235,16389,Low
0.7127322277790781,-0.9953835402185583,16386,Medium
0.6912121286242491,-1.0152210760914977,16386,Medium
0.7117525319070603,-0.9962866379164776,16386,Medium
0.6907139781808502,-1.0156802783107786,16386,Medium
1.3424175835696956,-0.6475520966135042,16385,Low
-3.442359606228603,-1.7917451375450748,16378,Medium
0.8659309451991377,0.19995398115374974,16369,Critical
0.8711009816627042,-0.6575154723850941,16368,Critical
0.6491200320134612,0.9206311294683144,16362,Critical
0.6491200320134612,0.9206311294683144,16362,Critical
0.4485812685158768,0.7357716227264245,16362,Critical
1.386577656461231,-0.09387330922874335,16360,Low
1.3124860805130467,-0.16217198597647162,16360,Low
1.2101267803654914,-1.3145476522111543,16355,Low
1.694326483117455,-2.5559336780023574,16355,Low
0.915389038653001,0.09254247724145458,16346,Low
-3.7933481466055214,-2.516880359880661,16341,Medium
-3.278221264715478,-1.4345490960228968,16339,Medium
-1.6994876506780567,3.330406389005184,16338,Medium
-1.157064587951169,0.6213097823563679,16336,Low
0.6904715576610406,-0.9239710180790769,16335,Healthy
0.7062131116724434,-0.9094602279497971,16335,Healthy
0.6900232222619818,-0.9243843000764298,16335,Healthy
0.8374923585228121,-0.7884451364286095,16335,Healthy
0.6902224824393413,-0.9242006191887174,16335,Healthy
-3.9131121918761216,-0.30414045578974475,16335,Low
-3.9042451139836225,-0.2959666562865429,16335,Medium
-3.9367245228932255,-0.32590664098366423,16335,Critical
-0.03981677728670106,1.521419647314253,16332,Healthy
-3.653510069928594,-2.64463495276591,16332,Healthy
0.5642425700599267,1.363881528535983,16329,Medium
0.9620390967033522,0.011898804240935326,16329,Low
0.3193065844431371,1.5682512680285263,16329,Low
-4.072767455362269,-2.179212931644817,16328,Low
-0.2134537443049954,2.130474166191593,16312,Medium
1.333763125702775,-0.2230118660016793,16306,Low
1.3361210378015296,-0.22083830883041586,16306,Low
1.3431947740977925,-0.21431763731662565,16306,Low
1.1991130608520746,-0.3471342258733351,16306,Low
1.6050454011106388,-2.1891432920298306,16296,Low
-0.9424146718433157,0.912823072626684,16296,Low
-0.030473901811626593,-0.7695168356068871,16290,Healthy
-0.05217665612903513,-0.7895227456268962,16290,Healthy
0.8968411081928168,0.10913120055230208,16290,Low
0.9564531112528755,0.16408239945959574,16290,Low
0.9580139826421917,0.16552123308000954,16290,Low
-0.4428687536308776,0.9061548484689842,16284,Low
1.1514904888490347,-0.02722474499481113,16250,Critical
1.0260728122159921,-0.14283655706912557,16250,Low
0.9847429304286703,-0.18093503452880627,16250,Medium
-0.7101788080431095,0.5326420928575022,16249,Healthy
0.7461990691244895,-0.20605706253403605,16247,Critical
1.2196579107008936,0.20548543452386472,16242,Critical
0.733109511040534,-0.5736671552088046,16240,Critical
-0.4455874388472925,4.712900058081555,16238,Low
1.5026922660106234,-0.6191008845462143,16225,Low
0.5543663959353874,0.3826734076324712,16225,Low
-0.07673159312931384,1.809236400255636,16223,Low
-3.9500074945166226,-0.9618301990779848,16219,Medium
0.6662271188642881,-0.15076873907008026,16214,Critical
1.1465225828466405,-2.0179918105945185,16214,Medium
1.1250689037509316,-2.037768119504887,16214,Medium
1.145559491989403,-2.018879601551795,16214,Medium
1.1245043332484128,-2.038288548686739,16214,Medium
1.2796934742350714,-0.5045486001965178,16202,Critical
1.5753475434132982,-0.6322190980511807,16195,Critical
1.5753475434132982,-0.6322190980511807,16195,Critical
1.3748918049896135,-0.8170020710898572,16195,Critical
1.6653696798659927,-2.0588086058007193,16195,Low
1.829919063109548,-1.139312472789758,16194,Low
1.755827487161364,-1.2076111495374862,16194,Low
1.1422997863019,-1.3596076552329388,16192,Low
0.9292984225668907,0.2682715802745841,16186,Low
0.6561975662640598,-0.41566910105885924,16178,Healthy
0.6718893052311226,-0.40120423115150755,16178,Healthy
0.655732625850221,-0.41609768979685485,16178,Healthy
0.8032017621110512,-0.2801585261490345,16178,Healthy
0.6558986759980205,-0.41594462239042784,16178,Healthy
0.948758542352872,0.5032154761660144,16178,Healthy
-0.5362762652393581,1.991308815381648,16176,Low
-3.900424158842485,-0.23072727820477043,16175,Low
-3.891540475935206,-0.22253817196092582,16175,Medium
-3.924102909918709,-0.25255469036126077,16175,Critical
-3.7894357361670203,-0.6989145023925146,16173,Medium
-0.8117101160105122,1.344205533810553,16169,Medium
-3.7422034414459113,-2.4533667061411895,16169,Medium
-4.408727756453508,-1.198938685865596,16168,Healthy
1.3344027966790806,-0.43299384788850415,16163,Low
-0.38367481763318373,2.141289817665078,16162,Low
0.805977367315031,0.6594479691763273,16162,Medium
-3.666096671131804,-2.656237462173077,16160,Low
0.7245226148556696,0.7616181460709208,16152,Medium
1.1321500753029718,-0.8052820827883441,16139,Low
-1.659348194968117,2.102940733984518,16136,Low
1.132029581107473,-0.35940295347628354,16133,Low
1.1344040982210073,-0.3572140895643774,16133,Low
1.1415110445468304,-0.3506628045693017,16133,Low
0.9974293313011123,-0.4834793931260111,16133,Low
0.5849601548332668,0.9287862635215378,16129,Low
0.5834490984882904,0.9273933501230521,16129,Low
0.5238370954282318,0.8724421512157584,16129,Low
1.3636403810276094,-0.8001766038402557,16124,Healthy
1.3637898261606292,-0.8000388431744713,16124,Healthy
-0.050258839414951344,0.253202304634634,16121,Low
-1.10650218238966,1.3532841849981851,16100,Healthy
1.3022764268480775,-0.8617141886288773,16084,Medium
1.469073800312782,-0.7079579788729539,16084,Critical
1.3436561236797393,-0.8235697909472683,16084,Low
0.3956661833726436,0.07742628494517652,16080,Critical
1.1334163234231767,0.048106225393807565,16078,Critical
0.7916356871017707,-0.8247912109994712,16074,Critical
0.6393013311830166,2.399525589998964,16069,Low
0.6701275409785387,0.7860077129515717,16068,Low
1.0850219965401957,-0.11366800070525648,16057,Low
1.8533494321394264,-1.6482678507360855,16055,Low
-3.5457977924693656,-2.7795339170332216,16053,Medium
0.6651082510747154,-0.7713821098900703,16051,Medium
0.6436545719790062,-0.7911584188004389,16051,Medium
0.6641285552026978,-0.7722852075879896,16051,Medium
0.6430900014764876,-0.7916788479822907,16051,Medium
0.6719524105064026,0.513335886017239,16051,Critical
0.7828822478557349,0.6174881885601456,16042,Critical
2.424614426555486,-1.9747358910959767,16030,Low
2.3505228506073017,-2.043034567843705,16030,Low
0.8643633571930621,-1.031790107927076,16028,Low
0.8702467590110392,0.2565688748677952,16024,Low
1.3073735463160012,-0.4983807741341961,16023,Critical
1.3073735463160012,-0.4983807741341961,16023,Critical
1.106768362759297,-0.683301507838657,16023,Critical
0.4756180028000165,1.1460090124708284,16021,Healthy
-3.5131978528311967,-0.8725642041831116,16016,Low
-3.504264354879578,-0.864329177717339,16016,Medium
-3.5369264189517606,-0.8944375365615302,16016,Critical
0.50655827416846,0.25746459818782064,16015,Low
2.0071903425571977,-2.4501829068513574,16012,Low
-3.9080808723977936,-0.2995025133750065,16011,Medium
1.5304861043062017,-1.477151100512275,16007,Healthy
1.5461778432732645,-1.4626862306049233,16007,Healthy
1.5300377689071427,-1.4775643825096278,16007,Healthy
1.677506905167973,-1.3416252188618076,16007,Healthy
1.5302536340992823,-1.4773653948812728,16007,Healthy
-0.9851067519465959,1.9329587366884462,16006,Medium
-3.872293660020484,-2.3236982458297826,16003,Medium
-3.8240078605134245,-1.5241773045259044,16002,Healthy
0.5910154470884788,1.296477473464929,16001,Medium
0.2858117502591205,1.0124054249375343,15996,Low
-4.421264542612378,-1.2104952750508344,15996,Low
1.7245391751098367,-1.4974675757372167,15993,Low
0.5418500175085371,1.0567477468885673,15992,Medium
0.5898231423338801,-0.20580196723975155,15976,Low
-0.028464695023251354,-0.7676647199891203,15972,Low
0.4863661730869663,0.8681704909732484,15964,Low
0.48864106011182085,0.8702675144412984,15964,Low
0.4958144264967639,0.8768800263989448,15964,Low
0.3517825282953855,0.7441093580641636,15964,Low
0.5364608143502785,0.6287121814787249,15963,Low
0.5975838737553135,0.6850562937845043,15963,Low
0.5960728174103371,0.6836633803860186,15963,Low
2.538496302752909,-3.882857793508961,15958,Medium
2.5385959328415884,-3.882765953065105,15958,Medium
-0.18063621839177266,0.46863539299396184,15958,Low
-1.1071755383163782,0.7730334052682727,15939,Healthy
1.137086007187254,-0.2940911395370093,15924,Medium
1.3038335656076185,-0.1403808500030141,15924,Critical
1.178399283959796,-0.2560079688179713,15924,Low
0.8233841670621007,-0.18660262646311346,15923,Critical
0.42555685538229415,0.4866528241199688,15920,Critical
-3.6094631856632766,2.3549116409655393,15907,Low
0.9204257512577336,-0.06166712699364469,15906,Critical
0.9054104489426624,-0.061550299350287815,15901,Low
0.22695808184248423,0.09971422660824493,15891,Medium
0.2054877977319951,0.07992261095723353,15891,Medium
0.22592857092612662,0.09876520868839746,15891,Medium
0.20487341218513655,0.07935626155345367,15891,Medium
0.9497036137256879,-0.04290703728073448,15887,Low
-4.140435564350892,-1.7861418863351097,15887,Medium
1.208946370301068,-0.5829853644368561,15886,Low
0.6731110856322416,0.35089193781590355,15885,Critical
0.9342728508228645,-0.18042502201493232,15871,Critical
1.5867582874601618,-1.9212001444102456,15868,Low
1.0075062921517517,0.36793437546820534,15867,Low
0.9334147162035674,0.2996356987204772,15867,Low
1.32203496629216,-0.3870425100390087,15864,Low
-3.6291726523219467,0.19848313352151306,15858,Medium
-3.661901136453249,0.16831354771475096,15858,Critical
-0.208245159169961,3.7764099201821755,15858,Healthy
-3.6381061502735657,0.19024810705574038,15858,Low
0.243146155362056,1.8799904099349796,15858,Low
1.0769539451136318,0.1769511270893176,15857,Critical
1.0769539451136318,0.1769511270893176,15857,Critical
0.8763487615569276,-0.007969606615143445,15857,Critical
0.25302656400947876,1.0590206330465026,15855,Healthy
-0.20849959815826435,1.3918865790341424,15855,Low
-3.895392839364157,-0.22608933579003218,15851,Medium
-0.21076912141651505,3.774083295604485,15840,Medium
-0.208294974214301,3.7763639999602474,15840,Healthy
0.161887398230006,1.1125284078659883,15839,Low
-3.9420455594541375,-2.0274165989417616,15837,Medium
-3.627701234764156,-2.6040184347753192,15836,Healthy
0.6829987576508963,-0.06928472453779913,15835,Healthy
0.6986904966179591,-0.0548198546304474,15835,Healthy
0.6826002372961774,-0.06965208631322387,15835,Healthy
0.8300693735570075,0.06628707733459642,15835,Healthy
0.682749682429197,-0.06951432564743956,15835,Healthy
-0.35463418630872684,0.42468804391696385,15833,Medium
0.601722590266108,0.9577011256898316,15832,Medium
-3.8365612516870744,-1.5357492004517859,15830,Low
2.5867774698929833,-2.625279277075159,15830,Low
0.2659125301208662,0.3293841176097683,15813,Low
1.3632086506433305,-0.8005745790969658,15806,Low
0.9854814783082442,0.47878328073653087,15804,Low
0.987656735244419,0.4807884637607246,15804,Low
0.9949795467623817,0.48753873638415535,15804,Low
0.8508978335166634,0.35472214782744593,15804,Low
-0.5536900462006974,1.23190042343549,15797,Low
0.4435000965779482,0.699530288728667,15797,Low
0.5045733409386435,0.7558284808125183,15797,Low
0.5030622845936671,0.7544355674140325,15797,Low
2.2863591963795478,-3.6288789772412544,15789,Medium
2.2864422214534477,-3.628802443538041,15789,Medium
0.04532522565705565,1.2923371206557568,15773,Healthy
0.7470107724645918,0.1946861805710852,15761,Medium
0.7883904692962537,0.23283057825269404,15761,Low
0.9138247509440763,0.3484576970676511,15761,Critical
0.41937310814098155,0.17600818948266606,15760,Critical
0.6685741519169968,-0.6265302884336358,15754,Critical
1.1489653829111477,0.007350518891190622,15743,Critical
-3.870410548906233,-2.271223254044281,15741,Low
0.26388127426871216,1.1542772562889132,15738,Low
1.21897455912182,-0.25858455762330296,15725,Critical
0.26511314942906333,-0.4206854795462977,15721,Medium
0.2436594703333542,-0.44046178845666634,15721,Medium
0.26415005857182555,-0.4215732705035741,15721,Medium
0.24304508478649564,-0.4410281378604461,15721,Medium
1.3437878828994845,-1.8089084124922306,15720,Low
-3.292077493449527,-3.304711668693182,15719,Medium
0.49059289476925527,0.5632083077849829,15715,Low
0.09622573331335141,2.0816780077672905,15713,Critical
1.263485370150192,-1.5440409722610355,15705,Low
0.6814714171755859,0.6686414169155287,15704,Low
1.2025095261533352,-0.11639459194831844,15701,Low
1.1284179502051508,-0.18469326869604671,15701,Low
0.3890783790991838,1.3591641179932912,15697,Low
-3.5081499283380886,-0.8679109550277309,15692,Medium
0.7350872522874592,0.3951150989950656,15692,Healthy
0.03817372708384949,0.22507584764416558,15691,Medium
0.020090865988472335,0.20840680708426498,15691,Critical
0.03848922236466874,0.2253666757163769,15691,Low
1.0990260952972715,-0.2955569866962779,15690,Critical
1.2436059589863884,-0.16228119592028734,15690,Critical
1.2685799012154493,-0.13925985799366625,15690,Critical
-0.7372222939238501,0.8429829616533744,15689,Healthy
-0.4015729457048246,1.1268369262817663,15682,Low
1.198863985630375,-0.34736382698297563,15675,Low
-4.395758440423355,-1.2319342557329396,15673,Healthy
-3.9371029719231894,-1.934867529629974,15673,Medium
-0.739779466199964,0.8406257235943986,15671,Medium
-0.7373219240125298,0.8428911212095183,15671,Healthy
-0.5729235693907053,1.2298814507610336,15670,Medium
-0.09949692733939472,2.0056221791907105,15670,Medium
0.30221608935406286,0.7131315043711852,15666,Healthy
0.31789122330634567,0.7275810675378942,15666,Healthy
0.3018009639845639,0.7127488358551177,15666,Healthy
0.449270100245394,0.848687999502938,15666,Healthy
0.30201682917670336,0.7129478234834729,15666,Healthy
-3.6402214159082464,-2.615559717219915,15664,Low
2.6117925124481696,-2.952506244542254,15660,Critical
0.39777593795967575,0.10984290050563485,15650,Low
0.7565500333269295,0.9281358174526857,15642,Low
0.6954269739218945,0.8717917051469063,15642,Low
0.7550389769819531,0.9267429040542,15642,Low
2.537516606880891,-3.8837608912068804,15640,Low
0.7010769795962005,0.4943529204368636,15634,Low
0.7031858164732555,0.49629687649848647,15634,Low
0.710558443035558,0.5030930693438453,15634,Low
0.5665265448341796,0.37032240100906405,15634,Low
-0.8274752122456442,1.378879240748981,15631,Low
1.5990640840094525,-2.353090458343585,15622,Medium
1.5991138990537923,-2.353044538121657,15622,Medium
1.1076979968280352,-1.6837339380369127,15604,Healthy
0.7811107906665512,-0.258357976526194,15600,Critical
1.6076092031527152,-1.6725383745264284,15589,Medium
1.77435676157308,-1.5188280849924334,15589,Critical
1.6489390849400372,-1.6344398970667477,15589,Low
0.6705063875044059,-0.6325868363711197,15588,Critical
-3.840442623803933,-2.2397921681118174,15577,Low
-0.27839584365604,1.753803292059434,15569,Low
1.4092925146085937,-0.6251260958418139,15564,Critical
0.9635006594542294,-0.8679421471131128,15560,Low
0.4143534830960189,1.3864795123174345,15557,Low
-3.9300386031284202,-2.0416518305578126,15555,Medium
0.7718925759441961,-1.357547595976172,15550,Medium
0.7503724767893671,-1.3773851318491115,15550,Medium
0.7708132499834986,-1.3585425341179476,15550,Medium
0.7497248812129487,-1.3779820947341768,15550,Medium
0.9509147501985198,-0.9603500628381637,15547,Critical
1.2123850623755659,-1.3124659354837471,15545,Low
1.237449504511437,0.27231482346413816,15544,Low
1.1634077436075925,0.2040620669383381,15544,Low
0.7585180068944266,0.476471471000941,15541,Low
-3.6330416207656775,0.19491666295176394,15534,Medium
0.7256309536062006,0.6326466438198974,15534,Low
0.9125278498651955,0.584185717001633,15527,Critical
0.7429740439470177,0.42788858829902143,15527,Critical
0.887487487577015,0.5611031521124411,15527,Critical
0.4659649744702066,0.688928677449644,15526,Healthy
-1.6933040787985225,2.5734660284737125,15522,Healthy
0.5487361328432093,0.15582330215864593,15519,Low
0.5487527378579893,0.1558386088992887,15519,Medium
0.6072189948982306,0.20973364270223604,15519,Critical
-0.10363090386141278,0.8117929476261669,15513,Low
0.50801799001498,1.3120529047198002,15509,Medium
-1.2170485156190718,2.293001300853981,15507,Medium
-1.6958612510746365,2.571108790414737,15504,Medium
-1.6934037088872023,2.5733741880298564,15504,Healthy
-2.9246437836619563,-3.974909578967476,15503,Healthy
0.997130441035073,-0.48375491445757973,15503,Low
-3.713819602572661,-2.699589002563346,15501,Medium
-4.4082620165526665,-1.243460231436893,15500,Low
0.3002756021901278,0.7166429022971081,15497,Healthy
0.3160171562015304,0.731153692426388,15497,Healthy
0.2998770818354087,0.7162755405216833,15497,Healthy
0.447346218096239,0.8522147041695036,15497,Healthy
0.30009294702754824,0.7164745281500384,15497,Healthy
2.2730203531665794,-2.2710427611994657,15494,Critical
-0.8329383624462305,2.1476167101158032,15487,Low
1.1305446301019242,0.0021667015742903653,15482,Low
1.069471385741229,-0.05413149050956092,15482,Low
1.1290833888012877,0.0008197083977327449,15482,Low
1.1830986725722852,0.09505426998388486,15474,Low
1.1848089890946212,0.09663086427008291,15474,Low
1.1925801360116426,0.10379441889086669,15474,Low
1.0485980528546042,-0.0289303292219866,15474,Low
2.28537950050753,-3.6297820749391736,15470,Low
-0.36092201998782114,0.7532301834105283,15468,Low
2.261831158578472,-4.101544786610905,15444,Medium
2.2618809736228123,-4.101498866388977,15444,Medium
0.388148089204987,0.39415082654030625,15440,Critical
0.6865329990396954,-0.8524723637254693,15439,Healthy
-0.5193684372674525,2.9541608073499726,15434,Medium
-0.3911777231661566,3.0723288451116177,15434,Critical
-0.5029460776500715,2.969299173845603,15434,Low
0.7453136200473698,-0.7655799686109186,15421,Critical
1.3339879636213356,-0.45218382940695784,15416,Critical
-3.717251291723293,-2.544660748402932,15412,Low
0.37075459800536953,1.2594484701215996,15412,Low
0.35756302849141514,1.2884798395544819,15400,Critical
0.725416324598221,0.7751361895984185,15397,Low
-4.306252685288271,-1.429314383261535,15391,Medium
0.6830186985378698,-0.8618945330542588,15390,Low
1.3513418150981547,-0.1263542128725532,15387,Critical
-0.6469121379408472,0.5433442022150651,15383,Medium
-0.6090194942129771,0.5782741843617069,15383,Medium
-0.6469121379408472,0.5433442022150651,15383,Medium
-0.6096670897893955,0.5776772214766416,15383,Medium
1.1445082532676347,-1.3575718587274597,15382,Low
0.7510496950010838,0.4427167015586629,15379,Low
1.4727490174903408,-0.5752278820970786,15378,Low
1.3987072565864962,-0.6434806386228787,15378,Low
1.2245342551118492,-0.49777762587220714,15365,Low
0.48954526972920126,0.7898721284663763,15362,Healthy
0.5860974160981207,0.19026346860472138,15362,Medium
1.168754702538741,0.0015933893917287425,15361,Critical
0.9992008966205632,-0.15470373931088277,15361,Critical
1.1437309452653404,-0.021473868756820412,15361,Critical
-0.7886500674176579,1.0856479989227426,15353,Healthy
0.6697881429191161,0.12140393638986971,15350,Low
0.6697881429191161,0.12140393638986971,15350,Medium
0.7282710049741374,0.17531427693345972,15350,Critical
-0.012837335461493715,0.7990780684028747,15346,Low
0.7497693922848644,0.6076346521007873,15342,Medium
-0.644496656696298,1.1920278471234134,15341,Medium
-3.485073676040865,-2.7466197696279124,15339,Healthy
-3.994723630015545,-1.8465393223646367,15337,Medium
-0.7912570547381117,1.0832448406418387,15335,Medium
-0.7887995125506775,1.0855102382569584,15335,Healthy
0.35148363802934623,0.743833836732595,15334,Low
-2.937114149761707,-3.986404941190144,15330,Low
0.3070960011305972,0.5409207000334821,15325,Medium
0.32283755514199985,0.5554314901627619,15325,Medium
0.306747295820218,0.5405992584799855,15325,Medium
0.4541666170367083,0.6764925019058776,15325,Medium
0.3068967409532376,0.5407370191457698,15325,Medium
2.383034977106997,-2.7582813431935875,15322,Critical
0.4932300454549033,-0.4993592898079861,15314,Low
-0.3980865035639902,1.1109717243501316,15310,Low
1.539862853377833,-1.277940716873929,15310,Low
1.4787896090171377,-1.3342389089577804,15310,Low
1.5383517970328564,-1.2793336302724148,15310,Low
0.3775933512080153,1.1879666651867695,15307,Low
0.3790545925086519,1.1893136583633273,15307,Low
0.3870748146473728,1.1967068140937513,15307,Low
0.24310933650511446,1.0639973727215408,15307,Low
1.5980843881374347,-2.3539935560415044,15304,Low
0.4716750519390157,0.5591065687733179,15286,Critical
0.8861825162541934,-1.189981876741548,15273,Healthy
1.3213045241568522,-2.1966966852177205,15271,Medium
1.3213543392011922,-2.1966507649957925,15271,Medium
1.1205123779495174,0.6604957842920439,15266,Critical
0.7561003757630254,0.11161432266106233,15265,Medium
0.7725227353804064,0.12675268915669283,15265,Low
0.8842910898643213,0.22978236042270775,15265,Critical
0.9076720241763555,-0.7429863942081515,15261,Critical
0.4228288847756257,0.865199961388729,15249,Low
-3.795305428351973,-2.5106098269957555,15244,Low
2.8471489273107227,0.5846736095791768,15243,Critical
0.33110953966517265,0.327033548014997,15233,Low
0.9779069192995529,0.15017235576122076,15233,Low
-4.121509803881338,-1.8345630397303836,15225,Medium
1.7946832217464717,-1.1717933764335677,15221,Critical
0.27933228192757714,-0.002147189370404111,15220,Medium
0.3171751106111074,0.03273687255430955,15220,Medium
0.27933228192757714,-0.002147189370404111,15220,Medium
0.31657733007902883,0.032185829891172336,15220,Medium
1.5045702031036021,-0.3348702863370264,15218,Critical
1.4305284421997577,-0.4031230428628265,15218,Low
0.6263174348241127,0.6448562291150575,15217,Low
2.0094486245672725,-2.44810119012395,15203,Low
1.3675290454841136,-0.4273443221524065,15202,Low
0.5485668906420162,0.6972981091458432,15199,Healthy
1.2797768211970948,-0.16852981292148372,15195,Critical
1.1102230152789172,-0.32482694162409537,15195,Critical
1.2547530639236943,-0.19159707107003288,15195,Critical
0.7071328211592476,0.1558287960953024,15193,Medium
-0.8255032253542749,1.4412575171373496,15190,Healthy
1.3503562783005352,-0.7175518557356679,15186,Low
1.3503562783005352,-0.7175518557356679,15186,Medium
1.4087727202964366,-0.6637027421546486,15186,Critical
-0.02992475487987687,0.9992123759795969,15183,Low
-0.27232396284939253,1.0129993485868558,15183,Medium
0.5348572871026519,1.2447100766113168,15182,Medium
-3.8723580486730187,-2.1073739138830603,15175,Healthy
0.850598943250624,0.3544466264958773,15173,Low
-0.8281268176895087,1.438839052115803,15172,Medium
-0.8256526704872945,1.4411197564715652,15172,Healthy
-3.8091349828155856,-2.359976848686806,15169,Medium
-3.4975606471553955,-2.758130438591223,15166,Low
0.7007908014476456,0.04222353373798728,15156,Medium
0.7165323554590483,0.05673432386726703,15156,Medium
0.7004420961372665,0.04190209218449061,15156,Medium
0.8479112323980967,0.17784125583231086,15156,Medium
0.7006081462850661,0.04205515959091757,15156,Medium
1.8784420697551254,-1.931431135230416,15149,Critical
0.38916361437736186,-0.03009144135335449,15148,Low
-0.22325365381025816,0.5180644725055041,15147,Low
0.6066861886411274,0.9383671796200214,15144,Low
0.6080145898235243,0.9395917188714374,15144,Low
0.616134442050925,0.9470767150457178,15144,Low
0.4721523588938864,0.8143519669328645,15144,Low
0.5153074491800883,0.728491638336736,15143,Low
0.5138462078794518,0.7271446451601784,15143,Low
0.45423420481939303,0.6721934462528848,15143,Low
2.2608514627064547,-4.102447884308824,15126,Low
0.8839595973864588,-0.8870786497273017,15117,Critical
2.082418728880224,-1.3035528304171593,15105,Critical
1.9706503743963086,-1.4065825016831741,15105,Low
1.9542778298232675,-1.4216749479568764,15105,Medium
1.3457819995108686,-0.32275075781360907,15102,Critical
2.4357205043085175,-3.895217142044846,15102,Medium
2.4357703193528573,-3.8951712218229173,15102,Medium
1.8489830290130258,-3.096340135876545,15101,Healthy
1.1352593016821304,-1.571362594561269,15092,Critical
0.4143866932763701,0.7255409861505201,15082,Low
1.4842855697006603,-0.8621969651805796,15080,Critical
-4.030850152604056,-2.1406321099021772,15076,Low
0.9918163032134424,0.3259014587943503,15073,Low
-0.13414174294268855,0.7878924174135142,15070,Low
-4.03417437784364,-1.8918120613872507,15061,Medium
2.3893785851924094,-2.0072167947397865,15058,Critical
0.8994738586248741,0.28702071617609687,15057,Critical
0.5159174052344091,-0.5347371514569931,15054,Medium
0.5538100489622793,-0.4998071693103513,15054,Medium
0.5159174052344091,-0.5347371514569931,15054,Medium
0.5531624533858608,-0.5004041321954166,15054,Medium
1.1002644235577108,0.029887859074392155,15051,Critical
1.0262226626538664,-0.03836489745140794,15051,Low
0.24840994504730354,1.8848426467187156,15048,Low
0.5021626811246444,1.0757385205455048,15042,Healthy
0.5352471365006487,0.973622324832124,15039,Low
1.3821719528362668,-0.20996383647563885,15032,Critical
1.212618146918089,-0.36626096517825046,15032,Critical
1.3570983805185264,-0.23307701484611607,15032,Critical
1.3877009565406666,-0.6831269960302352,15029,Medium
-1.19934721863955,2.0481198405743832,15027,Healthy
-0.20890935976115954,3.7757976505564677,15020,Medium
-0.5786380318282339,0.9237469322798968,15014,Medium
0.6126376655325585,-0.10896152149959021,15011,Low
0.6126376655325585,-0.10896152149959021,15011,Medium
0.6710707125432399,-0.055097101177928244,15011,Critical
-1.2019708109747838,2.0457013755528366,15008,Medium
-1.1994966637725695,2.047982079908599,15008,Healthy
-4.532627586603982,-1.2143244394316801,15007,Healthy
-4.110006509668071,-1.6673836780443292,15006,Medium
0.19846063398602823,-0.14997420551267168,15005,Low
0.5662276545681404,0.37004687967749544,15004,Low
-3.8847952047432095,-2.1188386626244426,15003,Low
0.20468369003047293,1.0062946367569117,14990,Medium
0.22042524404187547,1.0208054268861915,14990,Medium
0.20433498472009376,1.005973195203415,14990,Medium
0.3518041209809239,1.1419123588512352,14990,Medium
0.20453424489745325,1.0061568760911275,14990,Medium
-0.9956147676247048,1.9538033789676292,14987,Low
0.4053097897732201,0.08785587866519486,14985,Low
1.0590373859372686,0.12482686034012425,14983,Low
0.9980139566209135,0.06857458847820114,14983,Low
1.0576259596809718,0.1235257873854948,14983,Critical
2.2147693691367762,-2.34144819393658,14980,Critical
0.9815207659368125,0.16884669096804844,14977,Low
0.9827495370305296,0.16997938977560828,14977,Low
0.99101883439095,0.17760214661567292,14977,Low
0.8470367512339114,0.04487739850281968,14977,Low
1.3203414332996146,-2.197584476174997,14953,Low
1.0303150606437093,-0.9847786350816837,14951,Critical
1.3308504203903524,-1.4939373134251714,14944,Healthy
0.8303988869173934,-0.4677821325095063,14942,Critical
0.383016930647625,1.037724125859396,14942,Medium
0.39933966017632627,1.0527706519111704,14942,Low
0.5111080146602414,1.1558003231771854,14942,Critical
2.0257530009479954,-3.5171807425711363,14926,Medium
2.0258028159923356,-3.5171348223492083,14926,Medium
0.688573521470861,-0.8375330733406351,14922,Critical
0.6199152635470847,0.5354658917485657,14919,Low
0.9640010471166057,-0.15777233969955373,14914,Critical
0.9327646396575909,0.31419875338756137,14910,Low
-3.9130258237132742,-2.4343697655966405,14905,Low
-0.13003440962707788,0.5100222377747692,14901,Low
-3.5262400205073745,-2.726419479331541,14898,Medium
0.9722704507886752,0.3354534718243956,14894,Critical
1.4031312225445676,-1.7237127563961874,14894,Medium
1.4410404712872178,-1.6887674675089028,14894,Medium
1.4030814075002278,-1.7237586766181157,14894,Medium
1.4403762706960193,-1.6893797371346109,14894,Medium
1.0530866535787688,0.251940870210202,14888,Critical
0.9790448926749247,0.1836881136844019,14888,Low
0.3942923537400915,1.3639704345550991,14888,Low
-0.05631042476829533,1.8207740005445818,14882,Healthy
1.5454146168162484,-1.7381604923341512,14878,Critical
0.7394734914286549,0.4685791802148991,14872,Low
1.3388170905643295,0.0024753085748362336,14871,Critical
1.1693130996904917,-0.15377589990584728,14871,Critical
1.3137933332909288,-0.02059194957371303,14871,Critical
-1.2096817206155768,1.8596349098115084,14857,Healthy
0.6500487638318098,-0.07447543483158661,14854,Medium
-0.7378864945150485,0.8423706920276663,14851,Medium
-0.6965904720598923,1.2668941967941416,14848,Medium
1.048249347544225,-0.029251770775483382,14843,Low
-3.916608157517747,-1.9873202780668398,14842,Medium
0.14250687870263712,0.998791397109357,14842,Low
0.14250687870263712,0.998791397109357,14842,Medium
0.20092332069853855,1.0526405106903762,14842,Critical
0.3536375009626632,0.3139303581258232,14841,Low
-1.2106282064580347,1.8587624255948745,14839,Medium
-1.2097813507042567,1.859543069367652,14839,Healthy
-4.476889247192967,-1.3016251718200849,14839,Healthy
-4.545031532644613,-1.2257585746917774,14835,Low
1.0148316571673655,-0.019743719427150856,14827,Medium
1.1085669656002433,0.06666283150089168,14827,Medium
1.0179866099755581,-0.016835438705037835,14827,Medium
1.1051131225260116,0.06347902944721005,14827,Medium
1.0232005846164658,-0.012029122143229978,14827,Medium
-0.9385828720019822,1.7042423019102078,14824,Low
-0.316906912629609,2.0978260936220536,14817,Low
-0.3779303419459643,2.0415738217601307,14817,Low
-0.31831833888590566,2.096525020667424,14817,Critical
0.5091230636938033,-0.3817638701134305,14815,Low
0.30477810642831626,1.2602962708170762,14811,Low
0.3058408273742337,1.261275902218209,14811,Low
0.31430938491201366,1.269082339945986,14811,Low
0.17027748671063525,1.1363116716112047,14811,Low
2.4035214380741854,-2.8082042483595355,14808,Critical
0.7302871389728055,-0.18779874322862627,14790,Critical
2.4347906234808394,-3.896074319520837,14784,Low
1.175789444273385,0.19665811847899753,14781,Critical
1.0639214597007902,0.09353660676912635,14781,Low
1.0476983602607688,0.07858192116120834,14781,Medium
0.7604881711657437,-0.5069844978667677,14779,Critical
1.6608583624345057,-2.790217293772637,14772,Healthy
0.9253208334489817,-0.629131896193765,14765,Critical
0.8316949988819735,0.32781788435304277,14759,Low
1.5609726122931524,-2.4205740552994834,14757,Medium
1.5610224273374924,-2.4205281350775554,14757,Medium
1.3845528469387116,-0.3294126315192425,14750,Critical
0.15796559134365779,1.963018427008658,14747,Low
2.4997147465742833,0.6500174057009361,14747,Critical
-4.210319348439186,-1.7491972113519314,14740,Low
-3.9081075749053302,-2.098258627961412,14734,Medium
0.6796627850548862,-0.6767960816837713,14730,Medium
0.7176052438270962,-0.6418201793152013,14730,Medium
0.6796627850548862,-0.6767960816837713,14730,Medium
0.7169576482506778,-0.6424171422002667,14730,Medium
1.1672736847902587,-0.1488754955921283,14728,Critical
1.0576527352196485,0.1879403911361193,14725,Healthy
1.3695548943521203,-0.26878649564906165,14725,Critical
1.295513133448276,-0.33703925217486175,14725,Low
0.7308449282471082,0.6374529603817053,14725,Low
0.5252841276326723,0.9644382804465039,14715,Critical
1.2280206545858154,0.3307813402935457,14714,Critical
1.0585166637119774,0.17453013181286237,14714,Critical
1.202930477253295,0.30765285518242574,14714,Critical
0.6905067203864268,0.6943424995495928,14709,Low
-1.3983583621710929,2.0620749121667896,14688,Healthy
-1.6939682793897208,2.5728537588480047,14685,Medium
0.17995118703144827,1.033308097258646,14685,Medium
-3.650919063609682,-2.3281825354852685,14680,Medium
-0.8181737549027492,1.303124298445206,14678,Medium
0.24274402617995527,1.0636606244274014,14677,Low
0.6358744095950982,0.3083140481926965,14675,Low
0.6358910146098782,0.3083293549333392,14675,Medium
0.6943074566057795,0.36217846851435836,14675,Critical
1.463341709234423,0.2709719319682734,14673,Medium
1.3337395688768303,0.15150282125199863,14673,Medium
1.4780537523294681,0.28453370417770574,14673,Medium
1.33383919896551,0.15159466169585475,14673,Medium
1.2515115356864652,0.07570384158934726,14673,Medium
-0.20618101962596436,0.9576164284957791,14672,Low
-1.4009653494915466,2.059671753885886,14670,Medium
-3.2471400654748894,-1.418024726391544,14670,Healthy
-1.3984081772154326,2.0620289919448616,14670,Healthy
-4.489309798248378,-1.3130746138208242,14667,Low
-0.6779878517255143,1.2706320649070302,14660,Low
-0.1028432662510553,1.7298048165067044,14654,Low
-0.041819836934700025,1.7860570883686273,14654,Low
-0.04323126319099667,1.7847560154139979,14654,Critical
0.2988066823459884,0.4197076150738096,14652,Low
-3.444484537810179,0.3357295353395482,14642,Low
-3.457751944619368,0.3234994495660306,14642,Low
-3.4460454091994954,0.33429070171913433,14642,Low
-3.4454144186378572,0.33487235786355685,14642,Low
2.6829932863867967,-2.970975856265592,14641,Critical
0.7325140951849868,-0.1960026206317491,14630,Critical
1.0435678712189183,-0.17437083671538048,14617,Medium
1.1715925351724148,-0.05635586636016204,14617,Critical
1.0597743656441598,-0.1594314578481051,14617,Low
0.487476565582367,-0.20361828028942533,14613,Critical
0.5340749047518097,0.3908463661094054,14610,Critical
2.0248729351646575,-3.5179919998251994,14608,Low
1.2878709546847007,-2.0268910363685384,14603,Healthy
0.5148739708629843,0.8481015094444565,14599,Low
0.07126944481486323,2.2036283943990087,14592,Low
0.7439560877925777,0.7262406819540095,14590,Critical
0.43006427428883454,1.5585247896060166,14588,Critical
2.0059744761871503,-3.417735766709451,14585,Medium
2.0060242912314905,-3.4176898464875225,14585,Medium
-3.666278086042454,-2.35499401207354,14580,Low
1.2022634781927004,0.23987984004225651,14571,Critical
-4.359609313138204,-1.4593397225318083,14568,Medium
0.10245639134267207,0.27481276763479084,14567,Medium
0.14039885011488204,0.3097886700033607,14567,Medium
0.10245639134267207,0.27481276763479084,14567,Medium
0.13975125453846363,0.3091917071182954,14567,Medium
1.7094768008751233,-0.6862088640123505,14565,Critical
1.635435039971279,-0.7544616205381506,14565,Low
0.4003458947993291,0.966973971550941,14562,Healthy
1.485037672735711,-0.09540828031186403,14557,Critical
1.315533681861873,-0.25165948879254757,14557,Critical
1.4599641004179704,-0.11852145868234136,14557,Critical
0.9838147628088153,0.6576455553619946,14555,Low
1.2298146498118767,-0.4929100823478285,14555,Low
0.7295104825606786,0.45939513582927904,14549,Critical
-0.7821658482360359,1.173000047100943,14521,Healthy
-0.5720310814956071,1.437507429121752,14519,Medium
0.6733353229386893,0.34284605508262805,14518,Medium
-4.2980709667963675,-1.363683609382235,14516,Medium
-0.7893142680088563,1.0850357292970345,14515,Medium
0.4718036535835073,0.8140305253793677,14513,Low
-0.034915571289892706,1.1179970152918965,14512,Low
0.9875043039890251,0.6004522372349178,14510,Medium
0.8579021636314322,0.48098312651864294,14510,Medium
1.0022827671431898,0.614075236406921,14510,Medium
0.8580682137792318,0.4811361939250699,14510,Medium
0.7757405505001872,0.4052453738185624,14510,Medium
1.024132761222882,-0.4936052795077377,14506,Medium
-1.4269087805155398,1.5084677752590512,14506,Healthy
1.024132761222882,-0.4936052795077377,14506,Low
1.0825658082335634,-0.4397408591860757,14506,Critical
-0.7822654783247156,1.1729082066570868,14503,Healthy
-0.7848226506008296,1.1705509685981108,14503,Medium
-3.2594775914564003,-1.4293976346890702,14498,Low
-0.9310905836562517,1.6847545098594003,14497,Low
-0.003895430142543659,0.3054426693521747,14480,Low
1.3723116702645881,-2.1958989308191503,14478,Low
1.3712987643630103,-2.196832641998355,14478,Critical
-3.940213863351667,-2.2156257095528415,14478,Low
-3.953481270160856,-2.227855795326359,14478,Low
-3.9417747347409837,-2.2170645431732554,14478,Low
-3.9411437441793447,-2.2164828870288327,14478,Low
1.311686761302952,-2.2517838409056488,14478,Low
2.730179409803992,-3.1955587106723202,14472,Critical
0.8561034026399698,-0.5549885959604881,14467,Critical
1.432677215028125,-0.06677856981346275,14460,Critical
1.3208590454998703,-0.16985416130140585,14460,Low
1.3047023661189687,-0.18474761994675315,14460,Medium
0.9087426599808437,-0.6107716446399191,14453,Critical
1.149489422300399,0.07482880858976439,14447,Critical
0.7266038911535332,0.6404075818270056,14442,Low
1.5600925465098145,-2.421385312553547,14439,Low
1.368045190417523,-2.1710150932049888,14434,Healthy
0.8208779704422479,0.8441302316430462,14428,Critical
0.8209694674818585,0.5340401225581364,14428,Critical
0.505857911242556,0.860209742883898,14425,Low
-3.4713537039958466,-1.1109167599801306,14418,Low
1.817934875650159,-3.1114752412951527,14412,Medium
1.8180345057388387,-3.1113834008512966,14412,Medium
0.599218210232143,-0.37258669647107395,14407,Medium
0.637160669004353,-0.33761079410250394,14407,Medium
0.5992680252764828,-0.37254077624914583,14407,Medium
0.6365628884722744,-0.33816183676564116,14407,Medium
1.4375629911716044,-0.6076628655189603,14405,Critical
-4.748944197428857,-0.8142056156411474,14402,Medium
2.217961658399266,-1.6813425791573715,14402,Critical
2.143919897495422,-1.7495953356831717,14402,Low
1.4941425175910448,-0.11629075430424061,14400,Critical
1.3245887116728667,-0.2725878830068522,14400,Critical
1.4690191302289644,-0.139449852896646,14400,Critical
1.0185795032625762,-0.41569809953725845,14393,Healthy
1.3727430201250213,-0.4225380055905986,14392,Low
1.1992552171794193,-0.3006074573523218,14389,Low
0.6805437115184504,0.6851584551639728,14386,Critical
-0.680441129277511,1.2805954055666544,14354,Medium
-0.8261674259454733,1.4406452475116416,14352,Medium
-0.871390362700067,1.1816833312826431,14352,Healthy
-0.027558164030031262,1.0983256197087712,14351,Low
1.444639284784333,-0.0022434729933385566,14350,Medium
1.3149873293824006,-0.12175850393154158,14350,Medium
1.4593679328941582,0.011333605956736426,14350,Medium
1.31520319457454,-0.12155951630318645,14350,Medium
1.2328091112363755,-0.19751156337226478,14350,Medium
1.0616434896108131,-0.45902735239587794,14349,Medium
-3.7194261986550603,-2.5320220987314324,14348,Medium
0.8466880459235323,0.04455595694932301,14347,Low
0.3908444769031985,0.8616364208747831,14343,Low
0.39079466185885864,0.861590500652855,14343,Medium
0.44921110385476,0.9154396142338743,14343,Critical
-0.8741135851239805,1.1791730258172402,14334,Medium
-0.8715398078330866,1.1815455706168587,14334,Healthy
-1.0078773216985366,1.2106032094283796,14334,Healthy
-1.2907310543050827,1.6339983552698354,14334,Low
-1.1204515104535107,1.6669972442028826,14331,Low
0.6671216536581208,-0.5106822295883082,14314,Low
0.9310260604670831,-0.13934249003148325,14312,Low
0.9920494897834383,-0.08309021816956011,14312,Low
0.9906878785714816,-0.08434537090226155,14312,Critical
1.0148339895980432,-0.5250203253818814,14310,Critical
-4.015371722528825,-2.295651909144794,14310,Low
-4.028639129338013,-2.307881994918312,14310,Low
-4.016899383888581,-2.297060129283923,14310,Low
-4.016301603356503,-2.2965090866207856,14310,Low
2.6175939727621924,-2.8635423707547267,14306,Critical
0.9342854657777999,0.25404264137866855,14299,Medium
1.0622769197017363,0.37202699825260155,14299,Critical
0.9475196625574285,0.26624211367090056,14299,Low
0.008255979993062755,1.0347569295306147,14296,Critical
1.7002410591430377,-0.7043133411755845,14287,Critical
0.05503329588042464,1.2953913740638663,14276,Low
2.0051442254481526,-3.418501103741586,14267,Low
0.8135011555885157,0.5002853531158583,14266,Critical
1.2016357821477752,0.05915354598185832,14265,Critical
1.1576171797769361,-2.128111353527473,14259,Healthy
1.1290721252630709,-0.20434249395068596,14258,Low
-3.947953574305679,-0.514818284900973,14254,Low
0.07759031639204036,0.49405235345704107,14247,Medium
0.1155327751642504,0.5290282558256111,14247,Medium
0.07764013143638024,0.4940982736789692,14247,Medium
0.1149349946321718,0.5284772131624739,14247,Medium
1.4693841767848654,-0.3673052697589081,14245,Critical
1.0054212152683202,0.4733665370458437,14242,Critical
0.9313794543644759,0.40511378052004365,14242,Low
1.135368741484932,0.027778448431651826,14234,Critical
0.9658149355667545,-0.1285186802709597,14234,Critical
1.1102453541228516,0.004619349839246491,14234,Critical
-4.025884173543128,-0.9173217303448945,14232,Healthy
0.9738517539408389,0.6484615109763745,14232,Critical
1.7196294903111713,-3.398654729083195,14231,Medium
1.719729120399851,-3.398562888639339,14231,Medium
-4.179266225670492,-2.0657241387116874,14230,Medium
0.925957550102271,0.4821344845749473,14229,Low
0.5312121179091183,0.9699027868559479,14229,Low
0.2486134367757399,1.0120511465353474,14226,Healthy
-0.6062347569471404,1.2535978934926093,14190,Medium
-3.30702943116229,-2.8096880652955103,14189,Medium
-1.2000114192307483,2.0475075709486754,14189,Medium
0.09844279576734186,0.7313652907311556,14188,Low
1.1851012685773954,0.26876982575747055,14186,Medium
1.0554991282198025,0.1493007150411957,14186,Medium
1.1998299166872204,0.28234690470754564,14186,Medium
1.055698388397162,0.14948439592890816,14186,Medium
0.9733209100737775,0.07354765560047248,14186,Medium
0.42838841532068944,0.8962449614679282,14186,Medium
-1.2508960797999724,1.8018239087819674,14183,Healthy
0.169978596444596,1.1360361502796361,14180,Low
0.06433809313576855,1.24411480017805,14177,Low
0.12272132510211009,1.2979333002777838,14177,Critical
0.06428827809142867,1.2440688799561217,14177,Medium
-0.16032573276292653,2.079611947342144,14173,Medium
-1.253619302223886,1.7993136033165644,14165,Medium
-1.2509957098886522,1.801732068338111,14165,Healthy
-0.8721479308871385,1.335720507441811,14161,Low
0.8099601267996271,-0.018273592066867596,14156,Critical
-0.9044965003137686,0.8763440088142446,14153,Low
0.6306778900588957,-0.31089106764580143,14150,Low
-4.486172815070746,-1.396256456371684,14144,Low
-4.499440221879935,-1.4084865421452013,14144,Low
-4.487700476430502,-1.3976646765108123,14144,Low
-4.4871026958984235,-1.397113633847675,14144,Low
2.574272320519815,-2.651072612222966,14143,Critical
0.13838836944714433,1.1794890686564303,14142,Low
0.07741475517512891,1.1232827170164352,14142,Low
0.13702675823518756,1.178233915923729,14142,Critical
1.0343140180675754,-0.9757682476842137,14133,Critical
0.7424989503600625,0.7580641511287378,14122,Low
1.6716949034550506,-0.9524893738793262,14121,Critical
0.6887688954115447,0.702424880672253,14104,Critical
0.4815004412042338,1.1008428539840742,14099,Critical
1.9729759302229888,-2.8754425385400078,14096,Healthy
1.8171710449702807,-3.1121793513647167,14094,Low
1.3389569844272802,-0.4594214262106664,14092,Low
-3.497370112890031,-1.260730288515289,14091,Low
-0.2596599861121897,1.0110469357026026,14087,Medium
-0.22170092232519967,1.0460381448118152,14087,Medium
-0.25956035602350996,1.0111387761464588,14087,Medium
-0.22226549282771835,1.0455177156299633,14087,Medium
1.0573970191766289,0.03816875828307095,14079,Low
1.1314387800804733,0.10642151480887105,14079,Critical
1.0650783972389744,-0.0025471243474895697,14078,Critical
1.2127551405675323,0.047477714997463484,14071,Critical
1.0432013346493545,-0.10881941370514804,14071,Critical
1.187631753205452,0.024318616405058203,14071,Critical
-7.65512208287829,6.690328347728677,14070,Healthy
0.7117771362210686,0.7983383009837554,14069,Low
-3.489099384275422,-2.714889312736449,14068,Medium
0.23160143332342292,-1.5834784505542046,14067,Medium
0.23170106341210267,-1.5833866101103482,14067,Medium
0.28251834407705945,1.2465511046308768,14066,Healthy
1.189292208311443,-0.30979150173794195,14066,Critical
0.7354384728371245,0.464859642238723,14063,Low
0.10137386694168701,0.5651957275902937,14022,Low
-1.6174980183179168,2.7082133921656997,14020,Healthy
-1.2103459212067753,1.8590226401858003,14020,Medium
1.1729524044745951,0.13883186378909526,14020,Medium
1.0433004490726625,0.01931683285089228,14020,Medium
1.1871164820819016,0.15188851355731856,14020,Medium
1.043549524294362,0.019546433960532766,14020,Medium
0.9611720459709775,-0.05639030636790279,14020,Medium
0.10189863656803944,1.2787386475118376,14020,Medium
-0.5705613864229622,0.7931732200402142,14019,Medium
-4.05959967864176,-2.1670746863151558,14017,Medium
-3.4490509168746684,0.3315201816628055,14012,Low
0.4129505079561536,0.4334599844571199,14007,Low
0.41290069291181375,0.43341406423519185,14007,Medium
0.4713171349077151,0.4872631778162111,14007,Critical
-0.4063689282777267,0.5162181415612966,14007,Medium
-0.021159103892076668,2.2078977406686144,14001,Low
-1.6202046357270503,2.7057183934409395,14001,Medium
-1.6175976484065966,2.708121551721843,14001,Healthy
0.8156356033974019,0.6457851127985237,13993,Critical
-4.880944769427833,0.013508021012602746,13989,Low
0.030034435611809893,0.5374280909174285,13984,Low
0.11179340349373229,1.6685938669872638,13982,Low
0.05086960426605673,1.6124334355691967,13982,Low
0.1104816073261154,1.6673846344764904,13982,Critical
2.446994103832768,-2.601594869990897,13977,Critical
-4.077185126891327,-2.020806473500258,13976,Low
-4.090485743730076,-2.033067172755061,13976,Low
-4.078745998280643,-2.022245307120672,13976,Low
-4.078148217748565,-2.0216942644575346,13976,Low
0.6563808223517357,0.9011316681914997,13970,Critical
0.5446124678678208,0.7981019969254848,13970,Low
0.5284557884869191,0.7832085382801375,13970,Low
0.37929162356212015,-0.04189493899814251,13966,Critical
0.7106000676708691,0.20080831935553395,13956,Low
1.6793054678718702,-0.9718088691384579,13954,Critical
0.961925319212306,0.3445893677332923,13944,Critical
0.3265183984822753,1.8019152629702406,13942,Critical
0.5911676324931675,1.2339084687675743,13935,Low
1.4426656858626488,-2.3042988988062105,13927,Healthy
0.3960914818084635,-0.08330659525148341,13927,Medium
0.43398412553633364,-0.04837661310484158,13927,Medium
0.3961911118971433,-0.08321475480762723,13927,Medium
0.43348597509293485,-0.04883581532412261,13927,Medium
-2.9772499371166994,-2.230067777696839,13925,Low
1.1464834643604294,0.07009815054792229,13915,Critical
1.072441703456585,0.0018453940221221283,13915,Low
1.0179006272600326,0.21950588678832034,13915,Critical
1.0374454205977088,-0.5147771177887613,13914,Critical
0.8678916146795311,-0.6710742464913729,13914,Critical
1.0122556131765086,-0.5379974433437376,13914,Critical
1.718898869660853,-3.399328225671474,13913,Low
0.5413409683050212,0.8166664825672258,13906,Medium
0.9159945412342946,0.47295044018932714,13906,Critical
1.690807432774523,-2.3329774543619566,13904,Medium
1.6908572478188628,-2.3329315341400285,13904,Medium
-6.894937531388244,6.027779433371414,13904,Healthy
0.6948657538018943,0.5214737374304361,13903,Low
-4.251125374469856,-1.6242020179993804,13902,Medium
0.6864717017948964,0.6906229615734167,13899,Low
0.9899104488361322,-0.26425795831344046,13898,Healthy
1.0110984476953617,-0.24472655725335496,13898,Healthy
1.01182906834568,-0.24405306066507615,13898,Healthy
1.0109490025623422,-0.24486431791913926,13898,Healthy
1.0105338771928432,-0.24524698643520676,13898,Healthy
-1.0132896465947847,2.421285936772955,13866,Medium
0.9397585461964972,0.6637105361164934,13857,Medium
0.8100567757502247,0.5441495849563623,13857,Medium
0.9538728087594638,0.6767212656627887,13857,Medium
0.810372271031044,0.5444404130285737,13857,Medium
0.7279947927076594,0.4685036727001381,13857,Medium
0.1090342464028464,0.5459221525530901,13856,Low
-1.0392844355805126,1.593961684372841,13853,Healthy
0.4505608664327644,0.46812975201283585,13850,Medium
-1.3989727477179514,2.06150856276301,13850,Medium
-3.6528956843817353,-2.6440686033621303,13849,Medium
-3.9447802424161567,-2.219835063229584,13848,Low
-0.785379200526054,1.2949087555307548,13844,Medium
0.42262818904625143,0.40826754479282273,13838,Low
0.4225949790166915,0.4082369313115373,13838,Medium
0.4810114210125928,0.4620860448925566,13838,Critical
-1.0393840656691924,1.593869843928985,13835,Healthy
-1.0419910529896461,1.5914666856480808,13835,Medium
-0.27115429292450743,0.6408609306148042,13835,Low
0.816777673508461,0.4833258578565455,13827,Critical
-3.802372807422684,-2.110343928533375,13823,Low
0.27917112717314774,0.1301907585065138,13818,Low
-3.807559050784242,-2.1585998587556214,13815,Low
-3.8208596676229902,-2.1708605580104243,13815,Low
-3.8091199221735583,-2.1600386923760353,13815,Low
-3.8085553516710395,-2.1595182631941836,13815,Low
0.14952454510736746,0.8374288891793502,13810,Low
0.9496706037916092,0.2154955686596557,13810,Low
0.20908673312308623,0.8923341678647159,13810,Critical
0.965777468128171,0.23034310708307493,13810,Low
1.0775956376564257,0.3334186985710178,13810,Critical
0.210448344335043,0.8935893205974172,13810,Low
2.6360907084392884,-3.0704523336575633,13807,Critical
0.5325037212296866,-0.000994654095845114,13806,Critical
1.1866074395598372,-0.45065459349358805,13806,Healthy
0.8086190858233389,0.487605293338297,13799,Low
1.2886438173399501,-0.1644450310600653,13791,Critical
0.9541201023960226,0.45739135989780644,13779,Critical
-0.08183082315933511,1.8905164667002505,13768,Low
1.6078494723889005,-1.6806071475175985,13765,Critical
0.7726818501378746,-0.8565680055836256,13764,Medium
0.8106243089100846,-0.8215921032150556,13764,Medium
0.7728312952708942,-0.8564302449178413,13764,Medium
0.8101261584666858,-0.8220513054343366,13764,Medium
0.5876170129166807,-0.7166145719097915,13761,Healthy
1.441740347385007,0.02735996516348324,13761,Critical
1.3677484015255024,-0.04084687114038879,13761,Low
-3.51616854276791,-1.5860994399365993,13754,Low
1.0329257668941376,-0.663958118668449,13754,Critical
0.8633221459316199,-0.8203011675929887,13754,Critical
1.0077525644877174,-0.6871631374827825,13754,Critical
-5.83445477949792,5.4180093348890725,13753,Healthy
1.3343688680333838,-0.3012214790709433,13752,Critical
0.23087081267310466,-1.5841519471424832,13749,Low
1.86681791180126,-2.34499127543586,13747,Medium
1.8661371061952816,-2.345618851802211,13747,Medium
0.9798461642764047,0.6539872443483894,13746,Low
0.7018639423974321,0.7892001768200634,13746,Critical
1.1763566312853968,0.17617002808994034,13746,Low
-3.997821698564994,-0.891453338658731,13744,Healthy
0.8994156492821808,-0.22951965936510532,13737,Medium
-4.35561504506752,-1.5780604761320551,13734,Medium
1.6814535633520526,-1.8188678659282458,13723,Healthy
1.7026415622112823,-1.7993364648681605,13723,Healthy
1.7034219979059404,-1.7986170480579535,13723,Healthy
1.7024921170782625,-1.7994742255339446,13723,Healthy
1.7021268067531035,-1.799810973828084,13723,Healthy
-0.3596113887845017,0.8541819246795382,13703,Medium
1.0236466496144176,0.8265801758464371,13700,Medium
0.8939946942124852,0.7070651449082341,13700,Medium
1.037760912177384,0.8395909053927322,13700,Medium
0.8942603744489646,0.7073100527585173,13700,Medium
0.8118662911108,0.631358005689439,13700,Medium
0.5501370044115579,0.7781838922639404,13692,Low
-0.89585267453201,1.3456707094565592,13687,Healthy
-4.40811337090665,-1.1983723364618157,13685,Medium
-0.7828300488272343,1.172387777475235,13684,Medium
-1.2781256390582405,2.090846569475496,13681,Medium
0.460288362567202,0.4429832325704668,13681,Medium
-4.019938101593314,-2.299861262821537,13680,Low
-0.6506129005718936,1.4191382625869093,13671,Low
-0.8985094768968037,1.3432216309537273,13669,Low
-0.89585267453201,1.3456707094565592,13669,Healthy
0.9439863207146161,-0.45873871219992873,13669,Low
0.9439365056702762,-0.45878463242185685,13669,Medium
1.0023695526809575,-0.4049202121001949,13669,Critical
1.3625581219241396,-0.12622717128587452,13667,Critical
-4.107272892428095,-2.071000916516141,13659,Low
0.1828003265539551,0.580276795012404,13658,Low
1.6353191830030558,-0.44967189998799467,13649,Healthy
0.2807890263440495,0.02918139525618227,13647,Low
0.40873066522364604,0.1471198319081871,13647,Critical
0.2969623107397312,0.04409016064217222,13647,Low
0.28115678033267544,0.409386869176356,13646,Critical
-1.1838741803845887,-0.9744813537594416,13644,Low
-1.1243618074132098,-0.9196219952960042,13644,Critical
-4.206851621160992,-1.9137458585265694,13644,Low
-4.22011902797018,-1.9259759443000868,13644,Low
-4.208412492550308,-1.9151846921469833,13644,Low
-4.207847922047789,-1.9146642629651316,13644,Low
-1.1230500112455928,-0.9184127627852309,13644,Low
1.0097296734467907,0.148502188107688,13642,Low
2.6230274978728985,-2.879687061671287,13641,Critical
1.2445319996212225,-0.1083779795327992,13628,Critical
0.7942552218469611,0.7478050364311433,13615,Critical
-0.4838408773015394,2.9904540339025334,13611,Low
-5.1249848514888905,1.0962294736845963,13611,Low
0.8208779704422479,0.8441302316430462,13605,Critical
-0.8121749939485439,1.8983960755221856,13602,Healthy
0.6298961374306704,-0.768833786638572,13597,Medium
0.6677887811585406,-0.7339038044919302,13597,Medium
0.6300953976080299,-0.7686501057508596,13597,Medium
0.6673404457594816,-0.7343170864892831,13597,Medium
1.5195456456076082,-0.695696723164524,13595,Critical
1.4455038847037638,-0.7639494796903241,13595,Low
0.8948195474294077,-0.42937383184166505,13594,Critical
0.7252159264668899,-0.5857168807662047,13594,Critical
0.8695965299786476,-0.45262477087792663,13594,Critical
1.6742907745563869,-0.7186438474342322,13592,Critical
-5.535444543268905,4.676595941627093,13589,Healthy
1.2508193281592488,0.04527830509385232,13588,Low
1.6900934171389848,-2.3336356442095925,13586,Low
-7.627026397870597,6.716227352896126,13581,Healthy
0.9384233479467191,-1.2661181821102623,13580,Medium
0.9385229780353989,-1.266026341666406,13580,Medium
0.6850023750225976,0.5123815334886722,13579,Critical
1.1952700136322287,-0.3042810751065699,13579,Low
0.38084576181851243,0.9483465190981109,13574,Medium
-3.60668963829986,-2.9175443255824907,13568,Medium
1.7920173800140358,-1.4563114746219084,13560,Healthy
1.8131721688437057,-1.4368106870431083,13560,Healthy
1.8139858145679237,-1.436060656751616,13560,Healthy
1.813072538755026,-1.4369025274869645,13560,Healthy
1.8126906234150868,-1.4372545825217466,13560,Healthy
-0.06295711788046245,0.4367607936132129,13541,Low
1.3383560739137565,-0.004698127371677343,13537,Medium
1.208654303467484,-0.12425907853180844,13537,Medium
1.3524205214323832,0.00826668195268974,13537,Medium
1.2089531937335234,-0.12398355720023983,13537,Medium
1.1265757154101386,-0.19992029752867543,13537,Medium
0.9996189747113038,-0.12199879562987404,13526,Low
-0.6249164371984374,1.0456322862728213,13524,Healthy
-3.8233602649370058,-1.523580341640839,13519,Medium
-1.067152674214482,1.726780548334836,13517,Medium
-0.8720545632912654,1.181071061656935,13515,Medium
-4.490705984105675,-1.4004351965671409,13514,Low
0.9816963092799066,-0.4239771042003566,13512,Medium
-1.1385604898326716,2.219499724577391,13508,Low
1.5524609520414143,-0.4931513780204529,13506,Critical
0.5869354337774262,0.42481987799874876,13505,Low
0.5868856187330863,0.42477395777682064,13505,Medium
0.6452522456846479,0.47857715113591176,13505,Critical
-0.627589844578011,1.0431679010293466,13505,Low
-0.6249164371984374,1.0456322862728213,13505,Healthy
0.9100730232962213,-0.7398328866022,13495,Low
-4.171641744129465,-2.07152677710435,13493,Low
0.7334628227524899,-0.3402966695994151,13486,Critical
0.15886276922292056,0.2212910801419175,13484,Low
0.1749862385742623,0.2361539253059794,13484,Low
0.28675459305817724,0.33918359657199426,13484,Critical
0.5488299534270722,0.7583278413722891,13481,Low
-3.9889147171598944,-1.9761220835142492,13481,Low
-4.002182123969083,-1.988352169287767,13481,Low
-3.9904755885492107,-1.977560917134663,13481,Low
-3.989927623061472,-1.977055794693454,13481,Low
0.18342377667098983,1.3846578448615716,13480,Low
0.12259960753199403,1.3285892538873607,13480,Low
0.18211198050337293,1.3834486123507983,13480,Critical
1.4672877780426272,-0.7758242293790522,13480,Healthy
2.5887614523596976,-2.848598232794714,13475,Critical
0.9216202229951447,0.26669509011334247,13462,Critical
0.5129445598987343,1.1777437167831895,13452,Critical
-0.14541168915081776,1.1032840444984007,13451,Low
1.2016357821477752,0.05915354598185832,13442,Critical
0.5305027709999693,-0.6326575572789458,13436,Healthy
0.9572018412272089,-0.6900811402363809,13431,Critical
0.787598220264691,-0.8464241891609207,13431,Critical
0.9319788237764486,-0.7133320792726424,13431,Critical
-4.271955572868537,-2.2979229349537125,13430,Low
1.3351940716917525,-0.39923366736787924,13429,Critical
1.261202125832248,-0.4674405036717512,13429,Low
2.18272581703619,-1.7138234828011814,13429,Critical
1.8661371061952816,-2.345618851802211,13429,Low
0.513404095147044,1.1289497047485788,13428,Low
0.35824450811812153,-0.6276666867676761,13425,Medium
0.3960873368016518,-0.5927826248429624,13425,Medium
0.35839395325114115,-0.6275289261018918,13425,Medium
0.3956888164469327,-0.5931499866183871,13425,Medium
1.16655967256522,0.16713905111074726,13422,Critical
0.9219723465550804,0.47846086682069927,13419,Low
-6.866875056410111,6.053647825057578,13415,Healthy
1.718738984928914,-2.562825457634346,13414,Medium
1.7188386150175938,-2.56273361719049,13414,Medium
-4.263033533532874,2.1368881099456303,13414,Healthy
0.562937271354355,0.6549817339408244,13410,Medium
-3.5428062943185523,-3.130221400358351,13400,Medium
1.7751558126392013,-1.7331301179532994,13391,Healthy
1.7962441814097514,-1.7136905573370702,13391,Healthy
1.7970744321487495,-1.7129252203049352,13391,Healthy
1.7961445513210716,-1.7137823977809263,13391,Healthy
1.7957792409959126,-1.7141191460750658,13391,Healthy
0.8662368628521455,0.41683293472885574,13378,Low
0.25435897427248716,1.723977577932049,13372,Low
1.2507696513305453,-0.1603765971027054,13368,Medium
1.1210678808842727,-0.2799375482628365,13368,Medium
1.2647676787900521,-0.14747301474090918,13368,Medium
1.1210678808842727,-0.2799375482628365,13368,Medium
1.0389892928269273,-0.35559876725970346,13368,Medium
-0.884025428612917,1.4751343945311932,13360,Healthy
-3.627020429158178,-2.6033908584089684,13353,Medium
-0.4508853892540615,0.5717343824916081,13351,Medium
0.6246454223427168,0.4595814859983209,13348,Medium
-4.081751505955816,-2.0250158271770005,13346,Low
-1.251560280391171,1.8012116391562594,13345,Medium
-0.9275875249889126,1.855433703436731,13345,Low
0.5004159706434165,1.4201637293036316,13343,Critical
-0.884025428612917,1.4751343945311932,13342,Healthy
-0.8866988359924907,1.4726700092877185,13342,Low
0.5545887606695501,-0.07836447895875887,13331,Low
0.5545389456252102,-0.07841039918068693,13331,Medium
0.6129221775915518,-0.024591899080953068,13331,Critical
-3.1332309726412437,-3.689761508047089,13329,Low
1.0082717828374066,-0.6499030386465595,13329,Critical
0.41514809607180597,0.11597306763822918,13327,Low
0.5430233148922827,0.23385027732766317,13327,Critical
0.4313047754527076,0.13086652628357648,13327,Low
0.6372950462764644,-0.7554969277630057,13322,Low
0.4521802969978922,0.777595071704632,13317,Low
0.5130044661368881,0.8336636626788427,13317,Low
0.5116926699692712,0.8324544301680694,13317,Critical
-4.002768093202635,-1.9417595185324674,13317,Low
-4.016035500011823,-1.9539896043059848,13317,Low
-4.00432896459195,-1.9431983521528813,13317,Low
-4.003764394089432,-1.9426779229710291,13317,Low
1.4973199625926026,-0.5317563254201162,13317,Healthy
0.24019822850380657,0.5142050833127949,13306,Low
3.0930483620699847,-3.9901381203428277,13302,Critical
0.8429486211390907,0.40672632494562977,13296,Critical
0.5527118335514339,0.1170722258787439,13294,Low
0.44482284521037063,1.134831043227044,13286,Critical
0.4815004412042338,1.1008428539840742,13276,Critical
0.3079600164716864,1.7431177023708404,13274,Low
1.6194051984388425,-1.6413102182482628,13271,Critical
1.4498015774763247,-1.7976532671728025,13271,Critical
1.5941323659437423,-1.6646070775064525,13271,Critical
0.05403476859168731,0.17829988158133636,13270,Healthy
0.9702351889495837,0.4409315536239621,13269,Critical
0.28899142588933896,0.2326721235786549,13268,Medium
0.32688406961720906,0.26760210572529675,13268,Medium
0.2891408710223586,0.2328098842444392,13268,Medium
0.32643573421815014,0.26718882372794384,13268,Medium
1.2838488583366943,-0.16546538090302354,13266,Critical
1.2098569124771896,-0.23367221720689563,13266,Low
1.241005764424292,0.036232021374016474,13265,Critical
-5.806408909534566,5.443862419834593,13264,Healthy
0.9377591473555207,-1.26673045173597,13262,Low
0.7077919326738781,0.7946646832295073,13259,Low
-4.050092506410864,-2.421883091598713,13254,Low
0.37452817916722875,1.2293608895981425,13253,Medium
-1.3081882775555893,2.195236504870541,13250,Healthy
1.453489429863006,-2.278579825043175,13245,Medium
1.4535890599516859,-2.2784879845993187,13245,Medium
-4.065010191779942,-2.155026273512279,13234,Medium
1.2439768672183442,-0.8436601748401301,13221,Healthy
1.2650818410036742,-0.8242053074832582,13221,Healthy
1.2658954867278922,-0.8234552771917658,13221,Healthy
1.2649822109149944,-0.8242971479271143,13221,Healthy
1.264666715634175,-0.8245879759993257,13221,Healthy
1.2398500892675777,-0.4550034793712724,13210,Low
0.9045524008617521,0.7010119843465252,13204,Medium
0.7778893481202126,0.5842521667240083,13204,Medium
0.9185006132769192,0.7138696464863934,13204,Medium
0.775199335725859,0.5817724747398909,13204,Medium
0.6927720423581344,0.5057898141895271,13204,Medium
0.43061791219141027,0.22567151271930655,13193,Low
-0.8890405271680666,1.1674033571813722,13191,Healthy
-4.395077634817377,-1.2313066793665888,13189,Medium
-0.8717556664176291,1.4008486273374128,13188,Medium
2.9898690293444843,0.7162350454031851,13185,Critical
-3.8121254298487313,-2.162809212432364,13184,Low
-1.6181622189091152,2.7076011225399914,13182,Low
-0.3113700550728324,0.7003416173715751,13179,Low
0.5923485642791805,-0.04355695073725865,13174,Medium
-0.8916475144885204,1.1650001989004684,13173,Low
-0.8889907121237267,1.1674492774033003,13173,Healthy
0.5555631381276147,0.09929083913943358,13172,Critical
0.4500639460476484,0.955780466693365,13170,Low
0.4500639460476484,0.955780466693365,13170,Medium
0.4318316398192516,0.9389736654676802,13170,Critical
-4.298542792036022,-1.8636672951938225,13163,Low
0.10058478577245436,0.15333903432790189,13160,Low
0.22846000459293117,0.271216244017336,13160,Critical
0.11669165010901625,0.16818657275132112,13160,Low
0.5192678350194426,-0.14637836247137997,13159,Low
1.3204865156144296,-0.20149257995926514,13153,Healthy
-3.910402852981015,-2.1188973786310585,13153,Low
-3.9236702597902036,-2.1311274644045763,13153,Low
-3.9119637243703314,-2.1203362122514724,13153,Low
-3.9113991538678126,-2.1198157830696207,13153,Low
0.3408860776292108,1.4471028673566744,13148,Low
0.6253351110806012,0.3378411519981077,13148,Critical
0.6265970922038783,0.33900446428695297,13148,Low
0.5658227381092223,0.28298179353467023,13148,Low
0.7430209902749272,0.3423068636014431,13139,Critical
-0.011458249625335993,0.6117915123826158,13128,Low
1.4975653879142816,-0.8419285037692396,13126,Critical
0.4524168046124103,1.1154962412272698,13120,Critical
0.3265183984822753,1.8019152629702406,13119,Critical
0.8637021640315952,0.3654326751379857,13111,Low
0.5121701809933563,0.03985446925305138,13107,Critical
0.3425665600308383,-0.1164885796714884,13107,Critical
0.4868807434834762,0.016542303254218977,13107,Critical
1.0962527537617368,0.07398653138698938,13106,Critical
0.5035905314120873,1.119903421028743,13105,Critical
-3.772544351726466,-1.625230331542886,13103,Low
1.0443509519532765,0.21260871769053913,13102,Critical
0.970359006093772,0.1444018813866671,13102,Critical
-5.507382068290771,4.702464333313255,13101,Healthy
0.6522678263944769,-0.988024987497263,13101,Healthy
0.11731559874321837,-0.08612081637720587,13099,Medium
0.15520824247108853,-0.05119083423056397,13099,Medium
0.11746504387623805,-0.08598305571142156,13099,Medium
0.15480972211636948,-0.051558196005988814,13099,Medium
1.7180581793229357,-2.563453034000697,13096,Low
0.6908805502547037,0.5178001196761881,13093,Low
-0.5771523209484357,1.178547627029165,13090,Healthy
0.3967135159116325,0.5886982371677361,13084,Medium
1.6318923358595303,-2.4016946051419246,13079,Medium
1.6319919659482103,-2.4016027646980684,13079,Medium
-3.9971732605848356,-2.164619169384431,13071,Medium
1.6292185047120709,-1.3190950872692089,13055,Healthy
1.6503068734826207,-1.2996555266529797,13055,Healthy
1.6511869392659586,-1.2988442693989166,13055,Healthy
1.650207243393941,-1.2997473670968358,13055,Healthy
1.6498917481131217,-1.3000381951690472,13055,Healthy
-4.100461707712811,-1.73186474442256,13048,Low
0.9756061711971179,0.8919858041936519,13047,Medium
0.8490095385146981,0.7752872135337057,13047,Medium
0.9895709886270647,0.9048587730741627,13047,Medium
0.8462697110760046,0.7727616013276601,13047,Medium
0.76384241770828,0.6967789407772965,13047,Medium
0.025230580149439925,1.4937270622551295,13027,Critical
-1.4006551346053966,2.1697309369132807,13025,Healthy
1.6268396215866223,-0.7307885967629986,13022,Critical
-2.923913163011638,-3.974236082379197,13019,Medium
-0.4937887168026102,0.46540340603946684,13018,Medium
-1.039898821127371,1.593395334969061,13016,Low
-0.7322403322364001,1.5294558622173797,13015,Low
-4.211384790195921,-1.9179245987220268,13014,Low
0.4318316398192516,0.9389736654676802,13013,Medium
1.1829199364609295,-1.243039814245433,13009,Critical
0.7778131660690959,0.29759134939880877,13007,Low
0.7778131660690959,0.29759134939880877,13007,Medium
0.7595808598406992,0.280784548173124,13007,Critical
-1.4032621219258503,2.167327778632377,13006,Low
-1.4006053195610566,2.1697768571352087,13006,Healthy
0.45194940046846427,0.023759164063551087,13003,Low
0.5798412243037211,0.14165168049362792,13003,Critical
0.4681226848641459,0.03866792944954104,13003,Low
-4.029907605632094,-2.3185607533894528,12997,Low
0.42223145499360304,-0.11862041352543723,12993,Low
0.2922866376256737,1.6173231475122498,12991,Low
0.13330471727632792,0.2339253880516144,12984,Low
0.13204273615305093,0.2327620757627692,12984,Critical
1.2942077957440632,-0.5060247515360933,12984,Healthy
0.07253036318167203,0.17790271729933177,12984,Low
-3.8639570799958296,-2.4998370198203532,12983,Low
-3.877274301849358,-2.5121130258157987,12983,Low
-3.8655677664294856,-2.501321773662695,12983,Low
-3.8650031959269673,-2.500801344480843,12983,Low
2.552067557043801,-2.334867112137181,12982,Critical
-0.41735763153366456,1.7212817187076626,12971,Low
1.0676561090363175,0.16858197747239573,12963,Critical
0.9210703235730717,0.4840048529649368,12957,Critical
0.9541201023960226,0.45739135989780644,12955,Critical
1.2100593548307985,0.09111945297625815,12954,Low
0.2981962677810696,1.7341173388729325,12951,Critical
1.3614050671058617,-1.3742979784131546,12944,Critical
1.191851261187684,-1.5305951071157662,12944,Critical
1.3361820496551016,-1.3975489174494162,12944,Critical
0.3273908567992203,1.8204713743832042,12944,Critical
0.31488728066991,1.808945398679251,12944,Critical
1.1112974380416927,0.03766316712604061,12942,Critical
0.6869628991721466,-0.5971223223972392,12941,Healthy
-4.973467479748511,-0.2969707323671797,12939,Critical
1.172437847797326,0.17255763729826315,12936,Low
-0.25142774921910177,0.6371366974504855,12929,Healthy
0.48109387269556836,-0.6683262040062544,12929,Medium
0.5189367013790986,-0.6334421420815406,12929,Medium
0.48119350278424816,-0.6682343635623983,12929,Medium
0.5185381810243797,-0.6338095038569654,12929,Medium
1.4528086242570277,-2.2792074014095256,12927,Low
-4.23497105855474,2.1627565016317933,12926,Healthy
0.6655660315571471,0.2945174516485211,12918,Medium
1.276638395869407,-1.9990594112857762,12909,Medium
1.2767380259580867,-1.99896757084192,12909,Medium
-3.985770837879127,-2.4061587352740843,12903,Medium
1.7841175248321401,-1.756741345489555,12886,Healthy
1.8052723136618098,-1.737240557910755,12886,Healthy
1.806085959386028,-1.7364905276192628,12886,Healthy
1.8051228685287903,-1.7373783185765392,12886,Healthy
1.804790768233191,-1.7376844533893934,12886,Healthy
-0.18830130876025347,1.9767256004713694,12885,Low
0.6881046708067445,0.8609351989573413,12881,Medium
0.5614582230799848,0.7441906880754671,12881,Medium
0.7020694882366914,0.8738081678378522,12881,Medium
0.558867840774311,0.7418028365352058,12881,Medium
0.4763741273474664,0.6657589490222714,12881,Medium
0.7088122348609214,0.6491307761328267,12867,Critical
-1.2540049507233737,2.0698836220932595,12861,Healthy
1.1063558388252082,-0.026547652169685135,12856,Critical
-0.4655455333159211,0.7131816181972868,12855,Medium
-3.4843264503757667,-2.745930966298991,12855,Medium
-3.9934478861948235,-1.9803008237097066,12850,Low
0.7595808598406992,0.280784548173124,12850,Medium
-0.8964172450345287,1.3451502802747073,12849,Low
0.4260663186666402,0.15444261550370775,12849,Critical
-0.35432319766572107,0.5939647206975057,12846,Low
1.055704683429007,-0.17798567251623668,12844,Low
1.055704683429007,-0.17798567251623668,12844,Medium
1.03747237720061,-0.19479247374192146,12844,Critical
-1.253955135679034,2.0699295423151876,12843,Healthy
-1.2566119380438276,2.0674804638123554,12843,Low
1.478508315604803,-1.6589280670183932,12840,Critical
1.3667897761652277,-1.76191181806248,12840,Low
1.350616491769546,-1.77682058344847,12840,Low
0.4346693429604366,1.3179187071737248,12834,Low
-3.838576370155048,-2.632624409006797,12832,Low
1.4661866969532098,-0.19190898431678974,12827,Healthy
0.3228524630423159,0.020284414667279666,12827,Low
-3.6418507319211404,-2.39900620930399,12817,Low
-3.655217768819009,-2.411328135521364,12817,Low
-3.6432455531626573,-2.4002919755179772,12817,Low
-3.642930057881838,-2.400001147445766,12817,Low
-0.38015263909427544,0.5487183391520807,12810,Low
-0.4409269931889314,0.492695668399798,12810,Low
-0.3813648051732126,0.5476009470851635,12810,Critical
1.2224973682282667,0.2081028871737665,12806,Critical
-0.2553621403027737,0.8421867879411981,12801,Low
3.285611154312225,-5.160252207471077,12793,Critical
0.7942552218469611,0.7478050364311433,12792,Critical
0.36557015554302646,1.2766270937196915,12790,Critical
1.4065045060219306,-0.005120938480326603,12788,Critical
1.1940969929542202,-0.3459040460023674,12788,Low
0.8539882303853182,0.35647823186200617,12788,Critical
0.3401771257635435,0.46397047424204235,12784,Critical
0.1706731348897055,0.3077192657613589,12784,Critical
0.31500392335712324,0.44076545542770884,12784,Critical
1.2468839396563982,0.04165060756153237,12779,Low
0.5495607946695804,-0.5205037213081944,12778,Healthy
0.9981435561460082,0.26465852642561427,12778,Critical
0.9856897950610377,0.25317847094358914,12778,Critical
-4.51435922709627,-1.170268724524201,12773,Critical
-1.3351483145465304,2.258731073565078,12766,Healthy
1.0359963478995433,-1.4591989358412916,12763,Medium
1.0738391765830737,-1.4243148739165779,12763,Medium
1.0360461629438833,-1.4591530156193635,12763,Medium
1.0734406562283545,-1.4246822356920026,12763,Medium
-1.3089022931911276,2.1945783150229046,12761,Healthy
1.631228135268332,-2.402306874767633,12760,Low
0.5308703000217431,0.36101436962305045,12749,Medium
2.2140545909844405,-4.054789175602283,12731,Medium
2.2141542210731204,-4.054697335158427,12731,Medium
-3.7179325263212624,-2.2999062233503222,12727,Medium
0.15934943825065814,1.5401520336406245,12724,Low
1.6619234446451743,-1.5598627247788006,12717,Healthy
1.6830118134157244,-1.5404231641625714,12717,Healthy
1.6838918791990622,-1.5396119069085081,12717,Healthy
1.6829121833270446,-1.5405150046064275,12717,Healthy
1.6825966880462253,-1.540805832678639,12717,Healthy
-0.22355434915781486,2.100246964462172,12716,Medium
-0.12965299057713747,2.186806582796642,12716,Medium
-0.22084773174868128,2.1027419631869324,12716,Medium
-0.133256278784389,2.183485020077176,12716,Medium
-0.2152850517973945,2.107869721302237,12716,Medium
-0.8675356001588759,1.2716746025917092,12695,Healthy
-0.8445558055642483,1.4918722321667446,12695,Medium
0.593169365888859,0.2459647676054019,12694,Critical
0.438323166296374,0.281942574645021,12692,Critical
-3.871577612978361,-2.1066544970728533,12691,Medium
1.6040975084138818,-0.634815689371761,12690,Low
1.6041473234582215,-0.6347697691498327,12690,Medium
1.5859150172298249,-0.6515765703755175,12690,Critical
2.641870278105526,0.7810584123430923,12689,Critical
1.0374225621562703,-0.19483839396384953,12687,Medium
-4.007301262237563,-1.9459382587279244,12686,Low
-0.625481007700956,1.0451118570909694,12686,Low
-0.3260800141790319,0.8417429328553255,12683,Low
0.7948441671827539,0.5447857562810752,12680,Low
0.8207147802099325,0.5686336582024021,12680,Critical
0.8108181914010759,0.5595108407793528,12680,Low
-0.8701591924941097,1.2692561375701625,12677,Low
-0.8674359700701961,1.2717664430355653,12677,Healthy
0.25444995895149747,1.3390720400838283,12671,Low
-1.7746632696684648,3.0370798965482866,12667,Low
-1.750984518592241,3.058907308704777,12667,Healthy
0.862759492092492,-0.5737664972439973,12666,Low
1.1977685340981212,-0.05606109159995054,12664,Healthy
-0.5776557170304526,2.1006528263426483,12655,Low
-0.6384300711251085,2.044630155590365,12655,Low
-0.5788678831093897,2.099535434275731,12655,Critical
-3.920700922877044,-2.3070914778631497,12649,Low
-3.934001539715793,-2.3193521771179526,12649,Low
-3.9222617942663605,-2.3085303114835636,12649,Low
-3.921730433793402,-2.308040495782997,12649,Low
1.1363055959948898,0.05076959826563739,12643,Critical
-0.7938658574001048,2.1753139600286957,12641,Critical
1.2003620261993015,0.0821803164409213,12631,Critical
1.3443912119946018,-0.4868280560827351,12630,Critical
0.5129445598987343,1.1777437167831895,12629,Critical
1.1811438068823936,-0.1575156272359763,12625,Low
-0.3857432094116662,0.8532721745022865,12624,Critical
1.4843098042445317,-0.7281776268083339,12622,Critical
0.5094687066441934,1.1253220072162589,12619,Low
1.2445642273336412,-1.768639819117103,12618,Critical
1.4140682182074793,-1.6123886106364196,12618,Critical
1.388895015801059,-1.6355936294507532,12618,Critical
1.1328974561640057,0.19567768540209496,12615,Critical
1.1203938800346955,0.18415170969814165,12615,Critical
0.4222161579234134,-0.47108720603869586,12612,Healthy
-3.7942004890905343,-2.368250743047652,12607,Critical
-0.7019264478139561,1.16693083068902,12603,Healthy
-0.5778663365839739,1.177889437181529,12601,Healthy
0.579481400497527,-0.7003758852293211,12597,Medium
0.6173242291810573,-0.6654918233046074,12597,Medium
0.5795312155418669,-0.7003299650073931,12597,Medium
0.6169257088263382,-0.6658591850800322,12597,Medium
0.6466314450648943,0.7643486749421509,12591,Medium
1.2759575902634286,-1.9996869876521268,12591,Low
-1.7746632696684648,3.0370798965482866,12563,Medium
0.13725517185365152,1.4351004538790866,12561,Low
1.5384419063160535,-2.5950676762683607,12558,Medium
1.5385415364047332,-2.5949758358245045,12558,Medium
1.9390252040832092,-1.7171592088256136,12553,Healthy
1.9601135728537593,-1.6977196482093844,12553,Healthy
1.9609936386370972,-1.6969083909553213,12553,Healthy
1.9600139427650796,-1.6978114886532407,12553,Healthy
1.9596984474842603,-1.6981023167254519,12553,Healthy
0.07920943597953739,1.61547610451786,12553,Medium
0.17311079456021464,1.7020357228523295,12553,Medium
0.08196586843301082,1.6180170234645483,12553,Medium
0.16950750635296322,1.6987141601328637,12553,Medium
0.08737910325127798,1.6230070209140686,12553,Medium
0.6399780517721397,0.7667136315853388,12534,Critical
1.5858153871411451,-0.6516684108193738,12533,Medium
0.3484008116009884,1.483246239125217,12530,Critical
0.3562490223947737,0.11284809018591804,12529,Critical
1.1912561178889518,-0.40732435923802335,12527,Low
1.1912561178889518,-0.40732435923802335,12527,Low
1.173040416675335,-0.4241158537230655,12527,Critical
-1.205954872805111,1.685004148950835,12526,Healthy
-1.0653582432914999,1.401173544543535,12525,Medium
-4.531797335864984,-1.2135591023995451,12523,Medium
-3.914936022015944,-2.123076118826516,12523,Low
-0.8846398141597756,1.4745680451274132,12523,Low
-0.705090286427359,1.6204335468247835,12522,Low
1.1387004990053502,-1.727569313050471,12511,Low
0.7945950919610544,0.5445561551714347,12511,Low
1.2857379048819015,-1.592028124659361,12511,Critical
1.154857178386252,-1.712675854405124,12511,Low
-1.2085286500960049,1.6826316041512164,12508,Low
-1.2058552427164313,1.685095989394691,12508,Healthy
-1.588860048719621,2.920772903690486,12506,Healthy
-1.612505589766285,2.8989761050152807,12506,Low
1.6086093413353266,-1.9493542848644716,12503,Low
1.4975100885825072,-0.8534234972582871,12495,Healthy
-0.03640278306714568,0.8668893032150152,12486,Low
-0.09712732211746172,0.8109125526846608,12486,Low
-0.037565134101742954,0.8658178313700262,12486,Critical
-3.7067010010749666,-2.572536575013895,12483,Low
-3.7200182229284953,-2.584812581009341,12483,Low
-3.708278477479063,-2.573990715374952,12483,Low
-3.7077471170061043,-2.5735008996743853,12483,Low
-0.7895577998576881,2.058141146325723,12478,Critical
0.9232486037703269,-0.05906498108438563,12470,Critical
0.47185935705925636,0.9835360271906307,12467,Critical
1.2184425970982593,-0.09111834473334432,12465,Low
0.30402462796883584,1.7394900048385205,12465,Low
1.1844328743522832,-0.3548125690564189,12465,Critical
0.44482284521037063,1.134831043227044,12463,Critical
1.4401944699765503,-1.3587833742953623,12458,Critical
1.2707402941470523,-1.5149886625541176,12458,Critical
1.41502126757013,-1.3819883931096957,12458,Critical
1.299958230328676,-0.43171457101168903,12456,Critical
0.842483416734954,-0.7181275551858113,12456,Healthy
1.3401486074388864,0.0018310558386861184,12455,Critical
1.327694846353916,-0.009648999643339014,12455,Critical
0.6354528274190292,0.39472872394619607,12450,Critical
-4.040241660805076,-1.867345103359555,12443,Critical
-0.25214176485464007,0.6364785076028494,12441,Healthy
-1.5884025325779167,2.6726546082444878,12439,Healthy
0.8653088663897,-0.040309228045606736,12431,Medium
0.9031516950732302,-0.005425166120893036,12431,Medium
0.8653586814340398,-0.04026330782367862,12431,Medium
0.9027033596741713,-0.0058384481182459464,12431,Medium
0.8819309580437981,-0.08319403061906587,12425,Medium
2.213373785378462,-4.055416751968634,12413,Low
0.31940621453181695,1.5683431084723825,12407,Low
-1.612505589766285,2.8989761050152807,12402,Medium
1.2688700105556856,-1.7686075057128217,12392,Medium
1.2689696406443653,-1.7685156652689655,12392,Medium
1.4514980353439104,-0.6670007483794533,12390,Medium
1.5453993939245878,-0.5804411300449839,12390,Medium
1.4542544677973839,-0.6644598294327652,12390,Medium
1.5417961057173364,-0.5837626927644498,12390,Medium
1.4596178875713113,-0.659515752205173,12390,Medium
2.446464116567897,-2.7103166632400373,12387,Healthy
2.467569090353227,-2.690861795883165,12387,Healthy
2.468432551121785,-2.690065845369745,12387,Healthy
2.4674694602645473,-2.6909536363270212,12387,Healthy
2.467153964983728,-2.6912444643992326,12387,Healthy
0.6837380442888339,0.044924633811357396,12375,Critical
0.32118751559136105,1.5514639007782398,12373,Critical
1.1729739966162152,-0.4241770806856362,12370,Low
0.031679545861862037,1.317484662875834,12365,Critical
-0.9443689628254869,1.5684939848879242,12362,Healthy
-0.8417098004314322,1.3255649857154925,12362,Medium
1.1371310137674513,-0.4869458375145508,12360,Low
1.1371310137674513,-0.4869458375145508,12360,Low
1.1189485225833944,-0.5037067185183075,12360,Critical
-4.476042391439189,-1.3008445280473069,12355,Medium
-0.8896549127149251,1.1668370077775922,12353,Low
-0.9258927241546105,1.5297348592015738,12353,Critical
-3.8684902490307587,-2.50401576001581,12353,Low
-0.8166376722787821,1.9189748603315722,12347,Healthy
-0.8402832133254461,1.8971780616563672,12347,Low
-0.9469261351016008,1.5661367468289484,12344,Low
-0.9442693327368071,1.5685858253317804,12344,Healthy
0.2564185183183362,0.10696394391830046,12341,Critical
1.191504446005625,-1.6788938778066846,12341,Low
0.1093811124417848,-0.0285772444728096,12341,Low
0.1255377918226865,-0.013683785827462408,12341,Low
1.2750532621244122,-0.036514815085171744,12335,Healthy
0.9638255083580101,-1.1962928618418367,12334,Critical
0.31412185110817414,0.5808608057242418,12322,Low
0.25339731205785815,0.5248840551938873,12322,Low
0.3129595000735769,0.5797893338792528,12322,Critical
-0.43289168268822037,2.648257171231647,12319,Critical
-3.5611357032940663,-2.8266392673727716,12317,Low
-3.5744363201328144,-2.8388999666275745,12317,Low
-3.5626633646538224,-2.8280474875119,12317,Low
-3.5621818192252035,-2.827603592033262,12317,Low
1.0810081651770622,0.30477534558873765,12308,Low
1.151804840438521,0.009967971541092384,12307,Critical
0.8598165905730843,0.36185089782759383,12302,Low
1.1710811679257374,-0.1667915120654526,12302,Critical
1.81317029400247,-0.4806782418169199,12301,Critical
1.8006002978140399,-0.49226544448344395,12301,Critical
0.8544559848724098,0.19489495355248704,12300,Critical
0.4524168046124103,1.1154962412272698,12297,Critical
1.2486130169736178,-0.19794628454683338,12293,Critical
0.767691459175626,-0.5436253398925529,12292,Critical
0.5982372833461277,-0.6998306281513083,12292,Critical
0.7425016517544257,-0.566845665447529,12292,Critical
0.6903719275723609,-0.9240628585229331,12290,Medium
0.8682209202140281,0.8318918044871672,12289,Critical
-3.940027315248734,-1.9044083603532522,12281,Critical
-1.3358623301820687,2.258072883717442,12278,Healthy
-1.1489504536957238,1.6367680838062368,12270,Healthy
0.2403851783550679,1.1326182182794924,12262,Medium
1.153432252620053,-0.8089677961137232,12258,Medium
1.1912252662592433,-0.7741296544109375,12258,Medium
1.153432252620053,-0.8089677961137232,12258,Medium
1.1907769308601843,-0.7745429364082904,12258,Medium
-0.8402832133254461,1.8971780616563672,12242,Medium
-0.383525372500164,2.141427578330862,12240,Low
1.537761100710075,-2.5956952526347115,12240,Low
1.634741910006978,-0.856715804390947,12230,Medium
1.7286930836319954,-0.7701102658345493,12230,Medium
1.6375647625195713,-0.854113658481688,12230,Medium
1.7250897954247437,-0.7734318285540153,12230,Medium
1.6429115772787186,-0.8491848879947385,12230,Medium
1.934075948668997,-1.8643764837719803,12221,Healthy
1.9551809224543268,-1.8449216164151083,12221,Healthy
1.9560443832228849,-1.8441256659016878,12221,Healthy
1.955064687350867,-1.8450287635996072,12221,Healthy
1.954749192070048,-1.8453195916718186,12221,Healthy
0.2720644756150645,-2.060662159706021,12220,Medium
0.2721641057037443,-2.060570319262165,12220,Medium
0.517612002154518,-0.23514349311621965,12211,Critical
1.1938995593850956,-0.18591445543936075,12210,Critical
-0.42650340522192887,0.9858072704649137,12206,Medium
1.1188488924947146,-0.5037985589621637,12203,Low
-0.7072857743092541,1.2975653579067954,12202,Healthy
0.06821409413897846,-0.4075774239137081,12201,Critical
1.6628407080239582,-1.204985310641218,12197,Low
1.6446582168399013,-1.2217461916449748,12197,Critical
1.6628407080239582,-1.204985310641218,12197,Low
-0.7022940963388828,1.4540803801516031,12190,Critical
-1.4012695201522551,2.169164587509501,12187,Low
-3.2462433946767715,-1.4171981623968382,12187,Medium
-3.6460684056752504,-2.402894121427236,12187,Low
0.619913351134737,0.10724557927450556,12184,Critical
-0.7071861442205744,1.2976571983506517,12184,Healthy
0.4729091552877456,-0.028264995635319184,12184,Low
0.4890326246390873,-0.013402150471257295,12184,Low
-0.7098429465853681,1.2952081198478196,12184,Low
-1.2514720675662208,2.172898535681921,12179,Low
-1.2278597365491166,2.1946647208758407,12179,Healthy
1.2894104364569845,0.08514281313226138,12178,Healthy
0.4119146219433599,0.16924845603476465,12174,Critical
0.1621850594420596,0.02009819077097688,12172,Low
1.354225737875707,-1.305874720548157,12156,Low
1.293501198825391,-1.3618514710785115,12156,Low
1.3530633868411097,-1.3069461923931458,12156,Critical
0.2323476983564157,0.15137938653690206,12153,Critical
-4.03709512891526,-2.2326286122108825,12147,Low
-4.050395745754008,-2.2448893114656854,12147,Low
-4.038622790275016,-2.2340368323500113,12147,Low
-4.038091429802058,-2.2335470166494447,12147,Low
1.2061405713427278,0.08750706218458096,12145,Low
1.2032537956832514,-0.37175444344811814,12141,Low
1.2083633531268232,-0.10040953630346336,12141,Critical
0.9318441992520534,-0.6647804629996982,12138,Critical
0.9443477753813637,-0.653254487295745,12138,Critical
-5.74591509123701,-3.283304733000534,12135,Critical
-5.915319452022168,-3.4394641010373608,12135,Critical
-5.77108829364343,-3.306509751814867,12135,Critical
0.5248670438299856,0.7433439857236548,12134,Critical
0.9210703235730717,0.4840048529649368,12133,Critical
0.6560481211310402,-0.41580686172464354,12133,Medium
1.0091649256345399,0.18017373426865746,12129,Critical
0.3235824247376039,1.755125003827721,12129,Critical
-4.824739203348811,-0.5639517029223701,12118,Critical
-0.7025906484051545,1.166318561063312,12114,Healthy
-0.3383515159742244,0.5844194629579057,12107,Healthy
-0.3018919395696843,1.7321442540500132,12093,Medium
0.7229335324925446,0.20583734405919013,12092,Medium
0.760726546131735,0.24067548576197573,12092,Medium
0.7229335324925446,0.20583734405919013,12092,Medium
0.760278210732676,0.24026220376462282,12092,Medium
-1.2514720675662208,2.172898535681921,12075,Medium
0.2859113803478002,1.0124972653813904,12074,Low
1.2681892049497072,-1.7692350820791722,12074,Low
0.7623801349627869,0.7729200006766975,12073,Medium
0.856331308587804,0.8595255392330953,12073,Medium
0.7652361975049401,0.7755527600672419,12073,Medium
0.8527280203805525,0.8562039765136292,12073,Medium
0.7705996172788674,0.7804968372948341,12073,Medium
2.197280296814078,-3.1667709950121,12056,Medium
2.1974297419470976,-3.1666332343463157,12056,Medium
2.0507597911419815,-2.0477779401474834,12055,Healthy
2.0718481599125314,-2.028338379531254,12055,Healthy
2.0727282256958692,-2.027527122277191,12055,Healthy
2.071748529823852,-2.0284302199751103,12055,Healthy
2.0714330345430323,-2.0287210480473217,12055,Healthy
1.0937584682186436,-1.3435222565039124,12045,Critical
1.1261223803658442,-0.230928538239217,12044,Critical
-0.39298380110581965,0.5832409137303122,12043,Medium
1.6445087717068818,-1.2218839523107592,12040,Low
1.4910987689834745,-0.7805785549354101,12037,Low
1.4910489539391347,-0.7806244751573381,12037,Low
1.4728664627550778,-0.7973853561610948,12037,Critical
-0.655228092553778,0.9033015424332824,12036,Healthy
0.7549716406595889,0.26780862113825327,12035,Critical
-0.28703788608503966,1.1143685851229526,12034,Critical
1.0658819377295166,-0.859916878780083,12030,Low
1.212869528561728,-0.724421610610901,12030,Critical
1.0819888020660784,-0.8450693403566638,12030,Low
-1.2546193362702323,2.0693172726894797,12024,Low
-1.2828270672698214,1.6412843638157608,12023,Medium
-3.9252340919119733,-2.3112702180586067,12019,Low
-0.6577852648298919,0.9009443043743066,12018,Low
-0.6550786474207583,0.9034393030990667,12018,Healthy
0.5256632872436804,0.020364519386539343,12015,Low
0.812581307301527,-0.5049720022513953,12014,Critical
-0.874673628346828,1.449475168196768,12010,Low
-0.851061297329724,1.4712413533906876,12010,Healthy
1.5048841008571485,-0.8730795861007697,12008,Healthy
0.2697635338406684,0.6402449370314192,11996,Critical
0.4123781325943317,0.2358373737749887,11993,Low
0.4731026716446477,0.2918141243053432,11993,Low
0.4719403206100504,0.2907426524603542,11993,Critical
1.0708791061612863,0.29543823379669043,11984,Critical
-4.016597390931259,-1.9657145083262495,11983,Low
-4.029898007770007,-1.9779752075810524,11983,Low
-4.0181250522910155,-1.9671227284653778,11983,Low
-4.017593691818057,-1.9666329127648117,11983,Low
1.3368274211487088,-0.44956637675705613,11981,Critical
0.9668794200090824,-0.39224394129756257,11981,Critical
0.9543758438797721,-0.40376991700151577,11981,Critical
1.1902114194957094,-0.34948582331275924,11978,Low
0.6740738488833639,1.4690658928556624,11975,Critical
1.0074853546583518,-0.046342719566364196,11975,Low
0.27402233929642694,1.7712755099575657,11971,Critical
0.9035376142603427,-0.7751113560799785,11968,Critical
0.7341332534751844,-0.9312707241168058,11968,Critical
0.8783644118539224,-0.7983163748943121,11968,Critical
0.36557015554302646,1.2766270937196915,11967,Critical
-0.16461091721759752,0.6042545774235354,11965,Critical
1.530403079232302,-1.4772276342154886,11962,Medium
-4.441435435133207,-1.1962666032592326,11954,Critical
-1.589116548213455,2.6719964183968514,11951,Healthy
-1.0988348747352508,1.513076014135598,11937,Healthy
0.3472585020917252,1.2377894321121787,11936,Medium
0.66572587109605,0.2921865186505638,11926,Medium
0.7035022797204604,0.3270093536127067,11926,Medium
0.66570926608127,0.2921712119099211,11926,Medium
0.7030041292770616,0.3265501513934257,11926,Medium
0.16198702831868586,1.1126202483098444,11917,Low
0.9328614221283764,0.031045964965986085,11907,Medium
1.0268125957533936,0.11765150352238372,11907,Medium
0.9357672997148696,0.033724644578458675,11907,Medium
1.0232093075461421,0.11432994080291779,11907,Medium
0.941080904444457,0.03862280158412277,11907,Medium
-0.874673628346828,1.449475168196768,11906,Medium
0.271450090068206,-2.061228509109801,11902,Low
0.7022073302864507,0.05060795675036891,11894,Critical
1.801510128247225,-2.6647460343230005,11890,Medium
1.8016595733802447,-2.6646082736572163,11890,Medium
2.008731695111312,-1.9975685262847402,11888,Healthy
2.029836668896642,-1.9781136589278683,11888,Healthy
2.0307001296652,-1.9773177084144478,11888,Healthy
2.029737038807962,-1.9782054993717244,11888,Healthy
2.029404938512363,-1.9785116341845785,11888,Healthy
0.7425067648869154,1.032900942638385,11887,Critical
1.472766832666398,-0.7974771966049511,11880,Low
-1.330117491551313,2.203677632109899,11872,Medium
-0.25351828196893034,0.711802228388351,11870,Critical
-0.8109727049675775,0.7700002500732148,11870,Medium
1.6538844256907153,-1.5032707786973798,11868,Low
1.6537681905872557,-1.5033779258818787,11868,Low
1.6355856994031988,-1.5201388068856354,11868,Critical
1.223759800628631,-1.7272506139955734,11864,Low
1.3707473914608423,-1.5917553458263913,11864,Critical
1.2398666649651928,-1.7124030755721542,11864,Low
0.571652689278412,0.2437367397719219,11863,Critical
1.1186360696854514,-0.8112873637582245,11861,Low
-0.8681499857057344,1.2711082531879292,11857,Low
-1.3326912688422068,2.2013050873102804,11854,Low
-1.3299680464182932,2.2038153927756836,11854,Medium
-3.711200960080336,-2.576684701728067,11853,Low
-0.8637956084528182,1.3434197979850893,11850,Medium
-1.3497165258684178,2.4952262621491887,11845,Healthy
-1.3732956468559618,2.473490690436554,11845,Low
0.7305600879646228,-0.5883946355246915,11842,Healthy
0.45315383049819496,-0.5692449586106973,11841,Critical
0.3668753412484011,0.3481709360178028,11839,Critical
1.1233518354768908,0.6631132369419456,11830,Critical
0.9210903615058795,-0.6068055848552266,11826,Low
0.8603658224555635,-0.6627823353855811,11826,Low
0.9199280104712823,-0.6078770567002156,11826,Critical
0.7587026452537999,-0.19453108683008286,11820,Critical
0.7461990691244895,-0.20605706253403605,11820,Critical
0.9809069937197195,0.4427773855051119,11818,Low
1.1932409717709351,-0.38098440805566636,11818,Critical
1.1772582334238828,-0.1610974045463682,11815,Low
-4.085181340441641,-2.1671466048712427,11813,Low
-4.098481957280389,-2.1794073041260456,11813,Low
-4.086742211830956,-2.1685854384916565,11813,Low
-4.086227456372778,-2.168110929531733,11813,Low
0.85119909043574,0.5537852811386391,11809,Critical
0.5396736973482809,-0.032591116320436514,11805,Critical
0.37031915160746237,-0.18870456413533568,11805,Critical
0.5145503099862004,-0.055750214912841906,11805,Critical
0.9448746687318945,0.21555450244383204,11805,Critical
0.0881804915455984,0.4557668396651948,11802,Critical
-0.3857432094116662,0.8532721745022865,11801,Critical
0.6828991275622166,-0.06937656498165526,11790,Medium
-3.8551116415483313,-2.3838022112978146,11786,Critical
-1.149614654286922,1.6361558141805288,11782,Healthy
-1.9052723034625803,3.5094235741286712,11780,Healthy
0.39933278886198137,0.8435409233793083,11773,Medium
0.729897165957137,0.02776890205696419,11756,Medium
0.7676901795963275,0.06260704375974985,11756,Medium
0.729897165957137,0.02776890205696419,11756,Medium
0.7671920291529286,0.06214784154046881,11756,Medium
1.1989138006747149,-0.34731790676104757,11753,Low
0.6874543206559879,0.4259865979696149,11741,Medium
0.781405494281005,0.5125921365260124,11741,Medium
0.6903601982424811,0.42866527758208745,11741,Medium
0.7778022060737536,0.5092705738065465,11741,Medium
0.6956738029720684,0.4335634345877515,11741,Medium
-1.3732956468559618,2.473490690436554,11740,Medium
2.1966991212967795,-3.1673067309345946,11738,Low
1.9886052234636602,-1.3653239682710605,11734,Healthy
2.0097434072785503,-1.3458384874329032,11734,Healthy
2.0105736580175484,-1.3450731504007682,11734,Healthy
2.0096437771898708,-1.3459303278767594,11734,Healthy
2.0092784668647115,-1.3462670761708988,11734,Healthy
1.1769000105956573,-1.3394934039609194,11731,Critical
1.808504425202488,-1.6857039725016958,11721,Medium
1.8086538703355075,-1.6855662118359114,11721,Medium
0.8721933027833203,0.1813987495632129,11718,Critical
1.635486069314519,-1.5202306473294915,11711,Low
-1.3421455569513427,2.1380936187308808,11707,Medium
1.363424160615346,-0.7291064732887343,11705,Low
1.3451420393426095,-0.7459591947363473,11705,Critical
1.3632747154823264,-0.7292442339545187,11705,Low
-1.3692139394894542,1.927264947390897,11703,Medium
0.31979474860295776,-0.07420958298341597,11701,Low
0.4667325243908293,0.061239764963838005,11701,Critical
0.33590161293951953,-0.05936204455999679,11701,Low
-0.35169278023855705,2.4529391220785244,11700,Critical
-0.6715570008750281,0.8985156445093256,11698,Critical
1.2765139325845658,-1.678621098973715,11695,Low
-0.06941350429152102,1.5926413630027796,11692,Critical
-0.016841800049286836,2.2118774932357166,11690,Medium
-1.2065692583519696,1.684437799547055,11688,Low
-3.5656356622994356,-2.8307873940869435,11687,Critical
-1.371787716780348,1.9248924025912784,11685,Low
-1.3690644943564345,1.9274027080566813,11685,Medium
0.4910020119229213,0.9482665161359949,11681,Healthy
-1.2844437398914286,2.3850793298350865,11680,Healthy
-1.3080560709085325,2.363313144641167,11680,Low
0.6210184722338884,-0.22856375392757855,11679,Critical
1.348604852023462,-0.32014861190435007,11667,Critical
0.338995702578877,0.5195439120719568,11663,Low
0.278271163528561,0.46356716154160227,11663,Low
0.33783335154427974,0.5184724402269678,11663,Critical
1.3652760175813792,-0.34958930307255826,11658,Low
1.2145570236397485,-0.0947001220437362,11655,Low
0.408169759501954,0.08895226064912971,11654,Critical
0.3956661833726436,0.07742628494517652,11654,Critical
-3.6673957786925007,-2.354211921316211,11654,Low
-3.680729605560809,-2.366503234052299,11654,Low
-3.668956650081817,-2.355650754936625,11654,Low
-3.6684584996384184,-2.355191552717344,11654,Low
0.9974725307460355,-0.05557268417391241,11652,Critical
0.7479473757331085,0.7022580551947628,11643,Critical
1.1858907187029593,-1.1040984473488251,11642,Critical
1.0165361729621407,-1.2602118951637244,11642,Critical
1.1607175162965389,-1.1273034661631587,11642,Critical
1.079628568749892,0.1465736614203127,11642,Critical
0.7276342979697444,-0.7567329215804013,11635,Critical
0.6354528274190292,0.39472872394619607,11627,Critical
-4.295795483498748,-1.2402011712553787,11626,Critical
0.3021164592653831,0.7130396639273291,11621,Medium
-1.7270975263875346,1.8454331079331396,11620,Healthy
-0.33901571656542284,0.5838071933321977,11619,Healthy
0.3909570174218458,0.7039431751036701,11606,Medium
0.9972300711237527,-0.48366307401372355,11581,Low
0.6362402244425082,-0.32516672239453487,11578,Medium
0.6740332380816986,-0.29032858069174916,11578,Medium
0.6362402244425082,-0.32516672239453487,11578,Medium
0.6734852725939598,-0.2908337031329583,11578,Medium
-1.3080560709085325,2.363313144641167,11575,Medium
0.6524649348080204,0.511914507207957,11574,Medium
0.7463662933886975,0.5984741255424265,11574,Medium
0.6553708123945134,0.5145931868204295,11574,Medium
0.742812820225786,0.5951984830448886,11574,Medium
0.6604353419024014,0.5192617427164531,11574,Medium
1.8009289527299264,-2.6652817702454947,11572,Low
0.680726479119365,-0.37548352790456596,11571,Critical
1.8243801211954562,-1.7011054704880952,11568,Healthy
1.845534910025126,-1.6816046829092952,11568,Healthy
1.846348555749344,-1.680854652617803,11568,Healthy
1.8453854648921064,-1.6817424435750796,11568,Healthy
1.845119784655627,-1.6819873514253627,11568,Healthy
0.7952944051405288,1.0609652920802137,11564,Critical
1.483803647513124,-1.3069205946566702,11548,Medium
1.4839530926461437,-1.3067828339908858,11548,Medium
1.3450424092539297,-0.7460510351802035,11548,Low
0.9062643232287321,-0.12897121981268156,11538,Low
0.8881316470890152,-0.14568618059451016,11538,Critical
0.9064137683617518,-0.12883345914689726,11538,Low
0.2582079482794745,0.026078730105856058,11538,Low
0.405162329082126,0.16154338479375266,11538,Critical
0.2742816025864764,0.04089565504798983,11538,Low
-1.2306366525724108,1.6492920580035138,11538,Medium
-1.2027298528587935,2.2666090131669914,11535,Critical
-0.5275750537466172,0.5323861521172883,11534,Medium
-0.7666430917151601,0.1990151828249626,11534,Critical
0.3725488805588926,-0.0255800679615575,11532,Low
-0.9449833483723454,1.5679276354841443,11525,Low
-0.26233703007634834,0.648988809896078,11524,Medium
-1.5913385406642466,3.2243677919700384,11522,Low
-1.5677262096471427,3.246133977163958,11522,Healthy
-4.041561877891069,-2.236746125443769,11517,Critical
0.3500045404199428,0.7005306277279792,11517,Critical
0.5504237688215233,0.5889995107139356,11515,Healthy
-0.530132226022731,0.5300289140583125,11515,Low
-0.5273757935692576,0.5325698330050007,11515,Medium
0.8784512685387231,0.18352578082535487,11512,Critical
0.8332383444447667,-0.4651646798596045,11507,Critical
1.0770727766742116,0.3011476480564177,11498,Low
0.835937558235751,-0.1750307305372321,11497,Critical
0.8233841670621007,-0.18660262646311346,11497,Critical
0.9709273798369632,0.433578034378849,11495,Critical
1.3406361997567597,-0.3961221077547281,11495,Low
1.103889620773954,-1.3709262029441203,11491,Low
1.1635016238340126,-1.3159750040368268,11491,Critical
1.1646141598242699,-1.3149494524137657,11491,Low
-3.684323766126455,-2.631091791610173,11488,Low
-3.6976575929947635,-2.643383104346261,11488,Low
-3.6858514274862113,-2.6325000117493014,11488,Low
-3.6853864870723725,-2.632071423011306,11488,Low
1.272761749307194,-1.1072913009306389,11482,Critical
1.1034570186107155,-1.26335882852361,11482,Critical
1.2476217569303338,-1.130465706263687,11482,Critical
1.2869461400838926,-0.04721174118052532,11482,Critical
0.6451412908377153,1.0092349454990919,11480,Critical
0.4481046912010239,0.1467085387164061,11478,Critical
0.8682209202140281,0.8318918044871672,11466,Critical
-3.30664905001877,-1.4607542360031995,11462,Critical
0.22054553920744246,1.1239205925773583,11457,Healthy
0.300192577116228,0.7165663685938947,11452,Medium
-1.099499075326449,1.5124637445098899,11449,Healthy
0.5964191676334405,0.5138068537391449,11443,Medium
-1.5913385406642466,3.2243677919700384,11418,Medium
0.7542401554506207,-0.3462163154753476,11414,Critical
0.3515334530736861,0.743879756954523,11412,Low
1.1305864802755365,-0.14248430794264377,11411,Medium
1.2245376539005537,-0.055878769386246155,11411,Medium
1.1336085929654893,-0.1396984811456723,11411,Medium
1.220984180737642,-0.05915441188378402,11411,Medium
1.138855777635957,-0.13486155110257902,11411,Medium
1.8177854049348268,-1.3672004388189725,11408,Healthy
1.8388903787201567,-1.3477455714621005,11408,Healthy
1.8397538394887147,-1.34694962094868,11408,Healthy
1.8387741436166969,-1.3478527186465994,11408,Healthy
1.8384586483358778,-1.3481435467188108,11408,Healthy
0.6679249452766389,-0.03286967454378257,11405,Medium
0.7057179589158293,0.0019684671590030805,11405,Medium
0.6679249452766389,-0.03286967454378257,11405,Medium
0.7052198084724305,0.001509264939722051,11405,Medium
0.3949609784346615,1.4162473320720814,11404,Critical
1.8079896697443092,-1.6861784814616194,11403,Low
1.9614716172896218,-1.6426104379118314,11385,Medium
1.9616210624226416,-1.6424726772460472,11385,Medium
0.8880320170003353,-0.14577802103836635,11381,Low
-0.49087839405993233,3.114742537496778,11379,Critical
0.9350349887529977,-1.0922549977616443,11375,Low
0.9169023126132808,-1.108969958543473,11375,Critical
0.9351844338860174,-1.09211723709586,11375,Low
0.058170969740332326,0.20260020382473956,11372,Low
0.20505893048386406,0.33800363155006535,11372,Critical
0.07424462404733426,0.21741712876687327,11372,Low
-0.3076535789541004,0.2646822667427004,11371,Medium
0.31096208023540944,0.07470824512771453,11369,Low
-0.888086531301943,0.5129922928500711,11367,Medium
-1.0912209484798616,1.7778074524396246,11365,Critical
-0.7079499749004525,1.2969530882810876,11364,Low
-1.691301378391536,3.3379526121420353,11363,Healthy
-1.71488049937908,3.316217040429401,11363,Low
-0.6413971173690154,1.427633503643608,11360,Medium
-4.021047534892288,-1.9698167148184933,11353,Critical
0.6028346453771115,0.6698626808809995,11352,Healthy
0.5728114380975288,0.9938298469626309,11352,Critical
-0.8878872711245835,0.5131759737377835,11349,Medium
-0.890643703578057,0.5106350547910953,11349,Low
1.1385610677564046,-0.456762503052785,11344,Critical
0.7632778136487771,-0.5044129654387941,11344,Critical
1.3553130087134029,-0.3587733474581784,11335,Critical
0.43187668427029186,0.18753416518661928,11334,Critical
0.41937310814098155,0.17600818948266606,11334,Critical
1.1994346422838604,-0.3752749937959392,11332,Low
1.3523307773933322,-0.6384139724498122,11329,Low
1.7599014065883565,-0.529782265798702,11328,Critical
0.35761849084713343,0.47072493813076144,11328,Low
0.29689395179681743,0.4147481876004068,11328,Low
0.35650595485687603,0.4696993865077005,11328,Critical
1.4095827659984703,-1.1821450863593237,11325,Critical
1.2402780353019915,-1.3382126139522947,11325,Critical
1.3844095635920497,-1.2053501051736573,11325,Critical
-4.053351801390125,-1.9293188523821088,11324,Low
-4.0667022332732135,-1.9416254718588397,11324,Low
-4.054879462749882,-1.930727072521237,11324,Low
-4.0544311273508225,-1.930313790523884,11324,Low
1.3659891001816746,-0.1929498915117813,11316,Critical
0.3235824247376039,1.755125003827721,11306,Critical
0.85067630456118,-1.2743760032083784,11306,Critical
-3.8179631515589927,-0.7252114828166735,11297,Critical
-1.9059365040537788,3.508811304502963,11292,Healthy
0.7109132297340527,-0.1437704923924271,11285,Healthy
0.8081989029683292,0.306158846343622,11283,Medium
0.30704618608625733,0.5408747798115541,11280,Medium
-1.71488049937908,3.316217040429401,11259,Medium
0.850648758294964,0.3544925467178054,11251,Low
0.4680466556752911,-0.3269363675761313,11248,Critical
1.3102650266094031,0.05083465950065223,11247,Critical
0.8939402649075524,0.07322272487143612,11245,Medium
0.9878416234882297,0.15978234320590562,11245,Medium
0.9925242376561786,0.1640988440671471,11245,Medium
0.9843379653696579,0.15655262093029593,11245,Medium
0.9022593773123126,0.08089140193342893,11245,Medium
1.0706005812975006,-0.44697646971708427,11239,Medium
1.108393594936691,-0.4121383280142987,11239,Medium
1.0706005812975006,-0.44697646971708427,11239,Medium
1.1078954444932922,-0.4125975302335797,11239,Medium
1.0507397070516955,-0.8464129848477268,11233,Healthy
1.0718280758222454,-0.8269734242314976,11233,Healthy
1.0726583265612435,-0.8262080871993625,11233,Healthy
1.0716786306892259,-0.8271111848972819,11233,Healthy
1.0714129504527465,-0.827356092747565,11233,Healthy
1.4832722870401653,-1.3074104103572366,11230,Low
1.7695758990160666,-1.3267666598934842,11222,Medium
1.7696755291047463,-1.3266748194496278,11222,Medium
0.9167528674802611,-1.109107719209257,11218,Low
-0.9428637997713123,0.6372692365848128,11215,Critical
-0.16468167148066082,0.8610506899715776,11211,Low
-0.01779371073712908,0.9964541176969034,11211,Critical
-0.14867443723277873,0.8758063879511406,11211,Low
-1.0637336362868197,1.8185520967556932,11211,Medium
1.131681948326115,-1.5780091832456287,11210,Low
1.1133998270533783,-1.5948619046932415,11210,Critical
1.1315325031930952,-1.5781469439114129,11210,Low
-0.9424146718433157,0.912823072626684,11207,Medium
0.11092510169626721,0.25122971884659795,11202,Low
-0.16828768990589082,0.39315174095688304,11199,Critical
-0.6558922931449764,0.9026892728075744,11198,Low
-1.134143555901202,2.223571317588349,11197,Low
-0.8035238437239917,1.351751756947404,11194,Healthy
-0.8271029647115358,1.3300161852347698,11194,Low
-0.9422154116659562,0.9130067535143964,11189,Medium
-0.9449884491342097,0.9104505278270655,11189,Low
0.4485812685158768,0.7357716227264245,11185,Healthy
-4.08964808941745,-2.171264118104129,11183,Critical
0.057701545442769765,1.260393654171281,11180,Critical
0.4902662080654005,-0.20104674786145169,11177,Critical
0.9580386121564499,-0.16742931293709065,11172,Critical
1.3307064009183434,-0.40527553865906285,11172,Critical
0.9681972600280956,-0.8420952626515156,11171,Critical
0.9556438688544454,-0.853667158577397,11171,Critical
1.51260545983426,-0.6099627603825223,11169,Low
1.0036495962441807,-0.049878576654827964,11165,Low
0.89107888796725,-0.7023585112775271,11165,Critical
0.6712128444560765,-0.20054749706847375,11161,Low
0.6104883054057605,-0.25652424759882836,11161,Low
0.6701003084658191,-0.2015730486915347,11161,Critical
0.8779796182118622,0.3891553848857664,11159,Critical
0.7087247025597235,0.2331337775147236,11159,Critical
0.8528562308497818,0.36599628629336106,11159,Critical
1.8378760855997964,-0.829760486928171,11156,Critical
-3.7431989851286236,-2.6451101232742764,11156,Low
-3.756532811996932,-2.657401436010365,11156,Low
-3.74469343645882,-2.6464877299321197,11156,Low
-3.7442617060745413,-2.646089754675409,11156,Low
0.6740738488833639,1.4690658928556624,11152,Critical
-0.19151797177767538,0.5635489550939641,11136,Critical
-3.9367245228932255,-0.32590664098366423,11135,Critical
-1.7277617269787329,1.8448208383074316,11131,Healthy
0.4914276899936798,0.8264883916569639,11123,Medium
0.22062856428134225,1.123997126280572,11121,Healthy
0.7007575914180857,0.04219292025670187,11111,Medium
-0.6014897942164391,1.8858357224486568,11110,Healthy
-0.8271029647115358,1.3300161852347698,11089,Low
0.48025368826068515,-0.19948232865674598,11085,Critical
1.1592147784264943,-0.21353744425001092,11082,Medium
1.2531161370071717,-0.12697782591554146,11082,Medium
1.1622202861016673,-0.2107669241936822,11082,Medium
1.2496124788886,-0.13020754819115116,11082,Medium
1.1675338908312547,-0.2058687671880181,11082,Medium
0.5662774696124803,0.37009279989942356,11082,Low
1.0815386578581507,-0.018473659745606035,11080,Critical
0.6499955141128831,0.4967020115620292,11076,Medium
0.6497464388911838,0.49647241045238877,11076,Medium
0.6499955141128831,0.4967020115620292,11076,Medium
0.8158297967203498,0.649570430360676,11076,Medium
1.960956861831443,-1.6430849468717552,11067,Low
0.4604042596321546,0.13544737405365778,11057,Healthy
0.48150923341748453,0.15490224141052975,11057,Healthy
0.48237269418604245,0.15569819192395015,11057,Healthy
0.48140960332880467,0.1548104009666735,11057,Healthy
0.48109410804798547,0.15451957289446225,11057,Healthy
1.1132503819203585,-1.5949996653590257,11053,Low
-0.3599375137618738,-0.33010178984502997,11052,Critical
-1.659348194968117,2.102940733984518,11047,Medium
1.6131128472653313,-1.6816687470966898,11047,Medium
1.6132622923983508,-1.6815309864309056,11047,Medium
1.9773124240680702,1.422011720329502,11045,Critical
0.7124749684535541,0.21475125693787667,11045,Low
0.8594127442414256,0.35020060488513044,11045,Critical
0.728482202701436,0.2295069549174396,11045,Low
1.6470836355550769,-2.4295898567104506,11043,Low
1.6469175854072773,-2.4297429241168773,11043,Low
1.6287849092675604,-2.446457884898706,11043,Critical
-0.11197735456906582,0.909634284771508,11042,Low
-0.190289901192075,-0.23969786756362885,11039,Medium
-0.9243677472386101,1.9470215709698757,11039,Critical
-1.3307816921425113,2.203065362484191,11035,Low
-0.9231705910574431,1.8595052964476892,11034,Low
-0.9768706646157355,1.9405508800472255,11030,Healthy
-1.0004497856032797,1.9188153083345914,11030,Low
-1.6618555521998912,2.10062941614747,11029,Low
-1.6591489347907575,2.10312441487223,11029,Medium
-3.6718625276683103,-2.3583294345490975,11023,Critical
1.3748918049896135,-0.8170020710898572,11019,Healthy
0.9115821175082169,-0.6081541919900174,11017,Critical
0.3230124838791871,0.509783648967845,11011,Critical
0.3104590927055369,0.4982117530419636,11011,Critical
0.34829611715783576,0.9103681722048708,11011,Critical
0.9770712353055486,0.4392415284166481,11008,Low
0.9136603476393086,-0.44130204505741655,11008,Critical
1.3424175835696956,-0.6475520966135042,11005,Critical
1.6300545315440504,-1.1436672270809516,11002,Critical
1.863229415933503,-1.639160340053679,10999,Low
-3.38486464600294,-2.737637694465391,10998,Low
-3.398198472871248,-2.7499290072014793,10998,Low
-3.386392307362696,-2.739045914604519,10998,Low
-3.385960576978417,-2.738647939347809,10998,Low
0.5977941814070424,-0.5450581662592651,10989,Low
0.6584689054130185,-0.4891273359508387,10989,Low
0.6573563694227612,-0.4901528875738996,10989,Critical
0.6019576606849465,0.5939159852138375,10988,Critical
0.43270274503280776,0.43789437784279445,10988,Critical
0.576834273322866,0.5707568866214321,10988,Critical
0.85119909043574,0.5537852811386391,10986,Critical
-3.924102909918709,-0.25255469036126077,10975,Critical
0.9995922883756575,-1.2194600461049692,10970,Critical
0.22059535425178234,1.1239665127992864,10968,Healthy
0.7031576102842287,0.618794464039513,10966,Medium
0.7110626748670723,-0.1436327317266428,10949,Healthy
0.20458405994179324,1.0062027963130555,10945,Medium
0.26744529543812023,0.8989552243653512,10944,Healthy
0.5188380888044792,0.18186769732051383,10931,Critical
-1.0004497856032797,1.9188153083345914,10926,Low
0.7956953971835444,0.5268813862658198,10922,Medium
0.8895469407198818,0.6133950843783613,10922,Medium
0.7987175098734972,0.5296672130627913,10922,Medium
0.88609309764565,0.6102112823246797,10922,Medium
0.8039646945439648,0.5345041431058846,10922,Medium
1.048299162588565,-0.029205850553555207,10921,Low
0.9621387267920319,0.01199064468479151,10911,Critical
0.96181747167332,-0.17084480869767943,10910,Low
0.9615683964516205,-0.17107440980731992,10910,Low
0.96181747167332,-0.17084480869767943,10910,Low
1.1276517542807865,-0.017976389899032635,10910,Low
1.769044538543108,-1.3272564755940506,10904,Low
0.33462365698866425,1.2409149192157423,10900,Healthy
0.35566221071487436,1.2603085596100434,10900,Healthy
0.3565920915425522,1.2611657370860345,10900,Healthy
0.3555625806261946,1.260216719166187,10900,Healthy
0.3552969003897153,1.259971811315904,10900,Healthy
-0.5381479471081182,-0.04883479382206836,10889,Critical
-0.05110180938259705,2.1453426032160334,10886,Critical
1.6286354641345406,-2.44659564556449,10886,Low
-0.07707205249845553,2.1214028608508504,10886,Low
-0.06106481825057346,2.1361585588304135,10886,Low
-0.028464695023251354,-0.7676647199891203,10883,Medium
0.6763011251513779,-0.5044322994319913,10883,Low
0.6761516800183582,-0.5045700600977756,10883,Low
0.6580190038786412,-0.5212850208796042,10883,Critical
0.9504905909136964,0.01231628580901091,10883,Medium
0.9506400360467161,0.012454046474795213,10883,Medium
1.5524665406919202,-0.6565618324288441,10879,Critical
0.765179285365149,0.26333485173780696,10875,Low
-0.28688900237692,0.21259672537047108,10872,Medium
-0.3069531211413629,0.7044132103825332,10867,Low
-0.050973827188205464,-0.11127431357137425,10866,Critical
-0.03107168234370519,-0.7700678782700243,10865,Low
-1.3701438203171319,1.9264077699149058,10865,Low
-0.028315249890231733,-0.767526959323336,10865,Medium
0.01102901746131617,1.0373131552179455,10860,Critical
-0.3699772199654105,0.4105446155631089,10858,Critical
-0.34639809897786644,0.4322801872757432,10858,Healthy
-3.6887739100874843,-2.635193998102417,10857,Critical
0.5989294382900737,1.2448899332921277,10857,Critical
0.9632564557796832,-0.5463134052732569,10851,Critical
0.950703064606033,-0.5578853011991382,10851,Critical
1.3614402591672083,-0.3531251601610221,10848,Low
0.7054337578396862,-0.243635110811865,10848,Critical
1.106768362759297,-0.683301507838657,10847,Healthy
1.5026922660106234,-0.6191008845462143,10845,Critical
-0.053523203986296036,2.0264694354686688,10836,Critical
-0.039110051157290174,2.0397556863465325,10836,Critical
-0.09948588489722705,1.9841003773696748,10836,Critical
0.6394295675468317,0.6707953297850503,10836,Critical
-3.0141087017371357,-3.760003871164848,10833,Low
-3.027459133620224,-3.772310490641579,10833,Low
-3.0156363630968923,-3.7614120913039764,10833,Low
-3.0152212377273933,-3.761029422787909,10833,Low
1.2188097490803647,-0.5738931604950922,10830,Low
1.1823895986062392,-1.203456500878622,10819,Low
1.121714874600263,-1.2593873311870485,10819,Low
1.1812770626159819,-1.204482052501683,10819,Critical
0.7479473757331085,0.7022580551947628,10819,Critical
-3.5369264189517606,-0.8944375365615302,10816,Critical
0.5407864375098945,0.04693313217492783,10807,Critical
0.031653435070240134,1.2738394832389444,10800,Medium
0.7109630447783926,-0.14372457217049903,10796,Healthy
1.113349209856872,0.07107117280598939,10782,Medium
-0.051788848972705546,1.2666995180575815,10774,Medium
-0.6012905340390795,1.8860194033363693,10774,Healthy
0.6687925773436779,-0.8804691420393431,10760,Critical
0.4968848935672457,0.7349781869586347,10755,Medium
0.5907364371035831,0.8214918850711762,10755,Medium
0.4999402162867584,0.7377946272368916,10755,Medium
0.5872327789850114,0.8182621627955665,10755,Medium
0.5051541909276661,0.7426009437986995,10755,Medium
0.24279384122429515,1.0637065446493295,10755,Low
-0.3699772199654105,0.4105446155631089,10754,Low
0.8577510405957787,0.29842303975695206,10750,Low
0.8574521503297393,0.29814751842538345,10750,Low
0.8577510405957787,0.29842303975695206,10750,Low
1.0235853232032452,0.4512914585555988,10750,Low
1.3345024267677605,-0.4329020074446479,10745,Critical
0.6427815619083429,0.2664203226115675,10734,Healthy
0.663820115634553,0.28581396300586864,10734,Healthy
0.6647499964622308,0.2866711404818598,10734,Healthy
0.6637204855458733,0.2857221225620124,10734,Healthy
0.6634548053093938,0.2854772147117292,10734,Healthy
1.6126313018367124,-1.682112642575328,10729,Low
0.8132233568314926,-0.30139522041336136,10726,Medium
0.6578197437012816,-0.5214687017673166,10726,Low
0.7205839793740922,-0.3867915264589856,10726,Medium
0.7254990637489607,-0.3822607312287464,10726,Medium
0.8062824606534691,-0.30779343800201003,10726,Healthy
0.8090554981217225,-0.3052372123146791,10726,Healthy
-0.4788482105853114,-0.14357144934888313,10725,Critical
0.4767409774192108,-0.38437453784472636,10719,Low
1.5687470202554645,-0.37797837343709334,10719,Critical
0.47694023759657034,-0.384190856957014,10719,Critical
0.4586581163238337,-0.4010435784046269,10719,Critical
-0.0762916168037974,2.1221222776610573,10717,Low
0.4719198604848094,0.6548026161572728,10717,Low
0.4978901036006679,0.6787423585224559,10717,Critical
0.48792709473269147,0.6695583141368359,10717,Low
-0.7374142953099739,0.9560248059357975,10706,Medium
-0.7278233983049305,1.5335274552283378,10704,Low
0.18453600639850998,1.951111410080827,10703,Critical
-0.14752311332871043,0.3410661995846536,10700,Critical
1.3425852222866195,-0.8195855509751995,10699,Low
1.3645038417961675,-0.7993806533268352,10699,Low
1.3425852222866195,-0.8195855509751995,10699,Medium
1.0371036605506088,-0.9731967152562401,10697,Critical
-0.5646874820598449,1.2374735941198127,10695,Healthy
-0.588266603047389,1.2157380224071785,10695,Critical
-4.057818550365934,-1.933436365614995,10694,Critical
0.37959817277648866,0.2621709911031014,10687,Critical
0.3669949665584985,0.25055317495529195,10687,Critical
1.336850256386929,-0.39961204462126376,10685,Low
0.3549174771026203,0.03986354340799027,10681,Critical
0.8763487615569276,-0.007969606615143445,10681,Healthy
1.3667685795916198,0.2060193325666793,10679,Critical
1.3811817324206255,0.219305583444543,10679,Critical
1.3208557137250285,0.1636961946896132,10679,Critical
1.8533494321394264,-1.6482678507360855,10676,Critical
-4.242627366574413,-1.3028293699069005,10675,Low
-4.2559611934427215,-1.3151206826429889,10675,Low
-4.244188237963729,-1.3042682035273143,10675,Low
-4.24377311259423,-1.3038855350112468,10675,Low
1.5615530301893856,-1.1845702544818482,10664,Critical
1.353667866693561,-1.7998009018098238,10664,Low
-3.661901136453249,0.16831354771475096,10658,Critical
0.6451412908377153,1.0092349454990919,10656,Critical
0.5642808796523809,0.11564543877526812,10656,Low
0.5631683436621235,0.11461988715220722,10656,Critical
0.5036061556464048,0.059714608466841644,10656,Low
0.5693243416213558,0.29256401486710865,10650,Critical
0.719102484535098,0.7364969535631732,10646,Medium
-0.6013901641277593,1.8859275628925132,10621,Healthy
-0.12502019145352855,2.1910771634359554,10618,Medium
0.10574781186233984,1.4590199737490617,10614,Medium
0.2676943706598197,0.8991848254749917,10608,Healthy
1.0180351109518464,-0.5883056810874872,10602,Critical
0.7945690494763363,0.37005024523411834,10592,Medium
0.8884704080570136,0.4566098635685878,10592,Medium
0.797690792254969,0.37292791247494594,10592,Medium
0.8849667499384419,0.4533801412929781,10592,Medium
0.8029047668958765,0.3777342290367538,10592,Medium
0.47190328367218703,0.814122365823224,10592,Low
-0.588266603047389,1.2157380224071785,10590,Low
0.49611203645625784,0.769175568037161,10586,Low
0.4958131461902186,0.7689000467055924,10586,Low
0.49606222141191797,0.7691296478152329,10586,Low
0.6619463190637246,0.9220439868358077,10586,Low
1.7399154187960801,-1.4832935339020763,10575,Critical
1.0371977281720024,0.5878787002816506,10569,Medium
0.9422834636897475,0.5003853707679763,10569,Low
0.9474808333158751,0.5051763805891415,10569,Low
1.0276830547030849,0.5791079378933833,10569,Healthy
1.0315520231468156,0.5826744084631325,10569,Healthy
0.7042148351635478,0.165871949642158,10568,Healthy
0.725220178860198,0.18523497655517374,10568,Healthy
0.7260836396287559,0.18603092706859414,10568,Healthy
0.7251039437567381,0.1851278293706748,10568,Healthy
0.7248382635202588,0.1848829215203916,10568,Healthy
0.9500754655441974,0.011933617292943413,10565,Low
0.8245057989221378,-0.6082653664270707,10562,Low
0.8064229378267607,-0.6249344069869712,10562,Critical
0.8247714791586173,-0.6080204585767875,10562,Critical
0.4581931759099948,-0.40147216714262246,10562,Low
-0.8529703194805782,0.4654535102944324,10562,Critical
-0.2617883917590941,2.4720139251664053,10560,Low
-0.2616555516408544,2.472136379091547,10560,Low
-0.23573512356933587,2.496030201234802,10560,Critical
-0.2456483173929723,2.48689207707111,10560,Low
1.335839628553602,-0.1212948650559284,10556,Critical
-0.2530857661319094,0.44694369341496754,10546,Medium
1.1090815157893374,0.08530277850131017,10543,Critical
-0.3499062637342515,0.5980363137084639,10535,Low
-0.5980982213061043,1.084448359928052,10534,Critical
0.2897456815073964,0.8554427075137659,10534,Critical
0.27709266024506635,0.8437789711440283,10534,Critical
2.538761982989388,-3.882612885658678,10533,Low
2.5171422537458796,-3.9025422619754737,10533,Low
2.517341513923239,-3.902358581087761,10533,Medium
-1.2088124282882113,2.3005934442127605,10531,Healthy
-1.2323915492757553,2.2788578725001263,10531,Critical
0.38208126604515363,-0.03932340657016881,10531,Critical
-3.747632524074873,-2.6491970230258777,10526,Critical
0.7826686708216373,-0.2241347545190142,10524,Critical
0.3220449517574679,1.8912978122853397,10522,Critical
0.3364581045864738,1.9045840631632034,10522,Critical
0.27613208589087684,1.8489746744082736,10522,Critical
1.3485614390382812,-0.6418886025757051,10519,Low
1.067974717658745,-0.3241805916981272,10514,Healthy
-4.23602429687553,-1.6392642448469414,10511,Low
-4.249358123743838,-1.6515555575830299,10511,Low
-4.237585168264847,-1.6407030784673553,10511,Low
-4.2371534378805675,-1.6403051032106453,10511,Low
1.208946370301068,-0.5829853644368561,10507,Critical
0.9733142231891861,-0.8588958633932771,10504,Low
0.3790758529643372,1.2118756779715578,10501,Critical
1.3659891001816746,-0.1929498915117813,10493,Critical
0.50288916986499,0.21369458195504487,10493,Low
0.44221444585901387,0.15776375164661843,10493,Critical
0.5017766338747327,0.21266903033198398,10493,Critical
0.020090865988472335,0.20840680708426498,10491,Critical
1.1920182517269764,-1.1966013996588456,10484,Critical
0.6872036018459046,0.17924112178996937,10479,Medium
0.2676113455859198,0.8991082917717782,10455,Healthy
0.17774359368382367,1.706306303491643,10455,Medium
-0.05632714865868614,1.1174420608300746,10442,Medium
-0.05153977375100618,1.266929119167222,10439,Healthy
0.5553037919241415,0.9403795998064418,10429,Low
0.555054716702442,0.9401499986968013,10429,Low
0.5553037919241415,0.9403795998064418,10429,Low
0.7211380745316082,1.0932480186050886,10429,Low
1.2791912828917917,-1.8177461376858928,10428,Critical
-1.2323915492757553,2.2788578725001263,10427,Low
0.8467378609678722,0.044601877171251074,10425,Low
0.7547658662182084,0.14849194761752849,10423,Medium
0.8485675947102058,0.23495972550814176,10423,Medium
0.7578211889377211,0.15130838789578532,10423,Medium
0.845113751635974,0.23177592345446013,10423,Medium
0.7630849786229686,0.15616062467952124,10423,Medium
2.602170318594007,-2.611089928499376,10412,Critical
0.9021574609674866,0.6564770274998907,10409,Medium
0.8926095774690093,0.6476756516303381,10409,Healthy
0.8964785459127401,0.6512421222000873,10409,Healthy
0.8072431964852317,0.5689836979862164,10409,Low
0.8119590206827405,0.5733308123287433,10409,Low
0.7137427132847485,-0.39309790360377816,10408,Low
0.07532857703640054,2.181094406249516,10407,Low
-0.01053595439077578,2.101943250386113,10407,Low
-0.01053595439077578,2.101943250386113,10407,Critical
-0.030860492481447586,2.0832077998394483,10407,Critical
-0.030860492481447586,2.0832077998394483,10407,Critical
-0.5305314598282281,2.9242703929066183,10403,Low
-0.5043619565350101,2.9483938161595136,10403,Critical
-0.5302823846065287,2.9244999940162586,10403,Low
-0.5143083603882066,2.939225078514536,10403,Low
0.446416004975556,0.43312901997215525,10398,Medium
0.46740474365742624,0.4524767401445282,10398,Medium
0.468334624485104,0.45333391762051944,10398,Medium
0.4673051135687465,0.4523848997006721,10398,Medium
0.46703943333226705,0.4521399918503888,10398,Medium
1.2801262475956217,-0.03650866919779952,10393,Critical
0.5050687293262656,0.6245268312544352,10373,Critical
-0.11376969212803988,0.575367247407222,10373,Critical
0.2249348246596792,0.6443508246615098,10373,Critical
0.21233161844168916,0.6327330085137004,10373,Critical
-0.3216630802475623,0.8458145258662838,10372,Low
0.53529336371272,0.00157687833212853,10371,Critical
-0.699655619404476,0.43761943919586116,10370,Medium
-3.3892815799344094,-2.741709287476349,10368,Critical
0.6157863401952036,1.5879384954775004,10368,Critical
0.6301496779798695,1.601178826133436,10368,Critical
0.5698236592842726,1.5455694373785065,10368,Critical
-0.6362605693654375,1.1996199904821925,10365,Healthy
-0.6598396903529816,1.1778844187695583,10365,Critical
2.2650549624168583,-3.648517525485839,10363,Low
2.286608271601247,-3.628649376131614,10363,Low
2.265204407549878,-3.648379764820054,10363,Medium
0.3786576119005181,0.13847606142676522,10361,Critical
1.508769701420089,-0.613498617470986,10359,Low
0.7119226663084913,0.3992649832971721,10351,Medium
-4.951202028966605,-0.4528875051692774,10347,Low
-4.964552460849694,-0.46519412464600834,10347,Low
-4.952779505370701,-0.4543416455303338,10347,Low
-4.952347774986422,-0.45394367027362376,10347,Low
1.3437878828994845,-1.8089084124922306,10340,Critical
0.7003393978254038,-0.3856267102357207,10337,Critical
0.6927824472284867,-0.8528941695563511,10334,Low
1.8378760855997964,-0.829760486928171,10333,Critical
0.7851728049540344,0.46599217555080436,10322,Medium
0.6072189948982306,0.20973364270223604,10319,Critical
0.9311202592492108,-0.76338898320159,10318,Critical
0.7521233045655852,-1.1359802565300383,10317,Critical
0.691448580559609,-1.1919110868384648,10317,Critical
0.7510605836196677,-1.136959887931171,10317,Critical
1.5500321930481968,-0.5761705494056705,10291,Medium
-0.051639403839685925,1.266837278723366,10286,Medium
-0.2048573020896642,1.9616389227584448,10283,Medium
0.1059968870840392,1.459249574858702,10279,Healthy
1.3462844275149393,-0.9757362510294519,10274,Critical
1.2082993529553672,-0.02025224016559114,10266,Low
1.3021508964917046,0.06626145794695026,10266,Low
1.2114044907192199,-0.017389879665406182,10266,Low
1.2986970534174727,0.06307765589326864,10266,Low
1.2166184653601275,-0.012583563103598327,10266,Low
0.5301847291802604,0.5241315049910878,10263,Low
0.5298360238698812,0.5238100634375912,10263,Low
0.5301349141359205,0.5240855847691598,10263,Low
0.6959691967433871,0.6769540035678066,10263,Low
-0.6598396903529816,1.1778844187695583,10261,Low
0.169978596444596,1.1360361502796361,10258,Low
0.9388130156007356,0.497186261973652,10251,Low
0.4712332401406996,1.397252513593632,10249,Low
0.47141589530327915,1.3974208877407017,10249,Low
0.49733632337479766,1.4213147098839567,10249,Critical
0.4874397345659412,1.4121918924609074,10249,Low
0.7748792442804392,0.7059547697319603,10246,Medium
0.6799649797981843,0.618461440218286,10246,Low
0.6851789544390919,0.6232677567800938,10246,Low
0.7653147557671819,0.697138087121765,10246,Healthy
0.7691837242109127,0.7007045576915141,10246,Healthy
2.627135546104853,-2.9383628161883992,10243,Critical
1.2643592844198923,0.2674895845383193,10236,Critical
0.703833807671293,0.25121446540204406,10235,Low
0.6180190912884564,0.17210922976056964,10235,Critical
0.5976447381534448,0.15332785899197648,10235,Critical
0.6179692762441166,0.17206330953864152,10235,Low
0.5976447381534448,0.15332785899197648,10235,Critical
0.3135258795182183,0.4959309364884432,10226,Medium
0.33446480315574856,0.5152327364388882,10226,Medium
0.3353282639243066,0.5160286869523086,10226,Medium
0.3344149881114087,0.51518681621696,10226,Medium
0.33414930787492936,0.5149419083666769,10226,Medium
1.9773124240680702,1.422011720329502,10222,Critical
0.5488205802813871,0.10660428305978635,10213,Critical
0.5362671891077369,0.09503238713390498,10213,Critical
-0.7007231675402293,1.6244592196138137,10211,Low
0.28392981780092885,0.41194309486368696,10211,Critical
0.32963818674646334,1.2191835920187797,10210,Critical
-0.26413769056287195,1.020545571723707,10208,Healthy
-0.2876669965060762,0.9988559202330008,10208,Critical
-0.1925941444537037,0.1897937031681028,10207,Medium
0.4149818964611398,1.4028340808853272,10207,Critical
-3.0185090306538256,-3.7640601574351633,10202,Critical
0.6425319096383358,0.7797269047053056,10198,Critical
0.6568952474230018,0.7929672353612413,10198,Critical
0.5965692287274048,0.7373578466063114,10198,Critical
-0.5603893604449462,0.5659970729661876,10198,Critical
1.5993795792902716,-2.352799630271374,10197,Low
1.577776455061543,-2.3727136998475267,10197,Low
1.5779259001945627,-2.3725759391817425,10197,Medium
1.859393657519332,-1.6426961971421425,10190,Low
-3.7002223411398023,-2.436598245934888,10186,Low
-3.713522957978551,-2.448858945189691,10186,Low
-3.7017832125291186,-2.438037079555302,10186,Low
-3.70133487713006,-2.437623797557949,10186,Low
0.9681495189820368,-0.18332734431273212,10185,Medium
-0.3594124264457287,1.8121298656246427,10183,Critical
0.9635006594542294,-0.8679421471131128,10180,Critical
0.34084007832622953,0.3360032980316193,10177,Low
0.9863332076218263,0.12693499054212343,10165,Medium
0.8746808745688288,-0.5916229075124451,10157,Critical
0.8140061505628526,-0.6475537378208714,10157,Critical
0.8736181536229113,-0.5926025389135778,10157,Critical
0.7282710049741374,0.17531427693345972,10150,Critical
0.5772267006123786,-0.3117723466481947,10148,Critical
1.7332760677112644,-0.7658856054171641,10131,Medium
0.10589725699535946,1.4591577344148459,10126,Medium
0.6974433374144368,0.3098855038587516,10120,Medium
1.132050114182128,-0.9232033385259587,10114,Critical
-0.05607807343698677,1.117671661939715,10107,Healthy
0.7625958033162537,0.5534489591110222,10106,Low
0.8563975318082513,0.6399167370016355,10106,Low
0.7657175460948863,0.5563266263518498,10106,Low
0.8529436887340194,0.6367329349479539,10106,Low
0.7709149157210139,0.561117636173015,10106,Low
-0.2876669965060762,0.9988559202330008,10103,Low
0.5439524622632885,0.6500837921397992,10100,Low
0.5436037569529094,0.6497623505863024,10100,Low
0.5439026472189487,0.650037871917871,10100,Low
0.7096871147820755,0.8028603704945897,10100,Low
0.8037893534109999,0.5657998959325348,10091,Low
-3.4533516157026782,0.32755573583634634,10090,Low
0.13481017461889022,1.3298423444979413,10083,Low
0.16073060269040873,1.3537361666411962,10083,Critical
0.15083401388155226,1.344613349218147,10083,Low
0.13462751945631068,1.3296739703508715,10083,Low
0.277375995984124,1.2440855475479933,10082,Low
0.28258997062503155,1.2488918641098012,10082,Low
0.37224044542203893,1.3315329568397394,10082,Medium
0.36270916693834154,1.3227468877108295,10082,Healthy
0.3666113454116323,1.3263439717618641,10082,Healthy
0.8848203572904272,0.8875995485563581,10079,Critical
2.2883467818084826,-2.2569146395862534,10076,Critical
1.320436010568267,-0.39914919747497946,10075,Critical
1.3000118423889155,-0.41797648846550073,10075,Critical
1.4062507269511035,-0.3200439618335049,10075,Low
1.3203861955239273,-0.3991951176969075,10075,Low
1.3000118423889155,-0.41797648846550073,10075,Critical
0.8668400778857134,-0.13053412121193764,10060,Medium
0.8877790015232437,-0.11123232126149273,10060,Medium
0.8886590673065816,-0.11042106400742961,10060,Medium
0.8877291864789039,-0.11127824148342084,10060,Medium
0.8874635062424244,-0.11152314933370404,10060,Medium
1.5524665406919202,-0.6565618324288441,10056,Critical
0.485345148805938,0.21051106390408603,10053,Critical
0.4727917576322878,0.19893916797820466,10053,Critical
0.7362524652355232,-0.3377251371714415,10051,Critical
0.233408577211754,1.4033595547098596,10047,Critical
-4.247027695491103,-1.306885656177216,10045,Critical
-0.9215256052674808,1.533760531990604,10042,Low
0.2708217881759127,0.8997792462630316,10041,Medium
-0.5939810654849176,0.9096035039260418,10038,Critical
-0.5705015745860532,0.9312472351948199,10038,Healthy
0.4417274659042719,0.5946224901131322,10038,Critical
0.9294544828288634,0.5999667345380744,10035,Critical
0.9437680055691896,0.613161144972082,10035,Critical
0.8834419868735927,0.5575517562171521,10035,Critical
-0.05332788549417399,0.3181713369384292,10035,Critical
-3.7090459029986205,-2.5221245193948296,10022,Low
-3.722346519837369,-2.5343852186496325,10022,Low
-3.7106067743879367,-2.5235633530152435,10022,Low
-3.710158438988878,-2.5231500710178905,10022,Low
1.2149739906661936,-0.5774290175835559,10020,Low
2.2405269246157826,-4.121183334855489,10019,Low
2.2620968388149514,-4.101299878760622,10019,Low
1.0791716376403908,-0.3534505466259447,10019,Medium
2.2406265547044626,-4.121091494411633,10019,Medium
1.0600878292350466,-1.121399598119591,10017,Critical
-0.1244278092964115,0.7968468606894938,10014,Critical
0.6830186985378698,-0.8618945330542588,10011,Critical
0.5254002775725477,0.7367300303254392,10005,Medium
0.5354714364462436,-0.3346960681578136,9991,Critical
0.4747967124402675,-0.3906268984662401,9991,Critical
0.5344087155003262,-0.33567569955894644,9991,Critical
1.4087727202964366,-0.6637027421546486,9987,Critical
0.5524951016651524,-0.3035297176973195,9979,Critical
0.8609641077114131,0.8637961198724086,9974,Medium
-0.05617770352566652,1.1175798214958588,9954,Medium
1.370768774221358,-1.4616050180551423,9951,Critical
-1.5327916296115158,0.6856244787770456,9948,Medium
-0.20460822686796473,1.9618685238680853,9947,Healthy
1.4527049910583698,-0.85854517381769,9937,Low
1.4523396807332107,-0.8588819221118295,9937,Low
1.45263857099925,-0.8586064007802608,9937,Low
1.618373223518037,-0.7058298224254703,9937,Low
1.0516848151039828,-0.3753532376417578,9937,Low
1.1454865435959802,-0.28888545975114455,9937,Low
1.0547899528678353,-0.3724908771415729,9937,Low
1.1420327005217485,-0.2920692618048262,9937,Low
1.060053742553083,-0.36763864035783694,9937,Low
-0.5939810654849176,0.9096035039260418,9934,Low
0.6764447166648326,0.6152164112020336,9928,Low
-3.949080941244166,-2.2237995090560436,9926,Low
0.6546754898981871,0.6249127512864945,9920,Low
0.6548747500755467,0.6250964321742069,9920,Low
0.6807785731322853,0.6489749475768192,9920,Critical
0.6708985893382087,0.6398674368944126,9920,Low
0.43536308965185017,1.22718243522759,9918,Medium
0.3405816652878349,1.1398115596390574,9918,Low
0.34576242989918266,1.14458726271958,9918,Low
0.42591483624205256,1.2184728998018937,9918,Healthy
0.4298170147153432,1.222069983852928,9918,Healthy
0.9761754824362874,0.2902350101415305,9912,Critical
1.2078865143717878,-0.14733994349800406,9912,Low
1.1016476298095998,-0.2452724701299999,9912,Critical
1.1016476298095998,-0.2452724701299999,9912,Critical
1.1220884030037312,-0.22642987239883597,9912,Critical
1.1220219829446114,-0.22649109936140668,9912,Low
2.3984278258080205,-2.7440919946178046,9904,Critical
1.5687470202554645,-0.37797837343709334,9896,Critical
1.01106142532044,-0.6473315062185859,9894,Critical
0.8603031225532036,-0.2737962574645316,9890,Medium
0.8811922311463941,-0.2545403777360148,9890,Medium
0.882072296929732,-0.25372912048195173,9890,Medium
0.8811424161020542,-0.25458629795794285,9890,Medium
0.8808767358655749,-0.25483120580822605,9890,Medium
0.5645953199771877,-0.03947127850636721,9890,Critical
0.5519921137591977,-0.0510890946541767,9890,Critical
0.8405288794028544,0.6956503125585579,9890,Critical
-4.24040802077744,-1.6433052243766146,9881,Critical
-0.6979269774517531,1.4581060529406333,9879,Low
0.275383005347298,1.0464610173530864,9877,Medium
0.7286998541391396,0.4149082401678291,9874,Critical
-0.7119335057165759,1.2527507684402868,9872,Critical
-0.6884540148177116,1.2743944997090648,9872,Healthy
0.6794160504796466,0.7435340286149434,9869,Critical
0.7254285464349174,0.7859490069358656,9869,Critical
0.7397918842195834,0.7991893375918012,9869,Critical
0.4100880471354424,1.028156880033358,9868,Critical
0.913219470439829,-0.11809896246997875,9866,Critical
-4.162926083544326,-1.875200646835064,9856,Critical
-4.176226700383074,-1.8874613460898668,9856,Critical
-4.164486954933642,-1.8766394804554778,9856,Critical
-4.164022014519803,-1.8762108917174822,9856,Critical
1.1815667692795626,-0.3948845701800997,9855,Medium
1.34983210827939,-1.8033367588982876,9854,Low
0.33110953966517265,0.327033548014997,9854,Critical
1.3000667102532826,-2.216274006499734,9846,Low
1.3216200194376715,-2.196405857145509,9846,Low
1.3001165252976226,-2.216228086277806,9846,Medium
-0.11127074292572245,0.5273188547010204,9845,Critical
0.21675194763450223,0.4925919655253023,9830,Medium
0.3966783163639112,-0.5692127950855361,9819,Critical
0.4573032253255474,-0.5133278849990378,9819,Critical
0.4562405043796299,-0.5143075164001706,9819,Critical
0.23938794133126143,0.5237476039604884,9816,Critical
0.6710707125432399,-0.055097101177928244,9811,Critical
1.0313955798326626,0.12187616393976906,9808,Medium
-0.20464143689752465,1.9618379103867998,9794,Medium
0.6052120312507838,-0.36205615603816954,9784,Critical
0.697742227680476,0.3101610251903202,9784,Healthy
0.6674660403684131,-0.48267606108617417,9776,Low
0.7078162262837173,-0.44548068132441276,9776,Low
0.69403406401635,-0.4581852760578539,9776,Low
0.645099085459806,-0.5032942407318913,9776,Low
0.7098752481164324,-0.44358264548471793,9776,Low
1.0651591078310039,-0.21712137512591315,9774,Low
1.0648104025206246,-0.21744281667940987,9774,Low
1.0651092927866639,-0.21716729534784127,9774,Low
1.2307941302611112,-0.06443663721497887,9774,Low
0.3172591801978108,0.24298404037056592,9771,Medium
-0.7119335057165759,1.2527507684402868,9768,Low
0.2738391278359923,1.2408252117910983,9764,Low
0.04557256262916546,1.762587841063269,9759,Low
0.04580503283608487,1.7628021354322667,9759,Low
0.07167564586326351,1.7866500373535936,9759,Critical
0.06182887209874691,1.7775731401524726,9759,Low
0.7024261476554647,0.9571415948684934,9758,Healthy
0.7062453010548557,0.9606621452163143,9758,Healthy
-4.024205590391764,-2.3037950951667105,9758,Low
0.7118079810061425,0.9657899033316188,9758,Medium
0.6170265566421272,0.8784190277430863,9758,Low
0.622207321253475,0.8831947308236088,9758,Low
1.3222333650698073,-0.40538934894478135,9751,Critical
1.4080480814526437,-0.3262841133033068,9751,Low
1.3018091968904557,-0.4242166399353026,9751,Critical
1.3221337349811275,-0.4054811893886376,9751,Low
1.3018091968904557,-0.4242166399353026,9751,Critical
1.0594685109139501,0.29446277295748446,9749,Critical
0.23657373131199144,2.0354805372112006,9742,Critical
0.5583527806106481,0.10186237156740723,9737,Critical
0.5069683518862178,0.31495060610609843,9733,Critical
0.49441496071256746,0.3033787101802171,9733,Critical
1.893785103411809,-1.917287706876561,9732,Critical
1.004962346088898,0.23515785441251447,9730,Critical
1.3276464802873769,-0.7430426077984899,9727,Medium
1.3485521938953473,-0.7237714213293304,9727,Medium
1.3494156546639051,-0.72297547081591,9727,Medium
1.3485023788510073,-0.7238173415512584,9727,Medium
1.348220093599748,-0.7240775561421844,9727,Medium
-0.28272058224224983,1.1183483376900545,9723,Low
-4.955602357883294,-0.4569437914395931,9717,Critical
0.5246241027008537,0.6008445923436924,9708,Critical
0.7665408613502585,-0.06482736061220461,9708,Medium
0.7299565535767426,0.9326001645446352,9706,Critical
0.7442700763170687,0.9457945749786427,9706,Critical
0.6839440576214717,0.890185186223713,9706,Critical
0.4145994492624878,1.1747927309014847,9705,Critical
-0.8100372976605685,1.310624601360129,9703,Healthy
-0.8335167885594328,1.288980870091351,9703,Critical
0.9560453721378824,-0.9688769956270785,9700,Critical
1.1382119070076253,-0.1824454251296247,9695,Medium
0.969544884834135,-0.86237049351917,9694,Low
-4.029529999185711,-1.994557961216039,9692,Critical
-4.042847221039239,-2.006833967211484,9692,Critical
-4.031090870575028,-1.9959967948364528,9692,Critical
-4.030642535175969,-1.9955835128390997,9692,Critical
-0.13414174294268855,0.7878924174135142,9691,Critical
2.414482690404948,-3.914794463326859,9677,Low
2.4360359995893366,-3.8949263139726344,9677,Low
2.4145159004345076,-3.9147638498455737,9677,Medium
0.6360612544067963,0.31448404799987245,9674,Critical
0.3064306719607925,1.4153413805230715,9672,Medium
0.39995734439696096,0.5500514865621392,9659,Critical
-0.03803032563005511,0.607130618283738,9652,Critical
-0.03909304657597264,0.6061509868826053,9652,Critical
-0.09865523459169132,0.5512457081972397,9652,Critical
0.7859884783602742,0.5168167969433977,9642,Medium
0.20092332069853855,1.0526405106903762,9642,Critical
0.6976425975917963,0.310069184746464,9632,Medium
0.8104894324917358,0.6580818243427654,9621,Critical
0.9507846697259179,0.11860527299056395,9614,Low
0.9503861493711988,0.11823791121513921,9614,Low
0.950734854681578,0.11855935276863588,9614,Low
1.1163698771116848,0.2712440906795701,9614,Low
0.9403557632632619,-0.7694900131789761,9613,Medium
-1.5325591594045964,0.6858387731460434,9612,Healthy
0.9753790397076593,-1.4549774080027813,9607,Low
1.0156794105786238,-1.417827948462948,9607,Low
1.0019304583408162,-1.4305019297151038,9607,Low
0.9529456647399325,-1.4756568146110693,9607,Low
1.017688617366999,-1.4159758328451812,9607,Low
2.714652526086689,-1.968172219321339,9602,Low
2.716313027564685,-1.966641545257069,9602,Low
2.8677507623579257,-1.8270440705956432,9602,Critical
2.7329512523742054,-1.9513041911330833,9602,Low
0.3370115871101434,1.136520610400877,9600,Low
-0.8335167885594328,1.288980870091351,9598,Low
0.5083641391985652,1.2583368398869155,9597,Medium
0.4136491348936697,1.1710271912609538,9597,Low
0.41882989950501737,1.1758028943414762,9597,Low
0.4989823058478873,1.24968853142379,9597,Healthy
0.5029176943507381,1.25331622895611,9597,Healthy
1.2933917507720027,0.35236480098631107,9595,Critical
-4.495006682933685,-1.4043996423936005,9592,Low
0.42225007581738444,0.9214761735522407,9588,Critical
0.5080647922002209,1.0005814091937153,9588,Low
0.4018259076380329,0.9026488825617194,9588,Critical
0.4221504457287047,0.9213843331083844,9588,Low
0.4018259076380329,0.9026488825617194,9588,Critical
0.15022629009357588,2.276411946155048,9587,Critical
1.185709578943963,-1.2404682818174595,9573,Critical
0.883591930245189,-0.4582801907447584,9573,Critical
0.8710385390715387,-0.4698520866706397,9573,Critical
1.1211507437103043,-0.10679363843312205,9567,Critical
2.23011240279346,-2.327304765582725,9562,Critical
-0.2492009781261406,0.715781980955453,9559,Low
-3.704589460026932,-2.4406239187239183,9555,Critical
-0.00554645573299768,-0.1352830577186454,9555,Medium
0.015292837815852821,-0.11607309821205675,9555,Medium
0.01617290359919081,-0.11526184095799369,9555,Medium
0.015243022771512947,-0.11611901843398481,9555,Medium
0.015342652860192695,-0.11602717799012868,9555,Medium
0.6272002837256894,1.2396229750708923,9546,Critical
0.6415138064660154,1.2528173855048998,9546,Critical
0.5811379727260786,1.197162076528042,9546,Critical
0.5291521098426789,0.7474957499524619,9545,Critical
-0.5638946242534264,1.445007732036675,9544,Medium
-0.5873741151522907,1.423364000767897,9544,Critical
0.5325381675065586,0.18471201833483264,9543,Critical
1.0273656559847713,0.14581468636715678,9538,Medium
1.089669661525176,-0.7589459957371371,9536,Medium
0.9057573052654483,0.06350435293619372,9536,Critical
-4.176619620048163,-1.8431690148512394,9526,Critical
-4.189920236886911,-1.8554297141060423,9526,Critical
-4.178147281407919,-1.8445772349903677,9526,Critical
-4.17773215603842,-1.8441945664743002,9526,Critical
0.6889965038586556,-0.8563841064228868,9525,Low
-0.13003440962707788,0.5100222377747692,9521,Critical
-0.9986646849235845,2.802601656806675,9519,Critical
0.2578312319572554,1.5855616606786471,9515,Medium
2.004548397073986,-3.5367274503718646,9501,Low
2.0261017062583746,-3.51685930101764,9501,Low
2.004548397073986,-3.5367274503718646,9501,Medium
0.6081311931016748,-0.2305309046958732,9493,Critical
0.4937556829393818,-0.43901743838022833,9486,Critical
0.5543805919010182,-0.3831325282937299,9486,Critical
0.5533676859994405,-0.3840662394729346,9486,Critical
0.7509990925123066,0.6027447061817399,9476,Medium
0.6943074566057795,0.36217846851435836,9475,Critical
-1.5325923694341563,0.6858081596647579,9460,Medium
0.8873637817079779,0.5192157476978009,9458,Critical
1.0281544637937379,0.13828923281573285,9457,Low
1.027706128394679,0.13787595081837994,9457,Low
1.028104648749398,0.1382433125938048,9457,Low
1.1936898561351652,0.29088213028281096,9457,Low
1.006462900329197,-1.0566847399862755,9447,Low
1.0467964812297212,-1.0195046669651568,9447,Low
1.0330641340066937,-1.0321633414766698,9447,Low
0.98407934040581,-1.0773182263726355,9447,Low
1.0488056880180965,-1.01765255134739,9447,Low
0.8357666049282645,0.60138549181066,9445,Low
0.835949260090844,0.6015538659577296,9445,Low
0.8618198731180227,0.6254017678790565,9445,Critical
0.851973099353506,0.6163248706779354,9445,Critical
0.6134398734496558,0.875112771764263,9440,Low
-0.5873741151522907,1.423364000767897,9439,Low
0.6109165851344466,0.8935845513908784,9437,Low
0.6160641397162343,0.8983296409901155,9437,Low
0.7054655392915423,0.9807411326104133,9437,Medium
0.6962497560886641,0.9722458915537147,9437,Healthy
0.700118724532395,0.9758123621234638,9437,Healthy
1.4512344408811877,-2.621903239572767,9435,Medium
0.31750825541951017,0.24321364148020647,9435,Healthy
1.3979533210083759,-0.43811124915339306,9429,Critical
0.6970424308875215,0.6118544977644534,9428,Critical
0.7828571472703579,0.690959733405928,9428,Low
0.6765684476638301,0.5929812865520041,9428,Critical
0.6969428007988417,0.6117626573205972,9428,Low
0.6765684476638301,0.5929812865520041,9428,Critical
-4.086018994754266,-2.0289496595221745,9424,Low
0.584665311388249,0.932855533974153,9420,Critical
0.4288393561348936,0.15699884119103863,9413,Critical
0.1735306620728263,0.5562223381785539,9410,Critical
0.16097727089917613,0.5446504422526726,9410,Critical
0.4553581073552861,0.5350190469259469,9394,Critical
-3.71339641687097,-2.5261348854432173,9392,Critical
-0.0018165599513023222,0.3321784810292747,9391,Medium
0.019022733597548178,0.3513884405358634,9391,Medium
0.01988619436610621,0.3521843910492839,9391,Medium
0.01892310350886843,0.35129660009200725,9391,Medium
0.018707238316728977,0.3510976124636521,9391,Medium
2.418914286775209,-2.794014899783752,9390,Critical
-0.6672396970322384,0.9024953970764277,9387,Low
1.1166141982853992,-0.7821205775845441,9386,Critical
0.4263460249472856,1.0544726402567908,9385,Critical
1.284332859090327,-0.2804208544601811,9381,Medium
-0.43054400995160425,2.800629347647549,9381,Low
0.9533933834821273,0.27494918907045834,9379,Critical
0.9994556944817381,0.31741008761330863,9379,Critical
1.013769217222064,0.33060449804731623,9379,Critical
-0.6723046720353303,1.2880957084815776,9378,Medium
-0.6957841629341945,1.2664519772127996,9378,Critical
0.33710395000073845,0.33255928138701174,9368,Low
1.228886105440366,-0.6306142821887388,9364,Critical
0.1253855234643564,0.6537528075726976,9359,Critical
0.40026375233635814,1.2862031405620502,9358,Medium
-3.661624567324543,-3.1178606881627244,9352,Critical
-3.6749251841632917,-3.1301213874175273,9352,Critical
-3.6631854387138594,-3.1192995217831383,9352,Critical
-3.6627204983000206,-3.1188709330451427,9352,Critical
0.6998245111618451,0.3732619320678411,9350,Critical
1.5397846134339228,-2.440105456359569,9332,Low
1.5613877376626515,-2.420191386783416,9332,Low
1.5397846134339228,-2.440105456359569,9332,Medium
0.23883022827974368,0.575120938713591,9331,Critical
1.176608264235665,-1.123133502234516,9329,Critical
1.2372331731973014,-1.0672485921480177,9329,Critical
1.2362202672957239,-1.0681823033272224,9329,Critical
1.2291704530241625,-0.05160818874693275,9313,Medium
1.0825658082335634,-0.4397408591860757,9306,Critical
1.4803365641497488,-0.31243613544696286,9298,Critical
1.581862704709928,-1.2334922365306704,9290,Low
1.581414369310869,-1.2339055185280232,9290,Low
1.581862704709928,-1.2334922365306704,9290,Low
1.7473482820070156,-1.0809452592855204,9290,Low
0.16457085742940195,0.337842154963339,9287,Low
0.20497085838904608,0.3750834549470286,9287,Low
0.19128832621035854,0.36247070065744363,9287,Low
0.1422371125503548,0.3172545887989072,9287,Low
0.20693025013308144,0.3768896503428672,9287,Low
0.31747504538995025,0.24318302799892105,9282,Medium
0.29144994666908014,1.043878549622364,9279,Low
0.3175530299031783,1.0679407459126886,9279,Critical
-0.041606160662432265,2.3517890820860816,9279,Medium
-0.1359890646717283,2.2647855682729734,9279,Low
0.40994621659773856,1.1676137880976316,9279,Low
-0.13087472011950038,2.269500044390925,9279,Low
-0.05070570876185064,2.3434009882138818,9279,Healthy
-0.04683674031811978,2.346967458783631,9279,Healthy
0.29168241687599966,1.0440928439913617,9279,Low
0.30775607118300147,1.0589097689334956,9279,Critical
-0.6957841629341945,1.2664519772127996,9274,Low
1.42490672524892,-0.368832322293415,9268,Low
1.3389425637330639,-0.44807531860067384,9268,Low
1.3390920088660836,-0.44793755793488954,9268,Critical
1.318618025642392,-0.46681076914733877,9268,Critical
1.318618025642392,-0.46681076914733877,9268,Critical
2.7978224455249467,-4.419751016725661,9266,Healthy
2.799001401574324,-4.418664238140028,9266,Medium
1.147346730543375,0.12862706090137443,9266,Critical
-3.816392918647181,-2.166743044777538,9262,Low
0.860734805957252,0.02107305819035001,9259,Critical
0.8481315997392619,0.009455242042540574,9259,Critical
0.4410629937350675,0.28446818685106656,9256,Critical
1.2073647699505854,-0.13217121182035454,9253,Critical
0.4236466774831615,1.1959980560111323,9234,Critical
-4.167243387387115,-1.879180399402166,9226,Critical
1.2933878889013208,-0.30134924867448576,9224,Medium
2.69838613508782,-2.956786507689809,9224,Critical
-1.1984125490160036,2.2705887657340935,9223,Low
0.5066449673829246,-0.2274709413034895,9220,Critical
0.7986014357033345,0.13225975279920732,9219,Critical
-0.7028656358263483,2.8816436025272867,9218,Low
0.8812085336253076,0.6627046815931924,9216,Critical
0.8955220563656336,0.6758990920272,9216,Critical
0.8351462226256968,0.6202437830503421,9216,Critical
0.31987572071322107,-0.83754434328413,9216,Medium
0.3406651992177318,-0.8183803039994694,9216,Medium
0.3415452650010697,-0.8175690467454063,9216,Medium
0.34061538417339193,-0.8184262242213974,9216,Medium
0.34039951898125237,-0.8186252118497525,9216,Medium
-0.5980650896753997,1.2611288098888178,9215,Medium
-0.6215777906038239,1.2394544651387542,9215,Critical
-0.2913275660364144,2.928961061195947,9209,Critical
0.3489841512800841,0.578098328522727,9205,Critical
-0.1281639376219027,0.7934028440448863,9204,Low
-0.9346523529468364,2.8616091419842844,9196,Critical
0.22004436832741917,1.3073564734721537,9195,Low
-3.5560017545002465,-2.8999764217911927,9186,Critical
-3.5693189763537747,-2.9122524277866386,9186,Critical
-3.557529415860003,-2.9013846419303215,9186,Critical
-3.557114290490504,-2.901001973414254,9186,Critical
1.0703779331373717,0.6280573401966985,9175,Critical
-0.006003966276312175,0.9361613200737596,9162,Critical
-0.06593146461719007,0.8809192930942547,9162,Critical
-0.006269646512791557,0.9359164122234764,9162,Critical
1.9847698723131404,-3.437282474510179,9160,Low
2.0064394166009896,-3.417307177971455,9160,Low
1.9847698723131404,-3.437282474510179,9160,Medium
0.8969457725827252,0.07599324492776484,9146,Medium
0.44921110385476,0.9154396142338743,9143,Critical
0.7593927497421945,0.5904692442081264,9133,Low
0.7588779942840158,0.5899947352482027,9133,Low
0.7593429346978546,0.5904233239861982,9133,Low
0.9248119069801622,0.7429549944907056,9133,Low
1.4538907351646,-0.5664544990745849,9132,Critical
0.9405218134110614,-0.7693369457725491,9125,Medium
0.9957522910116744,-1.1907156013142082,9124,Low
1.0362021070156584,-1.1534283811085904,9124,Low
1.0225029698221908,-1.166056442138818,9124,Low
0.973518176221307,-1.2112113270347835,9124,Low
1.0381448937449138,-1.1516374924533945,9124,Low
-1.9856739410989384,5.572321086263492,9121,Medium
-2.0799406100047744,5.485424719634882,9121,Low
-2.0748428704673265,5.4901238890121915,9121,Low
-1.994657254094897,5.56404013957579,9121,Healthy
-1.990821495680726,5.567575996664255,9121,Healthy
-2.0849221144387626,5.4808326974420725,9121,Low
1.3510111723658638,-0.41333062777239044,9119,Low
1.351260247587563,-0.41310102666275,9119,Low
1.3771640706443016,-0.3892225112601377,9119,Critical
1.367383716938905,-0.3982381814986881,9119,Critical
-0.6215777906038239,1.2394544651387542,9111,Low
1.0471900092123008,0.24759794700702548,9108,Low
0.9613918978442445,0.1685080181061937,9108,Critical
0.9409013096057731,0.14961950015310171,9108,Critical
0.9612258476964449,0.16835495069976664,9108,Low
0.9409013096057731,0.14961950015310171,9108,Critical
1.549785811950048,-0.549319012324312,9103,Critical
0.8980153510220052,-1.0946957679688478,9100,Healthy
0.8991943070713825,-1.093608989383216,9100,Medium
0.8295762737000687,-0.3798259868002877,9099,Critical
0.8170228825264185,-0.391397882726169,9099,Critical
0.35903866487780706,0.11541962261389174,9093,Critical
-4.215652278994371,-1.9218584310672004,9092,Low
-0.004600899417738357,1.961708117429449,9086,Critical
0.7759271026922079,0.9062286368401895,9080,Critical
0.6873183346373558,-0.09265000123630582,9063,Critical
-4.033863908043281,-1.9985530205237836,9062,Critical
0.9346141127952085,-0.1572800459385933,9058,Medium
1.4762484327403567,-0.1748201459567368,9056,Critical
1.490462325392003,-0.16171757596658545,9056,Critical
1.4300864916520661,-0.21737288494344334,9056,Critical
0.680304459802564,0.477508426557163,9056,Critical
2.7455722585050157,-3.181369362096537,9054,Critical
0.3643930717904243,1.04447240127521,9054,Low
-1.0869036446370717,1.7817872050067267,9054,Low
1.4455583744523877,-1.2370513000845915,9051,Critical
-0.5649609880787754,3.008766083564912,9045,Critical
-0.5623917191512215,0.8007041364364227,9044,Medium
-0.5859044200796458,0.7790297916863592,9044,Critical
1.0960737293636398,-2.12249042325724,9040,Medium
1.1168632078681504,-2.1033263839725795,9040,Medium
1.1177432736514883,-2.1025151267185165,9040,Medium
1.1167635777794707,-2.1034182244164357,9040,Medium
1.116547712587331,-2.103617212044791,9040,Medium
0.1894476704854445,0.712806212972235,9036,Critical
-0.12405660430629203,0.5155326644061412,9035,Low
-4.126614608090619,-1.7554663036460088,9024,Critical
-4.139948434958927,-1.7677576163820967,9024,Critical
-4.128142269450375,-1.756874523785137,9024,Critical
-4.127727144080876,-1.7564918552690696,9024,Critical
0.16360693625946224,0.7560429511331529,9019,Low
0.7326845665198117,0.9851527755338463,9015,Critical
1.3607540196255352,-1.426356944046504,9002,Critical
1.3001291106638988,-1.4822418541330022,9002,Critical
1.3597411137239575,-1.4272906552257087,9002,Critical
1.7967468767909291,-3.131006642355238,8987,Low
1.8183998160639978,-3.111046652557157,8987,Low
1.7967468767909291,-3.131006642355238,8987,Medium
1.2577489361307808,-0.12270724527622806,8983,Medium
0.12272132510211009,1.2979333002777838,8977,Critical
1.222436062905448,-0.04533205516799848,8969,Critical
-2.1412396397981053,6.013050657101192,8967,Medium
-2.2354232836300416,5.926230824175797,8967,Low
-2.230342149107374,5.930914686812463,8967,Low
-2.150123322705384,6.004861550857348,8967,Healthy
-2.146320774320773,6.008366794464526,8967,Healthy
-2.2405210231674895,5.921531654798488,8967,Low
0.31361306194597804,0.7375476969935145,8964,Low
0.3130650964582393,0.7370425745523054,8964,Low
0.3136628769903179,0.7375936172154426,8964,Low
0.4789990091543858,0.8900028337948083,8964,Low
1.9510522638482504,-3.0801312184099587,8954,Low
1.9915352898817944,-3.042813384723056,8954,Low
1.9778527577031069,-3.0554261390126407,8954,Low
1.928818149057883,-3.1006269441305343,8954,Low
1.99339505153715,-3.041099029771073,8954,Low
0.17603422689831516,1.2229117400175296,8953,Low
0.17631651214957444,1.2231719546084556,8953,Low
0.20228675526543294,1.2471116969736387,8953,Critical
0.19243998150091624,1.2380347997725174,8953,Critical
1.4514503060733273,-2.621704251944412,8947,Medium
1.018112467827415,-0.07892103622623166,8945,Critical
0.9976384846037236,-0.097794247438681,8945,Critical
1.1039271842102514,0.00018419941524287287,8945,Low
1.0179630226943954,-0.07905879689201596,8945,Low
0.9976384846037236,-0.097794247438681,8945,Critical
-0.5859044200796458,0.7790297916863592,8939,Low
0.6864778717275274,0.04745024601740292,8939,Critical
0.7720738916788022,-0.2913294827432749,8939,Critical
0.759520500505152,-0.30290137866915623,8939,Critical
1.913450011410383,-1.344207138201761,8936,Critical
2.4179037317291803,-3.797631406552372,8931,Healthy
2.4190826877785576,-3.7965446279667403,8931,Medium
-0.40672718866340235,3.061538537447233,8929,Critical
-3.9977153749932737,-1.9842346560548807,8928,Low
0.4156194523004739,0.05773269319759811,8920,Critical
0.6181811793472765,0.02453503367028434,8906,Critical
0.709701611958352,0.9302262740949323,8900,Low
0.8008107769449173,-0.16966740454165136,8897,Critical
-4.180936923890952,-1.847148767418341,8896,Critical
1.2752447288289335,-0.36010824143662257,8895,Critical
1.0119506968334686,-0.13762669959470974,8895,Medium
-1.005153189352604,2.4287862396878777,8890,Medium
-1.0286326802514683,2.4071425084191,8890,Critical
-0.1639703860631011,0.3971314935239851,8888,Low
2.632986821463216,-2.849353022178944,8888,Critical
0.8284222660937697,0.36738369410493804,8887,Critical
0.8426361587454159,0.38048626409508934,8887,Critical
0.7822603250054792,0.3248309551182315,8887,Critical
0.5035597006612743,1.1727581946016803,8882,Critical
0.41304629830117223,0.6371517339222643,8882,Critical
0.46025609354866,-0.9198952014584018,8868,Medium
0.48099575700883085,-0.9007770823956693,8868,Medium
0.48185921777738877,-0.899981131882249,8868,Medium
0.4808961269201511,-0.9008689228395257,8868,Medium
0.4807300767723514,-0.9010219902459526,8868,Medium
0.656402397512248,0.33323480528718014,8864,Low
0.14144655796809236,1.3941910670332838,8856,Low
-3.6960961155618066,-2.874502248324316,8854,Critical
-3.709429942430115,-2.8867935610604043,8854,Critical
-3.697623776921563,-2.8759104684634447,8854,Critical
-3.6972252565668438,-2.8755431066880197,8854,Critical
0.7374212437722232,0.8152882109347431,8852,Critical
-1.7010147031631901,1.8496982886904842,8841,Critical
-1.7616064020952664,1.7938439920852711,8841,Critical
-1.702027609064768,1.8487645775112795,8841,Critical
0.8942295548878307,0.6177115852396028,8823,Medium
0.4713171349077151,0.4872631778162111,8807,Critical
1.6984248864371614,-3.4182014368839235,8806,Low
1.7201940608136899,-3.3981342999013435,8806,Low
1.6984248864371614,-3.4182014368839235,8806,Medium
-2.044114350036313,5.452154067027207,8805,Medium
-2.052881797840132,5.444072107967862,8805,Healthy
-2.0491290644998608,5.447531431353112,8805,Healthy
-2.1382149687943497,5.365410767805026,8805,Low
-2.1434621534648173,5.360573837761932,8805,Low
-2.1331338342716815,5.370094630441692,8805,Low
0.620875694193048,0.6144569726449722,8803,Low
0.6203775437496492,0.6139977704256913,8803,Low
0.6207760641043683,0.6143651322011161,8803,Low
0.7862118263571158,0.7668661892243379,8803,Low
1.6981196329178112,-1.1183333429390199,8799,Critical
0.06264695041429941,0.6532004735136704,8788,Critical
0.04212315214626804,0.634281342079293,8788,Critical
0.062447690236939905,0.653016792625958,8788,Low
0.04212315214626804,0.634281342079293,8788,Critical
0.1484616667971359,0.7323057091551449,8788,Low
-1.0286326802514683,2.4071425084191,8786,Low
2.2063643649757427,-3.5532008724689046,8785,Low
2.2468639960240666,-3.5158677320413587,8785,Low
2.2332312788897193,-3.5284345661090155,8785,Low
2.1841800652297154,-3.573650677967552,8785,Low
2.2487237576794223,-3.5141533770893765,8785,Low
1.814526271242962,-1.674526633595778,8782,Critical
2.7991674517221234,-4.418511170733602,8778,Medium
1.1864546344262519,-0.9075702486603086,8777,Low
1.2123750624977705,-0.8836764265170535,8777,Critical
1.2025781037775936,-0.8927074034962467,8777,Critical
1.1861059291158726,-0.9078916902138052,8777,Low
0.5203518295932115,-0.23261788091017413,8776,Critical
1.1996130816821902,-1.2963648401256662,8772,Critical
1.1870596905085398,-1.3079367360515477,8772,Critical
-0.06838102558658041,1.1742920143398867,8769,Critical
-4.011568751036013,-1.9498720910730984,8765,Low
2.4563728188634233,-4.207375740348397,8755,Medium
2.455243677858386,-4.2084165987121,8755,Healthy
0.07162726618584397,0.2197795302424846,8752,Critical
0.8101018560738659,-0.2938232808783384,8749,Critical
0.8365911618193054,-0.6999274526028628,8738,Medium
0.12056232064130423,0.6646265215879715,8737,Critical
0.5984758430226232,0.3567825736818396,8731,Low
-0.9200504433958204,1.9510013235369779,8728,Low
0.8489180558735417,1.0585579876433309,8728,Critical
1.5096703365178157,-1.1779519744631262,8728,Critical
-0.351474931542321,0.8616822275944613,8727,Medium
-0.3749876324707452,0.8400078828443979,8727,Critical
0.6274185621823464,0.18209559862505242,8726,Critical
0.650701492326768,1.0718382236777764,8726,Critical
0.6649153849784142,1.0849407936679278,8726,Critical
0.6045893662828173,1.0293314049129982,8726,Critical
2.5896651692208383,-2.6368832636471833,8725,Critical
-3.665941871167333,-3.1218404407298266,8722,Critical
-0.9793862627640503,2.82037278269285,8709,Low
0.5600641127644159,-0.6368085356745224,8705,Medium
0.5808037762245868,-0.6176904166117899,8705,Medium
0.5816340269635848,-0.6169250795796549,8705,Medium
0.580704146135907,-0.6177822570556462,8705,Medium
0.5805380959881073,-0.6179353244620732,8705,Medium
0.2175394008389844,1.5761506782681127,8699,Low
-3.1540887598087926,-3.474395491159473,8691,Critical
-3.167472401721441,-3.4867327241174895,8691,Critical
-3.155616421168549,-3.4758037112986018,8691,Critical
-3.1552345058286098,-3.4754516562638194,8691,Critical
1.1246641547982907,0.1734665916970446,8688,Critical
-1.9975857949396973,2.1031246050040453,8675,Critical
-2.0582107039013335,2.0472396949175473,8675,Critical
-1.9985987008412749,2.1021908938248406,8675,Critical
0.5954190512715319,0.8258083859324177,8657,Medium
0.5612029407489323,0.760796486679136,8643,Low
0.5607047903055334,0.760337284459855,8643,Low
0.5611033106602524,0.7607046462352798,8643,Low
0.7264726528538803,0.9131444762959309,8643,Low
0.21039682944941324,-1.6030251583549326,8642,Low
0.2321660038259416,-1.5829580213723526,8642,Low
0.21034701440507336,-1.6030710785768607,8642,Medium
-1.8799874607516058,4.812871173018983,8641,Critical
-1.7806064472935417,4.904482015765543,8640,Medium
-1.8746406459924585,4.817799943505932,8640,Low
-1.8695761164845706,4.822468499401956,8640,Low
-1.789290870023461,4.896476590409411,8640,Healthy
-1.78555474169797,4.899920607054018,8640,Healthy
0.4810114210125928,0.4620860448925566,8638,Critical
1.350157562739358,-0.41612506891424517,8633,Critical
-2.9575586033248995,4.784256174910232,8628,Low
-2.841805045293794,4.8909594639304945,8628,Low
-2.930791319499603,4.808930640826264,8628,Low
-2.973914542883161,4.769179035377173,8628,Low
-2.973615652617122,4.769454556708741,8628,Low
-0.3749876324707452,0.8400078828443979,8623,Low
0.7577318025706576,-0.7244608663223483,8622,Low
0.6719170861878211,-0.8035661019638229,8622,Critical
0.6513932879197898,-0.8224852333982003,8622,Critical
0.6717178260104616,-0.8037497828515353,8622,Low
0.6513932879197898,-0.8224852333982003,8622,Critical
0.9491609321384492,-0.697611901921801,8619,Critical
0.6296262620122115,0.18797304853573113,8612,Critical
0.8993603572191821,-1.093455921976789,8612,Medium
1.0964816906425572,-1.3410119510385095,8610,Critical
0.38360296188921705,0.1935080054116893,8609,Critical
0.3710495707155669,0.181936109485808,8609,Critical
1.0855842901353436,-0.44607507163822674,8608,Low
1.1119364485911412,-0.4217832742382615,8608,Critical
1.0859662054752828,-0.44572301660344466,8608,Low
1.1021560948857443,-0.43079894447681194,8608,Critical
-3.919203510814394,-2.12700995117169,8601,Low
0.4233400412118567,0.036036344718581075,8592,Critical
0.49328082805487666,0.22646034421307537,8592,Critical
2.671887025647775,-4.108532479030763,8589,Healthy
2.6730161666528125,-4.1074916206670595,8589,Medium
0.30399669833394494,1.6296910364020514,8580,Critical
0.8320216930713942,-0.8491543737044784,8578,Medium
0.8649227390103452,-0.11056807892018598,8574,Critical
0.37937968944951456,1.0055579667807724,8568,Low
-0.05482066063828173,0.444261096528136,8566,Medium
0.8070909795952128,0.7406353865211296,8566,Critical
0.6515352011365418,0.5972418401803142,8566,Critical
0.8532031056391635,0.7831422052859079,8566,Critical
0.8674169982908098,0.7962447752760593,8566,Critical
-0.07830015153714599,0.42261736525935795,8566,Critical
2.462386952533791,-2.5874055214151137,8559,Critical
0.7376922869378131,0.485114287230238,8558,Critical
-3.560335663357816,-2.903971481098938,8556,Critical
-0.04660670830107587,-0.1072486407823441,8555,Low
0.1446639456238907,0.6715239334588725,8549,Critical
0.16305020303019516,0.027522689905522424,8542,Medium
0.18374005144602604,0.04659488874632678,8542,Medium
0.18457030218502415,0.047360225778461884,8542,Medium
0.18359060631300642,0.046457128080542476,8542,Medium
0.1834743712095467,0.046349980896043586,8542,Medium
-3.6515392424820132,-2.3481099636934593,8533,Critical
-3.664873069350322,-2.3604012764295477,8533,Critical
-3.65303369381221,-2.3494875703513025,8533,Critical
-3.652684988501831,-2.3491661287978056,8533,Critical
0.27655236262079896,1.0063482640632917,8533,Low
0.7108737437307648,0.5611168572560884,8519,Critical
-1.531758508710549,1.5337096586875711,8514,Critical
-1.5923834176721852,1.4778247486010727,8514,Critical
-1.5327714146121265,1.5327759475083664,8514,Critical
0.8931530222249625,0.46092636442982926,8494,Medium
0.7693020184282828,0.24618539619850455,8480,Low
0.7687540529405441,0.24568027375729545,8480,Low
0.769252203383943,0.24613947597657648,8480,Low
0.934488705459331,0.39845685211208604,8480,Low
1.6696194339152932,-2.352508855422042,8479,Low
1.6913720032770416,-2.332457025180105,8479,Low
1.6695696188709535,-2.35255477564397,8479,Medium
-1.528733317819583,4.385498495353457,8474,Medium
-1.6227343064889401,4.298847036575131,8474,Low
-1.6281475413072073,4.29385703912561,8474,Critical
-1.6176531719662721,4.303530899211797,8474,Low
-1.5373347154756025,4.377569603700538,8474,Healthy
-1.5336317971796714,4.38098300686386,8474,Healthy
-2.925681817394963,4.7600221938124685,8473,Low
-2.809928259363857,4.866725482832732,8473,Low
-2.898914533569666,4.7846966597285014,8473,Low
-2.942021151938444,4.744960361020052,8473,Low
-2.9417720767167443,4.745189962129692,8473,Low
1.0023695526809575,-0.4049202121001949,8469,Critical
1.5725124757669369,-1.287236140744163,8465,Critical
1.0340779576814003,-0.9577694452561135,8465,Low
1.0342274028144198,-0.9576316845903293,8465,Critical
1.1200919342415963,-0.8784805287269266,8465,Low
1.0137534195907285,-0.9765048958027785,8465,Critical
1.0137534195907285,-0.9765048958027785,8465,Critical
-0.07830015153714599,0.42261736525935795,8461,Low
1.1911406085947664,-0.446475853298131,8461,Critical
0.7049471577251442,0.05313356895641443,8459,Critical
0.06530673370242196,0.6825545743738187,8446,Critical
0.8143107596817856,-0.6631296120963698,8443,Critical
0.8017573685081354,-0.674701508022251,8443,Critical
2.4192487379263574,-3.796391560560313,8442,Medium
0.6297459786980384,0.3109527045428869,8439,Low
0.6459690781380599,0.32590739015080505,8439,Critical
0.6293142483137594,0.3105547292861767,8439,Low
0.6557162218138968,0.33489244690806996,8439,Critical
0.3961325092262111,0.30622136024959234,8435,Critical
-3.872757737829209,-2.5079495923609842,8431,Low
1.0030479043877747,-1.0797783418075222,8429,Critical
2.4696666953318953,-3.9262452080912125,8420,Medium
2.4707792313221524,-3.9252196564681516,8420,Medium
0.6938656585623243,-0.6146160070996226,8418,Medium
0.1846742827067322,0.723725847209437,8414,Critical
0.7943809938753353,0.36201525817290836,8413,Critical
0.8743733200943262,0.42433323764377884,8402,Medium
0.850844014151122,0.4026435861530726,8402,Critical
0.6078094800827294,0.3852055682052029,8400,Critical
0.8094773845853511,0.5711059333107967,8400,Critical
0.8236912772369974,0.5842085033009481,8400,Critical
0.7633652585414005,0.5285991145460184,8400,Critical
0.870259429842483,-0.10356777497823721,8398,Low
0.5185961333647044,1.1338896803291707,8395,Critical
0.36821275839527845,0.5958235341869739,8395,Critical
-4.130931911933408,-1.759446056213111,8394,Critical
2.651433742095972,-3.056308905303708,8389,Critical
-0.1432058094859207,0.3450459521517557,8389,Low
0.9825538027671281,0.09646703837748158,8382,Medium
0.9828028779888275,0.09669663948712201,8382,Medium
0.9827530629444876,0.09665071926519395,8382,Medium
0.9827530629444876,0.09665071926519395,8382,Medium
1.0763389262443455,0.1829195095274522,8382,Medium
0.34153042797301614,0.8983486612148291,8367,Low
-3.973717552856893,-1.9456537064870139,8365,Critical
-3.9871011947695414,-1.9579909394450303,8365,Critical
-3.9752120041870898,-1.9470313131448567,8365,Critical
-3.9748134838323703,-1.9466639513694322,8365,Critical
1.0748221522381838,0.2426895207168538,8356,Critical
-2.1334868492587566,2.2277734397119455,8347,Critical
-2.194111758220393,2.171888529625447,8347,Critical
-2.134499755160334,2.226839728532741,8347,Critical
0.8533000239224946,0.23932214659131135,8324,Medium
1.8456133079272503,-2.3645379832365885,8322,Low
1.8456133079272503,-2.3645379832365885,8322,Medium
1.8673824823037788,-2.3444708462540085,8322,Low
0.597265358763027,0.6727394813699518,8320,Low
0.5966675782309484,0.6721884387068146,8320,Low
0.5972155437186871,0.6726935611480237,8320,Low
0.7623856257349554,0.8249497103209623,8320,Low
0.01101414342875433,1.8263213270599656,8314,Critical
0.11042836691637853,1.9179627832878117,8314,Medium
0.01652700833570124,1.831403164953342,8314,Low
0.021558327814029263,1.8360411073680802,8314,Low
0.10197641439337862,1.910171652300677,8314,Healthy
0.10561291263018996,1.9135238285014284,8314,Healthy
0.3530024762887312,0.24941446280644775,8311,Critical
0.4389002177454675,0.3285962321511357,8311,Low
0.3325118880502598,0.2305259448533557,8311,Critical
0.3528364261409316,0.24926139540002074,8311,Low
0.3325118880502598,0.2305259448533557,8311,Critical
-1.0497842091728649,1.5458397095834642,8306,Low
-0.9340306511417593,1.6525429986037272,8306,Low
-1.0230169253475683,1.570514175499497,8306,Low
-1.066106938701566,1.53079318353169,8306,Low
-1.0658412584650867,1.531038091381973,8306,Low
0.6452522456846479,0.47857715113591176,8306,Critical
1.639852352037985,-0.4454931597925375,8304,Critical
1.4892103131018193,-1.6133147562860004,8302,Critical
0.850844014151122,0.4026435861530726,8298,Low
1.179639838034351,-1.336967791754874,8296,Critical
-0.34069227829458637,1.7919529402550092,8289,Critical
0.7084719325557379,-0.1901361487022116,8283,Critical
0.6959185413820878,-0.20170804462809294,8283,Critical
0.5283072427045727,0.08454812042046249,8278,Critical
1.0976066265905289,-0.3188505564730879,8272,Low
1.124124835194126,-0.2944056916666957,8272,Critical
1.0981047770339276,-0.3183913542538069,8272,Low
1.1143278764739493,-0.3034366686458888,8272,Critical
2.456588684055563,-4.207176752720041,8267,Medium
-3.65061817972496,-2.407088168363336,8265,Low
-0.05814305975157462,0.5392627462290421,8263,Critical
1.030816980213904,0.5725484580447747,8259,Critical
0.3681584754437129,1.688836282245445,8257,Critical
0.7561981373157854,-0.8753692357162667,8255,Medium
2.184777571510718,-3.8045728010406274,8244,Medium
2.185856897471415,-3.803577862898852,8244,Medium
1.464786981567582,-1.2193260944203448,8241,Critical
0.5651924356360525,0.7024263254871181,8235,Low
1.224473845581334,-0.46917752120641276,8234,Critical
1.2480031515245382,-0.4474878697157066,8234,Medium
0.8476971102639643,-0.04953107543754506,8233,Critical
1.0493650147665858,0.13636928966804862,8233,Critical
1.0032528887226353,0.0938624709032702,8233,Critical
1.0635789074182322,0.14947185965819998,8233,Critical
1.0094758737576726,0.02476393857016117,8226,Critical
-3.7004466294341563,-2.8785126143727036,8224,Critical
2.6383705315295822,-2.8655436333174316,8223,Critical
-0.5937809174633146,1.088428112495154,8223,Low
0.46336096067859694,-0.1914654393835369,8215,Medium
0.37990415639451486,-0.268397117853748,8215,Medium
0.46756202941792696,-0.18759283400093377,8215,Medium
0.37493925697530667,-0.2729738333059154,8215,Medium
0.3680481758416229,-0.2793261306726359,8215,Medium
-3.9083971124470085,-1.8431791275152856,8201,Critical
-3.9217641493448765,-1.855501053732659,8201,Critical
-3.9098417487328647,-1.8445108139512003,8201,Critical
-3.9094930434224855,-1.8441893723977039,8201,Critical
0.40427426753717266,0.8467358107207384,8200,Low
0.8337832183687175,0.7866122443272092,8196,Critical
-2.5526735407200536,3.3177230329947536,8188,Critical
-2.61329844968169,3.261838122908255,8188,Critical
-2.553686446621631,3.316789321815549,8188,Critical
1.3068335106596534,0.07057795880819173,8167,Low
0.5503158893497372,0.8925839360775518,8163,Low
0.5497181088176586,0.8920328934144146,8163,Low
0.5503158893497372,0.8925839360775518,8163,Low
0.7154527613364456,1.0448094717692051,8163,Low
0.9172353490874894,-1.2856495831703476,8155,Low
0.9390045234640177,-1.2655824461877676,8155,Low
0.9172353490874894,-1.2856495831703476,8155,Medium
0.4191149486500576,1.1350969997719884,8154,Critical
0.5184461470637821,1.2266619222966209,8154,Medium
0.4246444185717845,1.1401941444060075,8154,Low
0.42965913303533254,1.144816780080103,8154,Low
0.510077219614682,1.2189473250127,8154,Medium
0.5137303228662733,1.222314807954094,8154,Medium
1.814492178602473,-1.9938629497913858,8142,Critical
0.9621300673862614,-1.2853047219615255,8141,Low
0.8557417376910537,-1.3833750092593056,8141,Critical
0.8762157209147452,-1.3645017980468563,8141,Critical
0.8761160908260653,-1.3645936384907125,8141,Low
0.8557417376910537,-1.3833750092593056,8141,Critical
1.0873681589876432,-0.3480426096241484,8140,Low
1.2031549270483084,-0.24130870712260002,8140,Low
1.1141188377981597,-0.32338345044875844,8140,Low
1.0710786394885017,-0.36305852219463713,8140,Low
1.071344319724981,-0.36281361434435405,8140,Low
0.6835161216023984,-0.3729119954765924,8136,Critical
1.4717711320332165,-0.7716914094055232,8134,Critical
0.6129221775915518,-0.024591899080953068,8131,Critical
1.224473845581334,-0.46917752120641276,8130,Low
0.8552896306350068,-0.12931671106774578,8129,Critical
0.8427362394613567,-0.1408886069936271,8129,Critical
-0.17884623219671517,0.9127202488227606,8120,Critical
0.9051757266439758,-0.6908759261179616,8118,Critical
0.97077403971072,-0.11086869799281313,8106,Critical
0.9973254583438769,-0.08639321970513553,8106,Critical
0.9713054001836787,-0.11037888229224668,8106,Low
0.9875949196828201,-0.09536296972175784,8106,Critical
0.36702896742780605,0.12257204949642721,8102,Critical
2.673232031844952,-4.107292633038704,8101,Medium
1.2707793814205022,-0.12815948637535426,8099,Critical
-3.9295015807104234,-2.3152040504037807,8097,Low
1.4183516794830793,-1.8266442339500768,8094,Medium
0.8584929559407631,0.4211145837943737,8090,Critical
0.8791420950786717,0.7813092725117868,8089,Medium
0.8705240924078722,0.7733650741182255,8089,Medium
0.8200393840601117,-0.15194219887740462,8087,Critical
-0.04695983887840342,2.006102681613079,8078,Low
0.6063634557697258,0.4965389776384495,8070,Critical
0.8080313602723477,0.6824393427440434,8070,Critical
0.822195437879654,0.6954959925122666,8070,Critical
0.7619192342283969,0.6399325239792649,8070,Critical
-0.8390531663305827,1.366936023974507,8065,Medium
-0.8626821023624667,1.3451545320399445,8065,Critical
0.7043590645069024,0.8307121188135883,8063,Critical
-0.10950220332958997,0.579301079752396,8062,Low
-3.1584226686663626,-3.478390550467218,8060,Critical
-0.29371793224105847,1.5225174058328341,8058,Medium
-0.3771581315103606,1.4456010341032657,8058,Medium
-0.28955007353128837,1.5263593977341519,8058,Medium
-0.38213963594434874,1.4410090119104555,8058,Medium
-0.3891137421519322,1.4345801808405214,8058,Medium
2.6041044860163813,-2.8344548044408593,8057,Critical
0.8922166292291922,0.43337599391875303,8043,Low
-3.710247061722755,-2.280841929773238,8035,Critical
-3.7236307036354033,-2.2931791627312546,8035,Critical
-3.7117083030233915,-2.282188922949796,8035,Critical
-3.7113595977130123,-2.281867481396299,8035,Critical
0.7478861667601125,0.6271316259534412,8030,Critical
-1.4739997002840728,1.3362439504260364,8024,Critical
-1.5345913992161493,1.2803896538208235,8024,Critical
-1.4749793961560906,1.3353408527281172,8024,Critical
0.86112996102054,0.6442791580848051,8007,Low
0.44426505850806086,0.6245403400163229,7997,Low
0.44366727797598227,0.6239892973531856,7997,Low
0.44431487355240074,0.6245862602382509,7997,Low
0.6093521154504294,0.776719955486048,7997,Low
0.5182448459187933,1.2264170918017319,7994,Low
0.4244929324711355,1.1399952341330466,7994,Low
0.4189302525198487,1.1348674760177422,7994,Critical
0.42952425194946353,1.1446331765477848,7994,Low
0.509942338528813,1.2187637214803817,7994,Medium
0.5135788367656243,1.222115897681133,7994,Medium
1.6975343810549044,-2.5823721654350744,7989,Low
1.7193035554314329,-2.5623050284524944,7989,Low
1.6975343810549044,-2.5823721654350744,7989,Low
0.5581290211876506,-0.10160282802616798,7987,Critical
0.6440931827035068,-0.022359831718909144,7987,Low
0.5376550379639592,-0.12047603923861731,7987,Critical
0.5580293910989709,-0.10169466847002416,7987,Low
0.5376550379639592,-0.12047603923861731,7987,Critical
1.6066101244719626,-1.7982974247895451,7979,Critical
0.7569799828893142,-0.34369070326930207,7979,Critical
0.22064931592827522,0.9109110188775764,7975,Critical
0.20809592475462504,0.8993391229516952,7975,Critical
1.5018531316275319,-0.527577585224659,7971,Critical
0.4318316398192516,0.9389736654676802,7970,Critical
-0.24320328148532327,0.7650982390809891,7969,Low
-0.717449579382726,2.245755580466402,7960,Critical
-1.9594957599988496,2.1024066236684207,7955,Low
-1.8437089919381844,2.209140526169969,7955,Low
-1.9327284761735533,2.1270810895844536,7955,Low
-1.975768674483211,2.0874060178385747,7955,Low
-1.9755029942467317,2.0876509256888576,7955,Low
1.006872068846941,-1.1546686507133492,7951,Critical
0.3236741051558687,0.3350111945469023,7945,Critical
0.8300222336472339,-0.02903803693421039,7937,Critical
0.8306200141793125,-0.028486994271073176,7937,Low
0.8566400723395108,-0.004501331683962033,7937,Critical
0.8469427437080138,-0.013440468219298934,7937,Critical
1.0949289422793318,0.6316477836662403,7936,Critical
0.31111666203759286,-0.14547954644876254,7931,Medium
2.470995096514292,-3.9250206688397964,7931,Medium
-3.715501658908346,-2.5806491475545266,7931,Low
0.5858680368891949,0.5592996786131809,7930,Critical
0.13974111271215878,0.6823058070302903,7927,Critical
1.3935389572143948,-0.7988321539425304,7923,Medium
1.401907884663495,-0.7911175566586095,7923,Medium
-0.4105321108766024,3.1853802036182914,7911,Medium
-0.4341112318641464,3.1636446319056573,7911,Critical
-0.06593617735941151,1.5225354714010237,7910,Low
0.41729180961623885,0.9628819047748403,7910,Critical
0.6190095291632005,1.1488281901023623,7910,Critical
0.6331736067705069,1.1618848398705854,7910,Critical
0.57284758807491,1.1062754511156558,7910,Critical
0.09215697494810654,2.1343425547176214,7905,Critical
-3.655856546324803,-2.3520897162605614,7903,Critical
0.28630125657441174,0.40457069658173417,7898,Medium
0.20284445229032977,0.3276390181115231,7898,Medium
0.29041930023984197,0.40836676826112384,7898,Medium
0.19787955287112147,0.3230623026593557,7898,Medium
0.1908390266044182,0.31657224462685085,7898,Medium
-0.5560720566021564,0.5699768255332897,7887,Low
0.38012318195506417,1.2771688439211708,7886,Low
3.108424605756228,-3.9759640785076873,7885,Critical
-3.584972007954057,-2.5915681477288754,7867,Critical
-3.5983058348223653,-2.6038594604649634,7867,Critical
-3.5864000392251336,-2.5928845274241477,7867,Critical
-3.5860845439443145,-2.5925936993519363,7867,Critical
1.3351474103429133,-0.19128792335096023,7866,Critical
-1.5763579947607833,1.589149365914669,7863,Critical
-1.6369164836632997,1.5333256827907413,7863,Critical
-1.5773044806032412,1.588276881698035,7863,Critical
1.150218972808269,-0.284523038667975,7838,Low
0.9170229001249943,0.5558151012705994,7834,Low
0.9088200228236938,0.5482535713931056,7834,Medium
0.9124565210605051,0.5516057475938569,7834,Medium
0.8233706167660164,0.46948508404577044,7834,Low
0.8178079368147295,0.46435732593046597,7834,Critical
0.8283853312295645,0.4741077197198659,7834,Low
0.6591107461031639,0.2509063730122562,7830,Low
0.6584797555415254,0.2503247168678336,7830,Low
0.6591771661622837,0.25096759997482704,7830,Low
0.8241479880011924,0.40304006826005323,7830,Low
0.20497372879268919,0.948953278576957,7821,Critical
0.192420337619039,0.9373813826510756,7821,Critical
1.4322848259889964,-2.298126532843903,7820,Low
1.4541038154098647,-2.278013475639395,7820,Low
1.4322848259889964,-2.298126532843903,7820,Low
0.32590916435542727,-0.4801617085262618,7817,Critical
0.41192314091562326,-0.4008727919970748,7817,Low
0.3054351811317358,-0.4990349197387111,7817,Critical
0.3258095342667475,-0.480253548970118,7817,Low
0.3054351811317358,-0.4990349197387111,7817,Critical
1.7405738590136102,-2.0236809728175587,7816,Critical
0.4707698780992046,-0.32442606211072844,7812,Critical
1.325019684649359,-0.19731383976380795,7808,Critical
0.7595808598406992,0.280784548173124,7807,Critical
-0.30538515674906436,0.7067446752562715,7806,Low
-0.7132411519289891,2.1284909263195733,7796,Critical
-3.0566332929740647,5.189464747403903,7795,Low
-2.9408963399577392,5.296152729683524,7795,Low
-3.029866009148768,5.214139213319935,7795,Low
-3.072922812473206,5.174448834833414,7795,Low
-3.0727069472810666,5.174647822461769,7795,Low
0.9670615935895523,-1.1608612959456206,7785,Critical
0.5598306087527061,-0.14488701664355605,7785,Critical
1.3348415284415902,-0.06910608097581697,7776,Critical
0.3232253054491393,1.6474162420662983,7770,Critical
1.1604013631944385,-1.5595860738930403,7768,Medium
0.8393719840829995,-0.052113760614153966,7768,Critical
0.8400693947037579,-0.05147087750716057,7768,Low
0.8660894528639561,-0.027485214920049357,7768,Critical
0.8563423091881193,-0.03647027167731438,7768,Critical
1.112549110704028,0.1373174330295341,7766,Medium
1.1041801832549276,0.1296028357456132,7766,Medium
-3.5699363611274455,-2.8347518399134026,7765,Low
0.5895394584955502,0.5494869022548852,7761,Critical
2.186022947619215,-3.803424795492425,7755,Medium
0.3638184225351902,1.4268701167378492,7748,Medium
0.3402393015476462,1.4051345450252148,7748,Critical
0.9466657976784196,-0.542993993453192,7741,Medium
0.8632588084386774,-0.619879751701475,7741,Medium
0.9507672363290699,-0.5392132285144451,7741,Medium
0.8582773040046893,-0.6244717738942851,7741,Medium
0.851203567708426,-0.6309924454080754,7741,Medium
0.9691944444543631,-0.405204563113322,7741,Critical
1.1709121640013245,-0.21925827778580026,7741,Critical
1.185076241608631,-0.20620162801757697,7741,Critical
1.124750222913034,-0.26181101677250673,7741,Critical
-0.5703915182876907,2.1355375115652264,7738,Low
0.07283193115671932,1.650453902952069,7738,Critical
-3.978001646670123,-1.9496028455728305,7735,Critical
-0.049010581651384215,0.3221510895055312,7724,Low
0.7583640239316108,0.35645029195529804,7721,Critical
0.8167013736728489,0.09073725014294846,7720,Low
1.1484013660176304,-0.04728774260567963,7700,Critical
-3.837262184121329,-2.285665186111111,7697,Critical
-3.850596010989637,-2.297956498847199,7697,Critical
-3.8386404003480656,-2.286935645584455,7697,Critical
-3.838324905067246,-2.2866448175122436,7697,Critical
-0.7815132308540764,-0.32652413620541054,7690,Critical
-0.8421049297861527,-0.38237843281062345,7690,Critical
-0.782492926726094,-0.32742723390332973,7690,Critical
1.0595436536838667,0.5995356766454502,7680,Medium
1.1794318603951823,0.7100503440857454,7680,Medium
1.0676469008964875,0.6070053660790878,7680,Low
0.9741108526409692,0.5207824960387577,7680,Low
0.9685315676749024,0.5156394311828104,7680,Critical
0.9790757520601774,0.525359211490925,7680,Low
0.6832906194537155,-0.46808873725368094,7678,Low
1.2538227145638812,-0.5845017385533195,7667,Low
1.2531751189874627,-0.5850987014383849,7667,Low
1.2538725296082212,-0.5844558183313915,7667,Low
1.41876032637323,-0.43245988374937877,7667,Low
1.2566737801818317,-0.9321558308792494,7659,Critical
0.5823954185117902,-0.14508789941305036,7658,Critical
0.5698420273381399,-0.15665979533893168,7658,Critical
1.6107043370003007,-2.4212260062020103,7653,Low
1.6325067214063889,-2.401128255738145,7653,Low
1.6107043370003007,-2.4212260062020103,7653,Low
1.5445242985310685,-2.1716881347427646,7653,Critical
1.6305382750912645,-2.0923992182135778,7653,Low
1.524050315307377,-2.190561345955214,7653,Critical
1.5444246684423888,-2.171779975186621,7653,Low
1.524050315307377,-2.190561345955214,7653,Critical
0.4830433307437185,-0.1969107962287724,7649,Critical
1.03747237720061,-0.19479247374192146,7644,Critical
-1.5073151716227695,2.8887156885680874,7641,Low
-1.391561613591664,2.99541897758835,7641,Low
-1.480547887797473,2.91339015448412,7641,Low
-1.523588086107131,2.8737150827382414,7641,Low
-1.5233722209149914,2.873914070366596,7641,Low
1.2987575697937723,-0.5018307045999933,7639,Critical
-0.3565916397743013,2.718591644484855,7638,Critical
-0.6545746712448621,0.8280135982883948,7634,Low
0.8999638057441178,-0.7757138085793908,7625,Critical
-0.033190711727145585,0.6773834405392218,7621,Critical
0.7330101835745626,0.757427397047573,7609,Medium
0.7246246511106825,0.7496974930230094,7609,Medium
0.13917342185212025,0.2786823787621566,7608,Medium
0.6498803688659429,0.6183071637907901,7607,Critical
0.8136594160348695,0.37978638405908327,7604,Critical
1.4399905819387795,-0.9029933759295875,7601,Critical
1.4407212025890976,-0.9023198793413088,7601,Low
1.4667412607492958,-0.8783342167541975,7601,Critical
1.4570605371325789,-0.8872580465488917,7601,Critical
0.9688921999643589,0.8640422056855815,7601,Medium
-4.045862576719079,-2.2407105712702284,7595,Low
0.5444454102046663,0.7656822757261723,7594,Critical
0.8252334240180288,-0.34611244608828334,7584,Medium
0.7418264347782866,-0.4229982043365664,7584,Medium
0.8293016526391191,-0.34236229463082185,7584,Medium
0.7368615353590784,-0.4275749197887338,7584,Medium
0.7296715639593554,-0.4342027384870229,7584,Medium
1.7946812523572016,-1.1772537561856242,7584,Critical
1.9963491568598233,-0.9913533910800306,7584,Critical
2.01051323446713,-0.9782967413118074,7584,Critical
1.9502370308158727,-1.033860209844809,7584,Critical
0.9098577572186526,0.37966989713075894,7580,Low
1.047911850099245,0.5069301388341683,7580,Critical
0.33735598853526133,1.1728364463695844,7578,Medium
0.3138266825920571,1.1511467948788783,7578,Critical
-3.9126812062602383,-1.8471282666011022,7571,Critical
2.5674604057448245,-2.320677763561398,7564,Critical
0.4144053509782321,1.0321366326004602,7557,Low
0.23851220440810253,1.1479896645924823,7556,Low
0.7740705870117776,0.8782529392455084,7540,Critical
-3.5529909828018926,-2.3535414849667804,7536,Critical
-3.5663746247145407,-2.365878717924797,7536,Critical
-3.554385804043409,-2.354827251180767,7536,Critical
-3.55407030876259,-2.3545364231085557,7536,Critical
-1.7480131442273201,2.1919715758521283,7528,Critical
-1.8086048431593964,2.1361172792469154,7528,Critical
-1.748992840099338,2.191068478154209,7528,Critical
1.762150552311607,-0.8490448445083743,7520,Low
1.6686477140856486,-0.935237101067419,7520,Low
1.663035219090022,-0.9404107794046517,7520,Critical
1.6736292185196369,-0.9306450788746089,7520,Low
1.7540971201433262,-0.8564686137200839,7520,Medium
1.7577336183801375,-0.8531164375193325,7520,Medium
0.9911538037486218,-1.4404360043922162,7508,Low
0.9157147675571985,-0.1733042149191901,7501,Low
0.91506717198078,-0.17390117780425537,7501,Low
0.9158143976458782,-0.1732123744753339,7501,Low
1.0805859593074274,-0.021323587077820026,7501,Low
0.3243497787976286,0.3729304456865171,7499,Critical
0.41041357040216453,0.45226528243763214,7499,Low
0.3038591905591572,0.3540419277334251,7499,Critical
0.32425014870894886,0.3728386052426609,7499,Low
0.3038591905591572,0.3540419277334251,7499,Critical
0.5215779162431727,0.18439330952655936,7495,Critical
0.5287657592418679,-0.06615934121944435,7495,Critical
0.5162123680682177,-0.07773123714532566,7495,Critical
1.5859150172298249,-0.6515765703755175,7490,Critical
1.3436607377247696,-1.6785024599008036,7489,Critical
1.255483607039737,-2.0185601988645763,7484,Low
1.2772527814162655,-1.9984930618819963,7484,Low
1.2554337919953973,-2.0186061190865043,7484,Low
1.470719865988139,-0.18773024412133257,7482,Critical
-1.3963957084933818,2.4042087867719983,7481,Low
-1.2806587554770563,2.5108967690516186,7481,Low
-1.3696284246680852,2.428883252688031,7481,Low
-1.4126686229777432,2.3892081809421524,7481,Low
-1.4124693628003837,2.3893918618298646,7481,Low
0.10924037276019977,1.93520607644427,7477,Critical
0.30797202454955486,1.1041581963287623,7476,Critical
0.006813969591861583,0.19757959467502065,7470,Low
1.1773100632081106,-1.4098867871864975,7462,Critical
1.0501120073882182,0.5903348906715923,7450,Critical
0.5325622493071887,0.9359890530475966,7449,Medium
0.5241933218580885,0.9282744557636757,7449,Medium
1.2130645142960559,-1.7976767061163053,7442,Medium
0.6535517904722984,0.6084943874324944,7437,Critical
1.1178025507299318,-0.3715788262415222,7435,Critical
1.1185995914393698,-0.37084410269067264,7435,Low
1.144669464643908,-0.34681251988163336,7435,Critical
1.134972136012411,-0.35575165641697026,7435,Critical
1.492073114918681,-0.7080019549687475,7435,Medium
-4.025348233720298,-1.9737811606449525,7431,Low
0.4568936617004616,0.7705481045244896,7425,Critical
0.17521281971866606,0.5695576786498969,7424,Medium
0.09185564552326375,0.4927178406235419,7424,Medium
0.17926444332497646,0.5732925233667158,7424,Medium
0.08689074610405556,0.4881411251713746,7424,Medium
0.07965095965999269,0.4814673862511573,7424,Medium
1.9717653379962379,-1.6153518932402875,7424,Critical
2.1734830575432,-1.4294056079127657,7424,Critical
2.1875973201061663,-1.4163948783664706,7424,Critical
2.127321116454909,-1.4719583468994721,7424,Critical
0.31002067214983897,1.5055844579178517,7415,Medium
0.28649136620663473,1.4838948064271456,7415,Critical
-0.42140911441409346,2.1905146956312067,7414,Low
-0.2772775861240353,2.323377204409844,7414,Critical
-3.714497945506425,-2.284760455377769,7405,Critical
0.7790029830826714,0.5301831257079392,7396,Low
0.41886693806093767,1.1787265632466586,7394,Low
0.7873262702284476,0.8456398831834436,7380,Critical
-3.8588963738357513,-1.756119067350866,7376,Critical
-3.87226341073362,-1.7684409935682395,7376,Critical
-3.860241380032928,-1.7573589133429246,7376,Critical
-3.859925884752109,-1.7570680852707132,7376,Critical
3.301004003013248,-5.146062858895293,7375,Critical
-0.5401682519012418,0.2083845263086226,7367,Critical
-0.6006935307741983,0.1525914566659804,7367,Critical
-0.5410815277141396,0.20754265557327406,7367,Critical
1.4292933733913227,-0.44908539265539515,7357,Low
1.335906770268824,-0.535170502029941,7357,Low
1.3408716696880323,-0.5305937865777736,7357,Low
1.4213893863560614,-0.45637140120132047,7357,Medium
1.424992674563313,-0.4530498384818545,7357,Medium
1.3302776702584174,-0.5403594871078163,7357,Critical
1.0222210593553795,-1.042158643116353,7348,Low
0.3516902680369373,1.062390904077498,7341,Low
0.35099285741617897,1.0617480209705046,7341,Low
0.351806503140397,1.0624980512619968,7341,Low
0.5165282497576065,1.2143409184375826,7341,Low
0.18086789701204029,0.14141726222566484,7336,Critical
0.2669316886165761,0.22075209897677986,7336,Low
0.16039391378834886,0.12254405101321549,7336,Critical
0.18076826692336054,0.14132542178180865,7336,Low
0.16039391378834886,0.12254405101321549,7336,Critical
1.0377155571798495,-1.06086446762647,7329,Critical
1.0251621660061991,-1.0724363635523513,7329,Critical
1.173040416675335,-0.4241158537230655,7327,Critical
0.6715324047823714,-0.8779435298332976,7324,Critical
-1.7633566270837735,3.100108781594897,7323,Low
-1.647652884097008,3.2067661503932317,7323,Low
-1.736589343258477,3.12478324751093,7323,Low
-1.779646146582915,3.085092869024408,7323,Low
-1.7794302813907754,3.085291856652763,7323,Low
1.8058623673944505,-2.4531183011053406,7320,Critical
1.2023017031330505,-0.051882351404493376,7318,Critical
0.34020083228600506,0.28492282814441455,7316,Critical
-0.10847084856105756,2.155765130837447,7314,Critical
2.192849987110431,-4.074335883403011,7306,Low
2.214668976531299,-4.054222826198503,7306,Low
2.192800172066091,-4.074381803624939,7306,Low
1.911471045471423,-2.4816410745850632,7302,Critical
-0.5065816930249745,0.7264043944621679,7301,Low
1.2900578035800363,-0.11038836048917935,7290,Critical
0.865778276242935,0.08047311248834958,7283,Medium
0.8741472036920351,0.08818770977227051,7283,Medium
1.2392405811094669,-1.54402554955332,7282,Medium
1.2026645259148743,0.2203871144974679,7278,Medium
0.6084577421814146,0.8246897609037814,7271,Critical
1.065534063557021,-0.5933186516729033,7269,Critical
1.0663643142960189,-0.5925533146407683,7269,Low
1.092450792515337,-0.5685064250910864,7269,Critical
1.08275346388384,-0.5774455616264232,7269,Critical
0.7858629793760787,0.8041576613113682,7268,Critical
0.19979195056459692,0.5103881144632508,7264,Medium
0.11645138138397454,0.4335635831775386,7264,Medium
0.20386017918568727,0.5141382659207123,7264,Medium
0.11146987694998628,0.42897156098472855,7264,Medium
0.10413046041724366,0.42220598162065504,7264,Medium
-4.093981998275019,-2.175259177411874,7261,Low
0.6722574334967074,0.2232748326009161,7258,Critical
0.8739751530436691,0.40922111792843785,7258,Critical
0.8880894156066356,0.42223184747473297,7258,Critical
0.8278132119553785,0.3666683789417314,7258,Critical
0.06927020991682536,1.6639525105606643,7254,Low
0.2072412777235181,1.7911362185608601,7254,Critical
1.090041588507262,0.21102451185940624,7252,Medium
1.0665122825640578,0.18933486036870012,7252,Critical
-0.09286342155419805,2.1068461504996425,7237,Low
-3.5892228917377267,-2.5954866733334065,7237,Critical
0.910074609108238,0.06748410550329575,7225,Low
0.5825267733729312,0.8752347553173833,7214,Critical
1.3527933494732618,-0.4790828453175288,7212,Critical
-3.499185761589216,-2.7540913721320233,7208,Critical
-3.5125527984870843,-2.766413298349397,7208,Critical
-3.5005307677863926,-2.7553312181240823,7208,Critical
-3.500182062476014,-2.7550097765705854,7208,Critical
-1.2517015618066247,1.38740187655109,7205,Critical
-1.3122268406795814,1.331608806908448,7205,Critical
-1.2526148376195227,1.3865600058157417,7205,Critical
1.2675420223017397,-0.36762883943093244,7190,Low
1.174238444253141,-0.4536374151022647,7190,Low
1.1685263191688344,-0.45890293388335357,7190,Critical
1.1791701336427893,-0.44909131313138273,7190,Low
1.2597376653551582,-0.3748230075330015,7190,Medium
1.2632745335032898,-0.3715626717761064,7190,Medium
0.1803456214703645,0.3523835585739042,7188,Low
0.5520605052283792,0.5669310120643226,7178,Low
0.5513630946076209,0.5662881289573292,7178,Low
0.552160135317059,0.5670228525081787,7178,Low
0.7167822518455886,0.7187738792399083,7178,Low
0.2540370376741842,0.17278588389859414,7176,Critical
0.3401506443230599,0.2521666408716372,7176,Low
0.23361286949483265,0.15395859290807296,7176,Critical
0.2539872226298443,0.17273996367666603,7176,Low
0.23361286949483265,0.15395859290807296,7176,Critical
0.9496354619592634,-0.47131836615533196,7172,Critical
0.9370820707856132,-0.4828902620812133,7172,Critical
0.8547912106500536,-0.7387862483458725,7166,Critical
1.1189485225833944,-0.5037067185183075,7160,Critical
-0.6803327803586462,1.1059608265814391,7160,Low
-0.5647452724753403,1.2125110481952752,7160,Low
-0.6535987065629095,1.1306046790161866,7160,Low
-0.6966056948430075,1.090960220751593,7160,Low
-0.696406434665648,1.0911439016393054,7160,Low
1.776955379187328,-1.955947308681774,7160,Critical
-0.023023828332172938,1.0231943291946066,7159,Critical
-0.013771347380234299,2.1335129192320332,7154,Critical
1.5020598626322164,-0.8492294503221873,7149,Critical
0.8187794821819795,-0.7307122907350878,7141,Critical
-0.22274167710944087,0.7126148771628378,7141,Low
1.5173037225011636,-2.6145531571065184,7133,Low
1.539056291862912,-2.594501326864581,7133,Low
1.5172539074568236,-2.6145990773284464,7133,Low
0.8706605371518553,0.6515843803820626,7129,Medium
0.8790792796452954,0.6593448978879116,7129,Low
0.8231588088149688,0.8405276919967922,7121,Medium
0.6051464590487291,0.5770708044993558,7120,Critical
0.5667375703085424,-0.7288675151505105,7116,Medium
0.39652642470134664,0.4995160067695602,7110,Medium
0.3132190655502842,0.4227220889651334,7110,Medium
0.400594653322437,0.5032661582270217,7110,Medium
0.30825416613107604,0.41814537351296605,7110,Medium
0.30086493455399355,0.41133387392696447,7110,Medium
0.6269540671049029,0.7398169309744503,7109,Critical
0.6434428467814037,0.7550165244326517,7109,Critical
0.6261072113511249,0.7390362872016727,7109,Critical
0.653073755353781,0.7638944340054178,7109,Critical
1.0240363795193905,0.107160025090123,7105,Critical
0.5209059936772098,0.8295555897020988,7102,Critical
-3.67619643652588,-2.362324493856842,7101,Low
1.265107391835861,-0.24215314043202477,7091,Critical
1.2792216543988275,-0.22914241088572965,7091,Critical
1.0633896722888994,-0.4280994257595465,7091,Critical
1.2189454507475705,-0.28470587941873127,7091,Critical
0.751774976233127,0.703760847795591,7088,Critical
0.775354097220671,0.7254964195082252,7088,Medium
0.10079490269111155,1.002682828114056,7081,Low
0.23874936548302436,1.1298512293736092,7081,Critical
0.45612849142906686,0.6402459058060649,7068,Low
-3.8414798578754388,-2.289553098234357,7067,Critical
0.8089992883530672,0.9501253456073843,7057,Critical
1.2332034092831556,-0.6266345296216368,7053,Low
0.48027809955269635,0.9912965446964797,7049,Critical
-0.5911839509087065,0.38791304116610625,7046,Critical
-0.651676019752103,0.3321505850047495,7046,Critical
-0.5920640166920443,0.3871017839120431,7046,Critical
-3.5599600061492334,-2.762022542377358,7038,Critical
-3.5734100681210017,-2.774421002297945,7038,Critical
-3.56132161736119,-2.7632776951100593,7038,Critical
-3.5609563070360313,-2.76294094681592,7038,Critical
1.4499086444851133,-0.2108169748569588,7033,Medium
1.453395697588905,-0.20760255932199176,7033,Medium
1.457646581372575,-0.20368403371746055,7033,Low
1.364409423383096,-0.2896313824262221,7033,Low
1.3583319879736304,-0.29523364950145037,7033,Critical
1.3693411127727444,-0.2850852804553401,7033,Low
1.011510450037857,-1.1761895044442856,7025,Low
0.4995225888038876,0.43058321717691445,7018,Critical
0.4869691976302373,0.41901132125103313,7018,Critical
1.5307856893004859,-1.7414389960726284,7016,Low
1.4445724525629302,-1.8209115934895277,7016,Low
1.4445724525629302,-1.8209115934895277,7016,Critical
1.4241980994279184,-1.8396929642581208,7016,Critical
1.4241980994279184,-1.8396929642581208,7016,Critical
1.0113716427188717,-0.3582452052208282,7011,Low
1.0106908371128933,-0.35887278158717895,7011,Low
1.0115376928666713,-0.3580921378144012,7011,Low
1.1760601793065213,-0.20643295152652785,7011,Low
0.23747115677315145,0.37831169134387954,6999,Critical
1.6446582168399013,-1.2217461916449748,6997,Critical
0.5865778272962511,0.6844691869322528,6994,Low
0.7021653351795569,0.7910194085460887,6994,Low
0.6132952960772078,0.7090977326263573,6994,Low
0.5702883077971097,0.6694532743617638,6994,Low
0.5705041729892493,0.669652261990119,6994,Low
0.9760486866030773,-0.9288369703642746,6993,Critical
1.1159473825899988,-1.968226704944278,6993,Critical
1.2795864311593415,-0.03233607488971458,6989,Critical
0.3468825001365615,1.2400191761053125,6988,Critical
1.837041660488859,-2.355793731390169,6981,Critical
-0.29803600106572875,0.6845281296615852,6978,Low
1.247715221726016,-1.7881082932916217,6967,Low
1.2694843961025442,-1.7680411563090417,6967,Low
1.247665406681676,-1.7881542135135498,6967,Low
1.3602546672168951,-0.7724941048515744,6963,Medium
1.3686734097103352,-0.7647335873457255,6963,Low
0.622677664518035,1.0190587345155306,6961,Medium
-5.946819165059754,-3.468500988036563,6959,Low
0.7441954471111184,1.0127335081119266,6951,Critical
0.6089175107437642,0.5673498685849163,6951,Critical
0.7886037262882325,-0.5259548072217303,6950,Low
0.70529636713717,-0.6027487250261571,6950,Low
0.792605534850203,-0.5222658827268395,6950,Low
0.7003148627031819,-0.6073407472189671,6950,Low
0.6928260010374196,-0.614244087248825,6950,Low
0.6242400194793976,0.5869409286365216,6945,Critical
0.6503597077282757,0.6110184316674889,6945,Critical
0.6407121941411186,0.6021252153540801,6945,Critical
0.6233433486812797,0.5861143646418158,6945,Critical
0.8498753113528269,0.8631651464889775,6945,Critical
-3.6931078189450544,-2.6391890574101615,6936,Low
0.5552092930162864,1.5343389075886082,6934,Medium
0.5316799870730822,1.5126492560979021,6934,Critical
1.7256733489826122,-1.2211611358173626,6931,Critical
1.9278394039286328,-1.034801568492488,6931,Critical
1.9419038514472595,-1.021836759168121,6931,Critical
1.8816774628403423,-1.0773543074791945,6931,Critical
0.5777723370799394,0.5106821182982564,6915,Low
0.7157267998718522,0.6378505195578096,6915,Critical
-0.27744692069659693,2.457579668740339,6911,Low
-3.5572086565560026,-2.3574293970900264,6905,Critical
-1.2991965598692587,2.3523638326317515,6903,Critical
-1.3596886287126553,2.2966013764703948,6903,Critical
-1.3000766256525966,2.3515525753776885,6903,Critical
-0.28706007723796456,2.932894893541121,6898,Low
1.2378320345681633,-0.21717035644402463,6890,Critical
0.86285812235107,0.20264016431769333,6882,Critical
-3.5994811409717222,-2.2945444595918314,6876,Critical
-3.6129644129730503,-2.306973532993704,6876,Critical
-3.6008261471688994,-2.29578430558389,6876,Critical
-3.60051065188808,-2.2954934775116786,6876,Critical
1.1970749581583011,0.0736334927644814,6873,Low
1.103937430257502,-0.012222015500423927,6873,Low
1.1088525146323704,-0.007691220270184677,6873,Low
1.1894864664038591,0.06663831229076746,6873,Medium
1.192923704463311,0.06980680760380632,6873,Medium
1.0978101798036966,-0.01787020279758031,6873,Critical
1.966810422874433,-3.0656051215400364,6856,Low
0.4743537110156665,0.014289202139632603,6855,Critical
0.4618003198420163,0.0027173062137511774,6855,Critical
0.43218446465101357,-0.37573782752618773,6853,Critical
0.5182980712998895,-0.29635707055314453,6853,Low
0.41171048142732214,-0.39461103873863707,6853,Critical
0.4320848345623338,-0.37582966797004397,6853,Low
0.41171048142732214,-0.39461103873863707,6853,Critical
1.5650549276540384,-1.4640094535679224,6842,Low
1.5643077019889402,-1.4646982568968439,6842,Low
1.5651711627574982,-1.4639023063834236,6842,Low
1.7296438341530083,-1.3122890403174783,6842,Low
1.1830405272131463,-1.1262168182878372,6839,Critical
1.4728664627550778,-0.7973853561610948,6837,Critical
0.2514614300717512,0.2894315227412477,6836,Critical
1.6984934319145166,-1.818201086625516,6833,Critical
1.2939436054919138,0.08932155332771854,6832,Critical
0.21531974029113357,0.6747233290479668,6828,Critical
-1.9350985412020023,3.0472541408978286,6827,Low
-1.8194612182743566,3.153850282733593,6827,Low
-1.9083644674062656,3.071897993332576,6827,Low
-1.9513714556863637,3.0322535350679827,6827,Low
-1.9511555904942242,3.0324525226963375,6827,Low
1.1116160289587342,-1.3003059722099932,6818,Critical
1.3362388678031194,-0.1306969077151306,6809,Medium
1.3447240303556791,-0.12287516324671083,6809,Low
-0.2441893182469665,0.28655400598918834,6808,Low
0.6176575808560812,1.2185680371265626,6797,Critical
0.2509262918001747,-2.0801476405441783,6795,Critical
0.2727452812210429,-2.0600345833396703,6795,Low
0.2508764767558348,-2.0801935607661064,6795,Low
0.9642460138881015,0.1712420844995617,6794,Low
0.6936170174120806,-0.9686191712849942,6792,Low
0.9106317034869652,0.4875173301607947,6790,Low
0.8273741593802425,0.41076933257829595,6790,Low
0.9146999321080556,0.49126748161825623,6790,Low
0.8224092599610343,0.4061926171261286,6790,Low
0.8148705832509322,0.3992433568743427,6790,Low
0.5638234624528804,0.7835452420562034,6785,Critical
1.0879988964517988,0.16612159004580418,6782,Critical
0.1408985031935041,2.2679035533952323,6780,Critical
0.2205361540781952,2.3413146815176225,6780,Critical
0.23465041664116176,2.354325411063918,6780,Critical
0.1743742129899047,2.298761942530916,6780,Critical
0.43742903082815016,0.6205153381329244,6776,Critical
0.438358911655828,0.6213725156089156,6776,Critical
0.464478599904706,0.6454500186398829,6776,Critical
0.45489750637666876,0.636618029289045,6776,Critical
-4.062152459223504,-1.9374314249227398,6772,Critical
0.38279311543815553,1.059189180850181,6765,Medium
0.35921399445061153,1.0374536091375468,6765,Critical
-0.5460737536622713,2.9099432836650507,6754,Low
0.464185039010917,0.6885196143802078,6749,Low
0.6021561068176098,0.8157033223804037,6749,Critical
-3.8630808375603016,-1.759976365992826,6746,Critical
-1.026486074040492,1.092763280820346,6743,Critical
-1.0869449328543288,1.0370314381402745,6743,Critical
-1.0273329297942702,1.0919826370475683,6743,Critical
-0.568082730857408,3.005888416324084,6734,Low
0.8833603141706102,0.8190806325602634,6733,Critical
0.5332857863234256,0.7511045032295038,6716,Critical
1.8223698258700691,-1.1611079482401014,6709,Low
1.7292655079988297,-1.2469328430237212,6709,Low
1.7230386274563445,-1.2526728707647339,6709,Critical
1.734197197388478,-1.2423867410528393,6709,Low
1.8148145441451868,-1.16807251523253,6709,Medium
1.8180525220272792,-1.1650877008072034,6709,Medium
-3.803434872034213,-2.3731384573112124,6706,Critical
-3.8169015390207615,-2.3855522239724425,6706,Critical
-3.80474666820183,-2.3743476898219855,6706,Critical
-3.8044643829505707,-2.3740874752310597,6706,Critical
0.9952722548148351,-1.2398662341629663,6689,Critical
1.0813858614637109,-1.1604854771899231,6689,Low
0.9747816665763637,-1.2587547521160583,6689,Critical
0.9951726247261553,-1.2399580746068224,6689,Low
0.9747816665763637,-1.2587547521160583,6689,Critical
2.2221889440610454,-3.538613548636411,6687,Low
0.2716379358482084,0.03802643660904936,6685,Critical
0.2590845446745581,0.02645454068316802,6685,Critical
0.968806213880335,-1.0736839057843441,6679,Critical
0.7581506347170454,0.05570894293986663,6676,Low
0.7573535940076073,0.054974219389017,6676,Low
0.7583000798500651,0.05584670360565094,6676,Low
0.9226731211568954,0.20736812922773998,6676,Low
1.375286934663667,-1.4409806875137352,6670,Critical
0.5707175074953248,-0.395119166520278,6669,Critical
1.6355856994031988,-1.5201388068856354,6668,Critical
1.5093674548477378,-0.8689467661272408,6663,Critical
0.31205176930022666,0.22485174162186294,6661,Critical
0.3088285624598167,1.1069719441458887,6661,Low
0.4244160703431225,1.2135221657597246,6661,Low
0.3355626362555533,1.131615796580636,6661,Low
0.2925556479754553,1.0919713383160425,6661,Low
0.2927549081528149,1.0921550192037548,6661,Low
1.0910908164976156,-1.4093891470131232,6652,Critical
-0.2051260778663745,0.8264387616959388,6651,Low
1.0405109214618147,-0.08857075989021694,6646,Medium
1.0489794789995948,-0.08076432216243982,6646,Low
0.9691448798118019,0.7423686591339174,6641,Low
0.7968087831683958,0.7745969556667336,6640,Critical
2.176175323028748,-3.186225862368972,6631,Critical
2.1979943124496164,-3.166112805164464,6631,Low
2.176125507984408,-3.1862717825909,6631,Low
0.33876962352553713,-0.21778737135646611,6629,Low
0.8081579640435267,1.0716950730676078,6628,Critical
1.450142609609486,-1.008252700400999,6618,Low
1.3669348805471033,-1.0849547777615696,6618,Low
1.4541942332157964,-1.00451785568418,6618,Low
1.3619201660835552,-1.089577413435665,6618,Low
1.3543316743291132,-1.0965725939093791,6618,Low
0.4763879490521353,0.7885182180390197,6615,Critical
1.1410662921172066,-0.04919644307026179,6613,Critical
1.2207039430018978,0.02421468505212825,6613,Critical
1.2348182055648642,0.037225414598423476,6613,Critical
1.1745420019136072,-0.01833805393457828,6613,Critical
0.6206729054912177,0.43080028212143084,6610,Critical
0.6216692063780153,0.43171868655999285,6610,Critical
0.6478387096712332,0.4558421098128883,6610,Critical
0.6382078010988561,0.4469642002401222,6610,Critical
-3.751999642962003,-2.653222695814908,6604,Critical
-0.6052418554966427,-0.18705446684836027,6602,Medium
-0.6288209764841868,-0.20879003856099457,6602,Critical
0.45562452624753663,1.3828641773894939,6600,Low
-1.046954920745811,1.514533657013835,6592,Critical
-1.1074137795596477,1.4588018143337635,6592,Critical
-1.047801776499589,1.5137530132410573,6592,Critical
0.4796736184764965,1.0121382796787026,6582,Critical
0.3416693406402438,0.8849239581972212,6582,Low
-3.503320410269426,-2.7579027505520557,6578,Critical
0.507877004504064,1.1767379471687822,6571,Low
0.8646433256733698,0.5459110704651853,6570,Critical
1.2060147373384924,0.3668286607975215,6555,Low
1.1130764696150526,0.2811568334203286,6555,Low
1.118008159004701,0.2857029353912105,6555,Low
1.19862550576141,0.36001716121151994,6555,Medium
1.201597803407023,0.36275706778656325,6555,Medium
1.1067499589838876,0.2753249652354598,6555,Critical
-0.15620877973893743,0.6119997881887417,6547,Critical
-3.7264796583555158,-2.299352409189062,6540,Critical
-3.739962930356844,-2.3117814825909346,6540,Critical
-3.7278080595379124,-2.300576948440478,6540,Critical
-3.727525774286653,-2.300316733849552,6540,Critical
-2.9735824425875617,4.769485170190026,6530,Low
0.4464046737075771,0.1883188804260907,6525,Critical
0.4338512825339268,0.1767469845002094,6525,Critical
0.9546846664304373,-1.4052033394609171,6523,Critical
1.0407982730793128,-1.325822582487874,6523,Low
0.934160868162406,-1.4241224708952946,6523,Critical
0.9545850363417574,-1.4052951799047733,6523,Low
0.934160868162406,-1.4241224708952946,6523,Critical
1.207524873919565,-1.6120855853135279,6515,Critical
0.6506298055819887,0.2157440022740031,6510,Low
0.6497829498282106,0.2149633585012254,6510,Low
0.6507294356706684,0.21583584271785927,6510,Low
0.815002846888819,0.3672654278960921,6510,Low
1.3242198369186007,-1.2093750372551613,6510,Critical
1.3451420393426095,-0.7459591947363473,6505,Critical
0.34863735404548135,0.7129519550842451,6504,Critical
0.3922289585390884,-0.11168953429103469,6503,Critical
1.2529310408685748,-0.32921849811212767,6498,Low
1.3684687337075407,-0.22271419672021972,6498,Low
1.2796651146643112,-0.30457464567738035,6498,Low
1.2366415213694333,-0.3442344106826165,6498,Low
1.2368573865615728,-0.3440354230542614,6498,Low
0.7350434419552121,-0.5842618155511624,6497,Critical
1.3315338845872,-0.4095065829363977,6485,Low
0.5736137610188495,-0.554480679154697,6485,Critical
1.3230653270494201,-0.4173130206641748,6485,Medium
1.110369926747779,0.10329390698621303,6480,Critical
-0.772796172565926,0.7993648974006624,6475,Low
1.4587390098768416,-0.6817098260997196,6474,Low
0.6816200977884895,1.2775296020822435,6474,Critical
-0.26624212805138475,2.400212589155558,6469,Low
-0.26624212805138475,2.400212589155558,6469,Low
-0.26624212805138475,2.400212589155558,6469,Low
-0.26624212805138475,2.400212589155558,6469,Low
-0.17260644970718678,2.4865272996397443,6469,Low
0.9849866448802157,-1.2892947023848547,6466,Low
1.780405154461895,-2.6842009016798722,6465,Critical
1.8022241438827633,-2.664087844475364,6465,Critical
1.780355339417555,-2.6842468219018003,6465,Low
0.8053904767573125,0.8221583883071837,6458,Critical
1.2905209176642314,-0.3128517745519024,6447,Critical
1.3701585685489226,-0.2394406464295122,6447,Critical
1.384272831111889,-0.2264299168832171,6447,Critical
1.323996627460632,-0.28199338541621877,6447,Critical
0.6403472679693084,0.5412810655202843,6447,Critical
0.6413767788856659,0.5422300834401317,6447,Critical
0.6675628871936639,0.56636881343367,6447,Critical
0.6579153736065068,0.5574755971202611,6447,Critical
-3.393698513865879,-2.7457808804873074,6446,Critical
0.8928289737487102,0.2979473112861086,6435,Critical
0.9164080947362543,0.31968288299874287,6435,Medium
0.1190188055631477,1.3152856341467334,6434,Low
-0.9906436056258061,0.7408823041994197,6427,Critical
-1.051102464439643,0.6851504615193483,6427,Critical
-0.9914904613795842,0.740101660426642,6427,Critical
0.8531855446719917,1.0624918199885047,6417,Low
0.9897583881321084,-0.1902171473268378,6416,Low
1.127762665968361,-0.06300282584535662,6416,Critical
-3.5641444698737836,-2.7658798410193186,6407,Critical
0.7381552744626725,0.7517915197017492,6407,Critical
0.4960928569493996,-0.2259725986868518,6389,Medium
0.49901533955067273,-0.22327861233373655,6389,Medium
0.5034322734821423,-0.21920701932277828,6389,Low
0.41049400575870265,-0.30487884669997123,6389,Low
0.4041176800831977,-0.3107566351067681,6389,Critical
0.41540909013357097,-0.300348051469732,6389,Low
0.09658262902425843,0.4635120504304011,6384,Critical
-3.5106430810572564,-2.355886303252862,6381,Critical
-3.5241927731177043,-2.3683766036173055,6381,Critical
-3.5119548772248734,-2.3570955357636354,6381,Critical
-3.511672591973614,-2.3568353211727096,6381,Critical
-2.9417388666871847,4.745220575610977,6374,Low
0.7859451583719675,-0.8822392747650692,6360,Critical
0.8720587650208433,-0.802858517792026,6360,Low
0.7654213601039362,-0.9011584061994466,6360,Critical
0.7858455282832877,-0.8823311152089255,6360,Low
0.7654213601039362,-0.9011584061994466,6360,Critical
0.8150820823370536,-0.7264733906337252,6359,Critical
0.8025286911634034,-0.7380452865596064,6359,Critical
0.4419681309489908,-0.5125367232965551,6349,Critical
0.44563292634975427,0.4207708068861298,6347,Critical
1.2563928428550093,-1.2544350402769457,6347,Critical
0.7462108482793053,0.08393850363634557,6343,Low
0.7453141774811874,0.0831119396416398,6343,Low
0.7462606633236452,0.08398442385827369,6343,Low
0.9104842594974558,0.23536808881457838,6343,Low
0.7369876513045791,0.7724871225716947,6343,Critical
0.8881316470890152,-0.14568618059451016,6339,Critical
0.6667328833392445,1.110257752357691,6336,Critical
0.8136295654761018,0.3875612338847615,6335,Low
0.9292170733594076,0.4941114554985975,6335,Low
0.8404134543161782,0.41225100654143687,6335,Low
0.7974064660360802,0.37260654827684336,6335,Low
0.7976223312282198,0.3728055359051985,6335,Low
1.1174882779729338,-1.353310351972843,6322,Low
1.108969905390814,-1.3611627099225483,6322,Medium
1.4347232104630658,-0.03991262896327581,6320,Low
0.6539784997812451,0.4561748348344259,6319,Critical
-0.3985454319756641,4.756264054322324,6317,Low
1.1554889334916965,-0.11541600301534946,6317,Critical
0.860771300100804,0.8335585206224146,6317,Critical
0.7238903323058133,0.42438505392288306,6306,Low
0.7239401473501532,0.42443097414481123,6306,Low
0.7239401473501532,0.42443097414481123,6306,Low
0.7239401473501532,0.42443097414481123,6306,Low
0.8175758256943512,0.5107456846289975,6306,Low
1.0719074905287904,-1.2924416357447404,6306,Low
1.787416056431938,-1.705143533117925,6296,Critical
1.8092184408380263,-1.6850457826540597,6296,Critical
1.7873662413875981,-1.705189453339853,6296,Low
1.0435638769006244,0.12516075208593846,6295,Critical
1.3174207298948726,0.09714086205300687,6290,Critical
1.3971081958239036,0.17059791039732486,6290,Critical
1.4111726433425302,0.1835627197216919,6290,Critical
1.3508964396912733,0.12799925118869038,6290,Critical
0.5786608375571455,0.6414775381657001,6283,Critical
0.5798065835769627,0.6425337032700464,6283,Critical
0.6059760868701807,0.6666571265229418,6283,Critical
0.5963451782978035,0.6577792169501758,6283,Critical
-3.022942569600075,-3.7681470571867646,6280,Critical
0.6390833810198041,0.610539721822999,6270,Low
0.01719836594540149,1.8029358057596165,6269,Low
-0.006380755042142621,1.7812002340469824,6269,Critical
-0.428828460249102,-0.16958847793065246,6266,Critical
-0.3692164571890434,-0.11463727902335882,6266,Critical
-0.36840281146482523,-0.11388724873186654,6266,Critical
0.10300680811597845,1.4207805650702385,6253,Low
0.24107750601135097,1.5480561135142905,6253,Critical
0.7419597757362629,0.48904811957541194,6247,Low
-3.6036323946667124,-2.2983711447525064,6246,Critical
0.5700661085741242,0.9028063582324086,6241,Critical
0.5979845978532137,0.05125642943250475,6232,Medium
0.6009236854692667,0.05396572252626267,6232,Medium
0.6052741993416164,0.05797608857465012,6232,Low
0.5123857466625168,-0.027649818580614667,6232,Low
0.5059097908983321,-0.03361944743126772,6232,Critical
0.5173174360521651,-0.023103716609732712,6232,Low
-3.9125559738869824,-1.7865422271670608,6219,Critical
-3.9261056659474303,-1.799032527531504,6219,Critical
-3.9138345600250393,-1.7877208461965488,6219,Critical
-3.91355227477378,-1.7874606316056225,6219,Critical
0.7360530404631844,-0.7489724040745523,6217,Critical
-1.0658080484355268,1.5310687048632585,6208,Low
1.2206123801497208,-1.0931617218430247,6199,Critical
1.2080589889760707,-1.1047336177689062,6199,Critical
0.792748952297657,-1.057976783769338,6194,Critical
0.8788625589465328,-0.9785960267962949,6194,Critical
0.7722251540296257,-1.0768959152037152,6194,Critical
0.7926493222089772,-1.058068624213194,6194,Critical
0.7722251540296257,-1.0768959152037152,6194,Critical
0.6997428473056817,-0.15599449654053704,6187,Critical
0.647245532189943,0.50760125708438,6186,Critical
0.9169023126132808,-1.108969958543473,6175,Critical
0.8445432915425705,0.5220758508114536,6175,Low
0.9600809843815364,0.6285801522033614,6175,Low
0.8713271803826469,0.546765623468129,6175,Low
0.8283201921025489,0.5071211652035355,6175,Low
0.8285194522799084,0.5073048460912478,6175,Low
0.5891100255772221,0.5548977708680981,6174,Critical
1.2835466566736249,-1.140017895224187,6171,Low
1.282649985875507,-1.1408444592188929,6171,Low
1.2836628917770845,-1.1399107480396882,6171,Low
1.4477868578622155,-0.9886189235272396,6171,Low
0.7261048251935067,0.7509448267137036,6169,Critical
2.1212833991103075,-2.345010291895364,6168,Critical
0.7387893313641588,-0.5767517607283819,6162,Low
0.730270958782039,-0.584604118678087,6162,Medium
1.1389952641217613,0.002213518861637851,6157,Low
0.6058206238313507,0.9277060347669283,6157,Critical
1.1743324436801872,0.1622554719418941,6157,Critical
0.9464901245346049,0.5088435900762909,6152,Low
0.9464901245346049,0.5088435900762909,6152,Low
0.9464901245346049,0.5088435900762909,6152,Low
0.9465399395789448,0.5088895102982189,6152,Low
1.0401258028788027,0.5951583005604772,6152,Low
1.2086786921757264,-1.3673413413953532,6149,Low
0.6862935230103052,2.4428436660178052,6149,Low
0.9555480506308124,-0.6095047626212525,6142,Critical
0.7636897344627921,1.0307036216264567,6141,Critical
1.3786302900909442,-1.1582176952232612,6133,Critical
1.4582679409756354,-1.0848065671008713,6133,Critical
1.472382203538602,-1.0717958375545762,6133,Critical
1.4121059998873449,-1.1273593060875777,6133,Critical
1.462698673727794,-1.3263754620135422,6123,Critical
1.4845674781930023,-1.306216484587106,6123,Critical
1.462698673727794,-1.3263754620135422,6123,Low
-4.251494444466912,-1.3110031694101025,6123,Critical
0.2186599252984447,0.9478683125331808,6114,Critical
0.21990530140694164,0.9490163180813833,6114,Critical
0.24602498965581965,0.9730938211123508,6114,Critical
0.23644389612778238,0.9642618317615127,6114,Critical
0.03001366378034235,1.7482454250810588,6110,Low
0.28166610897321354,1.3597576228930324,6103,Low
0.25808698798566937,1.3380220511803982,6103,Critical
-0.6266328270567195,0.20745660315446982,6102,Critical
-0.6870584758409962,0.15175537395568386,6102,Critical
-0.6274464727809377,0.20670657286297753,6102,Critical
0.7051511618182177,0.7698064978140833,6089,Critical
0.5670804639228452,0.6425309493700313,6089,Low
0.5228636221631543,1.1378235126743446,6084,Low
1.3898825335313323,-0.33319297566189104,6078,Critical
-3.8075363106848634,-2.3769192222499593,6076,Critical
1.0529339585485162,-0.838526904601566,6072,Low
0.9600953209137565,-0.9241068915349028,6072,Low
0.9650104052886249,-0.9195760963046635,6072,Low
1.0456941721044535,-0.8452006435217833,6072,Medium
1.0486166547057265,-0.842506657168668,6072,Medium
0.953569550105232,-0.930122440607484,6072,Critical
0.456506828679684,0.1544537494816124,6060,Critical
1.071344319724981,-0.36281361434435405,6041,Low
-3.727354404822421,-3.2853008639813868,6041,Critical
-3.740904096882869,-3.29779116434583,6041,Critical
-3.728649595975258,-3.2864947897515173,6041,Critical
-3.7284005207535587,-3.2862651886418766,6041,Critical
0.8863605508796024,-0.6915474508129448,6036,Critical
0.8738071597059521,-0.7031193467388261,6036,Critical
0.9728724721496513,0.07526694034085273,6034,Critical
1.058986078798527,0.15464769731389583,6034,Critical
0.95234867388162,0.05634780890647526,6034,Critical
0.9727230270166317,0.07512917967506842,6034,Critical
0.95234867388162,0.05634780890647526,6034,Critical
0.7241198814061851,0.36873518043941544,6023,Critical
0.9571590385957365,0.2560797314717537,6021,Critical
0.3601949045459984,1.9878876247253732,6013,Critical
0.3492342914855277,1.1653365726912275,6012,Low
0.4647719843244937,1.2718408740831353,6012,Low
0.3760015753108242,1.1900110386072602,6012,Low
0.3329945870307262,1.1503665803426666,6012,Low
0.3331606371785258,1.1505196477490938,6012,Low
1.1133998270533783,-1.5948619046932415,6010,Critical
0.87762087560423,0.21072992656621065,6007,Critical
0.7784658867047549,0.8317620766588394,6006,Critical
1.3166756168293698,-1.5594876019495536,6002,Medium
1.3252604094706093,-1.5515740170372776,6002,Low
1.421483249650247,-0.3265899688748908,5997,Low
1.219351820335425,-0.056546278503524644,5993,Critical
0.4214264786193961,1.0663263072317302,5992,Low
0.42147629366373596,1.0663722274536582,5992,Low
0.42147629366373596,1.0663722274536582,5992,Low
0.42152610870807583,1.0664181476755865,5992,Low
0.5150621569635941,1.1526410177159165,5992,Low
0.6007688488747154,-0.4583704476782465,5990,Low
0.5998223630322577,-0.45924293189488036,5990,Low
0.6008186639190554,-0.4583245274563184,5990,Low
0.764942630004186,-0.30703270294386986,5990,Low
-3.9733625117941123,-0.8689065096920338,5988,Healthy
0.637185078237315,1.236568764122378,5987,Critical
-3.6156236461466422,2.3492328401870974,5986,Low
0.8845850235767548,-0.13465266906464887,5984,Critical
0.6771253594334585,0.20400505007166514,5983,Low
0.3662706697874875,1.5006182562787405,5982,Critical
1.3094599247713048,-1.0410632737979566,5976,Critical
1.389097575655996,-0.9676521456755667,5976,Critical
1.4032616532633024,-0.9545954959073434,5976,Critical
1.3429356345677055,-1.0102048846622729,5976,Critical
1.940383248519072,-1.6620499985280606,5960,Critical
1.96225205298428,-1.6418910211016244,5960,Critical
1.940333433474732,-1.6620959187499889,5960,Low
-4.244891374768029,-1.6474380443501435,5959,Critical
0.29941565639703105,1.2766626849090974,5954,Critical
0.30076066259420786,1.2779025309011562,5954,Critical
0.326880350843086,1.3019800339321235,5954,Critical
0.3172992573150486,1.2931480445812855,5954,Critical
0.8201578910351015,0.5869971556065218,5953,Low
-0.6070783243429797,0.3698921453846661,5943,Critical
-0.6675039731272564,0.3141909161858802,5943,Critical
-0.6078587600376378,0.3691727285744592,5943,Critical
0.6810226331048923,0.847782202535247,5939,Low
0.6574435121173482,0.8260466308226129,5939,Critical
0.5688342139889421,0.6387288780826855,5926,Low
0.7068883068695345,0.7659891197860949,5926,Critical
1.0137433625561225,0.02869777091533503,5915,Low
1.1338727044066268,-0.0696462135307775,5911,Critical
-3.7305977020209458,-2.3031484808684515,5910,Critical
0.8429017626708277,-0.6371649688977733,5908,Low
0.7501295450951877,-0.7226837288685393,5908,Low
0.7435373542275433,-0.7287605049036913,5908,Critical
0.755044629470056,-0.7181529336383,5908,Low
0.8357782113302246,-0.6437315606334918,5908,Medium
0.8386508788871577,-0.6410834945023046,5908,Medium
0.8590452320102803,-1.2666614059244574,5888,Critical
0.47050922354459096,1.2328954532867593,5880,Critical
0.37149352041168576,1.141621358834338,5880,Critical
0.4685498318005556,1.2310892578909205,5880,Critical
0.3714437053673459,1.14157543861241,5880,Critical
0.8306471699216218,-0.6067612549548159,5873,Critical
0.8180937787479716,-0.6183331508806973,5873,Critical
1.317042848803616,-0.46296262292727647,5863,Critical
0.6514693931102022,1.0663378773871017,5861,Critical
1.014247676975048,-0.47622022231724326,5860,Critical
0.907593667043361,-0.5745354174653066,5860,Critical
0.907593667043361,-0.5745354174653066,5860,Critical
0.9281340703261721,-0.5556009792902865,5860,Critical
0.9280344402374924,-0.5556928197341426,5860,Critical
-1.9755195992615118,2.087635618948215,5857,Low
0.5061271282831262,1.4670613327836848,5853,Critical
1.504260901694351,-0.5842377859665671,5851,Low
1.619798594533317,-0.47773348457465914,5851,Low
1.5310946055787675,-0.5595020930879635,5851,Low
1.4880876172986695,-0.599146551352557,5851,Low
1.488237062431689,-0.5990087906867727,5851,Low
1.6287849092675604,-2.446457884898706,5843,Critical
1.2913834046401638,-0.4937726547840569,5841,Critical
0.6241959048287403,0.8976557117636215,5840,Critical
1.2369357338869735,-1.573696437915479,5839,Medium
1.2455039215134331,-1.5657981597438457,5839,Low
1.2074542480507604,-1.2703784311706936,5834,Low
0.6696835106750793,0.9865757592787531,5833,Critical
-0.3131646822727403,2.3004968560045,5832,Low
-0.31306505218406044,2.300588696448356,5832,Low
-0.31311486722840043,2.300542776226428,5832,Low
-0.31301523713972057,2.3006346166702842,5832,Low
-0.21947918888420234,2.3868574867106145,5832,Low
0.8164027006087493,0.7926589096251198,5830,Critical
1.0235925586171615,0.33850835014341674,5830,Healthy
0.9502814183636352,0.2709290902058954,5830,Low
0.9960946541415466,0.31316038763910525,5830,Low
1.0235925586171615,0.33850835014341674,5830,Low
0.951659634590372,0.27219954967923954,5830,Low
1.0678209523560425,0.15284536306750274,5824,Critical
-3.876604219419158,-2.276932668304008,5820,Low
0.7325642956972469,-0.03223116499689315,5816,Critical
0.7466785582602133,-0.019220435450598032,5816,Critical
0.6529266448125557,-0.10564229311928323,5816,Critical
0.6864023546089564,-0.07478390398359967,5816,Critical
1.1354715292510078,-0.08604823332863551,5816,Critical
0.40110340190654276,0.408765650399736,5812,Low
1.7484709252307367,-1.3462215272503562,5797,Critical
1.7703397296959449,-1.32606254982392,5797,Critical
1.748421110186397,-1.3462674474722842,5797,Low
-4.960085711873884,-0.461076611413122,5795,Critical
0.27589104782025703,1.029536133640154,5787,Low
0.7807808372763084,1.1308229480971983,5785,Low
0.7572017162887643,1.1090873763845641,5785,Critical
0.16492859497221318,1.026643880675754,5785,Critical
0.16634002122850983,1.0279449536303835,5785,Critical
0.19245970947738783,1.052022456661351,5785,Critical
0.18292843099369044,1.043236387532441,5785,Critical
-1.095891713501794,0.6776998148840754,5774,Critical
-1.1563173622860707,0.6219985856852894,5774,Critical
-1.096705359226012,0.6769497845925831,5774,Critical
0.21308956016354205,0.40476080717544677,5763,Low
0.3572709034979401,0.5376692361760124,5763,Critical
0.7491267336060513,-0.034371226845629904,5755,Low
0.6563877260599712,-0.11985937333511047,5755,Low
0.6613194154496195,-0.11531327136422852,5755,Low
0.7420363922950081,-0.04090720510006288,5755,Medium
0.7448592448076014,-0.038305059190803875,5755,Medium
0.649712510118427,-0.12601268307347596,5755,Critical
0.7086763683496922,0.8346918713806905,5751,Low
-3.5147611247226864,-2.3596823749322517,5750,Critical
1.7534176371781336,-1.3929022021514015,5739,Critical
1.2137029746109815,0.18316215870195698,5722,Critical
1.1147370865224162,0.09193398447146386,5722,Critical
1.211793397911286,0.18140188352804645,5722,Critical
1.1146872714780764,0.0918880642495358,5722,Critical
-0.18304941423989546,0.5713553928217411,5718,Critical
0.7788065117149856,-0.5315430049600937,5709,Critical
0.7662531205413354,-0.543114900885975,5709,Critical
0.8903565446560731,0.6747000461767005,5702,Critical
0.9087216910027095,0.691629301327527,5702,Critical
0.8020178660266826,0.5932681859575356,5702,Critical
0.789182189601773,0.5814360754407284,5702,Critical
0.8020178660266826,0.5932681859575356,5702,Critical
-3.072657132236727,5.174693742683697,5697,Low
1.290646834862807,-0.7169350663329704,5696,Critical
0.7101075116835496,0.696119336317132,5691,Low
0.8256452045225156,0.8026236377090399,5691,Low
0.736891400523626,0.7208091089738075,5691,Low
0.693917622273088,0.6811952641904994,5691,Low
0.6940338573765477,0.6813024113749983,5691,Low
0.842629887745803,0.7404979383883629,5690,Critical
0.13630968541110342,1.3328557643738237,5689,Critical
0.6580190038786412,-0.5212850208796042,5683,Critical
0.7945223632164873,0.6282182137506784,5681,Critical
0.8287553014419855,-0.4938198399262323,5674,Low
1.550523046317257,-0.6551026753120174,5674,Critical
1.7577984207037598,-2.5992527313783635,5673,Medium
1.7663666083302196,-2.5913544532067303,5673,Low
-0.07506605315479145,1.8694705205606357,5672,Low
-0.0749664230661117,1.869562361004492,5672,Low
-0.07501623811045158,1.869516440782564,5672,Low
-0.07491660802177183,1.86960828122642,5672,Low
0.018569625189406455,1.955785231044822,5672,Low
1.1299970542176923,0.12138647442588461,5670,Critical
0.47694238098515757,1.2009159373605118,5669,Low
0.5216928958171514,1.2421676033925888,5669,Low
0.5504527814160433,1.2686788781857454,5669,Low
0.4775235565024562,1.2014516732830063,5669,Low
0.5504527814160433,1.2686788781857454,5669,Healthy
0.9483980953761435,-0.07582886477475209,5661,Critical
1.0419203832668114,0.05742295613194224,5660,Critical
-0.25437746276469975,1.8413191006545675,5660,Low
-6.842399264624449,6.076209960764918,5660,Healthy
-3.8466362943168586,-2.2455015823715447,5657,Low
0.14028781438659438,1.8489151995386162,5655,Critical
0.2684799238749638,0.36982615944523517,5653,Critical
0.34806775971531506,0.44319136734569714,5653,Critical
0.3622318373226215,0.4562480171139204,5653,Critical
0.30195563367136447,0.40068454858091873,5653,Critical
1.3124303709574376,0.3973425847019587,5634,Low
1.2888512499698936,0.3756070129893243,5634,Critical
-3.7090229989731816,-2.444710818475519,5634,Critical
1.3355186935761605,-0.4276118167920297,5627,Low
1.5920078734800014,-1.7011236144535617,5622,Critical
1.6138766779452094,-1.6809646370271256,5622,Critical
1.5920078734800014,-1.7011236144535617,5622,Low
0.24231499405481327,1.0463431472415656,5618,Critical
0.24387586544412954,1.0477819808619795,5618,Critical
0.2699457386486678,1.0718135636710187,5618,Critical
0.26039785515019037,1.0630121878014662,5618,Critical
-0.47510339078998315,2.0476988479093556,5613,Critical
-0.5355290395742599,1.9919976187105697,5613,Critical
-0.47591703651420125,2.046948817617863,5613,Critical
1.0501151021508563,-0.7749552306580232,5596,Critical
0.9120942192998236,-0.902184858880147,5596,Low
0.09647427879089637,2.138322307284723,5594,Critical
-3.916590992478513,-1.7902617651432366,5588,Critical
0.18983658166666767,0.05768273398843788,5588,Critical
0.28931722521341174,0.14938541717885467,5588,Low
0.1965782176673317,0.06389727068937408,5588,Low
0.20149330204220006,0.06842806591961333,5588,Low
0.28227669894670837,0.14289535914634977,5588,Medium
0.2850497364149618,0.1454515848336807,5588,Medium
0.6879519831127399,1.110785160598036,5578,Critical
0.9373181088969202,-0.7778483527083472,5553,Critical
0.838302405764015,-0.8691224471607683,5553,Critical
0.9353587171528849,-0.7796545481041858,5553,Critical
0.8382525907196752,-0.8691683673826964,5553,Critical
1.0079944258543174,-1.2117148353397629,5552,Critical
0.8373160827614423,-0.782682367491403,5543,Critical
0.824762691587792,-0.7942542634172843,5543,Critical
-1.5233224058706516,2.8739599905885242,5543,Low
0.7155955945410502,0.5232727897489496,5536,Critical
0.7339607408876866,0.540202044899776,5536,Critical
0.6272569159116597,0.4418409295297846,5536,Critical
0.6144212394867501,0.4300088190129773,5536,Critical
0.6272569159116597,0.4418409295297846,5536,Critical
1.6867804540220055,-0.7698417865791007,5534,Low
1.8023181468609715,-0.6633374851871929,5534,Low
1.713614157906422,-0.7451060937004973,5534,Low
1.6706569846706638,-0.7847046317431626,5534,Low
1.6707732197741234,-0.7845974845586637,5534,Low
1.0591423475593154,-0.19585854264831196,5533,Critical
1.3415331892514517,-0.38992633130374166,5520,Critical
0.42690425712616936,0.9828302824074133,5519,Critical
0.4586581163238337,-0.4010435784046269,5519,Critical
1.4151599594893163,-1.4687033231976987,5514,Low
0.6457319411448281,0.6672397633278344,5512,Low
0.6458813862778477,0.6673775239936187,5512,Low
0.6458315712335079,0.6673316037716907,5512,Low
0.6459312013221876,0.6674234442155469,5512,Low
0.7394174345333658,0.7536003940339489,5512,Low
0.9459627812279566,-0.16964907660247147,5510,Critical
-5.7819331177489035,5.466424555541933,5509,Healthy
1.1751160609616098,-0.09732343557567788,5507,Critical
1.7507242312241933,-2.5532815800260646,5506,Low
1.7421560435977337,-2.561179858197698,5506,Low
1.4533949686417411,-0.7400497172511564,5503,Low
1.498145483473735,-0.6987980512190795,5503,Low
1.5269053690726269,-0.6722867764259227,5503,Low
1.45395953914426,-0.7395292880693046,5503,Low
1.1659641358575559,0.020914917974505867,5503,Low
1.5269053690726269,-0.6722867764259227,5503,Healthy
0.9615906971544523,-0.18079462429282653,5502,Critical
1.0411785329948033,-0.10742941639236456,5502,Critical
1.1217626697219523,-0.03314580405334064,5502,Critical
0.9950664069508529,-0.14993623515714302,5502,Critical
1.2823996040869405,-0.5214021120608172,5501,Critical
1.131634024155431,0.2116691673573995,5501,Critical
1.4288353636385474,-0.5822819471214028,5497,Critical
0.6832583293927942,0.8216956809274909,5491,Critical
-3.723444962236218,-2.550370162662659,5491,Critical
-3.7178465608319997,-2.5302370919354606,5470,Critical
0.1605749581381718,1.2086611644791758,5461,Low
-0.8024926130951894,1.9734270457360017,5461,Low
-0.8260717340827335,1.9516914740233675,5461,Critical
-4.92504591357944,1.5527035234274125,5458,Critical
-4.923402017116224,1.5542188907510397,5458,Critical
-4.897332143911687,1.578250473560079,5458,Critical
-4.906863422395384,1.5694644044311692,5458,Critical
0.9294520371874863,-0.007077354585290227,5458,Critical
0.9513706566970344,0.013127543063074024,5458,Critical
0.9294520371874863,-0.007077354585290227,5458,Low
0.567731148617835,0.3138546307155281,5453,Critical
0.5073054998335582,0.25815340151674215,5453,Critical
0.5669175028936169,0.31310460042403576,5453,Critical
0.8226308879815031,-0.14860229289723983,5427,Low
0.07729868013252877,1.6545714161849556,5427,Critical
0.960535535729076,-0.021479811859614877,5427,Critical
0.8791489981377115,-0.9605219650672913,5425,Critical
0.9785632216253357,-0.8688805088394452,5425,Low
0.8858740291235956,-0.9543227351069977,5425,Low
0.8908057185132439,-0.9497766331361157,5425,Low
0.9715725104029723,-0.8753246466500221,5425,Low
0.9743621528860057,-0.8727531142220484,5425,Low
1.0905493203650543,0.48263120999741027,5418,Critical
-3.7314060284287316,-3.2890357086982056,5411,Critical
0.4227672128992608,0.48408129169199515,5389,Critical
0.28066149641235777,0.35308620527176704,5389,Critical
0.5383122903076804,0.044652427819165556,5389,Critical
0.4411943924649675,0.18620744356993457,5387,Critical
0.3421786893320623,0.09493334911751332,5387,Critical
0.43923500072093213,0.18440124817409587,5387,Critical
0.3421786893320623,0.09493334911751332,5387,Critical
-1.4124195477560437,2.3894377820517927,5383,Low
1.2836917618610193,-1.6352229971397692,5371,Low
1.3240419477763234,-1.5980276173780077,5371,Low
1.310243180494176,-1.6107475188520917,5371,Low
1.2613082019376323,-1.6558564835261291,5371,Low
1.3261341796385986,-1.5960989680570274,5371,Low
0.7935628138173532,0.18889525729176404,5369,Critical
0.8819014924467437,0.27032711751092886,5369,Critical
0.9002666387933801,0.2872563726617553,5369,Critical
0.7935628138173532,0.18889525729176404,5369,Critical
0.7807271373924436,0.17706314677495683,5369,Critical
0.6775541832731873,1.317367350235313,5365,Critical
1.5348757326160185,-1.2688139101974054,5364,Critical
0.8064229378267607,-0.6249344069869712,5362,Critical
1.484527979623716,-0.31949302758394105,5357,Critical
0.13388590683430204,2.116393695544935,5352,Critical
1.33542007654692,-1.482912159163624,5351,Low
0.7654485258484668,0.3178217338625023,5349,Low
0.7656477860258264,0.31800541475021465,5349,Low
0.7655647609519266,0.3179288810470012,5349,Low
0.7656976010701663,0.3180513349721427,5349,Low
0.8591838342813446,0.40422828479054473,5349,Low
0.625514171360384,0.9458598291691707,5347,Critical
0.12124050802340422,1.7061933976931662,5346,Low
-5.482922881519889,4.725011162279953,5345,Healthy
0.8457674253687407,0.748773524879589,5343,Healthy
0.7722072098935151,0.6809646638324273,5343,Critical
0.8170075397698489,0.7222622500864324,5343,Critical
0.8457674253687407,0.748773524879589,5343,Critical
0.7728382004551536,0.6815463199768499,5343,Critical
0.8251283001789629,-0.4797159177540492,5339,Critical
0.9047161360193141,-0.4063507098535873,5339,Critical
0.9188802136266205,-0.393294060085364,5339,Critical
0.8585541949310237,-0.44890344884029376,5339,Critical
1.1056836400218601,0.11620084019991093,5337,Critical
0.5897495300142216,-0.7908114811112588,5337,Low
0.5811315273434221,-0.7987556795048201,5337,Low
1.051980002884571,0.1539297891626965,5335,Critical
0.7195084689773839,1.0481600584115731,5334,Critical
0.845110660576233,0.2261412222923847,5331,Critical
-3.801532308894459,-2.516349854736768,5323,Critical
1.3178484074782784,0.9400933602791581,5316,Critical
1.3195255139710542,0.9416393410840709,5316,Critical
1.4710130638086352,1.0812827359674246,5316,Critical
1.336113923736235,0.9569307749861282,5316,Critical
-4.1717267413777055,-1.8833132193756954,5304,Critical
0.8062824606534691,-0.30779343800201003,5301,Critical
0.8132233568314926,-0.30139522041336136,5301,Critical
0.8090554981217225,-0.3052372123146791,5301,Low
-0.147476168841909,1.4481388508960655,5293,Critical
-0.2077025574488262,1.392621302584992,5293,Critical
-0.14809055438876756,1.4475725014922858,5293,Critical
0.20932868546194808,0.23485112583135703,5287,Critical
0.2329078064494922,0.25658669754399127,5287,Low
1.1707130804148491,-0.9220810387895882,5285,Low
-0.16515592789979083,1.9253900478737276,5263,Low
-0.030323207886510734,2.049680781892453,5263,Critical
-0.22803814790333207,2.4103201857648373,5263,Critical
-0.027251280152217967,2.0525125289113526,5263,Critical
0.4056054350701716,0.7858863746351178,5256,Low
0.4776545942004207,0.8523023222837939,5256,Critical
0.4056386450997315,0.7859169881164032,5256,Critical
0.40524012474501253,0.7855496263409785,5256,Low
0.448828288542409,0.8257298205280663,5256,Low
0.4411069566697274,0.8186121861292108,5256,Critical
0.40888801369615707,1.176092138761699,5249,Critical
0.5668003793748019,0.29023739028941825,5232,Critical
-1.7793804663464354,3.0853377768746912,5224,Low
0.7142545475766684,-0.5844214449255676,5223,Critical
0.7017011564030182,-0.5959933408514488,5223,Critical
0.8384751407923681,-0.7971234272669729,5214,Critical
0.7395092527038027,-0.8883516014974661,5214,Critical
0.8365655640926726,-0.7988837024408835,5214,Critical
0.7394594376594629,-0.8883975217193941,5214,Critical
0.2631441463668435,2.0235735202833696,5211,Critical
-0.030860492481447586,2.0832077998394483,5207,Critical
-0.005692195378729192,1.457729908252393,5202,Low
0.10984549746023685,1.564234209644301,5202,Low
0.0211913235500271,1.4825115213529245,5202,Low
-0.02181566473007087,1.4428670630883311,5202,Low
-0.021716034641391123,1.4429589035321873,5202,Low
0.5977667583784485,0.5497666487449316,5200,Critical
0.616065484665965,0.5666346769331873,5200,Critical
0.5093616596899381,0.4682735615631959,5200,Critical
0.49652598326502845,0.4564414510463886,5200,Critical
0.5093616596899381,0.4682735615631959,5200,Critical
1.1869136624375651,-0.5666056361726307,5198,Critical
0.6429970774078131,1.0729477648626053,5194,Critical
0.4149818964611398,1.4028340808853272,5191,Low
1.0278325471882206,-0.11949881133955913,5186,Low
1.02803180736558,-0.11931513045184665,5186,Low
1.02798199232124,-0.11936105067377471,5186,Low
1.02803180736558,-0.11931513045184665,5186,Low
1.1215678556210982,-0.03309226041151652,5186,Low
0.9582375617164824,-0.953599790214733,5186,Critical
1.8562661583489264,-2.5084837593671514,5184,Low
1.337411598687943,-0.4549902932089517,5179,Critical
1.3822617436086164,-0.41364678673301847,5179,Critical
1.4110216292075082,-0.38713551193986173,5179,Critical
1.3380924042939213,-0.454362716842601,5179,Critical
1.4110216292075082,-0.38713551193986173,5179,Healthy
1.4440946661072847,-1.4295181143274738,5179,Critical
1.5236326869032961,-1.35619882664894,5179,Critical
1.5378465795549423,-1.3430962566587887,5179,Critical
1.4774707458150056,-1.3987515656356466,5179,Critical
0.793971165851236,0.917268335415485,5177,Critical
0.944885469762429,0.5091972745949788,5174,Critical
1.4925322003344763,-0.5235652900160048,5174,Critical
0.904311781135348,-0.11646826118112105,5174,Critical
0.7105018191567815,-0.8566209026723308,5171,Low
0.719136426842361,-0.8486613975381267,5171,Low
-4.210545081813418,2.1852727171172055,5170,Healthy
1.2436059589863884,-0.16228119592028734,5169,Critical
-4.037110243176101,-2.146402751124475,5155,Critical
0.14746689893880607,0.037908598356065554,5146,Critical
0.14912740041680214,0.03943927242033554,5146,Critical
0.17519727362134038,0.06347085522937483,5146,Critical
0.1657158101819828,0.05473070632239305,5146,Critical
1.0276830547030849,0.5791079378933833,5144,Critical
1.0371977281720024,0.5878787002816506,5144,Critical
1.0315520231468156,0.5826744084631325,5144,Low
-4.03833065701909,-2.0026705337566697,5140,Critical
0.6551171361182294,-0.046088105152065566,5122,Low
0.6315380151306854,-0.0678236768646998,5122,Critical
-0.3407321715510489,1.1829208239966198,5120,Critical
-0.4007759049953865,1.1275716498326158,5120,Critical
-0.341114086890988,1.1825687689618376,5120,Critical
1.07022465146388,-0.46023380673272435,5116,Low
0.6407574348322619,0.9873743425633561,5103,Critical
-0.5482148437543998,2.9586913380478617,5099,Critical
-0.545159521034887,2.9615077783261183,5099,Critical
-0.6830641687824599,2.8343852972884935,5099,Low
0.37921981271219435,1.2972285002830208,5096,Low
0.4512191567981034,1.3635985277097689,5096,Critical
0.37902055253483474,1.2970448193953084,5096,Critical
0.37890431743137504,1.2969376722108095,5096,Low
0.42242606116965176,1.3370566394353267,5096,Low
0.41492059448910956,1.3301379926648262,5096,Critical
1.1521315798068876,0.12640476439882467,5092,Critical
1.1894942894804224,-1.1989280242365359,5066,Critical
-0.6963566196213081,1.0911898218612335,5061,Low
0.7162033881788575,-0.5904626861224088,5057,Critical
0.7036499970052073,-0.6020345820482901,5057,Critical
0.4976887053221257,0.20455077974192926,5051,Critical
0.3987228172335604,0.11332260551143618,5051,Critical
0.49577912862243023,0.20279050456801873,5051,Critical
0.3986730021892205,0.11327668528950806,5051,Critical
1.1876398407133313,0.15771896848192468,5051,Critical
0.39335063234834017,1.4240927328454653,5037,Critical
0.24716008222556687,1.289332188227133,5037,Critical
0.35512588832487074,1.3888566158859694,5037,Critical
0.28229629349996344,1.3217212514270866,5037,Critical
0.35512588832487074,1.3888566158859694,5037,Critical
1.0497501219070597,0.23678428558993608,5035,Healthy
0.9949203631036299,0.18624142798774007,5035,Healthy
0.9697803707267696,0.16306702265469203,5035,Critical
1.059314610420317,0.2456009682001314,5035,Critical
0.9949203631036299,0.18624142798774007,5035,Critical
1.0030402153310305,0.19372642416202052,5035,Critical
1.0497501219070597,0.23678428558993608,5035,Critical
0.5976447381534448,0.15332785899197648,5035,Critical
-4.5449507824875806,-0.7605300277285117,5032,Critical
0.8472234323358194,0.5679046202453806,5028,Critical
1.3890019886191054,-0.09163852509490908,5026,Critical
0.036072882045539746,1.5406624477656596,5023,Low
0.036321957267239115,1.5408920488753002,5023,Low
0.03627214222289924,1.5408461286533721,5023,Low
0.036321957267239115,1.5408920488753002,5023,Low
0.12985800552275725,1.6271149189156304,5023,Low
0.4417274659042719,0.5946224901131322,5022,Low
1.8406403862576801,-2.4703955794458428,5018,Low
0.9870676688389103,-0.8292604069262796,5015,Critical
1.0666056896349216,-0.7559411192477458,5015,Critical
1.080819582286568,-0.7428385492575944,5015,Critical
1.085948422687472,-0.044715917121249525,5015,Critical
1.1309646177559454,-0.003219343238889246,5015,Critical
1.1596580832957173,0.023230704591696662,5015,Critical
1.0867288583821302,-0.043996500311042595,5015,Critical
1.1596580832957173,0.023230704591696662,5015,Healthy
1.0203939335022914,-0.7985397784563804,5015,Critical
1.0876141299737554,0.17109099791360127,5014,Critical
0.7610568425603264,0.5201102121050164,5011,Critical
0.7108709532539507,0.4486735628513777,5008,Critical
0.9088241022869419,0.28487318613842527,5008,Critical
-1.3080886474669096,2.195328345314397,5006,Healthy
0.887487487577015,0.5611031521124411,5006,Critical
0.7022582544527466,-1.1254953476101603,4998,Low
0.6935904367376072,-1.1334854662256497,4998,Low
-3.9192527042557592,-2.440109793337653,4985,Critical
0.8926095774690093,0.6476756516303381,4984,Critical
0.9021574609674866,0.6564770274998907,4984,Critical
0.8964785459127401,0.6512421222000873,4984,Low
-0.23202354033486472,3.754490667581829,4975,Healthy
-4.1854202778815415,-1.8512815873918704,4974,Critical
1.0068417311056876,-0.2282960974507692,4967,Critical
1.0051314145833516,-0.22987269173696737,4967,Critical
1.032861789265886,-0.2043104348636581,4967,Critical
1.0234301408708681,-0.21300466354871175,4967,Critical
-0.09786119323080766,1.3404313480734602,4959,Low
-0.12147352424791169,1.3186651628795407,4959,Critical
-0.04288975979631684,0.8677850048971643,4951,Critical
-0.10283386315197464,0.8125276711770166,4951,Critical
-0.04315544003279616,0.8675400970468811,4951,Critical
0.6140542397309756,0.29648783463553524,4946,Low
0.4509454382467647,1.2973604829171805,4942,Critical
0.005232807086867925,1.9762783066954999,4942,Low
0.1400323170705882,2.10053842723294,4942,Critical
0.14315405984922083,2.1034160944737677,4942,Critical
0.7046122841459291,0.7555114358914874,4936,Low
0.7481340278842058,0.7956304031160045,4936,Low
0.7049277794267483,0.7558022639636987,4936,Low
0.7769271235126576,0.8221722913904467,4936,Critical
0.7406285612036636,0.7887117563455041,4936,Critical
0.7047285192493888,0.7556185830759863,4936,Critical
0.8756968990484864,-0.8346516672334076,4923,Critical
-4.001358566713126,-0.8947136744156262,4910,Healthy
0.9285464819583169,-0.7657615280012086,4900,Critical
0.5705539880335891,0.6696981822120471,4895,Low
0.7910106207218215,-0.7234558183622076,4890,Critical
0.7784572295481712,-0.735027714288089,4890,Critical
1.2676631252472161,-1.2257283096015947,4885,Critical
1.1687470522029906,-1.3169105636101597,4885,Critical
1.2657535485475206,-1.2274885847755053,4885,Critical
1.1686474221143108,-1.3170024040540158,4885,Critical
0.5836270542502593,0.6969430212350498,4882,Critical
0.9760536479543278,0.5626474637822948,4880,Critical
0.9041705389718783,0.4963845835400457,4880,Critical
0.9390410700097955,0.5285287388897161,4880,Critical
0.9027425077008017,0.4950682038447735,4880,Critical
0.9390410700097955,0.5285287388897161,4880,Critical
1.3000118423889155,-0.41797648846550073,4875,Critical
0.46026894228782117,1.1935005560765906,4874,Critical
0.549753366937029,1.275988581400102,4874,Critical
0.4851598594429822,1.2164453602999983,4874,Critical
0.49303063644868345,1.2237007553646382,4874,Critical
0.5401390633794318,1.2671259785679785,4874,Critical
0.5401390633794318,1.2671259785679785,4874,Healthy
0.4851598594429822,1.2164453602999983,4874,Healthy
-5.587128453811657,1.0774102373144734,4868,Critical
0.7982566612935913,0.7936679395800743,4864,Critical
1.8323433952674224,-1.1370776886559237,4860,Critical
0.7286998541391396,0.4149082401678291,4859,Low
1.0420293715498323,-0.008130619044907335,4856,Low
0.998856333121935,-0.047928144715927795,4856,Low
0.9987567030332553,-0.04801998515978398,4856,Low
1.070922097266964,0.018503109673391,4856,Low
1.0343246446919308,-0.015232946703120228,4856,Low
0.74788415609185,-0.28898676455223704,4855,Critical
0.8273225467991816,-0.2157593173175594,4855,Critical
0.8415364394508279,-0.20265674732740804,4855,Critical
0.7811107906665512,-0.258357976526194,4855,Critical
0.1698713869408895,1.973993360049474,4854,Critical
1.0617633759288643,0.07571451119996896,4851,Critical
1.0085490964287978,0.5678833182190912,4851,Critical
0.6796158700033685,-0.7079714007529654,4849,Low
1.0086625296523617,0.1841569833386173,4849,Healthy
0.9349528690441166,0.11621036162567122,4849,Critical
0.9800520891864897,0.15778346921124498,4849,Critical
1.0086625296523617,0.1841569833386173,4849,Critical
0.9358329348274546,0.11702161887973433,4849,Critical
1.16991460322842,-0.014742021659751406,4848,Critical
-0.5770526908597559,1.1786394674730212,4846,Healthy
1.1437309452653404,-0.021473868756820412,4839,Critical
0.8124074907256074,-0.7088368680068412,4838,Low
0.803689857966128,-0.7168729068442588,4838,Low
0.7653147557671819,0.697138087121765,4821,Critical
0.7748792442804392,0.7059547697319603,4821,Critical
0.7691837242109127,0.7007045576915141,4821,Low
-4.216629254055571,-1.755013772796158,4819,Critical
0.8973425590326185,1.0468465426841442,4810,Critical
0.8989532454662745,1.0483312965264862,4810,Critical
1.0503909802595153,1.1879287711879118,4810,Critical
0.9155416552314553,1.0636227304285435,4810,Critical
-0.7610006750887537,0.8210637090530277,4805,Healthy
-3.6704252251579224,-3.1259732607033555,4800,Critical
0.005796445201956896,0.9241307753051007,4791,Low
-0.01781588581514713,0.9023645901111811,4791,Critical
0.04793701863316221,0.8551007391551573,4784,Critical
-0.011990479707715695,0.7998587121756523,4784,Critical
0.04762152335234295,0.854809911082946,4784,Critical
1.0824130380668648,-0.33285622416115856,4780,Low
0.396557110974866,1.0083730193865217,4779,Low
0.5313566209585864,1.1326331399239618,4779,Critical
0.5344783637372189,1.1355108071647895,4779,Critical
0.6245041173371866,0.8635418290624073,4773,Critical
1.1369965037567453,-0.2958800092447492,4773,Critical
0.5888199405750513,0.8306476434212446,4773,Low
0.6608026796461806,0.8970023641073499,4773,Critical
0.5886538904272517,0.8304945760148176,4773,Critical
0.5884878402794521,0.8303415086083906,4773,Low
0.6320095840177288,0.8704604758329078,4773,Low
0.3795731826165336,0.1294041290448742,4756,Critical
-7.630563266018728,6.71296701713923,4748,Healthy
0.5746529233214847,-0.3141448914478132,4731,Critical
0.9533524198360271,-0.7008775507000833,4730,Critical
0.9407990286623769,-0.7124494466259647,4730,Critical
-1.9511057754498844,3.0324984429182655,4729,Low
0.9715007842211965,0.41343584942132183,4720,Critical
0.8996674902830868,0.3472188894010008,4720,Critical
0.9344882062766643,0.3793171245287431,4720,Critical
0.8982394590120102,0.3459025097057286,4720,Critical
0.9344882062766643,0.3793171245287431,4720,Critical
0.40816330164089715,1.291569168518109,4719,Critical
0.6263426206838519,-0.3264164761702664,4715,Critical
0.5274265476396265,-0.4175987301788315,4715,Critical
0.6244828590284963,-0.3281308311222489,4715,Critical
0.5273269175509467,-0.41769057062268766,4715,Critical
0.3831580409294009,1.332030039138204,4713,Critical
0.4726922806229486,1.4145639846836435,4713,Critical
0.4080987731289018,1.3550207635835398,4713,Critical
0.4159197350902632,1.3622302384262515,4713,Critical
0.46302816202101155,1.405655461629592,4713,Critical
0.46302816202101155,1.405655461629592,4713,Healthy
0.4080987731289018,1.3550207635835398,4713,Healthy
1.1016476298095998,-0.2452724701299999,4712,Critical
1.0915647037159797,0.7569709953924764,4711,Critical
-4.9714003353100615,0.24239154032368013,4708,Critical
0.08093356341680034,2.2125369174530602,4699,Critical
2.4269889436690204,-1.9725470271840704,4696,Critical
1.028117829496509,0.2922185534548984,4696,Low
0.9849281860538315,0.2524057210432353,4696,Low
0.9848451609799317,0.2523291873400217,4696,Low
1.0570105552136404,0.31885228217319667,4696,Low
1.0203632875942672,0.2850703055747574,4696,Low
0.3549878746894056,0.36358326547683395,4695,Critical
0.4343598453376174,0.43674948574894085,4695,Critical
0.4486235530336036,0.44989797596102027,4695,Critical
0.388148089204987,0.39415082654030625,4695,Critical
0.5246241027008537,0.6008445923436924,4693,Low
1.2019806944221134,0.2234223244127338,4691,Critical
1.4487613813745002,-0.5639138583501625,4688,Critical
-0.251328119130422,0.6372285378943418,4686,Healthy
0.7745843949646596,0.5074055266974182,4685,Critical
0.4472417475702969,1.0953467197379136,4683,Healthy
0.3735320869620517,1.0274000980249676,4683,Critical
0.41863130710442475,1.0689732056105412,4683,Critical
0.4472417475702969,1.0953467197379136,4683,Critical
0.3744121527453896,1.0282113552790306,4683,Critical
0.808986161816728,-0.765836623920476,4682,Low
1.2547530639236943,-0.19159707107003288,4673,Critical
0.29365959453963064,-0.5701520178554045,4665,Low
0.30234401726955007,-0.5621465924992723,4665,Low
-3.6725381766144993,-2.360764653295838,4659,Critical
0.36270916693834154,1.3227468877108295,4657,Critical
0.37224044542203893,1.3315329568397394,4657,Critical
0.3666113454116323,1.3263439717618641,4657,Low
2.1642259653497784,-1.502498059188276,4644,Critical
2.1808143751149593,-1.4872066252862184,4644,Critical
2.1625654638717826,-1.504028733252546,4644,Critical
2.3156637001430194,-1.3629005845268503,4644,Critical
-1.7170658549486462,2.5515620826140086,4639,Healthy
-3.5648024123336257,-2.908088994331824,4634,Critical
-0.7770152291453081,1.5355619014061317,4626,Low
-0.8006607701919719,1.5137651027309267,4626,Critical
0.030849599214779,1.0552350467318796,4621,Critical
-0.029028084081759033,1.0000389399743028,4621,Critical
0.030583918978299617,1.0549901388815963,4621,Critical
-4.0926905607957895,-1.7247011898017763,4617,Critical
-4.1049616667181805,-1.7360128711367315,4617,Critical
-4.091694259908992,-1.7237827853632142,4617,Critical
0.9556136612166158,-0.12484375219959837,4614,Critical
1.5523559687601594,-0.6875618698453853,4610,Critical
0.6948522031970069,-0.5891504387679287,4609,Low
0.7668183372533564,-0.5228110248224661,4609,Critical
0.7305197749443624,-0.5562715598674087,4609,Critical
0.6946529430196474,-0.5893341196556411,4609,Critical
0.6945367079161877,-0.58944126684014,4609,Low
0.7380252416249046,-0.5493529130969083,4609,Low
0.776903745988274,-0.8538808215701053,4584,Critical
-6.870395319543462,6.0504027960413245,4582,Healthy
1.1932439909145183,0.34143045160766416,4566,Critical
1.1214273019911885,0.27522879832798597,4566,Critical
1.156248017984766,0.3073270334557282,4566,Critical
1.119982665705332,0.273897111892071,4566,Critical
1.156248017984766,0.3073270334557282,4566,Critical
0.2928047231971548,1.092200939425683,4563,Low
0.5499213243742586,-0.305902262496938,4561,Critical
1.1809064873122423,-1.5292843645344862,4561,Critical
1.1683530961385922,-1.5408562604603675,4561,Critical
0.3119170870914078,1.4757298244685462,4556,Critical
-4.2967019946332545,-0.6331240405865558,4553,Critical
0.4903800858932243,1.3364254412910013,4553,Healthy
0.43541748697155463,1.2857601297636636,4553,Healthy
0.41052656981639374,1.262815325540256,4553,Critical
0.5000109944656016,1.3453033508637673,4553,Critical
0.43541748697155463,1.2857601297636636,4553,Critical
0.4432218439181362,1.2929542978657327,4553,Critical
0.4903800858932243,1.3364254412910013,4553,Critical
0.35123934752863717,0.4600204672152438,4552,Critical
0.2523232744844117,0.36883821320667887,4552,Critical
0.3493795858732816,0.45830611226326146,4552,Critical
0.25222364439573197,0.3687463727628226,4552,Critical
1.3018091968904557,-0.4242166399353026,4552,Critical
1.307005158086584,-0.2012820173218403,4544,Critical
0.43846502237909446,0.5284930874879176,4541,Critical
0.5180528582194458,0.6018582953883795,4541,Critical
0.5321173057380725,0.6148231047127466,4541,Critical
0.4716750519390157,0.5591065687733179,4541,Critical
1.009830994220946,0.37007731915818337,4533,Critical
0.5155718448888329,0.8691641861598776,4532,Critical
1.1952942939565843,0.08002242749435538,4531,Critical
0.23657373131199144,2.0354805372112006,4531,Critical
1.2662746246250411,-0.40479438950698954,4530,Low
1.2231015861971435,-0.44459191517801,4530,Low
1.2230185611232438,-0.44466844888122353,4530,Low
1.2951673503421726,-0.37816066078869126,4530,Low
1.2585200827227996,-0.41194263738713055,4530,Low
0.5291521098426789,0.7474957499524619,4530,Low
1.5171275853094053,-0.22830595057804373,4526,Healthy
1.44341792470116,-0.29625257229098984,4526,Critical
1.488583564902653,-0.25461823774284537,4526,Critical
1.5171275853094053,-0.22830595057804373,4526,Critical
1.444347805528838,-0.2953953948149986,4526,Critical
-1.3350486844578506,2.258822914008934,4522,Medium
0.8651529134156454,0.24461645824812384,4521,Critical
0.7920747793975537,-1.042701187473795,4510,Low
1.3570983805185264,-0.23307701484611607,4510,Critical
-0.6410468336049504,2.146668378302732,4510,Low
-0.6323790158898109,2.154658496918221,4510,Low
0.4298170147153432,1.222069983852928,4493,Low
0.42591483624205256,1.2184728998018937,4493,Critical
0.43536308965185017,1.22718243522759,4493,Critical
-3.8001894126948654,-2.523186737025453,4491,Critical
1.1701810212483699,0.4215375545816679,4484,Critical
1.1719411528150456,0.42316006908979414,4484,Critical
1.3233290725639468,0.5627116235292916,4484,Critical
1.1885295625802264,0.43845150299185154,4484,Critical
-4.1354152659239976,-1.7635788761866398,4472,Critical
-0.8124616586121215,1.0636981328411106,4470,Healthy
-0.992383783877203,1.74948040584807,4459,Low
-1.015996114894307,1.7277142206541503,4459,Critical
-0.1882016786715736,1.9768174409152255,4454,Critical
-0.0534685887469732,2.1010163344900947,4454,Critical
-0.050396661012680546,2.1038480815089944,4454,Critical
0.28066025279128093,0.36431178997377905,4447,Critical
0.244361690482287,0.33085125492883644,4447,Critical
0.20852806858713197,0.2978193086218895,4447,Critical
0.2086941187349316,0.2979723760283165,4447,Low
0.20837862345411234,0.2976815479561052,4447,Low
0.25186715716282915,0.3377699016993369,4447,Low
0.8149780902565896,-0.04290594395649674,4445,Critical
0.25925159309546403,-0.09393622801974627,4443,Critical
0.1993573047841461,-0.14914764151796586,4443,Critical
0.2589693078442047,-0.09419644261067223,4443,Critical
0.6247515703819685,0.5477139304847076,4441,Critical
-5.809929172667918,5.44061739081834,4431,Healthy
0.4361173105180317,0.14779338543879705,4421,Critical
1.0969725122192486,0.04834740593317103,4403,Critical
1.025189033325479,-0.017823633865221893,4403,Critical
1.0600097493190563,0.014274601262520429,4403,Critical
1.0237610020544023,-0.019140013560494072,4403,Critical
1.0600097493190563,0.014274601262520429,4403,Critical
1.2369072016059128,-0.3439895028323333,4399,Low
0.9189875742381683,0.7679746620953163,4399,Critical
0.23676434899602763,0.5213291389389417,4398,Critical
-4.501949281907454,-0.5494576936369199,4393,Critical
0.6166481899765234,1.130223705211729,4392,Healthy
0.5617188010844136,1.0795890071656769,4392,Healthy
0.5367780688849128,1.0565982827203413,4392,Critical
0.6262624935341206,1.1390863080438525,4392,Critical
0.5617188010844136,1.0795890071656769,4392,Critical
0.569539763045775,1.0867984820083887,4392,Critical
0.6166481899765234,1.130223705211729,4392,Critical
0.7342041020861928,-0.7954701500544951,4392,Critical
0.7216507109125426,-0.8070420459803763,4392,Critical
-3.4424609782787154,-1.0842830312618323,4390,Critical
-3.447525507786603,-1.088951587157856,4390,Critical
-3.4385754048202046,-1.0807012539514405,4390,Critical
-3.4500826800627173,-1.0913088252168317,4390,Critical
0.4018259076380329,0.9026488825617194,4388,Critical
1.0336576759650953,0.5814140043835005,4384,Critical
0.15022629009357588,2.276411946155048,4376,Critical
0.9444848762594152,-0.8312855800846595,4372,Critical
0.8508824079447772,-0.9175696770875604,4372,Critical
0.9302211685634291,-0.8444340702967389,4372,Critical
0.8839595973864588,-0.8870786497273017,4372,Critical
0.4263460249472856,1.0544726402567908,4369,Low
0.46586941202750015,1.1423646857347014,4368,Critical
1.2048342282225295,-0.11425164825834042,4367,Critical
1.1519001865199547,-0.06906774139051233,4367,Low
1.1087271480920573,-0.10886526706153288,4367,Low
1.1085777029590376,-0.10900302772731718,4367,Low
1.1807929122370864,-0.042434012672214055,4367,Low
1.1441456446177132,-0.07621598927065334,4367,Low
0.48091214369706764,1.3295712338572687,4366,Medium
0.40725229813316227,1.2616705323662507,4366,Critical
0.45240133331987525,1.3032895601737524,4366,Critical
0.48091214369706764,1.3295712338572687,4366,Critical
0.40818217896084,1.2625277098422418,4366,Critical
1.1386864288206682,-0.19547989111856248,4365,Critical
0.9649775376461812,0.5277184307726459,4364,Critical
-0.7018766327696162,1.166976750910948,4359,Medium
0.9022074106556345,-0.6260580146111185,4350,Low
1.3137933332909288,-0.02059194957371303,4350,Critical
0.06529663652867682,0.39747582067366116,4343,Low
0.07396445424381629,0.40546593928915065,4343,Low
0.7024261476554647,0.9571415948684934,4333,Critical
0.7118079810061425,0.9657899033316188,4333,Critical
0.7062453010548557,0.9606621452163143,4333,Low
-3.749044707535255,-2.459673083285982,4319,Critical
1.5309056293572352,-0.46653152539418646,4318,Critical
1.547494039122416,-0.451240091492129,4318,Critical
1.5290790777314396,-0.46821526686488346,4318,Critical
1.6822769440913563,-0.3269952776953316,4318,Critical
-0.8493314215635184,1.419292344315075,4306,Healthy
-3.7049299834247456,-2.8826454343462324,4302,Critical
0.1594490683393379,1.5402438740844806,4294,Critical
0.29419876327871824,1.6644580743999926,4294,Critical
0.29725408599823105,1.6672745146782495,4294,Critical
0.26307773191177686,0.5228480354338461,4293,Critical
0.2866900629288809,0.5446142206277658,4293,Low
0.4144118550573191,0.3699530288781059,4279,Critical
0.354583986805121,0.31480284234245715,4279,Critical
0.41414617482083976,0.3697081210278227,4279,Critical
1.5894501449275622,-1.1032198968019442,4278,Low
1.6257487072365562,-1.0697593617570016,4278,Critical
1.5894501449275622,-1.1032198968019442,4278,Critical
1.5536331280471871,-1.1362365363682485,4278,Critical
1.5534670778993875,-1.1363896037746755,4278,Low
1.5969556116081045,-1.0963012500314437,4278,Low
0.8243776557366951,-0.06593574741451225,4275,Critical
0.8029533470692233,0.05272122404649201,4268,Critical
-5.510918936438903,4.699203997556361,4267,Healthy
1.206091730443122,-1.282485703904727,4254,Critical
0.3972839370173873,0.5475871013186644,4241,Critical
1.083371225879872,0.30743628372734466,4238,Critical
1.414161472969544,-0.630330338923189,4237,Critical
1.342377994075774,-0.6965013787215819,4237,Critical
1.3771488950250117,-0.6644490638157677,4237,Critical
1.3409001477603577,-0.6978636786387823,4237,Critical
1.3771488950250117,-0.6644490638157677,4237,Critical
0.7976721462725597,0.37285145612712656,4236,Low
-4.742557030373017,-0.05962175158290342,4236,Critical
0.9710012291086534,-0.5870230526856968,4234,Critical
0.9583980228906633,-0.5986408688335062,4234,Critical
0.6729251552032984,0.8254489374716606,4231,Critical
0.7624095798525062,0.9079369627951718,4231,Critical
0.6978160723584594,0.8483937416950681,4231,Critical
0.7056370343198208,0.8556032165377799,4231,Critical
0.7527454612505692,0.8990284397411203,4231,Critical
0.7527454612505692,0.8990284397411203,4231,Healthy
0.6978160723584594,0.8483937416950681,4231,Healthy
0.6765684476638301,0.5929812865520041,4228,Critical
-3.923278522342658,-0.4920724683059206,4227,Critical
-3.9279943465401663,-0.49641958264844727,4227,Critical
-3.9196088140762866,-0.48868967862388374,4227,Critical
-3.9305515188162805,-0.4987768207074233,4227,Critical
0.8195270771282331,0.8976637410142368,4224,Critical
1.02255835876619,0.7317640935251797,4212,Medium
0.9488985132022847,0.6638633920341616,4212,Critical
0.9940641534037776,0.7054977265823061,4212,Critical
1.02255835876619,0.7317640935251797,4212,Critical
0.9498782090743023,0.664766489732081,4212,Critical
1.2397742065806314,0.2744577671541162,4210,Critical
0.584665311388249,0.932855533974153,4209,Critical
0.9972378712020278,-1.0152696624419424,4206,Critical
1.0765766318206795,-0.942134055651121,4206,Critical
1.0908403395166657,-0.9289855654390415,4206,Critical
1.0303150606437093,-0.9847786350816837,4206,Critical
0.400555164444425,1.2499358545559567,4205,Critical
0.7986014357033345,0.13225975279920732,4203,Low
1.5190557383720713,-0.819391111353101,4201,Low
1.4759159099737336,-0.8591580235428361,4201,Low
1.4753679444859948,-0.8596631459840453,4201,Low
1.5479484640892027,-0.7927573826348027,4201,Low
1.5113011964698295,-0.8265393592332421,4201,Low
1.3485712879848775,-0.450558823378543,4199,Critical
0.7311124662707227,0.46733247969482916,4198,Critical
-1.5884025325779167,2.6726546082444878,4196,Medium
1.202930477253295,0.30765285518242574,4193,Critical
0.5599397344337008,0.20925146773988018,4189,Low
0.5512054966594416,0.20120012216181987,4189,Low
0.2969805974956228,-0.5670906697268645,4176,Low
0.4989823058478873,1.24968853142379,4172,Critical
0.5083641391985652,1.2583368398869155,4172,Critical
0.5029176943507381,1.25331622895611,4172,Low
1.6175274138480882,-0.4728945654767285,4154,Critical
1.6194037805182238,-0.47116490378410336,4154,Critical
1.770741885222785,-0.3316592695665339,4154,Critical
1.6359921902834045,-0.45587346988204586,4154,Critical
-3.879168136139388,-2.3300352364558603,4153,Critical
-1.2231754148487934,2.0261546677521087,4143,Healthy
-3.162922627671732,-3.4825386771813895,4138,Critical
0.2721044968817116,1.5594064946384547,4130,Critical
0.2751764246160043,1.5622382416573541,4130,Critical
-0.26384454565396875,0.7406281983451802,4130,Low
0.13735480194233127,1.4351922943229427,4130,Critical
-0.2874900867006327,0.7188313996699751,4130,Critical
1.0555709654189287,-0.1686081925568675,4112,Low
1.0990594991276457,-0.1285198388136357,4112,Low
1.0559362757440878,-0.16827144426272805,4112,Low
1.1278525947560973,-0.10197795053919363,4112,Critical
1.0915540324471034,-0.13543848558413618,4112,Critical
1.0557204105519484,-0.16847043189108318,4112,Critical
-0.14540666553130843,1.013639099248062,4110,Critical
-0.2052345337835066,0.958488912712413,4110,Critical
-0.1457221608121277,1.0133482711758506,4110,Critical
1.4250294636220349,-0.9167847492486604,4109,Critical
0.6567990155932528,0.7858018202093735,4105,Critical
-4.238541136732431,2.159465552393613,4092,Healthy
0.5648210409240978,-0.3831279502514706,4085,Critical
0.3889304705601739,0.2570501461515631,4079,Critical
0.5310860020914169,0.3880911527937193,4079,Critical
1.0531714432218902,0.26273497017632413,4076,Critical
0.9814377793724605,0.1966098505998593,4076,Critical
1.016158865277358,0.2286162452837454,4076,Critical
0.9799599330570439,0.19524755068265903,4076,Critical
1.016158865277358,0.2286162452837454,4076,Critical
0.8285194522799084,0.5073048460912478,4076,Critical
1.1995098084569387,-0.034561129340219925,4075,Critical
0.6054577857221012,-0.23299528993934795,4075,Critical
-4.98289815627676,-0.3467647609258487,4072,Critical
0.6893862648785798,1.003042367769919,4071,Healthy
0.6344070609421302,0.9523617495019385,4071,Healthy
0.6095161437869692,0.9294169452785309,4071,Critical
0.699000568436177,1.0119049706020424,4071,Critical
0.6344070609421302,0.9523617495019385,4071,Critical
0.6422778379478314,0.9596171445665784,4071,Critical
0.6893862648785798,1.003042367769919,4071,Critical
-3.070993021259818,-2.0705409481887735,4069,Healthy
-3.0745132843931695,-2.073785977205026,4069,Healthy
1.318618025642392,-0.46681076914733877,4068,Critical
-3.4727116659417896,-1.2379997786608794,4063,Critical
-3.4774108851245185,-1.2423315862627635,4063,Critical
-3.4690253526606383,-1.2346016822382,4063,Critical
-3.4799846624154127,-1.244704131062382,4063,Critical
0.8026156947090587,0.6207991774609176,4058,Critical
1.1835051993658048,0.012736257740165484,4049,Medium
1.1097955387575595,-0.05521036397278059,4049,Critical
1.1549943889886123,-0.01354541594335071,4049,Critical
1.1835051993658048,0.012736257740165484,4049,Critical
1.1108250496739172,-0.05426134605293323,4049,Critical
0.6972597645754638,-0.21824385036695698,4046,Critical
0.7765487101497758,-0.14515416379806362,4046,Critical
0.7908622328901018,-0.13195975336405602,4046,Critical
0.7302871389728055,-0.18779874322862627,4046,Critical
0.15796559134365779,1.963018427008658,4044,Critical
1.4750737195595354,-0.5730849384071006,4044,Critical
0.6007819360507647,1.2427710715996978,4042,Critical
1.2073647699505854,-0.13217121182035454,4042,Critical
0.680304459802564,0.477508426557163,4040,Low
1.178291634886984,-0.19946381977373817,4038,Critical
0.6812869574947664,0.7263111238908073,4038,Low
0.6382135491555485,0.6866054386636431,4038,Low
0.6375161385347902,0.6859625555566496,4038,Low
0.7101796832118978,0.7529448526091057,4038,Low
0.6735324155925247,0.7191628760106664,4038,Low
1.4599641004179704,-0.11852145868234136,4036,Critical
0.2520255013930075,0.6774155530976548,4035,Low
0.2606933191081469,0.6854056717131443,4035,Low
-1.1489504536957238,1.6367680838062368,4026,Medium
-0.542562490945004,2.2374526570545865,4021,Low
0.6962497560886641,0.9722458915537147,4012,Critical
0.7054655392915423,0.9807411326104133,4012,Critical
0.700118724532395,0.9758123621234638,4012,Low
1.4828648923422443,-0.4063670340209139,3988,Critical
1.636112573746501,-0.2651011246294339,3988,Critical
1.4847744690419398,-0.40460675884700337,3988,Critical
1.5013628788071205,-0.38931532494494586,3988,Critical
-3.948986455632161,-2.0338148165304104,3987,Critical
-3.6603399003153925,-2.3562225362340903,3981,Critical
0.31955565966483657,1.5684808691381669,3976,Critical
0.4542555395598771,1.6926491492317508,3976,Critical
0.4573772823385096,1.6955268164725785,3976,Critical
-1.2334601017804805,1.8377156572111617,3974,Healthy
0.06398035277820334,0.19337493784262078,3967,Low
0.040301601701979536,0.17154752568613035,3967,Critical
0.025875387819543173,1.174034992784822,3950,Critical
-0.03396908544743494,1.1188694995085304,3950,Critical
0.02560970758306379,1.1737900849345386,3950,Critical
1.7536909695996172,-1.086728790558589,3948,Critical
1.7181396329557215,-1.11950052227461,3948,Critical
1.790039346952951,-1.0532223352917183,3948,Critical
1.7179237677635821,-1.1196995099029652,3948,Critical
1.7177743226305624,-1.1198372705687494,3948,Low
1.7612462513244993,-1.0797642235661604,3948,Low
1.102907852472307,-0.3853089725980243,3943,Critical
0.7629409167823263,0.308131184078658,3936,Critical
-1.3081882775555893,2.195236504870541,3928,Healthy
0.2897177677688831,0.4033089931340397,3922,Critical
1.0043449881087634,-0.058967411368077864,3916,Critical
1.1465005196400062,0.07207359527407832,3916,Critical
-5.015895196476813,-0.0007384953152911393,3914,Critical
0.23615682090017012,0.5726565534701162,3913,Critical
0.33321045222286577,1.1505655679710218,3913,Critical
1.4215707362413745,-0.6498946646772097,3910,Critical
1.3498370723919446,-0.7160197842536745,3910,Critical
1.3845581582968425,-0.6840133895697884,3910,Critical
1.3483094110321883,-0.7174280043928029,3910,Critical
1.3845581582968425,-0.6840133895697884,3910,Critical
0.42884941308470587,1.4341686817241066,3910,Healthy
0.37387020914825625,1.3834880634561262,3910,Healthy
0.3490291070374351,1.3605891794546467,3910,Critical
0.43846371664230305,1.4430312845562299,3910,Critical
0.37387020914825625,1.3834880634561262,3910,Critical
0.3817908011982974,1.3907893787426941,3910,Critical
0.42884941308470587,1.4341686817241066,3910,Critical
0.9409013096057731,0.14961950015310171,3908,Critical
-3.8629378446709195,-1.921180086531169,3905,Healthy
-3.8667071830259707,-1.924654716657062,3905,Healthy
0.5336175420132406,0.6071597155749928,3903,Critical
1.2841065721925613,0.2754954681204218,3901,Critical
-2.952541675124118,-2.207291347620501,3897,Critical
-2.9572907093511867,-2.211669075444313,3897,Critical
-2.9489051768873065,-2.2039391714197496,3897,Critical
-2.9598644866420805,-2.2140416202439317,3897,Critical
0.07126944481486323,2.2036283943990087,3889,Critical
0.699503325802425,-0.22643242102943706,3886,Critical
0.7787258513176172,-0.1534039614231145,3886,Critical
0.7930891891022831,-0.14016363076717883,3886,Critical
0.7325140951849868,-0.1960026206317491,3886,Critical
1.5068450901284567,-0.33277326286897646,3884,Critical
1.1768686139446152,-0.13061771895628477,3882,Medium
1.10320876838071,-0.19851842044730278,3882,Critical
1.1484574336561026,-0.15680755219594478,3882,Critical
1.1768686139446152,-0.13061771895628477,3882,Critical
1.1042382792970675,-0.19756940252745536,3882,Critical
0.3994729048111817,1.4749128559163653,3881,Low
0.3563994964719638,1.435207170689201,3881,Low
0.35565227080686557,1.4345183673602795,3881,Low
0.4283656305283131,1.5015465846346636,3881,Low
0.39166854786460015,1.4677186878142963,3881,Low
1.2752447288289335,-0.36010824143662257,3880,Low
1.4690191302289644,-0.139449852896646,3879,Critical
-0.0722663346460778,1.899333149310446,3875,Critical
-0.004600899417738357,1.961708117429449,3875,Critical
0.6149214352845473,0.8782196932632825,3875,Critical
-0.17089559559381504,0.7691571264650281,3869,Low
-0.1621779628343357,0.7771931653024458,3869,Low
-0.3384013310185643,0.5843735427359776,3863,Medium
0.16371455912950342,0.4881988724629451,3855,Low
-0.05070570876185064,2.3434009882138818,3854,Critical
-0.041606160662432265,2.3517890820860816,3854,Critical
-0.04683674031811978,2.346967458783631,3854,Critical
1.8477114473809368,-0.8343323508517498,3825,Critical
1.8496874441397522,-0.8325108487152685,3825,Critical
2.0009757337999736,-0.6930511347196272,3825,Critical
1.8662758539049327,-0.817219414813211,3825,Critical
-3.9440770781307726,-1.9412963606999079,3823,Critical
-3.982518210690272,-1.9537662790276449,3813,Critical
-0.38342574241148425,2.141519418774718,3810,Critical
-0.24874246753122364,2.2656723921276596,3810,Critical
-0.245670539796931,2.2685041391465592,3810,Critical
-1.4221201383212165,2.0401709663070857,3804,Medium
-1.1401727686220335,1.9024658710815536,3797,Low
-1.1638183096686976,1.8806690724063486,3797,Critical
0.03321619006462461,1.1543482904610538,3789,Critical
-0.026611678187573495,1.099198103925405,3789,Critical
0.032900694783805355,1.1540574623888424,3789,Critical
0.4631917225210464,-0.33551662205471233,3782,Critical
0.5351080415330559,-0.2692231283311778,3782,Critical
0.49875966417972206,-0.30272958359804847,3782,Critical
0.4629758573289069,-0.3357156096830674,3782,Critical
0.46282641219588727,-0.3358533703488517,3782,Low
0.5063149459046041,-0.2957650166056199,3782,Low
1.050738995388076,-0.6069569575855492,3777,Critical
-3.046450809415036,-2.0479175855188627,3775,Healthy
0.597061425783279,0.8799570516579481,3773,Critical
-0.5771523209484357,1.178547627029165,3767,Medium
-3.4713537039958466,-1.1109167599801306,3760,Critical
1.0676547107134582,0.6255470347312957,3757,Critical
1.555096624951402,-0.8381095611334268,3756,Critical
1.697202341438305,-0.7071144747131987,3756,Critical
1.488286877476029,-0.5989628704648446,3753,Critical
0.9605819718397351,0.70076485203208,3752,Medium
0.9056027679032855,0.6500842337640997,3752,Medium
0.8807616657924644,0.6271853497626202,3752,Critical
0.9701962753973323,0.7096274548642034,3752,Critical
0.9056027679032855,0.6500842337640997,3752,Critical
0.9135731749976665,0.6574314692725958,3752,Critical
0.9605819718397351,0.70076485203208,3752,Critical
-4.689389118402128,-0.8629751127737637,3751,Critical
0.9976384846037236,-0.097794247438681,3745,Critical
1.656367263567384,-0.9675937581612217,3744,Critical
1.584700019777074,-1.0336576507751156,3744,Critical
1.6194211056819716,-1.0016512560912294,3744,Critical
1.5832221734616576,-1.035019950692316,3744,Critical
1.6194211056819716,-1.0016512560912294,3744,Critical
1.358619084110753,0.1446496653462619,3744,Critical
0.5018562970967761,1.2680928044382502,3743,Critical
-5.309214209123562,0.017125657338380243,3732,Healthy
-5.312983547478614,0.013651027212487244,3732,Healthy
-3.4914602807753288,-1.5633230098602613,3726,Critical
-3.4962093150023974,-1.5677007376840735,3726,Critical
-3.487823782538517,-1.55997083365951,3726,Critical
-3.4988163023228513,-1.5701038959649776,3726,Critical
0.6604091908127562,1.075908472006563,3725,Critical
0.6691268235722355,1.0839445108439807,3725,Critical
0.6975213988459682,1.1101190373429979,3725,Critical
0.6248412491540805,1.0431214335498993,3725,Critical
0.6975213988459682,1.1101190373429979,3725,Medium
0.505857911242556,0.860209742883898,3723,Critical
0.8231258432869679,-0.5853877828768906,3722,Critical
0.90236497381694,-0.5123440165299255,3722,Critical
0.916728311601606,-0.4991036858739898,3722,Critical
0.8561034026399698,-0.5549885959604881,3722,Critical
0.5980375359245574,0.983147965361431,3721,Low
0.5549641275853396,0.9434422801342667,3721,Low
0.5541670868759015,0.9427075565834171,3721,Low
0.626930261641689,1.0097816940797295,3721,Low
0.5901833639336361,0.9759078770374338,3721,Low
1.3061294369697456,0.25881920713689704,3718,Low
-0.474326203832622,2.9992247962908003,3718,Critical
-0.40672718866340235,3.061538537447233,3718,Critical
1.2974450142398262,0.2508137817807649,3718,Low
1.1025393105825654,0.03198488254244212,3717,Critical
1.1102453541228516,0.004619349839246491,3712,Critical
0.873694244468169,0.4482891509777035,3712,Critical
0.6274185621823464,0.18209559862505242,3711,Low
0.6496898393193881,0.29198440091367467,3701,Low
-1.990821495680726,5.567575996664255,3696,Critical
-1.994657254094897,5.56404013957579,3696,Critical
-1.9856739410989384,5.572321086263492,3696,Critical
-1.0988846897795905,1.5130300939136696,3694,Medium
-3.720876733854144,-2.7060943673364934,3651,Critical
-3.9171811652656077,-1.851276393315274,3649,Critical
1.1926246444710227,-0.5825379680909357,3646,Critical
1.3439461441608038,-0.4430476406140091,3646,Critical
1.1906486477122076,-0.5843594702274171,3646,Critical
1.2092628692805434,-0.5672006139669501,3646,Critical
0.28606082548081985,1.0126350260471748,3643,Critical
0.4206942853167406,1.136742079178188,3643,Critical
0.4237163980066935,1.1395279059751593,3643,Critical
-0.8059774394304995,1.1510501810193108,3638,Medium
-0.7249609975620056,1.4294015936783477,3634,Critical
-0.7012822464857817,1.4512290058348383,3634,Low
0.15923375487677763,0.7874032682240809,3626,Critical
0.0994390966541395,0.7322836951697176,3626,Critical
0.15890165458117847,0.787097133411227,3626,Critical
0.6113619582265198,0.725443901510955,3616,Critical
1.6795008851735127,-1.2908788687694022,3616,Critical
1.7514172041855223,-1.2245853750458677,3616,Critical
1.7150688268321885,-1.2580918303127384,3616,Critical
1.6792850199813734,-1.2910778563977574,3616,Critical
1.6791355748483536,-1.2912156170635416,3616,Low
1.7226241085570706,-1.2511272633203099,3616,Low
-3.83746575199846,-1.897699546385267,3611,Healthy
1.2355828166796088,-0.172368467421699,3609,Critical
-0.25147756426344164,0.6370907772285574,3607,Medium
0.7299613440958982,0.9826424700684433,3597,Critical
-3.947953574305679,-0.514818284900973,3596,Critical
0.6941334874652274,0.6813942518188545,3593,Critical
1.5266002843077549,-1.0862396736152402,3590,Critical
1.6687060007946577,-0.9552445871950123,3590,Critical
0.8541367223058225,0.9783233852673074,3589,Critical
0.04212315214626804,0.634281342079293,3588,Critical
-3.7848040329831636,-2.3598888034022067,3587,Critical
1.4304020934212178,-0.7327890038108811,3585,Critical
1.5198367030260858,-0.6503468987092978,3585,Critical
1.455176775472919,-0.7099513467719724,3585,Critical
1.46321360262642,-0.7025428843009055,3585,Critical
1.5102057944537086,-0.659224808282064,3585,Critical
1.5102057944537086,-0.659224808282064,3585,Medium
1.455176775472919,-0.7099513467719724,3585,Medium
0.6211540360542085,1.2282751447790603,3584,Critical
-5.10006072430417,1.1192048913892894,3583,Critical
-5.104643708383439,1.1149802309719041,3583,Critical
-5.096258175919559,1.1227101349964677,3583,Critical
-5.107234090689112,1.1125923794316428,3583,Critical
1.3406307165670535,-0.5042353159346458,3578,Critical
1.2689468677619633,-0.5703145152891824,3578,Critical
1.303667953666861,-0.5383081206052964,3578,Critical
1.2674690214465467,-0.5716768152063828,3578,Critical
1.303667953666861,-0.5383081206052964,3578,Critical
-6.142165815245751,2.026136302592286,3574,Healthy
-6.145935153600802,2.0226616724663935,3574,Healthy
0.9472995922846352,0.9587878530262064,3571,Low
0.9559674099997747,0.966777971641696,3571,Critical
0.9819062452893815,-0.5553735920763558,3565,Critical
1.0610955607750134,-0.48237574595131866,3565,Critical
1.0754588985596796,-0.469135415295383,3565,Critical
1.0148339895980432,-0.5250203253818814,3565,Critical
1.1291948221959125,0.09333779115027513,3562,Medium
1.0555349766320072,0.025437089659257107,3562,Critical
1.1008334569517397,0.06719387813254324,3562,Critical
1.1291948221959125,0.09333779115027513,3562,Critical
1.0565644875483649,0.02638610757910458,3562,Critical
0.9219731065906054,0.44544734398163555,3561,Low
0.8788996982513875,0.4057416587544713,3561,Low
0.8780528424976095,0.40496101498169357,3561,Low
0.9508658323077369,0.47208107269993377,3561,Low
0.914118934599684,0.4382072556576384,3561,Low
-0.13589701568190032,1.1120548068866678,3558,Critical
-0.06838102558658041,1.1742920143398867,3558,Critical
1.1290721252630709,-0.20434249395068596,3555,Critical
1.0553117255592837,0.2539919734563238,3554,Critical
0.6515352011365418,0.5972418401803142,3550,Low
1.187631753205452,0.024318616405058203,3549,Critical
0.3504600290086141,0.7681539116275815,3547,Low
0.8097399731559218,0.3936612020925124,3546,Critical
-2.150123322705384,6.004861550857348,3542,Critical
-2.1412396397981053,6.013050657101192,3542,Critical
-2.146320774320773,6.008366794464526,3542,Critical
-1.9053221185069202,3.509377653906743,3537,Medium
-4.0018471813561485,-1.8531059141003552,3487,Critical
0.16218628849604536,1.1128039291975569,3486,Critical
0.29683635334674596,1.2369262890692125,3486,Critical
0.29954297075587955,1.2394212877939728,3486,Critical
-3.719047719556134,-2.288954502313869,3483,Critical
1.6188252415627917,-0.6378070526310172,3480,Critical
1.6209008684102868,-0.6358937100506796,3480,Critical
1.7721227380113882,-0.4964952230176092,3480,Critical
1.6374892781754675,-0.6206022761486222,3480,Critical
-0.691899286020456,1.4281838956361799,3471,Low
-0.7155780370966799,1.4063564834796896,3471,Critical
-0.8952683739536503,1.1596722382384401,3469,Medium
0.16216482605112284,0.621233705083219,3460,Critical
0.10237016782848465,0.5661141320288556,3460,Critical
0.16189914581464346,0.6209887972329358,3460,Critical
0.6086479106010146,0.5725678991730261,3453,Critical
0.9317426075797706,0.1377958343511489,3452,Critical
1.003642321577,0.20407402133404068,3452,Critical
0.9672939442236663,0.17056756606717,3452,Critical
0.9315267423876311,0.13759684672279376,3452,Critical
0.9313606922398315,0.1374437793163668,3452,Low
0.9748492259485484,0.17753213305959853,3452,Low
0.5236717610755541,1.0087196785831938,3446,Critical
-1.3351981295908704,2.25868515334315,3444,Medium
-3.0809656363933486,3.4654540336086512,3439,Healthy
-5.283775326480662,0.040575584002997114,3439,Healthy
-3.0847349747484,3.4619794034827582,3439,Healthy
1.6708230348184634,-0.7845515643367357,3436,Critical
0.7346482063039698,0.8127319852474122,3434,Critical
-3.497370112890031,-1.260730288515289,3433,Critical
0.415709957378851,1.8424431424013217,3430,Critical
0.4938788869584284,0.12987336184664408,3429,Critical
1.0842190533714282,0.34176364731809267,3425,Medium
1.0292398494349786,0.29108302905011235,3425,Medium
1.0043987473241576,0.2681841450486329,3425,Critical
1.0938333569290255,0.35062625015021603,3425,Critical
1.0292398494349786,0.29108302905011235,3425,Critical
1.0372766765884796,0.2984914915211792,3425,Critical
1.0842190533714282,0.34176364731809267,3425,Critical
1.5342108487245742,-1.105559168874372,3424,Critical
1.6763165652114773,-0.9745640824541439,3424,Critical
0.6513932879197898,-0.8224852333982003,3422,Critical
-5.230219326675181,0.3283335783331978,3421,Critical
-5.234752495710111,0.32415483813774065,3421,Critical
-5.22640017327579,0.3318541286810189,3421,Critical
-5.2373594830305645,0.3217516798568368,3421,Critical
-4.372782829156384,-1.4877649863467457,3421,Critical
0.8587569540772744,0.646553608884257,3414,Low
0.8674413768071937,0.6545590342403892,3414,Critical
0.7770323824909653,-0.048626858761342005,3411,Critical
0.8562216979765975,0.024370987363695047,3411,Critical
0.8706348508056033,0.03765723824155889,3411,Critical
0.8099601267996271,-0.018273592066867596,3411,Critical
0.8246645465415814,0.34912547993117854,3411,Critical
0.7529806977364913,0.2830462805766419,3411,Critical
0.7877017836413891,0.31505267526052794,3411,Critical
0.7515028514210749,0.2816839806594416,3411,Critical
0.7877017836413891,0.31505267526052794,3411,Critical
0.9010098518640676,0.9234635004231102,3408,Medium
0.8273500063001622,0.8555627989320923,3408,Critical
0.8727149066790146,0.8973808143679491,3408,Critical
0.9010098518640676,0.9234635004231102,3408,Critical
0.8284293322608597,0.8565577370738677,3408,Critical
0.5621766919760115,0.1257970680450831,3401,Critical
0.6296262620122115,0.18797304853573113,3401,Critical
1.0122556131765086,-0.5379974433437376,3392,Critical
0.70297627494142,0.35105365490018475,3391,Critical
0.6594379261883633,0.3109193809350249,3391,Critical
0.6590394058336442,0.31055201915960007,3391,Critical
0.7318690006585515,0.3776873836184831,3391,Critical
0.6951221029504986,0.34381356657618756,3391,Critical
1.371779966332635,-0.26673539240293975,3391,Critical
1.3389569844272802,-0.4594214262106664,3389,Critical
1.474456076848072,-0.40493670407633003,3386,Critical
0.6078094800827294,0.3852055682052029,3384,Critical
-0.07242785794864856,0.8599260984762401,3381,Critical
-2.052881797840132,5.444072107967862,3380,Critical
-2.044114350036313,5.452154067027207,3380,Critical
-2.0491290644998608,5.447531431353112,3380,Critical
-1.7271473414318745,1.8453871877112116,3376,Medium
1.1991130608520746,-0.3471342258733351,3323,Critical
1.333763125702775,-0.2230118660016793,3323,Critical
1.3361210378015296,-0.22083830883041586,3323,Critical
-3.8162917441857487,-2.36657405390381,3319,Critical
2.1547252436939375,-1.3829261576520888,3317,Critical
2.1567842655266527,-1.381028121812394,3317,Critical
2.308072555186874,-1.2415684078167528,3317,Critical
2.173422490336173,-1.3656907676884085,3317,Critical
-3.5937726657874363,-2.5996807202695065,3315,Critical
-0.21952453040909942,0.7869256512374795,3310,Low
-0.24320328148532327,0.7650982390809891,3310,Critical
-1.274724276009216,1.7798587359596927,3299,Medium
0.1697587854531624,0.6018989030834446,3293,Critical
0.11003054728964404,0.5468405569916521,3293,Critical
0.169493105216683,0.6016539952331614,3293,Critical
0.8975242164994651,0.3815061745135511,3292,Critical
0.9694405355114745,0.44779966823708556,3292,Critical
0.8973083513073257,0.381307186885196,3292,Critical
0.8971090911299661,0.3811235059974836,3292,Low
0.940597624838683,0.42121185974071546,3292,Low
0.9330921581581408,0.4142932129702149,3292,Critical
0.42281661782178487,0.6070454063673482,3284,Critical
0.28274342861883367,1.3898130135327806,3283,Critical
-0.701976262858296,1.1668849104670918,3281,Medium
-2.891456911073354,1.535931907467743,3279,Healthy
-2.866981119287692,1.558494043175083,3279,Healthy
-2.895226249428405,1.53245727734185,3279,Healthy
1.2995495509758814,-1.6206050598259905,3273,Critical
1.1218911173300374,0.17091036600971365,3271,Critical
-2.9772499371166994,-2.230067777696839,3267,Critical
0.9715019199830996,0.4648040353903953,3267,Critical
1.0137534195907285,-0.9765048958027785,3265,Critical
1.1014138793985626,0.2996438723551918,3264,Medium
1.0464346754621128,0.2489632540872116,3264,Medium
-4.298099781865239,-1.0250050178156884,3264,Critical
-4.302682765944508,-1.0292296782330737,3264,Critical
-4.294297233480628,-1.0214997742085101,3264,Critical
-4.3052399382206215,-1.0315869162920495,3264,Critical
1.0216433883956317,0.22611029030766022,3264,Critical
1.1110281829561597,0.3085064751873153,3264,Critical
1.0464346754621128,0.2489632540872116,3264,Critical
1.0545213176599537,0.2564176367802065,3264,Critical
1.1014138793985626,0.2996438723551918,3264,Critical
0.14988670084379835,0.2919201988915304,3261,Critical
1.1435990132369942,-0.2981494105740514,3260,Critical
1.285704729723897,-0.1671543241538232,3260,Critical
0.8059174602837021,0.8818848740823576,3260,Low
0.8145852779988416,0.889874992697847,3260,Critical
-3.9063661016776927,-2.0614745915944983,3259,Critical
0.904202433633625,0.7551159943353238,3251,Medium
0.8305425880697196,0.6872152928443058,3251,Critical
0.8759573034929119,0.7290792285020908,3251,Critical
0.904202433633625,0.7551159943353238,3251,Critical
0.831671729074757,0.6882561512080094,3251,Critical
0.8763103274033781,0.7017159431069502,3248,Critical
0.7827576741330798,0.6154777663259774,3248,Critical
0.8619469896187121,0.6884756124510145,3248,Critical
0.8156356033974019,0.6457851127985237,3248,Critical
0.7020326130674485,0.5454226765636931,3245,Critical
0.6303487642623584,0.4793434772091564,3245,Critical
0.6650698501672562,0.5113498718930425,3245,Critical
0.6650698501672562,0.5113498718930425,3245,Critical
0.6288709179469419,0.4779811772919561,3245,Critical
-0.002109626304218194,0.6204092073644559,3235,Critical
0.06530673370242196,0.6825545743738187,3235,Critical
1.0077525644877174,-0.6871631374827825,3232,Critical
0.5911676324931675,1.2339084687675743,3232,Critical
1.7116520578112984,-0.6842036809881568,3231,Critical
1.3958795418554328,0.34155214031069153,3230,Critical
0.7984161265542535,0.4851582300773373,3228,Critical
0.7553925332593755,0.44549846507210117,3228,Critical
0.7544460474169178,0.4446259808554673,3228,Critical
0.827308852271385,0.5117919587956357,3228,Critical
0.7905619545633321,0.4779181417533402,3228,Critical
1.4688183270138184,-0.7084036959761584,3219,Critical
0.8476971102639643,-0.04953107543754506,3218,Critical
-1.789290870023461,4.896476590409411,3215,Critical
-1.7806064472935417,4.904482015765543,3215,Critical
-1.78555474169797,4.899920607054018,3215,Critical
0.23646974838142465,1.1385997568537078,3213,Medium
-4.117279506141693,-1.6740880304458319,3155,Critical
1.9600386633298734,-1.2175509152704997,3151,Critical
1.9621142901773685,-1.2156375726901623,3151,Critical
2.11335276479325,-1.076223778916449,3151,Critical
1.978752514986889,-1.2003002185661766,3151,Critical
1.1344040982210073,-0.3572140895643774,3150,Critical
0.9974293313011123,-0.4834793931260111,3150,Critical
1.132029581107473,-0.35940295347628354,3150,Critical
-0.2817064056728405,0.7285720874127619,3147,Critical
-0.30538515674906436,0.7067446752562715,3147,Critical
-3.846062841954708,-2.2937777586517423,3145,Critical
-1.6413262145271603,2.6862482193434247,3136,Medium
0.6108615434618739,0.8341606427942949,3130,Critical
0.5511333052983556,0.7791022967025024,3130,Critical
0.6106456782697344,0.8339616551659398,3130,Critical
0.49351315757834574,0.7441169904593307,3125,Critical
0.5654128715755753,0.8103951774422224,3125,Critical
0.5290644942222414,0.7768887221753518,3125,Critical
0.4932972923862063,0.7439180028309755,3125,Critical
0.4930980322088467,0.7437343219432632,3125,Low
0.5365699609027836,0.7838073689458522,3125,Low
0.2915369478346152,1.3710625622654007,3120,Critical
0.6061269125439722,0.41739157731842547,3118,Critical
-1.5885021626665965,2.6725627678006316,3117,Medium
0.3325118880502598,0.2305259448533557,3111,Critical
-4.480122303176042,-0.46947135188700595,3110,Critical
-4.484788312329211,-0.47377254600760477,3110,Critical
-4.476336359806211,-0.4659814150204704,3110,Critical
-4.487362089620105,-0.47614509080722334,3110,Critical
1.3178092957379632,0.19044489300673964,3110,Critical
-2.957126478734869,1.1980765753632456,3109,Healthy
-2.981569060490971,1.175545053137191,3109,Medium
-2.985338398846022,1.172070423011298,3109,Medium
-0.02166621959705125,1.4430048237541155,3103,Critical
0.6015635932354241,1.0699838624645024,3103,Low
0.6102812259949034,1.07801990130192,3103,Critical
0.7080508912181716,0.5585147113468293,3101,Critical
0.5015994758698111,0.10817701336762701,3101,Critical
-4.310643783160632,-0.9218848242517569,3100,Critical
1.0994373804739266,-0.24212827926871344,3097,Critical
1.2415929120051694,-0.11108727262655721,3097,Critical
0.8773503988750045,0.3771703142500212,3097,Medium
0.822321379894215,0.3264437757601128,3097,Medium
0.7975799078720738,0.30363673220248955,3097,Critical
0.8868982823734819,0.3859716901195738,3097,Critical
0.822321379894215,0.3264437757601128,3097,Critical
0.8304412321216158,0.3339287719343932,3097,Critical
0.8773503988750045,0.3771703142500212,3097,Critical
-3.51616854276791,-1.5860994399365993,3096,Critical
0.7595832216867939,0.8080800224684944,3094,Critical
0.8050311471395462,0.8499745716075648,3094,Critical
0.8332430672506993,0.8759807239595124,3094,Critical
0.8050311471395462,0.8499745716075648,3094,Critical
0.8332430672506993,0.8759807239595124,3094,Medium
1.0457341199002417,1.0495262115561332,3082,Critical
0.7839661643032588,0.45307973834656995,3082,Critical
0.8630392446854314,0.5259704372871082,3082,Critical
0.8774523975144372,0.539256688164972,3082,Critical
0.816777673508461,0.4833258578565455,3082,Critical
1.4226023068014158,-0.6545995242408982,3079,Critical
1.3509184579963258,-0.720678723595435,3079,Critical
1.3856395439012235,-0.6886723289115488,3079,Critical
1.3494406116809092,-0.7220410235126352,3079,Critical
1.3856395439012235,-0.6886723289115488,3079,Critical
-0.4080422182421067,1.7298688002082174,3078,Critical
-0.34069227829458637,1.7919529402550092,3078,Critical
0.6217086327775233,1.242090642251342,3074,Critical
0.5786850394826454,1.2024308772461059,3074,Critical
0.5776223185367279,1.201451245844973,3074,Critical
0.6506013584946548,1.2687243709696403,3074,Critical
0.6138046457422621,1.2348046337054166,3074,Critical
0.8695965299786476,-0.45262477087792663,3072,Critical
2.2201369153354413,-1.679337396133178,3068,Critical
-0.08183082315933511,1.8905164667002505,3065,Critical
0.9785932940931487,0.7173936846959107,3065,Critical
0.6063634557697258,0.4965389776384495,3055,Critical
-1.5373347154756025,4.377569603700538,3049,Critical
-1.528733317819583,4.385498495353457,3049,Critical
-1.5336317971796714,4.38098300686386,3049,Critical
0.7268540439228149,-0.12907602137543492,3041,Low
-3.92393096903571,-1.9940705506902705,2992,Critical
0.5216122617774723,-0.4679990904713162,2984,Critical
0.5237377036693073,-0.46603982766905067,2984,Critical
0.6749595732704087,-0.32664134063598,2984,Critical
0.5403759284788278,-0.45070247354506504,2984,Critical
-3.561791640635272,-2.3616540575074114,2983,Critical
0.3517825282953855,0.7441093580641636,2981,Critical
0.4863661730869663,0.8681704909732484,2981,Critical
0.48864106011182085,0.8702675144412984,2981,Critical
-0.6309457352129783,0.8497950902229572,2975,Critical
-0.6545746712448621,0.8280135982883948,2975,Critical
-1.063096026774976,1.572011818291209,2970,Medium
1.0603933288059595,-0.06597612487759137,2964,Critical
1.0006650906424412,-0.12103447096938391,2964,Critical
1.0601774636138201,-0.0661751125059465,2964,Critical
1.5430943069019165,-0.8487501032579319,2962,Critical
1.615010625913926,-0.7824566095343973,2962,Critical
1.5786124335162524,-0.8160089850231961,2962,Critical
1.542878441709777,-0.8489490908862869,2962,Critical
1.5426791815324175,-0.8491327717739994,2962,Low
1.5861677152411344,-0.8090444180307675,2962,Low
0.6258510900664027,0.527918280939207,2955,Critical
-5.1249848514888905,1.0962294736845963,2953,Critical
-4.489653005437312,-0.7113237986482287,2953,Critical
-4.49433561960526,-0.7156402995094703,2953,Critical
-4.48588366708226,-0.7078491685223357,2953,Critical
-4.496892791881374,-0.7179975375684461,2953,Critical
0.7295611663374141,0.3368002435229654,2951,Critical
0.6848898317426464,1.0742422387617419,2949,Low
0.6935742544725658,1.082247664117874,2949,Critical
-1.1490002687400636,1.6367221635843088,2948,Medium
-3.6255553798999993,-0.8871600373982684,2945,Medium
-3.6011294031586774,-0.8646438219128565,2945,Medium
-3.6293247182550505,-0.8906346675241614,2945,Medium
1.3018967489057247,-0.2465326857499578,2943,Critical
0.8557417376910537,-1.3833750092593056,2941,Critical
1.0719494846812505,0.2400414545856666,2938,Critical
1.0812575240013893,-1.0076835933804045,2938,Critical
0.3605644397853047,1.3290343664615882,2936,Critical
0.9695312955050702,0.1628374215450515,2936,Critical
0.44999904939017277,1.4114764715631714,2936,Critical
0.3853059118074461,1.3518414100192115,2936,Critical
0.39347557907918673,1.35937232641542,2936,Critical
0.4403349307882356,1.40256794850912,2936,Critical
0.4403349307882356,1.40256794850912,2936,Medium
0.3853059118074461,1.3518414100192115,2936,Medium
-4.469782372019763,-1.2485356454663257,2936,Critical
1.133922354130901,-0.11999050265361189,2931,Critical
1.179386884598433,-0.07808064677389875,2931,Critical
1.2075323846504664,-0.05213572138452201,2931,Critical
1.1350514951359383,-0.11894964428990829,2931,Critical
1.2075323846504664,-0.05213572138452201,2931,Low
0.7765256038478489,0.1329447903774282,2931,Critical
0.9186811353790917,0.26398579701958447,2931,Critical
0.9572412967372207,0.7373378876361117,2925,Critical
1.3298296377928371,-0.1563967570926365,2922,Critical
1.4089193231897896,-0.0834907514114556,2922,Critical
1.4233324760187953,-0.07020450053359187,2922,Critical
1.3625581219241396,-0.12622717128587452,2922,Critical
0.2747975039021651,1.6541103410273925,2921,Critical
0.20311365509707507,1.5880311416728559,2921,Critical
0.23783474100197288,1.6200375363567419,2921,Critical
0.20168562382599847,1.5867147619775837,2921,Critical
0.23783474100197288,1.6200375363567419,2921,Critical
0.9319788237764486,-0.7133320792726424,2909,Critical
-0.24609654205555562,0.8507279492198248,2908,Critical
-0.4838408773015394,2.9904540339025334,2908,Critical
-0.17884623219671517,0.9127202488227606,2908,Critical
0.9796324045722168,0.03525305460516647,2908,Critical
0.936542391218219,-0.004467937362640488,2908,Critical
0.9354464602427416,-0.005478182245058731,2908,Critical
1.0084587102302283,0.06182555636089398,2908,Critical
0.9716619974778358,0.027905819096670382,2908,Critical
1.007646287248835,0.4754176402919655,2908,Critical
0.8365724827165144,0.4842869090205282,2902,Critical
0.41729180961623885,0.9628819047748403,2895,Critical
0.10197641439337862,1.910171652300677,2889,Critical
0.11042836691637853,1.9179627832878117,2889,Critical
0.10561291263018996,1.9135238285014284,2889,Critical
-0.5855655850424568,1.9005148867250063,2866,Low
-3.6583082951867647,-2.3349940350712703,2830,Critical
-3.8676306116100108,-1.764170412928926,2824,Critical
0.8508978335166634,0.35472214782744593,2821,Critical
0.9854814783082442,0.47878328073653087,2821,Critical
0.987656735244419,0.4807884637607246,2821,Critical
0.44946691515529835,-0.6619952638778992,2812,Critical
0.4516421720914732,-0.6599900808537055,2812,Critical
1.3005127720479994,0.9241131230481792,2812,Critical
0.6028640416925747,-0.5205915938206349,2812,Critical
0.4682803969009937,-0.64465272672972,2812,Critical
0.030442905623745572,0.21936108660958303,2811,Critical
0.006813969591861583,0.19757959467502065,2811,Critical
0.31510011833758317,1.7799696352030463,2810,Critical
0.2554050902036246,1.7249419025925392,2810,Critical
0.3149174631750035,1.7798012610559766,2810,Critical
-0.9196144506821337,1.3237667635968553,2803,Medium
-3.964884571104681,0.6708835428740579,2800,Medium
-3.989360362890343,0.6483214071667178,2800,Medium
-3.993096491215834,0.6448773905221102,2800,Medium
0.6043837901360508,0.5737948778731573,2796,Critical
0.6763001091480603,0.6400883715966917,2796,Critical
0.6399019167503865,0.606535996107893,2796,Critical
0.6041679249439112,0.5735958902448022,2796,Critical
0.6039686647665518,0.5734122093570898,2796,Low
0.6474571984752686,0.6135005631003215,2796,Low
0.31152059498462853,1.4793501733320813,2790,Critical
0.5376550379639592,-0.12047603923861731,2787,Critical
0.257383086329694,1.2838630817709844,2785,Critical
-0.3388662714324031,0.583944953997982,2785,Medium
0.26600108900049346,1.2918072801645457,2785,Critical
-4.565313192118266,-0.642000981734013,2780,Critical
1.288943562833898,-0.058144266983566756,2780,Critical
0.7300453406289856,1.0589844549396268,2779,Medium
0.6749499015890762,1.0081966894871477,2779,Medium
0.6502748496260548,0.985450872892095,2779,Critical
0.6509556552320331,0.9860784492584457,2779,Critical
0.7397094592309227,1.0678929779936783,2779,Critical
0.6749499015890762,1.0081966894871477,2779,Critical
0.6832358039642765,1.015834753067855,2779,Critical
0.7300453406289856,1.0589844549396268,2779,Critical
0.8309105508117843,0.7839641781960222,2778,Critical
-4.271955572868537,-2.2979229349537125,2772,Critical
-4.244789768688521,-2.272881107262255,2772,Critical
-4.249522197900809,-2.2772435283454247,2772,Critical
-4.24103703534825,-2.2694217838770046,2772,Critical
-4.252095975191703,-2.2796160731450428,2772,Critical
0.9043519878993087,0.9726232326122842,2771,Critical
0.02001674481770001,0.6113115744342319,2771,Critical
0.6830306036459555,0.6639582592036215,2765,Low
0.6094205731263901,0.5961034779345316,2765,Critical
0.6548684985791423,0.637998027073602,2765,Critical
0.6830306036459555,0.6639582592036215,2765,Critical
0.6105497141314273,0.5971443362982352,2765,Critical
0.6978540019917948,0.2729760252097156,2765,Critical
0.8400095335230376,0.4040170318518719,2765,Critical
1.520147593279611,-0.5229382953111475,2761,Critical
1.5991874636322234,-0.45007820985189456,2761,Critical
1.5524609520414143,-0.4931513780204529,2761,Critical
1.6136504315055693,-0.43674603875210277,2761,Critical
1.5941323659437423,-1.6646070775064525,2749,Critical
1.7199156039286316,-1.444002882991001,2748,Critical
1.6482483601383213,-1.510066775604895,2748,Critical
1.683019261087559,-1.4780144606990808,2748,Critical
1.6468203288672447,-1.5113831553001673,2748,Critical
1.683019261087559,-1.4780144606990808,2748,Critical
-0.7846500741972267,2.1838092010853942,2748,Critical
-0.14541168915081776,1.1032840444984007,2748,Critical
-0.717449579382726,2.245755580466402,2748,Critical
1.133614037016648,0.10842669783306477,2745,Critical
0.6718526488439526,0.9443968533612925,2742,Critical
1.2110346439012163,-0.3255239236896413,2742,Critical
1.1680110506063384,-0.36518368869487744,2742,Critical
1.1668154895421812,-0.3662857740211518,2742,Critical
1.239927369618348,-0.29889019497134295,2742,Critical
1.2030808418216152,-0.33285585245749466,2742,Critical
0.5137303228662733,1.222314807954094,2729,Critical
0.510077219614682,1.2189473250127,2729,Critical
0.5184461470637821,1.2266619222966209,2729,Critical
0.9691944444543631,-0.405204563113322,2725,Critical
0.2833362945825425,0.9136037751604152,2700,Low
-4.30551001341779,-1.3705410291901645,2666,Critical
-0.8658071697659832,2.529600924157381,2657,Critical
-0.9323766740188453,2.468236200920796,2657,Critical
-0.9323766740188453,2.468236200920796,2657,Critical
-0.9323434639892854,2.4682668144020816,2657,Critical
-0.9323766740188453,2.468236200920796,2657,Critical
-3.5079033943486952,-2.762127410969441,2656,Critical
0.5665265448341796,0.37032240100906405,2651,Critical
0.7010769795962005,0.4943529204368636,2651,Critical
0.7031858164732555,0.49629687649848647,2651,Critical
-0.4829029419487506,0.7482318066186584,2642,Critical
-0.5065816930249745,0.7264043944621679,2642,Critical
-0.6486948183633411,1.0237130336724747,2640,Medium
1.615388216046181,-0.9739218718998871,2633,Critical
1.6872879300434105,-0.9076436849169953,2633,Critical
1.650839922601397,-0.9412419806277222,2633,Critical
1.6151723508540416,-0.9741208595282422,2633,Critical
1.614956485661902,-0.9743198471565974,2633,Critical
1.6584450193706188,-0.9342314934133655,2633,Critical
-4.192261339496837,-0.26614179217042305,2632,Medium
-4.216703921252939,-0.28867331439647775,2632,Medium
-4.22047325960799,-0.29214794452237075,2632,Medium
0.4913590562565063,0.28166356999030384,2631,Critical
0.43166402812254784,0.22663583737979667,2631,Critical
0.4911930061087066,0.2815105025838768,2631,Critical
0.7715816539611653,0.7507153173822741,2627,Healthy
0.8072824357380807,0.7836248097640796,2627,Critical
0.8435809980470745,0.8170853448090222,2627,Medium
0.7713823937838058,0.7505316364945618,2627,Critical
1.007846457492594,0.019620268027020507,2624,Critical
1.3261925380054238,0.00820709529713706,2620,Critical
0.7070120246240054,0.7380371253003124,2618,Critical
0.7075932001413039,0.738572861222807,2618,Critical
0.7964466342288733,0.8204792304018956,2618,Critical
0.7316870765870268,0.7607829418953649,2618,Critical
0.7399729789622271,0.7684210054760723,2618,Critical
0.7867659106121563,0.8115554006072014,2618,Critical
0.7867659106121563,0.8115554006072014,2618,Medium
0.7316870765870268,0.7607829418953649,2618,Medium
0.3054351811317358,-0.4990349197387111,2617,Critical
0.6999815158362507,1.1607069142537865,2614,Critical
-3.764641199229505,-2.625284427323005,2612,Critical
-4.008880638408448,-0.9016476279267692,2612,Healthy
0.7450134992031794,0.624483559822254,2612,Critical
0.4451389569527408,0.19457495747968884,2611,Critical
0.5093016358255563,0.7898320797483754,2598,Critical
0.5547661662930885,0.8317419356280885,2598,Critical
0.5829116663451218,0.8576868610174654,2598,Critical
0.5104307768305937,0.790872938112079,2598,Critical
0.5829116663451218,0.8576868610174654,2598,Low
0.4681026118816131,1.390376812012937,2598,Critical
0.5473915574559252,1.4634664985818302,2598,Critical
0.5619209453883907,1.476859896644193,2598,Critical
0.5004159706434165,1.4201637293036316,2598,Critical
-4.050092506410864,-2.421883091598713,2596,Critical
-4.022777257097829,-2.396703503241471,2596,Critical
-4.027559501354458,-2.401111844546569,2596,Critical
-4.019041128772337,-2.3932594865968637,2596,Critical
-4.030133278645351,-2.403484389346187,2596,Critical
1.3525703988556657,-0.9755869630612976,2595,Critical
1.4946761153425685,-0.8445918766410694,2595,Critical
0.5527118335514339,0.1170722258787439,2591,Critical
0.4868807434834762,0.016542303254218977,2586,Critical
-0.7803918316991498,2.0665904671604935,2585,Critical
-0.7132411519289891,2.1284909263195733,2585,Critical
0.4632990335684283,1.0266110004467368,2584,Critical
0.3916151847633382,0.9605318010922,2584,Critical
0.42638608571257575,0.9925841159980142,2584,Critical
0.39023696853660145,0.9592613416188559,2584,Critical
0.42638608571257575,0.9925841159980142,2584,Critical
1.4524527899908113,-0.44750107354532864,2582,Critical
1.4094790117402733,-0.48711491832863674,2582,Critical
1.4082170306169963,-0.488278230617482,2582,Critical
1.481395330752283,-0.4208214246051022,2582,Critical
1.4445488029555502,-0.45478708209125396,2582,Critical
1.1486587212966042,0.07210333357211601,2581,Critical
0.7116721314241146,0.6862122195633191,2579,Critical
0.509942338528813,1.2187637214803817,2569,Critical
0.5182448459187933,1.2264170918017319,2569,Critical
0.5135788367656243,1.222115897681133,2569,Critical
1.7946812523572016,-1.1772537561856242,2568,Critical
-0.03636279024212221,1.28091948011465,2531,Low
-3.7268984553060425,-2.5389101320206477,2498,Critical
0.1886679281829832,0.5024306790342329,2497,Critical
0.12214823897446095,0.441111876019576,2497,Critical
0.12214823897446095,0.441111876019576,2497,Critical
0.12213163395968099,0.4410965692789333,2497,Critical
0.12214823897446095,0.441111876019576,2497,Critical
1.0485980528546042,-0.0289303292219866,2491,Critical
1.1830986725722852,0.09505426998388486,2491,Critical
1.1848089890946212,0.09663086427008291,2491,Critical
-3.5686942439234928,-2.770073887955418,2486,Critical
-0.1991127410775569,0.7343963690974001,2482,Critical
-0.22274167710944087,0.7126148771628378,2482,Critical
-0.9077539947334807,1.4532610621527746,2477,Low
-4.086392959863226,-0.24066494524934265,2470,Medium
-4.061966983121905,-0.2181487297639307,2470,Medium
-4.090145693203498,-0.24412426863459288,2470,Medium
0.08600493424409575,1.5497497330074121,2465,Critical
0.026326511124917257,1.4947373071375476,2465,Critical
0.08583888409629617,1.549596665600985,2465,Critical
1.073389213731421,-0.376558472335648,2464,Critical
1.1452557176990905,-0.31031089883404167,2464,Critical
1.1088575253014168,-0.3438632743228404,2464,Critical
1.0731235334949416,-0.37680338018593124,2464,Critical
1.0729740883619219,-0.37694114085171554,2464,Critical
1.1164626220706388,-0.3368527871084838,2464,Critical
1.1887581060842267,0.404100785619219,2463,Critical
1.4126596826643836,-0.7837439387337007,2461,Critical
1.3966358434017216,-0.7985149434539064,2461,Critical
1.3966856584460614,-0.7984690232319783,2461,Healthy
1.43952659657836,-0.7589776323738119,2461,Low
0.3537535409560808,1.4538604016815173,2460,Critical
0.783324359358253,1.1649805972916687,2460,Critical
0.4330923015747328,1.5269960084723389,2460,Low
0.3780134675496033,1.4762235497605023,2460,Low
0.3533218105718018,1.453462426424807,2460,Critical
0.44270660513232996,1.535858611304462,2460,Critical
0.3780134675496033,1.4762235497605023,2460,Critical
0.3863491849691435,1.4839075335631378,2460,Critical
0.4330923015747328,1.5269960084723389,2460,Critical
-0.0788902450507087,1.807246523972085,2458,Critical
-3.2256521413038097,-2.8465701992637884,2457,Critical
0.4017840946808034,0.40701410253016396,2454,Critical
1.524050315307377,-2.190561345955214,2453,Critical
1.3322581377712002,-0.19395129622279006,2449,Critical
-3.772544351726466,-1.625230331542886,2444,Critical
-3.7451294723247512,-1.599958902741788,2444,Critical
-3.7499449266109397,-1.6043978575281712,2444,Critical
-3.74137673898448,-1.5964995793565377,2444,Critical
-3.7525020988870534,-1.606755095587147,2444,Critical
2.957456040494001,0.6863562876686343,2441,Critical
3.036994061290012,0.7596755753471681,2441,Critical
3.051457029163358,0.7730077464469599,2441,Critical
2.9898690293444843,0.7162350454031851,2441,Critical
0.51088098477761,1.0519094687945545,2438,Critical
0.5563455152451422,1.0938193246742676,2438,Critical
0.5844412002528356,1.1197183298417164,2438,Critical
0.5120101257826474,1.052950327158258,2438,Critical
0.5844412002528356,1.1197183298417164,2438,Low
1.0647668364646041,0.1659186046005659,2432,Critical
0.9226611199777014,0.034923518180337725,2432,Critical
1.4439156043211818,0.029365148187676965,2427,Critical
-0.4236426894557824,2.656783025769631,2426,Critical
-0.3565916397743013,2.718591644484855,2426,Critical
-0.011458249625335993,0.6117915123826158,2425,Critical
1.3361820496551016,-1.3975489174494162,2423,Critical
1.1910081265407602,-0.18826773989403262,2420,Critical
1.1192744626913302,-0.25439285947049745,2420,Critical
1.1540453636405676,-0.22234054456468322,2420,Critical
1.1179460615089334,-0.25561739872191347,2420,Critical
1.1540453636405676,-0.22234054456468322,2420,Critical
1.121828777891605,-0.0532614986910882,2419,Critical
1.078805184596727,-0.09292126369632435,2419,Critical
1.07750999344389,-0.09411518946645496,2419,Critical
1.1507215036087366,-0.026627769972789865,2419,Critical
1.113874975812004,-0.06059342745894158,2419,Critical
1.6720806222956233,-0.8978645201431386,2416,Critical
0.9088200228236938,0.5482535713931056,2409,Critical
0.9170229001249943,0.5558151012705994,2409,Critical
0.9124565210605051,0.5516057475938569,2409,Critical
1.9717653379962379,-1.6153518932402875,2408,Critical
0.12085837531210397,1.4729491077339187,2371,Low
-3.3145681078723923,-2.8166373255472963,2339,Critical
0.22505059972105615,-0.014243412180783024,2328,Critical
0.1585309105125339,-0.07556221519543994,2328,Critical
0.1585309105125339,-0.07556221519543994,2328,Critical
0.15856412054209382,-0.07553160171415453,2328,Critical
0.1585309105125339,-0.07556221519543994,2328,Critical
0.24310933650511446,1.0639973727215408,2324,Critical
0.3775933512080153,1.1879666651867695,2324,Critical
0.3790545925086519,1.1893136583633273,2324,Critical
-3.6082153787459816,-2.302595805169892,2324,Critical
-0.2744070650338448,0.7063096215961475,2319,Critical
-0.29803600106572875,0.6845281296615852,2319,Critical
-0.9127690932886303,1.1455300248029536,2307,Low
0.7696031939703571,0.705168753625752,2305,Critical
0.7099081658363987,0.6501410210152448,2305,Critical
0.7694205388077776,0.7050003794786823,2305,Critical
-3.128458220170339,-2.241979740397298,2300,Medium
-3.1039824283846773,-2.219417604689958,2300,Medium
-3.13219434849583,-2.2454237570419053,2300,Medium
0.3038591905591572,0.3540419277334251,2299,Critical
0.7566341591958454,0.41578024693333504,2298,Healthy
0.7726081834141676,0.4305053314316126,2298,Critical
0.7994917023429239,0.45528694453214424,2298,Low
0.7565843441515056,0.415734326711407,2298,Critical
0.9971251545332478,0.2887710462047325,2297,Low
0.9420961355524583,0.23804450771482416,2297,Low
1.3110535516347557,-0.2723830831957086,2297,Critical
0.3557677989009606,1.374555520078983,2297,Critical
0.9173546635303169,0.21523746415720085,2297,Critical
0.9176867638259162,0.21554359897005487,2297,Critical
1.0067394580908449,0.2976336490368559,2297,Critical
0.9420961355524583,0.23804450771482416,2297,Critical
0.9503820379276586,0.2456825712955315,2297,Critical
0.9971251545332478,0.2887710462047325,2297,Critical
-0.06653761982773522,1.942391187827745,2296,Critical
-0.10293581222540894,1.9088388123389461,2296,Critical
-0.1386531990171043,1.875914013216498,2296,Critical
-0.13838751878062486,1.8761589210667813,2296,Critical
-0.13880264415012392,1.8757762525507138,2296,Critical
-0.095330715456187,1.9158492995533027,2296,Critical
0.6378409681889611,-0.07297594910415063,2294,Critical
-4.130810368650285,-1.82510478111863,2293,Critical
1.082863344618801,-0.1156578769888075,2292,Critical
-6.8779173912387845,6.0434688425301815,2284,Healthy
1.1454788834163574,-0.04998172895879487,2282,Critical
-4.973467479748511,-0.2969707323671797,2281,Critical
-4.945903155213777,-0.27156154290029727,2281,Critical
-4.9507518195295255,-0.2760311111679658,2281,Critical
-4.942167026888286,-0.2681175262556898,2281,Critical
-4.953325596820419,-0.2784036559675844,2281,Critical
0.4561143329345126,1.329263167055236,2278,Low
0.38255411745928697,1.261454306008074,2278,Critical
0.42805185795637907,1.3033947753690727,2278,Critical
0.4561143329345126,1.329263167055236,2278,Critical
0.3837330735086641,1.262541084593706,2278,Critical
1.5944266327361392,-0.7606673544975494,2277,Critical
1.6740808886356104,-0.6872409196345165,2277,Critical
1.6885936715532959,-0.6738628283127965,2277,Critical
1.6268396215866223,-0.7307885967629986,2277,Critical
1.0775023791696507,0.07444442788170849,2275,Critical
1.2196579107008936,0.20548543452386472,2275,Critical
-0.41735763153366456,1.7212817187076626,2268,Critical
0.04218932307871874,1.8733974577290466,2266,Critical
0.10924037276019977,1.93520607644427,2266,Critical
0.31500392335712324,0.44076545542770884,2263,Critical
1.521720902543783,-0.6936915401403303,2261,Critical
0.26759469460400903,1.3330529016907038,2257,Critical
0.3045574575042013,1.3671257063613542,2257,Critical
0.2328736086991113,1.3010465070068176,2257,Critical
0.26759469460400903,1.3330529016907038,2257,Critical
0.23159502256105433,1.2998678879773298,2257,Critical
0.35062475550973593,1.2721565151927197,2256,Critical
0.3076343722444178,1.232527363668769,2256,Critical
0.3062561560176811,1.2312569041954249,2256,Critical
0.37955069125642726,1.2988208573923035,2256,Critical
0.34267095343013476,1.2648245864248664,2256,Critical
1.5038502653225916,-0.48093960779766887,2256,Critical
1.0595436536838667,0.5995356766454502,2255,Critical
1.0676469008964875,0.6070053660790878,2255,Critical
1.1794318603951823,0.7100503440857454,2255,Critical
0.6722574334967074,0.2232748326009161,2242,Critical
-0.041366030341941626,1.1312334341491472,2199,Low
0.3653250324692011,0.16940756654821731,2167,Critical
0.29885515830501874,0.10813468375548844,2167,Critical
0.29880534326067887,0.10808876353356038,2167,Critical
0.2989049733493586,0.10818060397741656,2167,Critical
0.29885515830501874,0.10813468375548844,2167,Critical
-4.067221380425762,-2.1741004802701553,2166,Critical
0.4721523588938864,0.8143519669328645,2161,Critical
0.6066861886411274,0.9383671796200214,2161,Critical
0.6080145898235243,0.9395917188714374,2161,Critical
-3.8121192947641327,-2.381143882667345,2154,Critical
-0.2205105671707427,0.3083814181456788,2149,Critical
-0.2441893182469665,0.28655400598918834,2149,Critical
-1.4243670957111803,2.147872911275505,2141,Low
0.7715816539611653,0.7507153173822741,2139,Critical
0.16039391378834886,0.12254405101321549,2136,Critical
-3.43683028694508,-1.532443927715575,2134,Medium
-3.4123544951594185,-1.509881792008235,2134,Medium
-3.4405332052410116,-1.5358573308788972,2134,Medium
0.977924350136033,-0.7038486612619134,2134,Critical
0.746110667210767,0.586430369412676,2133,Critical
0.8179771711784365,0.6526779429142825,2133,Critical
0.781529163736423,0.6190796472035556,2133,Critical
0.7458449869742876,0.5861854615623928,2133,Critical
0.745695541841268,0.5860477008966085,2133,Critical
0.7891840755499848,0.6261360546398403,2133,Critical
-5.81745124436324,5.433683437307197,2133,Healthy
1.357814237130446,-0.5035336806001403,2133,Critical
1.447199031690974,-0.4211374957204852,2133,Critical
1.3825557091525873,-0.480726637042517,2133,Critical
1.3908250065130077,-0.4731038802024523,2133,Critical
1.437584728133377,-0.4300000985526086,2133,Critical
1.437584728133377,-0.4300000985526086,2133,Low
1.3825557091525873,-0.480726637042517,2133,Low
1.3580799173669253,-0.5032887727498571,2133,Critical
0.653943719983515,0.3019874383576845,2132,Critical
0.5942652968643365,0.24697501248782008,2132,Critical
0.6537278547913755,0.3017884507293294,2132,Critical
1.254946722096852,-0.46030602014895716,2131,Low
1.2120891789497736,-0.4998127177477663,2131,Healthy
1.2280632031680958,-0.4850876332494887,2131,Critical
1.2120393639054337,-0.49985863796969443,2131,Critical
1.115285110609856,0.053028640686045354,2131,Critical
-3.955682798271781,-2.420159362428897,2123,Critical
0.947578171833853,-0.04486630008300014,2122,Critical
0.7711481044105045,0.8755589528923933,2122,Critical
0.587482295921744,0.9511719134809689,2115,Low
0.5139220804465183,0.883363052433807,2115,Critical
0.5594364259583904,0.9253188285354482,2115,Critical
0.587482295921744,0.9511719134809689,2115,Critical
0.5151010364958956,0.8844498310194387,2115,Critical
-4.51435922709627,-1.170268724524201,2115,Critical
-4.486695272472855,-1.1447676946134624,2115,Critical
-4.491577146818164,-1.1492678763624162,2115,Critical
-4.482942539132584,-1.1413083712282124,2115,Critical
-4.494150924109058,-1.1516404211620348,2115,Critical
0.9913106069362739,-0.0828888610264206,2112,Critical
1.1334163234231767,0.048106225393807565,2112,Critical
1.0739926650190648,-0.056380489682307806,2111,Critical
1.1537797610367757,0.017168399105866535,2111,Critical
1.1683091489692412,0.030561797168229207,2111,Critical
1.1063558388252082,-0.026547652169685135,2111,Critical
1.4105706811093934,0.280404170724608,2108,Critical
-0.1754720831981987,2.0940024323441517,2103,Critical
-0.10847084856105756,2.155765130837447,2103,Critical
-0.24628359143208342,2.856155298745199,2100,Critical
-0.28324635433227574,2.8220824940745484,2100,Critical
-0.35728811523612014,2.7538297375487484,2100,Critical
-0.28324635433227574,2.8220824940745484,2100,Critical
-0.39262358668787634,2.721256993461082,2100,Critical
-0.2553621403027737,0.8421867879411981,2099,Critical
0.36513499963621865,1.3418899980600956,2096,Critical
0.3221446163709005,1.3022608465361447,2096,Critical
0.32066677005548405,1.3008985466189444,2096,Critical
0.3940609353829101,1.3685543402596791,2096,Critical
0.3571313825122776,1.334512149070314,2096,Critical
1.388895015801059,-1.6355936294507532,2096,Critical
1.3373693286279273,-0.3972284843436855,2095,Critical
1.7540971201433262,-0.8564686137200839,2095,Critical
1.762150552311607,-0.8490448445083743,2095,Critical
1.7577336183801375,-0.8531164375193325,2095,Critical
1.0633896722888994,-0.4280994257595465,2076,Critical
-0.18999581386159944,1.9753384556336613,2039,Low
0.80171115909118,-0.7004929982814896,2004,Critical
0.7352412849269976,-0.7617658810742184,2004,Critical
0.7351914698826577,-0.7618118012961466,2004,Critical
0.7352744949565576,-0.761735267592933,2004,Critical
0.7352412849269976,-0.7617658810742184,2004,Critical
-3.660583806224857,-2.6511556242797005,1998,Critical
0.8470367512339114,0.04487739850281968,1995,Critical
0.9815207659368125,0.16884669096804844,1995,Critical
0.9827495370305296,0.16997938977560828,1995,Critical
-0.1814971418344905,0.8482202536305011,1992,Critical
-0.2051260778663745,0.8264387616959388,1992,Critical
-3.735147476070655,-2.3073425278045514,1988,Critical
1.302610078382222,0.10837835832727055,1979,Critical
1.3744765823498915,0.17462593182887692,1979,Critical
1.3379787598635382,0.14098171589622183,1979,Critical
1.3022945831014028,0.10808753025505918,1979,Critical
1.302145137968383,0.10794976958927499,1979,Critical
1.3456336716771,0.1480381233325067,1979,Critical
-1.2777169118291576,2.0480255964554837,1978,Low
0.23361286949483265,0.15395859290807296,1976,Critical
1.088706749671224,0.5421487457575214,1973,Critical
1.3966856584460614,-0.7984690232319783,1972,Critical
0.7007524058667957,0.8227363023376215,1972,Critical
0.6410739827476172,0.767723876467757,1972,Critical
0.700586355718996,0.8225832349311945,1972,Critical
1.2552706076000257,-1.3380216398690203,1971,Critical
-5.518441008134225,4.692270044045217,1969,Medium
1.5123919606763407,-0.5629932307924075,1969,Low
1.457346336680771,-0.6137350760229586,1969,Low
1.4326214696734099,-0.6365268128399392,1969,Critical
1.4328373348655492,-0.636327825211584,1969,Critical
1.5220062642339378,-0.5541306279602841,1969,Critical
1.457346336680771,-0.6137350760229586,1969,Critical
1.4656322390559715,-0.6060970124422512,1969,Critical
1.5123919606763407,-0.5629932307924075,1969,Critical
1.8032231452839187,-1.3278002129155744,1968,Medium
1.8191805644874608,-1.3130904351579396,1968,Critical
1.8460640834162172,-1.288308822057408,1968,Low
1.803123515195239,-1.3278920533594305,1968,Critical
-4.014053285672075,-0.5808503851376557,1968,Low
-3.9895774938864124,-0.5582882494303157,1968,Low
-4.0177562039680055,-0.5842637883009779,1968,Low
0.7843539725828347,0.8428999766084003,1962,Critical
-4.160340122572331,-1.4030501301152336,1959,Critical
1.0547924436263574,0.4818949496657252,1958,Low
0.9812322281511318,0.41408608861856333,1958,Critical
1.0267797836925636,0.45607247820149,1958,Critical
1.0547924436263574,0.4818949496657252,1958,Critical
0.9824609992448489,0.41521878742612317,1958,Critical
0.7139913532797132,0.9965212530814351,1951,Critical
0.48853387293654016,0.561310271945288,1950,Critical
-3.7942004890905343,-2.368250743047652,1949,Critical
-3.7664036943488806,-2.342627259211772,1949,Critical
-3.771318778723749,-2.347158054442011,1949,Critical
-3.7626509610086094,-2.339167935826522,1949,Critical
-3.7738427409703026,-2.3494846790197017,1949,Critical
2.6095071042993827,0.7512255748304696,1944,Critical
2.689510065509233,0.8249734512469992,1944,Critical
2.7040228484269186,0.838351542568719,1944,Critical
2.641870278105526,0.7810584123430923,1944,Critical
-0.08077258201737532,2.0717502207387377,1943,Critical
-0.013771347380234299,2.1335129192320332,1943,Critical
0.7783200347708307,-0.1926622134138728,1940,Critical
0.9204257512577336,-0.06166712699364469,1940,Critical
-0.7938658574001048,2.1753139600286957,1939,Critical
1.41502126757013,-1.3819883931096957,1936,Critical
1.4040802112779123,-0.3824015800109678,1936,Critical
1.3611230380421542,-0.42200011805363324,1936,Critical
1.359578771667618,-0.4234236449334044,1936,Critical
1.4330061470246038,-0.3557372378113841,1936,Critical
1.3960931991687513,-0.3897641222601066,1936,Critical
0.08926148835699715,1.8125224448908956,1934,Critical
-0.057028691854455846,1.6776700598287069,1934,Critical
0.05214928032378523,1.7783118795544606,1934,Critical
-0.021743035447039552,1.7101968836944448,1934,Critical
0.05214928032378523,1.7783118795544606,1934,Critical
1.286024115272869,-0.16346019787882982,1932,Critical
1.4213893863560614,-0.45637140120132047,1932,Critical
1.4292933733913227,-0.44908539265539515,1932,Critical
1.424992674563313,-0.4530498384818545,1932,Critical
1.7256733489826122,-1.2211611358173626,1916,Critical
0.7121553805094819,0.32344727606818396,1876,Low
0.42243071711664054,-0.39685283624939527,1835,Critical
0.35596084295245817,-0.4581257190421241,1835,Critical
0.35591102790811824,-0.4581716392640522,1835,Critical
0.35604386802635796,-0.45804918533891065,1835,Critical
0.35596084295245817,-0.4581257190421241,1835,Critical
-4.415818097764551,-1.205474664120029,1835,Critical
-3.519294293757616,-2.3638611151277087,1828,Critical
0.17027748671063525,1.1363116716112047,1828,Critical
0.30477810642831626,1.2602962708170762,1828,Critical
0.3058408273742337,1.261275902218209,1828,Critical
-0.749167236534042,0.8211463893352248,1816,Critical
-0.772796172565926,0.7993648974006624,1816,Critical
1.4241980994279184,-1.8396929642581208,1816,Critical
1.4730259584885437,-0.2502638630420769,1813,Critical
-0.8912641662794396,1.2498012702132906,1812,Low
0.562762065092649,1.3106142889701344,1811,Low
0.5077330461118594,1.2598877504802262,1811,Low
0.483008179104498,1.2370960136632454,1811,Critical
0.4831244142079577,1.2372031608477443,1811,Critical
0.5723265536059063,1.3194309715803298,1811,Critical
0.5077330461118594,1.2598877504802262,1811,Critical
0.5160189484870598,1.2675258140609333,1811,Critical
0.562762065092649,1.3106142889701344,1811,Critical
1.9893817748189981,-2.409821847489514,1811,Critical
1.0032180794001593,-0.15644327019228188,1810,Critical
1.0750679783530488,-0.09021100343131823,1810,Critical
1.0385701558666955,-0.12385521936397322,1810,Critical
1.00295239916368,-0.15668817804256507,1810,Critical
1.0027365339715404,-0.15688716567092015,1810,Critical
1.0462250676802574,-0.11679881192768844,1810,Critical
0.7566341591958454,0.41578024693333504,1809,Critical
1.4828739301826972,-0.8000500512044649,1805,Medium
1.4988479544010191,-0.7853249667061873,1805,Critical
1.5257314733297755,-0.7605433536056557,1805,Low
1.4827743000940172,-0.8001418916483211,1805,Critical
0.09242068992695805,1.3734767201468314,1803,Critical
0.03277547683733948,1.3184949077582524,1803,Critical
0.09230445482349835,1.3733695729623325,1803,Critical
-2.8502159743145064,-2.509612423763071,1802,Low
-2.8257567875436247,-2.487065594796374,1802,Low
-2.8539188926104377,-2.513025826926393,1802,Low
-4.08045542141255,-1.4433105895109268,1798,Critical
0.5795544757273182,0.8724948487423398,1796,Critical
0.510414998998767,1.0872633163601262,1795,Low
0.4368547835235413,1.0194544553129645,1795,Critical
0.4824189440797532,1.0614561516365337,1795,Critical
0.510414998998767,1.0872633163601262,1795,Critical
0.4380835546172584,1.0205871541205243,1795,Critical
-4.246063208427754,2.1525315988824696,1794,Medium
0.41229446126330377,1.3845814764777395,1792,Critical
1.6217363873568584,-0.8292230925569636,1788,Critical
0.3456111691179549,1.4806747066972434,1786,Critical
0.521840190977677,1.6431251451382205,1786,Critical
0.5363031588510228,1.6564573162380123,1786,Critical
0.3484008116009884,1.483246239125217,1786,Critical
-4.040241660805076,-1.867345103359555,1785,Critical
-4.012328630959963,-1.841614472339176,1785,Critical
-4.01729353037917,-1.8461911877913435,1785,Critical
-4.008592502634471,-1.8381704556945686,1785,Critical
-4.019817492625725,-1.8485178123690336,1785,Critical
0.27993108054376026,1.1783023978339453,1777,Critical
0.3468825001365615,1.2400191761053125,1777,Critical
1.0068596664242448,-0.12364456752903752,1776,Critical
1.1489653829111477,0.007350518891190622,1776,Critical
-0.7895577998576881,2.058141146325723,1775,Critical
0.868500338273931,0.44572205389221864,1774,Critical
0.9037361796370075,0.4782029575360284,1774,Critical
1.014740703441044,0.5805285187324791,1774,Critical
0.9775620753487123,0.5462567264334733,1774,Critical
0.9775620753487123,0.5462567264334733,1774,Critical
0.550294045125537,0.8304161976712469,1772,Critical
0.5073036618602189,0.7907870461472961,1772,Critical
0.5057261854561227,0.7893329057862396,1772,Critical
0.5792199808722284,0.8570805398708305,1772,Critical
0.542273822986816,0.8230230419408227,1772,Critical
0.7425016517544257,-0.566845665447529,1770,Critical
1.0465760239337911,0.21465982093666092,1768,Critical
1.2597376653551582,-0.3748230075330015,1765,Critical
1.2675420223017397,-0.36762883943093244,1765,Critical
1.2632745335032898,-0.3715626717761064,1765,Critical
0.1408985031935041,2.2679035533952323,1764,Critical
-1.5182456366642703,0.6990331835800508,1704,Low
-3.8311480168688075,-1.5307592030022654,1669,Critical
-3.9211739765577818,-1.794486425560622,1667,Critical
1.2644020461079875,-1.9646226622746168,1666,Critical
1.2643522310636477,-1.9646685824965449,1666,Critical
1.33087192027217,-1.9033497794818879,1666,Critical
1.2645514912410072,-1.9644849016088324,1666,Critical
1.2644020461079875,-1.9646226622746168,1666,Critical
-3.4454144186378572,0.33487235786355685,1659,Critical
-3.444484537810179,0.3357295353395482,1659,Critical
-3.457751944619368,0.3234994495660306,1659,Critical
-0.3749164959437801,4.7780455462568865,1658,Critical
-0.3985454319756641,4.756264054322324,1658,Critical
1.7317961598510083,-0.631854592455567,1654,Low
1.676767140870219,-0.6825811309454755,1654,Low
1.6520422738628575,-0.705372867762456,1654,Critical
1.7413606483642656,-0.6230379098453717,1654,Critical
1.676767140870219,-0.6825811309454755,1654,Critical
1.6850530432454192,-0.6749430673647681,1654,Critical
1.7317961598510083,-0.631854592455567,1654,Critical
1.652158508966317,-0.7052657205779571,1654,Critical
0.41171048142732214,-0.39461103873863707,1653,Critical
1.4484359557082642,-0.29675074750231856,1650,Critical
0.8962750861600556,-0.659275732155606,1650,Critical
0.47253457883088,0.8915767093910212,1644,Critical
0.5444010827985496,0.9578242828926276,1644,Critical
0.5079032603121962,0.9241800669599726,1644,Critical
0.4722688985944007,0.891331801540738,1644,Critical
0.4720696384170411,0.8911481206530255,1644,Critical
0.515558172125758,0.9312364743962573,1644,Critical
1.2120891789497736,-0.4998127177477663,1643,Critical
-1.2296336238813348,1.6631767367943444,1642,Low
0.12893863318929444,-0.35160067338335355,1639,Critical
0.06935984015879572,-0.40652125880936174,1639,Critical
0.1288223980858347,-0.35170782056785244,1639,Critical
0.8059605706483345,0.9473242120697701,1639,Critical
1.1478983554953484,-0.5547772602163084,1636,Medium
1.1638225646693305,-0.5400980959399589,1636,Critical
1.1906894785833069,-0.5153317895800701,1636,Low
1.1477489103623286,-0.5549150208820927,1636,Critical
-3.622504882797498,-1.3384497874181183,1634,Low
-3.598029091011836,-1.3158876517107783,1634,Low
-3.626174591063869,-1.3418325771001551,1634,Low
0.7233573027655059,0.7732381537587236,1632,Critical
1.0092561821880706,0.47656997955335084,1631,Critical
-1.3316677684544538,2.173592773601763,1630,Medium
-3.277140002536478,-3.0612648182678357,1630,Critical
0.3184642931674475,1.5489535953128368,1629,Critical
0.4946268949680497,1.7113428067912433,1629,Critical
0.5091064678561755,1.7246902846316778,1629,Critical
0.32118751559136105,1.5514639007782398,1629,Critical
-0.0054219974504830315,0.5176799909354292,1626,Low
-0.07893239788136872,0.4499170501101955,1626,Critical
-0.03331842228081686,0.4919646666556929,1626,Critical
-0.0054219974504830315,0.5176799909354292,1626,Critical
-0.07770362678765161,0.45104974891775534,1626,Critical
-3.940027315248734,-1.9044083603532522,1623,Critical
-3.9119814452853805,-1.8785552754077317,1623,Critical
-3.9169629497193688,-1.8831472976005417,1623,Critical
-3.9082287119451093,-1.8750959520224815,1623,Critical
-3.919503516980703,-1.885489228918875,1623,Critical
0.148484555801792,0.6131136979610986,1617,Critical
-0.43289168268822037,2.648257171231647,1617,Critical
0.21531974029113357,0.6747233290479668,1617,Critical
1.2563487337609032,0.2986549939117437,1616,Critical
1.1100751585642301,0.16381791559019776,1616,Critical
1.218887820417312,0.264122987021812,1616,Critical
1.1452943949125265,0.19628351249336484,1616,Critical
1.218887820417312,0.264122987021812,1616,Critical
-5.77108829364343,-3.306509751814867,1613,Critical
0.6536183727140978,0.8920503983706776,1612,Critical
0.6106611994783397,0.8524518603280122,1612,Critical
0.6090173030151237,0.8509364930043849,1612,Critical
0.6825443084607893,0.9187147405702613,1612,Critical
0.6455815455605969,0.8846419358996107,1612,Critical
0.2813451508143895,1.7780257825809964,1610,Critical
1.4499086444851133,-0.2108169748569588,1608,Critical
1.457646581372575,-0.20368403371746055,1608,Critical
1.453395697588905,-0.20760255932199176,1608,Critical
1.1410662921172066,-0.04919644307026179,1598,Critical
0.3316723330268166,0.25627029124842965,1527,Critical
-3.634907811178659,-2.610661560214251,1503,Critical
1.5876108228120733,-2.327376763881016,1496,Critical
1.5211907636922308,-2.3886037264518167,1496,Critical
1.521091133603551,-2.388695566895673,1496,Critical
1.5212737887661307,-2.388527192748603,1496,Critical
1.521140948647891,-2.388649646673745,1496,Critical
-3.9411437441793447,-2.2164828870288327,1495,Critical
-3.940213863351667,-2.2156257095528415,1495,Critical
-3.953481270160856,-2.227855795326359,1495,Critical
0.709988879101309,2.4646863849149385,1490,Critical
0.6862935230103052,2.4428436660178052,1490,Critical
1.9809241135572178,-2.2231608237211717,1490,Critical
0.9747816665763637,-1.2587547521160583,1489,Critical
-3.7360222225375606,-3.293290982596876,1489,Critical
1.1948555406783752,-0.20158092901383548,1487,Low
1.1398265216975856,-0.2523074675037439,1487,Low
1.1150352346311043,-0.27516043128329526,1487,Critical
1.1150518396458844,-0.27514512454265255,1487,Critical
1.2044200291916325,-0.19276424640364018,1487,Critical
1.1398265216975856,-0.2523074675037439,1487,Critical
1.0501760469005783,-0.3349485602336821,1487,Critical
1.1948555406783752,-0.20158092901383548,1487,Critical
1.4601305333448367,-0.5390426121974027,1484,Critical
1.8032231452839187,-1.3278002129155744,1480,Critical
-0.9680477139017107,1.5466665727314337,1479,Low
0.2995070294624681,1.0010307216222016,1475,Critical
0.37135692841535756,1.0672629883831652,1475,Critical
0.3348591059290042,1.0336187724505101,1475,Critical
0.29924134922598866,1.0007858137719183,1475,Critical
0.29909190409296904,1.0006480531061341,1475,Critical
0.342514017742566,1.040675179886795,1475,Critical
0.8156961797099048,0.32378537166860777,1473,Critical
0.7561173866794062,0.2688647862425996,1473,Critical
0.815629759650785,0.323724144706037,1473,Critical
1.2348099218782105,-0.21995618324099606,1473,Critical
-3.4189183833839802,-1.4728904282711315,1471,Low
-3.3944425915983185,-1.4503282925637915,1471,Low
-3.4225880916503515,-1.4762732179531683,1471,Low
-0.6006816268916398,1.1568579755384587,1470,Medium
1.6756917714399133,-1.2786743710074986,1469,Medium
1.6916159806138957,-1.263995206731149,1469,Critical
1.718499499542652,-1.2392135936306177,1469,Low
1.6755423263068938,-1.278812131673283,1469,Critical
-3.2928903606974274,-2.7572512577910744,1468,Critical
0.9758811074963977,0.14830493340281134,1468,Critical
1.2473631622722627,-0.22048888363046512,1468,Critical
1.191159731946402,-0.18844006764540627,1465,Critical
1.3672891237174443,-0.02608146964828546,1465,Critical
1.38175209159079,-0.012749298548493559,1465,Critical
1.1938995593850956,-0.18591445543936075,1465,Critical
0.9260931586073301,0.37668888033173203,1462,Critical
0.8525827581764444,0.3089259395064983,1462,Critical
0.8981801287622163,0.35095824931135305,1462,Critical
0.9260931586073301,0.37668888033173203,1462,Critical
0.8538115292701615,0.31005863831405817,1462,Critical
-4.824739203348811,-0.5639517029223701,1460,Critical
-4.796610308311557,-0.5380220842736362,1460,Critical
-4.801608417760326,-0.5426294132070889,1460,Critical
-4.792840969956506,-0.5345474541477434,1460,Critical
-4.804132380006879,-0.5449560377847794,1460,Critical
0.07205579286752489,2.012488455675942,1452,Critical
-0.0742343873439281,1.8776360706137536,1452,Critical
0.03452845946481391,1.9778952218234398,1452,Critical
-0.03899854598085169,1.9101169742575634,1452,Critical
0.03452845946481391,1.9778952218234398,1452,Critical
1.1918324320900928,-0.5832248360491141,1450,Critical
0.24445275413100695,0.16253800046543046,1450,Critical
1.3339879636213356,-0.45218382940695784,1450,Critical
0.2323476983564157,0.15137938653690206,1450,Critical
0.31205176930022666,0.22485174162186294,1450,Critical
0.7584807570123352,0.5780504443098308,1450,Critical
0.7155235837765771,0.5384519062671653,1450,Critical
0.7138132672542411,0.5368753119809673,1450,Critical
0.7873734827294667,0.6046841730281292,1450,Critical
0.7504273248440543,0.5706266750981211,1450,Critical
1.1894864664038591,0.06663831229076746,1448,Critical
1.1970749581583011,0.0736334927644814,1448,Critical
1.192923704463311,0.06980680760380632,1448,Critical
0.8783644118539224,-0.7983163748943121,1447,Critical
0.952247295294197,0.22235069528919096,1444,Critical
1.2905209176642314,-0.3128517745519024,1432,Critical
0.9192673944927119,-0.7889295737952053,1370,Critical
-4.402998226867418,-1.2386079946531567,1339,Critical
0.40888801369615707,1.176092138761699,1328,Critical
-3.6088155900868584,2.3555086038506046,1327,Critical
-4.016301603356503,-2.2965090866207856,1327,Critical
-4.015371722528825,-2.295651909144794,1327,Critical
-4.028639129338013,-2.307881994918312,1327,Critical
-3.6156236461466422,2.3492328401870974,1327,Critical
1.0623883218306185,-1.453332404295776,1327,Critical
0.9959848677255561,-1.5145440601259341,1327,Critical
0.9958686326220964,-1.514651207310433,1327,Critical
0.9960678927994558,-1.5144675264227205,1327,Critical
0.9959848677255561,-1.5145440601259341,1327,Critical
1.1894769432619696,-1.2285326653363722,1326,Critical
0.9306762917496519,0.33806317721611107,1326,Critical
0.930643081720092,0.33803256373482576,1326,Critical
1.02006108631018,0.4204593620957662,1326,Critical
0.9554509738013532,0.3609008342550198,1326,Critical
0.9637866912208934,0.3685848180576552,1326,Critical
1.0104467827525827,0.4115967592636427,1326,Critical
1.0104467827525827,0.4115967592636427,1326,Low
0.9554509738013532,0.3609008342550198,1326,Low
1.6203554007414245,-0.5106373203520408,1324,Critical
0.934160868162406,-1.4241224708952946,1323,Critical
-0.730947920370698,1.2757532524909476,1319,Low
1.4828739301826972,-0.8000500512044649,1317,Critical
0.8802883864363175,0.8162488855413639,1316,Critical
0.39876978878230596,1.1255214307140193,1312,Critical
0.4706861077943153,1.1918149244375538,1312,Critical
0.43418828530796194,1.158170708504899,1312,Critical
0.39857052860494646,1.1253377498263069,1312,Critical
0.39840447845714677,1.12518468241988,1312,Critical
0.44184319712152376,1.1652271159411836,1312,Critical
0.4338325789302459,1.4219845202686452,1310,Critical
-0.274957055162306,0.6154470459597794,1310,Low
0.9897904914102872,0.32403403643594086,1307,Critical
-3.041813181972154,-3.167999988127912,1306,Critical
-3.3345752048924786,-1.6510911817376452,1305,Low
-3.3590343916633603,-1.6736380107043425,1305,Low
-3.362670889900172,-1.6769901869050938,1305,Low
0.632377228328728,0.2997134903022764,1301,Critical
0.5727984352982293,0.24479290487626815,1301,Critical
0.6322609932252682,0.2996063431177775,1301,Critical
0.3924732036330756,1.075154299775594,1299,Critical
0.4380871792336274,1.1172019163210913,1299,Critical
0.46593378901962146,1.1428713203788996,1299,Critical
0.3937019747267927,1.0762869985831538,1299,Critical
1.1234323679714906,-0.23340823022333446,1299,Critical
0.9783568464182749,0.5294547776498876,1299,Critical
1.1205123779495174,0.6604957842920439,1299,Critical
1.2995617597425326,-0.07104963222621363,1299,Critical
1.3140247276158783,-0.05771746112642186,1299,Critical
1.1261223803658442,-0.230928538239217,1299,Critical
0.46593378901962146,1.1428713203788996,1299,Critical
1.23807419263125,0.18671084076508582,1296,Critical
1.1951170193954919,0.14711230272242048,1296,Critical
1.193373492843596,0.1455050949549369,1296,Critical
1.2669337083188215,0.2133139560020988,1296,Critical
1.230004155448189,0.17927176481273355,1296,Critical
-4.441435435133207,-1.1962666032592326,1296,Critical
-4.413206910007274,-1.1702451441666426,1296,Critical
-4.418238229485602,-1.1748830865813804,1296,Critical
-4.409420966637443,-1.1667552073001068,1296,Critical
-4.420762191732156,-1.177209711159071,1296,Critical
0.8962569904424355,0.925486519129012,1295,Critical
0.7499668102309823,0.7906341340668235,1295,Critical
0.8586300269510446,0.8908014448326533,1295,Critical
0.7852026515940588,0.8231150377106331,1295,Critical
0.8586300269510446,0.8908014448326533,1295,Critical
0.4626050636862952,0.34726714199137754,1295,Low
0.4785292728602775,0.36194630626772695,1295,Critical
0.5054127917890338,0.38672791936825857,1295,Low
0.4624556185532756,0.34712938132559323,1295,Critical
0.28183537958569976,0.6513729374786622,1293,Critical
0.2697635338406684,0.6402449370314192,1293,Critical
0.34863735404548135,0.7129519550842451,1293,Critical
1.8148145441451868,-1.16807251523253,1284,Critical
1.8223698258700691,-1.1611079482401014,1284,Critical
1.8180525220272792,-1.1650877008072034,1284,Critical
0.5145503099862004,-0.055750214912841906,1284,Critical
1.0870011953121947,0.15336985426567162,1281,Critical
1.3174207298948726,0.09714086205300687,1275,Critical
1.4301460721106378,-2.6413428001889963,1192,Critical
1.1520817647625476,0.1263588441768966,1170,Critical
-2.931916780135579,-3.9816139313689787,1169,Critical
-3.869796163359374,-2.2706569046405014,1161,Critical
-4.4871026958984235,-1.397113633847675,1161,Critical
-4.486172815070746,-1.396256456371684,1161,Critical
-4.499440221879935,-1.4084865421452013,1161,Critical
-3.876604219419158,-2.276932668304008,1161,Critical
1.1684369753426724,-1.3380903490994258,1160,Critical
0.7654213601039362,-0.9011584061994466,1160,Critical
1.4627602865640135,-2.125405533116297,1158,Critical
1.396340227444171,-2.1866324956870975,1158,Critical
1.3962405973554912,-2.1867243361309536,1158,Critical
1.3964896725771905,-2.1864947350213133,1158,Critical
1.396340227444171,-2.1866324956870975,1158,Critical
0.2726291008973221,0.9607399708483666,1156,Critical
0.2724796557643025,0.9606022101825823,1156,Critical
0.3619640804135103,1.0430902355060938,1156,Critical
0.29735396790468344,0.9835317076653471,1156,Critical
0.3057395003685636,0.9912616116899108,1156,Critical
0.35233317184113316,1.0342123259333276,1156,Critical
0.35233317184113316,1.0342123259333276,1156,Critical
0.29735396790468344,0.9835317076653471,1156,Critical
1.9709793568406675,-1.5398349000231975,1155,Critical
0.8615215828947371,0.5430334032243577,1152,Critical
-0.6788902386152218,0.8814894370174347,1152,Critical
-3.469120904023367,-2.2694192984197668,1149,Critical
1.2549675160801856,-0.24229237929398104,1147,Critical
1.1478983554953484,-0.5547772602163084,1147,Critical
-1.3586776204897346,2.237041422074372,1146,Low
0.9307388278544357,0.31233133102915195,1145,Critical
0.9772946971592621,0.009137700196164453,1145,Critical
1.0492110161712713,0.075431193919699,1145,Critical
1.0127131936849179,0.04178697798704401,1145,Critical
0.9770788319671226,0.008938712567809324,1145,Critical
0.9769293868341029,0.00880095190202502,1145,Critical
1.02036810549848,0.048843385423328785,1145,Critical
0.7426063949755951,1.0329927830822414,1142,Critical
0.8721587202888478,1.1524159735765882,1142,Critical
0.8869371834430128,1.1660389727485914,1142,Critical
0.7425067648869154,1.032900942638385,1142,Critical
-3.9332470384468157,-0.6234388508771519,1141,Low
-3.9087712466611535,-0.6008767151698119,1141,Low
-3.936883536683627,-0.6267910270779032,1141,Low
-0.4456605588783542,2.366318276781484,1138,Critical
-0.35054703421873973,2.4539952871828707,1138,Critical
-0.4456605588783542,2.366318276781484,1138,Critical
1.2035766529352858,-0.45383768467769353,1136,Critical
1.3457819995108686,-0.32275075781360907,1136,Critical
0.3788973719490926,0.35925301624311773,1136,Critical
0.3668753412484011,0.3481709360178028,1136,Critical
0.44563292634975427,0.4207708068861298,1136,Critical
0.43759089114874367,1.2093734527448807,1135,Critical
0.3955635987406633,1.1706320921782065,1135,Critical
0.39289019136108966,1.1681677069347318,1135,Critical
0.4664504068363153,1.2359765679818937,1135,Critical
0.42950424895090283,1.2019190700518858,1135,Critical
0.5272845554954408,1.362667881499261,1135,Critical
0.3809943752839878,1.2278154964370724,1135,Critical
0.4896077769597101,1.3279368869809742,1135,Critical
0.4162302166470641,1.2602964000808823,1135,Critical
0.4896077769597101,1.3279368869809742,1135,Critical
0.5895230964746045,0.7838853450501605,1133,Critical
0.5161123261323985,0.7162142446687831,1133,Critical
0.5617761167772902,0.7583077814362086,1133,Critical
0.5895230964746045,0.7838853450501605,1133,Critical
0.5173909122704555,0.717392863698271,1133,Critical
-0.21323787911285583,2.130673153819948,1131,Low
-0.1774042572177009,2.163705100126895,1131,Critical
-0.14113890493826683,2.1971350216905523,1131,Critical
-0.21343713929021543,2.130489472932236,1131,Critical
1.19862550576141,0.36001716121151994,1130,Critical
1.2060147373384924,0.3668286607975215,1130,Critical
1.201597803407023,0.36275706778656325,1130,Critical
-3.8551116415483313,-2.3838022112978146,1128,Critical
-3.8268166963632777,-2.3577195252426537,1128,Critical
-3.831798200797266,-2.3623115474354637,1128,Critical
-3.8229975429638867,-2.3541989748948327,1128,Critical
-3.8343387680586,-2.3646534787537967,1128,Critical
1.294318766646195,-0.04041554833516639,1121,Critical
1.1607175162965389,-1.1273034661631587,1120,Critical
1.3786302900909442,-1.1582176952232612,1118,Critical
2.7778134027150942,-4.438195639200114,1022,Critical
-3.4924296975883875,-2.7534006557326287,1005,Critical
0.8756968990484864,-0.8346516672334076,1001,Critical
-3.8398282382570748,-2.2392258187080376,998,Critical
-3.8466362943168586,-2.2455015823715447,998,Critical
0.6510761549673658,-0.4830747340565007,994,Critical
0.7722251540296257,-1.0768959152037152,994,Critical
-4.078148217748565,-2.0216942644575346,993,Critical
-4.077185126891327,-2.020806473500258,993,Critical
-4.090485743730076,-2.033067172755061,993,Critical
1.665256599096237,-0.8393583889678985,992,Critical
1.6103272102041273,-0.8899930870139506,992,Critical
1.585486108093306,-0.9128919710154301,992,Critical
1.5853532679750664,-0.9130144249405717,992,Critical
1.6748709026538342,-0.830495786135775,992,Critical
1.6103272102041273,-0.8899930870139506,992,Critical
1.6186629276236675,-0.8823091032113152,992,Critical
1.665256599096237,-0.8393583889678985,992,Critical
1.4196457423659892,-0.7581408970183207,991,Critical
1.3532256832461467,-0.8193678595891214,991,Critical
1.353126053157467,-0.8194597000329776,991,Critical
1.3533585233643863,-0.8192454056639797,991,Critical
1.3532256832461467,-0.8193678595891214,991,Critical
0.73503353168404,0.7489138524609216,989,Critical
-1.3537962426275367,2.1818502199534087,989,Critical
1.3825270351355563,-0.3312800538776519,985,Critical
1.3265596899875292,-0.47456772046461076,985,Critical
1.7126073516602982,-1.0031374561476891,984,Critical
-0.7254557537571602,1.1452411791983137,983,Low
-3.47998662657444,-2.615089848473852,983,Critical
0.8049135018248944,0.4377931946113225,982,Critical
0.8768630308664638,0.5041173018161422,982,Critical
0.8403652083801103,0.4704730858834873,982,Critical
0.8047474516770947,0.43764012720489553,982,Critical
0.8045814015292951,0.43748705979846847,982,Critical
0.8480201201936721,0.47752949331977207,982,Critical
1.6756917714399133,-1.2786743710074986,981,Critical
1.3416394625703103,-0.01977730018996011,976,Critical
1.2681788771837645,-0.08749432079326563,976,Critical
1.3138426678286563,-0.045400784025840205,976,Critical
1.3416394625703103,-0.01977730018996011,976,Critical
1.2694574633218214,-0.08631570176377773,976,Critical
0.6881935403418106,-0.5988690593735905,976,Critical
0.63299068789024,-0.21752759392419174,976,Critical
0.8303988869173934,-0.4677821325095063,976,Critical
0.6210184722338884,-0.22856375392757855,976,Critical
0.6997428473056817,-0.15599449654053704,976,Critical
1.633459645292839,-0.47526672007118437,975,Critical
1.487169465081386,-0.6101191051333731,975,Critical
1.5956832366684286,-0.5100895550333273,975,Critical
1.5224053064444625,-0.5776382014895632,975,Critical
1.5956832366684286,-0.5100895550333273,975,Critical
0.87230953788678,0.18150589674771178,973,Critical
1.0018452581852526,0.3009137805014159,973,Critical
1.0166237213394176,0.31453677967341903,973,Critical
0.8721933027833203,0.1813987495632129,973,Critical
-0.8606108703549573,0.11239433752792229,972,Critical
-0.7654475306510029,0.20011726815123704,972,Critical
-0.8606108703549573,0.11239433752792229,972,Critical
0.7247384800478092,0.7618171336992761,971,Low
0.7605388919134042,0.7948184665249376,971,Critical
0.796837454222398,0.8282790015698802,971,Critical
0.7245724299000095,0.7616640662928489,971,Critical
0.005311034293739256,1.7828733165509751,969,Critical
-0.03764613894201884,1.7432747785083098,969,Critical
-0.03935645546435484,1.7416981842221118,969,Critical
0.0341705499813107,1.809476431787988,969,Critical
-0.00274239787454166,1.7754495473392655,969,Critical
-4.295795483498748,-1.2402011712553787,968,Critical
-4.267417513239795,-1.2140419514970042,968,Critical
-4.272415622688563,-1.218649280430457,968,Critical
-4.263614964855184,-1.2105367078898257,968,Critical
-4.274939584935117,-1.2209759050081472,968,Critical
1.767274033150659,-0.5229860729533432,967,Critical
-4.279938250865433,-0.5621296538065332,967,Critical
-4.25546245907977,-0.539567518099193,967,Critical
-4.283558144087464,-0.5654665232666416,967,Critical
0.4960928569493996,-0.2259725986868518,964,Critical
0.5034322734821423,-0.21920701932277828,964,Critical
0.49901533955067273,-0.22327861233373655,964,Critical
1.3094599247713048,-1.0410632737979566,961,Critical
1.2476217569303338,-1.130465706263687,960,Critical
0.8780063082121528,-1.1131403904433015,856,Critical
-3.8797306752353213,-2.114170106728419,841,Critical
0.3795731826165336,0.1294041290448742,835,Critical
0.95234867388162,0.05634780890647526,834,Critical
-3.716636906176434,-2.544094398999152,832,Critical
-3.8085553516710395,-2.1595182631941836,832,Critical
-3.807559050784242,-2.1585998587556214,832,Critical
-3.8208596676229902,-2.1708605580104243,832,Critical
-3.723444962236218,-2.550370162662659,832,Critical
0.0427899551579242,0.6969738341104798,828,Critical
-0.012139433734185544,0.6463391360644276,828,Critical
-0.03698053584500668,0.6234402520629481,828,Critical
0.05240425871552138,0.7058364369426031,828,Critical
-0.012139433734185544,0.6463391360644276,828,Critical
-0.0038037163146453436,0.6540231198670631,828,Critical
0.0427899551579242,0.6969738341104798,828,Critical
1.4833136464917183,-0.7038954619384087,828,Critical
1.4168935873718758,-0.7651224245092094,828,Critical
1.416793957283196,-0.7652142649530655,828,Critical
1.4170430325048955,-0.7649846638434251,828,Critical
1.4168935873718758,-0.7651224245092094,828,Critical
-0.037163191007586215,0.6232718779158785,828,Critical
0.7314408937297614,0.5275807799326222,828,Critical
0.7420133010633223,0.7244497932988135,825,Critical
0.5669277607807116,0.8999133842509383,823,Critical
1.0680876886409985,0.15687535641375544,822,Critical
1.1400538226973478,0.22321477035921805,822,Critical
1.0679216384931987,0.15672228900732849,822,Critical
1.0677223783158392,0.15653860811961612,822,Critical
1.1112109120245561,0.19662696186284784,822,Critical
1.1035061851666543,0.189524634204635,822,Critical
1.1104300229275912,-1.1473834439629431,821,Critical
-1.611981653565461,2.650919036531853,820,Low
-1.3928428755213382,1.9054834554563347,820,Critical
-3.793555308054702,-2.21860885033933,819,Critical
0.7953940352292086,1.0610571325240699,819,Critical
0.9249463605424615,1.1804803230184167,819,Critical
0.9397248236966264,1.1941033221904198,819,Critical
1.4614178076007256,-1.7004754617793423,819,Critical
0.7952944051405288,1.0609652920802137,819,Critical
-0.5848461726997295,3.0281216921997376,816,Critical
-0.4897326480401151,3.1157987026011242,816,Critical
-0.5848461726997295,3.0281216921997376,816,Critical
0.5305258570966409,1.0343973632813015,813,Critical
0.4571150867544349,0.966726262899924,813,Critical
0.5027788773993267,1.0088197996673496,813,Critical
0.5305258570966409,1.0343973632813015,813,Critical
0.4583936728924918,0.9679048819294119,813,Critical
0.6182828245901609,-0.6380714247308522,813,Critical
0.7604881711657437,-0.5069844978667677,813,Critical
1.399978857261073,-0.6073393788381237,812,Critical
1.508442813803776,-0.5073557489600061,812,Critical
1.5462524324577462,-0.4725023005165779,812,Critical
1.508442813803776,-0.5073557489600061,812,Critical
1.4351980936093696,-0.5748737819349566,812,Critical
0.5420658827006766,1.0569467345169226,811,Low
0.5778662945662717,1.089948067342584,811,Critical
0.6141648568752656,1.1234086023875267,811,Critical
0.541899832552877,1.0567936671104954,811,Critical
0.8904234841950747,0.19456194082874168,810,Critical
0.8784512685387231,0.18352578082535487,810,Critical
0.9571590385957365,0.2560797314717537,810,Critical
0.5979845978532137,0.05125642943250475,807,Critical
0.6052741993416164,0.05797608857465012,807,Critical
0.6009236854692667,0.05396572252626267,807,Critical
0.4626050636862952,0.34726714199137754,807,Critical
-0.29664019260813695,2.4229273776297147,805,Critical
-0.33959736584389505,2.3833288395870493,805,Critical
-0.34134089239579096,2.3817216318195658,805,Critical
-0.26778067692056545,2.4495304928667276,805,Critical
-0.30474343982075774,2.415457688196077,805,Critical
-3.30664905001877,-1.4607542360031995,804,Critical
-3.278221264715478,-1.4345490960228968,804,Critical
-3.283219374164246,-1.4391564249563495,804,Critical
-3.274368901286527,-1.4309979321937905,804,Critical
-3.28571012638124,-1.4414524360527547,804,Critical
0.8984515145295525,-0.6955623184321683,804,Critical
1.3844095635920497,-1.2053501051736573,803,Critical
0.6529266448125557,-0.10564229311928323,800,Critical
-3.7379641051419785,-1.1620535101229756,799,Critical
-3.7134717083415363,-1.1394760676749929,799,Critical
-3.74153418331967,-1.1653444593611562,799,Critical
2.3978780839045477,-3.8160913357674686,687,Critical
-4.540066633225405,-1.22118185923961,673,Critical
-3.794691042805115,-2.5100434775919758,664,Critical
-3.801532308894459,-2.516349854736768,664,Critical
0.8190100757378231,0.5322339271622978,663,Critical
0.7768539309439342,-0.8539267417920333,662,Critical
-4.207847922047789,-1.9146642629651316,662,Critical
-4.206851621160992,-1.9137458585265694,662,Critical
-4.22011902797018,-1.9259759443000868,662,Critical
1.3123141710126134,-1.3300991489297005,660,Critical
0.907593667043361,-0.5745354174653066,660,Critical
1.3867109757083598,-0.33611656312464677,660,Critical
1.0644591493163897,-0.7748771640054957,659,Critical
0.6254881313240399,0.2391111004013078,659,Critical
0.6919081904438824,0.30033806297210847,659,Critical
0.9963381567817227,0.12133737903344975,659,Critical
1.068337500867632,0.1877074064601978,659,Critical
1.0317898633369385,0.15401727030561474,659,Critical
0.996221921678263,0.12123023184895086,659,Critical
0.9960226615009035,0.1210465509612385,659,Critical
1.0394945901948403,0.16111959796382758,659,Critical
0.6254881313240399,0.2391111004013078,659,Critical
0.6253885012353602,0.23901925995745157,659,Critical
0.39501079347900137,1.4162932522940095,659,Critical
0.5245631187922544,1.5357164427883563,659,Critical
0.5393415819464192,1.5493394419603594,659,Critical
0.6256707864866194,0.23927947454837747,659,Critical
0.3949609784346615,1.4162473320720814,659,Critical
1.5578815485521822,-2.10225214418364,658,Critical
1.5029521596600723,-2.1528868422296923,658,Critical
1.478160872593591,-2.175739806009244,658,Critical
1.4778785873423317,-2.1760000206001697,658,Critical
1.5674958521097793,-2.0933895413515167,658,Critical
1.5029521596600723,-2.1528868422296923,658,Critical
1.5113210871091725,-2.1451722449457717,658,Critical
1.5578815485521822,-2.10225214418364,658,Critical
-1.0368315784111095,0.5506483912877724,653,Critical
-0.9416682387071551,0.6383713219110873,653,Critical
-1.0368315784111095,0.5506483912877724,653,Critical
-4.655965895532351,-0.8784969245582664,653,Critical
1.0329938395645486,-0.538114124263699,651,Critical
0.6019882705025874,0.9579460335401149,650,Critical
0.6377388673238426,0.9909014461438483,650,Critical
0.6740042196032764,1.0243313677075059,650,Critical
0.6017890103252278,0.9577623526524024,650,Critical
-1.1725295746832678,1.6150325120936027,650,Critical
-0.5511873847637211,0.5106199669233686,650,Critical
0.5847172336947605,1.004804780003447,650,Critical
0.5728114380975288,0.9938298469626309,650,Critical
0.6514693931102022,1.0663378773871017,650,Critical
1.5479065524351632,-0.47639621224777995,649,Critical
1.509980698677733,-0.5113568078757071,649,Critical
1.40166618726805,-0.6112026770880404,649,Critical
1.509980698677733,-0.5113568078757071,649,Critical
1.4368522135867865,-0.5787676936661588,649,Critical
0.6407685163694947,1.1600975911560818,647,Critical
0.5978113431337366,1.1204990531134165,647,Critical
0.5960678165818408,1.1188918453459331,647,Critical
0.6696280320570662,1.1867007063930948,647,Critical
0.632648664142094,1.1526125949818016,647,Critical
0.3452712190067842,-0.3347052071535097,647,Critical
0.487476565582367,-0.20361828028942533,647,Critical
0.9209831591572712,-0.43455177243398585,647,Critical
1.0456941721044535,-0.8452006435217833,646,Critical
1.0529339585485162,-0.838526904601566,646,Critical
1.0486166547057265,-0.842506657168668,646,Critical
1.1157113248751633,-0.255377636502222,643,Critical
1.0423005545329573,-0.32304873688359953,643,Critical
1.087997555207409,-0.2809245866348886,643,Critical
1.1157113248751633,-0.255377636502222,643,Critical
1.0436289557153542,-0.3218241976321835,643,Critical
-0.21323787911285583,2.130673153819948,642,Critical
-3.8179631515589927,-0.7252114828166735,638,Critical
-3.7894357361670203,-0.6989145023925146,638,Critical
-3.7944172406010086,-0.7035065245853246,638,Critical
-3.7855833727380697,-0.6953633385634083,638,Critical
-3.7969578078623427,-0.7058484559036579,638,Critical
0.2684799238749638,0.36982615944523517,637,Critical
0.8528562308497818,0.36599628629336106,637,Critical
-3.424800936936938,-1.7792391637658715,628,Critical
-3.400258725092156,-1.7566158010959607,628,Critical
-3.4283378050850697,-1.7824994995227668,628,Critical
2.4351848200041935,-4.226907141408482,512,Critical
-4.48437810885873,-1.3085285118499423,505,Critical
0.8020178660266826,0.5932681859575356,502,Critical
1.3102650266094031,0.05083465950065223,502,Critical
1.439817351922656,0.17025784999499904,502,Critical
1.454579210062041,0.18386554242635966,502,Critical
1.3102650266094031,0.05083465950065223,502,Critical
0.8115417638444803,0.49847915772001966,501,Critical
1.3831988657598933,-1.4535702555280208,500,Critical
0.43606749547369184,0.14774746521686888,499,Critical
0.8036290985384431,0.5525735617001286,499,Critical
0.7372256444333807,0.49136190586997053,499,Critical
0.737059594285581,0.4912088384635436,499,Critical
0.7374082995959602,0.49153028001704024,499,Critical
0.7371758293890408,0.49131598564804246,499,Critical
-3.989927623061472,-1.977055794693454,498,Critical
-3.9889147171598944,-1.9761220835142492,498,Critical
-4.002182123969083,-1.988352169287767,498,Critical
-4.030268977086758,-2.140096373979683,496,Critical
-4.037110243176101,-2.146402751124475,496,Critical
1.1307011465836543,-0.07256980099353323,494,Critical
1.6007876600318194,-0.8921602952301587,492,Critical
1.5458416661249297,-0.9428103000168536,492,Critical
1.5209673539845485,-0.9657397974996185,492,Critical
1.5207182787628493,-0.965969398609259,492,Critical
1.6103521485450767,-0.8833436126199634,492,Critical
1.5458416661249297,-0.9428103000168536,492,Critical
1.5541773835444699,-0.9351263162142182,492,Critical
1.6007876600318194,-0.8921602952301587,492,Critical
-4.96404324168232,-0.1711084413421826,491,Critical
0.23218517543930564,1.3770163255889365,490,Critical
-0.35879176774205657,-0.32904562474068366,490,Critical
-0.4539551074460108,-0.4167685553639985,490,Critical
-0.4539551074460108,-0.4167685553639985,490,Critical
0.8005323881356512,-0.7535687295258696,490,Critical
1.0886172890811627,-0.2854468785999271,490,Critical
1.1506702293138757,-0.22824558881815657,490,Critical
1.1141225917831823,-0.26193572497273965,490,Critical
1.0786044651688467,-0.29467684320747534,490,Critical
1.0783387849323671,-0.29492175105775853,490,Critical
1.121827318641084,-0.25483339731452676,490,Critical
-0.09924785211769535,2.005851780300351,488,Critical
-0.06348065028166014,2.038822499644727,488,Critical
-0.0272152980022262,2.0722524212083844,488,Critical
-0.09941390226549493,2.005698712893924,488,Critical
-0.3619804520061083,0.5626379710233433,487,Critical
0.9615906971544523,-0.18079462429282653,486,Critical
0.5760551289990129,1.1616731398115836,486,Critical
0.5331477708075947,1.1221205219908463,486,Critical
0.531354429211359,1.1204673940014347,486,Critical
0.6049146446865844,1.1882762550485964,486,Critical
0.5679020667420522,1.1541575301560176,486,Critical
0.7665871284496008,-0.7418126512820753,486,Critical
0.9087426599808437,-0.6107716446399191,486,Critical
0.7128063844019886,-0.23683891796650614,486,Critical
-0.9116988623190471,0.49122610765615143,484,Critical
0.9470181924076454,0.37411619600301704,483,Critical
0.9089927085615356,0.33906375993123367,483,Critical
0.835914038514929,0.2716987943627101,483,Critical
0.9089927085615356,0.33906375993123367,483,Critical
0.27389821398404135,1.4174906164573524,483,Critical
0.3196118196732729,1.459630073446706,483,Critical
0.34725916928190753,1.4851157966168018,483,Critical
0.27517680012209833,1.4186692354868404,483,Critical
0.34725916928190753,1.4851157966168018,483,Critical
0.8357782113302246,-0.6437315606334918,483,Critical
0.8429017626708277,-0.6371649688977733,483,Critical
0.8386508788871577,-0.6410834945023046,483,Critical
0.8007280121961924,0.2392638109408285,483,Critical
0.7247384800478092,0.7618171336992761,482,Critical
0.06962394605478144,1.2713838939527398,477,Critical
0.057701545442769765,1.260393654171281,477,Critical
0.13630968541110342,1.3328557643738237,477,Critical
-3.9367245228932255,-0.32590664098366423,477,Critical
-3.9080808723977936,-0.2995025133750065,477,Critical
-3.9131121918761216,-0.30414045578974475,477,Critical
-3.9042451139836225,-0.2959666562865429,477,Critical
-3.9156859691670154,-0.3065130005893633,477,Critical
0.576834273322866,0.5707568866214321,466,Critical
-0.690825896857028,-0.25598986542002944,461,Critical
-0.5967086730842114,-0.16923125945720477,461,Critical
-0.690825896857028,-0.25598986542002944,461,Critical
2.6518281677935827,-4.127023021727145,345,Critical
0.6868427136970693,0.7006492987576997,339,Critical
-4.481041478745524,-0.5179598226752805,338,Critical
-3.254662137170212,-1.4249586799026872,337,Critical
1.0815386578581507,-0.018473659745606035,336,Critical
0.6272569159116597,0.4418409295297846,336,Critical
0.8734289071846006,0.27484707756295296,336,Critical
0.8070586631090981,0.21366603521408037,336,Critical
0.8069092179760784,0.21352827454829607,336,Critical
1.081472237799031,-0.01853488670817686,336,Critical
1.2110743781566236,0.10093422400809801,336,Critical
1.2258528413107885,0.1145572231801012,336,Critical
0.8072579232864576,0.21384971610179274,336,Critical
0.8070088480647583,0.21362011499215225,336,Critical
1.0344715860861136,-1.1737819095070494,334,Critical
-4.003764394089432,-1.9426779229710291,334,Critical
-4.002768093202635,-1.9417595185324674,334,Critical
-4.016035500011823,-1.9539896043059848,334,Critical
1.2060419153987822,-1.2825316241266551,333,Critical
0.44854020418905416,0.4352828178401727,333,Critical
-0.1338995515381801,0.9037159228884583,329,Critical
0.008255979993062755,1.0347569295306147,329,Critical
0.7420363922950081,-0.04090720510006288,329,Critical
0.7491267336060513,-0.034371226845629904,329,Critical
0.7448592448076014,-0.038305059190803875,329,Critical
0.47450907018901933,1.2811639021028314,328,Critical
0.47474154039593885,1.2813781964718292,328,Critical
0.49983171772845936,1.3045066815829491,328,Critical
0.5547278965910093,1.355110766147716,328,Critical
-0.6321655407922552,-0.1355015593410368,327,Critical
-0.5370022010883009,-0.04777862871772205,327,Critical
-0.6321655407922552,-0.1355015593410368,327,Critical
1.293030215591628,-0.03094375133588278,326,Critical
1.25012285740021,-0.07049636915662004,326,Critical
1.2482797007596342,-0.07219541736795974,326,Critical
1.3218897312791995,-0.004340636098869912,326,Critical
1.2848273382903275,-0.0385052812133767,326,Critical
-3.9124114381664152,-2.4338034161928603,326,Critical
-3.9192527042557592,-2.440109793337653,326,Critical
1.0013860349028259,-0.20965016401843958,324,Critical
-0.9660934229195396,0.8909956604701935,324,Critical
0.8251283001789629,-0.4797159177540492,323,Critical
0.8225234325997952,0.6801872188668722,323,Critical
0.7492122923462691,0.6126079589293508,323,Critical
0.7949258980355007,0.6547474159187044,323,Critical
0.8225234325997952,0.6801872188668722,323,Critical
0.750490878484326,0.6137865779588387,323,Critical
0.5420658827006766,1.0569467345169226,322,Critical
1.750295894399501,-1.3957798693922292,321,Critical
0.9891044554526462,-0.18071962418416662,320,Critical
1.0611204045533353,-0.11433429001677595,320,Critical
1.0245727670226419,-0.148024426171359,320,Critical
0.9890380353935264,-0.1807808511467374,320,Critical
0.8287544265364349,0.7193954832422581,320,Critical
0.6824642463249819,0.5845430981800696,320,Critical
0.7906791276459851,0.6842971269485466,320,Critical
0.9887889601718269,-0.18101045225637794,320,Critical
1.0323273089248837,-0.14087617829121804,320,Critical
0.7176502726437184,0.6169780816019512,320,Critical
0.3616923231328442,0.04610869359021193,320,Critical
0.7906791276459851,0.6842971269485466,320,Critical
1.1330048653172173,-0.3713723133514224,319,Critical
1.0781252914694475,-0.4219610911755465,319,Critical
1.0531347442256067,-0.4449977358428104,319,Critical
1.0529022740186873,-0.44521203021180816,319,Critical
1.1425859588452547,-0.36254032400058445,319,Critical
1.0781252914694475,-0.4219610911755465,319,Critical
1.086411193844648,-0.4143230275948392,319,Critical
1.1330048653172173,-0.3713723133514224,319,Critical
-1.1225136258114745,1.4912486019791074,318,Critical
-3.924102909918709,-0.25255469036126077,317,Critical
-3.895392839364157,-0.22608933579003218,317,Critical
-3.900424158842485,-0.23072727820477043,317,Critical
-3.891540475935206,-0.22253817196092582,317,Critical
-3.902981331118599,-0.23308451626374624,317,Critical
-0.09948588489722705,1.9841003773696748,315,Critical
-0.7101788080431095,0.5326420928575022,310,Critical
-0.6160117692259529,0.6194466190422548,310,Critical
-0.7101788080431095,0.5326420928575022,310,Critical
0.36021851776984753,0.9213584119863295,308,Critical
0.34829611715783576,0.9103681722048708,308,Critical
0.42690425712616936,0.9828302824074133,308,Critical
0.9599493224534908,0.34276786559681094,179,Critical
2.4495912324629225,-3.944751057528237,176,Critical
-1.4269087805155398,1.5084677752590512,172,Critical
-4.861621570368863,-0.5306827415186652,172,Critical
-3.9113991538678126,-2.1198157830696207,170,Critical
-3.910402852981015,-2.1188973786310585,170,Critical
-3.9236702597902036,-2.1311274644045763,170,Critical
0.8552239685537183,0.16024285867865104,169,Critical
1.046055640356403,0.6044715128543308,169,Critical
0.7888537244782157,0.09906181632977844,169,Critical
0.7935628138173532,0.18889525729176404,169,Critical
0.788704279345196,0.09892405566399413,169,Critical
0.972744500102877,0.5368922529168094,169,Critical
1.0184581057921085,0.579031709906163,169,Critical
1.046055640356403,0.6044715128543308,169,Critical
0.9740895063000538,0.5381320989088682,169,Critical
0.7890363796407953,0.09923019047684815,169,Critical
-0.01682731352226678,0.896034540054191,169,Critical
0.7888039094338758,0.09901589610785032,169,Critical
0.9620390967033522,0.011898804240935326,166,Critical
0.8921584865363327,-1.10680925432637,166,Critical
1.0343140180675754,-0.9757682476842137,166,Critical
1.0916412370609447,0.13136791495721029,166,Critical
1.1064197002151097,0.14499091412921344,166,Critical
0.9621387267920319,0.01199064468479151,166,Critical
-1.682977131000001,2.081159242049955,163,Critical
-0.5728658042694483,-0.2302382148678516,163,Critical
-0.4777024645654941,-0.14251528424453683,163,Critical
-0.5728658042694483,-0.2302382148678516,163,Critical
0.564721410835418,-0.3832197906953268,163,Critical
1.4440946661072847,-1.4295181143274738,163,Critical
0.39454120677771937,1.2943587924278945,163,Critical
0.35163384858630103,1.2548061746071573,163,Critical
0.3497906919457255,1.2531071263958173,163,Critical
0.42340072246529087,1.3209619076649073,163,Critical
0.38628851443207884,1.2867513423284724,163,Critical
0.7899914823395998,-0.21738448189558346,163,Critical
0.006152504994072426,1.7252673486268841,163,Critical
0.28227669894670837,0.14289535914634977,163,Critical
0.28931722521341174,0.14938541717885467,163,Critical
0.2850497364149618,0.1454515848336807,163,Critical
0.6019882705025874,0.9579460335401149,162,Critical
0.7163102875032438,0.5767915697057464,161,Critical
-1.10650218238966,1.3532841849981851,161,Critical
-1.0122853285281634,1.440134631404866,161,Critical
-1.10650218238966,1.3532841849981851,161,Critical
0.7164929426658233,0.5769599438528161,161,Critical
0.7415831199983438,0.6000884289639361,161,Critical
0.7964128788017737,0.650631286566132,161,Critical
0.20333556360991625,2.066134529061106,161,Critical
0.14850580480648637,2.01559167145891,161,Critical
0.12351525756264561,1.992555026791646,161,Critical
0.1232827873557262,1.9923407324226483,161,Critical
0.21290005212317356,2.0749512116713014,161,Critical
0.14850580480648637,2.01559167145891,161,Critical
0.1567418921373467,2.0231838148176893,161,Critical
0.20333556360991625,2.066134529061106,161,Critical
-1.9289510545388042,3.4875961619721805,161,Critical
0.8317605754326374,0.5283730586728044,160,Critical
0.9037599195185466,0.5947430860995523,160,Critical
0.8672122819878533,0.5610529499449692,160,Critical
0.8316941553735175,0.5283118317102335,160,Critical
0.8313786600926983,0.5280210036380222,160,Critical
0.8749170088457551,0.5681552776031821,160,Critical
0.5149277291055503,0.9512889231010998,160,Critical
-4.209771382951447,-1.7486920889107227,160,Critical
-4.216629254055571,-1.755013772796158,160,Critical
0.7580906484867506,-1.179510797739812,159,Critical
-3.5369264189517606,-0.8944375365615302,158,Critical
-3.5081499283380886,-0.8679109550277309,158,Critical
-3.5131978528311967,-0.8725642041831116,158,Critical
-3.504264354879578,-0.864329177717339,158,Critical
-3.515738420092531,-0.8749061355014447,158,Critical
1.3208557137250285,0.1636961946896132,158,Critical
0.3247011453897675,1.5419051120522238,157,Critical
0.1784607802226544,1.4070986472119633,157,Critical
0.28652621641063797,1.5067149153146562,157,Critical
0.213596991497051,1.4394877104119168,157,Critical
0.28652621641063797,1.5067149153146562,157,Critical
0.6108518389020854,1.2558801730735862,154,Critical
0.5989294382900737,1.2448899332921277,154,Critical
0.6775541832731873,1.317367350235313,154,Critical
0.9870676688389103,-0.8292604069262796,0,Critical
1.2975499346003194,-0.725098596419628,0,Critical
0.8951779402872208,0.4218752075950156,0,Critical
0.5013981823210313,1.213866994216276,0,Critical
-1.1071755383163782,0.7730334052682727,0,Critical
0.9715725104029723,-0.8753246466500221,0,Critical
0.9785632216253357,-0.8688805088394452,0,Critical
0.9672437044322498,0.4883064619843345,0,Critical
-0.05217665612903513,-0.7895227456268962,0,Critical
0.9306960669015565,0.4546163258297513,0,Critical
0.5015808374836108,1.2140353683633458,0,Critical
0.9743621528860057,-0.8727531142220484,0,Critical
0.8951613352724408,0.42185990085437297,0,Critical
-1.0131081295879012,0.8597460910091692,0,Critical
-1.7508260925080983,1.823559775554721,0,Critical
-0.09924785211769535,2.005851780300351,0,Critical
-1.1071755383163782,0.7730334052682727,0,Critical
2.164668898612186,-3.8231092639589375,0,Critical
0.5266710148161313,1.2371638534744658,0,Critical
0.5814509585752214,1.2876607908547335,0,Critical
0.4764277279630023,1.4956621980956726,0,Critical
0.42159796915957226,1.4451193404934766,0,Critical
-0.9469879131647153,0.3787867447754639,0,Critical
1.2475934805581104,-0.4799173905410153,0,Critical
0.39655760687139174,1.4220367756042847,0,Critical
0.3963251366644722,1.4218224812352869,0,Critical
0.4859922164762596,1.5044788807058678,0,Critical
0.42159796915957226,1.4451193404934766,0,Critical
-3.6656969105251553,-2.3544582761510453,0,Critical
0.4298340564904327,1.4527114838522557,0,Critical
0.4764277279630023,1.4956621980956726,0,Critical
-0.851824573460761,0.4665096753987787,0,Critical
-3.8650031959269673,-2.500801344480843,0,Critical
0.8607520567033793,0.9574374527449959,0,Critical
0.7145116915362661,0.8226309879047353,0,Critical
0.82251070766513,0.9221860290448574,0,Critical
0.5998690528216276,0.9435863320901676,0,Critical
-1.0078275066541966,1.210649129650308,0,Critical
0.8948126299620616,0.4215384593008762,0,Critical
0.9384007937594582,0.46171865348796426,0,Critical
0.5569616946302094,0.9040337142694304,0,Critical
0.5551185379896337,0.9023346660580907,0,Critical
0.6286621484500794,0.9701282203646098,0,Critical
0.5916163604759872,0.9359788819907456,0,Critical
-3.8639570799958296,-2.4998370198203532,0,Critical
1.231179690524817,-0.7862796387685006,0,Critical
-0.9469879131647153,0.3787867447754639,0,Critical
0.5093616596899381,0.4682735615631959,0,Critical
1.2310302453917972,-0.7864173994342849,0,Critical
0.7496312977958828,0.8550047443640463,0,Critical
-3.877274301849358,-2.5121130258157987,0,Critical
-3.6725381766144993,-2.360764653295838,0,Critical
0.82251070766513,0.9221860290448574,0,Critical
1.174282340304584,-0.5474966504785366,0,Critical
1.2200457610381557,-0.5053112732672549,0,Critical
1.2475934805581104,-0.4799173905410153,0,Critical
1.1756107414869807,-0.5462721112271205,0,Critical
-3.661901136453249,0.16831354771475096,0,Critical
0.2896181376802033,0.40321715269018343,0,Critical
-3.6330416207656775,0.19491666295176394,0,Critical
-3.6381061502735657,0.19024810705574038,0,Critical
-3.6291726523219467,0.19848313352151306,0,Critical
-3.6406799275644595,0.18787556225612181,0,Critical
1.3344027966790806,-0.43299384788850415,0,Critical
0.23713609203087738,-0.17293594564029874,0,Critical
0.19645840701052164,1.9621016498622856,0,Critical
0.37929162356212015,-0.04189493899814251,0,Critical
1.4640049370366732,-0.3135247371722292,0,Critical
0.38598042341848066,0.14522633405019597,0,Critical
1.4787335851464984,-0.2999476582221541,0,Critical
-4.469691220216541,-1.5028673810182784,0,Critical
1.2314287657465162,-0.7860500376588601,0,Critical
0.703207270523834,-0.09050945429753264,0,Critical
-0.012769795250995955,0.6181184401935178,0,Critical
1.6060561307926646,-1.6822602755070102,0,Critical
1.3345024267677605,-0.4329020074446479,0,Critical
1.231129875480477,-0.7863255589904287,0,Critical
0.18453600639850998,1.951111410080827,0,Critical
0.9174752513135248,0.32308905227854623,0,Critical
0.27613208589087684,1.8489746744082736,0,Critical
0.5492226500889521,0.698139670459615,0,Critical
0.2631441463668435,2.0235735202833696,0,Critical
