feature,importance
"num__resistance, tonn",0.14762480701741063
num__num_crystallizer,0.14348104252149096
num__num_stream,0.07886926947508487
num__cast_in_row,0.055963217283044174
"num__steel_temperature_grab1, Celsius deg.",0.05002751612986435
"num__temperature_measurement1, Celsius deg.",0.04201542609768375
"num__temperature_measurement2, Celsius deg.",0.04180313566613565
"num__steel_weight, tonn",0.03594586827392336
"num__swing_frequency, amount/minute",0.01734942687292505
"num__crystallizer_movement, mm",0.016393785905146587
"num__water_consumption, liter/minute",0.007016850138563202
cat__steel_type_Arm500,0.004085146908917461
cat__steel_type_1015,0.0036823816017304985
"num__water_temperature_delta, Celsius deg.",0.0028681476572795053
cat__steel_type_St3sp,0.002350105737824747
cat__steel_type_1018,0.001819336919709819
cat__steel_type_St4sp,0.0018103199576362209
cat__steel_type_25G2S,0.0017603507032871047
"num__alloy_speed, meter/minute",0.0017314282025247404
cat__workpiece_slice_geometry_180x180,0.0016131922830807837
cat__workpiece_slice_geometry_150x150,0.0014568368367133952
cat__alloy_type_open,0.0011751935117026403
cat__steel_type_Arm240,0.0010105457682795223
cat__alloy_type_close,0.0009947109424471524
cat__steel_type_1010,0.0008803779893678115
cat__datetime_combined_7/9/2020 0:51,0.0006233670719048918
cat__datetime_combined_7/9/2020 7:04,0.0005918451301692582
cat__datetime_combined_7/9/2020 4:13,0.0005170365614545609
cat__datetime_combined_7/9/2020 4:54,0.0004969400927371774
cat__datetime_combined_7/8/2020 21:17,0.00047075543167678563
cat__datetime_combined_7/9/2020 2:53,0.0004675121180780586
cat__datetime_combined_7/9/2020 3:33,0.0004536394905614503
cat__datetime_combined_7/9/2020 2:18,0.0004378449711078833
cat__datetime_combined_7/8/2020 8:13,0.00043374412767642684
cat__steel_type_V500V,0.0004256302773237009
cat__datetime_combined_7/8/2020 2:03,0.00041358018507372233
cat__datetime_combined_7/8/2020 17:41,0.00040968045983842216
cat__datetime_combined_7/13/2020 1:03,0.0004079972041954618
cat__datetime_combined_5/25/2020 12:03,0.0003997360789795466
cat__datetime_combined_7/8/2020 14:56,0.000397324115536777
cat__datetime_combined_7/8/2020 17:00,0.00038987761054423085
cat__datetime_combined_7/8/2020 3:25,0.0003835900032002431
cat__datetime_combined_7/8/2020 1:17,0.0003741569322734566
cat__datetime_combined_5/25/2020 7:37,0.0003713021497793848
cat__datetime_combined_7/8/2020 8:48,0.00037099865881222124
cat__datetime_combined_7/9/2020 6:21,0.0003697219057888784
cat__datetime_combined_1/9/2020 18:24,0.0003689772252531914
cat__datetime_combined_1/7/2020 16:59,0.00036370053206523844
cat__datetime_combined_7/9/2020 20:58,0.0003634067893292547
cat__datetime_combined_7/17/2020 22:59,0.00036175693819950254
cat__datetime_combined_7/8/2020 5:25,0.00035966611032297967
cat__datetime_combined_5/9/2020 3:08,0.00035786763749462864
cat__datetime_combined_7/8/2020 12:56,0.0003536860292442676
cat__datetime_combined_7/8/2020 2:40,0.00035222281158715546
cat__datetime_combined_1/9/2020 19:45,0.0003501681584359971
cat__datetime_combined_7/13/2020 8:50,0.0003489349953270122
cat__datetime_combined_7/8/2020 22:33,0.0003474718365115926
cat__datetime_combined_7/8/2020 21:52,0.00034747151295611234
cat__datetime_combined_5/9/2020 7:46,0.00034732234882376415
cat__datetime_combined_7/13/2020 3:46,0.000342401348438087
cat__datetime_combined_5/26/2020 0:02,0.00034059235282154387
cat__datetime_combined_7/13/2020 2:24,0.0003405781632662414
cat__datetime_combined_1/8/2020 23:21,0.00033961494730715515
cat__datetime_combined_7/13/2020 13:45,0.0003379153507239314
cat__datetime_combined_1/7/2020 4:11,0.00033454629101433304
cat__datetime_combined_7/8/2020 13:37,0.0003343371848656573
cat__datetime_combined_7/14/2020 3:25,0.00033424587917916957
cat__datetime_combined_1/10/2020 18:54,0.0003318970026866152
cat__datetime_combined_7/9/2020 21:46,0.0003307352844610377
cat__datetime_combined_5/9/2020 0:14,0.0003300986946381261
cat__datetime_combined_7/13/2020 11:40,0.00033004544418823443
cat__datetime_combined_7/15/2020 2:52,0.00032939573999922906
cat__datetime_combined_1/8/2020 22:11,0.0003282733013631352
cat__datetime_combined_1/8/2020 0:07,0.0003268090662099058
cat__datetime_combined_1/9/2020 19:04,0.00032647045516072425
cat__datetime_combined_5/9/2020 1:01,0.0003234275844770908
cat__datetime_combined_1/10/2020 22:23,0.00032242539736632164
cat__datetime_combined_5/25/2020 10:28,0.00031914195612763594
cat__datetime_combined_7/9/2020 17:26,0.00031806782619783346
cat__datetime_combined_5/9/2020 2:25,0.00031434380345909203
cat__datetime_combined_1/8/2020 14:21,0.0003137863184062218
cat__datetime_combined_7/9/2020 1:41,0.00031316138474946385
cat__datetime_combined_8/26/2020 20:58,0.00031295475685316103
cat__datetime_combined_7/17/2020 20:15,0.00031238914137661625
cat__datetime_combined_7/9/2020 5:36,0.0003117426569324532
cat__datetime_combined_5/9/2020 3:49,0.0003097944913986543
cat__datetime_combined_7/13/2020 8:18,0.0003097706122853151
cat__datetime_combined_5/25/2020 1:46,0.0003087650548474249
cat__datetime_combined_7/8/2020 4:05,0.00030756094114017194
cat__datetime_combined_7/13/2020 11:00,0.00030487178074561374
cat__datetime_combined_7/19/2020 13:43,0.00030317606983075175
cat__datetime_combined_1/7/2020 16:22,0.0003019767141215312
cat__datetime_combined_1/8/2020 17:42,0.0003013273880389021
cat__datetime_combined_1/7/2020 14:17,0.0003012969731340011
cat__datetime_combined_7/8/2020 4:45,0.00030023943788764796
cat__datetime_combined_6/8/2020 23:17,0.00029969086368673907
cat__datetime_combined_5/19/2020 23:01,0.0002966992760432784
cat__datetime_combined_1/7/2020 18:24,0.0002963605611366685
cat__datetime_combined_7/13/2020 12:25,0.0002951037210303867
cat__datetime_combined_7/8/2020 23:53,0.00029473321915175077
cat__datetime_combined_7/13/2020 1:39,0.00029386499326814895
cat__datetime_combined_7/17/2020 21:37,0.0002934651328927384
cat__datetime_combined_8/26/2020 22:16,0.0002927859233455683
cat__datetime_combined_1/8/2020 20:45,0.00029177833859989354
cat__datetime_combined_7/23/2020 5:22,0.00029095589272736775
cat__datetime_combined_7/8/2020 10:51,0.0002894931249285751
cat__datetime_combined_7/20/2020 1:49,0.00028897780353811045
cat__datetime_combined_7/19/2020 11:41,0.00028856722858409245
cat__datetime_combined_7/9/2020 22:31,0.0002881857109349809
cat__datetime_combined_7/8/2020 6:03,0.00028776481578331214
cat__datetime_combined_7/20/2020 3:56,0.00028768224383279026
cat__datetime_combined_5/9/2020 1:46,0.00028678441043668594
cat__datetime_combined_7/20/2020 3:14,0.00028655816074139016
cat__datetime_combined_5/25/2020 11:17,0.0002864888704764506
cat__datetime_combined_5/9/2020 10:29,0.0002854320809922348
cat__datetime_combined_5/19/2020 23:49,0.0002822378462872565
cat__datetime_combined_2/8/2020 0:44,0.0002816874059693924
cat__datetime_combined_7/23/2020 17:19,0.00028126763365140373
cat__datetime_combined_5/25/2020 8:10,0.00027988948917349594
cat__datetime_combined_5/9/2020 7:08,0.0002785651405787009
cat__datetime_combined_7/13/2020 6:17,0.0002784195716583391
cat__datetime_combined_7/8/2020 10:14,0.0002779165578041671
cat__datetime_combined_5/25/2020 9:43,0.0002772481666775462
cat__datetime_combined_7/17/2020 2:47,0.00027472813556380835
cat__datetime_combined_5/25/2020 6:54,0.0002745716494543225
cat__datetime_combined_7/13/2020 5:40,0.000274515139516188
cat__datetime_combined_7/15/2020 5:00,0.0002743858168876067
cat__datetime_combined_7/23/2020 0:58,0.00027378011782925503
cat__datetime_combined_1/8/2020 12:59,0.00027374570918786527
cat__datetime_combined_6/8/2020 22:05,0.00027362306467433367
cat__datetime_combined_1/8/2020 3:06,0.00027302185294264064
cat__datetime_combined_5/9/2020 0:18,0.00027200083175743723
cat__datetime_combined_7/14/2020 2:45,0.0002718419542472951
cat__datetime_combined_7/23/2020 18:48,0.0002688451804943275
cat__datetime_combined_1/8/2020 17:08,0.000268816592823709
cat__datetime_combined_5/9/2020 11:05,0.0002687976058294609
cat__datetime_combined_5/9/2020 5:10,0.0002683704374969628
cat__datetime_combined_1/8/2020 21:25,0.0002682179648102224
cat__datetime_combined_2/8/2020 2:06,0.0002680966141572407
cat__datetime_combined_1/9/2020 2:53,0.0002673935994288037
cat__datetime_combined_7/23/2020 6:14,0.00026721440160338796
cat__datetime_combined_5/25/2020 4:38,0.0002669475675681556
cat__datetime_combined_7/18/2020 3:45,0.00026644836970607464
cat__datetime_combined_7/23/2020 17:58,0.0002661268158991084
cat__datetime_combined_7/9/2020 7:36,0.0002656681568893246
cat__datetime_combined_1/9/2020 21:07,0.0002640688363833415
cat__datetime_combined_2/9/2020 1:20,0.00026356802552582727
cat__datetime_combined_1/9/2020 1:24,0.0002633226997116465
cat__datetime_combined_7/18/2020 5:07,0.00026174627885035414
cat__datetime_combined_7/21/2020 19:48,0.0002614973493384785
cat__datetime_combined_5/31/2020 18:42,0.0002610980235601828
cat__datetime_combined_5/25/2020 8:57,0.00026067098123279094
cat__datetime_combined_1/7/2020 21:54,0.0002606107179441607
cat__datetime_combined_1/8/2020 15:42,0.0002599595590339985
cat__datetime_combined_7/14/2020 14:28,0.0002591885926149566
cat__datetime_combined_5/9/2020 6:28,0.0002588534061307109
cat__datetime_combined_7/16/2020 19:31,0.0002586659926105995
cat__datetime_combined_7/13/2020 4:27,0.0002584339656080438
cat__datetime_combined_1/7/2020 11:25,0.0002583956279131993
cat__datetime_combined_7/23/2020 8:53,0.0002569495008884036
cat__datetime_combined_7/13/2020 9:38,0.0002566163881871802
cat__datetime_combined_5/9/2020 13:05,0.0002562766803528008
cat__datetime_combined_7/24/2020 16:54,0.0002556136528992268
cat__datetime_combined_7/14/2020 16:04,0.0002553777394467879
cat__datetime_combined_7/8/2020 11:35,0.00025509378523768636
cat__datetime_combined_5/31/2020 12:56,0.00025468680801200096
cat__datetime_combined_7/17/2020 23:35,0.0002536944331226984
cat__datetime_combined_5/9/2020 15:41,0.00025330043440748007
cat__datetime_combined_1/9/2020 16:45,0.0002531904884031589
cat__datetime_combined_6/8/2020 23:56,0.0002530892984827739
cat__datetime_combined_5/9/2020 14:56,0.00025232649625919827
cat__datetime_combined_7/13/2020 3:08,0.00025113670209393583
cat__datetime_combined_5/9/2020 19:46,0.0002506702900060182
cat__datetime_combined_7/9/2020 23:17,0.0002501739122144998
cat__datetime_combined_6/5/2020 16:09,0.0002499400533569716
cat__datetime_combined_7/13/2020 10:18,0.0002495950850385594
cat__datetime_combined_7/22/2020 3:43,0.0002486406009211221
cat__datetime_combined_5/22/2020 23:43,0.00024845247126616636
cat__steel_type_YP,0.00024836216696022995
cat__datetime_combined_5/8/2020 0:49,0.00024804874709532333
cat__datetime_combined_1/7/2020 12:57,0.000248032588094426
cat__datetime_combined_1/8/2020 6:19,0.0002479935621354086
cat__datetime_combined_4/8/2020 22:07,0.00024746252108526386
cat__datetime_combined_1/10/2020 20:21,0.00024727742533385127
cat__datetime_combined_7/9/2020 18:13,0.0002472718849442864
cat__datetime_combined_7/19/2020 23:38,0.0002470170587052344
cat__datetime_combined_2/9/2020 2:01,0.0002464416948697083
cat__datetime_combined_5/19/2020 19:04,0.00024641677822536415
cat__datetime_combined_8/25/2020 7:03,0.00024613281712673084
cat__datetime_combined_8/26/2020 15:01,0.0002459513380634476
cat__datetime_combined_7/8/2020 23:12,0.0002458959016425571
cat__datetime_combined_5/9/2020 20:51,0.0002457816065800711
cat__datetime_combined_3/8/2020 2:54,0.00024559918892585623
cat__datetime_combined_5/17/2020 2:22,0.0002450543291348728
cat__datetime_combined_6/5/2020 20:29,0.00024498264339161395
cat__datetime_combined_7/14/2020 17:29,0.0002443660169682307
cat__datetime_combined_7/17/2020 22:18,0.0002432736161055661
cat__datetime_combined_7/8/2020 19:03,0.00024314240398671505
cat__datetime_combined_2/9/2020 4:07,0.00024302166903179804
cat__datetime_combined_7/18/2020 0:58,0.0002429276083242514
cat__datetime_combined_8/25/2020 7:44,0.00024231810872280592
cat__datetime_combined_1/7/2020 19:50,0.00024212223341185172
cat__datetime_combined_6/8/2020 11:51,0.00024211614872687693
cat__datetime_combined_1/8/2020 18:27,0.00024195215114499133
cat__datetime_combined_5/25/2020 3:48,0.00024184107066612808
cat__datetime_combined_7/8/2020 0:53,0.0002418109801546304
cat__datetime_combined_7/26/2020 11:19,0.0002415859907481862
cat__datetime_combined_1/7/2020 20:25,0.00024155733347753833
cat__datetime_combined_1/10/2020 17:30,0.00024087929510926655
cat__datetime_combined_7/31/2020 20:36,0.00024065772171850703
cat__datetime_combined_5/31/2020 12:57,0.00024051451948355843
cat__datetime_combined_7/14/2020 16:47,0.000240255321056129
cat__datetime_combined_8/17/2020 21:54,0.00024015784760945814
cat__datetime_combined_1/9/2020 22:29,0.00023977802594704525
cat__datetime_combined_2/8/2020 0:05,0.00023908300336681915
cat__datetime_combined_7/14/2020 1:21,0.00023895895575794823
cat__datetime_combined_1/7/2020 3:27,0.0002387711266015685
cat__datetime_combined_7/21/2020 23:11,0.00023865859494493866
cat__datetime_combined_7/31/2020 3:20,0.0002385303183976316
cat__datetime_combined_5/25/2020 6:08,0.00023834021166514174
cat__datetime_combined_8/25/2020 11:47,0.00023792692769851863
cat__datetime_combined_5/9/2020 12:21,0.0002377917676441665
cat__datetime_combined_5/17/2020 2:54,0.00023753025606441483
cat__datetime_combined_7/18/2020 19:09,0.00023705514840985376
cat__datetime_combined_7/18/2020 15:04,0.00023679217770423413
cat__datetime_combined_1/8/2020 15:03,0.00023615448754669985
cat__datetime_combined_5/25/2020 3:05,0.0002351561670185818
cat__datetime_combined_5/25/2020 16:28,0.000234736676810514
cat__datetime_combined_7/8/2020 14:21,0.00023416283071853213
cat__datetime_combined_7/8/2020 7:26,0.00023390271154085905
cat__datetime_combined_7/14/2020 15:16,0.00023337633761010335
cat__datetime_combined_7/22/2020 22:29,0.00023316876352537662
cat__datetime_combined_1/8/2020 19:05,0.00023296492424080097
cat__datetime_combined_7/15/2020 17:14,0.0002322564406840302
cat__datetime_combined_7/22/2020 18:14,0.00023206051848843927
cat__datetime_combined_7/24/2020 3:08,0.00023191385087078655
cat__datetime_combined_5/19/2020 4:07,0.00023130917317685777
cat__datetime_combined_5/9/2020 9:52,0.00023116756133798822
cat__datetime_combined_7/15/2020 19:56,0.00023056721797787427
cat__datetime_combined_6/9/2020 21:27,0.0002302431611572758
cat__datetime_combined_7/23/2020 3:19,0.00022974029651630525
cat__datetime_combined_5/25/2020 2:28,0.00022971696113862998
cat__datetime_combined_5/9/2020 8:34,0.0002296476719069757
cat__datetime_combined_8/25/2020 20:50,0.00022950475042690568
cat__datetime_combined_5/28/2020 18:07,0.00022888244724401008
cat__datetime_combined_2/9/2020 0:40,0.00022882763736869807
cat__datetime_combined_8/25/2020 15:28,0.0002286073139813553
cat__datetime_combined_5/9/2020 4:30,0.00022801824171631713
cat__datetime_combined_5/27/2020 23:47,0.00022790484054488678
cat__datetime_combined_7/17/2020 8:34,0.00022787539008532477
cat__datetime_combined_5/9/2020 16:13,0.00022786520590681528
cat__datetime_combined_7/16/2020 23:58,0.0002277940814517151
cat__datetime_combined_7/14/2020 0:40,0.0002275017717025639
cat__datetime_combined_8/26/2020 14:19,0.00022723856675173893
cat__datetime_combined_7/8/2020 15:39,0.00022707716758569723
cat__datetime_combined_5/9/2020 20:10,0.00022609986204467672
cat__datetime_combined_6/5/2020 22:00,0.00022558038127965996
cat__datetime_combined_5/23/2020 0:05,0.00022520908352872339
cat__datetime_combined_4/7/2020 11:31,0.0002251708299913246
cat__datetime_combined_7/13/2020 15:41,0.00022481024567258575
cat__datetime_combined_7/31/2020 22:14,0.0002246079012789715
cat__datetime_combined_5/9/2020 11:41,0.0002241573370990529
cat__datetime_combined_8/25/2020 11:15,0.00022385179061995043
cat__datetime_combined_7/24/2020 18:13,0.00022368314583286035
cat__datetime_combined_1/10/2020 18:13,0.00022342956737645965
cat__datetime_combined_8/13/2020 23:17,0.00022332225534365808
cat__datetime_combined_7/13/2020 15:03,0.0002232362195488674
cat__datetime_combined_7/18/2020 12:22,0.00022275941335683997
cat__datetime_combined_5/27/2020 21:35,0.00022270321823073818
cat__datetime_combined_5/27/2020 18:36,0.00022186483291033275
cat__datetime_combined_6/5/2020 19:47,0.00022182836988828578
cat__datetime_combined_4/8/2020 18:42,0.00022143033465423637
cat__datetime_combined_1/8/2020 4:43,0.00022132486576452874
cat__datetime_combined_5/21/2020 0:46,0.00022080309845481732
cat__datetime_combined_7/13/2020 21:10,0.0002206371787709333
cat__datetime_combined_7/13/2020 17:07,0.00022043119067650764
cat__datetime_combined_7/21/2020 18:44,0.00022037254595399963
cat__datetime_combined_5/25/2020 1:00,0.00022030589309801043
cat__datetime_combined_7/16/2020 4:57,0.00022021751674853777
cat__datetime_combined_5/25/2020 5:15,0.00022009418374314854
cat__datetime_combined_1/7/2020 6:34,0.00022002245153250716
cat__datetime_combined_7/24/2020 0:26,0.00021998309384533798
cat__datetime_combined_1/8/2020 7:06,0.0002195878150531648
cat__datetime_combined_5/19/2020 8:45,0.000219409188588584
cat__datetime_combined_1/6/2020 1:40,0.00021931431560433826
cat__datetime_combined_8/25/2020 9:05,0.00021926240333607563
cat__datetime_combined_7/31/2020 2:38,0.0002192257390553185
cat__datetime_combined_1/10/2020 23:09,0.00021921955528970033
cat__datetime_combined_5/26/2020 4:35,0.00021917270413457027
cat__datetime_combined_7/19/2020 0:34,0.00021892775449075614
cat__datetime_combined_5/25/2020 12:50,0.00021858544761812934
cat__datetime_combined_8/7/2020 18:36,0.0002181955859315897
cat__datetime_combined_5/17/2020 7:18,0.00021800667565707426
cat__datetime_combined_5/24/2020 2:20,0.00021736912191701468
cat__datetime_combined_7/17/2020 18:06,0.0002166279461784482
cat__datetime_combined_8/17/2020 21:15,0.0002164472377684037
cat__datetime_combined_7/9/2020 20:24,0.00021637102595723772
cat__datetime_combined_1/8/2020 8:34,0.00021583520553498882
cat__datetime_combined_5/8/2020 1:32,0.00021577300179223004
cat__datetime_combined_5/19/2020 18:14,0.00021565003946892822
cat__datetime_combined_5/27/2020 20:04,0.0002156340566393058
cat__datetime_combined_7/23/2020 20:48,0.000215448704004603
cat__datetime_combined_5/17/2020 5:50,0.0002153243951757464
cat__datetime_combined_7/24/2020 3:47,0.00021504774888911064
cat__datetime_combined_3/9/2020 10:35,0.000214642123889274
cat__datetime_combined_6/8/2020 20:13,0.0002145276869362241
cat__datetime_combined_7/31/2020 17:39,0.00021445188576460375
cat__datetime_combined_7/26/2020 17:30,0.00021436118005689888
cat__datetime_combined_6/8/2020 18:44,0.00021428775362523903
cat__datetime_combined_7/20/2020 7:30,0.0002141446047339492
cat__datetime_combined_8/25/2020 4:21,0.00021413828751960193
cat__datetime_combined_5/23/2020 20:52,0.00021410693478445106
cat__datetime_combined_5/17/2020 8:35,0.00021404841438844922
cat__datetime_combined_1/6/2020 0:25,0.00021385592714268523
cat__datetime_combined_1/8/2020 16:26,0.00021382374552257217
cat__datetime_combined_1/7/2020 12:11,0.0002137763884084495
cat__datetime_combined_3/9/2020 18:50,0.00021359163144673811
cat__datetime_combined_6/9/2020 20:49,0.00021304162701407998
cat__datetime_combined_7/20/2020 0:21,0.00021269956993135174
cat__datetime_combined_7/24/2020 20:34,0.0002123160115911614
cat__datetime_combined_7/16/2020 16:49,0.00021222778559017164
cat__datetime_combined_7/19/2020 7:12,0.00021215617073238062
cat__datetime_combined_7/23/2020 3:59,0.00021175375312759083
cat__datetime_combined_5/31/2020 8:23,0.00021159894962649426
cat__datetime_combined_5/17/2020 8:20,0.00021140065211136533
cat__datetime_combined_8/24/2020 0:11,0.00021128184145370593
cat__datetime_combined_5/31/2020 15:07,0.00021124106786120394
cat__datetime_combined_7/13/2020 16:22,0.00021110764790763955
cat__datetime_combined_7/24/2020 1:01,0.0002110924104958325
cat__datetime_combined_5/9/2020 23:30,0.00021095657813198027
cat__datetime_combined_7/17/2020 7:49,0.00021080091453188737
cat__datetime_combined_7/9/2020 18:55,0.00020993116993236045
cat__datetime_combined_7/15/2020 11:01,0.0002099081443755041
cat__datetime_combined_4/7/2020 14:25,0.0002097352593196891
cat__datetime_combined_7/17/2020 19:42,0.00020953326541855045
cat__datetime_combined_6/5/2020 23:35,0.00020934125928584511
cat__datetime_combined_7/8/2020 12:14,0.00020900689633998937
cat__datetime_combined_1/7/2020 9:22,0.00020889947522935635
cat__datetime_combined_4/8/2020 18:53,0.00020874158127561868
cat__datetime_combined_2/9/2020 0:36,0.0002087014271247055
cat__datetime_combined_6/8/2020 8:30,0.00020860940288041063
cat__datetime_combined_5/31/2020 21:45,0.00020841506897401974
cat__datetime_combined_5/9/2020 14:30,0.00020817399453822874
cat__datetime_combined_5/17/2020 11:32,0.0002080641855004794
cat__datetime_combined_8/26/2020 13:40,0.00020793909122962366
cat__datetime_combined_6/9/2020 0:14,0.00020792262049711168
cat__datetime_combined_7/14/2020 4:18,0.0002077222304710421
cat__datetime_combined_5/31/2020 20:06,0.00020768103742592936
cat__datetime_combined_5/31/2020 15:48,0.00020766903922236454
cat__datetime_combined_1/9/2020 0:46,0.0002074019061217895
cat__datetime_combined_7/23/2020 19:31,0.0002072836093834249
cat__datetime_combined_2/8/2020 2:45,0.00020727299937062677
cat__datetime_combined_7/22/2020 1:16,0.00020700569362717828
cat__datetime_combined_7/19/2020 12:23,0.00020700192522489177
cat__datetime_combined_7/14/2020 18:47,0.00020656946326783426
cat__datetime_combined_7/8/2020 16:17,0.00020649179660047588
cat__datetime_combined_4/7/2020 15:05,0.00020634074461164692
cat__datetime_combined_7/14/2020 18:17,0.00020629479620104744
cat__datetime_combined_5/8/2020 18:24,0.00020622517502910632
cat__datetime_combined_7/9/2020 14:47,0.0002061973754611854
cat__datetime_combined_1/10/2020 19:33,0.00020573263126567675
cat__datetime_combined_5/27/2020 23:02,0.00020563556232816542
cat__datetime_combined_1/7/2020 10:41,0.00020534841659052006
cat__datetime_combined_7/23/2020 20:00,0.00020500957549934962
cat__datetime_combined_7/20/2020 8:43,0.0002049676534238926
cat__datetime_combined_7/24/2020 22:25,0.00020483502647092335
cat__datetime_combined_7/16/2020 10:32,0.00020432522110319938
cat__datetime_combined_7/24/2020 17:31,0.0002043021720003502
cat__datetime_combined_5/25/2020 23:17,0.00020427133527324567
cat__datetime_combined_5/28/2020 17:24,0.0002041402927979311
cat__datetime_combined_1/7/2020 15:43,0.00020412533237562606
cat__datetime_combined_5/24/2020 0:57,0.000203860662106918
cat__datetime_combined_3/5/2020 18:30,0.00020376289812739387
cat__datetime_combined_1/8/2020 11:41,0.00020364873905451053
cat__datetime_combined_7/16/2020 16:16,0.0002034138036497851
cat__datetime_combined_7/15/2020 11:41,0.00020328320374747442
cat__datetime_combined_5/9/2020 5:50,0.0002032173042771654
cat__datetime_combined_7/31/2020 23:07,0.0002030681336264617
cat__datetime_combined_6/5/2020 18:24,0.0002030463605969256
cat__datetime_combined_8/25/2020 5:04,0.00020304617561241395
cat__datetime_combined_3/9/2020 20:46,0.00020278774007851134
cat__datetime_combined_2/7/2020 1:32,0.00020206945333584088
cat__datetime_combined_5/25/2020 17:55,0.00020167313835117815
cat__datetime_combined_7/9/2020 19:40,0.00020142782546334493
cat__datetime_combined_4/8/2020 19:31,0.00020138662893125317
cat__datetime_combined_7/16/2020 6:59,0.00020118478272862798
cat__datetime_combined_7/9/2020 0:04,0.00020117700378644848
cat__datetime_combined_3/9/2020 21:31,0.00020113854915788576
cat__datetime_combined_6/8/2020 4:46,0.00020111991821908002
cat__datetime_combined_3/9/2020 22:07,0.00020096738060822224
cat__datetime_combined_7/15/2020 2:18,0.00020051443094380657
cat__datetime_combined_8/26/2020 23:38,0.00020050080706662303
cat__datetime_combined_4/9/2020 4:51,0.00020002666711970975
cat__datetime_combined_7/14/2020 20:58,0.00019991206487984144
cat__datetime_combined_8/26/2020 15:37,0.00019982311265338447
cat__datetime_combined_5/23/2020 20:15,0.0001995372300610107
cat__datetime_combined_7/7/2020 1:54,0.00019946875910382202
cat__datetime_combined_7/31/2020 16:09,0.00019926782349777614
cat__datetime_combined_7/18/2020 4:23,0.00019907550301384068
cat__datetime_combined_6/5/2020 17:37,0.00019900921189509418
cat__datetime_combined_5/22/2020 11:18,0.00019885970982352888
cat__datetime_combined_1/8/2020 7:49,0.00019877524741464337
cat__datetime_combined_7/22/2020 4:28,0.00019876553990460645
cat__datetime_combined_5/19/2020 10:44,0.00019868519684638887
cat__datetime_combined_7/26/2020 9:56,0.00019853917586282917
cat__datetime_combined_3/9/2020 0:03,0.00019839076667261063
cat__datetime_combined_5/9/2020 21:30,0.00019831501530669584
cat__datetime_combined_7/18/2020 7:26,0.00019806696854674893
cat__datetime_combined_7/17/2020 6:24,0.00019802654455746712
cat__datetime_combined_7/7/2020 16:13,0.00019792322086590052
cat__datetime_combined_7/22/2020 18:46,0.0001978334256292507
cat__datetime_combined_2/9/2020 20:51,0.0001978227051360152
cat__datetime_combined_7/7/2020 2:42,0.00019758843882288542
cat__datetime_combined_8/26/2020 21:38,0.00019757661128307378
cat__datetime_combined_7/17/2020 4:17,0.00019740284812131418
cat__datetime_combined_8/26/2020 16:17,0.00019713317805323627
cat__datetime_combined_1/8/2020 9:19,0.0001964783615753938
cat__datetime_combined_7/26/2020 16:03,0.000196292346267379
cat__datetime_combined_5/9/2020 16:56,0.00019599140297973494
cat__datetime_combined_5/26/2020 15:12,0.0001959562942426567
cat__datetime_combined_6/8/2020 19:19,0.00019585401708766182
cat__datetime_combined_5/9/2020 18:18,0.00019560044140998692
cat__datetime_combined_5/28/2020 0:03,0.0001954984759132886
cat__datetime_combined_5/18/2020 11:22,0.00019545610052689385
cat__datetime_combined_5/17/2020 5:04,0.00019524993537236635
cat__datetime_combined_5/31/2020 19:34,0.00019516932499441877
cat__datetime_combined_7/17/2020 0:38,0.00019504395603568795
cat__datetime_combined_7/24/2020 13:32,0.00019484600534013525
cat__datetime_combined_7/16/2020 18:50,0.00019477546961437902
cat__datetime_combined_5/22/2020 12:05,0.0001947480751980902
cat__datetime_combined_7/13/2020 21:13,0.0001947021149324846
cat__datetime_combined_7/18/2020 18:28,0.0001944954426042314
cat__datetime_combined_3/9/2020 19:35,0.00019442778722863333
cat__datetime_combined_7/18/2020 10:20,0.0001943853605638745
cat__datetime_combined_8/25/2020 8:25,0.00019418034603028476
cat__datetime_combined_7/20/2020 5:02,0.00019370634901157412
cat__datetime_combined_6/5/2020 13:06,0.00019356189925280812
cat__datetime_combined_7/8/2020 6:43,0.0001935312678519979
cat__datetime_combined_5/24/2020 1:28,0.00019338822742282204
cat__datetime_combined_5/27/2020 22:16,0.0001931747541112721
cat__datetime_combined_7/14/2020 19:37,0.00019316667176291264
cat__datetime_combined_6/5/2020 22:55,0.00019303680700212772
cat__datetime_combined_5/17/2020 1:32,0.00019297864240757614
cat__datetime_combined_4/8/2020 20:46,0.000192973431026142
cat__datetime_combined_5/7/2020 20:18,0.0001929563887728921
cat__datetime_combined_7/26/2020 14:38,0.0001927835446462995
cat__datetime_combined_5/26/2020 14:24,0.0001927822430687393
cat__datetime_combined_7/26/2020 7:13,0.00019277257899282373
cat__datetime_combined_2/8/2020 3:26,0.0001926633412305125
cat__datetime_combined_3/8/2020 13:09,0.00019266279061090017
cat__datetime_combined_3/8/2020 12:23,0.00019260545521051112
cat__datetime_combined_2/7/2020 7:03,0.00019235895630592565
cat__datetime_combined_5/29/2020 20:34,0.00019198373151607288
cat__datetime_combined_3/8/2020 0:50,0.00019196181165399026
cat__datetime_combined_5/31/2020 19:29,0.00019174535824951109
cat__datetime_combined_1/7/2020 21:10,0.00019173240837435756
cat__datetime_combined_6/8/2020 17:54,0.0001917154023548772
cat__datetime_combined_5/28/2020 14:24,0.00019171480029296547
cat__datetime_combined_7/26/2020 15:22,0.0001916972492300145
cat__datetime_combined_7/28/2020 23:42,0.00019168933156437628
cat__datetime_combined_4/8/2020 7:36,0.00019148539226186803
cat__datetime_combined_7/27/2020 19:47,0.00019121481960401174
cat__datetime_combined_5/28/2020 21:46,0.00019115101262759572
cat__datetime_combined_5/29/2020 19:46,0.00019115027698703355
cat__datetime_combined_3/8/2020 0:11,0.00019112898211152808
cat__datetime_combined_7/14/2020 22:27,0.0001910383161101925
cat__datetime_combined_8/15/2020 0:49,0.00019086703167591046
cat__datetime_combined_7/26/2020 18:41,0.00019085616856774848
cat__datetime_combined_7/26/2020 23:27,0.00019061058793710812
cat__datetime_combined_7/18/2020 15:51,0.0001903216079924505
cat__datetime_combined_5/17/2020 10:43,0.00019027037085288327
cat__datetime_combined_7/24/2020 19:34,0.00019017670863984818
cat__datetime_combined_7/7/2020 17:51,0.00019001831038390998
cat__datetime_combined_6/8/2020 15:52,0.00018972694977685984
cat__datetime_combined_8/7/2020 21:35,0.00018968140718514533
cat__datetime_combined_8/17/2020 18:14,0.00018962980628759016
cat__datetime_combined_7/20/2020 5:24,0.00018943018746144568
cat__datetime_combined_8/7/2020 19:17,0.00018937594891313116
cat__datetime_combined_1/9/2020 23:24,0.0001889381485062452
cat__datetime_combined_5/21/2020 4:35,0.00018879178405675575
cat__datetime_combined_7/29/2020 14:20,0.00018858923075335213
cat__datetime_combined_1/10/2020 2:58,0.00018842805908593193
cat__datetime_combined_8/25/2020 17:07,0.00018823592920668762
cat__datetime_combined_5/9/2020 22:55,0.00018816910352897082
cat__datetime_combined_7/22/2020 5:48,0.00018750847802737232
cat__datetime_combined_1/8/2020 12:15,0.00018738785601555723
cat__datetime_combined_7/23/2020 11:07,0.00018719232687547784
cat__datetime_combined_6/8/2020 7:19,0.00018718425434182407
cat__datetime_combined_5/31/2020 13:44,0.0001871099896138696
cat__datetime_combined_2/8/2020 11:13,0.00018684058540387877
cat__datetime_combined_3/9/2020 6:34,0.0001867446295684943
cat__datetime_combined_6/9/2020 17:23,0.0001864025898145185
cat__datetime_combined_8/25/2020 14:40,0.00018638623159823468
cat__datetime_combined_5/19/2020 21:26,0.00018622476547028424
cat__datetime_combined_5/31/2020 10:37,0.00018620197753165072
cat__datetime_combined_7/17/2020 1:23,0.00018607766409885361
cat__datetime_combined_7/15/2020 15:57,0.00018603852366623749
cat__datetime_combined_1/8/2020 5:32,0.0001860048432925998
cat__datetime_combined_1/7/2020 0:09,0.00018589899102997793
cat__datetime_combined_7/7/2020 19:04,0.00018588496393895452
cat__datetime_combined_8/13/2020 20:48,0.00018571528823553
cat__datetime_combined_5/17/2020 0:52,0.00018533840849150997
cat__datetime_combined_4/7/2020 8:45,0.0001851168849774134
cat__datetime_combined_5/24/2020 19:46,0.0001845822315409406
cat__datetime_combined_8/26/2020 18:21,0.00018422121615807103
cat__datetime_combined_5/17/2020 9:14,0.0001841769874465024
cat__datetime_combined_7/19/2020 22:11,0.00018410712474350925
cat__datetime_combined_4/8/2020 6:20,0.00018407018757819136
cat__datetime_combined_4/9/2020 5:29,0.00018395710112547534
cat__datetime_combined_1/10/2020 13:26,0.000183811285084803
cat__datetime_combined_6/8/2020 3:29,0.00018379583427684918
cat__datetime_combined_7/15/2020 19:19,0.00018370758783347213
cat__datetime_combined_7/19/2020 16:36,0.0001836187097812166
cat__datetime_combined_8/17/2020 8:31,0.0001833275012415027
cat__datetime_combined_6/8/2020 5:20,0.00018326980191339754
cat__datetime_combined_7/14/2020 23:06,0.00018319492654050238
cat__datetime_combined_5/30/2020 20:15,0.00018305910810661698
cat__datetime_combined_7/20/2020 8:22,0.0001829308650447246
cat__datetime_combined_7/31/2020 12:31,0.0001826380061388215
cat__datetime_combined_3/8/2020 22:08,0.000182403442463978
cat__datetime_combined_5/31/2020 23:02,0.00018232220266723465
cat__datetime_combined_7/26/2020 12:03,0.00018227806176075625
cat__datetime_combined_5/26/2020 5:11,0.00018223749499960253
cat__datetime_combined_5/9/2020 18:54,0.0001822067610348204
cat__datetime_combined_7/18/2020 3:14,0.00018214678186600415
cat__datetime_combined_7/16/2020 17:27,0.0001818900105035245
cat__datetime_combined_2/8/2020 7:56,0.00018175204769553795
cat__datetime_combined_5/22/2020 12:49,0.00018165809859141686
cat__datetime_combined_1/10/2020 14:04,0.00018156363763445122
cat__datetime_combined_7/18/2020 21:17,0.00018133317928798723
cat__datetime_combined_5/25/2020 17:13,0.0001811668757222774
cat__datetime_combined_3/8/2020 1:28,0.00018109665403408462
cat__datetime_combined_5/9/2020 9:16,0.00018109108475754945
cat__datetime_combined_6/8/2020 1:20,0.00018095411622203207
cat__datetime_combined_1/7/2020 18:59,0.0001806577482522787
cat__datetime_combined_1/7/2020 7:15,0.00018059841417657248
cat__datetime_combined_7/19/2020 13:10,0.00018046349478443896
cat__datetime_combined_1/10/2020 7:47,0.0001803780133195875
cat__datetime_combined_5/24/2020 4:32,0.00018023137504937056
cat__datetime_combined_7/21/2020 17:03,0.00018018712591844635
cat__datetime_combined_7/19/2020 2:49,0.00018017796345181313
cat__datetime_combined_7/28/2020 3:27,0.00017975790571072092
cat__datetime_combined_5/21/2020 19:02,0.00017955370010786883
cat__datetime_combined_8/24/2020 23:34,0.00017946874845071786
cat__datetime_combined_5/8/2020 2:53,0.00017937285771972057
cat__datetime_combined_7/19/2020 20:41,0.0001793679484209359
cat__datetime_combined_2/9/2020 5:30,0.0001792422132587447
cat__datetime_combined_7/18/2020 13:47,0.00017922451744141935
cat__datetime_combined_7/20/2020 2:32,0.00017914519418151822
cat__datetime_combined_6/5/2020 6:17,0.00017900475143652425
cat__datetime_combined_1/8/2020 2:18,0.00017890777261876596
cat__datetime_combined_8/26/2020 19:48,0.0001787384062800628
cat__datetime_combined_7/7/2020 18:25,0.00017862023623002225
cat__datetime_combined_5/28/2020 19:47,0.0001785707134290665
cat__datetime_combined_7/28/2020 2:04,0.00017841437821311038
cat__datetime_combined_7/29/2020 0:30,0.00017832406456475163
cat__datetime_combined_5/25/2020 15:38,0.00017793943503489182
cat__datetime_combined_4/9/2020 4:03,0.00017779202954205922
cat__datetime_combined_5/7/2020 21:42,0.00017771273513367728
cat__datetime_combined_2/7/2020 3:11,0.00017761991076869737
cat__datetime_combined_5/24/2020 3:06,0.00017731809346834508
cat__datetime_combined_7/23/2020 22:47,0.00017729673882209884
cat__datetime_combined_1/7/2020 13:37,0.00017719635268833455
cat__datetime_combined_7/24/2020 19:17,0.00017717631014831084
cat__datetime_combined_3/8/2020 19:27,0.00017713428399071616
cat__datetime_combined_7/31/2020 7:58,0.00017712572350620044
cat__datetime_combined_7/19/2020 15:48,0.00017704301209207985
cat__datetime_combined_7/13/2020 14:24,0.0001770187188202681
cat__datetime_combined_7/15/2020 1:25,0.00017658181039346613
cat__datetime_combined_8/9/2020 12:06,0.00017641437194500174
cat__datetime_combined_8/17/2020 17:45,0.00017635609448726522
cat__datetime_combined_7/26/2020 20:43,0.00017631209174980955
cat__datetime_combined_7/19/2020 6:27,0.00017611804536320645
cat__datetime_combined_7/31/2020 8:40,0.000176088524273452
cat__datetime_combined_7/22/2020 3:07,0.00017606781317212463
cat__datetime_combined_6/9/2020 23:29,0.00017604670812585278
cat__datetime_combined_7/17/2020 18:57,0.00017601269998926777
cat__datetime_combined_5/21/2020 2:14,0.00017590694381339114
cat__datetime_combined_5/8/2020 4:14,0.00017572016109840358
cat__datetime_combined_7/29/2020 1:51,0.00017559919668046908
cat__datetime_combined_7/17/2020 21:40,0.00017543919874181925
cat__datetime_combined_7/14/2020 21:41,0.00017538542139959728
cat__datetime_combined_7/19/2020 7:55,0.00017537573173671757
cat__datetime_combined_5/26/2020 20:17,0.00017527510755454786
cat__datetime_combined_4/9/2020 9:32,0.00017514541132930832
cat__datetime_combined_5/31/2020 4:15,0.0001749448866813625
cat__datetime_combined_7/15/2020 5:45,0.00017494302268926027
cat__datetime_combined_5/19/2020 4:58,0.00017493441625664484
cat__datetime_combined_6/8/2020 9:10,0.00017489647938888375
cat__datetime_combined_1/10/2020 6:57,0.0001746801081852162
cat__datetime_combined_7/31/2020 0:37,0.00017453101237684113
cat__datetime_combined_7/31/2020 19:16,0.00017452578980332642
cat__datetime_combined_5/25/2020 18:38,0.00017444518708788033
cat__datetime_combined_2/7/2020 0:50,0.00017431619367404812
cat__datetime_combined_7/7/2020 3:31,0.0001742318707071457
cat__datetime_combined_3/9/2020 17:23,0.00017382082431490723
cat__datetime_combined_4/9/2020 8:15,0.00017378551797875137
cat__datetime_combined_5/7/2020 17:28,0.00017369683594556043
cat__datetime_combined_3/8/2020 15:06,0.0001736578042004319
cat__datetime_combined_5/17/2020 4:23,0.00017364140399238898
cat__datetime_combined_5/8/2020 2:13,0.00017362065639558218
cat__datetime_combined_5/13/2020 0:09,0.00017350058586132946
cat__datetime_combined_5/28/2020 13:06,0.00017342138965323732
cat__datetime_combined_7/24/2020 5:05,0.00017331060029426165
cat__datetime_combined_7/24/2020 21:50,0.0001732096123002372
cat__datetime_combined_7/30/2020 20:39,0.00017320746969514425
cat__datetime_combined_7/21/2020 22:56,0.00017314923523096905
cat__datetime_combined_5/19/2020 16:33,0.00017313988095250013
cat__datetime_combined_4/9/2020 2:39,0.00017297021242923966
cat__datetime_combined_7/14/2020 8:10,0.00017290799653748716
cat__datetime_combined_5/28/2020 15:11,0.00017289285197507053
cat__datetime_combined_8/9/2020 10:54,0.00017281830832048583
cat__datetime_combined_5/23/2020 23:12,0.00017275327392498308
cat__datetime_combined_2/7/2020 2:23,0.00017274896558010943
cat__datetime_combined_7/15/2020 12:24,0.0001725490243541308
cat__datetime_combined_5/8/2020 5:34,0.00017235924122440015
cat__datetime_combined_5/31/2020 1:36,0.00017233268370986574
cat__datetime_combined_5/18/2020 10:53,0.0001722957726419568
cat__datetime_combined_3/9/2020 16:44,0.00017215601823134693
cat__datetime_combined_5/19/2020 2:22,0.00017210291068400088
cat__datetime_combined_5/21/2020 5:15,0.00017201840959830345
cat__datetime_combined_7/22/2020 7:04,0.00017197672062229958
cat__datetime_combined_5/29/2020 22:02,0.00017191134243776766
cat__datetime_combined_8/7/2020 17:10,0.0001717628835326021
cat__datetime_combined_7/13/2020 19:52,0.000171468742409911
cat__datetime_combined_7/13/2020 19:12,0.0001713943785617457
cat__datetime_combined_7/8/2020 9:35,0.0001713851855176555
cat__datetime_combined_7/24/2020 7:47,0.00017129000441586608
cat__datetime_combined_5/22/2020 18:57,0.00017118790151764453
cat__datetime_combined_5/21/2020 20:35,0.00017117500701740922
cat__datetime_combined_7/16/2020 23:09,0.00017110388187926192
cat__datetime_combined_7/23/2020 2:34,0.00017085878649752398
cat__datetime_combined_7/18/2020 8:15,0.00017084078012337387
cat__datetime_combined_7/19/2020 9:26,0.0001707187326082085
cat__datetime_combined_7/31/2020 4:00,0.00017069071309672965
cat__datetime_combined_2/9/2020 3:25,0.0001706331979734155
cat__datetime_combined_5/22/2020 2:48,0.0001705735109245169
cat__datetime_combined_7/29/2020 7:04,0.0001705676424657197
cat__datetime_combined_5/31/2020 1:09,0.00017040849532901602
cat__datetime_combined_7/7/2020 4:56,0.00017030925653688394
cat__datetime_combined_7/15/2020 8:56,0.00017028494786548647
cat__datetime_combined_7/16/2020 13:56,0.0001701430634468889
cat__datetime_combined_7/15/2020 4:25,0.00017013755737299978
cat__datetime_combined_7/21/2020 21:08,0.000170095644808252
cat__datetime_combined_2/8/2020 14:04,0.00017003486283541236
cat__datetime_combined_7/30/2020 18:06,0.00016995535584790486
cat__datetime_combined_7/16/2020 21:11,0.00016988115678023998
cat__datetime_combined_3/9/2020 22:44,0.000169863651045722
cat__datetime_combined_2/8/2020 21:27,0.00016951840543139534
cat__datetime_combined_7/19/2020 21:27,0.00016948763328357446
cat__datetime_combined_7/27/2020 21:48,0.0001694371347305693
cat__datetime_combined_7/24/2020 21:10,0.00016940482871265105
cat__datetime_combined_7/24/2020 14:13,0.00016927841831394663
cat__datetime_combined_7/18/2020 16:27,0.00016926718175613525
cat__datetime_combined_5/19/2020 20:39,0.00016921149605237252
cat__datetime_combined_6/9/2020 22:49,0.0001691809049695296
cat__datetime_combined_3/8/2020 22:46,0.00016887428397595913
cat__steel_type_1008,0.00016886455278861
cat__datetime_combined_2/8/2020 8:31,0.0001688152783620008
cat__datetime_combined_6/5/2020 21:16,0.0001686690805301048
cat__datetime_combined_6/8/2020 14:34,0.00016864804661741688
cat__datetime_combined_4/7/2020 23:12,0.00016835543248052334
cat__datetime_combined_7/15/2020 0:40,0.00016822788996136913
cat__datetime_combined_7/24/2020 10:21,0.00016798284631834584
cat__datetime_combined_7/16/2020 3:26,0.00016791920281725357
cat__datetime_combined_5/23/2020 19:30,0.00016785245047361847
cat__datetime_combined_2/8/2020 5:19,0.00016783526455920337
cat__datetime_combined_7/24/2020 9:41,0.00016779651500104656
cat__datetime_combined_7/18/2020 23:12,0.00016771827353657433
cat__datetime_combined_5/25/2020 21:08,0.0001676661269679924
cat__datetime_combined_7/27/2020 2:43,0.00016764297507798487
cat__datetime_combined_8/18/2020 0:42,0.0001675499081036458
cat__datetime_combined_3/7/2020 0:14,0.00016752401402192913
cat__datetime_combined_8/13/2020 6:27,0.00016752045554496942
cat__datetime_combined_7/23/2020 6:52,0.00016744793941504346
cat__datetime_combined_8/9/2020 2:08,0.0001674299907267189
cat__datetime_combined_7/31/2020 19:52,0.0001672538167144303
cat__datetime_combined_5/8/2020 23:36,0.0001672076672557949
cat__datetime_combined_8/13/2020 1:11,0.00016716469024099983
cat__datetime_combined_5/21/2020 22:10,0.00016705163768149055
cat__datetime_combined_7/16/2020 7:27,0.000167001997846899
cat__datetime_combined_8/14/2020 0:35,0.00016693691331516218
cat__datetime_combined_5/29/2020 0:38,0.0001668079831907027
cat__datetime_combined_7/26/2020 13:16,0.00016673573077506654
cat__datetime_combined_7/19/2020 19:59,0.0001666372619700865
cat__datetime_combined_2/8/2020 22:01,0.00016663619920300252
cat__datetime_combined_5/21/2020 21:27,0.000166549973621799
cat__datetime_combined_7/19/2020 18:41,0.0001664942527562478
cat__datetime_combined_5/14/2020 11:04,0.00016635785992811998
cat__datetime_combined_7/29/2020 12:13,0.00016635730338596021
cat__datetime_combined_7/19/2020 4:16,0.00016631153098771453
cat__datetime_combined_7/16/2020 14:43,0.00016613451075546753
cat__datetime_combined_8/9/2020 22:39,0.00016610993941027226
cat__datetime_combined_7/7/2020 11:21,0.0001659652158301666
cat__datetime_combined_1/7/2020 22:39,0.00016595223839135925
cat__datetime_combined_7/15/2020 10:19,0.0001659029204911048
cat__datetime_combined_7/31/2020 7:21,0.00016568058159021305
cat__datetime_combined_5/27/2020 20:49,0.00016565666189556193
cat__datetime_combined_8/13/2020 2:31,0.00016563415906834463
cat__datetime_combined_8/24/2020 5:30,0.0001654181279565022
cat__datetime_combined_1/7/2020 23:50,0.0001653912252708008
cat__datetime_combined_5/22/2020 9:46,0.0001652616146859899
cat__datetime_combined_7/14/2020 13:53,0.00016517521235980332
cat__datetime_combined_7/24/2020 23:47,0.0001651316580997279
cat__datetime_combined_8/25/2020 0:56,0.0001651008509062582
cat__datetime_combined_7/5/2020 1:46,0.00016509671246863657
cat__datetime_combined_7/22/2020 11:08,0.00016506840010380045
cat__datetime_combined_1/7/2020 5:42,0.00016502160023918407
cat__datetime_combined_7/26/2020 21:23,0.00016481343514821814
cat__datetime_combined_7/29/2020 3:14,0.00016469826237671965
cat__datetime_combined_5/25/2020 0:01,0.00016453879331597285
cat__datetime_combined_4/9/2020 6:46,0.00016442476365003376
cat__datetime_combined_8/24/2020 5:00,0.00016426058470323622
cat__datetime_combined_7/5/2020 0:10,0.00016418238314842772
cat__datetime_combined_7/29/2020 12:53,0.00016414618558435116
cat__datetime_combined_8/25/2020 6:24,0.00016413343065837475
cat__datetime_combined_7/28/2020 0:39,0.00016406154915275223
cat__datetime_combined_7/23/2020 10:17,0.00016396554904595968
cat__datetime_combined_8/8/2020 9:43,0.0001639031024697309
cat__datetime_combined_7/28/2020 20:47,0.0001638791741661839
cat__datetime_combined_8/24/2020 1:39,0.0001638374748142238
cat__datetime_combined_2/8/2020 13:20,0.0001636771254714096
cat__datetime_combined_8/9/2020 7:32,0.0001636483772410543
cat__datetime_combined_1/10/2020 12:03,0.0001635016159582182
cat__datetime_combined_8/25/2020 16:17,0.0001634229705806152
cat__datetime_combined_5/31/2020 4:34,0.0001631761159173035
cat__datetime_combined_7/16/2020 13:14,0.00016286979108685488
cat__datetime_combined_1/9/2020 13:40,0.0001628060630712469
cat__datetime_combined_7/23/2020 15:53,0.00016265721538425568
cat__datetime_combined_7/30/2020 23:52,0.0001625469713819251
cat__datetime_combined_7/17/2020 2:01,0.0001625248881718764
cat__datetime_combined_7/23/2020 11:56,0.00016250519556985295
cat__datetime_combined_1/10/2020 0:00,0.0001622544082023901
cat__datetime_combined_8/26/2020 17:01,0.00016206952063112432
cat__datetime_combined_5/30/2020 1:05,0.00016192972509468297
cat__datetime_combined_7/27/2020 22:32,0.00016187878492619472
cat__datetime_combined_8/9/2020 5:31,0.00016179985814137067
cat__datetime_combined_8/24/2020 20:55,0.00016178781689702232
cat__datetime_combined_7/16/2020 11:56,0.00016161654889633892
cat__datetime_combined_7/27/2020 21:00,0.00016139244189743214
cat__datetime_combined_8/18/2020 4:57,0.0001612615282570131
cat__datetime_combined_5/24/2020 3:50,0.00016113328839139008
cat__datetime_combined_7/13/2020 17:46,0.0001609086173560268
cat__datetime_combined_7/26/2020 18:04,0.00016090313956924822
cat__datetime_combined_4/7/2020 12:15,0.00016079626787979874
cat__datetime_combined_5/24/2020 16:09,0.0001607678367276931
cat__datetime_combined_7/14/2020 9:37,0.00016064487561614813
cat__datetime_combined_5/22/2020 5:09,0.00016055957406747686
cat__datetime_combined_5/19/2020 22:19,0.00016051638066200664
cat__datetime_combined_7/19/2020 23:11,0.00016042869342931053
cat__datetime_combined_5/21/2020 3:04,0.0001603577099461737
cat__datetime_combined_5/27/2020 17:48,0.00016024515358046404
cat__datetime_combined_8/9/2020 6:08,0.0001602197141177446
cat__datetime_combined_7/22/2020 7:44,0.00016019339913343205
cat__datetime_combined_5/13/2020 9:08,0.0001601638166935711
cat__datetime_combined_7/19/2020 2:00,0.00016005864385096262
cat__datetime_combined_7/13/2020 18:32,0.00016001752508931904
cat__datetime_combined_1/9/2020 21:51,0.0001600055596556538
cat__datetime_combined_7/28/2020 23:09,0.00015999038809605932
cat__datetime_combined_7/26/2020 12:43,0.00015996835961126437
cat__datetime_combined_7/26/2020 22:46,0.00015995513147854106
cat__datetime_combined_7/24/2020 12:21,0.00015993602502879542
cat__datetime_combined_5/26/2020 3:49,0.0001598895722023699
cat__datetime_combined_7/24/2020 4:29,0.00015988607735450787
cat__datetime_combined_7/18/2020 19:46,0.00015985162694724293
cat__datetime_combined_8/25/2020 10:27,0.00015982436934884286
cat__datetime_combined_6/8/2020 16:36,0.00015929232230860508
cat__datetime_combined_7/14/2020 8:56,0.00015921423251041012
cat__datetime_combined_5/23/2020 21:36,0.00015907699110067534
cat__datetime_combined_7/18/2020 13:04,0.0001589866290544436
cat__datetime_combined_5/19/2020 12:24,0.00015898085764783128
cat__datetime_combined_5/26/2020 21:02,0.0001589790938445372
cat__datetime_combined_6/8/2020 12:34,0.00015892706955128783
cat__datetime_combined_8/15/2020 22:35,0.00015889129383501384
cat__datetime_combined_3/7/2020 16:58,0.00015880341595140738
cat__datetime_combined_1/9/2020 20:25,0.00015879446018689857
cat__datetime_combined_4/7/2020 1:46,0.00015869982940958788
cat__datetime_combined_8/21/2020 2:29,0.00015865074377278458
cat__datetime_combined_7/31/2020 1:57,0.00015858264892273775
cat__datetime_combined_1/10/2020 2:27,0.00015845896969454351
cat__datetime_combined_7/31/2020 1:17,0.00015838590810257356
cat__datetime_combined_7/19/2020 5:02,0.00015835920474894282
cat__datetime_combined_7/26/2020 7:08,0.00015831057206276922
cat__datetime_combined_7/18/2020 22:40,0.00015825165328855193
cat__datetime_combined_7/29/2020 3:53,0.00015824233438906294
cat__datetime_combined_7/28/2020 2:50,0.00015815964391281237
cat__datetime_combined_5/29/2020 5:59,0.00015796591736314067
cat__datetime_combined_7/31/2020 6:00,0.00015791930354118106
cat__datetime_combined_8/7/2020 18:21,0.00015776596053426365
cat__datetime_combined_5/26/2020 2:22,0.00015774272467784567
cat__datetime_combined_5/21/2020 6:49,0.00015763152579630014
cat__datetime_combined_7/21/2020 16:37,0.00015755207977155802
cat__datetime_combined_8/9/2020 3:24,0.00015755031486921017
cat__datetime_combined_8/25/2020 1:40,0.0001575073359705632
cat__datetime_combined_7/17/2020 9:17,0.0001573101985669818
cat__datetime_combined_4/7/2020 3:55,0.00015704681191320956
cat__datetime_combined_7/18/2020 8:57,0.0001569660609789073
cat__datetime_combined_4/8/2020 6:56,0.00015691579153128129
cat__datetime_combined_7/19/2020 3:30,0.00015687754315816144
cat__datetime_combined_5/26/2020 10:10,0.00015682963901320548
cat__datetime_combined_7/26/2020 7:56,0.0001567466762661654
cat__datetime_combined_6/9/2020 6:59,0.00015671219917820901
cat__datetime_combined_5/22/2020 17:27,0.000156489704783535
cat__datetime_combined_7/28/2020 22:23,0.00015635239923877164
cat__datetime_combined_5/25/2020 22:26,0.00015633405906671395
cat__datetime_combined_7/19/2020 5:39,0.0001563272800019884
cat__datetime_combined_3/5/2020 18:02,0.00015630503354107712
cat__datetime_combined_3/5/2020 20:04,0.00015630168714279093
cat__datetime_combined_7/16/2020 9:02,0.00015619480805003199
cat__datetime_combined_5/28/2020 23:14,0.0001560991795647648
cat__datetime_combined_6/5/2020 3:18,0.00015572547485403636
cat__datetime_combined_3/9/2020 5:58,0.00015556323020384216
cat__datetime_combined_8/21/2020 1:07,0.00015528907396527344
cat__datetime_combined_1/5/2020 16:43,0.00015500701598513582
cat__datetime_combined_7/15/2020 13:50,0.00015493768097401292
cat__datetime_combined_6/7/2020 4:59,0.00015478909666589004
cat__datetime_combined_5/21/2020 19:45,0.00015469243428301577
cat__datetime_combined_4/7/2020 18:37,0.00015456872766431953
cat__datetime_combined_1/10/2020 5:33,0.00015436541880991164
cat__datetime_combined_8/26/2020 8:16,0.00015426569997417297
cat__datetime_combined_7/17/2020 3:36,0.00015409698787814463
cat__datetime_combined_7/16/2020 10:29,0.00015398276446801004
cat__datetime_combined_8/21/2020 0:04,0.00015398081056678227
cat__datetime_combined_5/24/2020 17:07,0.00015387935254227426
cat__datetime_combined_5/31/2020 4:17,0.00015385756903367524
cat__datetime_combined_7/16/2020 20:29,0.00015379148241078405
cat__datetime_combined_3/5/2020 17:00,0.00015372100153328354
cat__datetime_combined_5/31/2020 9:08,0.0001537168438718692
cat__datetime_combined_7/7/2020 7:44,0.00015365397922472167
cat__datetime_combined_7/29/2020 2:31,0.000153581283084858
cat__datetime_combined_5/31/2020 6:06,0.00015354608178722048
cat__datetime_combined_8/9/2020 1:01,0.00015338398005432284
cat__datetime_combined_5/9/2020 22:12,0.0001532232924769971
cat__datetime_combined_7/16/2020 22:31,0.00015313292239193543
cat__datetime_combined_5/7/2020 11:58,0.00015300857849348111
cat__datetime_combined_5/28/2020 16:38,0.00015299030779854458
cat__datetime_combined_4/9/2020 3:17,0.00015288518698216506
cat__datetime_combined_7/7/2020 7:13,0.00015286910895946418
cat__datetime_combined_7/14/2020 11:07,0.00015283845923506025
cat__datetime_combined_7/30/2020 21:53,0.0001527812635745173
cat__datetime_combined_3/9/2020 18:06,0.00015276184889175627
cat__datetime_combined_7/15/2020 6:30,0.00015258228118205904
cat__datetime_combined_5/21/2020 23:47,0.00015257111636530793
cat__datetime_combined_5/22/2020 13:39,0.00015254680607974274
cat__datetime_combined_5/8/2020 12:49,0.00015254507013661865
cat__datetime_combined_7/15/2020 17:57,0.00015249729959587976
cat__datetime_combined_3/8/2020 23:32,0.0001524207119005787
cat__datetime_combined_8/26/2020 17:41,0.0001524111925369574
cat__datetime_combined_3/8/2020 11:01,0.00015223785672857727
cat__datetime_combined_7/18/2020 9:40,0.00015220549378497665
cat__datetime_combined_5/8/2020 21:30,0.0001521047362573098
cat__datetime_combined_5/14/2020 13:58,0.00015207541731451682
cat__datetime_combined_5/26/2020 15:54,0.0001519604197570458
cat__datetime_combined_3/9/2020 9:54,0.00015192500641500947
cat__datetime_combined_8/23/2020 20:11,0.00015185800361386642
cat__datetime_combined_5/8/2020 3:31,0.00015184948257274895
cat__datetime_combined_7/17/2020 7:12,0.00015169280550336457
cat__datetime_combined_5/25/2020 20:20,0.00015160541337607742
cat__datetime_combined_7/16/2020 7:40,0.00015146956247971197
cat__datetime_combined_5/19/2020 13:46,0.00015145199651637117
cat__datetime_combined_7/31/2020 5:17,0.00015137283848096412
cat__datetime_combined_1/9/2020 23:53,0.0001513028970802466
cat__datetime_combined_3/8/2020 11:50,0.00015123206910909012
cat__datetime_combined_8/21/2020 0:31,0.0001511878065070348
cat__datetime_combined_1/6/2020 0:57,0.00015110304746881017
cat__datetime_combined_4/8/2020 0:06,0.00015108683019207728
cat__datetime_combined_7/14/2020 2:01,0.00015106658917112863
cat__datetime_combined_7/5/2020 0:57,0.00015087176054199395
cat__datetime_combined_5/19/2020 15:53,0.00015083750539869373
cat__datetime_combined_5/24/2020 21:29,0.00015082253059451437
cat__datetime_combined_5/28/2020 15:56,0.00015068583214812817
cat__datetime_combined_8/17/2020 16:42,0.000150647406069361
cat__datetime_combined_7/13/2020 23:55,0.00015064392845453849
cat__datetime_combined_7/20/2020 9:23,0.00015063319773066334
cat__datetime_combined_8/17/2020 2:33,0.00015054710333609555
cat__datetime_combined_8/25/2020 13:10,0.0001505280052317761
cat__datetime_combined_2/8/2020 4:05,0.00015051403492678803
cat__datetime_combined_5/24/2020 8:22,0.00015051280739277498
cat__datetime_combined_7/22/2020 16:39,0.0001503234779299416
cat__datetime_combined_5/31/2020 12:52,0.0001503139082126409
cat__datetime_combined_7/15/2020 0:23,0.00015025849259945665
cat__datetime_combined_7/24/2020 1:50,0.00015015993963928635
cat__datetime_combined_2/9/2020 4:48,0.00015013136734140652
cat__datetime_combined_1/7/2020 14:58,0.0001500591193112769
cat__datetime_combined_8/13/2020 23:59,0.00015000210568433175
cat__datetime_combined_7/23/2020 9:39,0.00014993805752529544
cat__datetime_combined_7/31/2020 16:51,0.00014968094879444385
cat__datetime_combined_5/13/2020 1:56,0.00014960992134136365
cat__datetime_combined_1/7/2020 7:53,0.0001495952457248024
cat__datetime_combined_5/31/2020 5:19,0.00014952674664730784
cat__datetime_combined_7/29/2020 1:08,0.00014950093448801863
cat__datetime_combined_7/18/2020 0:17,0.00014918323727246692
cat__datetime_combined_2/8/2020 9:09,0.00014915596349683453
cat__datetime_combined_1/10/2020 0:06,0.0001491152277552221
cat__datetime_combined_8/21/2020 23:48,0.00014904108771369214
cat__datetime_combined_5/21/2020 1:38,0.00014895901789320368
cat__datetime_combined_7/29/2020 19:57,0.0001489297426161745
cat__datetime_combined_8/8/2020 16:21,0.00014891889805977853
cat__datetime_combined_3/9/2020 15:20,0.00014877742949318286
cat__datetime_combined_4/7/2020 6:25,0.00014871284715066422
cat__datetime_combined_8/16/2020 19:14,0.000148559632221681
cat__datetime_combined_7/26/2020 14:10,0.00014852924451381536
cat__datetime_combined_7/7/2020 6:26,0.00014851827538306787
cat__datetime_combined_6/5/2020 19:12,0.0001484505569015922
cat__datetime_combined_7/24/2020 23:07,0.00014840050122140233
cat__datetime_combined_1/9/2020 15:06,0.00014823284127542127
cat__datetime_combined_6/9/2020 8:32,0.00014809735966740865
cat__datetime_combined_3/8/2020 17:19,0.00014806754722057716
cat__datetime_combined_8/17/2020 3:11,0.00014794904205447145
cat__datetime_combined_8/25/2020 2:10,0.00014794805112959458
cat__datetime_combined_5/23/2020 8:33,0.0001479121630660099
cat__datetime_combined_8/9/2020 11:38,0.00014772604495320255
cat__datetime_combined_6/5/2020 13:59,0.000147599434193137
cat__datetime_combined_4/9/2020 10:16,0.0001474974585327831
cat__datetime_combined_8/15/2020 5:19,0.00014731529475204682
cat__datetime_combined_7/15/2020 9:33,0.0001472760072703887
cat__datetime_combined_5/9/2020 13:42,0.0001472601651563981
cat__datetime_combined_7/29/2020 17:04,0.00014712019229679436
cat__datetime_combined_1/9/2020 2:06,0.0001470769795157107
cat__datetime_combined_7/28/2020 8:16,0.0001468908899374478
cat__datetime_combined_5/19/2020 12:56,0.00014684820614747882
cat__datetime_combined_7/22/2020 21:01,0.00014663428505019523
cat__datetime_combined_1/9/2020 17:57,0.0001465517292005415
cat__datetime_combined_5/8/2020 17:42,0.00014641328137541943
cat__datetime_combined_7/23/2020 8:16,0.00014635900090232236
cat__datetime_combined_3/8/2020 14:24,0.00014628697740769883
cat__datetime_combined_7/7/2020 12:38,0.00014627762683839857
cat__datetime_combined_8/25/2020 5:41,0.00014622629331339268
cat__datetime_combined_8/19/2020 0:27,0.00014619541315067554
cat__datetime_combined_7/18/2020 17:48,0.00014605182583468803
cat__datetime_combined_3/8/2020 17:56,0.00014597439533913358
cat__datetime_combined_7/19/2020 10:57,0.00014594052773298275
cat__datetime_combined_3/8/2020 16:31,0.00014593727527702197
cat__datetime_combined_7/28/2020 21:32,0.0001459194671218622
cat__datetime_combined_7/31/2020 4:41,0.00014586454314155324
cat__datetime_combined_7/24/2020 7:07,0.00014582771080304136
cat__datetime_combined_5/30/2020 23:22,0.00014580788632423348
cat__datetime_combined_8/9/2020 12:52,0.0001457844849572671
cat__datetime_combined_3/9/2020 9:15,0.000145751702479495
cat__datetime_combined_7/13/2020 7:37,0.00014572298103814833
cat__datetime_combined_1/10/2020 0:50,0.000145696875796486
cat__datetime_combined_4/8/2020 2:59,0.00014556182729709807
cat__datetime_combined_5/18/2020 5:54,0.00014554693716232027
cat__datetime_combined_5/18/2020 10:01,0.000145440578780027
cat__datetime_combined_7/29/2020 15:42,0.00014539040985292362
cat__datetime_combined_7/24/2020 20:28,0.00014537991206720267
cat__datetime_combined_7/26/2020 8:36,0.0001453598023874072
cat__datetime_combined_5/22/2020 3:44,0.00014501495035784275
cat__datetime_combined_5/19/2020 10:10,0.00014499175774169856
cat__datetime_combined_5/26/2020 13:42,0.0001449134341897799
cat__datetime_combined_2/8/2020 11:58,0.00014488920807841581
cat__datetime_combined_1/8/2020 22:36,0.00014487894166416738
cat__datetime_combined_5/17/2020 19:14,0.00014483192379796287
cat__datetime_combined_5/8/2020 10:26,0.00014479212828626814
cat__datetime_combined_3/5/2020 15:30,0.0001446796771882708
cat__datetime_combined_8/15/2020 13:40,0.00014458948476539054
cat__datetime_combined_5/25/2020 19:27,0.0001443751219294237
cat__datetime_combined_8/17/2020 7:44,0.00014436559801869568
cat__datetime_combined_7/15/2020 13:09,0.00014434756778547466
cat__datetime_combined_7/17/2020 17:22,0.0001442881224689407
cat__datetime_combined_7/21/2020 21:48,0.00014418977114420857
cat__datetime_combined_8/8/2020 10:23,0.00014417387962912154
cat__datetime_combined_7/27/2020 20:18,0.00014399137499681897
cat__datetime_combined_5/26/2020 11:36,0.000143939183175748
cat__datetime_combined_7/17/2020 12:12,0.00014380041103917104
cat__datetime_combined_5/7/2020 16:14,0.00014372936672832245
cat__datetime_combined_7/16/2020 4:10,0.00014362964216229645
cat__datetime_combined_8/21/2020 3:51,0.00014360677159661777
cat__datetime_combined_8/13/2020 20:13,0.00014353630730379422
cat__datetime_combined_7/24/2020 0:22,0.00014351606605824378
cat__datetime_combined_7/28/2020 4:14,0.00014350730806557716
cat__datetime_combined_5/31/2020 4:19,0.00014347377883748772
cat__datetime_combined_7/17/2020 15:06,0.00014343486542730977
cat__datetime_combined_2/9/2020 2:44,0.00014331752583350056
cat__datetime_combined_8/17/2020 11:12,0.0001432956633240003
cat__datetime_combined_8/7/2020 21:03,0.00014328989700125423
cat__datetime_combined_1/8/2020 0:40,0.00014307778763888751
cat__datetime_combined_5/21/2020 3:46,0.00014301475018557036
cat__datetime_combined_5/17/2020 9:58,0.00014300252601712828
cat__datetime_combined_5/30/2020 20:58,0.00014296348771842513
cat__datetime_combined_5/19/2020 6:43,0.00014293197495719194
cat__datetime_combined_7/23/2020 16:33,0.00014279160111177643
cat__datetime_combined_5/8/2020 22:07,0.00014270883473327354
cat__datetime_combined_5/31/2020 22:16,0.00014267166966516203
cat__datetime_combined_7/16/2020 15:23,0.00014264834536555055
cat__datetime_combined_8/5/2020 14:17,0.000142632810950426
cat__datetime_combined_5/19/2020 14:23,0.00014255976448362915
cat__datetime_combined_7/16/2020 5:40,0.00014250551106629258
cat__datetime_combined_8/21/2020 17:15,0.00014240446452901603
cat__datetime_combined_2/7/2020 6:19,0.00014232720793619542
cat__datetime_combined_8/18/2020 8:22,0.00014227915349163272
cat__datetime_combined_5/24/2020 15:23,0.00014227184033339496
cat__datetime_combined_8/9/2020 4:12,0.00014208539322438948
cat__datetime_combined_8/25/2020 13:50,0.00014208074150678842
cat__datetime_combined_5/18/2020 0:32,0.0001419679065291029
cat__datetime_combined_2/9/2020 22:26,0.00014192061050114302
cat__datetime_combined_7/26/2020 9:14,0.00014185897626145291
cat__datetime_combined_5/26/2020 3:00,0.00014178314055716523
cat__datetime_combined_5/19/2020 5:48,0.00014170885213824838
cat__datetime_combined_5/22/2020 6:43,0.00014163191269054863
cat__datetime_combined_5/31/2020 9:57,0.00014162325928661237
cat__datetime_combined_2/9/2020 23:33,0.00014149784772165823
cat__datetime_combined_3/5/2020 14:49,0.0001414032540891108
cat__datetime_combined_5/24/2020 0:17,0.0001412507983896649
cat__datetime_combined_6/9/2020 22:06,0.0001411456134725871
cat__datetime_combined_1/10/2020 3:59,0.0001411353442238228
cat__datetime_combined_7/16/2020 8:22,0.00014111436417108025
cat__datetime_combined_7/21/2020 17:50,0.00014110263523572648
cat__datetime_combined_8/16/2020 17:51,0.00014087987392384036
cat__datetime_combined_7/14/2020 5:51,0.0001408697460157476
cat__datetime_combined_1/10/2020 9:12,0.0001408372597831129
cat__datetime_combined_8/18/2020 3:37,0.00014078456549627207
cat__datetime_combined_8/21/2020 22:27,0.00014074125011647386
cat__datetime_combined_3/8/2020 20:47,0.0001405543285652762
cat__datetime_combined_3/9/2020 14:39,0.00014049472040586762
cat__datetime_combined_7/22/2020 3:34,0.00014044736787053585
cat__datetime_combined_8/7/2020 23:05,0.00014043715695845558
cat__datetime_combined_5/18/2020 3:37,0.00014035966901409247
cat__datetime_combined_8/21/2020 18:35,0.00014035143687318472
cat__datetime_combined_7/29/2020 10:51,0.00014023732470802328
cat__datetime_combined_8/8/2020 11:42,0.00014004786817388654
cat__datetime_combined_7/19/2020 10:16,0.0001400374211920704
cat__datetime_combined_8/18/2020 10:29,0.00014000852288425679
cat__datetime_combined_3/5/2020 19:16,0.00013991507211704872
cat__datetime_combined_6/8/2020 2:09,0.00013990952813452544
cat__datetime_combined_7/17/2020 5:02,0.0001398736120824676
cat__datetime_combined_3/9/2020 7:57,0.00013969661249459562
cat__datetime_combined_3/8/2020 20:03,0.00013967922334119943
cat__datetime_combined_7/27/2020 7:22,0.00013961962276398392
cat__datetime_combined_5/31/2020 7:31,0.00013956425024308868
cat__datetime_combined_8/9/2020 1:28,0.00013952343581966056
cat__datetime_combined_7/17/2020 5:43,0.00013949380481530213
cat__datetime_combined_7/22/2020 23:08,0.00013939816256415175
cat__datetime_combined_3/9/2020 1:15,0.00013929133821868103
cat__datetime_combined_7/31/2020 11:57,0.0001391335858430098
cat__datetime_combined_5/24/2020 22:11,0.00013906658034792605
cat__datetime_combined_6/5/2020 15:25,0.00013901411508512336
cat__datetime_combined_8/13/2020 18:35,0.00013893830682284287
cat__datetime_combined_7/30/2020 3:18,0.0001389143906509822
cat__datetime_combined_6/8/2020 6:02,0.00013880417111289305
cat__datetime_combined_8/19/2020 1:00,0.00013877656948319838
cat__datetime_combined_5/19/2020 19:50,0.00013875732964645633
cat__datetime_combined_8/14/2020 22:25,0.0001386456755860085
cat__datetime_combined_5/28/2020 3:31,0.0001386355355044307
cat__datetime_combined_1/5/2020 19:40,0.00013856798495907012
cat__datetime_combined_7/20/2020 1:05,0.00013852541275319997
cat__datetime_combined_5/29/2020 18:13,0.00013848891652288827
cat__datetime_combined_7/21/2020 20:26,0.00013834295831057075
cat__datetime_combined_7/14/2020 4:58,0.00013823840709962815
cat__datetime_combined_5/24/2020 12:01,0.00013820593572431977
cat__datetime_combined_8/13/2020 0:17,0.00013812630016669282
cat__datetime_combined_7/29/2020 23:43,0.00013797560299319173
cat__datetime_combined_7/22/2020 10:31,0.0001378929203850598
cat__datetime_combined_7/13/2020 13:05,0.0001378748988303994
cat__datetime_combined_7/25/2020 1:04,0.00013785683491745465
cat__datetime_combined_6/5/2020 14:41,0.00013779105046508026
cat__datetime_combined_7/22/2020 15:23,0.00013770769600983965
cat__datetime_combined_7/18/2020 7:08,0.0001376943619465257
cat__datetime_combined_8/16/2020 21:54,0.00013767686095373307
cat__datetime_combined_5/22/2020 15:07,0.00013756270535698325
cat__datetime_combined_8/15/2020 11:25,0.00013753133091386817
cat__datetime_combined_5/27/2020 19:25,0.0001374990500881831
cat__datetime_combined_5/29/2020 5:05,0.00013748746266609537
cat__datetime_combined_8/19/2020 7:23,0.00013742346822437468
cat__datetime_combined_2/8/2020 18:51,0.00013738326889024453
cat__datetime_combined_5/22/2020 0:26,0.0001373683052301902
cat__datetime_combined_8/5/2020 12:04,0.00013720933820704113
cat__datetime_combined_6/8/2020 6:37,0.00013720875509879056
cat__datetime_combined_7/27/2020 1:26,0.0001371772301466314
cat__datetime_combined_1/10/2020 10:40,0.00013704759054517226
cat__datetime_combined_5/7/2020 23:57,0.00013697555110831752
cat__datetime_combined_1/8/2020 13:41,0.00013697117519158436
cat__datetime_combined_2/10/2020 2:00,0.00013695973710944545
cat__datetime_combined_7/15/2020 18:39,0.0001369156782386831
cat__datetime_combined_8/8/2020 4:42,0.00013689553062187798
cat__datetime_combined_8/18/2020 23:27,0.0001366342498320243
cat__datetime_combined_8/13/2020 5:53,0.00013659121878504323
cat__datetime_combined_5/26/2020 0:50,0.0001365490504621796
cat__datetime_combined_7/27/2020 13:30,0.0001364033446555286
cat__datetime_combined_7/13/2020 7:00,0.0001363698748841532
cat__datetime_combined_7/27/2020 6:42,0.00013633236646279177
cat__datetime_combined_5/22/2020 14:23,0.0001362356837080159
cat__datetime_combined_7/15/2020 16:32,0.00013611343744534984
cat__datetime_combined_5/21/2020 22:54,0.00013611000820073192
cat__datetime_combined_5/14/2020 11:44,0.00013598358501986084
cat__datetime_combined_4/9/2020 22:59,0.00013584772480006063
cat__datetime_combined_7/30/2020 14:22,0.00013584579809306318
cat__steel_type_20,0.00013574284576905833
cat__datetime_combined_3/9/2020 5:32,0.0001357379132684422
cat__datetime_combined_4/9/2020 14:14,0.000135714133267491
cat__datetime_combined_5/8/2020 14:09,0.0001356873183059443
cat__datetime_combined_1/9/2020 3:30,0.00013567492148135253
cat__datetime_combined_5/8/2020 6:55,0.00013565631114756838
cat__datetime_combined_5/29/2020 10:13,0.000135579808702371
cat__datetime_combined_1/9/2020 4:28,0.00013553455990484843
cat__datetime_combined_5/7/2020 13:19,0.00013553157834839897
cat__datetime_combined_5/30/2020 21:48,0.00013550141729250445
cat__datetime_combined_7/16/2020 11:09,0.00013549292806304224
cat__datetime_combined_3/8/2020 18:44,0.00013533460745892293
cat__datetime_combined_7/14/2020 6:32,0.00013531149813053876
cat__datetime_combined_4/9/2020 23:37,0.00013530322705508237
cat__datetime_combined_7/31/2020 6:40,0.0001352908763639965
cat__datetime_combined_7/14/2020 7:18,0.00013526854191845132
cat__datetime_combined_7/30/2020 19:24,0.00013526345255460162
cat__datetime_combined_2/7/2020 4:46,0.00013525385293946846
cat__datetime_combined_7/29/2020 9:33,0.0001351433392412397
cat__datetime_combined_3/8/2020 13:44,0.00013510899723674698
cat__datetime_combined_5/20/2020 10:16,0.00013510893723800275
cat__datetime_combined_7/22/2020 9:50,0.0001349761825875862
cat__datetime_combined_7/19/2020 15:32,0.00013463743294086123
cat__datetime_combined_7/28/2020 8:53,0.0001346368688834347
cat__datetime_combined_8/9/2020 8:14,0.00013454786630554368
cat__datetime_combined_7/27/2020 3:24,0.00013441591290819414
cat__datetime_combined_5/24/2020 13:39,0.00013428479657276473
cat__datetime_combined_5/22/2020 4:21,0.00013420803054164305
cat__datetime_combined_7/28/2020 7:41,0.00013419047274364058
cat__datetime_combined_5/26/2020 1:36,0.00013414372042909123
cat__datetime_combined_5/22/2020 10:32,0.0001341044239142287
cat__datetime_combined_5/22/2020 16:44,0.0001340943483707628
cat__datetime_combined_2/8/2020 18:14,0.00013398297982687623
cat__datetime_combined_7/19/2020 10:51,0.00013392598617078763
cat__datetime_combined_7/18/2020 14:24,0.00013388287005767948
cat__datetime_combined_5/28/2020 18:55,0.00013385959813845357
cat__datetime_combined_4/7/2020 2:26,0.00013385613261274654
cat__datetime_combined_7/26/2020 0:08,0.00013374150752295025
cat__datetime_combined_2/8/2020 16:38,0.00013373968016251863
cat__datetime_combined_6/8/2020 13:12,0.00013366281286675583
cat__datetime_combined_8/21/2020 13:59,0.0001336496624308951
cat__datetime_combined_8/24/2020 22:15,0.0001334932909238472
cat__datetime_combined_1/7/2020 8:36,0.00013347919790055392
cat__datetime_combined_5/23/2020 3:03,0.00013346605321975136
cat__datetime_combined_8/20/2020 22:16,0.00013345146712458338
cat__datetime_combined_5/29/2020 12:19,0.0001334249966936914
cat__datetime_combined_6/7/2020 2:04,0.0001334061770967927
cat__datetime_combined_8/18/2020 2:10,0.00013328835795394563
cat__datetime_combined_3/5/2020 11:02,0.0001332297790213298
cat__datetime_combined_4/9/2020 6:08,0.00013312252848218236
cat__datetime_combined_8/26/2020 19:04,0.0001330349143913809
cat__datetime_combined_5/20/2020 3:44,0.00013303294802772327
cat__datetime_combined_8/18/2020 23:06,0.00013292912544541065
cat__datetime_combined_7/19/2020 17:01,0.00013288637422474326
cat__datetime_combined_8/18/2020 6:29,0.00013287431159348168
cat__datetime_combined_8/21/2020 4:35,0.00013283555074449811
cat__datetime_combined_5/19/2020 3:14,0.00013245292185141055
cat__datetime_combined_5/31/2020 14:20,0.00013230741780256408
cat__datetime_combined_8/26/2020 20:18,0.00013192436957985257
cat__datetime_combined_5/23/2020 7:18,0.00013185264851132693
cat__datetime_combined_6/5/2020 9:53,0.0001318138240077843
cat__datetime_combined_5/18/2020 22:06,0.00013172582753882082
cat__datetime_combined_3/7/2020 23:30,0.0001316380871621856
cat__datetime_combined_7/7/2020 12:08,0.0001315042267701496
cat__datetime_combined_7/30/2020 1:14,0.00013150422461853594
cat__datetime_combined_5/22/2020 9:01,0.0001315000140633918
cat__datetime_combined_8/15/2020 3:59,0.00013145958515950676
cat__datetime_combined_7/27/2020 0:45,0.00013141278721804923
cat__datetime_combined_7/29/2020 8:56,0.0001313544838972197
cat__datetime_combined_5/16/2020 10:22,0.00013129971790496744
cat__datetime_combined_7/24/2020 2:29,0.0001312333203557963
cat__datetime_combined_7/29/2020 7:38,0.00013117629205663695
cat__datetime_combined_8/19/2020 4:19,0.00013098707502238785
cat__datetime_combined_7/28/2020 6:21,0.0001309424843495155
cat__datetime_combined_3/8/2020 15:46,0.00013093812124249544
cat__datetime_combined_8/7/2020 23:59,0.00013093393210929287
cat__datetime_combined_1/8/2020 19:47,0.00013085773495996416
cat__datetime_combined_7/15/2020 3:34,0.00013085486569647565
cat__datetime_combined_7/17/2020 10:40,0.0001308209793703563
cat__datetime_combined_7/23/2020 1:51,0.000130780327619273
cat__datetime_combined_5/30/2020 0:03,0.0001307770991665207
cat__datetime_combined_5/8/2020 16:59,0.00013076563810224086
cat__datetime_combined_6/8/2020 13:53,0.00013075927604087507
cat__datetime_combined_5/26/2020 5:57,0.00013068051538799732
cat__datetime_combined_8/20/2020 19:44,0.00013049752666626182
cat__datetime_combined_7/31/2020 15:23,0.00013049739072363805
cat__datetime_combined_5/23/2020 14:09,0.0001304931293474523
cat__datetime_combined_7/14/2020 23:53,0.00013046902575724467
cat__datetime_combined_7/28/2020 4:55,0.00013046874264294617
cat__datetime_combined_5/8/2020 13:25,0.0001302787737666213
cat__datetime_combined_5/29/2020 4:29,0.00013015557065395835
cat__datetime_combined_1/10/2020 12:43,0.00013008726614389967
cat__datetime_combined_8/24/2020 21:35,0.00013008703842658868
cat__datetime_combined_8/22/2020 6:27,0.00012998182795893103
cat__datetime_combined_8/13/2020 19:17,0.00012992425903159051
cat__datetime_combined_8/8/2020 12:15,0.00012982561482365352
cat__datetime_combined_8/21/2020 21:54,0.0001298199942453222
cat__datetime_combined_5/28/2020 21:02,0.00012970601992012267
cat__datetime_combined_5/31/2020 6:42,0.0001294049761817303
cat__datetime_combined_5/22/2020 22:53,0.00012922347566533075
cat__datetime_combined_5/14/2020 10:19,0.00012920807012797495
cat__datetime_combined_5/29/2020 2:16,0.0001291278839307123
cat__datetime_combined_6/7/2020 0:36,0.00012911832738570894
cat__datetime_combined_5/28/2020 12:19,0.00012909660751123512
cat__datetime_combined_7/30/2020 13:45,0.00012886418978548035
cat__datetime_combined_7/18/2020 1:39,0.00012881237620260202
cat__datetime_combined_2/10/2020 0:39,0.00012874015355869033
cat__datetime_combined_8/16/2020 11:39,0.0001286501481400695
cat__datetime_combined_8/9/2020 7:01,0.00012858408424549245
cat__datetime_combined_6/8/2020 22:39,0.00012842470972164856
cat__datetime_combined_8/21/2020 9:21,0.00012842184372550576
cat__datetime_combined_3/7/2020 22:04,0.0001283761749530903
cat__datetime_combined_8/17/2020 22:36,0.00012822688548979998
cat__datetime_combined_5/7/2020 8:35,0.00012820904275567336
cat__datetime_combined_8/15/2020 9:27,0.000128181969699956
cat__datetime_combined_5/28/2020 20:28,0.00012815321922137
cat__datetime_combined_2/8/2020 17:30,0.00012799105806176697
cat__datetime_combined_8/16/2020 13:04,0.00012792212666375542
cat__datetime_combined_4/7/2020 13:49,0.00012787330715451244
cat__datetime_combined_8/8/2020 15:02,0.00012786203337809008
cat__datetime_combined_6/7/2020 6:25,0.00012782859319344895
cat__datetime_combined_5/7/2020 13:58,0.00012781580477659414
cat__datetime_combined_8/18/2020 23:42,0.00012780315129957588
cat__datetime_combined_6/5/2020 2:32,0.00012777154258685763
cat__datetime_combined_7/30/2020 11:42,0.00012771703282741744
cat__datetime_combined_6/9/2020 20:01,0.00012761053847176984
cat__datetime_combined_4/9/2020 0:42,0.0001275629593388656
cat__datetime_combined_8/19/2020 8:33,0.00012751394885331127
cat__datetime_combined_8/18/2020 11:50,0.0001274814975873802
cat__datetime_combined_5/7/2020 10:04,0.00012746711212199718
cat__datetime_combined_8/24/2020 20:06,0.00012744735540901696
cat__datetime_combined_2/5/2020 10:16,0.00012742676198772689
cat__datetime_combined_5/23/2020 18:38,0.00012740635002019514
cat__datetime_combined_5/29/2020 0:24,0.00012728343007589981
cat__datetime_combined_8/26/2020 12:59,0.0001269157147169094
cat__datetime_combined_7/16/2020 18:07,0.00012689834573382708
cat__datetime_combined_5/16/2020 22:44,0.00012683810324568278
cat__datetime_combined_8/7/2020 22:21,0.00012681997481435735
cat__datetime_combined_8/24/2020 6:20,0.00012670981700374842
cat__datetime_combined_5/29/2020 16:54,0.0001266749015380842
cat__datetime_combined_5/24/2020 5:20,0.00012665821665281427
cat__datetime_combined_7/13/2020 5:11,0.0001265998311787409
cat__datetime_combined_8/19/2020 17:41,0.00012659005161039973
cat__datetime_combined_7/30/2020 9:01,0.0001265567638303878
cat__datetime_combined_7/28/2020 5:33,0.0001265388013063913
cat__datetime_combined_7/13/2020 22:28,0.0001265257865568213
cat__datetime_combined_8/18/2020 9:54,0.00012650518338497461
cat__datetime_combined_8/13/2020 17:26,0.00012645897833161846
cat__datetime_combined_7/17/2020 12:51,0.00012645422397182185
cat__datetime_combined_1/9/2020 17:36,0.00012643816827867863
cat__datetime_combined_7/15/2020 7:15,0.00012640405305195125
cat__datetime_combined_5/23/2020 16:34,0.0001263807221485862
cat__datetime_combined_5/7/2020 14:40,0.0001263587868633048
cat__datetime_combined_7/30/2020 4:37,0.0001262937399248084
cat__datetime_combined_1/7/2020 17:44,0.00012625469732704085
cat__datetime_combined_5/16/2020 5:48,0.00012621237807041604
cat__datetime_combined_8/18/2020 2:53,0.0001261377672701175
cat__datetime_combined_5/19/2020 11:30,0.00012605366300195693
cat__datetime_combined_7/7/2020 9:56,0.00012592276621557847
cat__datetime_combined_7/28/2020 19:44,0.00012589324840463713
cat__datetime_combined_4/8/2020 17:27,0.00012586074679339754
cat__datetime_combined_5/25/2020 21:46,0.00012580173093135357
cat__datetime_combined_5/28/2020 8:53,0.00012577264831537384
cat__datetime_combined_7/20/2020 8:03,0.00012569146353285377
cat__datetime_combined_3/7/2020 0:50,0.00012560168870123076
cat__datetime_combined_8/18/2020 9:10,0.00012540968160012315
cat__datetime_combined_5/9/2020 17:38,0.0001253466443803665
cat__datetime_combined_7/27/2020 23:13,0.00012533145480220911
cat__datetime_combined_7/16/2020 1:55,0.000125295788708102
cat__datetime_combined_3/9/2020 12:07,0.0001252911198448542
cat__datetime_combined_8/9/2020 21:57,0.00012527790654095957
cat__datetime_combined_8/16/2020 23:18,0.00012516940865951338
cat__datetime_combined_5/23/2020 2:18,0.00012511799884073056
cat__datetime_combined_8/20/2020 23:42,0.00012509820940658905
cat__datetime_combined_7/5/2020 2:32,0.0001250579643797055
cat__datetime_combined_5/8/2020 6:59,0.00012495290732951567
cat__datetime_combined_5/8/2020 10:12,0.00012495165078008514
cat__datetime_combined_8/18/2020 12:32,0.000124746866765262
cat__datetime_combined_7/14/2020 20:17,0.00012474463887170937
cat__datetime_combined_5/22/2020 18:21,0.00012467738979023726
cat__datetime_combined_7/29/2020 23:02,0.00012460513913177903
cat__datetime_combined_5/27/2020 0:46,0.00012457439879428548
cat__datetime_combined_7/16/2020 12:44,0.00012452760151773065
cat__datetime_combined_3/7/2020 22:47,0.00012450097845341428
cat__datetime_combined_5/16/2020 0:06,0.00012449583527522753
cat__datetime_combined_7/30/2020 21:17,0.00012443951944049084
cat__datetime_combined_5/8/2020 19:09,0.00012441766231244757
cat__datetime_combined_8/15/2020 4:47,0.00012431437292518971
cat__datetime_combined_8/15/2020 18:18,0.0001238764321553025
cat__datetime_combined_1/10/2020 4:47,0.00012384907245106206
cat__datetime_combined_7/25/2020 5:33,0.00012384109186950226
cat__datetime_combined_2/8/2020 6:45,0.0001238064211087112
cat__datetime_combined_2/8/2020 7:19,0.00012380232567239962
cat__datetime_combined_7/24/2020 6:23,0.00012379554296132505
cat__datetime_combined_7/26/2020 10:39,0.00012377643635239104
cat__datetime_combined_7/31/2020 11:08,0.0001236886243774423
cat__datetime_combined_5/16/2020 5:12,0.00012361202101806898
cat__datetime_combined_6/5/2020 10:46,0.00012348253117834703
cat__datetime_combined_3/9/2020 7:17,0.00012341899837928037
cat__datetime_combined_5/28/2020 0:41,0.00012337180457942752
cat__datetime_combined_4/7/2020 12:58,0.00012333097435895496
cat__datetime_combined_8/17/2020 7:05,0.00012311397807716375
cat__datetime_combined_8/23/2020 14:49,0.00012310246561960886
cat__datetime_combined_5/20/2020 3:33,0.00012305031267906337
cat__datetime_combined_7/31/2020 18:20,0.00012302375120222837
cat__datetime_combined_7/15/2020 15:15,0.00012301593541099432
cat__datetime_combined_5/8/2020 16:19,0.00012299708169313296
cat__datetime_combined_5/16/2020 12:06,0.0001229329679448367
cat__datetime_combined_7/27/2020 5:24,0.00012289366437496976
cat__datetime_combined_7/15/2020 23:24,0.00012285528853064453
cat__datetime_combined_7/18/2020 17:08,0.00012279510305511135
cat__datetime_combined_8/21/2020 13:18,0.00012275925685353316
cat__datetime_combined_5/20/2020 7:13,0.0001226969950855521
cat__datetime_combined_6/9/2020 18:43,0.00012268431842315315
cat__datetime_combined_6/5/2020 1:05,0.00012266748874369102
cat__datetime_combined_3/5/2020 20:57,0.00012260800079081673
cat__datetime_combined_8/8/2020 4:03,0.00012258044952083614
cat__datetime_combined_5/29/2020 19:05,0.00012255201958133677
cat__datetime_combined_5/18/2020 12:20,0.0001224968161821097
cat__datetime_combined_6/7/2020 4:14,0.00012246632274998738
cat__datetime_combined_7/27/2020 6:04,0.00012243133805418024
cat__datetime_combined_3/9/2020 13:55,0.00012239328616570137
cat__datetime_combined_5/22/2020 1:57,0.00012235543497588774
cat__datetime_combined_7/26/2020 22:04,0.0001223324798170155
cat__datetime_combined_3/5/2020 11:53,0.00012224720417427514
cat__datetime_combined_8/21/2020 1:49,0.00012216305562803674
cat__datetime_combined_5/20/2020 23:20,0.00012215289677300939
cat__datetime_combined_3/5/2020 7:24,0.00012201014546961814
cat__datetime_combined_5/26/2020 21:46,0.0001219776437378947
cat__datetime_combined_6/5/2020 11:36,0.00012185728801816851
cat__datetime_combined_7/24/2020 5:48,0.00012180776203048328
cat__datetime_combined_8/25/2020 18:44,0.00012179694059851765
cat__datetime_combined_5/24/2020 18:56,0.00012173051164293156
cat__datetime_combined_7/5/2020 22:23,0.0001217141535947023
cat__datetime_combined_5/7/2020 15:22,0.00012147446288533021
cat__datetime_combined_5/21/2020 18:11,0.00012137648285014878
cat__datetime_combined_5/24/2020 22:51,0.00012134138202431229
cat__datetime_combined_7/18/2020 21:53,0.00012130202778657907
cat__datetime_combined_3/9/2020 8:43,0.0001212298643496961
cat__datetime_combined_7/22/2020 20:17,0.00012118299211242564
cat__datetime_combined_7/29/2020 11:36,0.00012116761346002104
cat__datetime_combined_5/23/2020 1:28,0.00012113855066409598
cat__datetime_combined_5/19/2020 17:29,0.00012109539219859973
cat__datetime_combined_8/21/2020 6:44,0.00012106203970643734
cat__datetime_combined_1/5/2020 22:47,0.00012069675673995745
cat__datetime_combined_7/30/2020 5:20,0.00012062131074685974
cat__datetime_combined_7/27/2020 15:02,0.00012053030552812434
cat__datetime_combined_2/8/2020 20:47,0.00012053013161883564
cat__datetime_combined_8/9/2020 8:47,0.00012048767259051476
cat__datetime_combined_7/17/2020 13:38,0.00012048353897101722
cat__datetime_combined_7/23/2020 1:10,0.00012040341393407557
cat__datetime_combined_7/27/2020 23:55,0.00012038093961823695
cat__datetime_combined_8/9/2020 2:44,0.00012037033486614481
cat__datetime_combined_5/23/2020 5:15,0.00012033403648679937
cat__datetime_combined_1/5/2020 23:33,0.00012022335645432566
cat__datetime_combined_5/20/2020 6:26,0.00012017883599530028
cat__datetime_combined_5/21/2020 6:07,0.00012017847821157453
cat__datetime_combined_5/28/2020 2:04,0.00012013483241950423
cat__datetime_combined_3/9/2020 11:18,0.00011988150559136608
cat__datetime_combined_8/8/2020 6:56,0.00011986901766164568
cat__datetime_combined_8/18/2020 5:40,0.00011984972278373561
cat__datetime_combined_8/17/2020 10:32,0.00011975854227367068
cat__datetime_combined_8/23/2020 18:34,0.00011969581081437736
cat__datetime_combined_8/8/2020 8:20,0.00011969160599120035
cat__datetime_combined_8/17/2020 23:18,0.00011967343392145206
cat__datetime_combined_5/28/2020 13:45,0.00011964525226849723
cat__datetime_combined_8/15/2020 14:13,0.00011947985467375096
cat__datetime_combined_2/5/2020 14:47,0.00011942641434057095
cat__datetime_combined_6/7/2020 8:03,0.0001193552545770891
cat__datetime_combined_7/29/2020 19:36,0.00011934545974809553
cat__datetime_combined_7/16/2020 2:43,0.0001192495198698858
cat__datetime_combined_7/26/2020 19:21,0.00011919356482207771
cat__datetime_combined_8/17/2020 20:57,0.0001191894298166873
cat__datetime_combined_6/7/2020 2:47,0.00011903921737883699
cat__datetime_combined_8/21/2020 15:15,0.00011901307993149414
cat__datetime_combined_7/15/2020 8:08,0.00011898987997076671
cat__datetime_combined_6/5/2020 1:49,0.00011893322362852665
cat__datetime_combined_5/18/2020 2:56,0.00011889128826707282
cat__datetime_combined_7/15/2020 14:33,0.00011877793695682731
cat__datetime_combined_8/9/2020 0:07,0.00011871609720540232
cat__datetime_combined_5/29/2020 22:47,0.00011870584601934765
cat__datetime_combined_5/19/2020 7:32,0.0001186765945761513
cat__datetime_combined_8/15/2020 7:21,0.00011861681283980694
cat__datetime_combined_7/18/2020 20:33,0.00011858805863547054
cat__datetime_combined_5/16/2020 6:38,0.00011849117199427432
cat__datetime_combined_8/19/2020 21:14,0.00011844748694028223
cat__datetime_combined_7/7/2020 21:15,0.0001184449530843251
cat__datetime_combined_8/8/2020 18:58,0.0001181605596008561
cat__datetime_combined_8/14/2020 6:35,0.00011813136802107283
cat__datetime_combined_1/7/2020 4:59,0.00011812726933717881
cat__datetime_combined_7/29/2020 6:24,0.00011809575321740056
cat__datetime_combined_8/16/2020 21:12,0.00011804704582517135
cat__datetime_combined_7/27/2020 11:28,0.00011801997442704835
cat__datetime_combined_2/7/2020 5:42,0.0001179701646915028
cat__datetime_combined_8/7/2020 16:42,0.00011794035259332407
cat__datetime_combined_8/15/2020 12:49,0.00011790871327506623
cat__datetime_combined_8/16/2020 10:14,0.00011787058741986786
cat__datetime_combined_5/21/2020 17:23,0.00011786228993215624
cat__datetime_combined_8/8/2020 7:25,0.00011781056210483104
cat__datetime_combined_2/8/2020 20:10,0.0001177396996168245
cat__datetime_combined_5/7/2020 23:15,0.00011766797287117129
cat__datetime_combined_4/8/2020 20:06,0.0001175934080216229
cat__datetime_combined_5/7/2020 9:17,0.00011758631820853164
cat__datetime_combined_1/10/2020 14:45,0.00011758000151902817
cat__datetime_combined_6/5/2020 16:51,0.00011757439331488562
cat__datetime_combined_7/8/2020 19:41,0.00011754931279350347
cat__datetime_combined_8/15/2020 3:18,0.00011754779041019436
cat__datetime_combined_5/19/2020 15:13,0.0001174015569305707
cat__datetime_combined_8/14/2020 2:45,0.00011739580211226326
cat__datetime_combined_7/30/2020 12:22,0.00011728711613311405
cat__datetime_combined_5/18/2020 14:32,0.00011725579155554793
cat__datetime_combined_5/29/2020 2:56,0.0001171834711527898
cat__datetime_combined_5/23/2020 12:36,0.0001171475327661218
cat__datetime_combined_7/29/2020 10:12,0.00011713777248339289
cat__datetime_combined_8/20/2020 20:17,0.00011705544612961416
cat__datetime_combined_1/8/2020 1:28,0.00011704684742048989
cat__datetime_combined_5/13/2020 4:53,0.00011694642385679221
cat__datetime_combined_3/7/2020 19:08,0.00011694477891008655
cat__datetime_combined_4/7/2020 10:10,0.0001169240826624627
cat__datetime_combined_7/20/2020 6:02,0.00011692027100263738
cat__datetime_combined_5/16/2020 9:34,0.00011691044462758077
cat__datetime_combined_3/5/2020 2:54,0.0001168638669764295
cat__datetime_combined_5/7/2020 7:12,0.00011685852924190121
cat__datetime_combined_6/7/2020 20:26,0.00011680399529709313
cat__datetime_combined_8/8/2020 17:38,0.00011675875729547105
cat__datetime_combined_7/29/2020 5:03,0.00011672733001635757
cat__datetime_combined_5/7/2020 18:54,0.00011671155016904792
cat__datetime_combined_8/5/2020 13:32,0.00011668951615934726
cat__datetime_combined_7/13/2020 23:15,0.00011654900823935844
cat__datetime_combined_1/9/2020 10:25,0.0001164149654858226
cat__datetime_combined_7/27/2020 10:53,0.00011621018680103001
cat__datetime_combined_8/13/2020 22:56,0.00011619118954915767
cat__datetime_combined_8/21/2020 15:56,0.00011617588761194762
cat__datetime_combined_6/8/2020 2:51,0.00011617417692063944
cat__datetime_combined_7/30/2020 1:50,0.00011611582524700584
cat__datetime_combined_8/21/2020 5:18,0.00011609991572274603
cat__datetime_combined_7/29/2020 4:24,0.00011600044391626985
cat__datetime_combined_5/23/2020 4:30,0.00011594046427054217
cat__datetime_combined_6/7/2020 5:45,0.00011592934498035695
cat__datetime_combined_4/8/2020 22:48,0.00011587716532890355
cat__datetime_combined_8/19/2020 6:17,0.00011586906454379418
cat__datetime_combined_2/5/2020 11:49,0.00011586898892944927
cat__datetime_combined_7/28/2020 1:24,0.00011584110383192184
cat__datetime_combined_5/13/2020 3:30,0.00011578363687563566
cat__datetime_combined_8/8/2020 20:12,0.0001157646311694984
cat__datetime_combined_7/31/2020 23:56,0.00011566201715409988
cat__datetime_combined_8/16/2020 8:48,0.00011545149287803032
cat__datetime_combined_5/17/2020 12:12,0.00011541357957922965
cat__datetime_combined_5/20/2020 0:08,0.00011538914872120746
cat__datetime_combined_5/28/2020 9:32,0.00011535328926478933
cat__datetime_combined_7/23/2020 7:20,0.00011526676704651852
cat__datetime_combined_3/7/2020 20:36,0.00011520322551690607
cat__datetime_combined_8/13/2020 3:50,0.00011520299407433557
cat__datetime_combined_8/26/2020 4:10,0.00011511438206448061
cat__datetime_combined_5/22/2020 7:31,0.00011484386368616371
cat__datetime_combined_8/25/2020 2:59,0.00011481801385298374
cat__datetime_combined_8/21/2020 8:00,0.00011481369865931267
cat__datetime_combined_8/18/2020 13:20,0.00011480767591986343
cat__datetime_combined_8/16/2020 18:32,0.00011463921040461772
cat__datetime_combined_8/21/2020 5:57,0.00011461105391589801
cat__datetime_combined_8/19/2020 10:24,0.00011427602447113771
cat__datetime_combined_8/16/2020 4:45,0.00011426083261446
cat__datetime_combined_7/22/2020 5:13,0.00011414409400032422
cat__datetime_combined_5/8/2020 14:52,0.00011413387317380866
cat__datetime_combined_3/7/2020 5:26,0.0001139903804876373
cat__datetime_combined_5/23/2020 7:32,0.00011394800006483423
cat__datetime_combined_7/30/2020 23:14,0.00011383970807758469
cat__datetime_combined_7/19/2020 14:26,0.00011378272863033417
cat__datetime_combined_8/25/2020 9:47,0.00011369465108149822
cat__datetime_combined_8/8/2020 18:22,0.00011366549373481531
cat__datetime_combined_3/5/2020 3:53,0.00011366364618529466
cat__datetime_combined_4/8/2020 4:58,0.00011355066211514904
cat__datetime_combined_1/10/2020 11:22,0.00011353537581479209
cat__datetime_combined_5/23/2020 11:50,0.00011348201393016112
cat__datetime_combined_5/23/2020 6:04,0.0001134672543400893
cat__datetime_combined_8/14/2020 6:00,0.00011343768975259588
cat__datetime_combined_3/9/2020 20:04,0.00011323191464176082
cat__datetime_combined_8/21/2020 11:20,0.00011308647228124313
cat__datetime_combined_5/22/2020 8:12,0.00011303261996843015
cat__datetime_combined_7/31/2020 9:26,0.00011301560112184726
cat__datetime_combined_8/15/2020 21:15,0.0001129854165078589
cat__datetime_combined_7/7/2020 17:02,0.00011288996171563104
cat__datetime_combined_7/19/2020 1:14,0.00011272643791101475
cat__datetime_combined_6/7/2020 9:30,0.00011265910893958022
cat__datetime_combined_3/8/2020 21:28,0.00011261805114623013
cat__datetime_combined_7/7/2020 15:40,0.00011261273970241466
cat__datetime_combined_8/13/2020 7:10,0.00011244309588252801
cat__datetime_combined_4/9/2020 19:29,0.00011223545808917159
cat__datetime_combined_3/7/2020 14:45,0.00011220578613930559
cat__datetime_combined_5/29/2020 7:22,0.00011216994359955437
cat__datetime_combined_7/22/2020 9:10,0.00011216523128701854
cat__datetime_combined_6/8/2020 7:59,0.000112144101240222
cat__datetime_combined_8/14/2020 23:10,0.00011207847903418514
cat__datetime_combined_5/7/2020 12:37,0.00011194975400501132
cat__datetime_combined_4/7/2020 15:47,0.00011187621574312283
cat__datetime_combined_7/7/2020 13:22,0.00011179055505200395
cat__datetime_combined_4/7/2020 1:01,0.00011147564252076622
cat__datetime_combined_8/18/2020 7:08,0.00011141791963325904
cat__datetime_combined_8/21/2020 14:36,0.00011133996135872917
cat__datetime_combined_7/5/2020 23:11,0.00011132593158051779
cat__datetime_combined_7/31/2020 10:14,0.00011129601813485131
cat__datetime_combined_8/24/2020 22:57,0.00011127429548330143
cat__datetime_combined_7/22/2020 21:42,0.00011127104223321374
cat__datetime_combined_5/14/2020 13:04,0.00011127019693562748
cat__datetime_combined_6/9/2020 4:03,0.00011126446153435473
cat__datetime_combined_7/27/2020 8:08,0.00011125930525736166
cat__datetime_combined_5/31/2020 20:54,0.00011123243368055144
cat__datetime_combined_3/5/2020 16:21,0.00011102415209104835
cat__datetime_combined_4/7/2020 20:20,0.00011099176098342337
cat__datetime_combined_7/18/2020 11:44,0.00011098922706233141
cat__datetime_combined_8/9/2020 9:37,0.00011098570580467649
cat__datetime_combined_8/19/2020 8:59,0.00011088409770919771
cat__datetime_combined_7/30/2020 6:04,0.00011069167075549629
cat__datetime_combined_3/5/2020 6:38,0.00011066804324850153
cat__datetime_combined_8/20/2020 7:05,0.00011064407125485781
cat__datetime_combined_5/26/2020 9:26,0.00011054661473705492
cat__datetime_combined_2/8/2020 23:17,0.00011051160726940184
cat__datetime_combined_2/7/2020 4:04,0.00011046640637356525
cat__datetime_combined_8/21/2020 21:02,0.00011040968842753955
cat__datetime_combined_8/8/2020 16:59,0.00011034693224511329
cat__datetime_combined_6/8/2020 17:16,0.00011016612361681076
cat__datetime_combined_5/30/2020 22:35,0.00011007255793506479
cat__datetime_combined_7/18/2020 10:59,0.0001100526769657455
cat__datetime_combined_8/16/2020 9:31,0.0001100030331684386
cat__datetime_combined_8/16/2020 22:36,0.00010996066378620837
cat__datetime_combined_6/5/2020 0:16,0.00010986364831924142
cat__datetime_combined_5/13/2020 16:12,0.00010986275695157146
cat__datetime_combined_3/5/2020 21:55,0.00010983508605486132
cat__datetime_combined_5/13/2020 14:03,0.00010975662644763938
cat__datetime_combined_7/25/2020 6:16,0.00010975312880012432
cat__datetime_combined_7/29/2020 22:13,0.00010970521660411558
cat__datetime_combined_8/8/2020 23:49,0.00010969987211252282
cat__datetime_combined_7/7/2020 20:28,0.00010956474897472063
cat__datetime_combined_5/24/2020 6:03,0.00010952876182065009
cat__datetime_combined_5/19/2020 9:21,0.00010951765841574009
cat__datetime_combined_8/8/2020 3:27,0.00010946433354355306
cat__datetime_combined_5/28/2020 2:46,0.00010940239335875028
cat__datetime_combined_7/22/2020 8:32,0.0001093616527098401
cat__datetime_combined_1/7/2020 10:03,0.0001093578169205825
cat__datetime_combined_6/8/2020 15:14,0.00010926835459560022
cat__datetime_combined_8/15/2020 6:02,0.0001092680339192285
cat__datetime_combined_5/17/2020 21:36,0.00010920947722019824
cat__datetime_combined_5/26/2020 13:00,0.00010919344376426334
cat__datetime_combined_5/26/2020 12:21,0.000109158107269432
cat__datetime_combined_5/26/2020 6:38,0.00010908307099466215
cat__datetime_combined_7/27/2020 19:07,0.00010905970813193891
cat__datetime_combined_5/14/2020 1:41,0.00010904389300878922
cat__datetime_combined_7/26/2020 20:05,0.00010898592646992324
cat__datetime_combined_7/24/2020 9:03,0.00010887217070432066
cat__datetime_combined_5/18/2020 17:31,0.0001087424500753735
cat__datetime_combined_7/17/2020 11:27,0.00010871750375032541
cat__datetime_combined_5/22/2020 1:11,0.00010869551307693584
cat__datetime_combined_5/13/2020 9:55,0.00010863616906149569
cat__datetime_combined_5/24/2020 12:39,0.00010859075395177847
cat__datetime_combined_7/15/2020 22:37,0.00010852530961822912
cat__datetime_combined_5/27/2020 3:09,0.00010848981874580032
cat__datetime_combined_7/13/2020 22:33,0.00010842088159508243
cat__datetime_combined_1/5/2020 21:11,0.0001083670074830621
cat__datetime_combined_8/13/2020 8:35,0.00010824865992734553
cat__datetime_combined_8/24/2020 18:32,0.00010820179649071659
cat__datetime_combined_8/22/2020 4:24,0.0001081960308138485
cat__datetime_combined_5/29/2020 16:00,0.00010816172296363337
cat__datetime_combined_5/22/2020 5:54,0.00010814332428714148
cat__datetime_combined_8/5/2020 19:07,0.0001081432180402362
cat__datetime_combined_7/23/2020 15:11,0.0001081065422433162
cat__datetime_combined_7/27/2020 10:12,0.00010806874678275995
cat__datetime_combined_5/13/2020 16:50,0.00010802378473998483
cat__datetime_combined_7/27/2020 18:09,0.00010801341783259956
cat__datetime_combined_5/23/2020 17:07,0.0001078891005572697
cat__datetime_combined_6/5/2020 12:24,0.00010777813160693729
cat__datetime_combined_3/7/2020 21:23,0.00010772895115656399
cat__datetime_combined_8/18/2020 19:06,0.00010761651783368998
cat__datetime_combined_7/7/2020 14:57,0.00010755748185541749
cat__datetime_combined_5/26/2020 23:14,0.00010755292612432118
cat__datetime_combined_5/20/2020 4:58,0.00010751292589208148
cat__datetime_combined_5/24/2020 7:01,0.00010747045601519257
cat__datetime_combined_7/27/2020 17:26,0.0001074404649322467
cat__datetime_combined_3/5/2020 5:54,0.00010743363484518642
cat__datetime_combined_2/8/2020 22:40,0.00010740866168082093
cat__datetime_combined_8/9/2020 10:13,0.00010722965344874456
cat__datetime_combined_8/13/2020 21:25,0.00010721541665251042
cat__datetime_combined_5/29/2020 6:44,0.0001071765159940966
cat__datetime_combined_8/14/2020 4:44,0.00010705830511427788
cat__datetime_combined_7/25/2020 18:01,0.00010704244038044574
cat__datetime_combined_7/22/2020 19:25,0.00010700311102215953
cat__datetime_combined_8/8/2020 5:24,0.00010696686233244763
cat__datetime_combined_6/7/2020 1:26,0.00010682302968852667
cat__datetime_combined_5/27/2020 2:20,0.00010679838040616107
cat__datetime_combined_4/9/2020 2:09,0.00010670711094795055
cat__datetime_combined_7/7/2020 5:43,0.00010663468036858718
cat__datetime_combined_6/9/2020 0:47,0.00010655385054786082
cat__datetime_combined_4/7/2020 17:22,0.00010641438206354717
cat__datetime_combined_7/17/2020 9:55,0.00010634903738246569
cat__datetime_combined_5/23/2020 3:51,0.00010627933890688006
cat__datetime_combined_7/5/2020 3:17,0.00010623302820851355
cat__datetime_combined_5/18/2020 1:20,0.0001062015512743626
cat__datetime_combined_7/28/2020 6:56,0.00010616936534365457
cat__datetime_combined_8/15/2020 1:56,0.00010611841295643423
cat__datetime_combined_5/8/2020 11:16,0.00010602950815462005
cat__datetime_combined_7/23/2020 22:06,0.00010599994091454246
cat__datetime_combined_1/10/2020 6:18,0.00010582388023003394
cat__datetime_combined_6/7/2020 3:31,0.00010576425824781339
cat__datetime_combined_8/19/2020 19:47,0.00010571463160992354
cat__datetime_combined_5/28/2020 10:14,0.00010571167693805106
cat__datetime_combined_7/27/2020 9:35,0.00010571023502190767
cat__datetime_combined_5/14/2020 8:06,0.00010569584650475766
cat__datetime_combined_7/29/2020 17:44,0.00010567774751297052
cat__datetime_combined_7/21/2020 19:08,0.0001056566087659203
cat__datetime_combined_8/14/2020 12:38,0.00010564436275848722
cat__datetime_combined_5/23/2020 9:16,0.00010560584661421431
cat__datetime_combined_7/14/2020 12:00,0.0001055784162982987
cat__datetime_combined_7/30/2020 2:37,0.00010553890131082417
cat__datetime_combined_8/17/2020 3:54,0.00010553599711482355
cat__datetime_combined_5/28/2020 7:20,0.00010550757547896971
cat__datetime_combined_6/9/2020 3:25,0.00010547536321996886
cat__datetime_combined_8/22/2020 5:50,0.00010540941788716042
cat__datetime_combined_7/5/2020 4:04,0.00010536680522784743
cat__datetime_combined_5/28/2020 1:20,0.00010524871983335471
cat__datetime_combined_8/19/2020 8:30,0.00010518857969485272
cat__datetime_combined_5/29/2020 9:39,0.00010518081282751534
cat__datetime_combined_8/15/2020 10:03,0.00010511610461550335
cat__datetime_combined_8/15/2020 19:44,0.00010502037198000198
cat__datetime_combined_4/7/2020 9:28,0.00010481490819940452
cat__datetime_combined_1/9/2020 11:17,0.00010477777631020408
cat__datetime_combined_4/7/2020 7:25,0.00010475904456600203
cat__datetime_combined_8/13/2020 1:45,0.00010460137662227415
cat__datetime_combined_4/7/2020 5:20,0.00010454666384922956
cat__datetime_combined_1/5/2020 17:20,0.00010453286254188558
cat__datetime_combined_5/22/2020 15:56,0.00010446426199861456
cat__datetime_combined_7/25/2020 0:02,0.00010434444185406237
cat__datetime_combined_8/23/2020 17:53,0.00010426384830600318
cat__datetime_combined_8/8/2020 21:30,0.0001042072989398828
cat__datetime_combined_3/5/2020 13:18,0.000104048503499861
cat__datetime_combined_7/24/2020 8:25,0.00010404155439216446
cat__datetime_combined_8/23/2020 16:20,0.00010402028775210232
cat__datetime_combined_1/9/2020 0:02,0.000103962356504153
cat__datetime_combined_8/20/2020 1:52,0.00010395271317616057
cat__datetime_combined_4/8/2020 4:17,0.00010392594198827776
cat__datetime_combined_7/30/2020 9:42,0.00010384619692637722
cat__datetime_combined_8/14/2020 5:26,0.00010382833217989745
cat__datetime_combined_5/16/2020 23:27,0.00010379653960958571
cat__datetime_combined_3/9/2020 16:00,0.0001036928998290816
cat__datetime_combined_1/6/2020 23:39,0.0001036911856957003
cat__datetime_combined_8/14/2020 15:31,0.00010363138505701311
cat__datetime_combined_7/25/2020 10:42,0.00010355818313460266
cat__datetime_combined_4/7/2020 21:41,0.00010349846382878109
cat__datetime_combined_3/7/2020 9:34,0.00010341425599102217
cat__datetime_combined_7/30/2020 20:02,0.00010335934320883257
cat__datetime_combined_5/18/2020 22:42,0.00010328579303000727
cat__datetime_combined_7/18/2020 23:57,0.00010316300598237173
cat__datetime_combined_8/15/2020 21:55,0.00010315836610014621
cat__datetime_combined_5/29/2020 21:16,0.0001031347085590924
cat__datetime_combined_8/15/2020 8:44,0.00010300442377150704
cat__datetime_combined_5/17/2020 23:07,0.00010293525378888142
cat__datetime_combined_5/18/2020 13:48,0.00010283647285952472
cat__datetime_combined_8/14/2020 2:01,0.00010280649463031164
cat__datetime_combined_3/5/2020 23:34,0.00010277991284546338
cat__datetime_combined_8/20/2020 0:21,0.00010261904170229631
cat__datetime_combined_5/7/2020 0:28,0.00010261308067343362
cat__datetime_combined_8/16/2020 15:07,0.00010245313375588857
cat__datetime_combined_8/8/2020 15:43,0.00010233211333442139
cat__datetime_combined_5/7/2020 22:29,0.00010216124536101745
cat__datetime_combined_2/8/2020 12:40,0.0001021315839649941
cat__datetime_combined_5/24/2020 18:04,0.00010205992427683479
cat__datetime_combined_8/22/2020 3:46,0.0001020542154131626
cat__datetime_combined_8/25/2020 12:29,0.00010204165742547464
cat__datetime_combined_5/29/2020 13:09,0.00010201132881272195
cat__datetime_combined_7/8/2020 18:22,0.00010197294732797634
cat__datetime_combined_8/5/2020 14:54,0.00010193962479081079
cat__datetime_combined_7/22/2020 13:01,0.00010193662463006114
cat__datetime_combined_8/20/2020 17:45,0.00010192854354981719
cat__datetime_combined_3/9/2020 23:28,0.00010186637863402217
cat__datetime_combined_1/5/2020 14:59,0.00010175878620576516
cat__datetime_combined_5/17/2020 23:54,0.0001016906730099325
cat__datetime_combined_6/7/2020 0:00,0.00010166116115589175
cat__datetime_combined_7/26/2020 1:28,0.00010151924525395288
cat__datetime_combined_7/29/2020 16:22,0.00010146477063650633
cat__datetime_combined_7/23/2020 4:48,0.00010138951643195796
cat__datetime_combined_3/7/2020 3:52,0.00010135798975592738
cat__datetime_combined_5/28/2020 22:35,0.00010131121666667259
cat__datetime_combined_7/27/2020 12:13,0.00010130214738670083
cat__datetime_combined_6/7/2020 21:51,0.00010121609694218239
cat__datetime_combined_5/20/2020 4:11,0.00010119792220089159
cat__datetime_combined_7/14/2020 10:24,0.00010113116954219999
cat__datetime_combined_5/17/2020 6:32,0.00010110869361741883
cat__datetime_combined_8/17/2020 19:45,0.00010109031241623501
cat__datetime_combined_6/7/2020 7:11,0.00010101969823835161
cat__datetime_combined_3/7/2020 14:07,0.00010096441707594498
cat__datetime_combined_5/24/2020 11:11,0.00010095996856975385
cat__datetime_combined_8/15/2020 8:07,0.00010089732947026133
cat__datetime_combined_5/20/2020 5:44,0.00010087400489215128
cat__datetime_combined_8/19/2020 12:32,0.0001008070500290307
cat__datetime_combined_8/14/2020 23:56,0.00010079269427504176
cat__datetime_combined_5/13/2020 22:43,0.00010070255641696204
cat__datetime_combined_2/9/2020 21:44,0.00010066667289881771
cat__datetime_combined_8/19/2020 14:24,0.00010058885762248535
cat__datetime_combined_8/13/2020 7:48,0.0001005378659072192
cat__datetime_combined_8/21/2020 8:40,0.00010048585130938138
cat__datetime_combined_5/20/2020 11:40,0.00010044425717906995
cat__datetime_combined_6/5/2020 8:14,0.00010042750694787285
cat__datetime_combined_6/9/2020 15:48,0.00010037316858572959
cat__datetime_combined_5/13/2020 14:48,0.00010030134008891397
cat__datetime_combined_5/5/2020 5:57,0.00010021581829661629
cat__datetime_combined_8/15/2020 12:06,0.00010015953192927977
cat__datetime_combined_5/13/2020 1:13,0.00010008015324685733
cat__datetime_combined_2/8/2020 1:28,0.00010006638161837607
cat__datetime_combined_7/25/2020 16:09,0.00010004086519217318
cat__datetime_combined_5/18/2020 4:16,0.00010000593405686862
cat__datetime_combined_1/9/2020 12:44,9.996344741009987e-05
cat__datetime_combined_6/7/2020 21:07,9.993287912574992e-05
cat__datetime_combined_8/15/2020 1:16,9.977227206920602e-05
cat__datetime_combined_8/20/2020 7:50,9.96652226102035e-05
cat__datetime_combined_8/24/2020 3:59,9.949444116078062e-05
cat__datetime_combined_1/5/2020 0:20,9.946585705495157e-05
cat__datetime_combined_8/9/2020 13:45,9.939264524878638e-05
cat__datetime_combined_8/15/2020 14:51,9.920219872387941e-05
cat__datetime_combined_8/16/2020 7:53,9.914373870055176e-05
cat__datetime_combined_5/28/2020 6:30,9.912909692624938e-05
cat__datetime_combined_5/18/2020 15:16,9.90455353498734e-05
cat__datetime_combined_8/14/2020 12:00,9.900929710254631e-05
cat__datetime_combined_5/8/2020 19:48,9.899515344258707e-05
cat__datetime_combined_8/21/2020 10:39,9.893140381651623e-05
cat__datetime_combined_8/15/2020 16:13,9.888291733776978e-05
cat__datetime_combined_8/16/2020 14:27,9.867597359288756e-05
cat__datetime_combined_8/21/2020 0:28,9.850214868335464e-05
cat__datetime_combined_5/14/2020 16:07,9.849064103745504e-05
cat__datetime_combined_1/10/2020 8:20,9.830017075644093e-05
cat__datetime_combined_6/9/2020 2:44,9.828229847132703e-05
cat__datetime_combined_2/8/2020 10:33,9.823884680996157e-05
cat__datetime_combined_8/8/2020 2:42,9.823480619492807e-05
cat__datetime_combined_6/8/2020 9:50,9.81845766132252e-05
cat__datetime_combined_8/17/2020 6:25,9.806248444111598e-05
cat__datetime_combined_5/20/2020 2:14,9.804038882788192e-05
cat__datetime_combined_2/5/2020 12:32,9.793294752961672e-05
cat__datetime_combined_5/29/2020 8:48,9.790967173584063e-05
cat__datetime_combined_8/17/2020 9:47,9.776890218232807e-05
cat__datetime_combined_7/22/2020 14:46,9.768027030138562e-05
cat__datetime_combined_5/17/2020 12:59,9.767243931653201e-05
cat__datetime_combined_8/18/2020 22:38,9.759198263331363e-05
cat__datetime_combined_5/17/2020 20:48,9.75208954559944e-05
cat__datetime_combined_3/9/2020 2:43,9.746228469256656e-05
cat__datetime_combined_5/26/2020 7:31,9.744057821369393e-05
cat__datetime_combined_2/5/2020 11:02,9.736256744471948e-05
cat__datetime_combined_8/13/2020 5:15,9.734334915609591e-05
cat__datetime_combined_1/10/2020 16:41,9.733866145068545e-05
cat__datetime_combined_8/21/2020 16:38,9.724807919874313e-05
cat__datetime_combined_6/9/2020 10:02,9.723741929687656e-05
cat__datetime_combined_8/7/2020 20:22,9.721747752449491e-05
cat__datetime_combined_7/24/2020 11:00,9.720253583213113e-05
cat__datetime_combined_5/18/2020 23:31,9.718540101600175e-05
cat__datetime_combined_8/19/2020 13:45,9.71572359499591e-05
cat__datetime_combined_5/8/2020 12:04,9.714250555813134e-05
cat__datetime_combined_5/13/2020 6:20,9.711859685398284e-05
cat__datetime_combined_2/7/2020 20:27,9.694268543988556e-05
cat__datetime_combined_6/7/2020 13:22,9.6807687092309e-05
cat__datetime_combined_5/28/2020 10:52,9.67692279348092e-05
cat__datetime_combined_4/7/2020 8:02,9.66635652032245e-05
cat__datetime_combined_8/20/2020 21:37,9.665420047039194e-05
cat__datetime_combined_4/8/2020 3:40,9.641885194052886e-05
cat__datetime_combined_7/30/2020 13:06,9.63726138257143e-05
cat__datetime_combined_7/25/2020 6:58,9.625118579587567e-05
cat__datetime_combined_5/5/2020 3:01,9.614019111549376e-05
cat__datetime_combined_8/23/2020 11:43,9.613574427158218e-05
cat__datetime_combined_5/7/2020 10:42,9.606044382418438e-05
cat__datetime_combined_8/17/2020 5:36,9.581777968999736e-05
cat__datetime_combined_3/7/2020 18:31,9.578684479852231e-05
cat__datetime_combined_8/5/2020 17:48,9.568921500603134e-05
cat__datetime_combined_5/29/2020 14:38,9.566330174205335e-05
cat__datetime_combined_7/26/2020 0:48,9.558912822843656e-05
cat__datetime_combined_3/7/2020 1:35,9.553708774583111e-05
cat__datetime_combined_7/31/2020 21:30,9.552474013420534e-05
cat__datetime_combined_8/14/2020 3:22,9.542785070662149e-05
cat__datetime_combined_2/8/2020 4:44,9.540656066536719e-05
cat__datetime_combined_5/18/2020 8:09,9.540008772488576e-05
cat__datetime_combined_7/23/2020 12:53,9.534539891100315e-05
cat__datetime_combined_7/25/2020 20:43,9.530689405085658e-05
cat__datetime_combined_5/20/2020 11:00,9.526114900183788e-05
cat__datetime_combined_8/8/2020 1:18,9.515953775665576e-05
cat__datetime_combined_2/7/2020 8:45,9.496507076849492e-05
cat__datetime_combined_6/8/2020 4:08,9.465043989686883e-05
cat__datetime_combined_8/25/2020 3:46,9.463280541127385e-05
cat__datetime_combined_7/29/2020 15:02,9.454828026530451e-05
cat__datetime_combined_7/27/2020 12:50,9.443716504680323e-05
cat__datetime_combined_8/20/2020 8:43,9.44275346409689e-05
cat__datetime_combined_5/18/2020 19:09,9.440046635006412e-05
cat__datetime_combined_8/16/2020 16:27,9.439807110700254e-05
cat__datetime_combined_5/23/2020 14:54,9.438045792580516e-05
cat__datetime_combined_8/18/2020 11:10,9.436105048505189e-05
cat__datetime_combined_5/15/2020 0:17,9.42532404419362e-05
cat__datetime_combined_5/27/2020 4:02,9.423364902545834e-05
cat__datetime_combined_7/22/2020 6:59,9.411029894812044e-05
cat__datetime_combined_4/9/2020 10:54,9.40805170741312e-05
cat__datetime_combined_7/25/2020 10:00,9.399042407320908e-05
cat__datetime_combined_7/25/2020 23:25,9.395571864960424e-05
cat__datetime_combined_8/8/2020 23:35,9.389883437652489e-05
cat__datetime_combined_7/18/2020 2:23,9.384374186445e-05
cat__datetime_combined_4/7/2020 19:19,9.372517056415816e-05
cat__datetime_combined_3/8/2020 5:48,9.368576282721449e-05
cat__datetime_combined_5/27/2020 1:27,9.354713619644108e-05
cat__datetime_combined_7/30/2020 8:19,9.341815677124726e-05
cat__datetime_combined_7/30/2020 15:03,9.336253332569447e-05
cat__datetime_combined_8/24/2020 7:04,9.331168081790298e-05
cat__datetime_combined_5/14/2020 2:25,9.321276667975336e-05
cat__datetime_combined_6/8/2020 10:34,9.318305781951673e-05
cat__datetime_combined_5/27/2020 4:32,9.313045036889757e-05
cat__datetime_combined_5/16/2020 8:48,9.307365333886681e-05
cat__datetime_combined_5/7/2020 19:36,9.306546630092596e-05
cat__datetime_combined_3/5/2020 8:14,9.305199585413028e-05
cat__datetime_combined_5/27/2020 6:46,9.295369121774313e-05
cat__datetime_combined_8/14/2020 4:03,9.279705574216631e-05
cat__datetime_combined_8/24/2020 2:25,9.275893997916472e-05
cat__datetime_combined_5/21/2020 7:33,9.264505840354114e-05
cat__datetime_combined_8/18/2020 1:23,9.260140669183866e-05
cat__datetime_combined_5/23/2020 15:35,9.239833366931996e-05
cat__datetime_combined_6/9/2020 14:22,9.237262092419512e-05
cat__datetime_combined_7/29/2020 5:50,9.209366303982732e-05
cat__datetime_combined_3/8/2020 3:01,9.207864881108821e-05
cat__datetime_combined_7/26/2020 2:56,9.204418654991714e-05
cat__datetime_combined_4/7/2020 10:52,9.19698273009813e-05
cat__datetime_combined_8/26/2020 22:55,9.183884214178374e-05
cat__datetime_combined_5/13/2020 10:35,9.18020689222364e-05
cat__datetime_combined_7/27/2020 16:35,9.174605871475009e-05
cat__datetime_combined_2/5/2020 13:19,9.161489053727505e-05
cat__datetime_combined_8/8/2020 13:03,9.155930542232955e-05
cat__datetime_combined_2/10/2020 1:23,9.133528316364717e-05
cat__datetime_combined_7/17/2020 14:21,9.123697567884622e-05
cat__datetime_combined_8/8/2020 14:19,9.121799383374213e-05
cat__datetime_combined_5/27/2020 6:02,9.120899293564557e-05
cat__datetime_combined_8/23/2020 12:19,9.119769166812973e-05
cat__datetime_combined_8/5/2020 9:14,9.111570596003442e-05
cat__datetime_combined_5/27/2020 5:17,9.109738941811425e-05
cat__datetime_combined_8/20/2020 3:29,9.098577227637508e-05
cat__datetime_combined_5/30/2020 19:37,9.098380078718177e-05
cat__datetime_combined_8/20/2020 18:19,9.094991094878618e-05
cat__datetime_combined_8/17/2020 18:55,9.091316355401593e-05
cat__datetime_combined_8/16/2020 20:27,9.090125080291479e-05
cat__datetime_combined_8/5/2020 6:55,9.065223054326948e-05
cat__datetime_combined_8/14/2020 18:32,9.060924725491034e-05
cat__datetime_combined_3/7/2020 12:37,9.059174491039858e-05
cat__datetime_combined_7/26/2020 2:08,9.058649123157719e-05
cat__datetime_combined_2/9/2020 23:07,9.05859648878728e-05
cat__datetime_combined_8/8/2020 6:05,9.051024099727491e-05
cat__datetime_combined_8/23/2020 14:01,9.04901872392947e-05
cat__datetime_combined_4/7/2020 22:24,9.036368579340967e-05
cat__datetime_combined_3/7/2020 17:44,9.036232428159951e-05
cat__datetime_combined_5/29/2020 11:47,9.033727823544908e-05
cat__datetime_combined_5/18/2020 16:47,9.032572248520166e-05
cat__datetime_combined_2/8/2020 9:53,9.032563918383073e-05
cat__datetime_combined_5/29/2020 17:33,9.017993195276739e-05
cat__datetime_combined_3/8/2020 4:14,9.017357062453454e-05
cat__datetime_combined_6/9/2020 4:48,9.017098279820748e-05
cat__datetime_combined_8/20/2020 4:15,9.015627655448326e-05
cat__datetime_combined_1/5/2020 18:00,9.012866914896851e-05
cat__datetime_combined_8/5/2020 10:39,8.999685289605968e-05
cat__datetime_combined_8/13/2020 17:56,8.997891339469859e-05
cat__datetime_combined_5/18/2020 5:06,8.996434601557274e-05
cat__datetime_combined_5/30/2020 15:00,8.988021382485439e-05
cat__datetime_combined_8/19/2020 18:20,8.971574305059378e-05
cat__datetime_combined_8/16/2020 12:11,8.953810364859293e-05
cat__datetime_combined_7/16/2020 0:56,8.951624263388294e-05
cat__datetime_combined_8/15/2020 15:33,8.949136162409888e-05
cat__datetime_combined_4/7/2020 17:57,8.935925153882414e-05
cat__datetime_combined_8/19/2020 20:30,8.9348564424539e-05
cat__datetime_combined_1/10/2020 10:07,8.931960859666832e-05
cat__datetime_combined_8/7/2020 3:25,8.923872642138649e-05
cat__datetime_combined_8/18/2020 17:09,8.923676543306931e-05
cat__datetime_combined_8/26/2020 7:05,8.916903831525476e-05
cat__datetime_combined_5/5/2020 16:28,8.916759214007785e-05
cat__datetime_combined_8/22/2020 2:25,8.910844411345729e-05
cat__datetime_combined_5/26/2020 22:31,8.90941217112376e-05
cat__datetime_combined_4/8/2020 21:25,8.886517370257503e-05
cat__datetime_combined_6/7/2020 8:44,8.881835958584136e-05
cat__datetime_combined_5/20/2020 9:30,8.880506221832907e-05
cat__datetime_combined_8/14/2020 9:13,8.873492238093168e-05
cat__datetime_combined_7/25/2020 14:50,8.869437764551556e-05
cat__datetime_combined_7/22/2020 13:55,8.867892707456952e-05
cat__datetime_combined_3/8/2020 5:03,8.866648904198347e-05
cat__datetime_combined_1/5/2020 20:35,8.861899863603793e-05
cat__datetime_combined_8/21/2020 10:04,8.857314433026364e-05
cat__datetime_combined_5/13/2020 8:27,8.856110197938214e-05
cat__datetime_combined_3/7/2020 10:33,8.854548996232099e-05
cat__datetime_combined_7/26/2020 4:07,8.853995067985518e-05
cat__datetime_combined_5/13/2020 5:37,8.849382292162454e-05
cat__datetime_combined_4/9/2020 7:27,8.849097815834366e-05
cat__datetime_combined_1/10/2020 1:41,8.847655717105724e-05
cat__datetime_combined_8/25/2020 21:58,8.838780872390778e-05
cat__datetime_combined_1/5/2020 15:46,8.838424337812923e-05
cat__datetime_combined_8/22/2020 1:11,8.836313292515928e-05
cat__datetime_combined_3/9/2020 4:48,8.834532669015383e-05
cat__datetime_combined_8/26/2020 1:44,8.821927277661716e-05
cat__datetime_combined_5/20/2020 12:25,8.818255248326125e-05
cat__datetime_combined_5/18/2020 19:47,8.813235771253375e-05
cat__datetime_combined_8/23/2020 0:13,8.808936003611009e-05
cat__datetime_combined_8/7/2020 2:35,8.806332265815131e-05
cat__datetime_combined_5/16/2020 21:17,8.805868487296463e-05
cat__datetime_combined_1/5/2020 12:42,8.80359987516282e-05
cat__datetime_combined_5/17/2020 3:42,8.798587605369407e-05
cat__datetime_combined_5/22/2020 19:51,8.796252151357576e-05
cat__datetime_combined_7/25/2020 3:45,8.75798011076225e-05
cat__datetime_combined_3/7/2020 19:55,8.754876694434153e-05
cat__datetime_combined_8/7/2020 1:02,8.753069603284719e-05
cat__datetime_combined_5/8/2020 23:01,8.751223736225748e-05
cat__datetime_combined_7/25/2020 1:44,8.7504558388547e-05
cat__datetime_combined_2/7/2020 23:19,8.739707709361509e-05
cat__datetime_combined_3/7/2020 13:20,8.724359290219725e-05
cat__datetime_combined_3/9/2020 1:56,8.719531779644933e-05
cat__datetime_combined_7/23/2020 21:25,8.709604060047502e-05
cat__datetime_combined_6/7/2020 18:25,8.703491518660159e-05
cat__datetime_combined_5/24/2020 9:11,8.702785945752279e-05
cat__datetime_combined_8/19/2020 2:20,8.698179949501457e-05
cat__datetime_combined_2/7/2020 22:32,8.685898592343274e-05
cat__datetime_combined_5/23/2020 0:36,8.673603659972925e-05
cat__datetime_combined_3/7/2020 2:25,8.664661917593953e-05
cat__datetime_combined_8/18/2020 4:16,8.663627073244184e-05
cat__datetime_combined_8/18/2020 16:06,8.661488330866606e-05
cat__datetime_combined_8/19/2020 3:00,8.65685142360943e-05
cat__datetime_combined_8/8/2020 0:36,8.65584770637988e-05
cat__datetime_combined_4/8/2020 23:28,8.645304406662453e-05
cat__datetime_combined_5/26/2020 17:22,8.639319992071937e-05
cat__datetime_combined_8/7/2020 5:04,8.637808261715164e-05
cat__datetime_combined_6/7/2020 22:31,8.635454716979921e-05
cat__datetime_combined_5/14/2020 6:39,8.616724244612098e-05
cat__datetime_combined_8/17/2020 4:51,8.60673577966028e-05
cat__datetime_combined_6/7/2020 19:11,8.602061586965075e-05
cat__datetime_combined_7/22/2020 23:49,8.600133427576938e-05
cat__datetime_combined_8/14/2020 7:24,8.59693754936481e-05
cat__datetime_combined_1/8/2020 3:51,8.582415516001103e-05
cat__datetime_combined_8/23/2020 13:12,8.582221837285827e-05
cat__datetime_combined_5/5/2020 17:57,8.57951891889716e-05
cat__datetime_combined_7/25/2020 7:32,8.567981435387049e-05
cat__datetime_combined_3/5/2020 22:45,8.556627424853625e-05
cat__datetime_combined_7/25/2020 14:05,8.549594927782621e-05
cat__datetime_combined_5/21/2020 9:40,8.549457163195047e-05
cat__datetime_combined_8/7/2020 11:09,8.528773117008642e-05
cat__datetime_combined_3/5/2020 1:16,8.528318462066088e-05
cat__datetime_combined_7/29/2020 13:38,8.521843036216626e-05
cat__datetime_combined_8/22/2020 17:11,8.518685236090628e-05
cat__datetime_combined_5/18/2020 18:20,8.517810687379524e-05
cat__datetime_combined_7/30/2020 17:27,8.515350255557135e-05
cat__datetime_combined_8/13/2020 4:30,8.504609781533709e-05
cat__datetime_combined_8/19/2020 11:45,8.460494372477491e-05
cat__datetime_combined_8/22/2020 14:04,8.457323095704263e-05
cat__datetime_combined_7/27/2020 2:05,8.45666560495133e-05
cat__datetime_combined_5/23/2020 17:58,8.456374161241554e-05
cat__datetime_combined_6/9/2020 11:27,8.451635342316552e-05
cat__datetime_combined_7/29/2020 18:27,8.449187855037443e-05
cat__datetime_combined_3/5/2020 9:43,8.439297363948985e-05
cat__datetime_combined_8/22/2020 16:22,8.432134734829852e-05
cat__datetime_combined_7/21/2020 23:47,8.427220919158832e-05
cat__datetime_combined_3/8/2020 3:26,8.426418231740894e-05
cat__datetime_combined_5/5/2020 11:15,8.409680491871464e-05
cat__datetime_combined_8/24/2020 0:53,8.39352021115507e-05
cat__datetime_combined_3/9/2020 4:06,8.390289161643583e-05
cat__datetime_combined_8/5/2020 11:21,8.386209542547204e-05
cat__datetime_combined_6/7/2020 23:13,8.379867813428568e-05
cat__datetime_combined_5/28/2020 11:59,8.372422745311536e-05
cat__datetime_combined_8/19/2020 3:45,8.369350720949412e-05
cat__datetime_combined_8/7/2020 1:52,8.36422419254727e-05
cat__datetime_combined_7/25/2020 15:26,8.335812690188976e-05
cat__datetime_combined_2/7/2020 7:41,8.333275996069638e-05
cat__datetime_combined_6/7/2020 15:36,8.327331153868633e-05
cat__datetime_combined_8/14/2020 13:21,8.320503411094737e-05
cat__datetime_combined_2/8/2020 15:52,8.316101137971562e-05
cat__datetime_combined_5/5/2020 4:20,8.315081386085386e-05
cat__datetime_combined_1/9/2020 9:38,8.314433977231153e-05
cat__datetime_combined_5/13/2020 2:39,8.304557252117637e-05
cat__datetime_combined_7/25/2020 13:27,8.301104835006463e-05
cat__datetime_combined_5/13/2020 11:59,8.298044716037949e-05
cat__datetime_combined_5/16/2020 7:12,8.296933942679258e-05
cat__datetime_combined_8/23/2020 2:35,8.294926446476466e-05
cat__datetime_combined_8/17/2020 1:49,8.285453113770755e-05
cat__datetime_combined_5/7/2020 1:17,8.284984207455384e-05
cat__datetime_combined_5/14/2020 12:32,8.271661850092109e-05
cat__datetime_combined_8/14/2020 12:25,8.266998856470463e-05
cat__datetime_combined_8/5/2020 9:56,8.25234448821346e-05
cat__datetime_combined_5/13/2020 11:13,8.247765103134762e-05
cat__datetime_combined_8/19/2020 13:05,8.197121968556571e-05
cat__datetime_combined_6/7/2020 14:07,8.196123062709693e-05
cat__datetime_combined_5/7/2020 16:47,8.195444144101267e-05
cat__datetime_combined_5/26/2020 18:07,8.195049436074657e-05
cat__datetime_combined_8/23/2020 0:07,8.189198242468208e-05
cat__datetime_combined_5/21/2020 8:53,8.1726168621701e-05
cat__datetime_combined_5/7/2020 7:55,8.162025592515723e-05
cat__datetime_combined_7/29/2020 8:15,8.160367641020457e-05
cat__datetime_combined_8/8/2020 10:59,8.140714559538182e-05
cat__datetime_combined_5/17/2020 20:02,8.13832905573983e-05
cat__datetime_combined_5/14/2020 15:27,8.129454440405913e-05
cat__datetime_combined_5/13/2020 15:29,8.128266545972666e-05
cat__datetime_combined_6/9/2020 7:41,8.127495693218695e-05
cat__datetime_combined_8/8/2020 1:58,8.122722785619542e-05
cat__datetime_combined_7/25/2020 17:25,8.122578482113452e-05
cat__datetime_combined_8/19/2020 19:07,8.11617773658776e-05
cat__datetime_combined_7/16/2020 21:44,8.115530687958474e-05
cat__datetime_combined_3/7/2020 5:57,8.108891414259152e-05
cat__datetime_combined_5/7/2020 3:25,8.103226124252668e-05
cat__datetime_combined_5/24/2020 14:29,8.086249880547232e-05
cat__datetime_combined_5/7/2020 18:10,8.080783239242002e-05
cat__datetime_combined_7/26/2020 3:30,8.073700195246996e-05
cat__datetime_combined_8/9/2020 4:49,8.069947407310942e-05
cat__datetime_combined_8/14/2020 7:57,8.046621264941931e-05
cat__datetime_combined_5/7/2020 2:38,8.039521251711935e-05
cat__datetime_combined_2/7/2020 23:59,8.037272667974281e-05
cat__datetime_combined_5/29/2020 13:06,8.033818730069481e-05
cat__datetime_combined_8/24/2020 3:12,8.028015776771351e-05
cat__datetime_combined_3/7/2020 3:07,8.024178631922349e-05
cat__datetime_combined_8/18/2020 14:03,8.020844777770835e-05
cat__datetime_combined_5/29/2020 23:36,8.013718617840837e-05
cat__datetime_combined_7/30/2020 0:37,8.007572381533569e-05
cat__datetime_combined_8/25/2020 23:26,7.999479573200406e-05
cat__datetime_combined_7/7/2020 8:39,7.99668364995191e-05
cat__datetime_combined_6/7/2020 11:58,7.993562102264212e-05
cat__datetime_combined_5/7/2020 1:54,7.983058446714569e-05
cat__datetime_combined_8/26/2020 2:24,7.961944970088087e-05
cat__datetime_combined_8/15/2020 19:00,7.961670891827537e-05
cat__datetime_combined_8/17/2020 15:54,7.95842720323261e-05
cat__datetime_combined_8/20/2020 5:41,7.948802373510149e-05
cat__datetime_combined_2/8/2020 19:34,7.937332923755916e-05
cat__datetime_combined_5/8/2020 8:54,7.91111689321539e-05
cat__datetime_combined_8/19/2020 11:05,7.908628231140344e-05
cat__datetime_combined_5/29/2020 14:05,7.908377168549968e-05
cat__datetime_combined_5/16/2020 8:04,7.900180601604264e-05
cat__datetime_combined_8/19/2020 17:00,7.894988144584308e-05
cat__datetime_combined_8/14/2020 1:22,7.88670011976633e-05
cat__datetime_combined_5/26/2020 8:56,7.876288794970045e-05
cat__datetime_combined_8/20/2020 17:01,7.876074502960675e-05
cat__datetime_combined_8/22/2020 7:05,7.864863296188817e-05
cat__datetime_combined_7/17/2020 15:47,7.862719758995299e-05
cat__datetime_combined_8/18/2020 19:59,7.854162930534592e-05
cat__datetime_combined_8/19/2020 16:22,7.852352219775306e-05
cat__datetime_combined_7/7/2020 10:36,7.851482873590564e-05
cat__datetime_combined_8/17/2020 14:17,7.84843686067396e-05
cat__datetime_combined_8/15/2020 12:45,7.845618239041098e-05
cat__datetime_combined_5/13/2020 19:43,7.843720600422008e-05
cat__datetime_combined_8/7/2020 5:41,7.842864191785676e-05
cat__datetime_combined_8/19/2020 1:42,7.840168630389975e-05
cat__datetime_combined_8/19/2020 15:41,7.840109657052443e-05
cat__datetime_combined_3/7/2020 16:56,7.823710444367425e-05
cat__datetime_combined_7/25/2020 22:00,7.822101237801632e-05
cat__datetime_combined_8/16/2020 6:31,7.812695660020586e-05
cat__datetime_combined_8/14/2020 19:25,7.81266475437696e-05
cat__datetime_combined_2/7/2020 21:04,7.804467677814144e-05
cat__datetime_combined_4/9/2020 16:04,7.802700392520448e-05
cat__datetime_combined_8/21/2020 11:58,7.802182339237486e-05
cat__datetime_combined_8/19/2020 15:03,7.787481426733843e-05
cat__datetime_combined_3/8/2020 10:22,7.779998555148128e-05
cat__datetime_combined_3/5/2020 12:34,7.761418978048732e-05
cat__datetime_combined_4/8/2020 2:16,7.760904840830291e-05
cat__datetime_combined_6/9/2020 19:19,7.759116064930035e-05
cat__datetime_combined_8/14/2020 12:28,7.756352658405205e-05
cat__datetime_combined_5/17/2020 22:28,7.75400668858927e-05
cat__datetime_combined_8/16/2020 17:03,7.7333350959678e-05
cat__datetime_combined_5/14/2020 18:20,7.727200108225045e-05
cat__datetime_combined_6/7/2020 16:20,7.72431138608886e-05
cat__datetime_combined_5/14/2020 9:43,7.723359046619628e-05
cat__datetime_combined_5/8/2020 15:35,7.705230939518105e-05
cat__datetime_combined_8/19/2020 23:37,7.70415065409301e-05
cat__datetime_combined_8/15/2020 20:27,7.68358423791846e-05
cat__datetime_combined_7/30/2020 16:39,7.67864855209151e-05
cat__datetime_combined_5/29/2020 1:35,7.663514520759692e-05
cat__datetime_combined_5/24/2020 10:06,7.662877914147944e-05
cat__datetime_combined_8/24/2020 19:18,7.651934679759577e-05
cat__datetime_combined_8/21/2020 12:41,7.649744514707149e-05
cat__datetime_combined_6/9/2020 5:29,7.648123773346844e-05
cat__datetime_combined_7/25/2020 12:04,7.647724153944408e-05
cat__datetime_combined_8/25/2020 17:58,7.636979389737067e-05
cat__datetime_combined_8/26/2020 3:14,7.631634032600039e-05
cat__datetime_combined_7/25/2020 18:41,7.618288322600561e-05
cat__datetime_combined_8/8/2020 20:50,7.617154603264966e-05
cat__datetime_combined_8/23/2020 5:46,7.610111883115032e-05
cat__datetime_combined_7/24/2020 13:11,7.604629131707465e-05
cat__datetime_combined_6/7/2020 14:55,7.598038963670711e-05
cat__datetime_combined_7/25/2020 8:44,7.594323149374568e-05
cat__datetime_combined_8/14/2020 12:26,7.59416924594641e-05
cat__datetime_combined_8/16/2020 10:55,7.593783782389838e-05
cat__datetime_combined_5/26/2020 10:56,7.58808865240368e-05
cat__datetime_combined_5/23/2020 11:13,7.586599782190311e-05
cat__datetime_combined_8/16/2020 13:45,7.585092921679512e-05
cat__datetime_combined_1/9/2020 12:01,7.579349180751928e-05
cat__datetime_combined_5/28/2020 5:00,7.560213356337158e-05
cat__datetime_combined_8/5/2020 7:43,7.551977548024089e-05
cat__datetime_combined_8/21/2020 7:21,7.549592838197474e-05
cat__datetime_combined_8/23/2020 20:56,7.549318336012296e-05
cat__datetime_combined_8/23/2020 1:48,7.544618324686837e-05
cat__datetime_combined_5/14/2020 16:55,7.531454473438832e-05
cat__datetime_combined_5/26/2020 16:39,7.529661790708394e-05
cat__datetime_combined_5/18/2020 6:35,7.519169738751244e-05
cat__datetime_combined_2/8/2020 6:01,7.514864478631675e-05
cat__datetime_combined_3/7/2020 11:46,7.511650802866589e-05
cat__datetime_combined_8/23/2020 4:08,7.509638236074315e-05
cat__datetime_combined_6/7/2020 12:39,7.505999152397663e-05
cat__datetime_combined_8/21/2020 19:14,7.50254334592206e-05
cat__datetime_combined_8/14/2020 21:07,7.49708299256898e-05
cat__datetime_combined_5/26/2020 19:36,7.4876292997609e-05
cat__datetime_combined_5/7/2020 11:21,7.48268055505704e-05
cat__datetime_combined_1/5/2020 13:31,7.482463386739984e-05
cat__datetime_combined_7/7/2020 4:16,7.48219487751615e-05
cat__datetime_combined_8/19/2020 9:48,7.479989428953643e-05
cat__datetime_combined_7/22/2020 0:28,7.479501681812864e-05
cat__datetime_combined_5/18/2020 16:02,7.479223131370026e-05
cat__datetime_combined_7/30/2020 18:45,7.466180746436791e-05
cat__datetime_combined_5/18/2020 13:02,7.458902167072737e-05
cat__datetime_combined_5/5/2020 12:39,7.457702483160438e-05
cat__datetime_combined_7/30/2020 3:58,7.456824613633261e-05
cat__datetime_combined_8/23/2020 7:25,7.441256175354421e-05
cat__datetime_combined_3/8/2020 7:26,7.433100155767341e-05
cat__datetime_combined_7/25/2020 2:25,7.423404341265232e-05
cat__datetime_combined_5/29/2020 3:43,7.416643578198121e-05
cat__datetime_combined_7/25/2020 4:22,7.415078813806179e-05
cat__datetime_combined_8/25/2020 22:37,7.370207025045192e-05
cat__datetime_combined_8/14/2020 21:48,7.365088673977795e-05
cat__datetime_combined_5/5/2020 23:34,7.351594306924149e-05
cat__datetime_combined_5/18/2020 22:09,7.344499005711075e-05
cat__datetime_combined_7/25/2020 9:20,7.332921240347834e-05
cat__datetime_combined_8/14/2020 17:45,7.331408691290868e-05
cat__datetime_combined_1/9/2020 14:21,7.330696525210526e-05
cat__datetime_combined_6/8/2020 11:10,7.303733199889216e-05
cat__datetime_combined_5/18/2020 8:39,7.292957527530406e-05
cat__datetime_combined_8/14/2020 14:47,7.292069869303061e-05
cat__datetime_combined_8/19/2020 7:20,7.291425789966088e-05
cat__datetime_combined_8/22/2020 19:36,7.28324000262498e-05
cat__datetime_combined_8/17/2020 12:00,7.275695779205333e-05
cat__datetime_combined_1/5/2020 14:12,7.266763688704511e-05
cat__datetime_combined_8/5/2020 18:35,7.26330894690274e-05
cat__datetime_combined_5/15/2020 17:04,7.247664091214256e-05
cat__datetime_combined_5/17/2020 18:18,7.24709028103416e-05
cat__datetime_combined_8/9/2020 14:57,7.243587620755414e-05
cat__datetime_combined_8/17/2020 0:05,7.243171643339992e-05
cat__datetime_combined_8/26/2020 0:53,7.235767172771288e-05
cat__datetime_combined_7/22/2020 11:49,7.234898803595181e-05
cat__datetime_combined_8/23/2020 23:24,7.224570043725751e-05
cat__datetime_combined_5/7/2020 21:00,7.209743735842598e-05
cat__datetime_combined_6/9/2020 17:12,7.1929987495657e-05
cat__datetime_combined_2/5/2020 16:31,7.191702271524826e-05
cat__datetime_combined_8/22/2020 8:25,7.188626837382721e-05
cat__datetime_combined_6/9/2020 15:03,7.188197165313398e-05
cat__datetime_combined_8/19/2020 6:20,7.17436695909002e-05
cat__datetime_combined_5/28/2020 4:13,7.172290249064168e-05
cat__datetime_combined_3/5/2020 4:25,7.162047286595277e-05
cat__datetime_combined_7/7/2020 14:13,7.16174669216356e-05
cat__datetime_combined_5/8/2020 4:55,7.160874198472753e-05
cat__datetime_combined_3/5/2020 10:21,7.157046805974692e-05
cat__datetime_combined_8/20/2020 5:03,7.128302121575864e-05
cat__datetime_combined_7/26/2020 4:49,7.125431046719113e-05
cat__datetime_combined_7/7/2020 1:03,7.107477784925962e-05
cat__datetime_combined_4/9/2020 21:32,7.100422582806766e-05
cat__datetime_combined_8/26/2020 6:18,7.077092331634214e-05
cat__datetime_combined_8/18/2020 18:21,7.059468657289434e-05
cat__datetime_combined_3/5/2020 14:05,7.056821951618446e-05
cat__datetime_combined_5/13/2020 23:27,7.055655761651764e-05
cat__datetime_combined_5/20/2020 8:42,7.052707934043759e-05
cat__datetime_combined_4/7/2020 6:03,7.044616658454127e-05
cat__datetime_combined_7/25/2020 16:48,7.043841657565265e-05
cat__datetime_combined_5/20/2020 13:04,7.043354148036622e-05
cat__datetime_combined_8/23/2020 15:51,7.022903957886886e-05
cat__datetime_combined_7/30/2020 7:24,7.01824527828425e-05
cat__datetime_combined_8/18/2020 17:20,7.014136464005912e-05
cat__datetime_combined_8/7/2020 9:48,6.995209190259851e-05
cat__datetime_combined_7/25/2020 8:05,6.993346213711159e-05
cat__datetime_combined_5/20/2020 22:25,6.975730410961423e-05
cat__datetime_combined_4/9/2020 20:51,6.974273818468731e-05
cat__datetime_combined_7/28/2020 19:09,6.971738012877619e-05
cat__datetime_combined_8/7/2020 9:02,6.967324559398422e-05
cat__datetime_combined_5/18/2020 2:07,6.964282616519493e-05
cat__datetime_combined_3/8/2020 9:43,6.964200427300726e-05
cat__datetime_combined_8/23/2020 19:23,6.935580956816201e-05
cat__datetime_combined_8/15/2020 6:47,6.92497297087647e-05
cat__datetime_combined_8/22/2020 20:17,6.92285814835573e-05
cat__datetime_combined_5/14/2020 3:10,6.920392499971544e-05
cat__datetime_combined_5/14/2020 17:33,6.919388108886758e-05
cat__datetime_combined_6/7/2020 19:54,6.917772282303274e-05
cat__datetime_combined_8/16/2020 5:13,6.912871610803914e-05
cat__datetime_combined_8/9/2020 14:07,6.907852776570461e-05
cat__datetime_combined_3/5/2020 5:08,6.907436079193644e-05
cat__datetime_combined_7/25/2020 3:06,6.899982009026647e-05
cat__datetime_combined_3/5/2020 0:19,6.875944242011612e-05
cat__datetime_combined_5/30/2020 14:19,6.842147885154158e-05
cat__datetime_combined_7/21/2020 15:33,6.837286213068073e-05
cat__datetime_combined_8/13/2020 22:08,6.825607645833743e-05
cat__datetime_combined_8/9/2020 20:18,6.813035925542964e-05
cat__datetime_combined_8/5/2020 8:39,6.806112241556146e-05
cat__datetime_combined_8/9/2020 18:50,6.801571588297473e-05
cat__datetime_combined_5/24/2020 23:37,6.799746294798117e-05
cat__datetime_combined_8/15/2020 16:54,6.793779359659839e-05
cat__datetime_combined_7/23/2020 14:03,6.793420536507215e-05
cat__datetime_combined_8/5/2020 17:04,6.789384833834324e-05
cat__datetime_combined_7/7/2020 0:20,6.7846673153203e-05
cat__datetime_combined_5/13/2020 21:19,6.777211877224775e-05
cat__datetime_combined_5/15/2020 14:07,6.75698764756934e-05
cat__datetime_combined_8/14/2020 8:37,6.75549812886676e-05
cat__datetime_combined_4/8/2020 5:37,6.753931413468225e-05
cat__datetime_combined_8/18/2020 7:45,6.748343105518398e-05
cat__datetime_combined_8/26/2020 5:32,6.73993918401038e-05
cat__datetime_combined_8/7/2020 13:18,6.73943286018671e-05
cat__datetime_combined_5/13/2020 18:58,6.729661800792412e-05
cat__datetime_combined_8/17/2020 9:06,6.728181554658695e-05
cat__datetime_combined_5/20/2020 7:52,6.714429845317643e-05
cat__datetime_combined_7/25/2020 12:47,6.697278111252063e-05
cat__datetime_combined_8/15/2020 2:36,6.687070076162152e-05
cat__datetime_combined_4/7/2020 16:30,6.684029721420322e-05
cat__datetime_combined_5/8/2020 8:22,6.665196668893286e-05
cat__datetime_combined_1/9/2020 23:16,6.662454889206378e-05
cat__datetime_combined_5/23/2020 13:24,6.656652667563603e-05
cat__datetime_combined_4/9/2020 12:52,6.630370815086273e-05
cat__datetime_combined_7/27/2020 15:50,6.62387407805491e-05
cat__datetime_combined_8/9/2020 21:05,6.621736227704099e-05
cat__datetime_combined_5/7/2020 6:37,6.605178788602936e-05
cat__datetime_combined_8/23/2020 9:11,6.604267540114925e-05
cat__datetime_combined_5/30/2020 12:42,6.59691728456765e-05
cat__datetime_combined_5/5/2020 1:16,6.589298381990171e-05
cat__datetime_combined_8/9/2020 17:09,6.586846531173534e-05
cat__datetime_combined_5/14/2020 6:03,6.579203539075807e-05
cat__datetime_combined_2/5/2020 1:05,6.546138899140533e-05
cat__datetime_combined_3/5/2020 2:04,6.530319399322905e-05
cat__datetime_combined_7/7/2020 22:47,6.517007115938119e-05
cat__datetime_combined_8/15/2020 17:36,6.510943725703412e-05
cat__datetime_combined_7/25/2020 19:23,6.501857242162841e-05
cat__datetime_combined_8/20/2020 1:03,6.49262830874218e-05
cat__datetime_combined_5/23/2020 10:08,6.487499603817567e-05
cat__datetime_combined_7/25/2020 11:23,6.482524953933375e-05
cat__datetime_combined_5/14/2020 0:57,6.474407166179765e-05
cat__datetime_combined_7/30/2020 22:35,6.470275866536941e-05
cat__datetime_combined_8/20/2020 20:54,6.440273877560952e-05
cat__datetime_combined_5/28/2020 5:46,6.432901009542764e-05
cat__datetime_combined_8/5/2020 1:05,6.42886917520476e-05
cat__datetime_combined_8/18/2020 14:44,6.426336522388554e-05
cat__datetime_combined_8/14/2020 14:04,6.420833510740277e-05
cat__datetime_combined_5/14/2020 4:32,6.404116509573018e-05
cat__datetime_combined_7/30/2020 10:26,6.370249730935486e-05
cat__datetime_combined_4/7/2020 23:50,6.356827339680214e-05
cat__datetime_combined_7/22/2020 12:34,6.337549782782736e-05
cat__datetime_combined_5/14/2020 8:58,6.335041978973355e-05
cat__datetime_combined_5/28/2020 8:00,6.332045959023362e-05
cat__datetime_combined_8/23/2020 1:00,6.330463873396972e-05
cat__datetime_combined_5/13/2020 18:19,6.329102154819755e-05
cat__datetime_combined_2/7/2020 17:46,6.322840963653362e-05
cat__datetime_combined_6/7/2020 17:44,6.3181922446327e-05
cat__datetime_combined_4/9/2020 22:17,6.312804536284569e-05
cat__datetime_combined_8/23/2020 6:39,6.293483213035113e-05
cat__datetime_combined_8/5/2020 2:33,6.274715985357207e-05
cat__datetime_combined_7/25/2020 21:21,6.268354606827458e-05
cat__datetime_combined_3/7/2020 8:26,6.222459265547762e-05
cat__datetime_combined_5/13/2020 18:41,6.219203508445759e-05
cat__datetime_combined_1/10/2020 15:38,6.182713794453629e-05
cat__datetime_combined_7/31/2020 13:16,6.168181253794775e-05
cat__datetime_combined_6/5/2020 7:26,6.163951453088193e-05
cat__datetime_combined_5/14/2020 7:26,6.158140708375563e-05
cat__datetime_combined_5/30/2020 10:34,6.15577424631905e-05
cat__datetime_combined_5/20/2020 21:32,6.145259157056975e-05
cat__datetime_combined_4/9/2020 20:02,6.135375766832556e-05
cat__datetime_combined_8/13/2020 3:08,6.132362614251437e-05
cat__datetime_combined_5/14/2020 5:16,6.114594070234787e-05
cat__datetime_combined_8/5/2020 4:11,6.110114030767811e-05
cat__datetime_combined_8/20/2020 19:06,6.103806130687107e-05
cat__datetime_combined_8/14/2020 16:14,6.097778694629255e-05
cat__datetime_combined_3/7/2020 11:08,6.073689607340378e-05
cat__datetime_combined_8/9/2020 15:38,6.054497946246187e-05
cat__datetime_combined_3/8/2020 6:33,6.0502368495153903e-05
cat__datetime_combined_5/30/2020 2:25,6.037785154118859e-05
cat__datetime_combined_8/22/2020 3:08,6.014874502858464e-05
cat__datetime_combined_8/22/2020 18:45,6.0136499745509686e-05
cat__datetime_combined_3/7/2020 6:38,6.012064494613026e-05
cat__datetime_combined_8/7/2020 6:29,5.999807840877346e-05
cat__datetime_combined_5/15/2020 15:34,5.971294571347423e-05
cat__datetime_combined_7/7/2020 22:08,5.970544445406489e-05
cat__datetime_combined_5/7/2020 4:02,5.967630832138879e-05
cat__datetime_combined_7/30/2020 6:40,5.966170495755388e-05
cat__datetime_combined_8/8/2020 19:34,5.9563794058956736e-05
cat__datetime_combined_8/5/2020 20:05,5.926131280577342e-05
cat__datetime_combined_5/15/2020 11:12,5.9156567136563346e-05
cat__datetime_combined_3/8/2020 8:14,5.887180287719135e-05
cat__datetime_combined_4/9/2020 1:21,5.875170736544598e-05
cat__datetime_combined_5/18/2020 11:36,5.862602171030157e-05
cat__datetime_combined_7/22/2020 16:06,5.84871182631803e-05
cat__datetime_combined_8/22/2020 10:47,5.847597805688912e-05
cat__datetime_combined_8/9/2020 17:53,5.843086673649231e-05
cat__datetime_combined_5/5/2020 3:40,5.824707663830281e-05
cat__datetime_combined_8/5/2020 16:21,5.8221334498963925e-05
cat__datetime_combined_5/14/2020 14:43,5.7775920666254844e-05
cat__datetime_combined_8/16/2020 19:52,5.7719946642969695e-05
cat__datetime_combined_5/30/2020 18:03,5.7456500135170176e-05
cat__datetime_combined_2/7/2020 21:45,5.740866924614674e-05
cat__datetime_combined_5/16/2020 14:58,5.7386092563161484e-05
cat__datetime_combined_1/5/2020 22:02,5.735178389759053e-05
cat__datetime_combined_5/16/2020 13:58,5.727697859191925e-05
cat__datetime_combined_5/15/2020 16:22,5.7196465030741094e-05
cat__datetime_combined_5/20/2020 19:38,5.69705997451084e-05
cat__datetime_combined_8/21/2020 3:08,5.68433024467284e-05
cat__datetime_combined_8/5/2020 15:48,5.670754211561635e-05
cat__datetime_combined_3/7/2020 7:31,5.6631477260578274e-05
cat__datetime_combined_5/16/2020 22:02,5.6591029608097896e-05
cat__datetime_combined_5/16/2020 1:42,5.655981315947925e-05
cat__datetime_combined_4/7/2020 20:58,5.643103035736635e-05
cat__datetime_combined_8/24/2020 7:52,5.6372037135026196e-05
cat__datetime_combined_5/5/2020 15:43,5.6344652381991407e-05
cat__datetime_combined_5/29/2020 15:16,5.6328660531134516e-05
cat__datetime_combined_8/20/2020 6:41,5.623905090529186e-05
cat__datetime_combined_8/5/2020 5:34,5.6232300521592765e-05
cat__datetime_combined_7/19/2020 19:26,5.6049182985785695e-05
cat__datetime_combined_5/20/2020 16:17,5.58918791895692e-05
cat__datetime_combined_5/30/2020 3:25,5.585325644082719e-05
cat__datetime_combined_1/10/2020 16:04,5.571805112180877e-05
cat__datetime_combined_5/30/2020 16:35,5.556912889413795e-05
cat__datetime_combined_5/26/2020 8:08,5.5257833251054326e-05
cat__datetime_combined_5/20/2020 18:52,5.516420639564046e-05
cat__datetime_combined_8/7/2020 11:53,5.507328607481704e-05
cat__datetime_combined_5/30/2020 10:49,5.4873444548142426e-05
cat__datetime_combined_2/5/2020 15:29,5.4863821717423346e-05
cat__datetime_combined_8/8/2020 13:43,5.4622628460743935e-05
cat__datetime_combined_8/23/2020 4:56,5.4526108722162843e-05
cat__datetime_combined_3/8/2020 8:53,5.447815176756899e-05
cat__datetime_combined_6/9/2020 10:01,5.44632775481151e-05
cat__datetime_combined_7/30/2020 11:03,5.4376828833510236e-05
cat__datetime_combined_3/7/2020 4:35,5.429797386808738e-05
cat__datetime_combined_8/9/2020 16:24,5.428999078868419e-05
cat__datetime_combined_2/5/2020 14:02,5.428328865393746e-05
cat__datetime_combined_8/7/2020 7:06,5.4045135481953254e-05
cat__datetime_combined_5/16/2020 3:29,5.397577496948305e-05
cat__datetime_combined_8/23/2020 3:20,5.38286470058656e-05
cat__datetime_combined_8/8/2020 8:58,5.379033525952144e-05
cat__datetime_combined_2/7/2020 19:24,5.356224957005077e-05
cat__datetime_combined_8/22/2020 21:53,5.346545613489627e-05
cat__datetime_combined_3/5/2020 9:00,5.3360538044451505e-05
cat__datetime_combined_5/5/2020 9:39,5.332582077146575e-05
cat__datetime_combined_6/7/2020 17:00,5.3312963208654445e-05
cat__datetime_combined_5/5/2020 23:07,5.319291437217396e-05
cat__datetime_combined_7/25/2020 22:39,5.312017477085933e-05
cat__datetime_combined_8/17/2020 12:35,5.310600174874899e-05
cat__datetime_combined_8/18/2020 17:40,5.309940755768103e-05
cat__datetime_combined_3/9/2020 3:24,5.30613413558021e-05
cat__datetime_combined_8/5/2020 23:44,5.302180075601439e-05
cat__datetime_combined_8/7/2020 8:25,5.2960751491665054e-05
cat__datetime_combined_4/9/2020 15:25,5.2698219723966306e-05
cat__datetime_combined_5/5/2020 14:57,5.260602198500579e-05
cat__datetime_combined_8/19/2020 21:54,5.2509519713953895e-05
cat__datetime_combined_8/23/2020 8:23,5.240494728771168e-05
cat__datetime_combined_5/16/2020 17:09,5.238046846395529e-05
cat__datetime_combined_5/26/2020 18:59,5.222536530026838e-05
cat__datetime_combined_5/5/2020 21:18,5.209240363742407e-05
cat__datetime_combined_5/15/2020 22:31,5.208637614573919e-05
cat__datetime_combined_8/5/2020 4:50,5.2009337643803565e-05
cat__datetime_combined_8/14/2020 17:03,5.1877868519493464e-05
cat__datetime_combined_8/7/2020 12:41,5.1777022794390516e-05
cat__datetime_combined_4/9/2020 14:47,5.169426862968775e-05
cat__datetime_combined_4/8/2020 0:53,5.1600272505161035e-05
cat__datetime_combined_8/16/2020 4:14,5.150222681332339e-05
cat__datetime_combined_5/20/2020 17:59,5.137146273813603e-05
cat__datetime_combined_8/20/2020 2:38,5.136407187013143e-05
cat__datetime_combined_8/22/2020 23:28,5.105218146002834e-05
cat__datetime_combined_5/30/2020 17:19,5.094930719935689e-05
cat__datetime_combined_2/5/2020 18:41,5.077844724161186e-05
cat__datetime_combined_5/14/2020 0:12,5.068138494760063e-05
cat__datetime_combined_8/21/2020 17:53,5.055799164516423e-05
cat__datetime_combined_5/30/2020 11:49,5.042687573830869e-05
cat__datetime_combined_8/5/2020 3:18,5.037523211064748e-05
cat__datetime_combined_8/16/2020 7:17,5.021703968209012e-05
cat__datetime_combined_8/9/2020 19:26,5.0054549227049134e-05
cat__datetime_combined_5/5/2020 19:38,4.987877946483658e-05
cat__datetime_combined_5/16/2020 15:30,4.9641127234539366e-05
cat__datetime_combined_1/5/2020 18:50,4.9604174356261615e-05
cat__datetime_combined_5/7/2020 5:18,4.953822332003246e-05
cat__datetime_combined_8/16/2020 15:46,4.9459901254604226e-05
cat__datetime_combined_5/13/2020 7:48,4.944940135375434e-05
cat__datetime_combined_5/13/2020 20:36,4.935803127444851e-05
cat__datetime_combined_5/30/2020 18:40,4.934289307922254e-05
cat__datetime_combined_7/25/2020 5:04,4.927145452994188e-05
cat__datetime_combined_5/20/2020 20:34,4.917213751015908e-05
cat__datetime_combined_8/7/2020 14:01,4.913493828003217e-05
cat__datetime_combined_8/22/2020 21:07,4.913413247060446e-05
cat__datetime_combined_6/9/2020 2:07,4.895351255099843e-05
cat__datetime_combined_7/5/2020 19:01,4.870583965770256e-05
cat__datetime_combined_6/9/2020 10:44,4.860145051435678e-05
cat__datetime_combined_8/5/2020 21:21,4.8349338442951e-05
cat__datetime_combined_5/5/2020 13:21,4.8180159651269306e-05
cat__datetime_combined_5/30/2020 7:29,4.8140098401627914e-05
cat__datetime_combined_7/27/2020 4:45,4.80814062983105e-05
cat__datetime_combined_5/18/2020 7:19,4.750078184732072e-05
cat__datetime_combined_5/30/2020 13:30,4.738661479722904e-05
cat__datetime_combined_5/13/2020 7:05,4.715947529083328e-05
cat__datetime_combined_1/9/2020 8:51,4.7146592070979625e-05
cat__datetime_combined_5/15/2020 6:41,4.7113623723290275e-05
cat__datetime_combined_5/15/2020 14:47,4.697835749321022e-05
cat__datetime_combined_5/15/2020 10:31,4.693459893350042e-05
cat__datetime_combined_7/25/2020 20:03,4.67100002784669e-05
cat__datetime_combined_5/15/2020 8:13,4.6479405351685696e-05
cat__datetime_combined_8/5/2020 1:48,4.6368238494452994e-05
cat__datetime_combined_8/20/2020 9:23,4.63662037621296e-05
cat__datetime_combined_5/15/2020 20:58,4.631858421336439e-05
cat__datetime_combined_5/16/2020 4:17,4.618738740663998e-05
cat__datetime_combined_5/5/2020 5:21,4.617933959690288e-05
cat__datetime_combined_7/27/2020 8:49,4.61367878746881e-05
cat__datetime_combined_5/20/2020 14:38,4.589731668531015e-05
cat__datetime_combined_4/9/2020 13:30,4.580745519874225e-05
cat__datetime_combined_8/16/2020 5:57,4.5593210879460834e-05
cat__datetime_combined_5/16/2020 1:03,4.5465261556825006e-05
cat__datetime_combined_4/9/2020 12:17,4.5286708623759775e-05
cat__datetime_combined_8/5/2020 20:41,4.524171327631796e-05
cat__datetime_combined_5/5/2020 8:08,4.516567389117698e-05
cat__datetime_combined_5/16/2020 11:00,4.513175328512068e-05
cat__datetime_combined_8/22/2020 12:22,4.5052162626024824e-05
cat__datetime_combined_5/5/2020 20:35,4.48993160159299e-05
cat__datetime_combined_5/30/2020 6:39,4.474363560380244e-05
cat__datetime_combined_8/22/2020 9:13,4.47232462657821e-05
cat__datetime_combined_8/5/2020 6:17,4.466207009311566e-05
cat__datetime_combined_8/7/2020 6:25,4.4438055851929104e-05
cat__datetime_combined_5/5/2020 10:20,4.4381164039023454e-05
cat__datetime_combined_5/16/2020 2:47,4.4376336152071283e-05
cat__datetime_combined_4/9/2020 11:24,4.3706267089421236e-05
cat__datetime_combined_8/23/2020 10:56,4.3531827480951355e-05
cat__datetime_combined_5/14/2020 22:00,4.350131814344633e-05
cat__datetime_combined_5/13/2020 13:34,4.3479159524421655e-05
cat__datetime_combined_8/22/2020 10:03,4.3409569668779716e-05
cat__datetime_combined_5/16/2020 18:01,4.3404393925277326e-05
cat__datetime_combined_6/7/2020 10:16,4.2876279348286914e-05
cat__datetime_combined_5/30/2020 4:16,4.277602372009304e-05
cat__datetime_combined_8/7/2020 10:30,4.265340972632356e-05
cat__datetime_combined_5/20/2020 17:04,4.250696030706519e-05
cat__datetime_combined_5/5/2020 8:54,4.2500307648720704e-05
cat__datetime_combined_5/30/2020 5:08,4.2407016136363054e-05
cat__datetime_combined_6/9/2020 18:05,4.2321423106128574e-05
cat__datetime_combined_7/7/2020 23:37,4.217431825823327e-05
cat__datetime_combined_8/22/2020 1:52,4.2079291592253254e-05
cat__datetime_combined_8/17/2020 15:06,4.2034946709397444e-05
cat__datetime_combined_1/5/2020 3:22,4.1682697312520766e-05
cat__datetime_combined_4/7/2020 3:13,4.138467953899322e-05
cat__datetime_combined_8/7/2020 7:51,4.1224433007616806e-05
cat__datetime_combined_4/7/2020 6:45,4.107584400206574e-05
cat__datetime_combined_5/5/2020 0:18,4.0723890644126616e-05
cat__datetime_combined_5/8/2020 7:35,4.0704279300777495e-05
cat__datetime_combined_8/5/2020 12:43,4.008953967506946e-05
cat__datetime_combined_5/15/2020 1:39,3.9444586064219206e-05
cat__datetime_combined_5/14/2020 22:24,3.929684708966109e-05
cat__datetime_combined_5/30/2020 2:03,3.90682029030924e-05
cat__datetime_combined_5/30/2020 15:46,3.906201782010354e-05
cat__datetime_combined_4/8/2020 1:37,3.884929862614674e-05
cat__datetime_combined_8/23/2020 22:27,3.8233377764400834e-05
cat__datetime_combined_5/5/2020 11:50,3.82124922562015e-05
cat__datetime_combined_8/22/2020 5:07,3.81138644216095e-05
cat__datetime_combined_8/7/2020 14:48,3.781698402134342e-05
cat__datetime_combined_3/7/2020 15:28,3.781323638764946e-05
cat__datetime_combined_5/5/2020 2:19,3.780125377993175e-05
cat__datetime_combined_5/30/2020 5:56,3.701848774731783e-05
cat__datetime_combined_5/15/2020 5:47,3.691141047661049e-05
cat__datetime_combined_8/5/2020 22:12,3.690914363773696e-05
cat__datetime_combined_2/7/2020 18:29,3.627859365625334e-05
cat__datetime_combined_5/16/2020 16:21,3.614295270109849e-05
cat__datetime_combined_5/14/2020 23:28,3.603928761989992e-05
cat__datetime_combined_8/5/2020 23:00,3.5679314520906866e-05
cat__datetime_combined_8/22/2020 11:37,3.5335235949410177e-05
cat__datetime_combined_5/14/2020 19:53,3.464036053666853e-05
cat__datetime_combined_5/5/2020 0:26,3.462327104312998e-05
cat__datetime_combined_8/23/2020 21:41,3.39708427865078e-05
cat__datetime_combined_5/16/2020 19:45,3.386505603735486e-05
cat__datetime_combined_7/5/2020 6:25,3.3093271834671495e-05
cat__datetime_combined_5/15/2020 19:14,3.297240165739201e-05
cat__datetime_combined_4/9/2020 8:52,3.266630412893525e-05
cat__datetime_combined_5/15/2020 9:56,3.2302471571393415e-05
cat__datetime_combined_5/15/2020 3:21,3.220476006577168e-05
cat__datetime_combined_8/22/2020 14:53,3.212193533913452e-05
cat__datetime_combined_5/5/2020 7:42,3.203974367854748e-05
cat__datetime_combined_5/15/2020 17:46,3.190144552078914e-05
cat__datetime_combined_5/20/2020 15:31,3.180257624570537e-05
cat__datetime_combined_5/14/2020 22:46,3.159598916919051e-05
cat__datetime_combined_8/22/2020 13:17,3.1217396507111185e-05
cat__datetime_combined_5/16/2020 13:03,3.12066893542476e-05
cat__datetime_combined_5/15/2020 0:56,3.111486157705174e-05
cat__datetime_combined_7/5/2020 14:16,3.1016934613969613e-05
cat__datetime_combined_7/5/2020 19:48,3.077737540117564e-05
cat__datetime_combined_5/15/2020 4:18,3.020180328115412e-05
cat__datetime_combined_6/9/2020 12:26,2.9796957865025064e-05
cat__datetime_combined_5/13/2020 12:39,2.975466086052986e-05
cat__datetime_combined_5/18/2020 21:19,2.9602289839905527e-05
cat__datetime_combined_5/5/2020 14:12,2.9570094069949882e-05
cat__datetime_combined_1/5/2020 4:06,2.935001184058673e-05
cat__datetime_combined_2/5/2020 17:38,2.9281705600893462e-05
cat__datetime_combined_5/14/2020 19:10,2.922885515450789e-05
cat__datetime_combined_1/5/2020 11:01,2.9119053343946363e-05
cat__datetime_combined_5/16/2020 18:53,2.8436313611436923e-05
cat__datetime_combined_5/15/2020 7:17,2.843375816813209e-05
cat__datetime_combined_5/15/2020 12:44,2.8271203971605123e-05
cat__datetime_combined_5/15/2020 21:43,2.7999496480862912e-05
cat__datetime_combined_5/15/2020 18:24,2.795344323267519e-05
cat__datetime_combined_8/22/2020 7:50,2.7786963905465182e-05
cat__datetime_combined_5/14/2020 20:39,2.738267450306071e-05
cat__datetime_combined_8/25/2020 0:13,2.7001152274268096e-05
cat__datetime_combined_8/17/2020 13:29,2.6976342549168407e-05
cat__datetime_combined_7/7/2020 9:17,2.6864985219073484e-05
cat__datetime_combined_6/9/2020 6:16,2.6791507268399586e-05
cat__datetime_combined_1/5/2020 11:51,2.566712460681922e-05
cat__datetime_combined_7/5/2020 15:58,2.503797257090395e-05
cat__datetime_combined_5/16/2020 20:26,2.4956323223746545e-05
cat__datetime_combined_5/5/2020 18:42,2.4562155958971713e-05
cat__datetime_combined_7/5/2020 14:59,2.392540194242677e-05
cat__datetime_combined_5/15/2020 5:01,2.276481928586267e-05
cat__datetime_combined_6/5/2020 9:07,2.2764030575960167e-05
cat__datetime_combined_8/16/2020 0:03,2.231378556981221e-05
cat__datetime_combined_5/15/2020 9:04,2.195664909918528e-05
cat__datetime_combined_5/15/2020 11:58,2.1940136745173548e-05
cat__datetime_combined_5/13/2020 4:08,2.169358062605441e-05
cat__datetime_combined_5/20/2020 13:51,2.1685371599659612e-05
cat__datetime_combined_5/13/2020 21:59,2.162571619077343e-05
cat__datetime_combined_2/5/2020 6:17,2.1498784928009586e-05
cat__datetime_combined_5/5/2020 22:47,2.1350676299431906e-05
cat__datetime_combined_2/5/2020 4:26,2.088031255218215e-05
cat__datetime_combined_8/22/2020 18:00,2.0648000845096846e-05
cat__datetime_combined_6/9/2020 1:26,2.048402239296038e-05
cat__datetime_combined_5/5/2020 17:13,1.9594507131216838e-05
cat__datetime_combined_5/5/2020 7:44,1.9060520285428907e-05
cat__datetime_combined_2/5/2020 5:19,1.738598042770501e-05
cat__datetime_combined_5/15/2020 23:24,1.6851143878260937e-05
cat__datetime_combined_7/5/2020 9:04,1.589163171539501e-05
cat__datetime_combined_1/5/2020 7:50,1.3174600345648077e-05
cat__datetime_combined_8/22/2020 22:41,1.2846370859706989e-05
cat__datetime_combined_7/5/2020 7:03,1.1889667285706448e-05
cat__datetime_combined_7/5/2020 8:11,1.0245733993064732e-05
cat__datetime_combined_7/5/2020 17:04,1.0151468734999208e-05
cat__datetime_combined_8/26/2020 7:41,8.255698502590063e-06
cat__datetime_combined_8/26/2020 4:49,8.226483252744054e-06
cat__datetime_combined_2/5/2020 3:30,6.49397131703545e-06
cat__datetime_combined_7/5/2020 18:03,6.482152444985293e-06
cat__datetime_combined_1/5/2020 6:53,4.922381626559155e-06
cat__datetime_combined_7/5/2020 10:12,3.269593536642879e-06
cat__datetime_combined_7/5/2020 11:34,2.018174052026262e-06
cat__datetime_combined_2/5/2020 2:39,1.3226264576396213e-06
