feature,importance
num__num_crystallizer,0.28107529598569125
"num__resistance, tonn",0.2458810618727952
num__num_stream,0.1977288226783857
num__cast_in_row,0.03678475354731091
"num__swing_frequency, amount/minute",0.034471943473825886
"num__steel_temperature_grab1, Celsius deg.",0.027340445727580143
"num__crystallizer_movement, mm",0.02248767488849937
cat__steel_type_1010,0.019573574359491253
"num__temperature_measurement1, Celsius deg.",0.013260488075368126
"num__steel_weight, tonn",0.01311833854236217
"num__temperature_measurement2, Celsius deg.",0.010653978250745218
"num__water_consumption, liter/minute",0.008582926336495931
cat__steel_type_Arm500,0.0056309858801254
cat__steel_type_St3sp,0.005198510525005371
cat__steel_type_1018,0.0043664536624261644
cat__steel_type_St4sp,0.0035762559887978214
cat__steel_type_1015,0.0028505144228640217
cat__workpiece_slice_geometry_180x180,0.001839881896922679
cat__workpiece_slice_geometry_150x150,0.001836226384029895
"num__alloy_speed, meter/minute",0.0014016452525912639
cat__datetime_combined_7/8/2020 21:52,0.0009456211892518382
cat__steel_type_25G2S,0.0007344756447075503
cat__datetime_combined_7/8/2020 4:45,0.00068836972139273
cat__datetime_combined_7/9/2020 0:51,0.0006319284292958621
cat__datetime_combined_8/9/2020 0:07,0.0006067609502554217
cat__datetime_combined_7/9/2020 7:04,0.0005066644286838437
cat__datetime_combined_8/9/2020 10:13,0.0005009568522765473
cat__datetime_combined_7/7/2020 14:57,0.0004918641272715257
cat__datetime_combined_7/9/2020 4:54,0.0004903361407498868
cat__datetime_combined_8/9/2020 2:08,0.0004889780739262148
cat__datetime_combined_8/9/2020 2:44,0.00047955647180537446
cat__datetime_combined_8/9/2020 12:52,0.0004753957676558962
cat__datetime_combined_7/9/2020 3:33,0.0004680039933189654
cat__datetime_combined_7/8/2020 2:40,0.00046634624980995557
cat__datetime_combined_7/8/2020 4:05,0.00046453520124122564
cat__datetime_combined_8/9/2020 6:08,0.00046112512578562747
cat__datetime_combined_8/9/2020 3:24,0.0004516673543372967
cat__datetime_combined_7/8/2020 21:17,0.00044122259623080134
cat__datetime_combined_7/8/2020 10:51,0.0004411159312698101
cat__datetime_combined_7/9/2020 2:53,0.00043771010193774867
cat__datetime_combined_8/9/2020 7:01,0.0004313569029230268
cat__datetime_combined_6/9/2020 0:14,0.00042314809460770777
cat__datetime_combined_8/9/2020 4:49,0.00042285599144316875
cat__datetime_combined_7/8/2020 8:13,0.00042283280649722425
cat__datetime_combined_8/9/2020 8:47,0.00042020238563726415
cat__datetime_combined_7/13/2020 6:17,0.0004190379004869055
cat__datetime_combined_7/8/2020 0:53,0.0004136284700685427
cat__datetime_combined_7/8/2020 8:48,0.0004104261804198604
cat__datetime_combined_7/8/2020 17:41,0.0004087518839066842
cat__datetime_combined_8/9/2020 8:14,0.00040842444423493384
cat__datetime_combined_8/9/2020 9:37,0.00040548697556503965
cat__datetime_combined_7/9/2020 0:04,0.0003951016741787829
"num__water_temperature_delta, Celsius deg.",0.00039216365642294736
cat__datetime_combined_8/9/2020 5:31,0.0003860811712165715
cat__datetime_combined_8/9/2020 11:38,0.0003825725648283704
cat__datetime_combined_7/8/2020 23:53,0.00037129897398483413
cat__datetime_combined_6/9/2020 17:23,0.00036785387606193097
cat__datetime_combined_7/9/2020 5:36,0.00035982311298463396
cat__datetime_combined_8/9/2020 7:32,0.00035386791759604304
cat__datetime_combined_8/9/2020 13:45,0.0003524648826561986
cat__datetime_combined_6/9/2020 22:06,0.0003475058953801858
cat__datetime_combined_7/5/2020 0:10,0.0003468642286744973
cat__datetime_combined_6/9/2020 22:49,0.0003416914805267969
cat__datetime_combined_7/9/2020 7:36,0.0003416143140609024
cat__datetime_combined_6/9/2020 23:29,0.00033859434459574187
cat__datetime_combined_8/26/2020 7:41,0.00032898301008030864
cat__datetime_combined_7/9/2020 6:21,0.00032867131322500637
cat__datetime_combined_7/5/2020 22:23,0.00030428137648955524
cat__datetime_combined_7/16/2020 4:57,0.00030242653233587564
cat__datetime_combined_7/9/2020 2:18,0.0002895659871382732
cat__datetime_combined_7/13/2020 14:24,0.00028257029029240947
cat__datetime_combined_8/25/2020 20:50,0.0002675940822359021
cat__datetime_combined_7/15/2020 2:52,0.0002659798448611531
cat__datetime_combined_7/16/2020 8:22,0.00026380586519508337
cat__datetime_combined_6/9/2020 20:01,0.0002565206841093502
cat__datetime_combined_8/26/2020 8:16,0.0002564193991354773
cat__datetime_combined_7/13/2020 15:41,0.0002529098832214318
cat__datetime_combined_7/15/2020 5:00,0.0002495775878756611
cat__datetime_combined_7/15/2020 15:57,0.0002480628096972699
cat__datetime_combined_7/8/2020 7:26,0.0002454117518310978
cat__datetime_combined_5/19/2020 23:49,0.00024390651361713334
cat__datetime_combined_7/9/2020 23:17,0.00023426149239615663
cat__datetime_combined_7/9/2020 1:41,0.00022934913212010465
cat__datetime_combined_8/26/2020 21:38,0.0002265486251436535
cat__datetime_combined_5/9/2020 11:05,0.00022229815497498164
cat__datetime_combined_7/8/2020 22:33,0.00021976645709611553
cat__datetime_combined_7/9/2020 20:58,0.00021970209034851372
cat__alloy_type_open,0.0002163430581173135
cat__datetime_combined_8/17/2020 16:42,0.0002139042163610836
cat__alloy_type_close,0.00021039612693563142
cat__datetime_combined_7/8/2020 19:03,0.00020403607278799159
cat__datetime_combined_7/15/2020 2:18,0.00020160376620866687
cat__datetime_combined_8/17/2020 19:45,0.00019780970766292903
cat__datetime_combined_8/26/2020 22:16,0.00019564922933369523
cat__datetime_combined_5/19/2020 23:01,0.00019182333959146742
cat__datetime_combined_8/17/2020 9:47,0.00019054277404555634
cat__datetime_combined_7/8/2020 3:25,0.0001877894012703431
cat__datetime_combined_6/8/2020 23:17,0.0001845374520646942
cat__datetime_combined_7/8/2020 19:41,0.00017939601322609867
cat__datetime_combined_7/8/2020 5:25,0.00017922092955413842
cat__datetime_combined_8/17/2020 2:33,0.0001784301434313215
cat__datetime_combined_8/24/2020 5:00,0.000178235403685119
cat__datetime_combined_7/7/2020 7:13,0.00017563669223664703
cat__datetime_combined_7/9/2020 17:26,0.0001716057920654906
cat__datetime_combined_7/5/2020 23:11,0.00016931031931665668
cat__datetime_combined_8/15/2020 22:35,0.0001673627207910569
cat__datetime_combined_8/17/2020 8:31,0.0001666597175050123
cat__datetime_combined_7/16/2020 0:56,0.00016558327036289734
cat__datetime_combined_7/7/2020 8:39,0.00016549839367650468
cat__datetime_combined_7/13/2020 1:39,0.00016259015543955213
cat__datetime_combined_8/25/2020 17:07,0.0001523009211250487
cat__datetime_combined_8/26/2020 22:55,0.00015120589021220968
cat__datetime_combined_7/9/2020 20:24,0.0001502479376170653
cat__datetime_combined_8/17/2020 3:54,0.00014749736020822483
cat__datetime_combined_7/9/2020 4:13,0.0001449721424914531
cat__datetime_combined_5/23/2020 20:52,0.00013798872894796286
cat__datetime_combined_7/15/2020 11:41,0.0001349862551249092
cat__datetime_combined_7/13/2020 8:50,0.00013379370276278126
cat__datetime_combined_8/26/2020 23:38,0.00013205507204240336
cat__datetime_combined_5/27/2020 18:36,0.00013133856325949273
cat__datetime_combined_7/5/2020 1:46,0.00012990581332816416
cat__datetime_combined_8/15/2020 21:55,0.0001284093522176975
cat__datetime_combined_7/15/2020 0:23,0.0001268484309582696
cat__datetime_combined_7/13/2020 15:03,0.00012421865619319984
cat__datetime_combined_5/31/2020 23:02,0.0001229913429933061
cat__datetime_combined_8/16/2020 8:48,0.00012297761487212283
cat__datetime_combined_7/26/2020 22:04,0.00012270512362068823
cat__datetime_combined_7/7/2020 4:16,0.0001224568467412506
cat__datetime_combined_8/25/2020 16:17,0.00012188926432133878
cat__datetime_combined_5/22/2020 16:44,0.00012113973949936353
cat__datetime_combined_7/16/2020 19:31,0.0001188470122238753
cat__datetime_combined_7/8/2020 6:43,0.00011864372393911479
cat__datetime_combined_7/13/2020 18:32,0.00011833093212706371
cat__steel_type_Arm240,0.0001178633728500838
cat__datetime_combined_7/8/2020 18:22,0.000117789348733556
cat__datetime_combined_8/24/2020 6:20,0.0001169400961276601
cat__datetime_combined_5/23/2020 21:36,0.00011507492944175978
cat__datetime_combined_7/31/2020 15:23,0.00011432782120219415
cat__datetime_combined_7/15/2020 1:25,0.00011398203949246166
cat__datetime_combined_8/16/2020 19:14,0.00011346294490021798
cat__datetime_combined_7/7/2020 19:04,0.00011296368890212181
cat__datetime_combined_8/16/2020 14:27,0.00011132798023006323
cat__datetime_combined_7/27/2020 19:47,0.00010961339589174543
cat__datetime_combined_8/17/2020 21:54,0.00010835986578990346
cat__datetime_combined_7/8/2020 1:17,0.0001081046792807054
cat__datetime_combined_7/16/2020 17:27,0.00010801331152996042
cat__datetime_combined_8/26/2020 19:48,0.00010777175470809052
cat__datetime_combined_7/9/2020 18:55,0.00010730512492282484
cat__datetime_combined_7/5/2020 3:17,0.00010713234239439368
cat__datetime_combined_7/24/2020 16:54,0.00010652231000233895
cat__datetime_combined_7/7/2020 17:51,0.00010557355241244996
cat__datetime_combined_8/26/2020 15:37,0.00010431720727660759
cat__datetime_combined_7/29/2020 23:02,0.00010378419570028406
cat__datetime_combined_7/7/2020 21:15,0.00010342444393803665
cat__datetime_combined_7/17/2020 8:34,0.0001033414306670902
cat__datetime_combined_7/13/2020 7:37,0.00010305921279524493
cat__datetime_combined_7/13/2020 8:18,0.0001027125600077198
cat__datetime_combined_8/24/2020 22:57,9.950106462431166e-05
cat__datetime_combined_7/16/2020 7:40,9.890231414684765e-05
cat__datetime_combined_7/23/2020 5:22,9.872155540125899e-05
cat__datetime_combined_5/31/2020 22:16,9.84508837672532e-05
cat__datetime_combined_6/8/2020 22:05,9.83087995867108e-05
cat__datetime_combined_8/25/2020 4:21,9.800849460298245e-05
cat__datetime_combined_7/26/2020 7:08,9.717942331457069e-05
cat__datetime_combined_7/27/2020 20:18,9.50064485610518e-05
cat__datetime_combined_5/31/2020 20:06,9.472388431574554e-05
cat__datetime_combined_6/8/2020 23:56,9.467901410877549e-05
cat__datetime_combined_7/28/2020 0:39,9.4434748374228e-05
cat__datetime_combined_7/8/2020 11:35,9.41895660098828e-05
cat__datetime_combined_7/7/2020 20:28,9.161829159911886e-05
cat__datetime_combined_7/27/2020 18:09,9.04763448629002e-05
cat__datetime_combined_7/13/2020 1:03,8.83092944044507e-05
cat__datetime_combined_7/17/2020 21:37,8.818128111089325e-05
cat__datetime_combined_6/8/2020 22:39,8.805384421615845e-05
cat__datetime_combined_7/8/2020 23:12,8.79686236087735e-05
cat__datetime_combined_8/25/2020 14:40,8.762233349026743e-05
cat__datetime_combined_7/5/2020 4:04,8.694897006007549e-05
cat__datetime_combined_8/26/2020 20:58,8.663463485560671e-05
cat__datetime_combined_8/15/2020 7:21,8.596578936573537e-05
cat__datetime_combined_7/26/2020 12:03,8.593128507630397e-05
cat__datetime_combined_7/15/2020 19:19,8.532547106073717e-05
cat__datetime_combined_8/16/2020 23:18,8.50634940782459e-05
cat__datetime_combined_7/15/2020 18:39,8.353122362782883e-05
cat__datetime_combined_7/16/2020 2:43,8.332071795209127e-05
cat__datetime_combined_8/16/2020 12:11,8.183158687996094e-05
cat__datetime_combined_7/26/2020 9:56,8.111935273126975e-05
cat__datetime_combined_8/17/2020 21:15,8.093660129101879e-05
cat__datetime_combined_1/9/2020 23:24,8.077868312867337e-05
cat__datetime_combined_7/16/2020 6:59,8.059749438446596e-05
cat__datetime_combined_8/21/2020 17:53,8.044354810447208e-05
cat__datetime_combined_7/9/2020 18:13,7.937754078140655e-05
cat__datetime_combined_7/9/2020 22:31,7.892600089358883e-05
cat__datetime_combined_6/8/2020 20:13,7.870135585512705e-05
cat__datetime_combined_8/18/2020 23:27,7.783479549235813e-05
cat__datetime_combined_7/8/2020 2:03,7.6673164858706e-05
cat__datetime_combined_8/15/2020 0:49,7.662870180509388e-05
cat__datetime_combined_7/16/2020 5:40,7.570806691923933e-05
cat__datetime_combined_7/7/2020 2:42,7.537363827935711e-05
cat__datetime_combined_7/16/2020 9:02,7.53424761385739e-05
cat__datetime_combined_7/15/2020 22:37,7.487881826165214e-05
cat__datetime_combined_5/9/2020 0:14,7.428642893561682e-05
cat__datetime_combined_7/19/2020 7:12,7.198333456670872e-05
cat__datetime_combined_7/29/2020 15:42,7.174854820414475e-05
cat__datetime_combined_5/25/2020 12:03,7.159784591670383e-05
cat__datetime_combined_8/15/2020 18:18,7.147748188539523e-05
cat__datetime_combined_7/31/2020 17:39,7.147151645313466e-05
cat__datetime_combined_8/26/2020 20:18,7.132380144647477e-05
cat__datetime_combined_7/23/2020 18:48,7.111187491694609e-05
cat__datetime_combined_5/23/2020 19:30,7.014804490043085e-05
cat__datetime_combined_8/25/2020 5:41,6.990274542148383e-05
cat__datetime_combined_5/9/2020 20:10,6.98068367578393e-05
cat__datetime_combined_7/16/2020 14:43,6.979077572947186e-05
cat__datetime_combined_6/9/2020 0:47,6.937644797438809e-05
cat__datetime_combined_5/22/2020 19:51,6.891505614788708e-05
cat__datetime_combined_7/7/2020 16:13,6.814018071790979e-05
cat__datetime_combined_8/25/2020 15:28,6.792943835194573e-05
cat__datetime_combined_7/13/2020 2:24,6.784955192054888e-05
cat__datetime_combined_7/17/2020 22:59,6.737341308841433e-05
cat__datetime_combined_5/27/2020 17:48,6.714545127217669e-05
cat__datetime_combined_7/7/2020 4:56,6.70829406480906e-05
cat__datetime_combined_6/9/2020 1:26,6.704198455656477e-05
cat__datetime_combined_8/17/2020 1:49,6.7038961892359e-05
cat__datetime_combined_8/16/2020 0:03,6.696604313373361e-05
cat__datetime_combined_8/25/2020 5:04,6.696262107605553e-05
cat__datetime_combined_7/23/2020 0:58,6.694177530741834e-05
cat__datetime_combined_7/9/2020 21:46,6.683197378866639e-05
cat__datetime_combined_7/13/2020 3:08,6.621326812306461e-05
cat__datetime_combined_7/30/2020 3:18,6.586108923922301e-05
cat__datetime_combined_7/26/2020 12:43,6.546853010329557e-05
cat__datetime_combined_7/18/2020 23:12,6.533929481083165e-05
cat__datetime_combined_5/9/2020 5:10,6.532998881914272e-05
cat__datetime_combined_7/8/2020 16:17,6.419788965858772e-05
cat__datetime_combined_7/23/2020 17:58,6.362914711869869e-05
cat__datetime_combined_8/16/2020 17:51,6.304516309323596e-05
cat__datetime_combined_7/14/2020 3:25,6.218435556207775e-05
cat__datetime_combined_5/31/2020 20:54,6.213786042682077e-05
cat__datetime_combined_5/9/2020 16:56,6.193209983046223e-05
cat__datetime_combined_7/16/2020 16:49,6.180082425455698e-05
cat__datetime_combined_8/17/2020 3:11,6.178606958944347e-05
cat__datetime_combined_5/22/2020 18:57,6.178068018905412e-05
cat__datetime_combined_7/18/2020 21:17,6.154152495981288e-05
cat__datetime_combined_7/19/2020 23:38,6.154018496528148e-05
cat__datetime_combined_8/25/2020 8:25,6.124134487523867e-05
cat__datetime_combined_7/31/2020 16:51,6.091828637862346e-05
cat__datetime_combined_5/31/2020 14:20,6.0748001824751527e-05
cat__datetime_combined_7/26/2020 20:43,6.0327606683056555e-05
cat__datetime_combined_8/21/2020 16:38,6.0210145865918093e-05
cat__datetime_combined_8/15/2020 11:25,6.011942761538722e-05
cat__datetime_combined_8/16/2020 10:55,6.0093564031727264e-05
cat__datetime_combined_5/29/2020 3:43,5.9479582653715264e-05
cat__datetime_combined_5/9/2020 16:13,5.946989399285758e-05
cat__datetime_combined_8/15/2020 13:40,5.921270205217736e-05
cat__datetime_combined_8/14/2020 21:48,5.918309146870624e-05
cat__datetime_combined_7/8/2020 9:35,5.9075620200463265e-05
cat__datetime_combined_7/27/2020 22:32,5.891084085867825e-05
cat__datetime_combined_5/23/2020 20:15,5.8895840465827743e-05
cat__datetime_combined_7/16/2020 11:09,5.8658345229768465e-05
cat__datetime_combined_7/15/2020 23:24,5.766313916032831e-05
cat__datetime_combined_7/16/2020 10:29,5.758438897833362e-05
cat__datetime_combined_7/23/2020 20:00,5.7346234333179024e-05
cat__datetime_combined_8/24/2020 0:53,5.7293901668109414e-05
cat__datetime_combined_6/9/2020 15:03,5.6797007008515775e-05
cat__datetime_combined_8/24/2020 1:39,5.660135770988314e-05
cat__datetime_combined_8/16/2020 11:39,5.640031339501153e-05
cat__datetime_combined_5/9/2020 0:18,5.5840570815956054e-05
cat__datetime_combined_7/5/2020 0:57,5.556695672789534e-05
cat__datetime_combined_5/14/2020 10:19,5.55161717426567e-05
cat__datetime_combined_7/16/2020 16:16,5.505485776429059e-05
cat__datetime_combined_7/7/2020 13:22,5.483274484330002e-05
cat__datetime_combined_7/23/2020 17:19,5.4734626600216525e-05
cat__datetime_combined_6/9/2020 14:22,5.471722789687199e-05
cat__datetime_combined_7/13/2020 19:52,5.426272761022009e-05
cat__datetime_combined_7/27/2020 3:24,5.407063135968169e-05
cat__datetime_combined_7/7/2020 3:31,5.4062863208262e-05
cat__datetime_combined_5/28/2020 13:45,5.3890528740006735e-05
cat__datetime_combined_7/29/2020 16:22,5.368437317506887e-05
cat__datetime_combined_7/18/2020 1:39,5.3536607925676295e-05
cat__datetime_combined_7/18/2020 18:28,5.349692681078618e-05
cat__datetime_combined_7/18/2020 12:22,5.3441820866222955e-05
cat__datetime_combined_8/24/2020 19:18,5.332778429101287e-05
cat__datetime_combined_7/13/2020 5:11,5.324106082715762e-05
cat__datetime_combined_7/16/2020 13:56,5.319760832382005e-05
cat__datetime_combined_7/13/2020 10:18,5.306810968774357e-05
cat__datetime_combined_7/13/2020 19:12,5.3019785501960983e-05
cat__datetime_combined_7/14/2020 2:45,5.298171182763735e-05
cat__datetime_combined_5/24/2020 8:22,5.290402718019646e-05
cat__datetime_combined_7/23/2020 11:07,5.285709426666711e-05
cat__datetime_combined_5/25/2020 0:01,5.27229589746584e-05
cat__datetime_combined_1/10/2020 0:00,5.2338865168699106e-05
cat__datetime_combined_7/8/2020 12:14,5.205919763132422e-05
cat__datetime_combined_7/8/2020 13:37,5.1915538712107136e-05
cat__datetime_combined_7/19/2020 22:11,5.141034895526316e-05
cat__datetime_combined_8/26/2020 13:40,5.133773950121804e-05
cat__datetime_combined_7/30/2020 3:58,5.1214581234198536e-05
cat__datetime_combined_7/27/2020 21:48,5.1066622180602566e-05
cat__datetime_combined_7/18/2020 13:47,5.103566676367332e-05
cat__datetime_combined_8/14/2020 15:31,5.087215743873656e-05
cat__datetime_combined_7/14/2020 0:40,5.046132239932888e-05
cat__datetime_combined_7/16/2020 4:10,5.032509320953996e-05
cat__datetime_combined_7/30/2020 4:37,5.0177496126814664e-05
cat__datetime_combined_7/19/2020 23:11,4.9937799242540646e-05
cat__datetime_combined_7/8/2020 6:03,4.90830586161393e-05
cat__datetime_combined_7/7/2020 15:40,4.879467999289328e-05
cat__datetime_combined_7/31/2020 5:17,4.8387770358340936e-05
cat__datetime_combined_7/30/2020 1:14,4.8167972805261924e-05
cat__datetime_combined_7/8/2020 17:00,4.772708340127736e-05
cat__datetime_combined_7/15/2020 0:40,4.770985102415318e-05
cat__datetime_combined_8/25/2020 12:29,4.7551194513484705e-05
cat__datetime_combined_8/16/2020 21:54,4.752081647869966e-05
cat__datetime_combined_7/7/2020 18:25,4.738852270661824e-05
cat__datetime_combined_7/27/2020 2:43,4.7345906934985453e-05
cat__datetime_combined_7/20/2020 5:24,4.730368868125051e-05
cat__datetime_combined_8/15/2020 15:33,4.729521600400074e-05
cat__datetime_combined_7/27/2020 0:45,4.728634991241866e-05
cat__datetime_combined_8/25/2020 3:46,4.695152970051118e-05
cat__datetime_combined_5/14/2020 11:04,4.682297467939781e-05
cat__datetime_combined_7/8/2020 14:21,4.669500197357388e-05
cat__datetime_combined_8/26/2020 15:01,4.6621886285808395e-05
cat__datetime_combined_7/24/2020 0:22,4.6453268308474936e-05
cat__datetime_combined_7/26/2020 18:41,4.6326329932746044e-05
cat__datetime_combined_8/8/2020 23:49,4.60284281456336e-05
cat__datetime_combined_7/19/2020 0:34,4.586461832153753e-05
cat__datetime_combined_6/7/2020 0:00,4.5711124825864004e-05
cat__datetime_combined_7/17/2020 22:18,4.562227346916138e-05
cat__datetime_combined_7/27/2020 4:09,4.5337349499456567e-05
cat__datetime_combined_7/28/2020 19:09,4.5235819677671186e-05
cat__datetime_combined_8/16/2020 20:27,4.511810180503022e-05
cat__datetime_combined_7/29/2020 22:13,4.509089140191988e-05
cat__datetime_combined_7/30/2020 2:37,4.47377615418144e-05
cat__datetime_combined_7/19/2020 18:41,4.447569534670022e-05
cat__datetime_combined_6/9/2020 17:12,4.438773338749608e-05
cat__datetime_combined_7/23/2020 3:19,4.427946645236821e-05
cat__datetime_combined_8/15/2020 5:19,4.418764876016727e-05
cat__datetime_combined_7/23/2020 1:51,4.375953106860136e-05
cat__datetime_combined_7/14/2020 14:28,4.367121075913614e-05
cat__datetime_combined_5/9/2020 19:46,4.364221508094721e-05
cat__datetime_combined_8/26/2020 18:21,4.339991314154468e-05
cat__datetime_combined_7/20/2020 2:32,4.328729188401149e-05
cat__datetime_combined_7/27/2020 6:42,4.3197588409020435e-05
cat__datetime_combined_7/29/2020 10:51,4.2842366942887406e-05
cat__datetime_combined_5/22/2020 14:23,4.266862187006933e-05
cat__datetime_combined_5/22/2020 23:43,4.2435691478809124e-05
cat__datetime_combined_7/27/2020 21:00,4.240427482229453e-05
cat__datetime_combined_7/15/2020 16:32,4.204051860345757e-05
cat__datetime_combined_7/26/2020 14:38,4.203218216002457e-05
cat__datetime_combined_7/19/2020 21:27,4.192468932691148e-05
cat__datetime_combined_7/30/2020 5:20,4.1694539369599315e-05
cat__datetime_combined_5/23/2020 17:07,4.119468329659855e-05
cat__datetime_combined_8/25/2020 9:05,4.0950243500833394e-05
cat__datetime_combined_8/15/2020 8:44,4.080792728186392e-05
cat__datetime_combined_8/21/2020 12:41,4.069598981989519e-05
cat__datetime_combined_7/16/2020 13:14,4.05903667923971e-05
cat__datetime_combined_7/20/2020 3:14,3.990635609421169e-05
cat__datetime_combined_7/23/2020 22:47,3.9641765572506304e-05
cat__datetime_combined_7/16/2020 3:26,3.9594174088653636e-05
cat__datetime_combined_5/9/2020 9:52,3.950843129285566e-05
cat__datetime_combined_7/13/2020 21:10,3.950660586030477e-05
cat__datetime_combined_7/26/2020 15:22,3.9494539465994525e-05
cat__datetime_combined_8/24/2020 3:12,3.9471250978116045e-05
cat__datetime_combined_1/7/2020 15:43,3.933122652965224e-05
cat__datetime_combined_7/22/2020 5:48,3.929231388131096e-05
cat__datetime_combined_8/25/2020 10:27,3.905064156254424e-05
cat__datetime_combined_5/24/2020 0:57,3.896891191592022e-05
cat__datetime_combined_7/14/2020 13:53,3.8804522457372934e-05
cat__datetime_combined_5/28/2020 15:56,3.874423205677041e-05
cat__datetime_combined_7/13/2020 13:45,3.83249482593656e-05
cat__datetime_combined_7/8/2020 15:39,3.819231393045452e-05
cat__datetime_combined_1/10/2020 8:20,3.817772492069455e-05
cat__datetime_combined_7/14/2020 16:04,3.817214220048862e-05
cat__datetime_combined_8/23/2020 20:11,3.8059855913605605e-05
cat__datetime_combined_7/8/2020 10:14,3.801383240889343e-05
cat__datetime_combined_7/27/2020 5:24,3.801237647127557e-05
cat__datetime_combined_7/31/2020 23:07,3.788479391226517e-05
cat__datetime_combined_8/23/2020 23:24,3.7870476296822344e-05
cat__datetime_combined_7/26/2020 23:27,3.777824470936348e-05
cat__datetime_combined_7/31/2020 6:40,3.7661984202986095e-05
cat__datetime_combined_5/9/2020 3:49,3.7438781307174926e-05
cat__datetime_combined_1/8/2020 0:40,3.7157423946738104e-05
cat__datetime_combined_7/16/2020 11:56,3.69287636322149e-05
cat__datetime_combined_7/15/2020 17:14,3.690981892872983e-05
cat__datetime_combined_8/8/2020 23:35,3.689064575946457e-05
cat__datetime_combined_7/31/2020 16:09,3.6791267795085166e-05
cat__datetime_combined_7/13/2020 3:46,3.677107129790206e-05
cat__datetime_combined_5/24/2020 5:20,3.674088133544983e-05
cat__datetime_combined_7/7/2020 5:43,3.65907117932504e-05
cat__datetime_combined_6/8/2020 19:19,3.635902869938493e-05
cat__datetime_combined_5/9/2020 2:25,3.607434430397284e-05
cat__datetime_combined_5/28/2020 16:38,3.5897818785369955e-05
cat__datetime_combined_5/31/2020 18:42,3.548575310633107e-05
cat__datetime_combined_8/22/2020 6:27,3.544722919876368e-05
cat__datetime_combined_5/23/2020 14:09,3.523311996492756e-05
cat__datetime_combined_8/15/2020 1:16,3.514376311945893e-05
cat__datetime_combined_8/23/2020 16:20,3.5116263088592294e-05
cat__datetime_combined_6/5/2020 3:18,3.510486086431386e-05
cat__datetime_combined_7/18/2020 4:23,3.502624334395667e-05
cat__datetime_combined_8/21/2020 0:28,3.490022364825428e-05
cat__datetime_combined_5/31/2020 19:29,3.480170184971768e-05
cat__datetime_combined_5/24/2020 22:51,3.478422927943023e-05
cat__datetime_combined_7/17/2020 17:22,3.4665420127675055e-05
cat__datetime_combined_7/24/2020 22:25,3.436176984970868e-05
cat__datetime_combined_7/19/2020 11:41,3.42536928744233e-05
cat__datetime_combined_7/24/2020 17:31,3.419245396011747e-05
cat__datetime_combined_5/9/2020 1:46,3.419155394284246e-05
cat__datetime_combined_7/17/2020 20:15,3.399483804043454e-05
cat__datetime_combined_5/16/2020 12:06,3.391870854708798e-05
cat__datetime_combined_5/9/2020 3:08,3.361073012764735e-05
cat__datetime_combined_5/22/2020 22:53,3.354150772057774e-05
cat__datetime_combined_6/9/2020 3:25,3.3493049450039095e-05
cat__datetime_combined_8/19/2020 4:19,3.340238397177542e-05
cat__datetime_combined_7/22/2020 6:59,3.337267204627284e-05
cat__datetime_combined_6/9/2020 7:41,3.3204611548604586e-05
cat__datetime_combined_5/25/2020 12:50,3.314600453883509e-05
cat__datetime_combined_6/8/2020 13:53,3.3108398783101303e-05
cat__datetime_combined_7/8/2020 12:56,3.297460077442151e-05
cat__datetime_combined_8/17/2020 7:44,3.293573437461831e-05
cat__datetime_combined_5/25/2020 9:43,3.2868606314815694e-05
cat__datetime_combined_7/29/2020 19:36,3.281074085231634e-05
cat__datetime_combined_6/8/2020 14:34,3.2721788678815595e-05
cat__datetime_combined_7/16/2020 15:23,3.265195597614535e-05
cat__datetime_combined_5/14/2020 11:44,3.262877447155452e-05
cat__datetime_combined_1/7/2020 0:09,3.2466547545591045e-05
cat__datetime_combined_6/9/2020 6:16,3.243500548110723e-05
cat__datetime_combined_5/5/2020 0:18,3.229570790808742e-05
cat__datetime_combined_7/9/2020 19:40,3.2236355712548603e-05
cat__datetime_combined_7/16/2020 21:11,3.2070233482269186e-05
cat__datetime_combined_8/13/2020 7:10,3.201405952388748e-05
cat__datetime_combined_6/9/2020 2:07,3.194915192071623e-05
cat__datetime_combined_8/16/2020 21:12,3.170827388933414e-05
cat__datetime_combined_1/10/2020 22:23,3.160781811270998e-05
cat__datetime_combined_1/10/2020 0:50,3.158330550064675e-05
cat__datetime_combined_7/14/2020 18:47,3.152174704088359e-05
cat__datetime_combined_7/27/2020 6:04,3.150743395943175e-05
cat__datetime_combined_7/28/2020 3:27,3.14071316313038e-05
cat__datetime_combined_5/24/2020 10:06,3.138220590523114e-05
cat__datetime_combined_1/9/2020 23:16,3.131721321312773e-05
cat__datetime_combined_6/7/2020 2:04,3.115526682558613e-05
cat__datetime_combined_8/25/2020 11:15,3.100249548179372e-05
cat__datetime_combined_8/14/2020 23:10,3.0566673354614246e-05
cat__datetime_combined_8/18/2020 0:42,3.0346222803055665e-05
cat__datetime_combined_1/10/2020 23:09,3.0307054452724058e-05
cat__datetime_combined_7/31/2020 19:16,3.0031819177538903e-05
cat__datetime_combined_8/23/2020 21:41,2.9975799116989066e-05
cat__datetime_combined_8/9/2020 15:38,2.9855879788665725e-05
cat__datetime_combined_7/28/2020 1:24,2.9636956946569517e-05
cat__datetime_combined_7/31/2020 18:20,2.9625866116194232e-05
cat__datetime_combined_7/31/2020 22:14,2.93972102846377e-05
cat__datetime_combined_7/7/2020 9:56,2.9054160651661994e-05
cat__datetime_combined_7/28/2020 2:04,2.903079606856959e-05
cat__datetime_combined_5/31/2020 15:48,2.9023797253193273e-05
cat__datetime_combined_6/9/2020 4:03,2.9001458854598756e-05
cat__datetime_combined_7/7/2020 6:26,2.89143624168479e-05
cat__datetime_combined_7/27/2020 2:05,2.8792947211351382e-05
cat__datetime_combined_8/15/2020 19:00,2.8762288906166372e-05
cat__datetime_combined_5/22/2020 15:56,2.8719092037535478e-05
cat__datetime_combined_7/17/2020 18:57,2.867793776966291e-05
cat__datetime_combined_7/26/2020 17:30,2.8669665052004803e-05
cat__datetime_combined_7/27/2020 4:45,2.8565211261045507e-05
cat__datetime_combined_8/17/2020 4:51,2.8452454317146886e-05
cat__datetime_combined_5/25/2020 6:08,2.8416090326614197e-05
cat__datetime_combined_8/25/2020 2:10,2.8165727362372148e-05
cat__datetime_combined_5/30/2020 23:22,2.813192907387017e-05
cat__datetime_combined_8/17/2020 23:18,2.806756006585606e-05
cat__datetime_combined_6/8/2020 18:44,2.7983440698687087e-05
cat__datetime_combined_7/27/2020 15:02,2.796986331169975e-05
cat__datetime_combined_8/23/2020 17:53,2.792759905194224e-05
cat__datetime_combined_5/31/2020 19:34,2.7428418703547598e-05
cat__datetime_combined_7/17/2020 7:12,2.736968257767981e-05
cat__datetime_combined_7/26/2020 0:08,2.7216506889331112e-05
cat__datetime_combined_8/5/2020 8:39,2.7164584734883177e-05
cat__datetime_combined_7/26/2020 13:16,2.7157184444617637e-05
cat__datetime_combined_5/31/2020 13:44,2.7068666839248803e-05
cat__datetime_combined_7/31/2020 7:58,2.6977568617399943e-05
cat__datetime_combined_5/25/2020 23:17,2.680820259297373e-05
cat__datetime_combined_1/10/2020 18:54,2.6702196607378276e-05
cat__datetime_combined_5/9/2020 4:30,2.6622031262122462e-05
cat__datetime_combined_7/20/2020 3:56,2.6596637720726857e-05
cat__datetime_combined_8/17/2020 7:05,2.6562602139112186e-05
cat__datetime_combined_7/14/2020 18:17,2.6543181380787e-05
cat__datetime_combined_7/18/2020 19:09,2.649405119068157e-05
cat__datetime_combined_7/26/2020 2:56,2.6330223050260906e-05
cat__datetime_combined_5/31/2020 12:57,2.61836707635925e-05
cat__datetime_combined_7/13/2020 21:13,2.616963887916355e-05
cat__datetime_combined_8/7/2020 21:35,2.607406375846068e-05
cat__datetime_combined_5/23/2020 0:05,2.57433658063275e-05
cat__datetime_combined_5/24/2020 4:32,2.5731086092280337e-05
cat__datetime_combined_8/21/2020 11:58,2.569776275735249e-05
cat__datetime_combined_7/5/2020 2:32,2.5686574890779917e-05
cat__datetime_combined_7/14/2020 1:21,2.5640741185458903e-05
cat__datetime_combined_7/14/2020 12:00,2.554814298876141e-05
cat__datetime_combined_5/28/2020 15:11,2.5413138571035064e-05
cat__datetime_combined_5/9/2020 13:05,2.5376553531452908e-05
cat__datetime_combined_7/15/2020 4:25,2.5330913932775593e-05
cat__datetime_combined_8/7/2020 23:05,2.5288273981680604e-05
cat__datetime_combined_8/17/2020 18:55,2.5273138237649677e-05
cat__datetime_combined_7/16/2020 23:09,2.5173040180389985e-05
cat__datetime_combined_8/21/2020 19:14,2.5128204884376125e-05
cat__datetime_combined_7/7/2020 22:08,2.4999517494987044e-05
cat__datetime_combined_7/27/2020 23:55,2.499686956172999e-05
cat__datetime_combined_5/29/2020 19:46,2.495088756280219e-05
cat__datetime_combined_5/16/2020 5:12,2.479753727774981e-05
cat__datetime_combined_7/20/2020 8:22,2.4728732534636378e-05
cat__datetime_combined_7/26/2020 19:21,2.4711112557331427e-05
cat__datetime_combined_7/15/2020 19:56,2.4646434827741448e-05
cat__datetime_combined_7/29/2020 9:33,2.4599553383685646e-05
cat__datetime_combined_7/7/2020 12:38,2.4482045412019438e-05
cat__datetime_combined_7/26/2020 7:56,2.428616839821206e-05
cat__datetime_combined_7/31/2020 1:17,2.4149070455180466e-05
cat__datetime_combined_7/13/2020 4:27,2.4047360662249268e-05
cat__datetime_combined_7/14/2020 19:37,2.3998811144146933e-05
cat__datetime_combined_1/7/2020 23:50,2.3942340122996047e-05
cat__datetime_combined_7/26/2020 1:28,2.3936976260239413e-05
cat__datetime_combined_8/5/2020 5:34,2.392017558838347e-05
cat__datetime_combined_7/14/2020 9:37,2.3745037159493056e-05
cat__datetime_combined_8/18/2020 23:42,2.373468004266702e-05
cat__datetime_combined_5/31/2020 15:07,2.3611242487911205e-05
cat__datetime_combined_7/26/2020 4:49,2.3322357109708193e-05
cat__datetime_combined_7/19/2020 16:36,2.3319528745353614e-05
cat__datetime_combined_5/9/2020 9:16,2.3286902605973436e-05
cat__datetime_combined_8/16/2020 18:32,2.3283627938023272e-05
cat__datetime_combined_8/18/2020 3:37,2.324902949313188e-05
cat__datetime_combined_7/19/2020 13:43,2.3184621475428842e-05
cat__datetime_combined_7/26/2020 11:19,2.317635137257303e-05
cat__datetime_combined_8/9/2020 12:06,2.310884403825676e-05
cat__datetime_combined_7/17/2020 18:06,2.3093725220444293e-05
cat__steel_type_1008,2.301979767936816e-05
cat__datetime_combined_1/10/2020 18:13,2.2891527634273053e-05
cat__datetime_combined_8/5/2020 6:17,2.288555547400016e-05
cat__datetime_combined_6/5/2020 19:47,2.2672322568821506e-05
cat__datetime_combined_8/25/2020 13:10,2.263665395452632e-05
cat__datetime_combined_5/31/2020 12:56,2.263347285040255e-05
cat__datetime_combined_7/20/2020 5:02,2.2571104614904414e-05
cat__datetime_combined_7/18/2020 7:26,2.2482052135637708e-05
cat__datetime_combined_7/24/2020 3:08,2.2444843821365565e-05
cat__datetime_combined_5/25/2020 1:46,2.2432244516329593e-05
cat__datetime_combined_8/14/2020 18:32,2.242979248139642e-05
cat__datetime_combined_8/23/2020 18:34,2.2406071024173757e-05
cat__datetime_combined_5/28/2020 21:02,2.2338124032860583e-05
cat__datetime_combined_5/28/2020 0:03,2.203287165749961e-05
cat__datetime_combined_7/7/2020 12:08,2.2005698779249992e-05
cat__datetime_combined_7/13/2020 22:33,2.1892191576516847e-05
cat__datetime_combined_7/15/2020 9:33,2.1775315687519173e-05
cat__datetime_combined_7/31/2020 13:16,2.176260247379464e-05
cat__datetime_combined_7/20/2020 1:49,2.170274014442714e-05
cat__datetime_combined_7/31/2020 11:57,2.1692176596675764e-05
cat__datetime_combined_6/9/2020 2:44,2.1583302499353233e-05
cat__datetime_combined_8/18/2020 1:23,2.15121088539005e-05
cat__datetime_combined_7/13/2020 9:38,2.148764609670834e-05
cat__datetime_combined_6/7/2020 1:26,2.1398925958322395e-05
cat__datetime_combined_8/18/2020 5:40,2.1383761686373752e-05
cat__datetime_combined_8/20/2020 23:42,2.1368302473921946e-05
cat__datetime_combined_1/7/2020 18:59,2.133098131463941e-05
cat__datetime_combined_7/24/2020 0:26,2.132525107453131e-05
cat__datetime_combined_7/7/2020 1:54,2.1204988551548937e-05
cat__datetime_combined_7/14/2020 11:07,2.116559577798154e-05
cat__datetime_combined_8/21/2020 11:20,2.1109335777208864e-05
cat__datetime_combined_5/9/2020 11:41,2.1009757269546977e-05
cat__datetime_combined_8/9/2020 21:57,2.0923566759801572e-05
cat__datetime_combined_8/18/2020 2:53,2.0727490692070665e-05
cat__datetime_combined_8/18/2020 4:16,2.0700284009340573e-05
cat__datetime_combined_5/23/2020 7:18,2.068923979738403e-05
cat__datetime_combined_7/18/2020 23:57,2.0648830321021364e-05
cat__datetime_combined_7/13/2020 22:28,2.0638197858911307e-05
cat__datetime_combined_5/28/2020 18:55,2.0629555285567787e-05
cat__datetime_combined_5/25/2020 6:54,2.059881021305662e-05
cat__datetime_combined_7/19/2020 20:41,2.05835419194081e-05
cat__datetime_combined_8/25/2020 2:59,2.0556248172465523e-05
cat__datetime_combined_8/7/2020 22:21,2.0476478946600724e-05
cat__datetime_combined_7/23/2020 19:31,2.046483066850839e-05
cat__datetime_combined_7/23/2020 2:34,2.0393604745815266e-05
cat__datetime_combined_7/13/2020 7:00,2.0327937606371165e-05
cat__datetime_combined_5/9/2020 12:21,2.0238748728889738e-05
cat__datetime_combined_8/15/2020 12:49,2.0234979823832116e-05
cat__datetime_combined_5/16/2020 8:04,2.0224516616654422e-05
cat__datetime_combined_5/28/2020 20:28,2.0190767378559905e-05
cat__datetime_combined_7/7/2020 0:20,2.018636343738642e-05
cat__datetime_combined_7/19/2020 19:59,2.0097047220897407e-05
cat__datetime_combined_7/26/2020 16:03,1.9966772104729952e-05
cat__datetime_combined_8/13/2020 8:35,1.9951709185949026e-05
cat__datetime_combined_7/26/2020 0:48,1.9866802855275265e-05
cat__datetime_combined_6/9/2020 6:59,1.9843133495045093e-05
cat__datetime_combined_8/18/2020 23:06,1.9828646034782653e-05
cat__steel_type_V500V,1.9775725786903274e-05
cat__datetime_combined_8/25/2020 9:47,1.9760569607430346e-05
cat__datetime_combined_8/25/2020 22:37,1.9709094203368715e-05
cat__datetime_combined_5/29/2020 7:22,1.9668629326853378e-05
cat__datetime_combined_5/25/2020 8:10,1.9590552090090862e-05
cat__datetime_combined_6/5/2020 20:29,1.9555761241932285e-05
cat__datetime_combined_5/22/2020 15:07,1.9502603984450582e-05
cat__datetime_combined_7/13/2020 23:15,1.944019494655077e-05
cat__datetime_combined_8/9/2020 1:01,1.939800738919599e-05
cat__datetime_combined_5/31/2020 9:57,1.9349749672329267e-05
cat__datetime_combined_8/26/2020 12:59,1.9319080832773383e-05
cat__datetime_combined_5/5/2020 23:34,1.9299169303168008e-05
cat__datetime_combined_1/10/2020 0:06,1.912061185697011e-05
cat__datetime_combined_8/21/2020 13:18,1.9102435873369063e-05
cat__datetime_combined_6/9/2020 15:48,1.9015456624697357e-05
cat__datetime_combined_7/26/2020 21:23,1.9006760811926728e-05
cat__datetime_combined_7/31/2020 23:56,1.8982474293173945e-05
cat__datetime_combined_7/15/2020 5:45,1.897605723034695e-05
cat__datetime_combined_7/31/2020 1:57,1.8974894660539088e-05
cat__datetime_combined_5/16/2020 10:22,1.8905556440548325e-05
cat__datetime_combined_7/16/2020 21:44,1.882054691959851e-05
cat__datetime_combined_8/15/2020 10:03,1.881488097751263e-05
cat__datetime_combined_7/22/2020 7:44,1.8794434497859082e-05
cat__datetime_combined_7/16/2020 12:44,1.8792036189991968e-05
cat__datetime_combined_7/25/2020 0:02,1.8765943469951853e-05
cat__datetime_combined_7/29/2020 23:43,1.8688892867800137e-05
cat__datetime_combined_7/29/2020 0:30,1.867895732865521e-05
cat__datetime_combined_7/14/2020 4:18,1.867586179417204e-05
cat__datetime_combined_8/24/2020 7:04,1.866840565947642e-05
cat__datetime_combined_7/16/2020 20:29,1.8646863980363002e-05
cat__datetime_combined_8/17/2020 12:00,1.8587401696990483e-05
cat__datetime_combined_1/9/2020 20:25,1.855208552698901e-05
cat__datetime_combined_7/23/2020 21:25,1.843037021500195e-05
cat__datetime_combined_1/10/2020 20:21,1.8422132515377832e-05
cat__datetime_combined_5/9/2020 5:50,1.8416349374290916e-05
cat__datetime_combined_5/24/2020 17:07,1.8412403912559347e-05
cat__datetime_combined_7/23/2020 11:56,1.839125399325641e-05
cat__datetime_combined_8/26/2020 16:17,1.8291731794800184e-05
cat__datetime_combined_6/8/2020 13:12,1.8290344108325692e-05
cat__datetime_combined_5/28/2020 19:47,1.821704639321252e-05
cat__datetime_combined_7/29/2020 6:24,1.8206847022581887e-05
cat__datetime_combined_5/25/2020 19:27,1.820397452772593e-05
cat__datetime_combined_8/15/2020 3:18,1.799651688173406e-05
cat__datetime_combined_5/25/2020 8:57,1.7967393480157754e-05
cat__datetime_combined_7/19/2020 6:27,1.795141452596801e-05
cat__datetime_combined_5/25/2020 11:17,1.7917449648101618e-05
cat__datetime_combined_5/9/2020 17:38,1.7885845364443424e-05
cat__datetime_combined_6/8/2020 17:54,1.786516593733067e-05
cat__datetime_combined_6/8/2020 10:34,1.7850200962785926e-05
cat__datetime_combined_5/22/2020 17:27,1.7797496756177096e-05
cat__datetime_combined_5/9/2020 18:54,1.777632481884817e-05
cat__datetime_combined_5/28/2020 18:07,1.7501447094512966e-05
cat__datetime_combined_7/29/2020 19:57,1.749234567935304e-05
cat__datetime_combined_1/10/2020 2:27,1.7428975953411114e-05
cat__datetime_combined_7/26/2020 3:30,1.74190488221432e-05
cat__datetime_combined_8/23/2020 11:43,1.7408418369558717e-05
cat__datetime_combined_5/9/2020 13:42,1.7271708534051232e-05
cat__datetime_combined_5/22/2020 10:32,1.7232491783697956e-05
cat__datetime_combined_7/24/2020 19:17,1.7208424336596102e-05
cat__datetime_combined_5/5/2020 5:21,1.7133814273858e-05
cat__datetime_combined_7/28/2020 8:53,1.7050462218322818e-05
cat__datetime_combined_8/15/2020 16:13,1.7030607346640107e-05
cat__datetime_combined_6/8/2020 2:09,1.698113603766367e-05
cat__datetime_combined_8/23/2020 19:23,1.684474362283509e-05
cat__datetime_combined_8/18/2020 2:10,1.679404142518047e-05
cat__datetime_combined_5/28/2020 9:32,1.6735839389225768e-05
cat__datetime_combined_7/20/2020 8:43,1.6634099097523566e-05
cat__datetime_combined_7/24/2020 18:13,1.6617741060927514e-05
cat__datetime_combined_5/25/2020 5:15,1.660475695128238e-05
cat__datetime_combined_5/30/2020 22:35,1.6604431655777974e-05
cat__datetime_combined_7/29/2020 17:04,1.6546190272366002e-05
cat__datetime_combined_5/9/2020 20:51,1.6498016517572087e-05
cat__datetime_combined_7/31/2020 12:31,1.648648733754226e-05
cat__datetime_combined_5/24/2020 16:09,1.6486212688951355e-05
cat__datetime_combined_6/5/2020 0:16,1.64779017723907e-05
cat__datetime_combined_8/5/2020 7:43,1.6431736139051225e-05
cat__datetime_combined_5/24/2020 14:29,1.6424203481604732e-05
cat__datetime_combined_7/17/2020 1:23,1.632892416283982e-05
cat__datetime_combined_7/19/2020 17:01,1.624816130411641e-05
cat__datetime_combined_5/31/2020 4:17,1.6230210996941397e-05
cat__datetime_combined_5/9/2020 1:01,1.608290990423659e-05
cat__datetime_combined_8/25/2020 0:56,1.6080868140890425e-05
cat__datetime_combined_5/5/2020 5:57,1.604758284173662e-05
cat__datetime_combined_8/9/2020 4:12,1.5937819074592666e-05
cat__datetime_combined_7/17/2020 21:40,1.5935853052352537e-05
cat__datetime_combined_7/7/2020 10:36,1.593533552363477e-05
cat__datetime_combined_7/29/2020 3:14,1.5927474053008628e-05
cat__datetime_combined_8/14/2020 13:21,1.580446634697977e-05
cat__datetime_combined_8/24/2020 22:15,1.5787620661134426e-05
cat__datetime_combined_7/17/2020 23:35,1.5675174860370834e-05
cat__datetime_combined_2/5/2020 1:05,1.5638831796386792e-05
cat__datetime_combined_5/24/2020 3:50,1.557363175149033e-05
cat__datetime_combined_1/7/2020 4:11,1.5535984909483285e-05
cat__datetime_combined_5/25/2020 3:05,1.5485246447222095e-05
cat__datetime_combined_5/13/2020 1:56,1.5477949432151826e-05
cat__datetime_combined_7/21/2020 22:56,1.546071802150199e-05
cat__datetime_combined_8/19/2020 6:17,1.543336200859214e-05
cat__datetime_combined_7/13/2020 23:55,1.541656624547639e-05
cat__datetime_combined_8/17/2020 18:14,1.5353832232068982e-05
cat__datetime_combined_6/5/2020 16:51,1.5344740515573483e-05
cat__datetime_combined_5/31/2020 10:37,1.5315361491987038e-05
cat__datetime_combined_1/9/2020 0:46,1.5162239823557011e-05
cat__datetime_combined_5/31/2020 4:34,1.5133772023042937e-05
cat__datetime_combined_5/28/2020 8:00,1.5041802460159948e-05
cat__datetime_combined_5/31/2020 7:31,1.501144882533306e-05
cat__datetime_combined_1/9/2020 2:06,1.499821254008464e-05
cat__datetime_combined_5/28/2020 14:24,1.4997343542960746e-05
cat__datetime_combined_5/26/2020 0:02,1.4988670929261099e-05
cat__datetime_combined_5/18/2020 22:42,1.4931894536147868e-05
cat__datetime_combined_8/15/2020 6:02,1.4928879463963037e-05
cat__datetime_combined_7/15/2020 10:19,1.4901269309758484e-05
cat__datetime_combined_7/22/2020 8:32,1.4755220004841356e-05
cat__datetime_combined_7/18/2020 15:04,1.4692321010134359e-05
cat__datetime_combined_7/23/2020 7:20,1.4680018311410466e-05
cat__datetime_combined_7/14/2020 10:24,1.4644478344020973e-05
cat__datetime_combined_5/19/2020 3:14,1.4643421726704074e-05
cat__datetime_combined_1/9/2020 13:40,1.4623521775210819e-05
cat__datetime_combined_7/30/2020 9:01,1.443732453463842e-05
cat__datetime_combined_8/18/2020 9:10,1.44112745192827e-05
cat__datetime_combined_5/24/2020 12:39,1.4330971672612747e-05
cat__datetime_combined_5/23/2020 18:38,1.4214618686053894e-05
cat__datetime_combined_5/5/2020 4:20,1.419581099467919e-05
cat__datetime_combined_7/19/2020 19:26,1.4179198103990392e-05
cat__datetime_combined_7/26/2020 14:10,1.4140863090065178e-05
cat__datetime_combined_1/7/2020 13:37,1.4081615114154625e-05
cat__datetime_combined_7/22/2020 18:14,1.4029116293295923e-05
cat__datetime_combined_7/7/2020 22:47,1.3980157615404989e-05
cat__datetime_combined_5/22/2020 11:18,1.3887736832393063e-05
cat__datetime_combined_7/24/2020 1:01,1.3887518416205549e-05
cat__datetime_combined_6/5/2020 23:35,1.3865752744234148e-05
cat__datetime_combined_8/18/2020 11:10,1.3857543319132941e-05
cat__datetime_combined_5/24/2020 19:46,1.3838396650903927e-05
cat__datetime_combined_8/19/2020 17:00,1.380577612501139e-05
cat__datetime_combined_5/24/2020 23:37,1.3804356989913728e-05
cat__datetime_combined_8/24/2020 21:35,1.3796854061581746e-05
cat__datetime_combined_8/21/2020 3:08,1.3779376298388357e-05
cat__datetime_combined_7/19/2020 5:02,1.3749211971389575e-05
cat__datetime_combined_8/7/2020 1:02,1.3705153596564692e-05
cat__datetime_combined_6/5/2020 1:05,1.362360009054249e-05
cat__datetime_combined_8/17/2020 6:25,1.3612656549972378e-05
cat__datetime_combined_6/7/2020 5:45,1.3609124535258248e-05
cat__datetime_combined_6/8/2020 11:51,1.3606330799403183e-05
cat__datetime_combined_7/7/2020 14:13,1.3601551676957708e-05
cat__datetime_combined_8/7/2020 23:59,1.3588495525324828e-05
cat__datetime_combined_1/9/2020 21:07,1.3566913668299093e-05
cat__datetime_combined_7/27/2020 7:22,1.353255653017456e-05
cat__datetime_combined_5/30/2020 20:15,1.3523745470574674e-05
cat__datetime_combined_1/10/2020 9:12,1.347791984123034e-05
cat__datetime_combined_1/9/2020 22:29,1.3432190876134237e-05
cat__datetime_combined_7/16/2020 10:32,1.341961864485912e-05
cat__datetime_combined_7/14/2020 15:16,1.3410417665517108e-05
cat__datetime_combined_8/25/2020 11:47,1.3382509003948277e-05
cat__datetime_combined_7/24/2020 9:41,1.3341243885761099e-05
cat__datetime_combined_7/19/2020 10:51,1.3229595376021394e-05
cat__datetime_combined_5/31/2020 1:09,1.3195034113813806e-05
cat__datetime_combined_5/29/2020 21:16,1.3187389745857945e-05
cat__datetime_combined_7/29/2020 12:13,1.3161288468079525e-05
cat__datetime_combined_6/9/2020 4:48,1.2958859328259874e-05
cat__datetime_combined_7/21/2020 15:33,1.2910963082305572e-05
cat__datetime_combined_7/26/2020 10:39,1.287973564551649e-05
cat__datetime_combined_5/9/2020 21:30,1.283818463418491e-05
cat__datetime_combined_2/5/2020 14:02,1.28094936056052e-05
cat__datetime_combined_8/21/2020 14:36,1.2806080544576685e-05
cat__datetime_combined_7/26/2020 7:13,1.2658767228244511e-05
cat__datetime_combined_5/29/2020 22:02,1.26298154497166e-05
cat__datetime_combined_5/24/2020 3:06,1.2627665296528791e-05
cat__datetime_combined_5/9/2020 18:18,1.2599122760550387e-05
cat__datetime_combined_5/28/2020 17:24,1.2576140610950998e-05
cat__datetime_combined_1/7/2020 18:24,1.2497411274760581e-05
cat__datetime_combined_5/14/2020 13:58,1.2474411104593936e-05
cat__datetime_combined_5/29/2020 23:36,1.2461117037034943e-05
cat__datetime_combined_7/29/2020 12:53,1.2443158902816987e-05
cat__datetime_combined_8/8/2020 5:24,1.243725762996407e-05
cat__datetime_combined_8/8/2020 0:36,1.2409485424693949e-05
cat__datetime_combined_8/18/2020 19:59,1.2335529690548806e-05
cat__datetime_combined_5/29/2020 0:24,1.2334037509541047e-05
cat__datetime_combined_8/16/2020 4:45,1.2323432164073638e-05
cat__datetime_combined_7/18/2020 22:40,1.232196223805793e-05
cat__datetime_combined_6/7/2020 4:59,1.2251813560737711e-05
cat__datetime_combined_5/5/2020 1:16,1.2179020358186758e-05
cat__datetime_combined_7/25/2020 5:33,1.2162353775993944e-05
cat__datetime_combined_2/5/2020 10:16,1.2116863115580913e-05
cat__datetime_combined_6/9/2020 18:05,1.2061635422901347e-05
cat__datetime_combined_5/22/2020 1:57,1.2058087496028643e-05
cat__datetime_combined_8/15/2020 19:44,1.2046355038220372e-05
cat__datetime_combined_8/15/2020 14:13,1.2034714610844085e-05
cat__datetime_combined_2/7/2020 7:41,1.2020376742618158e-05
cat__datetime_combined_7/26/2020 4:07,1.2008862131084673e-05
cat__datetime_combined_5/31/2020 9:08,1.1992611717170387e-05
cat__datetime_combined_5/14/2020 0:12,1.199025812930675e-05
cat__datetime_combined_1/10/2020 6:57,1.1989810727544587e-05
cat__datetime_combined_7/16/2020 7:27,1.1898946013062193e-05
cat__datetime_combined_1/9/2020 16:45,1.189690726624989e-05
cat__datetime_combined_8/16/2020 7:17,1.1843157621348624e-05
cat__datetime_combined_5/23/2020 10:08,1.183528772445482e-05
cat__datetime_combined_5/25/2020 16:28,1.1778832116760967e-05
cat__datetime_combined_5/9/2020 22:12,1.176268488790525e-05
cat__datetime_combined_7/18/2020 0:58,1.1713418158016911e-05
cat__datetime_combined_7/14/2020 17:29,1.1692156923866902e-05
cat__datetime_combined_7/17/2020 4:17,1.161223279307131e-05
cat__datetime_combined_5/22/2020 12:49,1.1596948924363886e-05
cat__datetime_combined_7/17/2020 2:01,1.1563910587090782e-05
cat__datetime_combined_7/23/2020 1:10,1.1560723142467415e-05
cat__datetime_combined_8/21/2020 1:49,1.151502974538911e-05
cat__datetime_combined_6/8/2020 8:30,1.1497725599232864e-05
cat__datetime_combined_1/8/2020 12:15,1.1492696355151492e-05
cat__datetime_combined_7/22/2020 7:04,1.1491283345346876e-05
cat__datetime_combined_7/20/2020 9:23,1.1464883055949517e-05
cat__datetime_combined_8/15/2020 9:27,1.145243845659312e-05
cat__datetime_combined_8/5/2020 2:33,1.1441651511482065e-05
cat__datetime_combined_5/30/2020 21:48,1.1373518475574181e-05
cat__datetime_combined_8/26/2020 17:41,1.1335034994319814e-05
cat__datetime_combined_2/5/2020 11:49,1.1309068313495319e-05
cat__datetime_combined_5/20/2020 0:08,1.127595237886827e-05
cat__datetime_combined_8/8/2020 1:58,1.1245408580073855e-05
cat__steel_type_20,1.1226859502116037e-05
cat__datetime_combined_8/13/2020 0:17,1.1211554414142496e-05
cat__datetime_combined_5/30/2020 1:05,1.1209517807431113e-05
cat__datetime_combined_6/8/2020 4:46,1.1184432565892236e-05
cat__datetime_combined_1/8/2020 23:21,1.1173043394877196e-05
cat__datetime_combined_5/24/2020 2:20,1.1171728719763508e-05
cat__datetime_combined_5/5/2020 3:40,1.1157693887595658e-05
cat__datetime_combined_8/20/2020 8:43,1.1114942425095395e-05
cat__datetime_combined_8/14/2020 12:38,1.109694360516717e-05
cat__datetime_combined_7/23/2020 4:48,1.1082598702564105e-05
cat__datetime_combined_5/29/2020 19:05,1.1064515236351762e-05
cat__datetime_combined_8/22/2020 12:22,1.1026157367740577e-05
cat__datetime_combined_7/23/2020 16:33,1.1019834235552184e-05
cat__datetime_combined_5/23/2020 9:16,1.096896984447179e-05
cat__datetime_combined_7/18/2020 15:51,1.0944045517608578e-05
cat__datetime_combined_5/29/2020 8:48,1.0918150166539537e-05
cat__datetime_combined_7/13/2020 12:25,1.0896896082993231e-05
cat__datetime_combined_6/7/2020 6:25,1.08897084858727e-05
cat__datetime_combined_5/20/2020 12:25,1.088848661058718e-05
cat__datetime_combined_7/27/2020 13:30,1.0882811913623891e-05
cat__datetime_combined_7/22/2020 9:10,1.0869890953086183e-05
cat__datetime_combined_2/9/2020 0:40,1.0865324254268494e-05
cat__datetime_combined_5/17/2020 18:18,1.0846927798622571e-05
cat__datetime_combined_2/5/2020 15:29,1.0822079198629831e-05
cat__datetime_combined_5/25/2020 18:38,1.080202858025906e-05
cat__datetime_combined_7/30/2020 14:22,1.074629742889658e-05
cat__datetime_combined_7/23/2020 6:14,1.0734778583173666e-05
cat__datetime_combined_5/9/2020 22:55,1.072202376087884e-05
cat__datetime_combined_7/19/2020 10:16,1.0688981529750653e-05
cat__datetime_combined_5/5/2020 9:39,1.0667944276146865e-05
cat__datetime_combined_5/5/2020 2:19,1.0610689027463644e-05
cat__datetime_combined_8/23/2020 15:51,1.0603173213181931e-05
cat__datetime_combined_5/24/2020 0:17,1.0588038473000177e-05
cat__datetime_combined_8/26/2020 19:04,1.057336394042014e-05
cat__datetime_combined_1/9/2020 19:04,1.0520811542138313e-05
cat__datetime_combined_7/18/2020 17:48,1.045985772959853e-05
cat__datetime_combined_7/25/2020 18:01,1.0457807348637368e-05
cat__datetime_combined_1/6/2020 23:39,1.0433702913428101e-05
cat__datetime_combined_5/24/2020 18:56,1.0413534888383962e-05
cat__datetime_combined_8/15/2020 4:47,1.0411815064599862e-05
cat__datetime_combined_7/31/2020 2:38,1.0396051840260271e-05
cat__datetime_combined_8/17/2020 20:57,1.0386549680415345e-05
cat__datetime_combined_2/5/2020 12:32,1.0268609793658735e-05
cat__datetime_combined_1/10/2020 17:30,1.0247478531952008e-05
cat__datetime_combined_8/13/2020 17:56,1.0242093298397726e-05
cat__datetime_combined_1/9/2020 19:45,1.0203720979374117e-05
cat__datetime_combined_8/8/2020 1:18,1.019697562940547e-05
cat__datetime_combined_5/23/2020 11:50,1.0192849787509619e-05
cat__datetime_combined_7/17/2020 19:42,1.015656632573858e-05
cat__datetime_combined_8/19/2020 21:14,1.013801985699656e-05
cat__datetime_combined_8/19/2020 0:27,1.0120952769818639e-05
cat__datetime_combined_8/21/2020 22:27,1.012064468270974e-05
cat__datetime_combined_6/9/2020 19:19,1.0104365737496168e-05
cat__datetime_combined_6/7/2020 21:51,1.009534609084539e-05
cat__datetime_combined_5/9/2020 15:41,1.0017055438927623e-05
cat__datetime_combined_7/7/2020 1:03,1.000309916009097e-05
cat__datetime_combined_5/31/2020 21:45,9.966970616655265e-06
cat__datetime_combined_8/17/2020 10:32,9.963779691782613e-06
cat__datetime_combined_8/20/2020 19:06,9.962944650767271e-06
cat__datetime_combined_8/21/2020 1:07,9.833701871467068e-06
cat__datetime_combined_1/10/2020 3:59,9.799908836753795e-06
cat__datetime_combined_1/10/2020 5:33,9.79212729422811e-06
cat__datetime_combined_1/8/2020 14:21,9.758767665775744e-06
cat__datetime_combined_8/14/2020 23:56,9.74798202424609e-06
cat__datetime_combined_7/14/2020 2:01,9.726850054763138e-06
cat__datetime_combined_8/21/2020 0:31,9.695548173686818e-06
cat__datetime_combined_7/17/2020 2:47,9.680972645930477e-06
cat__datetime_combined_5/13/2020 0:09,9.632551103514949e-06
cat__datetime_combined_5/9/2020 10:29,9.628404751375513e-06
cat__datetime_combined_8/19/2020 14:24,9.612977949988445e-06
cat__datetime_combined_7/26/2020 20:05,9.578421139807303e-06
cat__datetime_combined_5/14/2020 16:07,9.562317325134566e-06
cat__datetime_combined_5/16/2020 9:34,9.556190518586174e-06
cat__datetime_combined_5/31/2020 4:15,9.554617207876791e-06
cat__datetime_combined_6/8/2020 1:20,9.52994886480808e-06
cat__datetime_combined_1/6/2020 0:25,9.491792139382606e-06
cat__datetime_combined_6/5/2020 19:12,9.48624447897648e-06
cat__datetime_combined_1/7/2020 11:25,9.472532536382095e-06
cat__datetime_combined_8/13/2020 6:27,9.437231336063386e-06
cat__datetime_combined_1/10/2020 19:33,9.43670373858349e-06
cat__datetime_combined_5/5/2020 11:15,9.42844797455348e-06
cat__datetime_combined_7/31/2020 20:36,9.40816849003013e-06
cat__datetime_combined_7/29/2020 8:56,9.407409635929393e-06
cat__datetime_combined_5/13/2020 9:08,9.266979715950457e-06
cat__datetime_combined_7/18/2020 10:59,9.260445434607623e-06
cat__datetime_combined_5/19/2020 4:07,9.21478045792696e-06
cat__datetime_combined_1/9/2020 23:53,9.177004978431814e-06
cat__datetime_combined_5/21/2020 5:15,9.157401550408432e-06
cat__datetime_combined_5/20/2020 6:26,9.153996698110531e-06
cat__datetime_combined_8/22/2020 10:47,9.135538765912153e-06
cat__datetime_combined_7/17/2020 3:36,9.122739936830193e-06
cat__datetime_combined_5/17/2020 1:32,9.121119080055122e-06
cat__datetime_combined_7/18/2020 16:27,9.105842112641857e-06
cat__datetime_combined_7/20/2020 8:03,9.064573543709958e-06
cat__datetime_combined_5/17/2020 5:04,9.049775270391258e-06
cat__datetime_combined_8/21/2020 5:18,9.04879094489475e-06
cat__datetime_combined_5/23/2020 23:12,9.030316894974524e-06
cat__datetime_combined_5/25/2020 4:38,9.011279390574455e-06
cat__datetime_combined_7/19/2020 13:10,9.003467581059387e-06
cat__datetime_combined_7/20/2020 1:05,8.984990003298081e-06
cat__datetime_combined_1/8/2020 17:42,8.977758463079818e-06
cat__datetime_combined_5/17/2020 7:18,8.967465955826353e-06
cat__datetime_combined_1/9/2020 18:24,8.901591151087998e-06
cat__datetime_combined_5/21/2020 0:46,8.895990808705091e-06
cat__datetime_combined_6/8/2020 7:19,8.88591022621847e-06
cat__datetime_combined_8/5/2020 17:04,8.878892107535997e-06
cat__datetime_combined_8/17/2020 0:05,8.874582417841982e-06
cat__datetime_combined_6/5/2020 21:16,8.873588603333033e-06
cat__datetime_combined_8/23/2020 13:12,8.861449085098187e-06
cat__datetime_combined_8/23/2020 0:07,8.853885519519343e-06
cat__datetime_combined_8/7/2020 21:03,8.850491736887447e-06
cat__datetime_combined_2/9/2020 2:01,8.807057840425121e-06
cat__datetime_combined_8/7/2020 18:36,8.756666207928495e-06
cat__datetime_combined_7/18/2020 19:46,8.686849891911965e-06
cat__datetime_combined_7/16/2020 18:07,8.685539249551114e-06
cat__datetime_combined_2/8/2020 0:05,8.675908941058115e-06
cat__datetime_combined_6/5/2020 22:00,8.669527425805605e-06
cat__datetime_combined_5/30/2020 19:37,8.647700261448827e-06
cat__datetime_combined_7/22/2020 11:08,8.64605991664784e-06
cat__datetime_combined_8/24/2020 18:32,8.610600813041917e-06
cat__datetime_combined_8/21/2020 8:40,8.56677093998234e-06
cat__datetime_combined_5/25/2020 7:37,8.538724902730326e-06
cat__datetime_combined_8/13/2020 18:35,8.532779844496387e-06
cat__datetime_combined_5/5/2020 23:07,8.517388393733616e-06
cat__datetime_combined_1/9/2020 1:24,8.455145680216896e-06
cat__datetime_combined_7/18/2020 9:40,8.381623266779905e-06
cat__datetime_combined_6/5/2020 2:32,8.373349246649334e-06
cat__datetime_combined_5/13/2020 2:39,8.36003426591288e-06
cat__datetime_combined_5/19/2020 19:04,8.331018583497787e-06
cat__datetime_combined_7/29/2020 11:36,8.320573150601327e-06
cat__datetime_combined_7/18/2020 11:44,8.270575091595312e-06
cat__datetime_combined_7/27/2020 10:12,8.266355829645456e-06
cat__datetime_combined_8/23/2020 10:56,8.246737869687802e-06
cat__datetime_combined_8/24/2020 3:59,8.223457345894572e-06
cat__datetime_combined_5/5/2020 0:26,8.192835412826167e-06
cat__datetime_combined_8/13/2020 22:56,8.159290171291994e-06
cat__datetime_combined_7/31/2020 4:41,8.131619519211614e-06
cat__datetime_combined_8/14/2020 7:57,8.058652058808867e-06
cat__datetime_combined_8/22/2020 18:45,8.057548835611077e-06
cat__datetime_combined_7/14/2020 23:53,8.052605341756197e-06
cat__datetime_combined_3/8/2020 0:11,8.04385323536859e-06
cat__datetime_combined_8/5/2020 3:18,8.038227104191028e-06
cat__datetime_combined_6/5/2020 18:24,8.032575121890138e-06
cat__datetime_combined_8/5/2020 11:21,8.027575069777965e-06
cat__datetime_combined_8/5/2020 12:04,7.9956798785261e-06
cat__datetime_combined_7/20/2020 0:21,7.99256090254805e-06
cat__datetime_combined_5/31/2020 5:19,7.984306283463723e-06
cat__datetime_combined_5/24/2020 6:03,7.983995935507546e-06
cat__datetime_combined_5/20/2020 3:44,7.965451010413014e-06
cat__datetime_combined_8/25/2020 7:44,7.940436915812888e-06
cat__datetime_combined_5/18/2020 17:31,7.935376549374266e-06
cat__datetime_combined_1/10/2020 10:07,7.92597291051931e-06
cat__datetime_combined_7/24/2020 23:47,7.903065647626424e-06
cat__datetime_combined_5/24/2020 13:39,7.88460811163592e-06
cat__datetime_combined_5/17/2020 8:35,7.876263320563676e-06
cat__datetime_combined_8/14/2020 17:45,7.862165088728344e-06
cat__datetime_combined_2/9/2020 4:07,7.803878578312314e-06
cat__datetime_combined_7/16/2020 22:31,7.798072458177102e-06
cat__datetime_combined_7/28/2020 5:33,7.793080659481564e-06
cat__datetime_combined_1/10/2020 14:45,7.783109774814067e-06
cat__datetime_combined_5/27/2020 20:04,7.778285086100556e-06
cat__datetime_combined_7/18/2020 20:33,7.771766801243692e-06
cat__datetime_combined_5/30/2020 0:03,7.771499413023213e-06
cat__datetime_combined_7/31/2020 21:30,7.766632235449244e-06
cat__datetime_combined_3/7/2020 0:14,7.733987937084852e-06
cat__datetime_combined_6/9/2020 10:02,7.725861646631317e-06
cat__datetime_combined_1/7/2020 12:11,7.695794985406388e-06
cat__datetime_combined_5/27/2020 20:49,7.685349714262713e-06
cat__datetime_combined_7/18/2020 14:24,7.676424090913304e-06
cat__datetime_combined_1/7/2020 22:39,7.661292243675069e-06
cat__datetime_combined_8/20/2020 20:17,7.644731172405347e-06
cat__datetime_combined_1/6/2020 1:40,7.634358403262489e-06
cat__datetime_combined_5/22/2020 13:39,7.632666454148039e-06
cat__datetime_combined_6/7/2020 3:31,7.627282893862145e-06
cat__datetime_combined_8/14/2020 17:03,7.62297747252304e-06
cat__datetime_combined_8/20/2020 0:21,7.616898931685264e-06
cat__datetime_combined_8/5/2020 4:11,7.61323625392736e-06
cat__datetime_combined_8/8/2020 7:25,7.611906101079701e-06
cat__datetime_combined_1/9/2020 2:53,7.547018672636378e-06
cat__datetime_combined_6/7/2020 4:14,7.533942332464621e-06
cat__datetime_combined_7/22/2020 9:50,7.517304098614182e-06
cat__datetime_combined_1/8/2020 21:25,7.507286540934625e-06
cat__datetime_combined_8/19/2020 3:00,7.445603171182348e-06
cat__datetime_combined_7/15/2020 7:15,7.435102899571329e-06
cat__datetime_combined_7/27/2020 15:50,7.412998578010813e-06
cat__datetime_combined_5/5/2020 8:54,7.4025060784674445e-06
cat__datetime_combined_7/22/2020 22:29,7.393284634965106e-06
cat__datetime_combined_1/10/2020 4:47,7.380588236182278e-06
cat__datetime_combined_5/16/2020 5:48,7.360176074452579e-06
cat__datetime_combined_7/14/2020 16:47,7.357914771609106e-06
cat__datetime_combined_8/13/2020 19:17,7.333246451000122e-06
cat__datetime_combined_7/26/2020 8:36,7.30852135148374e-06
cat__datetime_combined_8/21/2020 2:29,7.259295574774517e-06
cat__datetime_combined_8/20/2020 17:01,7.254044125754349e-06
cat__datetime_combined_5/20/2020 4:11,7.248343479504228e-06
cat__datetime_combined_5/31/2020 4:19,7.246982918928848e-06
cat__datetime_combined_8/25/2020 7:03,7.246173183184194e-06
cat__datetime_combined_8/7/2020 17:10,7.241643752308769e-06
cat__datetime_combined_7/22/2020 4:28,7.234434870258721e-06
cat__datetime_combined_7/29/2020 1:51,7.209658280195335e-06
cat__datetime_combined_7/16/2020 18:50,7.208226582078935e-06
cat__datetime_combined_7/28/2020 23:42,7.1919723396390945e-06
cat__datetime_combined_5/14/2020 7:26,7.1867766422193995e-06
cat__datetime_combined_8/23/2020 22:27,7.17293819655953e-06
cat__datetime_combined_8/5/2020 20:05,7.147221815996176e-06
cat__datetime_combined_8/19/2020 11:05,7.136962792095878e-06
cat__datetime_combined_8/5/2020 18:35,7.096336878564485e-06
cat__datetime_combined_7/29/2020 2:31,7.083478937939799e-06
cat__datetime_combined_5/16/2020 7:12,7.074294830886503e-06
cat__datetime_combined_6/7/2020 2:47,7.065277809414768e-06
cat__datetime_combined_7/13/2020 5:40,7.0615766332839785e-06
cat__datetime_combined_5/25/2020 2:28,7.010076776167369e-06
cat__datetime_combined_7/21/2020 21:08,7.007803052527663e-06
cat__datetime_combined_7/7/2020 23:37,6.977280899918105e-06
cat__datetime_combined_6/7/2020 0:36,6.976572112105564e-06
cat__datetime_combined_7/18/2020 5:07,6.976499768407071e-06
cat__datetime_combined_8/23/2020 20:56,6.967931177309932e-06
cat__datetime_combined_7/23/2020 22:06,6.940997498564252e-06
cat__datetime_combined_8/24/2020 23:34,6.9371770226221755e-06
cat__datetime_combined_7/22/2020 3:07,6.893674587770222e-06
cat__datetime_combined_8/5/2020 10:39,6.869002053607441e-06
cat__datetime_combined_8/16/2020 16:27,6.866268957002853e-06
cat__datetime_combined_5/28/2020 2:46,6.865208652137198e-06
cat__datetime_combined_8/16/2020 17:03,6.822108170926142e-06
cat__datetime_combined_1/7/2020 21:10,6.802544985131166e-06
cat__datetime_combined_1/7/2020 16:22,6.795594699125786e-06
cat__datetime_combined_7/22/2020 19:25,6.790013142958719e-06
cat__datetime_combined_6/7/2020 23:13,6.7641041115650815e-06
cat__datetime_combined_7/17/2020 15:06,6.76107341100772e-06
cat__datetime_combined_7/13/2020 17:07,6.746243426826795e-06
cat__datetime_combined_7/8/2020 14:56,6.713206596943982e-06
cat__datetime_combined_5/31/2020 8:23,6.687978059970214e-06
cat__datetime_combined_7/14/2020 20:17,6.6778032142810284e-06
cat__datetime_combined_5/9/2020 23:30,6.654834988573157e-06
cat__datetime_combined_7/15/2020 17:57,6.6537999408856694e-06
cat__datetime_combined_7/28/2020 20:47,6.644673802049539e-06
cat__datetime_combined_1/9/2020 21:51,6.62879410676122e-06
cat__datetime_combined_5/21/2020 23:47,6.614865420671781e-06
cat__datetime_combined_7/28/2020 6:21,6.608520751500525e-06
cat__datetime_combined_5/17/2020 4:23,6.593158271205287e-06
cat__datetime_combined_8/8/2020 15:02,6.573938370092915e-06
cat__datetime_combined_7/21/2020 19:48,6.5320993450386376e-06
cat__datetime_combined_7/9/2020 14:47,6.467807594327538e-06
cat__datetime_combined_8/8/2020 11:42,6.448166604164234e-06
cat__datetime_combined_7/29/2020 10:12,6.445481178234635e-06
cat__datetime_combined_8/21/2020 0:04,6.442344809202576e-06
cat__datetime_combined_7/18/2020 3:45,6.4396727648504484e-06
cat__datetime_combined_5/18/2020 23:31,6.421331310573216e-06
cat__datetime_combined_5/25/2020 17:13,6.405234865825884e-06
cat__datetime_combined_5/23/2020 14:54,6.386956618262349e-06
cat__datetime_combined_6/8/2020 4:08,6.364155564915731e-06
cat__datetime_combined_8/18/2020 19:06,6.347691443009118e-06
cat__datetime_combined_5/17/2020 12:59,6.3276312371469305e-06
cat__datetime_combined_7/19/2020 15:32,6.308631707674765e-06
cat__datetime_combined_7/14/2020 20:58,6.300697583116855e-06
cat__datetime_combined_7/17/2020 0:38,6.292389862587979e-06
cat__datetime_combined_7/29/2020 15:02,6.290164311239311e-06
cat__datetime_combined_5/28/2020 3:31,6.280712736146557e-06
cat__datetime_combined_5/18/2020 21:19,6.279925559430176e-06
cat__datetime_combined_2/9/2020 3:25,6.279012153079114e-06
cat__datetime_combined_8/25/2020 1:40,6.2607001543440686e-06
cat__datetime_combined_5/24/2020 12:01,6.233802039326269e-06
cat__datetime_combined_6/7/2020 7:11,6.220330262342619e-06
cat__datetime_combined_7/24/2020 20:28,6.211302574312101e-06
cat__datetime_combined_8/24/2020 20:55,6.197577778225901e-06
cat__datetime_combined_5/17/2020 19:14,6.182207234480562e-06
cat__datetime_combined_5/17/2020 9:14,6.150954375463641e-06
cat__datetime_combined_5/16/2020 0:06,6.150806853269877e-06
cat__datetime_combined_8/21/2020 23:48,6.139135775693845e-06
cat__datetime_combined_5/7/2020 6:37,6.125445742236494e-06
cat__datetime_combined_5/29/2020 9:39,6.086491030675484e-06
cat__datetime_combined_7/28/2020 23:09,6.074623072386303e-06
cat__datetime_combined_8/14/2020 14:04,6.071911690533927e-06
cat__datetime_combined_1/7/2020 3:27,6.063092408266305e-06
cat__datetime_combined_5/20/2020 7:13,6.049827440598319e-06
cat__datetime_combined_7/26/2020 9:14,6.046940762612419e-06
cat__datetime_combined_5/22/2020 8:12,6.040527741546337e-06
cat__datetime_combined_7/15/2020 3:34,6.033094574365426e-06
cat__datetime_combined_5/19/2020 14:23,5.984848612972722e-06
cat__datetime_combined_5/24/2020 9:11,5.984488405135204e-06
cat__datetime_combined_1/8/2020 0:07,5.980748070807687e-06
cat__datetime_combined_5/25/2020 17:55,5.971970187262716e-06
cat__datetime_combined_6/7/2020 9:30,5.9642425066548296e-06
cat__datetime_combined_7/26/2020 22:46,5.945989098712659e-06
cat__datetime_combined_7/22/2020 21:01,5.943671785043153e-06
cat__datetime_combined_7/16/2020 23:58,5.927120553815589e-06
cat__datetime_combined_8/14/2020 12:26,5.926348313329756e-06
cat__datetime_combined_5/23/2020 6:04,5.906097690404524e-06
cat__datetime_combined_1/7/2020 14:58,5.905385579167971e-06
cat__datetime_combined_1/6/2020 0:57,5.895846400664091e-06
cat__datetime_combined_8/19/2020 21:54,5.885900060872265e-06
cat__datetime_combined_7/18/2020 0:17,5.883508595513011e-06
cat__datetime_combined_7/24/2020 20:34,5.873368191454703e-06
cat__datetime_combined_8/24/2020 5:30,5.868822264556571e-06
cat__datetime_combined_2/9/2020 21:44,5.818708885649696e-06
cat__datetime_combined_5/14/2020 17:33,5.816353059032169e-06
cat__datetime_combined_7/13/2020 11:40,5.8096699615701136e-06
cat__datetime_combined_7/26/2020 18:04,5.803212633112637e-06
cat__datetime_combined_6/7/2020 11:58,5.784864668274315e-06
cat__datetime_combined_1/7/2020 14:17,5.781708495250408e-06
cat__datetime_combined_1/9/2020 0:02,5.766020786947253e-06
cat__datetime_combined_7/22/2020 5:13,5.7567612279864865e-06
cat__datetime_combined_6/8/2020 15:52,5.7341045936567986e-06
cat__datetime_combined_5/17/2020 0:52,5.722823005919617e-06
cat__datetime_combined_5/15/2020 0:17,5.715257406929501e-06
cat__datetime_combined_5/21/2020 6:49,5.711151552394576e-06
cat__datetime_combined_8/19/2020 8:30,5.693458951207667e-06
cat__datetime_combined_5/14/2020 8:58,5.6854197664866794e-06
cat__datetime_combined_5/24/2020 21:29,5.6688899512783915e-06
cat__datetime_combined_5/31/2020 1:36,5.65904772053578e-06
cat__datetime_combined_7/19/2020 4:16,5.658531274202127e-06
cat__datetime_combined_7/28/2020 8:16,5.6582978223224684e-06
cat__datetime_combined_1/7/2020 20:25,5.652841876763897e-06
cat__datetime_combined_8/14/2020 6:35,5.6342420867818315e-06
cat__datetime_combined_7/25/2020 14:05,5.611978375858233e-06
cat__datetime_combined_8/18/2020 22:38,5.594528349559641e-06
cat__datetime_combined_7/29/2020 7:38,5.590548067298548e-06
cat__datetime_combined_5/22/2020 1:11,5.588751890914846e-06
cat__datetime_combined_7/24/2020 3:47,5.580334406242884e-06
cat__datetime_combined_7/24/2020 23:07,5.5782837620625904e-06
cat__datetime_combined_5/27/2020 22:16,5.5648148923850644e-06
cat__datetime_combined_8/18/2020 17:40,5.549387756718767e-06
cat__datetime_combined_1/9/2020 8:51,5.544066309919304e-06
cat__datetime_combined_7/13/2020 17:46,5.542722962399892e-06
cat__datetime_combined_5/23/2020 3:51,5.541249634453555e-06
cat__datetime_combined_8/19/2020 23:37,5.514236814238062e-06
cat__datetime_combined_5/21/2020 6:07,5.511478201311493e-06
cat__datetime_combined_8/19/2020 11:45,5.5097128729518305e-06
cat__datetime_combined_2/9/2020 0:36,5.500752681386805e-06
cat__datetime_combined_5/17/2020 8:20,5.469724243385376e-06
cat__datetime_combined_7/14/2020 22:27,5.468920311317099e-06
cat__datetime_combined_1/8/2020 15:03,5.4507707503149035e-06
cat__datetime_combined_5/31/2020 6:06,5.445312074504682e-06
cat__datetime_combined_5/28/2020 13:06,5.4218073433610575e-06
cat__datetime_combined_5/29/2020 1:35,5.420311977858592e-06
cat__datetime_combined_7/22/2020 16:06,5.416200597049055e-06
cat__datetime_combined_8/8/2020 8:20,5.409487746026042e-06
cat__datetime_combined_8/18/2020 12:32,5.395787816089259e-06
cat__datetime_combined_7/21/2020 19:08,5.391768333351082e-06
cat__datetime_combined_7/27/2020 9:35,5.364755753310446e-06
cat__datetime_combined_7/23/2020 8:16,5.326972597059397e-06
cat__datetime_combined_7/22/2020 23:08,5.325317824846558e-06
cat__datetime_combined_5/23/2020 3:03,5.3230440208710325e-06
cat__datetime_combined_6/8/2020 15:14,5.322880819287211e-06
cat__datetime_combined_6/7/2020 8:44,5.3133715005657725e-06
cat__datetime_combined_8/17/2020 9:06,5.301517635037885e-06
cat__datetime_combined_7/25/2020 14:50,5.298099539969548e-06
cat__datetime_combined_5/28/2020 22:35,5.292640355071908e-06
cat__datetime_combined_8/26/2020 17:01,5.290023662544012e-06
cat__datetime_combined_5/20/2020 4:58,5.2838023872879705e-06
cat__datetime_combined_8/19/2020 8:59,5.278826900247007e-06
cat__datetime_combined_5/27/2020 23:47,5.277506312141878e-06
cat__datetime_combined_8/16/2020 9:31,5.267967955628957e-06
cat__datetime_combined_8/23/2020 12:19,5.25801193954794e-06
cat__datetime_combined_7/19/2020 1:14,5.236643777492916e-06
cat__datetime_combined_8/14/2020 6:00,5.2286856576712215e-06
cat__datetime_combined_1/7/2020 21:54,5.222923186392263e-06
cat__datetime_combined_5/18/2020 19:09,5.201835652029211e-06
cat__datetime_combined_5/28/2020 4:13,5.1815838864448285e-06
cat__datetime_combined_8/22/2020 3:46,5.178537323470593e-06
cat__datetime_combined_1/9/2020 15:06,5.171270138854712e-06
cat__datetime_combined_7/30/2020 6:04,5.158237453519321e-06
cat__datetime_combined_8/16/2020 10:14,5.145528631666799e-06
cat__datetime_combined_8/21/2020 7:21,5.144267754428497e-06
cat__datetime_combined_6/9/2020 12:26,5.142914367722355e-06
cat__datetime_combined_7/21/2020 18:44,5.129286124360363e-06
cat__datetime_combined_5/18/2020 16:47,5.124385961891639e-06
cat__datetime_combined_7/29/2020 18:27,5.120662952722897e-06
cat__datetime_combined_7/17/2020 15:47,5.119761908688607e-06
cat__datetime_combined_8/13/2020 7:48,5.101107934453697e-06
cat__datetime_combined_1/8/2020 11:41,5.096141594172091e-06
cat__datetime_combined_5/28/2020 5:00,5.065056331752469e-06
cat__datetime_combined_7/29/2020 1:08,5.061430451185085e-06
cat__datetime_combined_2/9/2020 22:26,5.048299272319426e-06
cat__datetime_combined_7/19/2020 12:23,5.043676920676906e-06
cat__datetime_combined_8/8/2020 4:03,5.002405313883105e-06
cat__datetime_combined_6/8/2020 7:59,4.984419629761896e-06
cat__datetime_combined_5/21/2020 17:23,4.981213891501471e-06
cat__datetime_combined_6/5/2020 22:55,4.952632746745952e-06
cat__datetime_combined_7/15/2020 8:56,4.952325491185374e-06
cat__datetime_combined_5/29/2020 5:59,4.9419167409132136e-06
cat__datetime_combined_8/20/2020 7:05,4.930666036296385e-06
cat__datetime_combined_2/5/2020 13:19,4.888960690456584e-06
cat__datetime_combined_8/15/2020 8:07,4.886423283612166e-06
cat__datetime_combined_7/17/2020 10:40,4.841624676420254e-06
cat__datetime_combined_7/31/2020 3:20,4.839689947080329e-06
cat__datetime_combined_6/7/2020 14:55,4.799432621247845e-06
cat__datetime_combined_6/9/2020 21:27,4.792300712264773e-06
cat__datetime_combined_5/21/2020 22:54,4.779890688148641e-06
cat__datetime_combined_5/21/2020 18:11,4.768733160631756e-06
cat__datetime_combined_7/29/2020 3:53,4.767472591655047e-06
cat__datetime_combined_7/18/2020 3:14,4.76365360770522e-06
cat__datetime_combined_2/5/2020 16:31,4.757589798825393e-06
cat__datetime_combined_5/19/2020 18:14,4.74241292680637e-06
cat__datetime_combined_5/30/2020 18:40,4.733857868758999e-06
cat__datetime_combined_5/29/2020 2:16,4.728338142937594e-06
cat__datetime_combined_7/18/2020 2:23,4.721068065469476e-06
cat__datetime_combined_8/20/2020 19:44,4.70720302022299e-06
cat__datetime_combined_5/5/2020 7:42,4.702524171545348e-06
cat__datetime_combined_8/16/2020 5:57,4.698616840224105e-06
cat__datetime_combined_7/18/2020 10:20,4.695562094694496e-06
cat__datetime_combined_5/17/2020 11:32,4.694619654986483e-06
cat__datetime_combined_7/23/2020 12:53,4.667910730092252e-06
cat__datetime_combined_7/29/2020 17:44,4.666666927049174e-06
cat__datetime_combined_1/9/2020 9:38,4.646074655147874e-06
cat__datetime_combined_8/15/2020 20:27,4.644015986744049e-06
cat__datetime_combined_5/19/2020 17:29,4.60809083487383e-06
cat__datetime_combined_5/13/2020 8:27,4.607938818107007e-06
cat__datetime_combined_5/17/2020 23:07,4.606369249083988e-06
cat__datetime_combined_5/13/2020 12:39,4.595952062579089e-06
cat__datetime_combined_5/30/2020 17:19,4.59404423261327e-06
cat__datetime_combined_8/5/2020 1:05,4.574826986333281e-06
cat__datetime_combined_5/27/2020 2:20,4.5661818640986775e-06
cat__datetime_combined_1/7/2020 4:59,4.523972653008238e-06
cat__datetime_combined_7/24/2020 2:29,4.509584008772627e-06
cat__datetime_combined_5/25/2020 15:38,4.509115768207545e-06
cat__datetime_combined_2/9/2020 2:44,4.494803026069898e-06
cat__datetime_combined_5/17/2020 23:54,4.493126508984659e-06
cat__datetime_combined_1/9/2020 12:44,4.48176454845538e-06
cat__datetime_combined_8/14/2020 8:37,4.481432156686145e-06
cat__datetime_combined_5/16/2020 6:38,4.478745100102633e-06
cat__datetime_combined_5/19/2020 8:45,4.462970204886316e-06
cat__datetime_combined_7/21/2020 16:37,4.426776029973107e-06
cat__datetime_combined_7/20/2020 6:02,4.4213362723695145e-06
cat__datetime_combined_8/21/2020 4:35,4.4049537125321e-06
cat__datetime_combined_7/29/2020 14:20,4.399787600310178e-06
cat__datetime_combined_7/28/2020 21:32,4.39265951557274e-06
cat__datetime_combined_8/24/2020 0:11,4.385557360305308e-06
cat__datetime_combined_5/31/2020 12:52,4.384138871908521e-06
cat__datetime_combined_8/9/2020 20:18,4.3809722928298305e-06
cat__datetime_combined_7/30/2020 8:19,4.361566876386778e-06
cat__datetime_combined_7/24/2020 4:29,4.359529735834868e-06
cat__datetime_combined_7/23/2020 10:17,4.349825225470404e-06
cat__datetime_combined_8/19/2020 7:23,4.300937916515217e-06
cat__datetime_combined_7/14/2020 8:56,4.300242766244939e-06
cat__datetime_combined_7/22/2020 3:34,4.2840739122856835e-06
cat__datetime_combined_7/31/2020 19:52,4.267208523551071e-06
cat__datetime_combined_7/13/2020 13:05,4.265091328044321e-06
cat__datetime_combined_8/22/2020 14:53,4.2591219152397014e-06
cat__datetime_combined_8/17/2020 12:35,4.2543427180823445e-06
cat__datetime_combined_7/19/2020 7:55,4.243999659138374e-06
cat__datetime_combined_5/20/2020 11:40,4.238871283858098e-06
cat__datetime_combined_7/15/2020 15:15,4.236423965266117e-06
cat__datetime_combined_1/10/2020 11:22,4.235285674100206e-06
cat__datetime_combined_5/21/2020 7:33,4.208120026918665e-06
cat__datetime_combined_6/5/2020 1:49,4.2015360924827296e-06
cat__datetime_combined_5/20/2020 10:16,4.165567328653307e-06
cat__datetime_combined_8/9/2020 22:39,4.14197069188072e-06
cat__datetime_combined_5/17/2020 2:22,4.1320726115837875e-06
cat__datetime_combined_6/5/2020 16:09,4.110422762009751e-06
cat__datetime_combined_5/19/2020 19:50,4.10815491039235e-06
cat__datetime_combined_5/28/2020 11:59,4.098131081047841e-06
cat__datetime_combined_5/29/2020 0:38,4.089098233424068e-06
cat__datetime_combined_7/19/2020 2:00,4.086944077595373e-06
cat__datetime_combined_7/23/2020 8:53,4.081363268714211e-06
cat__datetime_combined_8/7/2020 19:17,4.0610557057345475e-06
cat__datetime_combined_6/5/2020 13:06,4.02403609548064e-06
cat__datetime_combined_7/19/2020 2:49,4.013003880194257e-06
cat__datetime_combined_7/29/2020 5:50,4.0115071319994415e-06
cat__datetime_combined_5/27/2020 5:17,3.9866975415816615e-06
cat__datetime_combined_5/13/2020 18:41,3.974729566101741e-06
cat__datetime_combined_7/31/2020 6:00,3.9391435732390375e-06
cat__datetime_combined_7/14/2020 21:41,3.9361041242754225e-06
cat__datetime_combined_7/23/2020 15:53,3.933150468931818e-06
cat__datetime_combined_8/8/2020 17:38,3.921958222183004e-06
cat__datetime_combined_5/24/2020 18:04,3.920965560415949e-06
cat__datetime_combined_8/5/2020 9:14,3.906550252013354e-06
cat__datetime_combined_8/8/2020 8:58,3.897658614099498e-06
cat__datetime_combined_7/22/2020 18:46,3.887844511953306e-06
cat__datetime_combined_6/7/2020 12:39,3.884670799963065e-06
cat__datetime_combined_5/30/2020 7:29,3.882665787317186e-06
cat__datetime_combined_5/27/2020 19:25,3.88262698598561e-06
cat__datetime_combined_8/18/2020 8:22,3.878784304880434e-06
cat__datetime_combined_6/5/2020 6:17,3.875586196520593e-06
cat__datetime_combined_5/27/2020 3:09,3.872085242331288e-06
cat__datetime_combined_8/14/2020 2:45,3.865539193545309e-06
cat__datetime_combined_8/17/2020 11:12,3.858795344914619e-06
cat__datetime_combined_7/25/2020 13:27,3.852191117520527e-06
cat__datetime_combined_5/20/2020 5:44,3.845297529961345e-06
cat__datetime_combined_8/7/2020 18:21,3.8370576474705965e-06
cat__datetime_combined_5/20/2020 8:42,3.819533629121725e-06
cat__datetime_combined_7/13/2020 11:00,3.819001530015146e-06
cat__datetime_combined_7/31/2020 9:26,3.818004754697228e-06
cat__datetime_combined_2/5/2020 4:26,3.8047579024186744e-06
cat__datetime_combined_6/7/2020 19:54,3.7790831487499725e-06
cat__datetime_combined_7/15/2020 6:30,3.7617947166909074e-06
cat__datetime_combined_6/8/2020 16:36,3.7375660992852565e-06
cat__datetime_combined_7/30/2020 9:42,3.7304507849065953e-06
cat__datetime_combined_8/21/2020 6:44,3.7297106772936482e-06
cat__datetime_combined_7/22/2020 23:49,3.7287536808052195e-06
cat__datetime_combined_5/28/2020 12:19,3.714860885026657e-06
cat__datetime_combined_5/17/2020 20:48,3.7127718672807444e-06
cat__datetime_combined_8/25/2020 0:13,3.7034499074479164e-06
cat__datetime_combined_8/20/2020 1:03,3.6454061010532016e-06
cat__datetime_combined_8/20/2020 9:23,3.63644102862805e-06
cat__datetime_combined_7/30/2020 11:03,3.6286299266878054e-06
cat__datetime_combined_8/15/2020 21:15,3.606938604224978e-06
cat__datetime_combined_5/23/2020 17:58,3.6049399102290323e-06
cat__datetime_combined_8/21/2020 8:00,3.6041347097512686e-06
cat__datetime_combined_7/30/2020 0:37,3.595212011975713e-06
cat__datetime_combined_8/20/2020 17:45,3.5834482441693854e-06
cat__datetime_combined_8/23/2020 14:49,3.577662644660486e-06
cat__datetime_combined_5/17/2020 12:12,3.543981955552741e-06
cat__datetime_combined_8/7/2020 20:22,3.53868963622206e-06
cat__datetime_combined_7/28/2020 7:41,3.536855643536904e-06
cat__datetime_combined_8/15/2020 6:47,3.517450478828565e-06
cat__datetime_combined_8/7/2020 16:42,3.5169633627047893e-06
cat__datetime_combined_2/5/2020 3:30,3.4962151170579554e-06
cat__datetime_combined_8/19/2020 6:20,3.483558802246623e-06
cat__datetime_combined_8/20/2020 7:50,3.4827601971275185e-06
cat__datetime_combined_8/22/2020 13:17,3.477054271104161e-06
cat__datetime_combined_6/7/2020 10:16,3.4698165093338956e-06
cat__datetime_combined_7/24/2020 13:32,3.462309932940878e-06
cat__datetime_combined_1/10/2020 16:41,3.455386243436137e-06
cat__datetime_combined_8/24/2020 7:52,3.4480178029795198e-06
cat__datetime_combined_5/29/2020 20:34,3.4414186263365662e-06
cat__datetime_combined_7/28/2020 4:55,3.436267512464541e-06
cat__datetime_combined_5/21/2020 20:35,3.4315841683155406e-06
cat__datetime_combined_7/30/2020 11:42,3.415023251582178e-06
cat__datetime_combined_8/5/2020 23:00,3.400663144405504e-06
cat__datetime_combined_8/14/2020 16:14,3.3998391384580012e-06
cat__datetime_combined_5/22/2020 4:21,3.394044839809437e-06
cat__datetime_combined_5/17/2020 20:02,3.3875816605880958e-06
cat__datetime_combined_7/30/2020 6:40,3.3858623611112207e-06
cat__datetime_combined_8/5/2020 22:12,3.3827325212111157e-06
cat__datetime_combined_1/8/2020 16:26,3.3691969608257244e-06
cat__datetime_combined_5/30/2020 20:58,3.3617043759797594e-06
cat__datetime_combined_1/8/2020 22:11,3.355892193308863e-06
cat__datetime_combined_5/20/2020 2:14,3.3514895223014784e-06
cat__datetime_combined_8/21/2020 10:39,3.343723496215156e-06
cat__datetime_combined_7/22/2020 20:17,3.331277184878081e-06
cat__datetime_combined_8/14/2020 19:25,3.3165586124235943e-06
cat__datetime_combined_7/27/2020 19:07,3.3023965225256053e-06
cat__datetime_combined_5/19/2020 9:21,3.300428395501772e-06
cat__datetime_combined_7/31/2020 0:37,3.2969814528245514e-06
cat__datetime_combined_5/5/2020 16:28,3.2816883569336353e-06
cat__datetime_combined_5/30/2020 2:25,3.256957659997466e-06
cat__datetime_combined_1/8/2020 7:06,3.2537128828542986e-06
cat__datetime_combined_5/31/2020 6:42,3.2436160032788834e-06
cat__datetime_combined_7/24/2020 13:11,3.2338305172983084e-06
cat__datetime_combined_8/25/2020 21:58,3.233557122479742e-06
cat__datetime_combined_8/13/2020 4:30,3.2322060933077403e-06
cat__datetime_combined_7/19/2020 14:26,3.225236025077672e-06
cat__datetime_combined_1/8/2020 2:18,3.2236223407437886e-06
cat__datetime_combined_5/5/2020 3:01,3.1769797518851293e-06
cat__datetime_combined_2/9/2020 4:48,3.1689535692807437e-06
cat__datetime_combined_8/19/2020 17:41,3.142956652658159e-06
cat__datetime_combined_8/26/2020 3:14,3.1307132836490813e-06
cat__datetime_combined_2/7/2020 1:32,3.1243617000994083e-06
cat__datetime_combined_8/21/2020 3:51,3.0997968509091816e-06
cat__datetime_combined_1/8/2020 1:28,3.0919299243741066e-06
cat__datetime_combined_1/7/2020 19:50,3.064403130958853e-06
cat__datetime_combined_5/16/2020 8:48,3.048609843347319e-06
cat__datetime_combined_8/14/2020 4:03,3.047898068121314e-06
cat__datetime_combined_8/20/2020 22:16,3.0467097497642068e-06
cat__datetime_combined_8/20/2020 2:38,3.03576242061029e-06
cat__datetime_combined_5/22/2020 18:21,3.0165668744344232e-06
cat__datetime_combined_5/24/2020 15:23,3.0095311696823723e-06
cat__datetime_combined_8/7/2020 14:01,3.008012491344438e-06
cat__datetime_combined_8/22/2020 7:50,2.999176034353152e-06
cat__datetime_combined_7/27/2020 17:26,2.996742840898591e-06
cat__datetime_combined_7/15/2020 8:08,2.990202316714111e-06
cat__datetime_combined_8/14/2020 21:07,2.989823949446624e-06
cat__datetime_combined_5/27/2020 21:35,2.9853095569405856e-06
cat__datetime_combined_8/20/2020 20:54,2.9742659532055657e-06
cat__datetime_combined_6/5/2020 13:59,2.968841658023722e-06
cat__datetime_combined_7/27/2020 12:13,2.965471095028904e-06
cat__datetime_combined_5/29/2020 22:47,2.9653630200464396e-06
cat__datetime_combined_8/19/2020 19:07,2.9610411912304676e-06
cat__datetime_combined_5/18/2020 22:06,2.94855351941305e-06
cat__datetime_combined_8/13/2020 3:50,2.9332800023186005e-06
cat__datetime_combined_1/9/2020 11:17,2.9306488762235237e-06
cat__datetime_combined_1/7/2020 16:59,2.9293601110629325e-06
cat__datetime_combined_8/5/2020 14:17,2.922596805630553e-06
cat__datetime_combined_6/7/2020 8:03,2.902910589527347e-06
cat__datetime_combined_3/9/2020 23:28,2.8933759309972193e-06
cat__datetime_combined_8/8/2020 4:42,2.8907370569890946e-06
cat__datetime_combined_8/20/2020 21:37,2.8843844652174975e-06
cat__datetime_combined_8/18/2020 7:08,2.8827196758039853e-06
cat__datetime_combined_5/27/2020 6:46,2.880676664109952e-06
cat__datetime_combined_5/20/2020 7:52,2.8744562743667006e-06
cat__datetime_combined_5/5/2020 21:18,2.8681401442137717e-06
cat__datetime_combined_8/13/2020 20:48,2.86499157500449e-06
cat__datetime_combined_8/20/2020 1:52,2.858954544809355e-06
cat__datetime_combined_1/5/2020 3:22,2.8579759373930375e-06
cat__datetime_combined_2/9/2020 23:07,2.8531206115798954e-06
cat__datetime_combined_7/29/2020 8:15,2.8513444247240314e-06
cat__datetime_combined_7/24/2020 11:00,2.8509153570719684e-06
cat__datetime_combined_7/18/2020 7:08,2.847507772105911e-06
cat__datetime_combined_3/9/2020 22:44,2.825704847097734e-06
cat__datetime_combined_7/18/2020 8:57,2.8139501275882272e-06
cat__datetime_combined_5/5/2020 15:43,2.8137948049425718e-06
cat__datetime_combined_7/21/2020 20:26,2.81162230764368e-06
cat__datetime_combined_8/22/2020 2:25,2.811212988204938e-06
cat__datetime_combined_5/9/2020 7:46,2.8084229854669603e-06
cat__datetime_combined_5/22/2020 0:26,2.8040035400098102e-06
cat__datetime_combined_5/28/2020 2:04,2.7998180031915934e-06
cat__datetime_combined_1/10/2020 12:43,2.796506279348055e-06
cat__datetime_combined_5/30/2020 3:25,2.7806208087297017e-06
cat__datetime_combined_8/18/2020 17:20,2.7723624968860577e-06
cat__datetime_combined_6/7/2020 20:26,2.767998600081605e-06
cat__datetime_combined_7/31/2020 10:14,2.767014066282191e-06
cat__datetime_combined_6/7/2020 22:31,2.764870707928765e-06
cat__datetime_combined_7/31/2020 11:08,2.763128677529623e-06
cat__datetime_combined_5/25/2020 3:48,2.762102489384198e-06
cat__datetime_combined_6/8/2020 12:34,2.7616257541243974e-06
cat__datetime_combined_5/17/2020 10:43,2.75333685753061e-06
cat__datetime_combined_1/7/2020 10:03,2.7381384870859714e-06
cat__datetime_combined_8/20/2020 6:41,2.7177495712689344e-06
cat__datetime_combined_8/20/2020 18:19,2.7033826144363622e-06
cat__datetime_combined_5/19/2020 21:26,2.698911668420414e-06
cat__datetime_combined_5/29/2020 10:13,2.6982045931562474e-06
cat__datetime_combined_8/9/2020 17:53,2.693872254516059e-06
cat__datetime_combined_5/21/2020 22:10,2.6859833959889302e-06
cat__datetime_combined_8/9/2020 18:50,2.6781735271254886e-06
cat__datetime_combined_7/29/2020 13:38,2.6668641772274243e-06
cat__datetime_combined_8/19/2020 19:47,2.6590919306707813e-06
cat__datetime_combined_5/25/2020 10:28,2.657898641926102e-06
cat__datetime_combined_5/21/2020 21:27,2.647119066677408e-06
cat__datetime_combined_7/22/2020 3:43,2.644552794868496e-06
cat__datetime_combined_1/8/2020 13:41,2.636814081231368e-06
cat__datetime_combined_7/21/2020 23:11,2.6251130493980325e-06
cat__datetime_combined_5/27/2020 23:02,2.617054096372156e-06
cat__datetime_combined_8/21/2020 21:54,2.615098048970636e-06
cat__datetime_combined_1/8/2020 4:43,2.6149102822685518e-06
cat__datetime_combined_7/7/2020 17:02,2.610877072291659e-06
cat__datetime_combined_7/28/2020 4:14,2.6106912054207408e-06
cat__datetime_combined_8/5/2020 20:41,2.6076616075780934e-06
cat__datetime_combined_5/19/2020 11:30,2.605966409644965e-06
cat__datetime_combined_5/16/2020 23:27,2.589022155899249e-06
cat__datetime_combined_8/19/2020 10:24,2.5821893572487044e-06
cat__datetime_combined_8/14/2020 12:28,2.5703682827732495e-06
cat__datetime_combined_5/14/2020 18:20,2.569957778232189e-06
cat__datetime_combined_1/9/2020 4:28,2.5527614461163362e-06
cat__datetime_combined_8/23/2020 9:11,2.548848793384092e-06
cat__datetime_combined_8/20/2020 5:41,2.545629174623937e-06
cat__datetime_combined_7/15/2020 13:50,2.540279476329801e-06
cat__datetime_combined_7/30/2020 10:26,2.533781141082783e-06
cat__datetime_combined_7/19/2020 15:48,2.5324038998470994e-06
cat__datetime_combined_8/15/2020 16:54,2.530024871858492e-06
cat__datetime_combined_1/8/2020 19:47,2.5261203373021293e-06
cat__datetime_combined_6/8/2020 5:20,2.5248341476596598e-06
cat__datetime_combined_7/17/2020 13:38,2.5217590235292087e-06
cat__datetime_combined_1/7/2020 17:44,2.521073386279761e-06
cat__datetime_combined_5/23/2020 12:36,2.5172294689246504e-06
cat__datetime_combined_7/19/2020 5:39,2.5143936257397643e-06
cat__datetime_combined_4/8/2020 0:06,2.514213245011015e-06
cat__datetime_combined_1/10/2020 1:41,2.5072135423768468e-06
cat__datetime_combined_5/25/2020 22:26,2.506012617784099e-06
cat__datetime_combined_5/19/2020 10:10,2.499197170067068e-06
cat__datetime_combined_8/16/2020 7:53,2.4923341621487486e-06
cat__datetime_combined_1/9/2020 17:57,2.4883500395866316e-06
cat__datetime_combined_1/8/2020 20:45,2.485961514285315e-06
cat__datetime_combined_5/30/2020 11:49,2.4840955115670597e-06
cat__datetime_combined_5/29/2020 5:05,2.47293575902713e-06
cat__datetime_combined_5/25/2020 21:46,2.464772751593302e-06
cat__datetime_combined_1/8/2020 9:19,2.4497084704981736e-06
cat__datetime_combined_8/15/2020 3:59,2.442874799552694e-06
cat__datetime_combined_1/10/2020 2:58,2.4380304725769414e-06
cat__datetime_combined_7/16/2020 1:55,2.428562012802086e-06
cat__datetime_combined_7/15/2020 14:33,2.421471674951066e-06
cat__datetime_combined_8/9/2020 14:07,2.4205960191393558e-06
cat__datetime_combined_8/25/2020 6:24,2.4044146072050903e-06
cat__datetime_combined_6/9/2020 8:32,2.4007128390657643e-06
cat__datetime_combined_5/19/2020 12:24,2.396100568484069e-06
cat__datetime_combined_7/29/2020 7:04,2.388856940180259e-06
cat__datetime_combined_6/5/2020 8:14,2.3880672742942255e-06
cat__datetime_combined_8/19/2020 1:42,2.3862214157627663e-06
cat__datetime_combined_7/27/2020 16:35,2.382279599514921e-06
cat__datetime_combined_7/25/2020 18:41,2.3710299717231495e-06
cat__datetime_combined_7/24/2020 14:13,2.36634631846436e-06
cat__datetime_combined_7/25/2020 17:25,2.344878567766363e-06
cat__datetime_combined_8/21/2020 17:15,2.3439164060120564e-06
cat__datetime_combined_5/18/2020 22:09,2.335866066659289e-06
cat__datetime_combined_5/17/2020 22:28,2.335059012332856e-06
cat__datetime_combined_7/30/2020 20:39,2.3298321845102954e-06
cat__datetime_combined_7/30/2020 22:35,2.319619766899553e-06
cat__datetime_combined_7/25/2020 2:25,2.31124688132628e-06
cat__datetime_combined_8/5/2020 9:56,2.3087481261145543e-06
cat__datetime_combined_7/14/2020 6:32,2.306429569378014e-06
cat__datetime_combined_8/21/2020 10:04,2.29149141731538e-06
cat__datetime_combined_8/8/2020 14:19,2.290481712386971e-06
cat__datetime_combined_7/19/2020 3:30,2.2889041866236724e-06
cat__datetime_combined_6/8/2020 9:50,2.2882567190842904e-06
cat__datetime_combined_7/17/2020 5:02,2.2834606050028185e-06
cat__datetime_combined_6/5/2020 15:25,2.277704490889321e-06
cat__datetime_combined_7/21/2020 21:48,2.275331726634931e-06
cat__datetime_combined_7/19/2020 10:57,2.2711245871035406e-06
cat__datetime_combined_5/26/2020 5:11,2.261940137636395e-06
cat__datetime_combined_8/23/2020 1:00,2.2574466764432304e-06
cat__datetime_combined_5/13/2020 7:05,2.2503910847338045e-06
cat__datetime_combined_1/10/2020 6:18,2.2461651870957213e-06
cat__datetime_combined_5/5/2020 18:42,2.229859901095054e-06
cat__datetime_combined_8/9/2020 1:28,2.2219945460745126e-06
cat__datetime_combined_8/8/2020 10:59,2.220482296169267e-06
cat__datetime_combined_8/19/2020 1:00,2.2158570228349276e-06
cat__datetime_combined_8/13/2020 17:26,2.2158049121558554e-06
cat__datetime_combined_8/15/2020 12:45,2.2096273701720662e-06
cat__datetime_combined_6/8/2020 17:16,2.2071758974325e-06
cat__datetime_combined_8/13/2020 5:53,2.2041666587836973e-06
cat__datetime_combined_7/26/2020 2:08,2.1975866016835525e-06
cat__datetime_combined_7/23/2020 9:39,2.1919505523799554e-06
cat__datetime_combined_7/30/2020 18:06,2.1728609739981586e-06
cat__datetime_combined_5/5/2020 7:44,2.1685171281624295e-06
cat__datetime_combined_1/9/2020 17:36,2.1645087003855245e-06
cat__datetime_combined_7/23/2020 15:11,2.156970653536115e-06
cat__datetime_combined_5/22/2020 9:46,2.1401725527703212e-06
cat__datetime_combined_5/30/2020 5:08,2.135631091579955e-06
cat__datetime_combined_8/5/2020 1:48,2.131509335003691e-06
cat__datetime_combined_7/13/2020 16:22,2.1265889001446657e-06
cat__datetime_combined_5/26/2020 9:26,2.1214929455075147e-06
cat__datetime_combined_5/29/2020 11:47,2.095677051165717e-06
cat__datetime_combined_8/19/2020 8:33,2.0882595362601e-06
cat__datetime_combined_5/28/2020 7:20,2.0731200649655808e-06
cat__datetime_combined_5/8/2020 22:07,2.069497213365597e-06
cat__datetime_combined_5/5/2020 10:20,2.0669354143704397e-06
cat__datetime_combined_2/9/2020 5:30,2.066305827937595e-06
cat__datetime_combined_5/5/2020 11:50,2.062867295714769e-06
cat__datetime_combined_7/17/2020 7:49,2.056497889874249e-06
cat__datetime_combined_5/19/2020 5:48,2.0522796102985962e-06
cat__datetime_combined_5/17/2020 21:36,2.047285096854664e-06
cat__datetime_combined_7/31/2020 7:21,2.0447218460830193e-06
cat__datetime_combined_7/18/2020 13:04,2.03766609949006e-06
cat__datetime_combined_5/26/2020 19:36,2.023347151616648e-06
cat__datetime_combined_8/15/2020 17:36,2.0209900751298738e-06
cat__datetime_combined_3/8/2020 13:09,2.017311495234584e-06
cat__datetime_combined_6/9/2020 10:01,2.000270629504262e-06
cat__datetime_combined_7/29/2020 4:24,1.996141669119669e-06
cat__datetime_combined_8/19/2020 9:48,1.99483966756191e-06
cat__datetime_combined_7/14/2020 23:06,1.991957877705879e-06
cat__datetime_combined_7/21/2020 23:47,1.9870076270768488e-06
cat__datetime_combined_5/5/2020 20:35,1.968994338603025e-06
cat__datetime_combined_7/22/2020 16:39,1.9564688304567397e-06
cat__datetime_combined_7/23/2020 6:52,1.9526913268738403e-06
cat__datetime_combined_1/8/2020 15:42,1.935847904779828e-06
cat__datetime_combined_5/20/2020 11:00,1.9231765685719236e-06
cat__datetime_combined_5/28/2020 21:46,1.9071648399742164e-06
cat__datetime_combined_8/19/2020 7:20,1.9010344919283584e-06
cat__datetime_combined_5/26/2020 20:17,1.8976307318884715e-06
cat__datetime_combined_8/17/2020 15:06,1.8934888118308776e-06
cat__datetime_combined_7/31/2020 4:00,1.8930600443655932e-06
cat__datetime_combined_5/29/2020 4:29,1.8749929631346872e-06
cat__datetime_combined_8/13/2020 21:25,1.8688927518000587e-06
cat__datetime_combined_8/8/2020 13:43,1.860394285230609e-06
cat__datetime_combined_8/20/2020 5:03,1.8491715234482756e-06
cat__datetime_combined_5/14/2020 9:43,1.8413811100795933e-06
cat__datetime_combined_8/18/2020 17:09,1.838385714688273e-06
cat__datetime_combined_8/16/2020 5:13,1.837117041549277e-06
cat__datetime_combined_5/5/2020 13:21,1.837014884529966e-06
cat__datetime_combined_8/8/2020 6:56,1.8319629295741677e-06
cat__datetime_combined_8/20/2020 4:15,1.8217716850802527e-06
cat__datetime_combined_5/24/2020 22:11,1.816279406042356e-06
cat__datetime_combined_8/19/2020 2:20,1.80679214703515e-06
cat__datetime_combined_8/13/2020 2:31,1.7793711196845015e-06
cat__datetime_combined_5/14/2020 22:00,1.7782450343665417e-06
cat__datetime_combined_5/22/2020 6:43,1.7656014057163258e-06
cat__datetime_combined_8/18/2020 10:29,1.765178988046176e-06
cat__datetime_combined_5/26/2020 2:22,1.7625974261411613e-06
cat__datetime_combined_7/15/2020 12:24,1.761420185120455e-06
cat__datetime_combined_1/5/2020 21:11,1.75624733449614e-06
cat__datetime_combined_5/29/2020 18:13,1.74062675891821e-06
cat__datetime_combined_8/14/2020 1:22,1.7359748711141567e-06
cat__datetime_combined_7/30/2020 19:24,1.731024572994628e-06
cat__datetime_combined_7/22/2020 15:23,1.72752647599117e-06
cat__datetime_combined_1/8/2020 8:34,1.715835437425288e-06
cat__datetime_combined_1/5/2020 18:50,1.7152704243503627e-06
cat__datetime_combined_8/14/2020 14:47,1.7139703171049032e-06
cat__datetime_combined_5/28/2020 23:14,1.7120737573334177e-06
cat__datetime_combined_7/17/2020 14:21,1.7079092500773676e-06
cat__datetime_combined_7/19/2020 9:26,1.7019588861660006e-06
cat__datetime_combined_3/8/2020 2:54,1.6975710158470446e-06
cat__datetime_combined_5/9/2020 8:34,1.6953015055525773e-06
cat__datetime_combined_5/26/2020 12:21,1.6740070838557035e-06
cat__datetime_combined_5/29/2020 15:16,1.6532085857043016e-06
cat__datetime_combined_6/5/2020 7:26,1.6462696064066458e-06
cat__datetime_combined_8/14/2020 22:25,1.6335538381285095e-06
cat__datetime_combined_1/10/2020 16:04,1.6199068618490556e-06
cat__datetime_combined_8/25/2020 18:44,1.6159458715235027e-06
cat__datetime_combined_5/30/2020 15:00,1.6156129953924419e-06
cat__datetime_combined_3/9/2020 1:15,1.603432161247389e-06
cat__datetime_combined_8/8/2020 20:50,1.6029779560163287e-06
cat__datetime_combined_5/16/2020 22:44,1.600287762181839e-06
cat__datetime_combined_5/5/2020 17:13,1.5980451165814199e-06
cat__datetime_combined_5/30/2020 15:46,1.5976281879606085e-06
cat__datetime_combined_5/23/2020 13:24,1.5930692051799467e-06
cat__datetime_combined_5/18/2020 14:32,1.591852014555213e-06
cat__datetime_combined_7/23/2020 3:59,1.5859527118594204e-06
cat__datetime_combined_8/25/2020 17:58,1.5765036995982296e-06
cat__datetime_combined_3/8/2020 1:28,1.5713688979620533e-06
cat__datetime_combined_5/28/2020 0:41,1.5708704396905528e-06
cat__datetime_combined_8/19/2020 18:20,1.5665077053898495e-06
cat__datetime_combined_7/28/2020 19:44,1.5593525298480984e-06
cat__datetime_combined_8/5/2020 13:32,1.5566338274661985e-06
cat__datetime_combined_5/14/2020 19:10,1.5564426091197054e-06
cat__datetime_combined_5/26/2020 8:08,1.5502483418459415e-06
cat__datetime_combined_7/24/2020 6:23,1.5436218778347279e-06
cat__datetime_combined_8/7/2020 1:52,1.5400978539150036e-06
cat__datetime_combined_8/21/2020 15:56,1.5223136301235223e-06
cat__datetime_combined_8/26/2020 14:19,1.5205274554575586e-06
cat__datetime_combined_3/7/2020 9:34,1.5169239538883495e-06
cat__datetime_combined_1/7/2020 6:34,1.5086466597566514e-06
cat__datetime_combined_5/15/2020 19:14,1.508622917664815e-06
cat__datetime_combined_5/13/2020 21:59,1.5079669938905529e-06
cat__datetime_combined_5/21/2020 19:02,1.5051929664997836e-06
cat__datetime_combined_8/8/2020 13:03,1.5050448837263903e-06
cat__datetime_combined_3/5/2020 22:45,1.499011845099569e-06
cat__datetime_combined_5/18/2020 8:39,1.4940830828528161e-06
cat__datetime_combined_8/22/2020 7:05,1.4897012464837958e-06
cat__datetime_combined_8/18/2020 9:54,1.4895093384009232e-06
cat__datetime_combined_3/7/2020 17:44,1.4885884956691657e-06
cat__datetime_combined_8/19/2020 13:45,1.486484446681755e-06
cat__datetime_combined_2/7/2020 3:11,1.4826218748316031e-06
cat__datetime_combined_7/15/2020 13:09,1.4761098551393213e-06
cat__datetime_combined_8/8/2020 20:12,1.4721973554270847e-06
cat__datetime_combined_8/8/2020 21:30,1.470029952476653e-06
cat__datetime_combined_5/19/2020 10:44,1.4696276397436092e-06
cat__datetime_combined_7/30/2020 7:24,1.4683183979716337e-06
cat__datetime_combined_6/9/2020 5:29,1.4680663896221018e-06
cat__datetime_combined_6/5/2020 12:24,1.4619477818260858e-06
cat__datetime_combined_8/5/2020 21:21,1.4584450791024779e-06
cat__datetime_combined_8/17/2020 22:36,1.4537026207953863e-06
cat__datetime_combined_5/19/2020 2:22,1.439888874184877e-06
cat__datetime_combined_5/13/2020 6:20,1.4314502970048838e-06
cat__datetime_combined_7/22/2020 1:16,1.4280957340913253e-06
cat__datetime_combined_8/19/2020 15:41,1.421451432504517e-06
cat__datetime_combined_5/16/2020 22:02,1.4127847415057105e-06
cat__datetime_combined_7/24/2020 21:10,1.4122384424081334e-06
cat__datetime_combined_8/14/2020 3:22,1.4097773938777268e-06
cat__datetime_combined_3/5/2020 20:04,1.4096756594692132e-06
cat__datetime_combined_7/18/2020 8:15,1.407939676420797e-06
cat__datetime_combined_5/18/2020 13:48,1.40311713740924e-06
cat__datetime_combined_8/23/2020 0:13,1.4011838324888261e-06
cat__datetime_combined_7/21/2020 17:03,1.398833190913186e-06
cat__datetime_combined_5/17/2020 9:58,1.3929734230198304e-06
cat__datetime_combined_7/27/2020 10:53,1.391895903438131e-06
cat__datetime_combined_7/23/2020 20:48,1.3900180430392824e-06
cat__datetime_combined_5/19/2020 22:19,1.3825040054581132e-06
cat__datetime_combined_2/8/2020 22:01,1.3786489047926367e-06
cat__datetime_combined_5/21/2020 4:35,1.3772433394055595e-06
cat__datetime_combined_8/15/2020 1:56,1.3714888037191342e-06
cat__datetime_combined_5/21/2020 8:53,1.3704772702620112e-06
cat__datetime_combined_1/8/2020 22:36,1.3656886468628892e-06
cat__datetime_combined_5/27/2020 1:27,1.3640736477753625e-06
cat__datetime_combined_1/7/2020 12:57,1.3610990469020205e-06
cat__datetime_combined_8/22/2020 19:36,1.3604798840138153e-06
cat__datetime_combined_3/5/2020 1:16,1.359576758305656e-06
cat__datetime_combined_5/14/2020 0:57,1.35561142140526e-06
cat__datetime_combined_8/7/2020 13:18,1.3528033913259083e-06
cat__datetime_combined_8/16/2020 22:36,1.3526345736681162e-06
cat__datetime_combined_1/8/2020 7:49,1.3513961869579649e-06
cat__datetime_combined_5/9/2020 14:56,1.3470387049558949e-06
cat__datetime_combined_3/9/2020 0:03,1.3447288145769441e-06
cat__datetime_combined_5/28/2020 5:46,1.3346060782655924e-06
cat__datetime_combined_7/24/2020 21:50,1.3305441263444646e-06
cat__datetime_combined_7/30/2020 13:06,1.3290502799298786e-06
cat__datetime_combined_5/17/2020 6:32,1.3274252767471891e-06
cat__datetime_combined_8/8/2020 15:43,1.3251335877416402e-06
cat__datetime_combined_7/28/2020 22:23,1.3160036626821128e-06
cat__datetime_combined_8/14/2020 5:26,1.3136913158079644e-06
cat__datetime_combined_5/5/2020 14:12,1.3083464409380298e-06
cat__datetime_combined_1/5/2020 22:47,1.3082090648817182e-06
cat__datetime_combined_1/9/2020 14:21,1.299177579586329e-06
cat__datetime_combined_7/25/2020 6:58,1.2969812544411346e-06
cat__datetime_combined_5/14/2020 15:27,1.294110565521509e-06
cat__datetime_combined_5/14/2020 16:55,1.2901280756445205e-06
cat__datetime_combined_8/23/2020 8:23,1.2856676256573967e-06
cat__datetime_combined_5/16/2020 4:17,1.2850928859101417e-06
cat__datetime_combined_7/25/2020 8:44,1.283832042970532e-06
cat__datetime_combined_7/30/2020 21:53,1.282336919895959e-06
cat__datetime_combined_7/25/2020 11:23,1.2785280129131753e-06
cat__datetime_combined_5/15/2020 8:13,1.2771243902737022e-06
cat__datetime_combined_8/13/2020 23:17,1.2768576546984324e-06
cat__datetime_combined_6/5/2020 17:37,1.2762439560012387e-06
cat__datetime_combined_5/26/2020 15:54,1.2724450532212994e-06
cat__datetime_combined_1/8/2020 18:27,1.2607532006302113e-06
cat__datetime_combined_8/8/2020 3:27,1.2591909391995769e-06
cat__datetime_combined_5/29/2020 12:19,1.2574592793554777e-06
cat__datetime_combined_8/22/2020 3:08,1.2571766531240538e-06
cat__datetime_combined_3/9/2020 20:46,1.2562013409710652e-06
cat__datetime_combined_5/30/2020 14:19,1.255518977260066e-06
cat__datetime_combined_5/15/2020 23:24,1.247041272960047e-06
cat__datetime_combined_8/14/2020 2:01,1.2443384134767025e-06
cat__datetime_combined_3/5/2020 23:34,1.2352307247823117e-06
cat__datetime_combined_5/26/2020 4:35,1.2318385639994957e-06
cat__datetime_combined_2/8/2020 6:01,1.2230319015098052e-06
cat__datetime_combined_3/8/2020 11:50,1.2060757398652352e-06
cat__datetime_combined_2/5/2020 5:19,1.2043794045519422e-06
cat__datetime_combined_1/10/2020 14:04,1.204156112561905e-06
cat__datetime_combined_8/18/2020 4:57,1.2037916681342853e-06
cat__datetime_combined_5/29/2020 14:05,1.199075380752918e-06
cat__datetime_combined_5/7/2020 7:12,1.198470366203695e-06
cat__datetime_combined_5/15/2020 22:31,1.1971051519562584e-06
cat__datetime_combined_5/28/2020 10:14,1.196608394871019e-06
cat__datetime_combined_7/24/2020 12:21,1.1952491218987646e-06
cat__datetime_combined_5/30/2020 16:35,1.193528365436585e-06
cat__datetime_combined_5/28/2020 10:52,1.1891473583757229e-06
cat__datetime_combined_5/15/2020 21:43,1.1873039124536002e-06
cat__datetime_combined_5/18/2020 13:02,1.1744973427749981e-06
cat__datetime_combined_8/18/2020 14:03,1.1718523756347967e-06
cat__datetime_combined_5/8/2020 16:59,1.1695243218774633e-06
cat__datetime_combined_1/8/2020 12:59,1.1679509006214753e-06
cat__datetime_combined_8/8/2020 19:34,1.157659071124927e-06
cat__datetime_combined_8/22/2020 5:50,1.1540564894924877e-06
cat__datetime_combined_1/5/2020 4:06,1.1431927933236158e-06
cat__datetime_combined_8/5/2020 23:44,1.1369839544061405e-06
cat__datetime_combined_4/8/2020 23:28,1.136958040388387e-06
cat__datetime_combined_5/26/2020 18:59,1.1342580794234078e-06
cat__datetime_combined_8/13/2020 22:08,1.1301129844525035e-06
cat__datetime_combined_5/17/2020 2:54,1.1293697078316352e-06
cat__datetime_combined_8/22/2020 14:04,1.1286899179316274e-06
cat__datetime_combined_5/21/2020 3:04,1.1209620234046123e-06
cat__datetime_combined_5/14/2020 5:16,1.1122624462720194e-06
cat__datetime_combined_5/13/2020 15:29,1.1108049781235367e-06
cat__datetime_combined_5/16/2020 13:58,1.1105134073606641e-06
cat__datetime_combined_6/7/2020 21:07,1.1072058166134567e-06
cat__datetime_combined_8/19/2020 20:30,1.1059841617269532e-06
cat__datetime_combined_7/24/2020 19:34,1.1040257881711181e-06
cat__datetime_combined_5/29/2020 13:06,1.1033961715512258e-06
cat__datetime_combined_7/27/2020 1:26,1.0998992878046602e-06
cat__datetime_combined_5/22/2020 5:09,1.0977510043854318e-06
cat__datetime_combined_5/28/2020 6:30,1.0976855902041653e-06
cat__datetime_combined_8/23/2020 4:08,1.097210160822919e-06
cat__datetime_combined_7/24/2020 8:25,1.0865991678138567e-06
cat__datetime_combined_7/15/2020 11:01,1.08503617468473e-06
cat__datetime_combined_5/5/2020 14:57,1.07958823774617e-06
cat__datetime_combined_5/24/2020 11:11,1.0795117365304165e-06
cat__datetime_combined_8/7/2020 5:41,1.0786340054323012e-06
cat__datetime_combined_3/5/2020 4:25,1.0778417613030841e-06
cat__datetime_combined_8/21/2020 9:21,1.075127891258227e-06
cat__datetime_combined_5/8/2020 14:52,1.0669780363073862e-06
cat__datetime_combined_1/8/2020 19:05,1.0565369718627523e-06
cat__datetime_combined_7/25/2020 16:09,1.0461070457074003e-06
cat__datetime_combined_8/26/2020 4:49,1.0453577391654553e-06
cat__datetime_combined_2/8/2020 0:44,1.0411451060957728e-06
cat__datetime_combined_7/25/2020 15:26,1.0394543827329017e-06
cat__datetime_combined_5/9/2020 7:08,1.0356719236187175e-06
cat__datetime_combined_6/5/2020 9:53,1.0319786079584013e-06
cat__datetime_combined_7/24/2020 7:07,1.03155782281072e-06
cat__datetime_combined_5/8/2020 17:42,1.0307623463044327e-06
cat__datetime_combined_8/5/2020 19:07,1.0302326400737922e-06
cat__datetime_combined_8/7/2020 2:35,1.0222448468638315e-06
cat__datetime_combined_5/29/2020 16:00,1.0136844054461695e-06
cat__datetime_combined_5/28/2020 1:20,1.0070378854703658e-06
cat__datetime_combined_8/9/2020 19:26,1.0017992195503947e-06
cat__datetime_combined_7/25/2020 12:47,9.99270458280206e-07
cat__datetime_combined_7/25/2020 12:04,9.990899594294097e-07
cat__datetime_combined_2/8/2020 14:04,9.948102190931858e-07
cat__datetime_combined_7/20/2020 7:30,9.926010613568994e-07
cat__datetime_combined_5/28/2020 8:53,9.881739488310033e-07
cat__datetime_combined_7/27/2020 8:08,9.878090074444162e-07
cat__datetime_combined_7/29/2020 5:03,9.838727657842064e-07
cat__datetime_combined_8/17/2020 15:54,9.833513943436237e-07
cat__datetime_combined_7/17/2020 5:43,9.815621360465156e-07
cat__datetime_combined_7/25/2020 1:44,9.806569651314814e-07
cat__datetime_combined_7/24/2020 9:03,9.792439314275436e-07
cat__datetime_combined_8/14/2020 12:00,9.77211683323045e-07
cat__datetime_combined_5/16/2020 13:03,9.754125789804524e-07
cat__datetime_combined_7/27/2020 23:13,9.723701233951222e-07
cat__datetime_combined_5/21/2020 9:40,9.680060568481238e-07
cat__datetime_combined_7/17/2020 6:24,9.67553200718819e-07
cat__datetime_combined_5/25/2020 1:00,9.662649862583878e-07
cat__datetime_combined_7/30/2020 17:27,9.593228255121985e-07
cat__datetime_combined_8/22/2020 5:07,9.497393116343768e-07
cat__datetime_combined_7/25/2020 5:04,9.48570039484724e-07
cat__datetime_combined_3/9/2020 10:35,9.450932400332225e-07
cat__datetime_combined_7/24/2020 5:05,9.448949870721712e-07
cat__datetime_combined_5/17/2020 3:42,9.424494345735346e-07
cat__datetime_combined_4/7/2020 1:01,9.387755333132294e-07
cat__datetime_combined_5/26/2020 10:56,9.375542902359714e-07
cat__datetime_combined_3/8/2020 13:44,9.333286428533838e-07
cat__datetime_combined_7/25/2020 1:04,9.172978773191787e-07
cat__datetime_combined_7/23/2020 14:03,9.158360293195636e-07
cat__datetime_combined_5/26/2020 13:00,9.145083323012917e-07
cat__datetime_combined_7/27/2020 11:28,9.083280347318319e-07
cat__datetime_combined_2/7/2020 0:50,9.078850917384532e-07
cat__datetime_combined_8/14/2020 0:35,9.077406809546161e-07
cat__datetime_combined_4/9/2020 23:37,9.071367347912069e-07
cat__datetime_combined_8/5/2020 15:48,9.017826646770708e-07
cat__datetime_combined_8/19/2020 15:03,9.005769114190403e-07
cat__datetime_combined_5/30/2020 12:42,8.984442301471213e-07
cat__datetime_combined_5/20/2020 14:38,8.966967820357522e-07
cat__datetime_combined_8/25/2020 23:26,8.962891632973943e-07
cat__datetime_combined_2/8/2020 3:26,8.881855457832793e-07
cat__datetime_combined_7/28/2020 2:50,8.837217710410709e-07
cat__datetime_combined_5/22/2020 3:44,8.827185180738229e-07
cat__datetime_combined_5/8/2020 19:48,8.791045875719858e-07
cat__datetime_combined_5/16/2020 2:47,8.785442244303386e-07
cat__datetime_combined_3/7/2020 19:08,8.75150442307703e-07
cat__datetime_combined_1/8/2020 17:08,8.737643540238775e-07
cat__datetime_combined_4/8/2020 21:25,8.603249602633789e-07
cat__datetime_combined_2/7/2020 4:46,8.519359029307599e-07
cat__datetime_combined_5/7/2020 7:55,8.453942789499662e-07
cat__datetime_combined_7/25/2020 16:48,8.44120942228981e-07
cat__datetime_combined_7/25/2020 7:32,8.381031063856432e-07
cat__datetime_combined_7/22/2020 13:01,8.34983420132942e-07
cat__datetime_combined_7/22/2020 14:46,8.319445469248401e-07
cat__datetime_combined_2/8/2020 20:47,8.247785043123739e-07
cat__datetime_combined_7/31/2020 8:40,8.246266865000039e-07
cat__datetime_combined_8/23/2020 5:46,8.236364790911608e-07
cat__datetime_combined_8/13/2020 3:08,8.219457801939162e-07
cat__datetime_combined_7/18/2020 21:53,8.197225144466594e-07
cat__datetime_combined_7/25/2020 3:06,8.105978844807991e-07
cat__datetime_combined_8/9/2020 16:24,8.086516664235683e-07
cat__datetime_combined_8/22/2020 21:07,8.083693135967198e-07
cat__datetime_combined_5/27/2020 4:32,8.079521044472832e-07
cat__datetime_combined_5/20/2020 15:31,8.05444915843602e-07
cat__datetime_combined_5/29/2020 6:44,8.042167038116742e-07
cat__datetime_combined_8/23/2020 3:20,8.038039620135525e-07
cat__datetime_combined_5/30/2020 13:30,7.996014824075079e-07
cat__datetime_combined_5/18/2020 10:53,7.973703639033383e-07
cat__datetime_combined_5/8/2020 19:09,7.927221323848967e-07
cat__datetime_combined_7/30/2020 23:52,7.860333571135557e-07
cat__datetime_combined_5/9/2020 6:28,7.852782373930857e-07
cat__datetime_combined_3/8/2020 22:46,7.703530549964659e-07
cat__datetime_combined_8/19/2020 13:05,7.651865428383632e-07
cat__datetime_combined_8/16/2020 4:14,7.611283288541361e-07
cat__datetime_combined_7/18/2020 17:08,7.602797631461731e-07
cat__datetime_combined_3/8/2020 8:14,7.595327162875252e-07
cat__datetime_combined_8/8/2020 16:21,7.583763560033278e-07
cat__datetime_combined_5/14/2020 12:32,7.483609328999138e-07
cat__datetime_combined_7/25/2020 22:00,7.458581009803393e-07
cat__datetime_combined_6/7/2020 17:44,7.441760545800902e-07
cat__datetime_combined_8/5/2020 12:43,7.433467324132377e-07
cat__datetime_combined_1/5/2020 14:59,7.432331562189903e-07
cat__datetime_combined_8/23/2020 2:35,7.430179003053917e-07
cat__datetime_combined_2/8/2020 22:40,7.371329520172812e-07
cat__datetime_combined_7/30/2020 15:03,7.351347286654449e-07
cat__datetime_combined_8/13/2020 23:59,7.327412483630415e-07
cat__datetime_combined_2/5/2020 6:17,7.32454230950916e-07
cat__datetime_combined_3/8/2020 4:14,7.252038380760608e-07
cat__datetime_combined_6/7/2020 13:22,7.242542663799643e-07
cat__datetime_combined_3/5/2020 17:00,7.23062577439442e-07
cat__datetime_combined_8/22/2020 8:25,7.225558556172135e-07
cat__datetime_combined_3/5/2020 3:53,7.219780860184341e-07
cat__datetime_combined_7/22/2020 0:28,7.164475642140031e-07
cat__datetime_combined_5/21/2020 1:38,7.144240585595162e-07
cat__datetime_combined_1/5/2020 11:51,7.116519082468215e-07
cat__datetime_combined_5/13/2020 5:37,7.101544195538117e-07
cat__datetime_combined_5/20/2020 23:20,7.065811751200792e-07
cat__datetime_combined_5/17/2020 5:50,7.065643305071064e-07
cat__datetime_combined_2/5/2020 11:02,7.010951688549331e-07
cat__datetime_combined_2/7/2020 23:59,7.000289871021598e-07
cat__datetime_combined_5/20/2020 13:04,6.999749332344681e-07
cat__datetime_combined_6/7/2020 14:07,6.97757461428152e-07
cat__datetime_combined_3/9/2020 18:50,6.970481770549047e-07
cat__datetime_combined_5/13/2020 1:13,6.934178776923346e-07
cat__datetime_combined_4/9/2020 22:17,6.869692175976342e-07
cat__datetime_combined_8/9/2020 14:57,6.8594591553553e-07
cat__datetime_combined_5/21/2020 2:14,6.856467465499051e-07
cat__datetime_combined_7/30/2020 13:45,6.834768606734039e-07
cat__datetime_combined_5/13/2020 4:53,6.81574609678906e-07
cat__datetime_combined_3/8/2020 0:50,6.793847876566571e-07
cat__datetime_combined_6/9/2020 18:43,6.779975496530003e-07
cat__datetime_combined_5/15/2020 20:58,6.765030126020398e-07
cat__datetime_combined_1/7/2020 9:22,6.762125319076e-07
cat__datetime_combined_5/18/2020 12:20,6.759692673635441e-07
cat__datetime_combined_7/24/2020 1:50,6.757946880614361e-07
cat__datetime_combined_7/22/2020 11:49,6.736594946143225e-07
cat__datetime_combined_6/7/2020 16:20,6.654873467481881e-07
cat__datetime_combined_8/14/2020 4:44,6.625788573331475e-07
cat__datetime_combined_8/16/2020 6:31,6.608045445188607e-07
cat__datetime_combined_7/30/2020 12:22,6.571649253415761e-07
cat__datetime_combined_6/8/2020 6:02,6.567860712515565e-07
cat__datetime_combined_6/5/2020 11:36,6.47733500512668e-07
cat__datetime_combined_5/7/2020 8:35,6.464251672100288e-07
cat__datetime_combined_8/8/2020 6:05,6.451136469169702e-07
cat__datetime_combined_5/18/2020 8:09,6.443104992601483e-07
cat__datetime_combined_5/16/2020 21:17,6.423885019524501e-07
cat__datetime_combined_5/19/2020 20:39,6.401120381538433e-07
cat__datetime_combined_7/22/2020 12:34,6.39504679721539e-07
cat__datetime_combined_5/30/2020 18:03,6.33593751660288e-07
cat__datetime_combined_5/21/2020 19:45,6.328610609894013e-07
cat__datetime_combined_1/10/2020 12:03,6.2693766081118e-07
cat__datetime_combined_3/5/2020 19:16,6.242105104919896e-07
cat__datetime_combined_7/25/2020 20:43,6.214917074738207e-07
cat__datetime_combined_1/10/2020 13:26,6.211193243470264e-07
cat__datetime_combined_8/9/2020 21:05,6.17684284203027e-07
cat__datetime_combined_1/8/2020 5:32,6.071814574362246e-07
cat__datetime_combined_5/30/2020 10:34,6.070656928771667e-07
cat__datetime_combined_5/22/2020 9:01,6.034894276291495e-07
cat__datetime_combined_3/9/2020 20:04,6.016881816606602e-07
cat__datetime_combined_5/23/2020 15:35,5.991578818308437e-07
cat__datetime_combined_5/8/2020 23:01,5.967282480630898e-07
cat__datetime_combined_1/5/2020 0:20,5.950113514428356e-07
cat__datetime_combined_7/7/2020 7:44,5.879960716023315e-07
cat__datetime_combined_5/29/2020 2:56,5.857729928533689e-07
cat__datetime_combined_3/9/2020 22:07,5.853682205081232e-07
cat__datetime_combined_2/7/2020 18:29,5.850581266772924e-07
cat__datetime_combined_5/23/2020 2:18,5.831137881469549e-07
cat__datetime_combined_8/8/2020 16:59,5.773591568103834e-07
cat__datetime_combined_1/5/2020 7:50,5.756894526576103e-07
cat__datetime_combined_8/8/2020 18:58,5.73239212095675e-07
cat__datetime_combined_6/9/2020 20:49,5.721455590129931e-07
cat__datetime_combined_3/5/2020 18:30,5.635710476094742e-07
cat__datetime_combined_7/28/2020 6:56,5.618049262072289e-07
cat__datetime_combined_1/9/2020 10:25,5.551823379697199e-07
cat__datetime_combined_4/8/2020 20:46,5.506683583652512e-07
cat__datetime_combined_5/7/2020 4:02,5.445575151229579e-07
cat__datetime_combined_7/30/2020 18:45,5.428490756360997e-07
cat__datetime_combined_5/7/2020 11:21,5.388988503875501e-07
cat__datetime_combined_5/14/2020 2:25,5.383418824165534e-07
cat__datetime_combined_8/18/2020 14:44,5.309003955366508e-07
cat__datetime_combined_7/25/2020 8:05,5.307264657159624e-07
cat__datetime_combined_4/9/2020 9:32,5.288414845966461e-07
cat__datetime_combined_5/23/2020 1:28,5.288129629760019e-07
cat__datetime_combined_5/13/2020 10:35,5.268899285520666e-07
cat__datetime_combined_5/26/2020 13:42,5.246422791755695e-07
cat__datetime_combined_8/20/2020 3:29,5.241679959106382e-07
cat__datetime_combined_7/21/2020 17:50,5.174505758591719e-07
cat__datetime_combined_5/25/2020 20:20,5.145105309888255e-07
cat__datetime_combined_5/23/2020 4:30,5.129287793885565e-07
cat__datetime_combined_8/5/2020 14:54,5.126447435186893e-07
cat__datetime_combined_7/25/2020 10:00,5.119925412324693e-07
cat__datetime_combined_3/8/2020 15:06,5.094606017725918e-07
cat__datetime_combined_2/7/2020 20:27,5.062871170456631e-07
cat__datetime_combined_4/8/2020 20:06,5.039099484629652e-07
cat__datetime_combined_5/23/2020 7:32,5.038708704551934e-07
cat__datetime_combined_5/18/2020 19:47,4.970265537454395e-07
cat__datetime_combined_4/9/2020 14:14,4.936459814137949e-07
cat__datetime_combined_8/23/2020 7:25,4.847463605163352e-07
cat__datetime_combined_8/19/2020 3:45,4.817877841679157e-07
cat__datetime_combined_5/16/2020 18:53,4.743629253858212e-07
cat__datetime_combined_5/8/2020 15:35,4.7028724863943405e-07
cat__datetime_combined_1/8/2020 3:51,4.677771835971589e-07
cat__datetime_combined_8/19/2020 12:32,4.663561102054034e-07
cat__datetime_combined_7/25/2020 19:23,4.651749191833755e-07
cat__datetime_combined_4/7/2020 23:12,4.6143279111784863e-07
cat__datetime_combined_5/29/2020 13:09,4.6033156288367686e-07
cat__datetime_combined_6/8/2020 9:10,4.587278921511865e-07
cat__datetime_combined_5/19/2020 4:58,4.48067220190249e-07
cat__datetime_combined_4/7/2020 3:55,4.4458222196957245e-07
cat__datetime_combined_5/7/2020 3:25,4.4375357084568846e-07
cat__datetime_combined_5/7/2020 18:54,4.412933652513237e-07
cat__datetime_combined_8/13/2020 1:45,4.375466617120196e-07
cat__datetime_combined_2/7/2020 4:04,4.3622855466509967e-07
cat__datetime_combined_5/20/2020 18:52,4.3594672200506076e-07
cat__datetime_combined_2/9/2020 1:20,4.3563828753509214e-07
cat__datetime_combined_5/13/2020 9:55,4.340087304428009e-07
cat__datetime_combined_5/8/2020 23:36,4.33813920960244e-07
cat__datetime_combined_2/8/2020 4:05,4.288641541501589e-07
cat__datetime_combined_8/24/2020 2:25,4.275446718701535e-07
cat__datetime_combined_5/30/2020 4:16,4.27331448249483e-07
cat__datetime_combined_6/7/2020 19:11,4.261406783833493e-07
cat__datetime_combined_8/22/2020 1:11,4.2392756881426985e-07
cat__datetime_combined_8/21/2020 15:15,4.223508258367469e-07
cat__datetime_combined_5/15/2020 17:04,4.2136884835903585e-07
cat__datetime_combined_8/15/2020 2:36,4.206950557755252e-07
cat__datetime_combined_1/10/2020 10:40,4.143149853226273e-07
cat__datetime_combined_5/15/2020 3:21,4.1380708030623954e-07
cat__datetime_combined_4/8/2020 18:53,4.105165623078917e-07
cat__datetime_combined_8/7/2020 14:48,4.0868691637764903e-07
cat__steel_type_YP,4.0788592077335554e-07
cat__datetime_combined_3/7/2020 16:58,4.0760853234702956e-07
cat__datetime_combined_8/22/2020 23:28,4.073744853214055e-07
cat__datetime_combined_3/8/2020 5:03,4.050714323504688e-07
cat__datetime_combined_7/25/2020 3:45,4.0179367500740126e-07
cat__datetime_combined_8/13/2020 20:13,4.001063090906623e-07
cat__datetime_combined_2/10/2020 1:23,3.936447839686408e-07
cat__datetime_combined_5/18/2020 5:06,3.9181222557209964e-07
cat__datetime_combined_4/9/2020 16:04,3.9054885446582533e-07
cat__datetime_combined_8/21/2020 21:02,3.895233238466874e-07
cat__datetime_combined_6/5/2020 10:46,3.8808534783142196e-07
cat__datetime_combined_2/8/2020 23:17,3.8763252789421167e-07
cat__datetime_combined_2/7/2020 2:23,3.817858797884596e-07
cat__datetime_combined_6/7/2020 17:00,3.812306037953031e-07
cat__datetime_combined_3/8/2020 14:24,3.797953205349322e-07
cat__datetime_combined_5/13/2020 11:59,3.7912331855729727e-07
cat__datetime_combined_3/9/2020 2:43,3.7692040368588286e-07
cat__datetime_combined_3/9/2020 1:56,3.7673396827404555e-07
cat__datetime_combined_5/7/2020 2:38,3.7578768003610023e-07
cat__datetime_combined_5/18/2020 2:56,3.659336866613644e-07
cat__datetime_combined_3/5/2020 0:19,3.656478787899298e-07
cat__datetime_combined_4/7/2020 20:20,3.6145452560547074e-07
cat__datetime_combined_1/9/2020 3:30,3.6037903642488364e-07
cat__datetime_combined_3/8/2020 20:03,3.5974173458765214e-07
cat__datetime_combined_5/5/2020 17:57,3.563982270167843e-07
cat__datetime_combined_8/22/2020 20:17,3.5620328737091847e-07
cat__datetime_combined_1/8/2020 3:06,3.560262073080458e-07
cat__datetime_combined_7/24/2020 7:47,3.554661679093371e-07
cat__datetime_combined_5/14/2020 8:06,3.5458719873389227e-07
cat__datetime_combined_8/5/2020 17:48,3.51376526393521e-07
cat__datetime_combined_7/25/2020 10:42,3.509798425846529e-07
cat__datetime_combined_7/30/2020 21:17,3.4919205241849357e-07
cat__datetime_combined_2/7/2020 8:45,3.442336967245905e-07
cat__datetime_combined_5/23/2020 16:34,3.4225869831691297e-07
cat__datetime_combined_2/7/2020 23:19,3.3937966033683366e-07
cat__datetime_combined_8/8/2020 2:42,3.385510197478758e-07
cat__datetime_combined_1/5/2020 23:33,3.36423146190417e-07
cat__datetime_combined_8/19/2020 16:22,3.360293151372807e-07
cat__datetime_combined_3/9/2020 5:32,3.3237158668284343e-07
cat__datetime_combined_6/8/2020 3:29,3.3205175591305496e-07
cat__datetime_combined_8/7/2020 11:09,3.318820458155895e-07
cat__datetime_combined_3/9/2020 21:31,3.1768018874510986e-07
cat__datetime_combined_5/7/2020 10:42,3.166696746081442e-07
cat__datetime_combined_3/7/2020 22:47,3.161192812065111e-07
cat__datetime_combined_8/22/2020 22:41,3.1294069814701717e-07
cat__datetime_combined_5/14/2020 6:03,3.0881880942265896e-07
cat__datetime_combined_5/27/2020 6:02,3.0848570065825953e-07
cat__datetime_combined_7/17/2020 9:55,3.08454105107193e-07
cat__datetime_combined_3/5/2020 20:57,3.081671676655295e-07
cat__datetime_combined_5/18/2020 3:37,3.0566276364231235e-07
cat__datetime_combined_8/14/2020 7:24,3.044516088611301e-07
cat__datetime_combined_8/22/2020 1:52,3.040010699101233e-07
cat__datetime_combined_7/30/2020 20:02,3.0213423021877713e-07
cat__datetime_combined_5/29/2020 16:54,3.014010858185143e-07
cat__datetime_combined_7/24/2020 10:21,2.9768753959828884e-07
cat__datetime_combined_4/8/2020 22:07,2.962361087728074e-07
cat__datetime_combined_5/19/2020 15:13,2.935203336082177e-07
cat__datetime_combined_5/8/2020 21:30,2.934685748808379e-07
cat__datetime_combined_5/7/2020 23:57,2.922202214288289e-07
cat__datetime_combined_8/9/2020 17:09,2.917099688482031e-07
cat__datetime_combined_4/9/2020 4:03,2.8881341807256263e-07
cat__datetime_combined_3/7/2020 21:23,2.887493215918196e-07
cat__datetime_combined_2/8/2020 6:45,2.8825417524968727e-07
cat__datetime_combined_5/18/2020 11:36,2.8741757941886025e-07
cat__datetime_combined_3/8/2020 12:23,2.856415831888283e-07
cat__datetime_combined_5/16/2020 3:29,2.8324367867337334e-07
cat__datetime_combined_4/7/2020 21:41,2.7727241843310905e-07
cat__datetime_combined_5/22/2020 5:54,2.76786537180069e-07
cat__datetime_combined_5/14/2020 13:04,2.763071447002639e-07
cat__datetime_combined_6/7/2020 18:25,2.745461508779026e-07
cat__datetime_combined_3/9/2020 18:06,2.7436966477679654e-07
cat__datetime_combined_5/13/2020 16:12,2.7097968178401144e-07
cat__datetime_combined_8/13/2020 5:15,2.6952228937710207e-07
cat__datetime_combined_7/30/2020 16:39,2.688396201351273e-07
cat__datetime_combined_5/25/2020 21:08,2.681755623243583e-07
cat__datetime_combined_1/10/2020 15:38,2.6653008295395447e-07
cat__datetime_combined_6/7/2020 15:36,2.6316161010123314e-07
cat__datetime_combined_5/8/2020 5:34,2.626081661672365e-07
cat__datetime_combined_3/9/2020 4:06,2.5860188327103524e-07
cat__datetime_combined_3/8/2020 23:32,2.538834774545006e-07
cat__datetime_combined_5/7/2020 12:37,2.5294712743280266e-07
cat__datetime_combined_7/25/2020 23:25,2.5251149571464127e-07
cat__datetime_combined_3/9/2020 16:44,2.521850533774215e-07
cat__datetime_combined_3/7/2020 2:25,2.488594385301414e-07
cat__datetime_combined_8/15/2020 14:51,2.485793800989194e-07
cat__datetime_combined_4/7/2020 20:58,2.4791785987051156e-07
cat__datetime_combined_7/30/2020 1:50,2.478213508063287e-07
cat__datetime_combined_5/7/2020 9:17,2.4694870120849533e-07
cat__datetime_combined_7/27/2020 8:49,2.466936345721039e-07
cat__datetime_combined_5/23/2020 0:36,2.432335469744174e-07
cat__datetime_combined_3/9/2020 7:57,2.408555330557343e-07
cat__datetime_combined_3/8/2020 22:08,2.4023572131542033e-07
cat__datetime_combined_1/7/2020 7:15,2.3956188691620676e-07
cat__datetime_combined_4/7/2020 2:26,2.3798556474037425e-07
cat__datetime_combined_6/8/2020 6:37,2.3410752166812342e-07
cat__datetime_combined_8/17/2020 17:45,2.3345955152356826e-07
cat__datetime_combined_1/5/2020 16:43,2.3084067811628825e-07
cat__datetime_combined_3/9/2020 14:39,2.299652141882847e-07
cat__datetime_combined_7/30/2020 23:14,2.2913973396542251e-07
cat__datetime_combined_8/25/2020 13:50,2.2785940847376302e-07
cat__datetime_combined_3/8/2020 17:19,2.2704083791339892e-07
cat__datetime_combined_5/27/2020 0:46,2.269063972113712e-07
cat__datetime_combined_3/5/2020 11:02,2.2564312951812825e-07
cat__datetime_combined_4/7/2020 5:20,2.2507955286708758e-07
cat__datetime_combined_8/23/2020 1:48,2.246448222605587e-07
cat__datetime_combined_5/26/2020 7:31,2.2199646942264658e-07
cat__datetime_combined_7/24/2020 5:48,2.193225295039221e-07
cat__datetime_combined_5/15/2020 13:22,2.1916842980891452e-07
cat__datetime_combined_5/13/2020 18:58,2.1887422699860494e-07
cat__datetime_combined_3/9/2020 4:48,2.1627444410249333e-07
cat__datetime_combined_7/25/2020 20:03,2.1620202083612992e-07
cat__datetime_combined_4/8/2020 22:48,2.15917124977545e-07
cat__datetime_combined_8/15/2020 12:06,2.1447373509788398e-07
cat__datetime_combined_5/8/2020 0:49,2.139718287716621e-07
cat__datetime_combined_5/20/2020 3:33,2.1261480813523105e-07
cat__datetime_combined_2/8/2020 4:44,2.1258646026546152e-07
cat__datetime_combined_5/29/2020 14:38,2.122050837409655e-07
cat__datetime_combined_7/25/2020 22:39,2.1172570112771655e-07
cat__datetime_combined_5/30/2020 2:03,2.1097372817323156e-07
cat__datetime_combined_3/8/2020 16:31,2.0957903929798437e-07
cat__datetime_combined_3/8/2020 5:48,2.094692786115804e-07
cat__datetime_combined_8/17/2020 5:36,2.0711927281278169e-07
cat__datetime_combined_3/7/2020 22:04,2.0656571649909204e-07
cat__datetime_combined_3/9/2020 15:20,2.0537131984305521e-07
cat__datetime_combined_5/26/2020 0:50,2.043621873511282e-07
cat__datetime_combined_3/8/2020 3:26,2.0382284456139282e-07
cat__datetime_combined_5/27/2020 4:02,2.0026581603584627e-07
cat__datetime_combined_1/10/2020 7:47,1.996491437593732e-07
cat__datetime_combined_5/8/2020 4:14,1.9361155488675307e-07
cat__datetime_combined_2/8/2020 1:28,1.931454699676407e-07
cat__datetime_combined_7/5/2020 10:12,1.8943505313351077e-07
cat__datetime_combined_5/16/2020 1:42,1.8776442974064985e-07
cat__datetime_combined_4/7/2020 19:19,1.84324632165542e-07
cat__datetime_combined_7/25/2020 21:21,1.8327980526853704e-07
cat__datetime_combined_3/8/2020 19:27,1.8272695094316157e-07
cat__datetime_combined_5/8/2020 12:04,1.827101737547845e-07
cat__datetime_combined_1/5/2020 11:01,1.825504318592381e-07
cat__datetime_combined_2/7/2020 17:46,1.8105947694489586e-07
cat__datetime_combined_8/14/2020 12:25,1.810005741190629e-07
cat__datetime_combined_2/10/2020 0:39,1.8076139024607384e-07
cat__datetime_combined_5/7/2020 19:36,1.778897440530597e-07
cat__datetime_combined_8/8/2020 9:43,1.7776273448528692e-07
cat__datetime_combined_2/7/2020 22:32,1.7614756149504557e-07
cat__datetime_combined_3/8/2020 11:01,1.7560897204965585e-07
cat__datetime_combined_5/15/2020 0:56,1.7349230918129323e-07
cat__datetime_combined_5/5/2020 19:38,1.7264077884795722e-07
cat__datetime_combined_2/8/2020 19:34,1.6946024260525124e-07
cat__datetime_combined_2/8/2020 12:40,1.6854845215148258e-07
cat__datetime_combined_2/7/2020 21:45,1.6685143376049223e-07
cat__datetime_combined_8/5/2020 16:21,1.6677673663373351e-07
cat__datetime_combined_8/14/2020 9:13,1.6526130008827742e-07
cat__datetime_combined_3/8/2020 15:46,1.649528674200798e-07
cat__datetime_combined_5/8/2020 6:55,1.6489732238061256e-07
cat__datetime_combined_3/8/2020 17:56,1.6478540960018696e-07
cat__datetime_combined_3/7/2020 23:30,1.6459112995269484e-07
cat__datetime_combined_5/18/2020 7:19,1.6450571115755034e-07
cat__datetime_combined_8/22/2020 10:03,1.620894776242987e-07
cat__datetime_combined_5/19/2020 16:33,1.6075490107286312e-07
cat__datetime_combined_2/8/2020 2:45,1.6015864775093482e-07
cat__datetime_combined_4/7/2020 13:49,1.568626331087735e-07
cat__datetime_combined_6/8/2020 2:51,1.5651655055393605e-07
cat__datetime_combined_8/26/2020 0:53,1.5543248597565379e-07
cat__datetime_combined_4/7/2020 23:50,1.554130617815943e-07
cat__datetime_combined_5/30/2020 6:39,1.5465827704682258e-07
cat__datetime_combined_2/8/2020 11:13,1.5335832453183671e-07
cat__datetime_combined_4/7/2020 18:37,1.5250068427828398e-07
cat__datetime_combined_5/14/2020 23:28,1.5140295031077522e-07
cat__datetime_combined_7/14/2020 4:58,1.5070863716625177e-07
cat__datetime_combined_5/26/2020 14:24,1.4853068785889538e-07
cat__datetime_combined_8/26/2020 6:18,1.4659242798626042e-07
cat__datetime_combined_3/5/2020 8:14,1.449020252042814e-07
cat__datetime_combined_5/19/2020 13:46,1.4444113968836932e-07
cat__datetime_combined_5/14/2020 4:32,1.4374746719021533e-07
cat__datetime_combined_5/23/2020 8:33,1.4349367831956816e-07
cat__datetime_combined_1/5/2020 12:42,1.4214956190367193e-07
cat__datetime_combined_3/5/2020 7:24,1.415203283597718e-07
cat__datetime_combined_7/22/2020 10:31,1.4117625941229695e-07
cat__datetime_combined_5/14/2020 6:39,1.3999662378610016e-07
cat__datetime_combined_4/7/2020 12:15,1.398203420951247e-07
cat__datetime_combined_5/20/2020 17:59,1.3928134700530722e-07
cat__datetime_combined_7/25/2020 6:16,1.3901588947414297e-07
cat__datetime_combined_1/8/2020 6:19,1.3848589714986706e-07
cat__datetime_combined_3/8/2020 20:47,1.382671834234184e-07
cat__datetime_combined_8/16/2020 15:07,1.3751288474841197e-07
cat__datetime_combined_3/9/2020 19:35,1.3731602973302253e-07
cat__datetime_combined_6/5/2020 14:41,1.3563212438060997e-07
cat__datetime_combined_4/8/2020 7:36,1.3508522129552202e-07
cat__datetime_combined_7/25/2020 4:22,1.3500412191977018e-07
cat__datetime_combined_5/8/2020 13:25,1.338021588202374e-07
cat__datetime_combined_3/7/2020 20:36,1.3282638836907397e-07
cat__datetime_combined_8/5/2020 4:50,1.3235210907284938e-07
cat__datetime_combined_5/7/2020 17:28,1.3186645429251362e-07
cat__datetime_combined_4/9/2020 20:51,1.3108564589100203e-07
cat__datetime_combined_5/8/2020 2:13,1.3049603567199084e-07
cat__datetime_combined_4/9/2020 10:54,1.3041280028610696e-07
cat__datetime_combined_3/7/2020 19:55,1.28897549087356e-07
cat__datetime_combined_7/27/2020 12:50,1.283233357741963e-07
cat__datetime_combined_8/13/2020 1:11,1.283203787964407e-07
cat__datetime_combined_5/20/2020 17:04,1.2804320241860516e-07
cat__datetime_combined_5/7/2020 21:00,1.2753541873482296e-07
cat__datetime_combined_3/9/2020 17:23,1.271122386687449e-07
cat__datetime_combined_1/7/2020 5:42,1.2709087390331117e-07
cat__datetime_combined_5/7/2020 16:47,1.2652534835427507e-07
cat__datetime_combined_8/21/2020 13:59,1.265175825302918e-07
cat__datetime_combined_5/8/2020 12:49,1.2636411992104712e-07
cat__datetime_combined_5/26/2020 5:57,1.2376414179866422e-07
cat__datetime_combined_5/8/2020 10:12,1.2076487869216024e-07
cat__datetime_combined_4/9/2020 7:27,1.2030168314183943e-07
cat__datetime_combined_5/26/2020 18:07,1.1858122432870842e-07
cat__datetime_combined_4/9/2020 0:42,1.1758874291453665e-07
cat__datetime_combined_4/9/2020 10:16,1.1707799298527604e-07
cat__datetime_combined_7/22/2020 13:55,1.1663579699470422e-07
cat__datetime_combined_5/22/2020 2:48,1.1457647998184358e-07
cat__datetime_combined_8/8/2020 12:15,1.1364306313248653e-07
cat__datetime_combined_4/7/2020 6:03,1.130530970609605e-07
cat__datetime_combined_8/8/2020 10:23,1.1276701251560775e-07
cat__datetime_combined_6/8/2020 11:10,1.1257107317301342e-07
cat__datetime_combined_4/8/2020 18:42,1.125403320931164e-07
cat__datetime_combined_5/8/2020 1:32,1.1036147393425349e-07
cat__datetime_combined_5/8/2020 7:35,1.0931617665704808e-07
cat__datetime_combined_5/24/2020 7:01,1.085671336840181e-07
cat__datetime_combined_2/8/2020 18:51,1.062802640640067e-07
cat__datetime_combined_8/18/2020 7:45,1.0379296066331606e-07
cat__datetime_combined_4/8/2020 17:27,1.0370751247619489e-07
cat__datetime_combined_3/5/2020 18:02,1.0347439005045296e-07
cat__datetime_combined_3/8/2020 21:28,1.0312783747401986e-07
cat__datetime_combined_3/8/2020 10:22,1.0197375020184446e-07
cat__datetime_combined_5/8/2020 6:59,1.0192068168639243e-07
cat__datetime_combined_5/24/2020 1:28,1.0180288767733349e-07
cat__datetime_combined_3/9/2020 12:07,1.0169739238705869e-07
cat__datetime_combined_5/19/2020 15:53,1.0101369787875443e-07
cat__datetime_combined_4/9/2020 22:59,9.942136015791939e-08
cat__datetime_combined_5/18/2020 16:02,9.855012759654805e-08
cat__datetime_combined_5/16/2020 15:30,9.84580889370661e-08
cat__datetime_combined_5/13/2020 11:13,9.83415426017887e-08
cat__datetime_combined_7/17/2020 9:17,9.571680204510139e-08
cat__datetime_combined_8/17/2020 14:17,9.522670790270619e-08
cat__datetime_combined_8/22/2020 4:24,9.507834032999614e-08
cat__datetime_combined_5/29/2020 17:33,9.497433870266368e-08
cat__datetime_combined_5/7/2020 16:14,9.322898523788214e-08
cat__datetime_combined_3/5/2020 16:21,9.123970933675831e-08
cat__datetime_combined_5/7/2020 21:42,9.095627009301487e-08
cat__datetime_combined_5/8/2020 3:31,9.024536353573128e-08
cat__datetime_combined_4/8/2020 19:31,8.946489889743349e-08
cat__datetime_combined_7/14/2020 8:10,8.819160590400333e-08
cat__datetime_combined_2/8/2020 16:38,8.798466133082439e-08
cat__datetime_combined_3/7/2020 14:07,8.745703813692656e-08
cat__datetime_combined_2/8/2020 13:20,8.380392497120708e-08
cat__datetime_combined_2/7/2020 7:03,8.327555837190776e-08
cat__datetime_combined_5/30/2020 10:49,8.060459587349537e-08
cat__datetime_combined_5/20/2020 13:51,8.018644179280755e-08
cat__datetime_combined_5/23/2020 11:13,8.012313398510845e-08
cat__datetime_combined_8/23/2020 14:01,7.95769429501649e-08
cat__datetime_combined_2/5/2020 17:38,7.943798596413023e-08
cat__datetime_combined_3/5/2020 9:00,7.90170048340021e-08
cat__datetime_combined_5/8/2020 2:53,7.88904192192724e-08
cat__datetime_combined_4/9/2020 8:15,7.857343781415122e-08
cat__datetime_combined_3/9/2020 9:54,7.76319266314187e-08
cat__datetime_combined_1/5/2020 19:40,7.72066444844008e-08
cat__datetime_combined_4/7/2020 12:58,7.708413067481373e-08
cat__datetime_combined_5/8/2020 11:16,7.672856295273689e-08
cat__datetime_combined_5/13/2020 22:43,7.657589620893675e-08
cat__datetime_combined_5/7/2020 14:40,7.540501708188257e-08
cat__datetime_combined_4/8/2020 6:56,7.446211644296903e-08
cat__datetime_combined_5/18/2020 10:01,7.41805502290859e-08
cat__datetime_combined_5/22/2020 7:31,7.405958714891145e-08
cat__datetime_combined_3/9/2020 3:24,7.274451270317078e-08
cat__datetime_combined_3/8/2020 8:53,7.205159238536655e-08
cat__datetime_combined_4/8/2020 0:53,7.202549345586745e-08
cat__datetime_combined_5/14/2020 3:10,7.151496905565486e-08
cat__datetime_combined_5/8/2020 8:54,7.091028826412796e-08
cat__datetime_combined_5/14/2020 19:53,7.061871203214728e-08
cat__datetime_combined_5/15/2020 1:39,6.802584766685112e-08
cat__datetime_combined_3/9/2020 6:34,6.754067240995692e-08
cat__datetime_combined_5/14/2020 1:41,6.739591482035049e-08
cat__datetime_combined_5/7/2020 20:18,6.739005870106881e-08
cat__datetime_combined_2/7/2020 19:24,6.718404110483698e-08
cat__datetime_combined_7/17/2020 12:12,6.627134915017219e-08
cat__datetime_combined_3/5/2020 5:08,6.429025868107469e-08
cat__datetime_combined_5/14/2020 22:46,6.387406666056175e-08
cat__datetime_combined_3/8/2020 7:26,6.350499357505245e-08
cat__datetime_combined_5/7/2020 13:58,6.341696584820091e-08
cat__datetime_combined_3/5/2020 6:38,6.265168122368694e-08
cat__datetime_combined_3/5/2020 2:54,6.240365534559116e-08
cat__datetime_combined_8/22/2020 18:00,6.177077877618726e-08
cat__datetime_combined_5/20/2020 22:25,6.054590402563449e-08
cat__datetime_combined_3/7/2020 16:56,6.020024371911262e-08
cat__datetime_combined_3/9/2020 9:15,6.012206124861334e-08
cat__datetime_combined_5/20/2020 21:32,5.922439624999607e-08
cat__datetime_combined_1/7/2020 8:36,5.902466273424138e-08
cat__datetime_combined_4/7/2020 6:25,5.852717415720159e-08
cat__datetime_combined_2/5/2020 14:47,5.825677217841468e-08
cat__datetime_combined_5/18/2020 11:22,5.822910563153829e-08
cat__datetime_combined_3/9/2020 5:58,5.78281464345513e-08
cat__datetime_combined_5/13/2020 23:27,5.769539936183881e-08
cat__datetime_combined_4/7/2020 1:46,5.6579891594907035e-08
cat__datetime_combined_2/8/2020 11:58,5.638993732502533e-08
cat__datetime_combined_8/7/2020 5:04,5.637523220143566e-08
cat__datetime_combined_5/7/2020 15:22,5.5405201181756e-08
cat__datetime_combined_3/7/2020 10:33,5.5042446178611906e-08
cat__datetime_combined_5/18/2020 6:35,5.4786781076498986e-08
cat__datetime_combined_8/17/2020 13:29,5.3920872826514205e-08
cat__datetime_combined_2/10/2020 2:00,5.308978394126987e-08
cat__datetime_combined_1/5/2020 20:35,5.1761999036948974e-08
cat__datetime_combined_5/15/2020 17:46,5.174420730965034e-08
cat__datetime_combined_5/19/2020 6:43,5.1619586991283104e-08
cat__datetime_combined_5/14/2020 20:39,5.123589591600673e-08
cat__datetime_combined_7/14/2020 5:51,5.107539532660638e-08
cat__datetime_combined_7/25/2020 9:20,5.0810533773788795e-08
cat__datetime_combined_5/14/2020 14:43,5.0761500961518365e-08
cat__datetime_combined_3/7/2020 8:26,5.039933487884187e-08
cat__datetime_combined_3/5/2020 14:05,5.0121383250843416e-08
cat__datetime_combined_5/7/2020 23:15,4.99575633759309e-08
cat__datetime_combined_2/8/2020 10:33,4.9785720718039593e-08
cat__datetime_combined_3/9/2020 8:43,4.977686709496155e-08
cat__datetime_combined_5/26/2020 10:10,4.9556912358328934e-08
cat__datetime_combined_4/9/2020 8:52,4.860346555999629e-08
cat__datetime_combined_3/5/2020 2:04,4.8588092309028464e-08
cat__datetime_combined_4/9/2020 2:09,4.8192513454542464e-08
cat__datetime_combined_1/7/2020 7:53,4.791450803006814e-08
cat__datetime_combined_3/9/2020 16:00,4.7888633424288007e-08
cat__datetime_combined_3/7/2020 12:37,4.784748982283397e-08
cat__datetime_combined_8/24/2020 20:06,4.7537183071253146e-08
cat__datetime_combined_3/9/2020 13:55,4.693018373620712e-08
cat__datetime_combined_3/8/2020 18:44,4.6258071893535826e-08
cat__datetime_combined_5/26/2020 3:00,4.534153978147902e-08
cat__datetime_combined_5/16/2020 14:58,4.524592077028317e-08
cat__datetime_combined_2/8/2020 9:09,4.44422478668959e-08
cat__datetime_combined_3/5/2020 13:18,4.4246869165178876e-08
cat__datetime_combined_2/9/2020 20:51,4.363183724911987e-08
cat__datetime_combined_5/21/2020 3:46,4.3056766829060296e-08
cat__datetime_combined_5/20/2020 20:34,4.187808225287827e-08
cat__datetime_combined_4/8/2020 4:58,4.175642846178891e-08
cat__datetime_combined_4/9/2020 4:51,4.1291696230560296e-08
cat__datetime_combined_4/8/2020 2:59,4.082673313546949e-08
cat__datetime_combined_6/9/2020 11:27,4.0594147705112375e-08
cat__datetime_combined_8/18/2020 16:06,4.035168377579423e-08
cat__datetime_combined_5/16/2020 20:26,4.031082713844035e-08
cat__datetime_combined_5/26/2020 1:36,4.010447236809813e-08
cat__datetime_combined_2/8/2020 9:53,3.999955821747112e-08
cat__datetime_combined_5/7/2020 18:10,3.945314721845664e-08
cat__datetime_combined_5/5/2020 22:47,3.931927815578208e-08
cat__datetime_combined_8/26/2020 1:44,3.9023131560012415e-08
cat__datetime_combined_8/18/2020 11:50,3.881552866995451e-08
cat__datetime_combined_5/7/2020 11:58,3.843021794956258e-08
cat__datetime_combined_1/9/2020 12:01,3.816326989896472e-08
cat__datetime_combined_4/7/2020 3:13,3.815655786196798e-08
cat__datetime_combined_8/16/2020 15:46,3.808611126923862e-08
cat__datetime_combined_4/7/2020 8:45,3.782929682723554e-08
cat__datetime_combined_4/9/2020 5:29,3.759916491679047e-08
cat__datetime_combined_5/15/2020 4:18,3.732725580795332e-08
cat__datetime_combined_3/5/2020 15:30,3.71995659671975e-08
cat__datetime_combined_5/26/2020 21:02,3.678467724874293e-08
cat__datetime_combined_1/5/2020 17:20,3.678154006863165e-08
cat__datetime_combined_5/7/2020 13:19,3.6337091174207356e-08
cat__datetime_combined_5/8/2020 8:22,3.595523418254021e-08
cat__datetime_combined_5/13/2020 21:19,3.562441247464517e-08
cat__datetime_combined_2/9/2020 23:33,3.543678814748795e-08
cat__datetime_combined_2/8/2020 2:06,3.533157403808263e-08
cat__datetime_combined_5/16/2020 1:03,3.505409843719852e-08
cat__datetime_combined_8/8/2020 18:22,3.489065027299998e-08
cat__datetime_combined_3/9/2020 7:17,3.444297207941679e-08
cat__datetime_combined_5/7/2020 22:29,3.4009915538775636e-08
cat__datetime_combined_5/7/2020 0:28,3.365540835364895e-08
cat__datetime_combined_3/5/2020 12:34,3.345009508395413e-08
cat__datetime_combined_5/8/2020 16:19,3.244028428413274e-08
cat__datetime_combined_4/9/2020 3:17,3.241535302749443e-08
cat__datetime_combined_8/26/2020 2:24,3.191015086685135e-08
cat__datetime_combined_5/18/2020 18:20,3.176866797141139e-08
cat__datetime_combined_7/14/2020 7:18,3.128470954409552e-08
cat__datetime_combined_3/7/2020 6:38,3.125010140603995e-08
cat__datetime_combined_8/22/2020 16:22,3.124923293397645e-08
cat__datetime_combined_5/19/2020 12:56,3.076961424121083e-08
cat__datetime_combined_5/26/2020 22:31,3.017837281711709e-08
cat__datetime_combined_4/9/2020 13:30,2.990508486143201e-08
cat__datetime_combined_5/26/2020 23:14,2.9319186487017504e-08
cat__datetime_combined_5/13/2020 20:36,2.9020578190457966e-08
cat__datetime_combined_8/7/2020 10:30,2.8960592299606806e-08
cat__datetime_combined_5/20/2020 16:17,2.8951491436757422e-08
cat__datetime_combined_1/7/2020 10:41,2.8669817892031046e-08
cat__datetime_combined_2/8/2020 20:10,2.8583175338858914e-08
cat__datetime_combined_1/5/2020 18:00,2.8409464519854205e-08
cat__datetime_combined_5/22/2020 12:05,2.8404242841235326e-08
cat__datetime_combined_5/8/2020 4:55,2.8377584271739605e-08
cat__datetime_combined_5/15/2020 16:22,2.8234037993668424e-08
cat__datetime_combined_8/21/2020 18:35,2.7882763207768886e-08
cat__datetime_combined_4/7/2020 15:05,2.7871547771081688e-08
cat__datetime_combined_4/8/2020 3:40,2.7752948199709465e-08
cat__datetime_combined_5/23/2020 5:15,2.7578405575146446e-08
cat__datetime_combined_4/9/2020 6:46,2.712564221546724e-08
cat__datetime_combined_4/9/2020 1:21,2.709016255034663e-08
cat__datetime_combined_5/15/2020 6:41,2.6692096200465563e-08
cat__datetime_combined_8/7/2020 3:25,2.660301650191702e-08
cat__datetime_combined_2/5/2020 18:41,2.6599229862843895e-08
cat__datetime_combined_3/5/2020 10:21,2.6357135499659705e-08
cat__datetime_combined_7/17/2020 12:51,2.6008721612082315e-08
cat__datetime_combined_7/5/2020 19:01,2.5983230723921015e-08
cat__datetime_combined_5/13/2020 18:19,2.5733988087266817e-08
cat__datetime_combined_6/9/2020 10:44,2.570402517044251e-08
cat__datetime_combined_1/5/2020 22:02,2.5345233856860354e-08
cat__datetime_combined_5/19/2020 7:32,2.5198011204321157e-08
cat__datetime_combined_4/7/2020 10:52,2.5127681949576863e-08
cat__datetime_combined_5/13/2020 4:08,2.4703738285115406e-08
cat__datetime_combined_4/9/2020 15:25,2.4448758097683937e-08
cat__datetime_combined_5/26/2020 17:22,2.4247707508733963e-08
cat__datetime_combined_5/26/2020 3:49,2.4079143273936926e-08
cat__datetime_combined_5/13/2020 13:34,2.3951031592983176e-08
cat__datetime_combined_2/8/2020 7:56,2.376792825637061e-08
cat__datetime_combined_5/15/2020 9:56,2.3722899917892902e-08
cat__datetime_combined_3/7/2020 0:50,2.315218880691023e-08
cat__datetime_combined_2/8/2020 21:27,2.261849837008431e-08
cat__datetime_combined_3/7/2020 1:35,2.259352783697457e-08
cat__datetime_combined_5/16/2020 18:01,2.2559173339962076e-08
cat__datetime_combined_3/5/2020 14:49,2.2510246868839572e-08
cat__datetime_combined_4/9/2020 12:17,2.220316697670019e-08
cat__datetime_combined_3/5/2020 9:43,2.2087624788433535e-08
cat__datetime_combined_4/9/2020 2:39,2.1809491530175198e-08
cat__datetime_combined_8/7/2020 8:25,2.177768547595117e-08
cat__datetime_combined_4/7/2020 10:10,2.1422771991530937e-08
cat__datetime_combined_3/7/2020 5:26,2.1100284571484393e-08
cat__datetime_combined_5/15/2020 12:44,2.1075127881335078e-08
cat__datetime_combined_2/8/2020 15:52,2.1036088087496133e-08
cat__datetime_combined_5/26/2020 21:46,2.101755129988338e-08
cat__datetime_combined_4/7/2020 22:24,2.088774260742214e-08
cat__datetime_combined_5/16/2020 19:45,2.0657392016977346e-08
cat__datetime_combined_3/5/2020 21:55,2.046383560193928e-08
cat__datetime_combined_3/9/2020 11:18,2.039050081307091e-08
cat__datetime_combined_3/7/2020 14:45,2.0366716718798676e-08
cat__datetime_combined_5/26/2020 16:39,2.0318868608989894e-08
cat__datetime_combined_5/20/2020 19:38,2.0069052514369445e-08
cat__datetime_combined_8/7/2020 9:02,1.9962990145276022e-08
cat__datetime_combined_5/13/2020 14:03,1.9819541421921515e-08
cat__datetime_combined_4/9/2020 19:29,1.9733252050857304e-08
cat__datetime_combined_5/15/2020 18:24,1.967679415339159e-08
cat__datetime_combined_8/7/2020 11:53,1.9615846225133816e-08
cat__datetime_combined_5/18/2020 1:20,1.9532291650954772e-08
cat__datetime_combined_8/7/2020 7:06,1.9434211287031975e-08
cat__datetime_combined_7/17/2020 11:27,1.8979074831920607e-08
cat__datetime_combined_2/8/2020 5:19,1.8938377883564656e-08
cat__datetime_combined_5/15/2020 14:47,1.8926500611154052e-08
cat__datetime_combined_2/8/2020 17:30,1.8761746120006147e-08
cat__datetime_combined_7/5/2020 18:03,1.8259728378466724e-08
cat__datetime_combined_2/8/2020 18:14,1.8166600772933706e-08
cat__datetime_combined_8/9/2020 10:54,1.8111265841481273e-08
cat__datetime_combined_8/23/2020 6:39,1.8099383224813465e-08
cat__datetime_combined_5/13/2020 3:30,1.809658729958069e-08
cat__datetime_combined_5/15/2020 11:12,1.8058623869589625e-08
cat__datetime_combined_3/7/2020 11:08,1.7574335962829445e-08
cat__datetime_combined_5/15/2020 5:47,1.755173109845461e-08
cat__datetime_combined_5/5/2020 12:39,1.731637583294508e-08
cat__datetime_combined_8/7/2020 7:51,1.716603147728287e-08
cat__datetime_combined_3/7/2020 5:57,1.7076632638174392e-08
cat__datetime_combined_8/16/2020 19:52,1.6762852113485072e-08
cat__datetime_combined_7/5/2020 6:25,1.659478967219673e-08
cat__datetime_combined_3/5/2020 5:54,1.654446818309245e-08
cat__datetime_combined_7/5/2020 19:48,1.652697703791511e-08
cat__datetime_combined_5/26/2020 6:38,1.6478506132081447e-08
cat__datetime_combined_4/8/2020 2:16,1.644518744351139e-08
cat__datetime_combined_4/7/2020 6:45,1.6422092758173023e-08
cat__datetime_combined_5/18/2020 4:16,1.6103958880787537e-08
cat__datetime_combined_4/7/2020 17:57,1.5908109332706314e-08
cat__datetime_combined_5/30/2020 5:56,1.5681154104240122e-08
cat__datetime_combined_4/7/2020 15:47,1.5364528521338503e-08
cat__datetime_combined_5/9/2020 14:30,1.520049475717427e-08
cat__datetime_combined_5/13/2020 14:48,1.504859369207166e-08
cat__datetime_combined_7/5/2020 17:04,1.4924218795927445e-08
cat__datetime_combined_5/13/2020 16:50,1.4657234119441911e-08
cat__datetime_combined_3/7/2020 11:46,1.4365711946452215e-08
cat__datetime_combined_7/5/2020 7:03,1.4364463135972097e-08
cat__datetime_combined_8/7/2020 6:29,1.4159944195771771e-08
cat__datetime_combined_2/7/2020 21:04,1.3944559919383223e-08
cat__datetime_combined_4/9/2020 12:52,1.3849523870775837e-08
cat__datetime_combined_8/21/2020 5:57,1.3737081972747412e-08
cat__datetime_combined_7/5/2020 11:34,1.3650540068410897e-08
cat__datetime_combined_5/18/2020 0:32,1.3538109169382826e-08
cat__datetime_combined_4/9/2020 11:24,1.3261068895854908e-08
cat__datetime_combined_4/7/2020 14:25,1.3243355050233385e-08
cat__datetime_combined_8/16/2020 13:04,1.318752436076145e-08
cat__datetime_combined_5/5/2020 8:08,1.316564927067122e-08
cat__datetime_combined_4/9/2020 21:32,1.297157579860785e-08
cat__datetime_combined_5/7/2020 10:04,1.257328106443861e-08
cat__datetime_combined_3/7/2020 3:07,1.2552071610249962e-08
cat__datetime_combined_8/7/2020 9:48,1.2439048424699294e-08
cat__datetime_combined_7/5/2020 14:16,1.238780786817259e-08
cat__datetime_combined_7/7/2020 9:17,1.2356736382524896e-08
cat__datetime_combined_2/7/2020 5:42,1.2156645029405063e-08
cat__datetime_combined_8/7/2020 6:25,1.1874153746071975e-08
cat__datetime_combined_5/26/2020 15:12,1.173298031159224e-08
cat__datetime_combined_5/14/2020 22:24,1.1676886086484983e-08
cat__datetime_combined_8/5/2020 6:55,1.1598300043851758e-08
cat__datetime_combined_4/7/2020 16:30,1.1495272390199297e-08
cat__datetime_combined_4/8/2020 4:17,1.1493528994607575e-08
cat__datetime_combined_5/15/2020 7:17,1.1438873565323887e-08
cat__datetime_combined_7/5/2020 8:11,1.1263591979203925e-08
cat__datetime_combined_3/5/2020 11:53,1.1229685558063716e-08
cat__datetime_combined_8/7/2020 12:41,1.1095284832149739e-08
cat__datetime_combined_7/5/2020 9:04,1.0894186114962967e-08
cat__datetime_combined_4/8/2020 5:37,1.0858013261685437e-08
cat__datetime_combined_5/26/2020 11:36,1.0856625574749317e-08
cat__datetime_combined_3/7/2020 13:20,1.0590667190195594e-08
cat__datetime_combined_3/7/2020 15:28,1.0484281800212253e-08
cat__datetime_combined_6/5/2020 9:07,1.0413471883445595e-08
cat__datetime_combined_3/8/2020 9:43,1.0297388917677906e-08
cat__datetime_combined_3/7/2020 18:31,1.0291061450442278e-08
cat__datetime_combined_4/7/2020 17:22,1.0173572686142642e-08
cat__datetime_combined_4/9/2020 6:08,1.0024796312558592e-08
cat__datetime_combined_1/5/2020 15:46,1.0009256000491854e-08
cat__datetime_combined_3/7/2020 7:31,9.859991367504859e-09
cat__datetime_combined_5/7/2020 1:54,9.810427101359447e-09
cat__datetime_combined_5/13/2020 19:43,9.731277093527123e-09
cat__datetime_combined_7/5/2020 14:59,9.604831198046565e-09
cat__datetime_combined_4/7/2020 8:02,9.407300783519951e-09
cat__datetime_combined_5/8/2020 10:26,9.019786351389213e-09
cat__datetime_combined_8/26/2020 7:05,8.740656288828166e-09
cat__datetime_combined_2/8/2020 8:31,8.637102892199552e-09
cat__datetime_combined_4/9/2020 14:47,8.515132745935056e-09
cat__datetime_combined_8/18/2020 6:29,8.464792139394907e-09
cat__datetime_combined_3/8/2020 3:01,8.156901973800958e-09
cat__datetime_combined_5/7/2020 1:17,7.92387313716082e-09
cat__datetime_combined_3/8/2020 6:33,7.861422775761271e-09
cat__datetime_combined_5/15/2020 15:34,7.768927176250276e-09
cat__datetime_combined_1/5/2020 14:12,7.718511996737235e-09
cat__datetime_combined_5/16/2020 17:09,7.699864714907882e-09
cat__datetime_combined_4/8/2020 6:20,7.510805624296139e-09
cat__datetime_combined_3/7/2020 3:52,7.48949898525021e-09
cat__datetime_combined_8/26/2020 5:32,7.42023344702224e-09
cat__datetime_combined_3/7/2020 4:35,7.18498396946451e-09
cat__datetime_combined_7/22/2020 21:42,7.065922023414588e-09
cat__datetime_combined_5/18/2020 15:16,6.703073852016508e-09
cat__datetime_combined_5/16/2020 16:21,6.692149450700681e-09
cat__datetime_combined_5/20/2020 9:30,6.670280511821739e-09
cat__datetime_combined_5/15/2020 10:31,6.551327957288918e-09
cat__datetime_combined_2/8/2020 7:19,6.210374111572012e-09
cat__datetime_combined_5/15/2020 14:07,6.1358234906368865e-09
cat__datetime_combined_8/26/2020 4:10,6.046599072016236e-09
cat__datetime_combined_5/26/2020 8:56,5.8543197905226435e-09
cat__datetime_combined_1/5/2020 13:31,5.736061307705698e-09
cat__datetime_combined_5/15/2020 9:04,5.145698447276474e-09
cat__datetime_combined_8/18/2020 13:20,5.0099339441851795e-09
cat__datetime_combined_4/9/2020 20:02,4.953663714722274e-09
cat__datetime_combined_4/7/2020 7:25,4.778232287649286e-09
cat__datetime_combined_2/7/2020 6:19,4.531528635480915e-09
cat__datetime_combined_5/15/2020 5:01,4.2875624219562954e-09
cat__datetime_combined_5/13/2020 7:48,4.103796810831572e-09
cat__datetime_combined_7/5/2020 15:58,4.082045513374601e-09
cat__datetime_combined_7/7/2020 11:21,4.047271457491396e-09
cat__datetime_combined_8/18/2020 18:21,3.765771895882682e-09
cat__datetime_combined_5/18/2020 5:54,3.577280544951906e-09
cat__datetime_combined_8/22/2020 15:42,3.3180453045331693e-09
cat__datetime_combined_1/5/2020 6:53,3.1185140321208524e-09
cat__datetime_combined_5/8/2020 14:09,2.69017231530315e-09
cat__datetime_combined_4/7/2020 11:31,2.57784164397023e-09
cat__datetime_combined_5/7/2020 5:18,2.1597272032619767e-09
cat__datetime_combined_4/8/2020 1:37,1.9089583391776667e-09
cat__datetime_combined_8/16/2020 13:45,1.8611667535901898e-09
cat__datetime_combined_4/7/2020 9:28,1.50054674690394e-09
cat__datetime_combined_8/23/2020 4:56,1.4449725376553489e-09
cat__datetime_combined_2/5/2020 2:39,1.2866402605502913e-09
cat__datetime_combined_5/8/2020 18:24,9.617506662732775e-10
cat__datetime_combined_5/15/2020 11:58,7.394682883083626e-10
cat__datetime_combined_5/18/2020 2:07,6.718646661064152e-10
