actual_RUL,predicted_RUL,error
805,771.9666666666667,33.0333333333333
24079,23756.256666666668,322.743333333332
15958,11225.203333333333,4732.796666666667
56255,54851.87,1403.1299999999974
68349,47957.61666666667,20391.38333333333
13915,14469.11,-554.1100000000006
2631,3778.74,-1147.7399999999998
12107,11634.523333333333,472.47666666666737
4196,4736.343333333333,-540.3433333333332
11888,12107.366666666667,-219.3666666666668
12197,12460.296666666667,-263.2966666666671
1469,2025.0933333333332,-556.0933333333332
19319,19471.293333333335,-152.29333333333489
12763,12911.276666666667,-148.27666666666664
34461,34304.19666666666,156.80333333333692
5263,7218.316666666667,-1955.3166666666666
30714,32711.633333333335,-1997.633333333335
8777,11171.57,-2394.5699999999997
43035,41888.78333333333,1146.2166666666672
4484,4839.53,-355.52999999999975
23541,23639.886666666665,-98.8866666666654
23255,31132.603333333333,-7877.603333333333
17150,17600.866666666665,-450.86666666666497
32051,31004.876666666667,1046.123333333333
47123,46815.12,307.8799999999974
36308,38703.2,-2395.199999999997
9948,2452.04,7495.96
1138,11985.666666666666,-10847.666666666666
41503,42113.496666666666,-610.496666666666
2633,3391.5133333333333,-758.5133333333333
43503,42443.823333333334,1059.1766666666663
2810,5192.14,-2382.1400000000003
5349,5914.95,-565.9499999999998
54423,42771.823333333334,11651.176666666666
16528,17676.113333333335,-1148.1133333333346
35509,35861.363333333335,-352.3633333333346
2416,4611.7733333333335,-2195.7733333333335
15720,17181.01,-1461.0099999999984
166,5443.916666666667,-5277.916666666667
18267,18235.74,31.2599999999984
0,4941.8533333333335,-4941.8533333333335
1774,15563.146666666667,-13789.146666666667
46417,48123.816666666666,-1706.8166666666657
11408,10998.126666666667,409.873333333333
3562,3246.733333333333,315.2666666666669
3711,3698.173333333333,12.826666666666824
13680,15722.98,-2042.9799999999996
3988,4121.006666666667,-133.00666666666712
19291,22310.076666666668,-3019.0766666666677
822,3098.8433333333332,-2276.8433333333332
20095,19794.296666666665,300.70333333333474
59263,58669.0,594.0
30791,22107.68,8683.32
11082,11201.843333333334,-119.84333333333416
9918,9833.0,85.0
19653,24240.19,-4587.189999999999
58097,55541.15666666667,2555.8433333333305
76551,72330.55,4220.449999999997
15362,12217.183333333332,3144.8166666666675
51261,38468.62333333334,12792.376666666663
3696,3657.96,38.039999999999964
8566,8285.703333333333,280.2966666666671
34159,34021.573333333334,137.42666666666628
18130,19629.273333333334,-1499.2733333333344
28799,51306.35333333333,-22507.353333333333
10755,12017.556666666667,-1262.5566666666673
6306,7295.44,-989.4399999999996
26900,25989.393333333333,910.6066666666666
75097,74556.1,540.8999999999942
7495,7872.08,-377.0799999999999
26680,24582.893333333333,2097.1066666666666
1475,1733.41,-258.4100000000001
47611,45671.74333333333,1939.256666666668
28435,28898.943333333333,-463.9433333333327
41094,40872.17,221.83000000000175
17437,11646.49,5790.51
32580,30386.13,2193.869999999999
72676,63011.60666666667,9664.393333333333
47683,43591.69055555556,4091.309444444443
75739,75499.77,239.22999999999593
35575,35019.26666666667,555.7333333333299
20371,13701.29,6669.709999999999
0,7061.833333333333,-7061.833333333333
21664,9972.406666666666,11691.593333333334
27546,28374.133333333335,-828.133333333335
49248,42667.35333333333,6580.646666666667
27357,17344.306666666667,10012.693333333333
32558,19653.316666666666,12904.683333333334
38927,38870.34,56.66000000000349
23252,22447.853333333333,804.1466666666674
43826,43204.823333333334,621.1766666666663
11937,12762.12,-825.1200000000008
46774,47477.11666666667,-703.1166666666686
8322,8567.016666666666,-245.01666666666642
36987,34479.236666666664,2507.763333333336
8007,9337.653333333334,-1330.6533333333336
46994,37604.51666666667,9389.48333333333
79780,69842.40666666666,9937.593333333338
27186,34164.47,-6978.470000000001
70639,62712.03,7926.970000000001
21548,25394.496666666666,-3846.496666666666
5453,12772.72,-7319.719999999999
44338,43703.91,634.0899999999965
20722,20380.56,341.4399999999987
18710,18709.423333333332,0.5766666666677338
11517,15811.27,-4294.27
27559,28764.736666666668,-1205.7366666666676
3065,38762.83666666667,-35697.83666666667
55921,40659.91,15261.089999999997
3150,4348.456666666667,-1198.456666666667
44077,44141.00666666667,-64.00666666666802
76223,76120.49,102.50999999999476
30847,32820.65,-1973.6500000000015
19567,20032.336666666666,-465.33666666666613
24184,24870.296666666665,-686.2966666666653
17325,17986.733333333334,-661.7333333333336
3744,5496.613333333334,-1752.6133333333337
13084,13171.973333333333,-87.97333333333336
158,694.7866666666666,-536.7866666666666
6171,5758.53,412.47000000000025
4682,4584.653333333334,97.34666666666635
8954,10229.086666666666,-1275.0866666666661
6646,3345.46,3300.54
57541,55499.043333333335,2041.9566666666651
28013,17633.653333333332,10379.346666666668
7011,6889.083333333333,121.91666666666697
17637,18998.093333333334,-1361.0933333333342
5458,11927.906666666666,-6469.906666666666
23084,22515.296666666665,568.7033333333347
71541,65121.12666666666,6419.873333333337
27078,26221.506666666668,856.493333333332
27748,40371.8,-12623.800000000003
15169,14946.953333333333,222.04666666666708
22715,22205.763333333332,509.2366666666676
8154,7552.16,601.8400000000001
19797,20086.126666666667,-289.126666666667
14177,22925.543333333335,-8748.543333333335
76225,75061.76,1163.2400000000052
21108,20034.443333333333,1073.5566666666673
46300,44555.486666666664,1744.513333333336
36098,27684.693333333333,8413.306666666667
21752,26015.67,-4263.669999999998
36044,23809.523333333334,12234.476666666666
48151,41705.99333333333,6445.006666666668
46048,43011.90666666667,3036.0933333333305
54127,49574.80333333334,4552.196666666663
15271,14232.316666666668,1038.6833333333325
29219,29498.925,-279.9249999999993
20100,20399.126666666667,-299.126666666667
78900,64901.172222222216,13998.827777777784
47774,47588.926666666666,185.07333333333372
71839,71218.76333333334,620.236666666664
23146,23557.516666666666,-411.5166666666664
25101,22950.67,2150.3300000000017
22580,22133.056666666667,446.9433333333327
18336,18770.52,-434.52000000000044
64094,52630.07,11463.93
1305,1837.85,-532.8499999999999
32157,31217.986666666668,939.0133333333324
57409,57259.816666666666,149.1833333333343
43314,38150.38333333333,5163.616666666669
33334,33290.08,43.919999999998254
4553,4419.23,133.77000000000044
11680,11698.66,-18.659999999999854
50119,53483.21,-3364.209999999999
17605,16887.73,717.2700000000004
16740,17478.79,-738.7900000000009
1327,3213.3966666666665,-1886.3966666666665
23159,22346.37,812.630000000001
19331,20244.773333333334,-913.7733333333344
39280,39224.11666666667,55.88333333333139
43713,42176.18833333333,1536.8116666666683
15858,17362.746666666666,-1504.746666666666
10083,22492.621333333336,-12409.621333333336
19925,17068.56333333333,2856.4366666666683
40724,28873.59,11850.41
27615,27785.263333333332,-170.2633333333324
36234,36388.10333333333,-154.10333333333256
16823,20144.013333333332,-3321.0133333333324
24817,29446.81,-4629.810000000001
30925,30956.246666666666,-31.246666666665988
44837,44538.22138888889,298.7786111111127
42220,36248.48383333333,5971.516166666668
28983,29054.076666666668,-71.07666666666773
23906,23900.283333333333,5.716666666667152
14186,12904.953333333333,1281.046666666667
39181,38882.15,298.84999999999854
22884,23340.856666666667,-456.85666666666657
37063,36463.37333333334,599.6266666666634
20027,19420.213333333333,606.7866666666669
20597,20462.56333333333,134.43666666666832
62372,8497.96,53874.04
26204,24521.136666666665,1682.8633333333346
26655,24470.673333333332,2184.3266666666677
7033,6786.96,246.03999999999996
43383,39910.42,3472.5800000000017
46150,47531.083333333336,-1381.0833333333358
53453,39399.64666666667,14053.353333333333
502,738.5966666666667,-236.5966666666667
17806,17610.456666666665,195.54333333333489
15634,14539.22,1094.7800000000007
10675,11389.076666666666,-714.0766666666659
15156,6723.42,8432.58
24900,26295.586666666666,-1395.5866666666661
39333,37212.026666666665,2120.973333333335
5908,6846.506666666667,-938.5066666666671
11045,31421.403555555557,-20376.403555555557
32427,31701.076666666668,725.9233333333323
3721,3355.1433333333334,365.85666666666657
6447,7717.143333333333,-1270.1433333333334
69251,68139.65333333334,1111.3466666666645
9435,9353.736666666666,81.26333333333423
71839,67621.73333333334,4217.266666666663
38453,39159.71,-706.7099999999991
2297,4808.006666666667,-2511.006666666667
8868,9510.83,-642.8299999999999
9103,7601.996666666667,1501.003333333333
71180,66759.09,4420.9100000000035
44326,40097.76666666667,4228.23333333333
34267,34389.09,-122.08999999999651
1324,2586.1566666666668,-1262.1566666666668
3813,2959.44,853.56
2441,3951.9733333333334,-1510.9733333333334
38600,37046.96333333333,1553.0366666666669
49716,45436.42916666667,4279.570833333331
10213,10857.603333333333,-644.6033333333326
14808,14901.186666666666,-93.1866666666665
4683,4104.413333333333,578.586666666667
36628,36246.49,381.51000000000204
4443,5244.916666666667,-801.916666666667
13368,13030.056666666667,337.9433333333327
17725,19088.483333333334,-1363.4833333333336
34223,34230.69666666666,-7.696666666663077
29697,30051.926666666666,-354.9266666666663
26600,27162.093333333334,-562.0933333333342
26369,26346.15,22.849999999998545
19980,19498.126666666667,481.873333333333
4634,4601.696666666667,32.303333333333285
38340,38217.573333333334,122.42666666666628
23475,23746.793333333335,-271.7933333333349
44414,43253.113333333335,1160.8866666666654
29196,28892.233333333334,303.7666666666664
34553,27920.786666666667,6632.213333333333
34099,25084.396666666667,9014.603333333333
48889,46703.8,2185.199999999997
34923,32328.92,2594.0800000000017
20173,19040.38,1132.619999999999
15307,13988.123333333333,1318.876666666667
32916,32534.206666666665,381.7933333333349
18857,18790.123333333333,66.876666666667
7994,7573.656666666667,420.34333333333325
12483,13747.863333333333,-1264.8633333333328
4942,5315.75,-373.75
1484,2105.8133333333335,-621.8133333333335
12055,11931.916666666666,123.08333333333394
17386,14303.746666666666,3082.253333333334
23084,25098.59,-2014.5900000000001
6199,6685.763333333333,-486.7633333333333
37601,32036.236666666668,5564.763333333332
57024,57236.2173015873,-212.2173015872977
38982,39541.52,-559.5199999999968
69983,69253.76666666666,729.2333333333372
37882,36164.93666666667,1717.0633333333317
1299,1841.1733333333334,-542.1733333333334
14811,11594.403333333334,3216.5966666666664
39820,39145.096666666665,674.9033333333355
40715,40963.96,-248.95999999999913
71997,70857.4,1139.6000000000058
24168,24780.166666666668,-612.1666666666679
17815,18023.043333333335,-208.04333333333489
36756,42014.03,-5258.029999999999
70541,69677.85,863.1499999999942
158,704.6666666666666,-546.6666666666666
39283,39984.47,-701.4700000000012
39491,37874.4,1616.5999999999985
18595,18895.04,-300.0400000000009
14186,15262.063333333334,-1076.0633333333335
5200,20263.446666666667,-15063.446666666667
5425,5808.553333333333,-383.5533333333333
16452,24045.26,-7593.259999999998
6808,8126.213333333333,-1318.2133333333331
15526,13039.796666666667,2486.203333333333
15261,15311.57,-50.56999999999971
23879,23569.18666666667,309.8133333333317
10836,10055.02,780.9799999999996
17015,24238.91,-7223.91
11405,9663.11,1741.8899999999994
6447,7437.8533333333335,-990.8533333333335
4936,4119.973333333333,816.0266666666666
7667,9396.353333333333,-1729.3533333333326
1998,2385.22,-387.2199999999998
16986,14607.723333333333,2378.2766666666666
17468,20843.06,-3375.0600000000013
23287,22931.476666666666,355.52333333333445
29877,29305.476666666666,571.5233333333344
2339,2394.6433333333334,-55.64333333333343
10493,10106.366666666667,386.6333333333332
54032,51300.97666666667,2731.023333333331
8580,9282.25,-702.25
36207,36462.956666666665,-255.95666666666511
2931,4701.66,-1770.6599999999999
24452,24492.843333333334,-40.84333333333416
7697,7704.66,-7.6599999999998545
74646,73558.48333333334,1087.5166666666628
32952,32764.71,187.29000000000087
15361,16574.003333333334,-1213.003333333334
63589,47909.456666666665,15679.543333333335
66688,65358.55777777777,1329.4422222222274
12553,12094.486666666666,458.51333333333423
25419,24412.406666666666,1006.5933333333342
19790,18820.43666666667,969.5633333333317
37353,37382.52,-29.5199999999968
22716,25160.62,-2444.619999999999
18648,17816.746666666666,831.253333333334
7766,4585.693333333334,3180.3066666666664
3381,3462.153333333333,-81.1533333333332
55761,40049.98,15711.019999999997
2617,6980.4766666666665,-4363.4766666666665
15383,14218.266666666666,1164.7333333333336
58894,55640.39666666667,3253.6033333333326
3589,4171.696666666667,-582.6966666666667
16312,17457.546666666665,-1145.5466666666653
25946,26204.29,-258.2900000000009
6856,6678.753333333333,177.2466666666669
21314,20986.523333333334,327.47666666666555
23594,23501.866666666665,92.13333333333503
28369,29093.8,-724.7999999999993
15005,18809.433333333334,-3804.4333333333343
3752,3843.3533333333335,-91.35333333333347
28646,26360.266666666666,2285.7333333333336
13254,15990.8,-2736.7999999999993
5008,8859.23,-3851.2299999999996
12690,12937.963333333333,-247.96333333333314
47191,46041.3,1149.699999999997
75097,71741.69166666667,3355.3083333333343
39756,37486.496666666666,2269.503333333334
38576,38603.926666666666,-27.92666666666628
16403,16508.81333333333,-105.81333333333168
26223,26787.046666666665,-564.0466666666653
40032,37728.58666666667,2303.4133333333302
13016,13033.276666666667,-17.276666666666642
59522,52867.78333333333,6654.216666666667
12056,13322.706666666667,-1266.706666666667
41364,38550.223333333335,2813.776666666665
38567,37749.54666666667,817.4533333333311
22093,22422.736666666668,-329.7366666666676
11820,11671.11,148.88999999999942
67571,64934.386666666665,2636.6133333333346
39699,38364.19777777777,1334.802222222228
18538,19583.806666666667,-1045.8066666666673
19678,19626.286666666667,51.71333333333314
56051,35034.34333333333,21016.65666666667
3260,10454.913333333334,-7194.913333333334
68840,66116.01533333333,2723.984666666671
15233,15379.936666666666,-146.9366666666665
49558,48336.05,1221.949999999997
38020,38552.00666666667,-532.006666666668
38117,37951.14333333333,165.85666666666657
23135,18243.2,4891.799999999999
13331,19555.143333333333,-6224.143333333333
7327,7689.346666666666,-362.34666666666635
15833,15915.21,-82.20999999999913
2569,2665.4933333333333,-96.49333333333334
5096,4092.5666666666666,1003.4333333333334
35171,34898.736666666664,272.26333333333605
31410,20260.353333333333,11149.646666666667
21946,21326.336666666666,619.6633333333339
45833,43363.34,2469.6600000000035
42522,42305.183333333334,216.8166666666657
51343,51149.384222222216,193.6157777777844
28688,28770.7,-82.70000000000073
46165,45468.71916666667,696.2808333333305
12478,16620.796666666665,-4142.796666666665
7796,7822.753333333333,-26.753333333333103
1128,1678.2666666666667,-550.2666666666667
47435,47696.59333333333,-261.5933333333305
17269,18866.763333333332,-1597.7633333333324
2449,3763.8766666666666,-1314.8766666666666
1811,3937.1266666666666,-2126.1266666666666
15670,15581.873333333333,88.126666666667
24401,25998.29,-1597.2900000000009
38767,37536.91,1230.0899999999965
9691,10783.913333333334,-1092.9133333333339
18098,19509.193333333333,-1411.1933333333327
9555,9551.3,3.7000000000007276
31330,29509.72,1820.2799999999988
20473,25247.983333333334,-4774.983333333334
52068,48583.29,3484.709999999999
44325,42784.06483333333,1540.9351666666698
42119,39321.10666666667,2797.8933333333334
34795,33337.736666666664,1457.263333333336
659,17532.506666666668,-16873.506666666668
14565,16188.56,-1623.5599999999995
0,2999.7466666666664,-2999.7466666666664
4791,4980.316666666667,-189.3166666666666
21825,21832.07,-7.069999999999709
13055,12196.636666666667,858.3633333333328
51966,40911.17333333333,11054.826666666668
11491,12042.663333333334,-551.6633333333339
20260,20115.396666666667,144.60333333333256
3433,4356.4766666666665,-923.4766666666665
8542,11217.313333333334,-2675.3133333333335
26781,25905.516666666666,875.4833333333336
6389,7037.746666666667,-648.7466666666669
663,1440.2766666666666,-777.2766666666666
8163,9351.903333333334,-1188.9033333333336
58715,51224.583333333336,7490.416666666664
15020,14293.85,726.1499999999996
52384,43376.85333333333,9007.146666666667
21614,13290.78,8323.22
56075,41678.503333333334,14396.496666666666
40290,40203.5,86.5
53501,52685.6203888889,815.3796111111005
38842,38692.943333333336,149.05666666666366
6072,6201.4366666666665,-129.4366666666665
25703,27088.37,-1385.369999999999
30528,28415.746666666666,2112.253333333334
20822,20577.36,244.63999999999942
28075,27037.396666666667,1037.6033333333326
42137,37295.50666666667,4841.493333333332
9816,9832.246666666666,-16.246666666665988
49133,49201.903333333335,-68.90333333333547
32878,33151.223333333335,-273.2233333333352
12172,11947.226666666667,224.77333333333263
55263,55365.89666666667,-102.89666666666744
64427,61011.43666666667,3415.5633333333317
74065,73081.3,983.6999999999971
46607,45776.236349206345,830.763650793655
12909,13021.826666666666,-112.82666666666591
18584,20462.896666666667,-1878.8966666666674
30832,26287.546666666665,4544.453333333335
32762,32705.046666666665,56.95333333333474
12387,12295.856666666667,91.14333333333343
10455,10205.806666666667,249.1933333333327
6322,6025.13,296.8699999999999
58935,58515.46,419.5400000000009
4936,4170.86,765.1400000000003
19520,28807.046666666665,-9287.046666666665
13681,13163.683333333332,517.3166666666675
33610,34624.903333333335,-1014.9033333333355
14265,13726.17,538.8299999999999
17443,17516.18,-73.18000000000029
22617,22508.63,108.36999999999898
14012,17558.153333333332,-3546.153333333332
18825,15524.97,3300.0300000000007
26600,25598.47,1001.5299999999988
6078,5850.41,227.59000000000015
490,3360.7166666666667,-2870.7166666666667
11813,11888.116666666667,-75.11666666666679
10398,10319.6,78.39999999999964
36060,36241.59333333333,-181.59333333333052
12030,11878.843333333334,151.15666666666584
40096,41467.206666666665,-1371.2066666666651
8900,20075.206666666665,-11175.206666666665
14020,15620.123333333333,-1600.123333333333
13993,8953.323333333334,5039.676666666666
6296,7065.7,-769.6999999999998
18303,24061.43,-5758.43
16616,22569.43,-5953.43
1135,5000.84,-3865.84
5015,5100.583333333333,-85.58333333333303
31921,33454.25,-1533.25
5830,343.2633333333333,5486.736666666667
33855,35253.99333333333,-1398.993333333332
13343,8023.69,5319.31
15761,17659.06333333333,-1898.0633333333317
819,1015.9166666666666,-196.91666666666663
75632,74040.69,1591.3099999999977
9146,6694.666666666667,2451.333333333333
59842,51295.07666666667,8546.923333333332
10526,11154.71,-628.7099999999991
14001,13688.32,312.6800000000003
21768,22976.57,-1208.5699999999997
59512,57372.556666666664,2139.4433333333363
7038,6646.783333333334,391.21666666666624
76288,73394.54666666666,2893.4533333333384
21689,25955.8,-4266.799999999999
15400,29766.306666666667,-14366.306666666667
2981,15477.056666666667,-12496.056666666667
10988,11976.68,-988.6800000000003
22759,25763.036666666667,-3004.036666666667
54078,52890.74,1187.260000000002
23539,24302.466666666667,-763.4666666666672
2256,1887.6433333333334,368.35666666666657
29507,31096.54,-1589.5400000000009
8058,7867.453333333333,190.54666666666708
7431,7436.26,-5.260000000000218
976,1858.2633333333333,-882.2633333333333
21270,24116.07,-2846.0699999999997
39188,39340.59333333333,-152.59333333333052
46093,44733.75666666667,1359.243333333332
16792,16136.073333333334,655.9266666666663
12597,12912.41,-315.40999999999985
41378,32944.95,8433.050000000003
9811,10602.736666666666,-791.7366666666658
48893,46445.59333333333,2447.4066666666695
19780,25785.246666666666,-6005.246666666666
3910,4015.7466666666664,-105.74666666666644
72772,71938.70666666667,833.2933333333349
3825,5632.25,-1807.25
63897,36024.206666666665,27872.793333333335
2642,3175.34,-533.3400000000001
7979,8571.67,-592.6700000000001
13184,14840.296666666667,-1656.296666666667
40690,42270.04666666667,-1580.046666666669
5015,4703.153333333334,311.84666666666635
34092,34047.45,44.55000000000291
169,903.01,-734.01
46825,38802.42,8022.580000000002
47094,38036.51,9057.489999999998
35228,35217.43,10.569999999999709
992,1339.0866666666666,-347.0866666666666
31590,33048.37,-1458.3700000000026
22916,22541.61,374.3899999999994
6876,6356.663333333333,519.336666666667
18321,17022.713333333333,1298.2866666666669
29645,25264.508333333335,4380.491666666665
40354,34408.41,5945.5899999999965
16341,10686.626666666667,5654.373333333333
3854,3768.1866666666665,85.8133333333335
43294,38012.10111111111,5281.8988888888925
57178,58219.88333333333,-1041.8833333333314
26353,26666.876666666667,-313.876666666667
20347,18859.326666666668,1487.6733333333323
11951,12524.536666666667,-573.5366666666669
37432,58177.22,-20745.22
16394,16264.496666666666,129.503333333334
6555,6623.616666666667,-68.61666666666679
5681,8595.066666666668,-2914.0666666666675
35875,24351.54,11523.46
4079,19580.27666666667,-15501.276666666668
35814,35403.16333333333,410.83666666666977
19046,19149.44,-103.43999999999869
13914,15448.6,-1534.6000000000004
1634,1385.16,248.83999999999992
57317,45961.27,11355.730000000003
1811,2411.27,-600.27
5669,3844.65,1824.35
1765,2112.1033333333335,-347.10333333333347
166,1041.6433333333334,-875.6433333333334
33082,32575.536666666667,506.46333333333314
34436,34783.28,-347.27999999999884
32764,32937.28095238095,-173.2809523809483
11535,11607.653333333334,-72.65333333333365
326,1205.4566666666667,-879.4566666666667
61141,24251.713333333333,36889.28666666667
31330,31046.98,283.02000000000044
10922,15299.253333333334,-4377.253333333334
8058,7470.14,587.8599999999997
45713,45379.833333333336,333.16666666666424
2297,5699.886666666666,-3402.8866666666663
12529,12843.873333333333,-314.873333333333
14977,15267.77,-290.77000000000044
18817,18042.756666666668,774.243333333332
15054,14251.35,802.6499999999996
29180,29176.716666666667,3.2833333333328483
54025,53303.083333333336,721.9166666666642
2811,2934.2633333333333,-123.26333333333332
23042,20165.083333333332,2876.916666666668
4399,4393.553333333333,5.446666666666715
7910,7784.02,125.97999999999956
56731,56006.44,724.5599999999977
14007,14062.476666666667,-55.47666666666737
7449,4742.26,2706.74
6199,7308.733333333334,-1109.7333333333336
48771,47143.486666666664,1627.513333333336
12092,10873.533333333333,1218.4666666666672
34406,33029.09,1376.9100000000035
11701,24864.033333333333,-13163.033333333333
53100,47451.503333333334,5648.496666666666
15964,15818.146666666667,145.85333333333256
25111,25160.593333333334,-49.59333333333416
975,31935.153333333332,-30960.153333333332
18648,18435.48,212.52000000000044
162,1528.1066666666666,-1366.1066666666666
52290,47846.66,4443.3399999999965
1152,1523.4166666666667,-371.41666666666674
30524,29391.496666666666,1132.503333333334
10726,5788.163333333333,4937.836666666667
61816,29262.006666666668,32553.993333333332
20095,22982.79888888889,-2887.7988888888904
18665,18522.67,142.33000000000175
18033,17464.903333333332,568.0966666666682
8155,7940.83,214.17000000000007
11981,12319.266666666666,-338.2666666666664
16290,19437.92,-3147.9199999999983
13007,20595.61,-7588.610000000001
4644,5707.006666666667,-1063.0066666666671
19539,18750.2,788.7999999999993
39075,39157.40666666667,-82.40666666666948
33130,33229.48,-99.4800000000032
9546,8825.733333333334,720.2666666666664
14247,13715.903333333334,531.0966666666664
37102,39458.83,-2356.8300000000017
19928,19879.746666666666,48.25333333333401
9890,10011.933333333332,-121.93333333333248
4998,5097.526666666667,-99.52666666666664
4644,5696.11,-1052.1099999999997
46421,44940.736666666664,1480.263333333336
15220,14502.12,717.8799999999992
28229,28684.55,-455.5499999999993
54446,43717.9,10728.099999999999
22963,15326.873333333333,7636.126666666667
16900,17354.756666666668,-454.756666666668
38083,39072.82666666667,-989.8266666666677
30436,30986.06,-550.0600000000013
26574,26932.49,-358.4900000000016
971,1060.8366666666666,-89.83666666666659
37754,33468.64,4285.360000000001
5099,7243.72,-2144.7200000000003
20617,21806.193333333333,-1189.1933333333327
7038,7001.376666666667,36.623333333332994
1995,6472.533333333334,-4477.533333333334
15923,15981.356666666667,-58.35666666666657
29866,30549.343333333334,-683.3433333333342
51816,50403.34333333333,1412.6566666666695
19999,19837.18666666667,161.81333333333168
59769,55996.933333333334,3772.0666666666657
0,3135.016666666667,-3135.016666666667
35930,38588.47,-2658.470000000001
31368,33033.929,-1665.9289999999964
33764,34135.79666666667,-371.7966666666689
14087,14118.57,-31.56999999999971
26018,23471.36,2546.6399999999994
29749,29535.816666666666,213.1833333333343
26232,24653.823333333334,1578.1766666666663
3317,4166.03,-849.0299999999997
6809,6594.953333333333,214.04666666666708
33258,33262.71,-4.709999999999127
30509,31676.55,-1167.5499999999993
10082,9329.543333333333,752.4566666666669
35187,33899.99,1287.010000000002
41802,32865.42333333333,8936.576666666668
6618,7891.46,-1273.46
3634,3936.286666666667,-302.28666666666686
12439,12010.49,428.5100000000002
44835,39327.573333333334,5507.426666666666
1612,2401.4366666666665,-789.4366666666665
33678,30551.126666666667,3126.873333333333
483,37865.403333333335,-37382.403333333335
32516,32233.56,282.4399999999987
320,1063.6566666666668,-743.6566666666668
48611,48312.48333333333,298.51666666667006
1496,2727.75,-1231.75
9856,9850.756666666666,5.243333333333794
3910,5516.643333333333,-1606.6433333333334
65415,48972.67333333333,16442.326666666668
492,880.5433333333333,-388.5433333333333
5194,4679.47,514.5299999999997
30028,30478.456666666665,-450.4566666666651
8983,8716.32,266.6800000000003
40225,32846.29666666667,7378.703333333331
9364,7554.676666666666,1809.3233333333337
19279,19748.33,-469.33000000000175
8420,9784.58,-1364.58
41789,40924.71666666667,864.2833333333328
5853,4202.056666666666,1650.9433333333336
25573,26725.66,-1152.6599999999999
18170,18417.56333333333,-247.56333333333168
6706,6404.076666666667,301.9233333333332
32540,31928.923333333332,611.0766666666677
9379,8437.156666666666,941.8433333333342
19724,18700.356666666667,1023.6433333333334
29916,30466.713333333333,-550.7133333333331
17184,15792.523333333333,1391.4766666666674
8140,11302.433333333332,-3162.4333333333325
58543,48372.02,10170.980000000003
69271,66204.24,3066.7599999999948
12230,17082.753333333334,-4852.753333333334
18989,17218.01,1770.9900000000016
18648,18457.293333333335,190.70666666666511
63825,63153.42,671.5800000000017
15383,12772.25,2610.75
7501,7508.96,-7.960000000000036
9501,9427.38,73.6200000000008
37917,35918.7,1998.300000000003
30197,29729.796666666665,467.20333333333474
3279,5477.866666666667,-2198.866666666667
323,1487.28,-1164.28
23577,23994.993333333332,-417.993333333332
32002,34177.28666666667,-2175.286666666667
14872,12629.243333333334,2242.756666666666
7649,17178.446666666667,-9529.446666666667
7038,6619.076666666667,418.9233333333332
11418,11380.45,37.54999999999927
1275,5807.65,-4532.65
5634,5647.406666666667,-13.406666666666752
17660,18182.873333333333,-522.873333333333
23048,23717.12,-669.119999999999
9692,9646.516666666666,45.483333333333576
9440,10425.97,-985.9699999999993
9774,10143.31,-369.3099999999995
13586,13566.273333333333,19.72666666666737
24758,24462.86,295.1399999999994
48105,43440.73333333333,4664.26666666667
28266,29842.31,-1576.3100000000013
48878,45898.36666666667,2979.6333333333314
15503,14778.976666666667,724.0233333333326
7936,7972.076666666667,-36.076666666666824
169,1000.1433333333333,-831.1433333333333
8868,9095.05,-227.04999999999927
10734,10531.693333333333,202.3066666666673
1794,7440.763333333333,-5646.763333333333
15217,15522.12,-305.1200000000008
17232,17761.013333333332,-529.0133333333324
51635,51419.97666666667,215.0233333333308
62891,42438.14333333333,20452.856666666667
41432,41392.9,39.099999999998545
10755,9222.483333333334,1532.5166666666664
28880,28687.79,192.20999999999913
31186,30458.596666666668,727.4033333333318
70872,57457.38,13414.620000000003
23292,19979.816666666666,3312.1833333333343
21441,21994.483333333334,-553.4833333333336
18931,18831.31333333333,99.68666666666832
16329,15778.35,550.6499999999996
66754,54244.56,12509.440000000002
32463,32558.56333333333,-95.56333333333168
24694,24397.946666666667,296.0533333333333
5634,9190.343333333334,-3556.343333333334
9758,8866.836666666666,891.1633333333339
35175,34500.683333333334,674.3166666666657
48583,45408.83,3174.1699999999983
57575,57501.43,73.56999999999971
38473,25711.06333333333,12761.936666666668
1626,10720.96,-9094.96
3823,3588.193333333333,234.80666666666684
19497,19528.18666666667,-31.186666666668316
18098,20467.613333333335,-2369.6133333333346
3881,3824.39,56.61000000000013
8533,8909.956666666667,-376.95666666666693
16133,16492.93,-359.9300000000003
12044,29435.773333333334,-17391.773333333334
9290,9455.716666666667,-165.71666666666715
22896,24610.91,-1714.9099999999999
1795,2174.6633333333334,-379.6633333333334
52661,47729.5880952381,4931.411904761902
3264,4899.983333333334,-1635.9833333333336
0,2761.1766666666667,-2761.1766666666667
4063,4765.106666666667,-702.1066666666666
3471,5846.453333333333,-2375.453333333333
12467,14115.823333333334,-1648.8233333333337
17985,17775.02666666667,209.97333333333154
50706,53057.03333333333,-2351.033333333333
1135,3498.82,-2363.82
69578,69276.66666666667,301.3333333333285
483,1295.4266666666667,-812.4266666666667
6945,7007.4,-62.399999999999636
18931,19252.426666666666,-321.4266666666663
4821,4632.8,188.19999999999982
21668,21582.963333333333,85.03666666666686
12375,13674.573333333334,-1299.5733333333337
8566,7240.7266666666665,1325.2733333333335
13505,13305.083333333334,199.91666666666606
26853,27239.506666666668,-386.506666666668
461,7425.29,-6964.29
58921,57244.026666666665,1676.9733333333352
26191,22548.61,3642.3899999999994
19245,19558.956666666665,-313.9566666666651
24995,25386.426666666666,-391.4266666666663
28192,28481.03,-289.02999999999884
20235,22533.72,-2298.720000000001
74454,44514.846666666665,29939.153333333335
51800,48423.18666666667,3376.8133333333317
14942,24082.903333333332,-9140.903333333332
2584,5188.026666666667,-2604.0266666666666
21185,21174.386666666665,10.613333333334594
69543,67698.07666666666,1844.9233333333395
18230,18489.083333333332,-259.0833333333321
63879,45413.486666666664,18465.513333333336
34220,32502.726666666666,1717.2733333333344
31558,32316.63722222222,-758.6372222222199
4333,4440.213333333333,-107.21333333333314
35090,32392.033333333333,2697.966666666667
21659,31023.81333333333,-9364.813333333332
3542,3389.2166666666667,152.7833333333333
47678,41971.27333333333,5706.726666666669
61913,62054.95333333333,-141.9533333333311
59101,58937.81333333333,163.18666666666832
48879,48274.78333333333,604.2166666666672
65120,63375.28,1744.7200000000012
1816,3177.596666666667,-1361.5966666666668
65690,58803.433333333334,6886.566666666666
8777,9061.446666666667,-284.4466666666667
28436,29132.166666666668,-696.1666666666679
12983,13164.64,-181.63999999999942
11870,12040.326666666666,-170.32666666666591
27585,28145.826666666668,-560.8266666666677
5851,8584.976666666667,-2733.9766666666674
18162,18352.52,-190.52000000000044
8589,9582.31,-993.3099999999995
72123,58493.19666666666,13629.803333333337
18010,19004.71,-994.7099999999991
37379,33484.31,3894.6900000000023
45131,45236.823333333334,-105.82333333333372
27774,25864.756666666668,1909.243333333332
1295,1785.31,-490.30999999999995
5186,8235.763333333334,-3049.7633333333342
8365,11825.753333333334,-3460.753333333334
60191,54317.33,5873.669999999998
51621,48933.65666666667,2687.3433333333305
19868,18866.593333333334,1001.4066666666658
36789,31889.63,4899.369999999999
21647,21692.513333333332,-45.51333333333241
26447,18421.09,8025.91
8311,11814.116666666667,-3503.116666666667
28208,27952.4,255.59999999999854
14944,14380.53,563.4699999999993
3452,4024.9666666666667,-572.9666666666667
13425,13234.65,190.35000000000036
43447,41498.20333333333,1948.796666666669
2962,3151.673333333333,-189.67333333333318
35011,32837.59333333333,2173.4066666666695
39706,38724.903333333335,981.0966666666645
22985,22341.233333333334,643.7666666666664
58572,58419.10333333333,152.89666666666744
41987,41484.573333333334,502.4266666666663
53037,47968.996666666666,5068.003333333334
45812,42262.12666666666,3549.8733333333366
38686,38660.386666666665,25.613333333334594
13723,12708.526666666667,1014.4733333333334
5223,6087.96,-864.96
38729,36185.84333333333,2543.1566666666695
18160,18078.803333333333,81.19666666666672
36500,37024.55333333334,-524.5533333333369
14730,14455.81,274.1900000000005
30903,31120.58,-217.58000000000175
5011,9459.06,-4448.0599999999995
38021,33161.92,4859.080000000002
14007,16438.796666666665,-2431.7966666666653
12322,15828.06,-3506.0599999999995
37211,36480.24333333333,730.756666666668
13827,9087.126666666667,4739.873333333333
8465,8550.39,-85.38999999999942
3264,3120.24,143.76000000000022
10646,11346.523333333333,-700.5233333333326
3542,4260.076666666667,-718.0766666666668
51594,44794.14666666667,6799.853333333333
15286,13470.21,1815.7900000000009
38562,33261.88,5300.120000000003
16670,16341.293333333333,328.70666666666693
8035,8616.86,-581.8600000000006
48572,47865.73333333333,706.2666666666701
22917,21178.056666666667,1738.9433333333327
17559,22224.643333333333,-4665.643333333333
39254,38928.05333333334,325.9466666666631
37266,33913.48333333333,3352.51666666667
5371,18556.324444444446,-13185.324444444446
33842,30759.143333333333,3082.8566666666666
12615,13055.263333333334,-440.26333333333423
61238,60957.604444444456,280.395555555544
19867,19566.703333333335,300.29666666666526
53902,52525.86277777778,1376.1372222222199
16776,17410.72,-634.7200000000012
16133,12855.64,3277.3600000000006
13006,13029.25,-23.25
2921,7318.536666666667,-4397.536666666667
22613,22273.576666666668,339.42333333333227
5519,5249.416666666667,269.58333333333303
15550,15963.326666666666,-413.3266666666659
15958,15103.233333333334,854.7666666666664
4951,6010.886666666666,-1059.8866666666663
1487,10113.69,-8626.69
15265,21365.81333333333,-6100.813333333332
21951,22680.3,-729.2999999999993
2465,2885.536666666667,-420.53666666666686
4699,7421.45,-2722.45
28346,8418.716666666667,19927.283333333333
5984,9226.71,-3242.709999999999
14276,15352.793333333333,-1076.793333333333
64276,60437.666666666664,3838.3333333333358
29978,28397.676666666666,1580.3233333333337
2420,4309.043333333333,-1889.043333333333
19258,18727.84,530.1599999999999
14412,14158.966666666667,253.03333333333285
3910,5379.386666666666,-1469.3866666666663
47845,47645.881555555556,199.11844444444432
2633,3856.31,-1223.31
1639,2245.39,-606.3899999999999
17018,11682.96,5335.040000000001
3125,2835.883333333333,289.1166666666668
12881,10489.626666666667,2391.373333333333
11045,10630.703333333333,414.2966666666671
67687,62918.24333333333,4768.756666666668
53618,50665.14333333333,2952.8566666666666
14510,12040.01,2469.99
9224,9051.423333333334,172.57666666666591
971,1185.5866666666666,-214.5866666666666
11663,13829.36,-2166.3600000000006
486,788.3433333333334,-302.34333333333336
28567,41798.47,-13231.470000000001
26938,27222.626666666667,-284.626666666667
4227,4861.6466666666665,-634.6466666666665
10522,11317.516666666666,-795.5166666666664
6497,6726.946666666667,-229.94666666666672
18051,18359.113333333335,-308.1133333333346
21734,21884.337333333333,-150.33733333333294
2461,3297.116666666667,-836.1166666666668
14022,18505.1,-4483.0999999999985
54530,48989.33,5540.669999999998
3065,6782.7733333333335,-3717.7733333333335
50057,37229.416666666664,12827.583333333336
30273,30958.56,-685.5600000000013
32619,22970.756666666668,9648.243333333332
48444,46885.77,1558.2300000000032
54743,49859.66,4883.3399999999965
11008,12526.91,-1518.9099999999999
30314,26874.35,3439.6500000000015
1316,2153.48,-837.48
40355,50090.33666666667,-9735.33666666667
505,3686.64,-3181.64
70739,68240.12333333334,2498.8766666666634
13857,13725.26,131.73999999999978
40841,40380.75666666667,460.243333333332
1444,7048.346666666666,-5604.346666666666
3854,4814.676666666666,-960.6766666666663
17000,17361.073333333334,-361.0733333333337
9912,12934.786666666667,-3022.786666666667
4206,4331.906666666667,-125.90666666666675
48911,42122.10333333333,6788.896666666667
26223,26783.806666666667,-560.8066666666673
21255,19948.39,1306.6100000000006
14020,14060.496666666666,-40.49666666666599
55398,29168.816666666666,26229.183333333334
8235,12947.83,-4712.83
7653,15731.723333333333,-8078.723333333333
16828,16865.333333333332,-37.33333333333212
35731,36341.04666666667,-610.0466666666689
18427,18429.766666666666,-2.766666666666424
4367,4322.143333333333,44.85666666666657
45993,42294.87666666666,3698.1233333333366
11488,11200.56,287.4400000000005
14349,12808.456666666667,1540.543333333333
484,1014.79,-530.79
2328,12678.756666666666,-10350.756666666666
20535,21026.803333333333,-491.8033333333333
29749,29477.266666666666,271.7333333333336
4855,5628.83,-773.8299999999999
11047,11441.026666666667,-394.02666666666664
15837,14341.526666666667,1495.4733333333334
22492,17573.343333333334,4918.656666666666
2004,7244.153333333334,-5240.153333333334
13508,14601.696666666667,-1093.6966666666667
27529,27578.753333333334,-49.75333333333401
2748,3554.9766666666665,-806.9766666666665
48990,48725.013333333336,264.98666666666395
51889,51760.74333333333,128.25666666666802
9332,9690.003333333334,-358.003333333334
21889,19242.393333333333,2646.6066666666666
39863,38991.80333333334,871.1966666666631
11245,11299.496666666666,-54.49666666666599
5458,9371.54,-3913.540000000001
36073,35476.16,596.8399999999965
70146,69532.42333333334,613.5766666666605
13746,13363.423333333334,382.5766666666659
53379,43156.2,10222.800000000003
61501,46734.60333333333,14766.396666666667
27668,28555.503333333334,-887.503333333334
14314,14142.706666666667,171.29333333333307
60726,54674.083333333336,6051.916666666664
20853,19594.31,1258.6899999999987
13810,14956.733333333334,-1146.7333333333336
39202,36883.03,2318.970000000001
8705,9031.93,-326.9300000000003
29771,30511.711666666666,-740.7116666666661
320,1359.7666666666667,-1039.7666666666667
8566,9128.403333333334,-562.4033333333336
55826,55107.246666666666,718.753333333334
18584,19643.566666666666,-1059.5666666666657
67136,8279.043333333333,58856.956666666665
31003,31208.786666666667,-205.78666666666686
5851,12868.606666666667,-7017.606666666667
77512,77041.85,470.1499999999942
11462,12974.753333333334,-1512.753333333334
27223,26047.3,1175.7000000000007
7425,8717.153333333334,-1292.1533333333336
55748,55786.015,-38.01499999999942
33901,32247.046666666665,1653.9533333333347
166,12496.53,-12330.53
9652,10919.596666666666,-1267.5966666666664
7258,8411.833333333334,-1153.833333333334
11515,11571.88,-56.8799999999992
3082,2978.7166666666667,103.2833333333333
17681,20029.146666666667,-2348.1466666666674
71791,71782.24,8.759999999994761
20799,20014.36,784.6399999999994
2095,2018.6666666666667,76.33333333333326
50249,50011.82,237.1800000000003
56578,55376.316666666666,1201.6833333333343
10337,15874.05,-5537.049999999999
30877,31603.636666666665,-726.6366666666654
7955,12096.526666666667,-4141.526666666667
4076,4895.8,-819.8000000000002
13815,15152.406666666666,-1337.4066666666658
23292,13177.25,10114.75
11864,39486.039,-27622.038999999997
7481,8179.03,-698.0299999999997
11685,11784.38,-99.3799999999992
490,11949.096666666666,-11459.096666666666
34437,33484.21666666667,952.7833333333328
36259,29382.646666666667,6876.353333333333
37377,37045.3,331.6999999999971
9706,8444.053333333333,1261.9466666666667
12630,13772.776666666667,-1142.7766666666666
17982,21066.08,-3084.0800000000017
38688,38579.443333333336,108.55666666666366
8024,9660.676666666666,-1636.6766666666663
32266,32377.163333333334,-111.16333333333387
54916,50504.21,4411.790000000001
26204,28380.383333333335,-2176.383333333335
6911,9741.71,-2830.709999999999
1136,1810.3966666666668,-674.3966666666668
43257,43736.916666666664,-479.91666666666424
15797,16771.14,-974.1399999999994
26046,26496.97,-450.97000000000116
14516,14775.423333333334,-259.4233333333341
32266,32207.88,58.11999999999898
39664,39687.513333333336,-23.51333333333605
12014,24562.626666666667,-12548.626666666667
13982,15188.693333333333,-1206.6933333333327
11316,10663.453333333333,652.5466666666671
6631,6975.806666666666,-344.8066666666664
8939,8655.2,283.7999999999993
13747,13897.84,-150.84000000000015
61064,55791.39,5272.610000000001
11906,11610.873333333333,295.126666666667
7821,22732.873333333333,-14911.873333333333
3721,3394.5933333333332,326.40666666666675
4112,3185.08,926.9200000000001
7997,9036.54,-1039.5400000000009
983,4118.746666666667,-3135.746666666667
24168,31496.12,-7328.119999999999
22048,24675.356666666667,-2627.3566666666666
17132,18552.493333333332,-1420.493333333332
1496,4511.2733333333335,-3015.2733333333335
24183,23837.756666666668,345.243333333332
69384,55093.97,14290.029999999999
10988,18816.783333333333,-7828.783333333333
48558,43356.083333333336,5201.916666666664
32566,31575.216666666667,990.7833333333328
23252,25417.52666666667,-2165.5266666666685
15789,15139.873333333333,649.126666666667
15634,15509.893333333333,124.10666666666657
13649,12540.416666666666,1108.583333333334
26551,20890.4,5660.5999999999985
5834,5657.393333333333,176.60666666666657
76660,75976.89333333333,683.1066666666738
37600,39068.38333333333,-1468.3833333333314
47186,46680.786944444444,505.2130555555559
7768,8328.29,-560.2900000000009
7484,7609.003333333333,-125.0033333333331
14617,16128.536666666667,-1511.5366666666669
14447,16559.68666666667,-2112.6866666666683
642,1568.6666666666667,-926.6666666666667
10409,10286.1,122.89999999999964
4673,6278.856666666667,-1605.8566666666666
9877,17261.073333333334,-7384.073333333334
74483,74264.31666666667,218.6833333333343
14512,17034.496666666666,-2522.496666666666
805,864.73,-59.73000000000002
12941,12649.013333333334,291.98666666666577
32162,32371.4,-209.40000000000146
36198,25056.67,11141.330000000002
36268,35050.636666666665,1217.3633333333346
6661,6363.02,297.97999999999956
20545,21164.946666666667,-619.9466666666667
26075,24117.956666666665,1957.0433333333349
42964,43065.35333333333,-101.35333333333256
10703,14666.976666666667,-3963.9766666666674
10910,11082.156666666666,-172.15666666666584
19984,17185.623333333333,2798.376666666667
13644,16527.99,-2883.9900000000016
24292,22154.983333333334,2137.0166666666664
5224,6419.79,-1195.79
6280,6192.366666666667,87.63333333333321
15713,15918.79,-205.79000000000087
21785,22811.633333333335,-1026.633333333335
9274,9623.99,-349.9899999999998
976,2133.5,-1157.5
9595,7795.04,1799.96
33916,33590.75,325.25
14842,21012.293333333335,-6170.293333333335
7785,8707.88,-922.8799999999992
20007,19488.95,518.0499999999993
61228,56712.11666666667,4515.883333333331
1988,2202.1266666666666,-214.12666666666655
6320,6401.696666666667,-81.69666666666672
10592,11960.19,-1368.1900000000005
69108,67111.67,1996.3300000000017
25875,24573.493333333332,1301.506666666668
6827,13084.626666666667,-6257.626666666667
57698,57452.53,245.47000000000116
69170,69233.97666666667,-63.97666666666919
1598,5567.5,-3969.5
12230,11544.5,685.5
35606,35186.113333333335,419.8866666666654
16489,18391.683333333334,-1902.6833333333343
5618,6100.196666666667,-482.1966666666667
50546,38055.78666666667,12490.213333333333
52757,52940.53,-183.52999999999884
2278,2457.346666666667,-179.3466666666668
319,4222.2733333333335,-3903.2733333333335
0,3955.6666666666665,-3955.6666666666665
8154,7189.703333333333,964.2966666666671
31101,29511.683333333334,1589.3166666666657
52054,38377.785,13676.214999999997
5179,4768.97,410.02999999999975
27699,27690.616666666665,8.383333333335031
3284,7775.56,-4491.56
12844,13317.276666666667,-473.27666666666664
12258,10752.953333333333,1505.046666666667
650,1059.7,-409.70000000000005
42644,43561.41436507936,-917.414365079363
60752,61694.84333333333,-942.8433333333305
15839,15976.51,-137.51000000000022
29083,29875.134444444448,-792.1344444444476
9162,5702.55,3459.45
2889,2912.9266666666667,-23.926666666666733
18708,21308.576666666668,-2600.5766666666677
36574,33477.706666666665,3096.293333333335
8803,9408.993333333334,-605.9933333333338
11328,11509.273333333333,-181.27333333333263
38566,37415.17,1150.8300000000017
39368,33357.55,6010.449999999997
10531,10445.266666666666,85.73333333333358
13723,12809.623333333333,913.376666666667
52425,53470.793333333335,-1045.7933333333349
19343,17209.31333333333,2133.6866666666683
17872,17970.676666666666,-98.67666666666628
12508,12467.076666666666,40.923333333334085
10560,11100.236666666666,-540.2366666666658
41497,39051.52,2445.480000000003
1608,2082.036666666667,-474.03666666666686
40032,40650.903333333335,-618.9033333333355
13431,14139.63,-708.6299999999992
1809,2551.733333333333,-742.7333333333331
9391,8265.64,1125.3600000000006
9175,9222.286666666667,-47.28666666666686
11643,11134.583333333334,508.41666666666606
15421,15332.49,88.51000000000022
39508,39223.53,284.47000000000116
11538,22761.256666666668,-11223.256666666668
21840,21850.076666666668,-10.076666666667734
35898,35979.57666666667,-81.57666666666773
14983,19441.18666666667,-4458.186666666668
15183,17864.18666666667,-2681.1866666666683
60776,61166.21333333333,-390.21333333333314
16887,16137.39,749.6100000000006
15073,15354.733333333334,-281.7333333333336
6152,6293.136666666666,-141.13666666666631
36667,36977.62333333334,-310.62333333333663
5458,35215.92011111111,-29757.92011111111
24378,24256.633333333335,121.36666666666497
23146,21625.496666666666,1520.503333333334
982,1914.65,-932.6500000000001
11654,11370.63,283.3700000000008
27585,37073.263333333336,-9488.263333333336
26384,25467.996666666666,916.003333333334
15156,15526.676666666666,-370.6766666666663
16699,16667.536666666667,31.46333333333314
31817,30473.443333333333,1343.5566666666673
55576,55246.85333333333,329.14666666666744
15444,15158.806666666667,285.1933333333327
40859,34604.823333333334,6254.176666666666
32146,30170.333333333332,1975.6666666666679
25713,26543.808,-830.8080000000009
10371,12315.093333333334,-1944.0933333333342
49278,49124.60666666667,153.39333333333343
44003,38942.87,5060.129999999997
23626,28409.21277777778,-4783.212777777779
37092,43365.416666666664,-6273.416666666664
25883,25144.5,738.5
22416,22954.69,-538.6899999999987
47876,43841.19666666666,4034.803333333337
44880,43696.66,1183.3399999999965
25304,16892.853333333333,8411.146666666667
11926,11724.69,201.3099999999995
20690,20396.106666666667,293.89333333333343
13096,13106.353333333333,-10.353333333332557
19318,17868.366666666665,1449.633333333335
20214,19690.966666666667,523.0333333333328
74713,74827.47333333333,-114.4733333333279
2307,2225.82,81.17999999999984
59751,58866.34333333333,884.6566666666695
13568,11950.506666666666,1617.4933333333338
36426,40347.443333333336,-3921.4433333333363
17462,5143.73,12318.27
10246,9905.446666666667,340.5533333333333
41161,30454.713333333333,10706.286666666667
20446,15672.73,4773.27
4805,4463.426666666666,341.5733333333337
10921,10946.526666666667,-25.526666666666642
20303,19072.403333333332,1230.5966666666682
36887,36569.833333333336,317.16666666666424
7765,7586.216666666666,178.78333333333376
14506,16099.766666666666,-1593.7666666666664
45615,46533.263333333336,-918.263333333336
52937,49571.77,3365.230000000003
47449,47522.25666666667,-73.25666666666802
55431,43129.16333333333,12301.83666666667
6709,6534.693333333334,174.3066666666664
15322,15423.24,-101.23999999999978
17372,17574.77666666667,-202.77666666666846
34680,35459.12333333334,-779.1233333333366
4874,4348.106666666667,525.8933333333334
6515,14105.613333333333,-7590.613333333333
31729,31297.45,431.5499999999993
18136,18935.123333333333,-799.123333333333
2482,2389.8933333333334,92.10666666666657
17008,29974.957222222227,-12966.957222222227
20692,19372.62,1319.380000000001
10931,12788.866666666667,-1857.8666666666668
4695,5673.576666666667,-978.5766666666668
7697,7727.48,-30.479999999999563
10562,9924.893333333333,637.1066666666666
59219,56567.33438888888,2651.6656111111224
3068,7045.583333333333,-3977.583333333333
22640,23983.81333333333,-1343.8133333333317
68153,42379.88555555556,25773.114444444444
11721,11745.683333333332,-24.683333333332484
23096,22595.903333333332,500.09666666666817
3782,4316.526666666667,-534.5266666666666
47748,49076.93,-1328.9300000000003
16793,16704.573333333334,88.42666666666628
18959,20866.35,-1907.3499999999985
54655,50626.5275,4028.4725000000035
7033,6356.43,676.5699999999997
2296,2069.713333333333,226.28666666666686
21480,21146.056666666667,333.9433333333327
20665,20013.446666666667,651.5533333333333
35822,38982.86,-3160.8600000000006
38679,35678.99333333333,3000.006666666668
59035,51277.97,7757.029999999999
28756,29104.466444444446,-348.4664444444461
16942,17213.586666666666,-271.58666666666613
12341,22069.286666666667,-9728.286666666667
47583,47240.15634920634,342.8436507936567
71963,71831.25,131.75
19928,19837.743333333332,90.25666666666802
14287,17182.47,-2895.470000000001
13904,12665.963333333333,1238.0366666666669
5824,9533.096666666666,-3709.0966666666664
14232,14060.74,171.26000000000022
26677,27305.046666666665,-628.0466666666653
2123,3411.5933333333332,-1288.5933333333332
17315,16849.0,466.0
25582,24884.433333333334,697.5666666666657
39871,38364.19777777777,1506.802222222228
46947,46941.28333333333,5.716666666667152
56502,46884.47888888889,9617.521111111113
28906,28566.433333333334,339.5666666666657
7817,14907.566666666668,-7090.5666666666675
40661,39741.07277777778,919.9272222222207
11082,9630.496666666666,1451.503333333334
14817,16731.193333333333,-1914.1933333333327
36165,29986.843333333334,6178.156666666666
37203,37330.97,-127.97000000000116
35985,37427.80333333334,-1442.803333333337
27201,27136.783333333333,64.21666666666715
8094,8755.04,-661.0400000000009
47211,48388.12,-1177.1200000000026
12289,11961.24,327.7600000000002
8306,9818.916666666666,-1512.916666666666
9133,8820.82,312.1800000000003
17170,17326.263333333332,-156.2633333333324
14942,25416.636666666665,-10474.636666666665
38074,37741.4,332.59999999999854
10851,12266.846666666666,-1415.8466666666664
2257,4930.32,-2673.3199999999997
17437,14177.34,3259.66
6855,8382.133333333333,-1527.1333333333332
49480,48797.39333333333,682.6066666666666
40838,37579.56,3258.4400000000023
35353,31199.71,4153.290000000001
7081,7682.67,-601.6700000000001
30997,30330.576666666668,666.4233333333323
12486,12175.73,310.27000000000044
5171,5504.42,-333.4200000000001
15725,17931.823333333334,-2206.8233333333337
20145,16968.48,3176.5200000000004
329,1337.1533333333334,-1008.1533333333334
6510,6450.33,59.67000000000007
15350,14382.076666666666,967.9233333333341
1810,2742.2066666666665,-932.2066666666665
992,3090.8966666666665,-2098.8966666666665
79468,65737.20333333334,13730.796666666662
68061,66074.54666666666,1986.4533333333384
16501,13804.03,2696.9699999999993
35324,32469.116666666665,2854.883333333335
18800,19479.706666666665,-679.7066666666651
466,6863.223333333333,-6397.223333333333
49715,48098.933333333334,1616.0666666666657
6447,9190.996666666666,-2743.996666666666
46883,45426.933333333334,1456.0666666666657
11902,20037.196666666667,-8135.196666666667
4849,4735.373333333333,113.626666666667
45311,28292.02666666667,17018.97333333333
19977,19460.02666666667,516.9733333333315
36960,37023.013333333336,-63.01333333333605
13899,26296.26,-12397.259999999998
56910,56660.18666666667,249.81333333333168
19372,19561.06,-189.0600000000013
54844,53685.096666666665,1158.9033333333355
59634,57221.73333333333,2412.26666666667
52288,51721.16,566.8399999999965
6427,6679.98,-252.97999999999956
8640,8569.186666666666,70.8133333333335
8987,9337.1,-350.10000000000036
33031,34132.096666666665,-1101.0966666666645
40668,35952.45333333333,4715.546666666669
15487,15264.933333333332,222.06666666666752
30592,30457.29,134.70999999999913
0,1932.2933333333333,-1932.2933333333333
62236,42946.29,19289.71
12843,12690.696666666667,152.30333333333328
24735,24739.113333333335,-4.1133333333345945
13481,12679.32,801.6800000000003
6780,7643.27,-863.2700000000004
15362,13372.606666666667,1989.3933333333334
7834,7519.753333333333,314.2466666666669
9092,8879.016666666666,212.98333333333358
19097,19302.42,-205.41999999999825
1616,2815.1266666666666,-1199.1266666666666
30599,30551.886666666665,47.113333333334594
39190,39227.473333333335,-37.47333333333518
4368,10312.303333333333,-5944.303333333333
52126,48034.76,4091.239999999998
11408,11068.806666666667,339.1933333333327
33648,33614.48333333333,33.51666666667006
29378,29612.98,-234.97999999999956
62033,60681.763333333336,1351.236666666664
12211,13077.123333333333,-866.123333333333
7680,7149.47,530.5299999999997
10226,9695.77,530.2299999999996
13856,18269.503333333334,-4413.503333333334
15963,23046.756666666668,-7083.756666666668
7898,7246.286666666667,651.7133333333331
27253,41938.34,-14685.339999999997
29747,31928.943333333333,-2181.9433333333327
6613,8209.73,-1596.7299999999996
3261,3570.963333333333,-309.96333333333314
8640,8672.25,-32.25
45744,40391.566666666666,5352.433333333334
2133,2100.7166666666667,32.2833333333333
11907,14618.41,-2711.41
3082,3083.016666666667,-1.0166666666668789
40995,34313.73333333333,6681.26666666667
52138,50773.903333333335,1364.0966666666645
19076,19188.943333333333,-112.9433333333327
804,918.69,-114.69000000000005
25863,25893.086666666666,-30.086666666666133
15840,15431.376666666667,408.623333333333
63445,50389.85666666667,13055.143333333333
12187,12276.606666666667,-89.60666666666657
56342,50306.98333333333,6035.01666666667
11211,14693.603333333333,-3482.6033333333326
41008,36647.62666666666,4360.373333333337
61325,58820.07,2504.9300000000003
56378,59897.92,-3519.9199999999983
40061,36856.08,3204.9199999999983
30120,28947.336666666666,1172.6633333333339
57409,56947.78333333333,461.21666666666715
30289,30769.81333333333,-480.8133333333317
3082,4997.84,-1915.8400000000001
11052,14054.666666666666,-3002.666666666666
12724,12374.58,349.4200000000001
39090,38961.263333333336,128.73666666666395
4112,2980.8233333333333,1131.1766666666667
36792,35831.06,960.9400000000023
49388,44826.30333333334,4561.696666666663
23782,23708.77,73.22999999999956
54518,52703.11666666667,1814.8833333333314
42493,39301.34333333333,3191.6566666666695
29828,26206.1,3621.9000000000015
63392,48527.72,14864.279999999999
10106,11304.666666666666,-1198.666666666666
43667,22247.41,21419.59
15634,15682.77,-48.77000000000044
18274,18773.986666666668,-499.9866666666676
22253,23228.9,-975.9000000000015
2772,3084.2033333333334,-312.2033333333334
52699,34465.683333333334,18233.316666666666
26514,28147.793333333335,-1633.7933333333349
10197,10009.686666666666,187.3133333333335
53590,53230.44,359.5599999999977
27831,30328.416666666668,-2497.416666666668
17481,18589.19,-1108.1899999999987
3875,7435.84,-3560.84
5179,4859.98,319.02000000000044
23531,24456.703333333335,-925.7033333333347
15835,20647.546666666665,-4812.546666666665
16413,17284.153333333332,-871.1533333333318
32334,30510.34,1823.6599999999999
2948,7944.5233333333335,-4996.5233333333335
2498,2586.9566666666665,-88.95666666666648
27412,28208.29,-796.2900000000009
18536,23354.94,-4818.939999999999
39468,38490.46166666667,977.5383333333302
1932,2434.7566666666667,-502.75666666666666
13810,14417.243333333334,-607.2433333333338
6175,7490.486666666667,-1315.4866666666667
38280,38084.14,195.86000000000058
7149,7639.9,-490.89999999999964
20294,21659.303333333333,-1365.3033333333333
805,1152.5166666666667,-347.51666666666665
39254,39138.206666666665,115.79333333333489
490,2808.2233333333334,-2318.2233333333334
31013,30120.88,892.119999999999
56324,57192.87666666666,-868.8766666666634
19101,19157.756666666668,-56.756666666668025
27057,27309.946666666667,-252.94666666666672
13221,12139.053333333333,1081.9466666666667
20704,20355.403333333332,348.59666666666817
30769,30976.096666666668,-207.09666666666817
25469,26818.053333333333,-1349.0533333333333
29896,19026.72,10869.279999999999
6485,10674.526666666667,-4189.526666666667
20967,20406.163333333334,560.8366666666661
17971,20577.97,-2606.970000000001
17341,25481.97,-8140.970000000001
14467,13255.496666666666,1211.503333333334
32164,32399.6,-235.59999999999854
44988,37945.456666666665,7042.543333333335
12495,12622.723333333333,-127.72333333333336
650,3129.3366666666666,-2479.3366666666666
10883,16658.710833333334,-5775.710833333334
42506,35243.443333333336,7262.556666666664
14675,27137.513333333332,-12462.513333333332
7820,7750.633333333333,69.36666666666679
6615,21554.91,-14939.91
9002,10669.896666666667,-1667.8966666666674
41989,38778.16,3210.8399999999965
1944,2373.91,-429.90999999999985
23460,23299.333333333332,160.66666666666788
15507,15183.446666666667,323.5533333333333
4231,4253.256666666667,-22.256666666667115
1644,2149.7833333333333,-505.7833333333333
3292,2885.9333333333334,406.0666666666666
2909,3824.0666666666666,-915.0666666666666
27337,28310.656666666666,-973.6566666666658
77572,73045.8,4526.199999999997
35295,35205.676666666666,89.32333333333372
6797,8801.803333333333,-2004.8033333333333
14234,11516.673333333334,2717.326666666666
70246,68512.28,1733.7200000000012
33094,33079.666666666664,14.333333333335759
4278,4343.78,-65.77999999999975
39582,39398.66333333333,183.33666666666977
11283,11272.22,10.780000000000655
2096,2150.2433333333333,-54.24333333333334
4731,11923.64,-7192.639999999999
17919,18981.466666666667,-1062.4666666666672
40003,40167.11666666667,-164.1166666666686
9279,9184.716666666667,94.28333333333285
9290,11744.65,-2454.6499999999996
51261,49971.613333333335,1289.3866666666654
499,9117.003333333334,-8618.003333333334
53252,48531.12,4720.879999999997
17481,17601.863333333335,-120.8633333333346
27178,30528.79,-3350.790000000001
18909,19665.57,-756.5699999999997
32103,31926.323333333334,176.67666666666628
19707,19516.096666666668,190.90333333333183
2984,9814.203333333333,-6830.203333333333
687,1304.7566666666667,-617.7566666666667
486,749.27,-263.27
25451,25073.413333333334,377.58666666666613
4046,5200.973333333333,-1154.9733333333334
23131,22820.066666666666,310.9333333333343
2438,2640.6033333333335,-202.60333333333347
44662,36474.753333333334,8187.246666666666
73951,69920.96,4030.0399999999936
10717,11849.133333333333,-1132.1333333333332
17318,18995.346666666668,-1677.3466666666682
23782,23501.733333333334,280.2666666666664
9695,9760.563333333334,-65.5633333333335
28206,28537.31333333333,-331.3133333333317
68508,65546.04072222224,2961.959277777758
78457,65756.86,12700.14
6776,12699.364666666666,-5923.364666666666
14677,14861.986666666666,-184.98666666666577
24488,39481.53,-14993.529999999999
8306,12306.873333333333,-4000.873333333333
42990,42708.35,281.65000000000146
12553,12630.403333333334,-77.40333333333365
16214,14143.783333333333,2070.216666666667
3562,3585.9266666666667,-23.926666666666733
31281,24287.586666666666,6993.413333333334
47059,46189.39333333333,869.6066666666666
24788,22444.87,2343.130000000001
8931,9767.663333333334,-836.6633333333339
42125,29399.593333333334,12725.406666666666
25379,27068.863333333335,-1689.8633333333346
4942,6562.823333333334,-1620.8233333333337
27616,28115.883333333335,-499.88333333333503
19678,19548.396666666667,129.60333333333256
0,4417.28,-4417.28
23582,22371.673333333332,1210.3266666666677
46087,38661.42,7425.580000000002
5785,7519.636666666666,-1734.6366666666663
29378,29155.613333333335,222.3866666666654
13327,21265.446666666667,-7938.446666666667
13306,11843.843333333334,1462.1566666666658
69011,69393.41666666667,-382.4166666666715
26837,27057.073333333334,-220.07333333333372
24008,24592.27,-584.2700000000004
2908,4099.366666666667,-1191.3666666666668
60892,48105.65666666667,12786.34333333333
483,2613.35,-2130.35
72612,71929.395,682.6049999999959
13329,15068.053333333333,-1739.0533333333333
628,1966.7433333333333,-1338.7433333333333
14094,13920.28,173.71999999999935
55528,53467.013333333336,2060.986666666664
5349,5435.933333333333,-86.9333333333334
4072,4937.593333333333,-865.5933333333332
15310,22062.333333333332,-6752.333333333332
39600,29749.516666666666,9850.483333333334
29859,29969.576666666668,-110.57666666666773
804,870.7733333333333,-66.77333333333331
25954,17470.993333333332,8483.006666666668
25083,21831.113333333335,3251.8866666666654
4038,7298.796666666667,-3260.796666666667
17046,15311.473333333333,1734.5266666666666
8479,8774.373333333333,-295.373333333333
43012,43111.905222222216,-99.90522222221625
63599,63465.613333333335,133.3866666666654
36257,37562.20333333333,-1305.203333333331
37229,29701.040833333333,7527.959166666667
1450,1653.37,-203.3699999999999
29337,29304.023333333334,32.97666666666555
7205,7609.306666666666,-404.3066666666664
12903,11504.546666666667,1398.453333333333
10910,9998.11,911.8899999999994
32931,30183.486666666668,2747.5133333333324
24380,23015.306666666667,1364.6933333333327
1158,4640.636666666666,-3482.6366666666663
60865,60829.46666666667,35.53333333333285
1958,2898.7366666666667,-940.7366666666667
32014,28516.576666666668,3497.4233333333323
27407,26169.073333333334,1237.9266666666663
22567,24083.083333333332,-1516.0833333333321
29792,29842.456666666665,-50.456666666665114
22977,27475.583333333332,-4498.583333333332
47582,46895.275,686.7249999999985
4720,5895.366666666667,-1175.3666666666668
27257,27333.42711111111,-76.42711111110839
13761,14478.336666666666,-717.3366666666661
14189,14009.14,179.86000000000058
39436,38510.59,925.4100000000035
21314,21978.23,-664.2299999999996
21620,21365.966666666667,254.03333333333285
13746,22346.97333333333,-8600.973333333332
24433,24447.406666666666,-14.406666666665842
157,3263.34,-3106.34
44885,39447.09,5437.9100000000035
12680,9996.513333333334,2683.4866666666658
7376,7739.26,-363.2600000000002
20007,26399.206666666665,-6392.206666666665
27748,28983.106666666667,-1235.1066666666666
18788,19428.46,-640.4599999999991
2432,3281.056666666667,-849.0566666666668
58557,58533.00272222222,23.997277777780255
38382,38548.64666666667,-166.64666666666744
8709,16525.396666666667,-7816.396666666667
43755,41974.87583333333,1780.1241666666683
1158,2720.1466666666665,-1562.1466666666665
40408,39584.28333333333,823.7166666666672
26972,26297.546666666665,674.4533333333347
36373,36621.40444444444,-248.4044444444371
48385,44507.916666666664,3877.0833333333358
637,1529.4733333333334,-892.4733333333334
1792,2189.77,-397.77
15011,24552.013333333332,-9541.013333333332
1473,17472.72,-15999.720000000001
39566,35615.69,3950.3099999999977
12790,12690.753333333334,99.24666666666599
28346,19263.416666666668,9082.583333333332
13853,13831.223333333333,21.776666666666642
43024,41721.23,1302.7699999999968
48084,47335.35333333333,748.6466666666674
22542,33171.84555555556,-10629.845555555563
18989,19879.953333333335,-890.9533333333347
25848,26343.27666666667,-495.27666666666846
2772,2992.173333333333,-220.17333333333318
40885,32515.68666666667,8369.313333333332
72283,70998.77,1284.229999999996
169,1958.5566666666666,-1789.5566666666666
5186,6089.6866666666665,-903.6866666666665
33423,28290.064444444448,5132.935555555552
48178,47863.4303888889,314.56961111110286
22928,23275.57,-347.5699999999997
5140,5163.846666666666,-23.84666666666635
59372,56536.06333333333,2835.9366666666683
14247,12128.81,2118.1900000000005
24330,24564.043333333335,-234.04333333333489
48590,49328.583333333336,-738.5833333333358
10857,13415.46,-2558.459999999999
72615,53511.13333333333,19103.86666666667
13898,13224.556666666667,673.4433333333327
7336,19896.286666666667,-12560.286666666667
14510,20862.423333333332,-6352.423333333332
62896,51892.746666666666,11003.253333333334
20858,20342.97,515.0299999999988
10082,9754.403333333334,327.59666666666635
24420,31520.333333333332,-7100.333333333332
14670,13943.86,726.1399999999994
30954,18151.88,12802.119999999999
17153,17690.986666666668,-537.9866666666676
10833,10762.186666666666,70.8133333333335
4318,10489.899944444445,-6171.899944444445
30864,30907.366666666665,-43.36666666666497
19785,19566.673333333332,218.32666666666773
7018,9583.44,-2565.4400000000005
19699,20533.47333333333,-834.4733333333315
36500,26096.253333333334,10403.746666666666
4856,3973.1433333333334,882.8566666666666
3292,3719.213333333333,-427.21333333333314
9111,9490.173333333334,-379.1733333333341
45578,42521.79983333333,3056.2001666666692
14510,13985.14,524.8600000000006
15600,14188.893333333333,1411.1066666666666
13537,12465.343333333334,1071.6566666666658
38157,37762.46,394.5400000000009
34392,30445.286666666667,3946.713333333333
2579,5032.213333333333,-2453.213333333333
30740,30680.033333333333,59.96666666666715
10511,10434.97,76.03000000000065
23940,23627.01,312.9900000000016
9331,9170.07,160.9300000000003
40284,39723.11666666667,560.8833333333314
13391,13013.976666666667,377.02333333333263
3578,4655.546666666667,-1077.546666666667
13480,14003.91,-523.9099999999999
26841,27225.433333333334,-384.4333333333343
5337,5387.413333333333,-50.41333333333296
11805,12018.21,-213.20999999999913
2627,1274.4866666666667,1352.5133333333333
20992,20436.05,555.9500000000007
16501,15423.33,1077.67
12317,12183.36,133.63999999999942
32422,32971.333333333336,-549.3333333333358
5316,19586.216555555555,-14270.216555555555
33000,32431.12,568.880000000001
31173,31744.99,-571.9900000000016
33260,29801.856666666667,3458.1433333333334
9869,9023.34,845.6599999999999
3585,10523.776666666667,-6938.776666666667
31126,31204.833333333332,-78.83333333333212
12019,12663.96,-644.9599999999991
6689,7923.97,-1234.9700000000003
37058,35968.833333333336,1089.1666666666642
28851,28786.213333333333,64.78666666666686
2931,2941.7433333333333,-10.74333333333334
13956,16494.22,-2538.220000000001
43050,40793.573333333334,2256.4266666666663
16346,16318.926666666666,27.07333333333372
18252,19423.183333333334,-1171.1833333333343
10210,14774.416666666666,-4564.416666666666
74229,71255.52666666667,2973.473333333328
62722,44345.21666666667,18376.783333333333
52426,47307.59,5118.4100000000035
36769,33681.15666666667,3087.8433333333305
65957,65054.74333333333,902.256666666668
42867,41269.28666666667,1597.7133333333331
35766,41245.12,-5479.120000000003
7776,7772.836666666667,3.1633333333329574
14503,13833.496666666666,669.503333333334
477,2359.0033333333336,-1882.0033333333336
13009,13944.57,-935.5699999999997
16740,16597.376666666667,142.623333333333
25377,18494.476666666666,6882.523333333334
15666,7352.506666666667,8313.493333333332
2297,7312.576666666667,-5015.576666666667
73517,60510.753333333334,13006.246666666666
20071,22952.25,-2881.25
47600,47171.60666666667,428.39333333333343
70473,70275.23333333334,197.7666666666628
27985,28379.413333333334,-394.41333333333387
39807,40284.89222222222,-477.89222222221724
7499,18924.266666666666,-11425.266666666666
71059,66305.79,4753.210000000006
44828,39090.88,5737.120000000003
649,32688.476666666666,-32039.476666666666
11845,11927.06,-82.05999999999949
29286,26408.68666666667,2877.3133333333317
34000,30071.523333333334,3928.4766666666656
14894,13492.346666666666,1401.6533333333336
17701,17515.613333333335,185.3866666666654
27804,28021.38,-217.38000000000102
8728,9801.673333333334,-1073.673333333334
7208,7007.3966666666665,200.60333333333347
11411,13687.75,-2276.75
44212,41856.33472222222,2355.665277777778
31604,31855.41,-251.40999999999985
27194,24129.876666666667,3064.123333333333
48315,48679.613333333335,-364.6133333333346
18268,18126.7,141.29999999999927
172,4140.586666666667,-3968.586666666667
29767,23155.333333333332,6611.666666666668
6253,9051.783333333333,-2798.783333333333
11111,13603.136666666667,-2492.136666666667
13850,13619.55,230.45000000000073
12717,12785.503333333334,-68.50333333333401
16793,16841.73,-48.72999999999956
3967,4577.98,-610.9799999999996
6360,19275.31,-12915.310000000001
39435,38609.35666666667,825.6433333333334
9352,9409.263333333334,-57.26333333333423
13360,13348.016666666666,11.983333333333576
5880,2155.536666666667,3724.463333333333
16413,17079.466666666667,-666.4666666666672
1001,1005.89,-4.889999999999986
9099,9091.386666666667,7.6133333333327755
47743,46067.276666666665,1675.7233333333352
39269,38114.456666666665,1154.5433333333349
15886,19717.656666666666,-3831.656666666666
35981,35499.79,481.2099999999991
486,1733.4233333333334,-1247.4233333333334
12817,10958.21,1858.7900000000009
982,3234.32,-2252.32
39213,40200.543333333335,-987.5433333333349
9723,9980.356666666667,-257.35666666666657
40076,34068.58833333333,6007.411666666667
6013,3477.6766666666667,2535.3233333333333
8803,8789.413333333334,13.586666666666133
10565,12359.03,-1794.0300000000007
2133,4501.516666666666,-2368.5166666666664
18835,18625.386666666665,209.6133333333346
972,1163.2133333333334,-191.21333333333337
18217,18528.623333333333,-311.623333333333
22645,17731.23,4913.77
5691,9686.548333333334,-3995.548333333334
9040,10325.836666666666,-1285.8366666666661
0,5496.29,-5496.29
10717,12312.593333333334,-1595.5933333333342
77741,54228.37,23512.629999999997
6232,6664.793333333333,-432.79333333333307
12293,12790.006666666666,-497.0066666666662
39507,39242.65,264.34999999999854
5908,6008.403333333334,-100.40333333333365
1121,3140.056666666667,-2019.0566666666668
43483,39500.473333333335,3982.526666666665
327,5312.413333333333,-4985.413333333333
39561,38506.566666666666,1054.4333333333343
19812,25968.88,-6156.880000000001
11207,11191.03,15.969999999999345
31736,17143.77,14592.23
650,1336.3366666666666,-686.3366666666666
3215,4087.27,-872.27
1949,2398.733333333333,-449.7333333333331
2324,13449.353333333333,-11125.353333333333
28233,29856.386666666665,-1623.3866666666654
22733,24240.16,-1507.1599999999999
48325,46682.67333333333,1642.3266666666677
8953,15745.54,-6792.540000000001
9476,10130.783333333333,-654.7833333333328
39769,44763.19666666666,-4994.196666666663
8887,8603.31,283.6900000000005
13850,13397.923333333334,452.0766666666659
46874,40099.29666666667,6774.703333333331
20258,21224.83722222222,-966.8372222222206
29525,29050.073333333334,474.9266666666663
37268,33669.44,3598.5599999999977
10479,10712.456666666667,-233.45666666666693
24328,31339.18666666667,-7011.186666666668
23769,18489.433333333334,5279.566666666666
2785,4995.883333333333,-2210.883333333333
2922,3215.766666666667,-293.7666666666669
4936,3790.87,1145.13
4105,4993.746666666667,-888.7466666666669
57077,55047.38,2029.6200000000026
50759,51687.99,-928.989999999998
46530,27555.61,18974.39
33721,33968.56333333333,-247.56333333333168
40778,39962.36,815.6399999999994
21549,25116.68,-3567.6800000000003
9830,12153.14,-2323.1399999999994
6903,7741.713333333333,-838.7133333333331
5774,6388.266666666666,-614.2666666666664
28181,28747.08,-566.0800000000017
31446,7375.213333333333,24070.786666666667
10774,10688.81,85.19000000000051
26085,26207.456666666665,-122.45666666666511
12667,11762.043333333333,904.9566666666669
16501,15742.79,758.2099999999991
22543,20715.183333333334,1827.8166666666657
20296,21529.08,-1233.0800000000017
10774,10255.79,518.2099999999991
29720,29941.74,-221.7400000000016
27865,27965.283333333333,-100.28333333333285
20306,18210.95,2095.0499999999993
4392,4632.0633333333335,-240.0633333333335
17581,20280.55,-2699.5499999999993
33688,33596.666666666664,91.33333333333576
33427,31617.62,1809.380000000001
10819,11128.58,-309.5799999999999
16986,19434.463333333333,-2448.463333333333
6592,7706.3133333333335,-1114.3133333333335
2765,7421.513333333333,-4656.513333333333
24974,26254.926666666666,-1280.9266666666663
38836,34795.41,4040.5899999999965
1299,1500.2366666666667,-201.23666666666668
31443,31413.866666666665,29.13333333333503
2256,2145.63,110.36999999999989
4399,5500.77,-1101.7700000000004
48109,40573.64166666667,7535.35833333333
42810,44018.46055555556,-1208.4605555555609
12683,13826.73,-1143.7299999999996
2598,3363.233333333333,-765.2333333333331
70015,69253.98666666666,761.013333333336
22646,22716.443333333333,-70.4433333333327
18051,18398.256666666668,-347.256666666668
17500,19765.47,-2265.470000000001
42093,42048.87666666666,44.12333333333663
71389,71097.26333333334,291.73666666666395
12292,19737.51,-7445.509999999998
492,2231.9333333333334,-1739.9333333333334
18167,21439.52666666667,-3272.5266666666685
38117,37273.8,843.1999999999971
37519,38066.293333333335,-547.2933333333349
5660,7327.0233333333335,-1667.0233333333335
6133,5996.083333333333,136.91666666666697
36561,36291.31333333333,269.6866666666683
2409,2755.33,-346.3299999999999
34751,34367.93,383.0699999999997
30474,24032.963333333333,6441.036666666667
810,1627.2966666666666,-817.2966666666666
59293,54513.28666666667,4779.713333333333
13647,21467.793333333335,-7820.793333333335
31358,29279.496666666666,2078.503333333334
973,1605.4933333333333,-632.4933333333333
20250,14551.38,5698.620000000001
1161,4635.883333333333,-3474.883333333333
22390,22811.41,-421.40999999999985
32916,27951.566666666666,4964.433333333334
44100,44343.46333333333,-243.46333333333314
18316,11886.796666666667,6429.203333333333
9054,8938.976666666667,115.02333333333263
13475,13728.513333333334,-253.51333333333423
52822,52159.84,662.1600000000035
27529,27559.8,-30.799999999999272
6186,13436.363333333333,-7250.363333333333
9794,9838.493333333334,-44.493333333333794
26452,26274.31,177.6899999999987
25430,25995.89,-565.8899999999994
36398,37222.676666666666,-824.6766666666663
70618,70547.99,70.00999999999476
2945,6526.703333333333,-3581.703333333333
31116,19266.273333333334,11849.726666666666
12508,12468.95,39.04999999999927
21769,21486.683333333334,282.3166666666657
23546,23623.423333333332,-77.42333333333227
3074,2848.32,225.67999999999984
2296,1920.94,375.05999999999995
41635,39441.47666666667,2193.523333333331
35838,27719.616666666665,8118.383333333335
3752,3866.5733333333333,-114.57333333333327
11718,28456.416666666668,-16738.416666666668
18157,16951.156666666666,1205.8433333333342
35488,35323.85333333333,164.14666666666744
18751,18426.593333333334,324.40666666666584
79134,72727.14666666667,6406.853333333333
27122,25887.47,1234.5299999999988
170,8066.64,-7896.64
8106,16886.26,-8780.259999999998
67296,8252.07,59043.93
7937,16999.8575,-9062.857499999998
6435,7876.51,-1441.5100000000002
1293,2370.6466666666665,-1077.6466666666665
26492,26045.826666666668,446.17333333333227
15195,11281.766666666666,3913.2333333333336
3292,3339.6366666666668,-47.63666666666677
54598,52846.25,1751.75
2922,3236.9533333333334,-314.9533333333334
21069,23937.05861111111,-2868.0586111111115
3718,3404.9666666666667,313.0333333333333
15640,14958.106666666667,681.8933333333334
166,1172.5633333333333,-1006.5633333333333
30910,31009.726666666666,-99.72666666666555
20048,21165.756666666668,-1117.756666666668
36745,32375.986666666668,4369.013333333332
38280,38283.96,-3.959999999999127
25686,23261.413333333334,2424.586666666666
6967,7125.883333333333,-158.8833333333332
66654,65271.7611666667,1382.2388333333001
16959,15926.343333333334,1032.6566666666658
23453,23490.376666666667,-37.376666666667006
78246,31058.47444444444,47187.52555555556
5387,5996.93,-609.9300000000003
75753,40415.30555555556,35337.69444444444
35892,35373.776666666665,518.2233333333352
53163,52391.77611111111,771.2238888888896
17520,18157.386666666665,-637.3866666666654
41994,41265.51666666667,728.4833333333299
4715,4586.943333333334,128.0566666666664
47281,44330.48166666667,2950.5183333333334
8806,9283.073333333334,-477.0733333333337
35083,36591.04,-1508.0400000000009
12558,12959.796666666667,-401.7966666666671
649,1552.9533333333334,-903.9533333333334
11404,19299.636666666665,-7895.636666666665
47434,43827.41,3606.5899999999965
63898,46685.01,17212.989999999998
31774,30725.696666666667,1048.3033333333333
8439,14606.463333333333,-6167.463333333333
1135,42330.566666666666,-41195.566666666666
76744,73715.60666666667,3028.393333333326
44341,44538.386666666665,-197.3866666666654
37415,37726.99333333333,-311.993333333332
69545,65612.72,3932.279999999999
8788,8044.006666666667,743.9933333333329
2598,3587.116666666667,-989.1166666666668
18267,18979.933333333334,-712.9333333333343
58950,47849.94666666666,11100.053333333337
4566,6666.953333333333,-2100.953333333333
41663,34495.25,7167.75
1979,2777.81,-798.81
27019,30514.143333333333,-3495.1433333333334
18435,18993.633333333335,-558.633333333335
31383,18860.74,12522.259999999998
49901,48429.073333333334,1471.9266666666663
13700,13465.65,234.35000000000036
24813,25995.57533333333,-1182.5753333333305
23470,22877.705555555553,592.2944444444474
5588,6038.176666666666,-450.1766666666663
13462,15526.84,-2064.84
33097,30806.283333333333,2290.716666666667
2297,2456.88,-159.8800000000001
25618,25778.88,-160.88000000000102
37399,30460.243333333332,6938.756666666668
9602,16950.241666666665,-7348.241666666665
477,1082.5433333333333,-605.5433333333333
74927,73938.86666666667,988.1333333333314
0,12621.83,-12621.83
18202,27060.366666666665,-8858.366666666665
9378,9006.43,371.5699999999997
23910,23346.04,563.9599999999991
49657,43271.85,6385.1500000000015
24242,23967.45,274.5499999999993
32730,22260.8,10469.2
320,1864.5833333333333,-1544.5833333333333
19597,20351.626666666667,-754.626666666667
13902,9864.73,4037.2700000000004
8087,13665.883333333333,-5578.883333333333
7282,7672.2733333333335,-390.27333333333354
48419,47874.89833333333,544.1016666666692
5256,2353.2233333333334,2902.7766666666666
1616,15155.896666666667,-13539.896666666667
6876,6880.256666666667,-4.256666666667115
5596,6722.056666666666,-1126.0566666666664
29240,29340.683333333334,-100.6833333333343
969,1119.4633333333334,-150.46333333333337
26184,26507.33,-323.33000000000175
51637,48779.16333333333,2857.8366666666698
30634,25975.216666666667,4658.783333333333
30085,29802.31333333333,282.6866666666683
31459,31684.1,-225.09999999999854
3151,7503.876666666667,-4352.876666666667
482,1701.2266666666667,-1219.2266666666667
49359,48787.40666666667,571.5933333333305
70083,69375.13,707.8699999999953
68396,66678.49333333333,1717.506666666668
28873,28771.576666666668,101.42333333333227
1462,1479.63,-17.63000000000011
5425,6758.173333333333,-1333.1733333333332
4376,6683.326666666667,-2307.326666666667
10407,22070.523333333334,-11663.523333333334
161,4821.653333333334,-4660.653333333334
13391,13325.56,65.44000000000051
15444,14085.156666666666,1358.8433333333342
11379,27926.193333333333,-16547.193333333333
2458,3183.29,-725.29
52636,52139.53333333333,496.46666666666715
68723,66108.81,2614.1900000000023
17175,30649.247777777775,-13474.247777777775
4851,5698.6,-847.6000000000004
12390,14523.39,-2133.3899999999994
44765,42472.31,2292.6900000000023
24223,25510.016666666666,-1287.0166666666664
14652,17341.376666666667,-2689.376666666667
5122,5702.736666666667,-580.7366666666667
4403,4800.576666666667,-397.5766666666668
38199,38770.55333333334,-571.5533333333369
48873,35417.897777777776,13455.102222222224
5491,5657.95,-166.94999999999982
991,3292.403333333333,-2301.403333333333
37018,37084.583333333336,-66.58333333333576
30877,32173.50527777778,-1296.5052777777782
976,3674.556666666667,-2698.556666666667
21551,21727.446666666667,-176.44666666666672
45341,39452.90666666667,5888.0933333333305
7011,5786.25,1224.75
11655,15531.716666666667,-3876.716666666667
8058,7711.88,346.1199999999999
14740,16381.893333333333,-1641.8933333333334
14728,14039.043333333333,688.9566666666669
36066,34419.35333333333,1646.6466666666674
32823,32836.78333333333,-13.783333333332848
9912,7214.643333333333,2697.3566666666666
21176,19676.773333333334,1499.2266666666656
11907,11590.643333333333,316.35666666666657
27253,28512.866666666665,-1259.866666666665
7997,9660.91,-1663.9099999999999
31854,29413.296666666665,2440.7033333333347
74601,74852.65666666666,-251.6566666666622
11034,11512.73,-478.72999999999956
27190,25334.57,1855.4300000000003
77448,56347.51,21100.489999999998
6931,11035.71,-4104.709999999999
3732,7683.823333333334,-3951.8233333333337
33408,28359.66,5048.34
76615,44005.19666666666,32609.803333333337
39924,33608.443333333336,6315.556666666664
69747,69480.06666666667,266.9333333333343
28889,28834.323333333334,54.67666666666628
32496,32371.143333333333,124.85666666666657
63599,62982.676666666666,616.3233333333337
19538,18508.49,1029.5099999999984
34723,33817.846666666665,905.1533333333355
36508,31349.61,5158.389999999999
1916,4353.043333333333,-2437.043333333333
16051,26707.031666666666,-10656.031666666666
31091,29664.346666666668,1426.6533333333318
23043,27959.12,-4916.119999999999
25556,25480.833333333332,75.16666666666788
34100,36639.193333333336,-2539.1933333333363
15440,14131.166666666666,1308.833333333334
32935,27618.196666666667,5316.803333333333
43876,37385.45444444444,6490.54555555556
16986,17142.843333333334,-156.84333333333416
59434,54951.95333333333,4482.046666666669
1876,4578.803333333333,-2702.8033333333333
1295,42565.503333333334,-41270.503333333334
8224,8534.55,-310.5499999999993
4561,5700.92,-1139.92
58363,55348.35333333333,3014.6466666666674
22421,21819.47333333333,601.5266666666685
7536,7834.466666666666,-298.46666666666624
498,2589.95,-2091.95
19101,19547.486666666668,-446.4866666666676
498,5240.246666666667,-4742.246666666667
12846,14017.79,-1171.7900000000009
45670,43915.746666666666,1754.253333333334
12458,11271.106666666667,1186.8933333333334
11385,11617.183333333332,-232.18333333333248
31343,28985.23,2357.7700000000004
25204,26416.023333333334,-1212.0233333333344
163,591.07,-428.07000000000005
51378,44056.39,7321.610000000001
5857,7551.69,-1694.6899999999996
15325,6270.246666666667,9054.753333333334
36337,35944.40666666667,392.5933333333305
17890,17479.983333333334,410.0166666666664
30163,30038.786666666667,124.21333333333314
53733,51447.581666666665,2285.418333333335
10207,29960.63,-19753.63
14400,13509.856666666667,890.1433333333334
12692,14049.273333333333,-1357.2733333333326
1629,18632.923333333332,-17003.923333333332
7049,8404.03,-1355.0300000000007
38522,38563.66,-41.66000000000349
48809,43940.79,4868.209999999999
23870,22191.09,1678.9099999999999
18003,29648.52,-11645.52
11325,11775.673333333334,-450.6733333333341
13368,13391.51,-23.51000000000022
14673,12528.373333333333,2144.626666666667
23300,20660.44,2639.5600000000013
50712,51995.38333333333,-1283.3833333333314
11189,11129.363333333333,59.636666666667224
25261,28291.573333333334,-3030.5733333333337
10076,11792.586666666666,-1716.5866666666661
80051,48827.601111111115,31223.398888888885
7205,7532.04,-327.03999999999996
2771,2912.2933333333335,-141.29333333333352
16899,16937.466666666667,-38.46666666666715
7301,8374.006666666666,-1073.0066666666662
17041,19076.593333333334,-2035.5933333333342
55557,55095.74333333333,461.256666666668
2460,3198.3033333333333,-738.3033333333333
17214,17951.546666666665,-737.5466666666653
37207,30185.87,7021.130000000001
3565,4103.566666666667,-538.5666666666666
13368,13538.596666666666,-170.59666666666635
2477,2097.383333333333,379.6166666666668
9854,10529.306666666667,-675.3066666666673
40185,40029.32666666667,155.67333333333227
40470,43263.58,-2793.5800000000017
13754,15088.226666666667,-1334.2266666666674
6873,6519.9366666666665,353.0633333333335
7501,9655.343333333334,-2154.343333333334
71113,71132.28666666667,-19.28666666666686
11381,10861.766666666666,519.2333333333336
10186,10047.953333333333,138.04666666666708
19146,18397.366666666665,748.633333333335
24539,24622.15,-83.15000000000146
3825,18164.97649206349,-14339.976492063492
7495,16427.99,-8932.990000000002
10675,10633.373333333333,41.626666666667006
34461,34379.77,81.2300000000032
9879,10177.91,-298.90999999999985
26243,25594.47,648.5299999999988
4773,3153.2633333333333,1619.7366666666667
62318,58738.486666666664,3579.513333333336
42848,42699.24,148.76000000000204
6072,5784.246666666667,287.7533333333331
11239,7893.836666666667,3345.163333333333
13628,15226.43,-1598.4300000000003
15835,6703.836666666667,9131.163333333334
17164,17909.586666666666,-745.5866666666661
4810,7330.906666666667,-2520.9066666666668
19649,16504.82,3144.1800000000003
27067,27107.386666666665,-40.386666666665406
34368,32109.166666666668,2258.833333333332
29213,32912.333333333336,-3699.3333333333358
12991,12878.413333333334,112.58666666666613
9044,9060.453333333333,-16.45333333333292
12944,13330.86,-386.8600000000006
74389,71492.43666666666,2896.563333333339
62267,60478.92,1788.0800000000017
56377,49931.88,6445.120000000003
662,3467.94,-2805.94
41312,41290.933333333334,21.066666666665697
36358,21283.753333333334,15074.246666666666
12954,12752.163333333334,201.83666666666613
9121,8958.806666666667,162.1933333333327
32330,32436.716666666667,-106.71666666666715
11841,26249.386666666665,-14408.386666666665
5214,5416.303333333333,-202.30333333333328
26428,27565.693333333333,-1137.6933333333327
46755,41637.096666666665,5117.9033333333355
38503,31462.986666666668,7040.013333333332
13835,13424.633333333333,410.3666666666668
3150,4199.443333333334,-1049.4433333333336
170,3483.5,-3313.5
34875,35048.9,-173.90000000000146
6269,7245.26,-976.2600000000002
53305,43520.37,9784.629999999997
3914,5415.793333333333,-1501.793333333333
4895,5540.13,-645.1300000000001
51301,48336.263333333336,2964.736666666664
14567,13125.59,1441.4099999999999
17872,17796.716666666667,75.28333333333285
2787,4394.706666666667,-1607.706666666667
9216,9694.023333333333,-478.02333333333263
9562,9438.563333333334,123.4366666666665
35262,31550.27666666667,3711.7233333333315
13245,13389.196666666667,-144.19666666666672
3408,3992.516666666667,-584.5166666666669
51961,51120.23,840.7699999999968
28069,28328.523333333334,-259.52333333333445
63243,58639.0325,4603.967499999999
30004,29222.843333333334,781.1566666666658
7208,7270.1866666666665,-62.1866666666665
37793,35658.71333333333,2134.286666666667
12220,19122.79,-6902.790000000001
69849,67570.20333333334,2278.7966666666616
38249,37983.3,265.6999999999971
25509,19991.123333333333,5517.876666666667
16993,28348.683333333334,-11355.683333333334
16535,19147.97333333333,-2612.9733333333315
35295,35282.246666666666,12.753333333334012
27083,40079.78,-12996.779999999999
9435,9995.143333333333,-560.1433333333334
38493,38447.56,45.44000000000233
6466,8339.51,-1873.5100000000002
3694,4557.706666666667,-863.7066666666669
7476,8282.04,-806.0400000000009
17600,14672.533333333333,2927.466666666667
28443,30557.883333333335,-2114.883333333335
49094,47430.23333333333,1663.76666666667
17276,15016.653333333334,2259.3466666666664
44357,43071.846666666665,1285.1533333333355
27504,28266.766666666666,-762.7666666666664
22214,24592.066666666666,-2378.0666666666657
13018,13345.383333333333,-327.3833333333332
7741,7247.026666666667,493.97333333333336
15156,17721.74,-2565.7400000000016
8443,8575.033333333333,-132.03333333333285
14568,10984.176666666666,3583.8233333333337
8480,9081.99,-601.9899999999998
8931,8788.723333333333,142.27666666666664
55094,53993.473333333335,1100.5266666666648
47449,45583.39,1865.6100000000006
12522,13301.02,-779.0200000000004
21064,19950.036666666667,1113.9633333333331
26683,27364.63,-681.630000000001
19678,19636.253333333334,41.74666666666599
24222,22052.196666666667,2169.8033333333333
10060,9709.11,350.8899999999994
13791,16735.17,-2944.1699999999983
1120,1985.31,-865.31
1462,1703.08,-241.07999999999993
59587,58718.38,868.6200000000026
32211,33690.08666666667,-1479.0866666666698
14186,14013.83,172.17000000000007
72184,71236.35333333333,947.6466666666674
6765,6571.97,193.02999999999975
2420,2853.1033333333335,-433.10333333333347
12649,14081.28,-1432.2800000000007
32644,34024.83666666667,-1380.8366666666698
30765,27261.81,3503.1899999999987
31738,31528.04,209.95999999999913
36462,36296.95,165.0500000000029
13752,14057.56,-305.5599999999995
4874,7147.203333333333,-2273.203333333333
22328,22127.303333333333,200.69666666666672
10035,8852.653333333334,1182.3466666666664
7987,7927.483333333334,59.516666666666424
2949,4543.98,-1594.9799999999996
22624,22469.87,154.13000000000102
1296,1880.9066666666668,-584.9066666666668
24580,23695.61,884.3899999999994
38851,38678.88333333333,172.1166666666686
13419,31384.236666666668,-17965.236666666668
41254,21373.603333333333,19880.396666666667
1811,2700.18,-889.1799999999998
326,1665.9766666666667,-1339.9766666666667
21711,26751.24785714286,-5040.247857142858
38716,38304.0,412.0
17725,17718.103333333333,6.896666666667443
483,2030.4433333333334,-1547.4433333333334
9991,10571.536666666667,-580.5366666666669
8439,8354.133333333333,84.86666666666679
10075,11990.023333333333,-1915.0233333333326
5653,5853.746666666667,-200.7466666666669
16335,13754.183333333332,2580.8166666666675
17360,18043.18666666667,-683.1866666666683
5316,7577.953333333333,-2261.953333333333
4390,2067.9666666666667,2322.0333333333333
5503,4586.836666666667,916.163333333333
28809,23398.203333333335,5410.796666666665
2780,2970.056666666667,-190.05666666666684
6290,5568.033333333334,721.9666666666662
50333,50367.52258730159,-34.52258730158792
2584,4446.403333333334,-1862.4033333333336
57517,57005.5,511.5
9121,11917.156666666666,-2796.156666666666
13415,13512.23,-97.22999999999956
17483,17220.85,262.15000000000146
1293,16123.283333333333,-14830.283333333333
20683,20512.02,170.97999999999956
19596,19413.343333333334,182.65666666666584
646,764.0033333333333,-118.00333333333333
12184,21833.401111111114,-9649.401111111114
51888,36758.105,15129.894999999997
49938,49727.76666666667,210.23333333332994
34429,38994.78666666667,-4565.786666666667
68689,56366.78666666667,12322.213333333333
1155,3112.65,-1957.65
1949,1918.3266666666666,30.673333333333403
19760,19070.216666666667,689.7833333333328
24124,23123.056666666667,1000.9433333333327
14503,14539.876666666667,-36.876666666667006
77159,77098.68333333333,60.3166666666657
35393,27339.373333333333,8053.626666666667
10656,11605.506666666666,-949.5066666666662
18598,18655.543333333335,-57.543333333334886
7357,6721.823333333334,635.1766666666663
43525,42729.096666666665,795.9033333333355
4278,3458.806666666667,819.1933333333332
11131,11120.6,10.399999999999636
49402,44282.97666666667,5119.023333333331
43341,43432.55,-91.55000000000291
7987,11453.836666666666,-3466.836666666666
982,1631.49,-649.49
54912,45629.33,9282.669999999998
17018,5527.65,11490.35
29877,25587.4,4289.5999999999985
12784,14769.263333333334,-1985.2633333333342
27321,23682.04,3638.959999999999
7269,8735.7,-1466.7000000000007
77172,74704.13666666667,2467.8633333333273
20880,21728.613333333335,-848.6133333333346
5939,7875.28,-1936.2799999999997
25062,24101.48,960.5200000000004
4959,4891.27,67.72999999999956
13429,14669.473333333333,-1240.4733333333334
19470,18848.623333333333,621.376666666667
30664,30448.32,215.6800000000003
33736,33522.62333333334,213.37666666666337
18811,25314.646666666667,-6503.646666666667
65540,65374.17,165.83000000000175
50225,59330.206666666665,-9105.206666666665
44375,43126.41,1248.5899999999965
7653,8967.153333333334,-1314.1533333333336
15705,26235.246666666666,-10530.246666666666
17092,20405.286666666667,-3313.286666666667
9124,11746.636666666667,-2622.636666666667
7329,7435.13,-106.13000000000011
4696,4532.456666666667,163.54333333333307
27529,27966.093333333334,-437.09333333333416
17389,15519.423333333334,1869.576666666666
42709,42406.82555555556,302.1744444444412
47014,46680.786944444444,333.2130555555559
0,4170.546666666667,-4170.546666666667
3264,8421.126666666667,-5157.126666666667
69623,68448.15333333334,1174.8466666666645
21123,25351.89,-4228.889999999999
18267,13488.343333333334,4778.656666666666
26871,25600.693333333333,1270.3066666666673
53037,40819.86666666667,12217.133333333331
17227,12692.916666666666,4534.083333333334
1636,1934.35,-298.3499999999999
1944,5271.953333333333,-3327.953333333333
74613,64310.27333333333,10302.72666666667
20260,20703.46,-443.4599999999991
35909,35229.31333333333,679.6866666666683
19401,21533.06333333333,-2132.0633333333317
502,11348.306666666667,-10846.306666666667
6780,6536.713333333333,243.28666666666686
9874,21801.616666666665,-11927.616666666665
1940,14828.533333333333,-12888.533333333333
55660,47737.28666666667,7922.713333333333
45007,43721.263333333336,1285.736666666664
40728,40139.83666666667,588.1633333333302
64715,60931.056666666664,3783.9433333333363
21769,24171.91,-2402.91
35405,35693.77,-288.7699999999968
12300,13854.58,-1554.58
9234,11439.256666666666,-2205.256666666666
18630,21251.81,-2621.8100000000013
6540,6401.183333333333,138.8166666666666
16168,16703.11,-535.1100000000006
4201,3033.556666666667,1167.4433333333332
62757,60261.05571031746,2495.944289682542
9279,20043.144666666667,-10764.144666666667
63632,62828.846666666665,803.1533333333355
16195,17058.953333333335,-863.9533333333347
30539,31540.829444444447,-1001.8294444444473
47937,47380.12666666666,556.8733333333366
29146,29463.463333333333,-317.46333333333314
66249,57583.46,8665.54
19371,18585.46,785.5400000000009
42784,36333.543333333335,6450.456666666665
19980,25066.106666666667,-5086.106666666667
54468,53359.09,1108.9100000000035
13526,31117.433333333334,-17591.433333333334
32181,31417.966666666667,763.0333333333328
11741,11200.933333333332,540.0666666666675
2810,4366.766666666666,-1556.7666666666664
60395,60094.18,300.8199999999997
1616,2168.8433333333332,-552.8433333333332
40021,34755.613333333335,5265.386666666665
36943,32343.65,4599.3499999999985
12184,12127.59,56.409999999999854
2328,20740.003333333334,-18412.003333333334
25275,25054.766666666666,220.23333333333358
27861,29432.333333333332,-1571.3333333333321
491,3099.1633333333334,-2608.1633333333334
27253,26744.673333333332,508.32666666666773
5335,7298.2733333333335,-1963.2733333333335
12677,12774.11,-97.11000000000058
39126,30882.923333333332,8243.076666666668
46811,47619.07666666667,-808.0766666666677
30244,26744.013333333332,3499.9866666666676
42159,42111.64666666667,47.35333333333256
36098,36892.21333333333,-794.2133333333331
34107,34006.83,100.16999999999825
36894,32743.18666666667,4150.813333333332
66322,61112.50244444445,5209.49755555555
35822,36191.89666666667,-369.89666666666744
9525,38931.87333333334,-29406.873333333337
1654,4315.35,-2661.3500000000004
9937,9799.08,137.92000000000007
45925,43394.166666666664,2530.8333333333358
22603,25910.66,-3307.66
37185,37426.07555555555,-241.07555555555155
10363,9907.483333333334,455.5166666666664
10368,8779.476666666667,1588.5233333333326
651,2892.01,-2241.01
7898,7676.933333333333,221.0666666666666
22622,24727.66,-2105.66
3097,8561.06,-5464.0599999999995
11005,11188.823333333334,-183.82333333333372
33891,33052.153333333335,838.8466666666645
18817,19031.726666666666,-214.72666666666555
11251,11320.693333333333,-69.6933333333327
12929,12610.43,318.5699999999997
29799,29445.293333333335,353.7066666666651
28412,29251.64,-839.6399999999994
24435,24369.86,65.13999999999942
42563,37963.82,4599.18
28352,28167.45,184.54999999999927
60001,53681.23,6319.769999999997
35230,35213.165888888885,16.834111111114908
4821,7233.626666666667,-2412.626666666667
15891,15808.24,82.76000000000022
51841,51558.84083333332,282.1591666666791
8130,15724.12,-7594.120000000001
21950,22925.403333333332,-975.4033333333318
9447,9974.213333333333,-527.2133333333331
62583,51812.51,10770.489999999998
44194,44014.87,179.12999999999738
41891,39934.52,1956.4800000000032
37630,37699.746666666666,-69.74666666666599
2297,2824.38,-527.3800000000001
1617,2127.69,-510.69000000000005
13810,16122.403333333334,-2312.4033333333336
1284,3500.233333333333,-2216.233333333333
36462,36329.46666666667,132.53333333333285
12056,12072.44,-16.44000000000051
3245,5004.233333333334,-1759.2333333333336
8640,8513.323333333334,126.67666666666628
20914,23026.3,-2112.2999999999993
24584,20331.7,4252.299999999999
28244,29362.946666666667,-1118.9466666666667
19002,19951.54,-949.5400000000009
42057,37605.39333333333,4451.606666666667
17647,21844.273333333334,-4197.273333333334
7088,7424.92,-336.9200000000001
3424,4651.11,-1227.1099999999997
1636,2073.5733333333333,-437.57333333333327
5534,5127.87,406.1300000000001
15996,16116.716666666667,-120.71666666666715
2464,2628.5333333333333,-164.5333333333333
17933,17797.583333333332,135.41666666666788
172,5680.616666666667,-5508.616666666667
50925,50389.46333333333,535.5366666666669
45961,42523.05333333334,3437.946666666663
9869,10026.186666666666,-157.1866666666665
23280,21600.83,1679.1699999999983
31251,31610.16,-359.15999999999985
22746,22403.256666666668,342.743333333332
8140,9026.133333333333,-886.1333333333332
5008,5529.08,-521.0799999999999
31751,33226.47,-1475.4700000000012
12458,13007.746666666666,-549.746666666666
26560,26610.246666666666,-50.24666666666599
41937,41881.35666666667,55.64333333333343
36405,33340.026666666665,3064.973333333335
70173,66643.929,3529.0709999999963
11335,11333.24,1.7600000000002183
47111,46904.84333333333,206.15666666666948
8140,11250.773333333333,-3110.7733333333326
22225,21818.613333333335,406.3866666666654
51851,52465.27,-614.2699999999968
33066,26079.86,6986.139999999999
33575,30520.886666666665,3054.1133333333346
4875,5350.16,-475.15999999999985
5169,7368.213333333333,-2199.213333333333
6898,8936.896666666667,-2038.8966666666674
2765,3081.95,-316.9499999999998
24739,24538.116666666665,200.88333333333503
20433,20139.606666666667,293.39333333333343
483,1097.1266666666668,-614.1266666666668
3425,3829.73,-404.73
1296,1537.72,-241.72000000000003
5660,16506.253333333334,-10846.253333333334
17628,5374.806666666666,12253.193333333333
41364,37859.916666666664,3504.0833333333358
16817,17836.24,-1019.2400000000016
6169,5720.1466666666665,448.85333333333347
38261,38353.52,-92.5199999999968
60402,54709.583333333336,5692.416666666664
16500,21023.616666666665,-4523.616666666665
8589,8626.886666666667,-37.886666666667224
12716,19725.696666666667,-7009.696666666667
828,2622.58,-1794.58
2328,9056.763333333334,-6728.763333333334
19146,19469.543333333335,-323.5433333333349
4730,5547.67,-817.6700000000001
3452,3680.66,-228.65999999999985
18853,24122.143333333333,-5269.143333333333
34065,33940.34,124.66000000000349
58633,53994.206666666665,4638.793333333335
14350,13694.843333333334,655.1566666666658
25510,23516.51,1993.4900000000016
15527,17935.786666666667,-2408.786666666667
2931,12749.51,-9818.51
1630,4609.97,-2979.9700000000003
7608,7980.176666666666,-372.1766666666663
47980,48019.07,-39.06999999999971
42674,43643.55333333334,-969.5533333333369
53527,51489.88333333333,2037.1166666666686
33260,33689.52333333333,-429.5233333333308
2444,2335.91,108.09000000000015
18454,19222.046666666665,-768.0466666666653
20574,17899.056666666667,2674.9433333333327
20760,21050.37,-290.369999999999
3452,3049.0466666666666,402.9533333333334
23879,25101.653333333332,-1222.6533333333318
16332,14719.513333333334,1612.4866666666658
41984,44576.09,-2592.0899999999965
32102,31769.933333333334,332.0666666666657
16961,17565.083333333332,-604.0833333333321
14142,15037.723333333333,-895.7233333333334
7033,6211.47,821.5299999999997
26530,26781.636666666665,-251.6366666666654
6706,6658.8133333333335,47.1866666666665
33099,27499.81,5599.189999999999
60253,58058.496666666666,2194.503333333334
10679,10512.896666666667,166.10333333333256
69983,69577.17666666667,405.8233333333337
49971,50295.28,-324.27999999999884
28563,28488.413333333334,74.58666666666613
26383,28066.793333333335,-1683.7933333333349
35493,31847.08,3645.9199999999983
28566,26920.346666666668,1645.6533333333318
71304,63645.80333333334,7658.196666666663
22646,19871.493333333332,2774.506666666668
45045,44636.62333333334,408.37666666666337
69496,66926.97876984127,2569.0212301587308
27872,28590.806666666667,-718.8066666666673
22048,22299.88,-251.88000000000102
4838,5112.68,-274.6800000000003
8215,7150.2733333333335,1064.7266666666665
22384,22659.76,-275.7599999999984
6246,6197.046666666667,48.95333333333292
65995,64961.589499999995,1033.4105000000054
44172,43802.15144444444,369.84855555555987
14725,26403.08,-11678.080000000002
11839,12104.51,-265.5100000000002
20150,20614.896666666667,-464.89666666666744
15337,14950.626666666667,386.373333333333
14557,16040.41,-1483.4099999999999
1487,4710.1,-3223.1000000000004
35441,25030.373333333333,10410.626666666667
71449,71418.74,30.25999999999476
55859,41148.66333333333,14710.33666666667
35822,37764.96333333333,-1942.9633333333331
57100,56969.513333333336,130.48666666666395
15102,14382.233333333334,719.7666666666664
16553,10151.53,6401.469999999999
15325,15958.15,-633.1499999999996
27241,23551.43,3689.5699999999997
41635,38011.403333333335,3623.5966666666645
24768,24865.126666666667,-97.126666666667
2132,2803.11,-671.1100000000001
20145,19283.333333333332,861.6666666666679
48556,46281.71666666667,2274.283333333333
36239,32447.283333333333,3791.716666666667
6123,6997.883333333333,-874.8833333333332
27968,27689.82,278.1800000000003
45913,45435.74507407407,477.2549259259322
16830,16532.81,297.1899999999987
9546,9581.17,-35.17000000000007
58659,30061.49,28597.51
10235,8307.786666666667,1927.2133333333331
43664,42034.64666666667,1629.3533333333326
65455,64367.15,1087.8499999999985
72804,72236.61333333333,567.3866666666727
46413,33208.23,13204.769999999997
35765,37621.14333333333,-1856.1433333333334
24413,23903.996666666666,509.003333333334
64485,15143.84,49341.16
10202,10607.023333333333,-405.02333333333263
13754,16423.61,-2669.6100000000006
486,1757.48,-1271.48
28515,28177.613333333335,337.3866666666654
18160,31540.803333333333,-13380.803333333333
26675,25934.753333333334,740.246666666666
6458,9371.223333333333,-2913.2233333333334
33317,33618.82,-301.8199999999997
54235,52880.425,1354.574999999997
21751,20056.336666666666,1694.6633333333339
34249,34981.003333333334,-732.003333333334
76995,76931.19666666667,63.80333333332965
17818,12369.696666666667,5448.303333333333
14442,14504.663333333334,-62.66333333333387
57938,55908.23333333333,2029.76666666667
44728,42176.683333333334,2551.3166666666657
18953,19299.883333333335,-346.88333333333503
7160,9895.468888888889,-2735.4688888888886
50515,40496.636666666665,10018.363333333335
15789,12981.44,2807.5599999999995
36299,36173.566666666666,125.4333333333343
4189,4427.38,-238.3800000000001
34917,34010.44,906.5599999999977
6306,4470.75,1835.25
323,469.63666666666666,-146.63666666666666
637,3742.5233333333335,-3105.5233333333335
8920,10169.78,-1249.7800000000007
4531,5811.46,-1280.46
48871,46990.326111111106,1880.673888888894
74713,75121.77,-408.7700000000041
8939,9207.206666666667,-268.20666666666693
20574,22773.38111111111,-2199.38111111111
4076,6471.3116666666665,-2395.3116666666665
1971,3180.1833333333334,-1209.1833333333334
26275,25485.696666666667,789.3033333333333
58960,51696.45,7263.550000000003
29404,29590.863333333335,-186.8633333333346
18197,17651.143333333333,545.8566666666666
19973,24005.9,-4032.9000000000015
30129,31884.59,-1755.5900000000001
5232,15866.05,-10634.05
38932,35720.3,3211.699999999997
3948,3744.2033333333334,203.79666666666662
28610,28796.73,-186.72999999999956
7975,8108.203333333333,-133.20333333333292
1296,6897.8533333333335,-5601.8533333333335
37103,32666.226666666666,4436.773333333334
28914,29130.953333333335,-216.95333333333474
12951,12388.41,562.5900000000001
34977,42937.253333333334,-7960.253333333334
25554,27696.5925,-2142.592499999999
70348,69303.45,1044.550000000003
16881,17761.163333333334,-880.1633333333339
35218,35363.75666666667,-145.75666666666802
6610,7765.643333333333,-1155.6433333333334
41683,36272.916666666664,5410.083333333336
19330,18464.486666666668,865.5133333333324
20093,17260.143333333333,2832.8566666666666
31934,28188.1,3745.9000000000015
5755,7081.486666666667,-1326.4866666666667
73582,72868.42,713.5800000000017
2748,2936.2166666666667,-188.2166666666667
67849,65737.18666666666,2111.813333333339
14229,9288.96,4940.040000000001
2139,2396.6766666666667,-257.67666666666673
9086,8860.906666666666,225.09333333333416
49463,40346.206666666665,9116.793333333335
2115,2206.866666666667,-91.86666666666679
18634,19422.52,-788.5200000000004
17972,17807.096666666668,164.90333333333183
15470,14975.223333333333,494.77666666666664
61245,63390.596666666665,-2145.5966666666645
17481,16234.15,1246.8500000000004
74293,60592.18,13700.82
1626,2152.5333333333333,-526.5333333333333
10060,10071.156666666666,-11.156666666665842
4626,4786.69,-160.6899999999996
10694,11371.063333333334,-677.0633333333335
36133,36158.066666666666,-25.066666666665697
12553,11899.726666666667,653.2733333333326
18130,18029.72333333333,100.27666666666846
44511,44155.18,355.8199999999997
16386,10845.76,5540.24
15673,14791.593333333334,881.4066666666658
66225,41127.41,25097.589999999997
34963,34872.43666666667,90.56333333333168
6795,10477.65,-3682.6499999999996
20061,22624.15,-2563.1500000000015
319,6633.03,-6314.03
27822,27977.136666666665,-155.1366666666654
19981,19814.426666666666,166.57333333333372
23043,25765.83,-2722.8300000000017
67188,40844.88333333333,26343.11666666667
34631,34689.47,-58.470000000001164
14506,20033.733333333334,-5527.733333333334
11057,9812.066666666668,1244.9333333333325
13605,13649.566666666668,-44.566666666667516
5787,7204.173333333333,-1417.1733333333332
2122,2548.3333333333335,-426.3333333333335
34722,30850.29,3871.709999999999
14757,14372.983333333334,384.0166666666664
11177,13592.003333333334,-2415.003333333334
4441,5221.293333333333,-780.2933333333331
1775,25651.06,-23876.06
2134,1849.0533333333333,284.9466666666667
11169,11280.136666666667,-111.13666666666722
20191,20027.236666666668,163.7633333333324
16686,19010.61,-2324.6100000000006
1156,1128.22,27.779999999999973
47119,47399.456666666665,-280.4566666666651
34752,14890.823333333334,19861.176666666666
10100,9954.926666666666,145.07333333333372
3310,3634.616666666667,-324.6166666666668
5873,7034.903333333334,-1161.9033333333336
26512,25622.78,889.2200000000012
9912,9881.453333333333,30.54666666666708
10586,9867.953333333333,718.0466666666671
28512,28672.673333333332,-160.67333333333227
4773,4067.923333333333,705.0766666666668
17154,18320.67,-1166.6699999999983
68229,33312.74,34916.26
60250,56222.79,4027.209999999999
35852,32591.333333333332,3260.666666666668
320,2541.2633333333333,-2221.2633333333333
22875,23682.876666666667,-807.876666666667
3562,3458.94,103.05999999999995
44163,42292.613333333335,1870.3866666666654
26280,26123.22333333333,156.77666666666846
18947,18971.87,-24.86999999999898
2581,2521.883333333333,59.11666666666679
12929,11044.443333333333,1884.5566666666673
68552,45776.268888888895,22775.731111111105
42259,39943.74,2315.260000000002
36412,31217.083333333332,5194.916666666668
36789,40731.1,-3942.0999999999985
5057,7400.206666666667,-2343.206666666667
75958,74035.08,1922.9199999999983
44831,44310.056666666664,520.9433333333363
13204,13355.223333333333,-151.22333333333336
59580,58614.37,965.6299999999974
662,3537.3333333333335,-2875.3333333333335
77977,77931.06,45.94000000000233
7025,8139.056666666666,-1114.0566666666664
42553,41062.66,1490.3399999999965
24520,23742.323333333334,777.6766666666663
7768,15337.03,-7569.030000000001
45476,45540.93,-64.93000000000029
14232,10603.666666666666,3628.333333333334
34415,34031.01666666667,383.98333333332994
49404,47801.36338888889,1602.6366111111129
12983,13609.073333333334,-626.0733333333337
21941,18438.226666666666,3502.7733333333344
61746,48081.09333333333,13664.90666666667
3782,4136.3133333333335,-354.3133333333335
79113,62920.526666666665,16192.473333333335
12370,11363.816666666668,1006.1833333333325
9040,9653.073333333334,-613.0733333333337
18550,18871.843333333334,-321.84333333333416
37863,35058.9,2804.0999999999985
4819,6194.13,-1375.13
14871,17217.97,-2346.970000000001
6360,7951.666666666667,-1591.666666666667
26317,21736.666666666668,4580.333333333332
6485,6508.11,-23.109999999999673
20499,20582.386666666665,-83.3866666666654
20393,20973.346666666668,-580.3466666666682
9045,5500.046666666667,3544.953333333333
38036,38134.013333333336,-98.01333333333605
6689,7996.606666666667,-1307.6066666666666
1936,2608.15,-672.1500000000001
35931,26771.98,9159.02
14851,12939.12,1911.8799999999992
1135,1471.8966666666668,-336.89666666666676
7910,9941.96,-2031.9599999999991
21058,16468.753333333334,4589.246666666666
9386,11314.58,-1928.58
6007,8402.646666666667,-2395.6466666666674
14104,13504.05,599.9500000000007
4657,6303.856666666667,-1646.8566666666666
45839,39142.98,6696.019999999997
7812,16340.446666666667,-8528.446666666667
8302,7102.996666666667,1199.003333333333
10347,10228.373333333333,118.626666666667
50871,51317.903333333335,-446.90333333333547
36958,36115.03333333333,842.9666666666672
16335,16305.18,29.81999999999971
4900,10649.963333333333,-5749.963333333333
42356,41867.69666666666,488.3033333333369
46065,41547.87666666666,4517.123333333337
5960,6273.376666666667,-313.376666666667
5514,5451.573333333334,62.42666666666628
1326,2007.95,-681.95
3049,3928.08,-879.0799999999999
40690,41590.62433333335,-900.6243333333477
22746,22450.783333333333,295.21666666666715
27360,27374.57,-14.569999999999709
9121,8686.976666666667,434.02333333333263
16623,18244.816666666666,-1621.8166666666657
23119,22824.68666666667,294.3133333333317
8413,10477.296666666667,-2064.296666666667
6427,7592.326666666667,-1165.3266666666668
18485,21688.296666666665,-3203.2966666666653
31173,30225.24,947.7599999999984
45548,43790.60666666667,1757.3933333333334
17481,17450.52666666667,30.47333333333154
17840,16551.99,1288.0099999999984
5177,7971.01,-2794.01
76674,75509.92666666667,1164.0733333333337
13493,13624.023333333333,-131.02333333333263
69578,68954.23333333334,623.7666666666628
29686,29533.903333333332,152.09666666666817
1786,1935.86,-149.8599999999999
3310,5334.57,-2024.5699999999997
25112,28033.19,-2921.1899999999987
31760,32038.508333333335,-278.50833333333503
59896,59602.16287301588,293.83712698412273
15557,15326.7,230.29999999999927
13048,8230.42,4817.58
18798,18408.096666666668,389.90333333333183
28349,28333.626666666667,15.373333333332994
14001,8901.106666666667,5099.893333333333
18085,19097.83,-1012.8300000000017
33082,26929.47,6152.529999999999
42562,35894.82777777778,6667.172222222223
41685,41910.42333333333,-225.42333333333227
47852,48651.53,-799.5299999999988
18255,19196.693333333333,-941.6933333333327
67272,66807.69,464.3099999999977
21358,34873.79666666667,-13515.796666666669
54591,52400.23333333333,2190.76666666667
15867,22403.003333333334,-6536.003333333334
25882,26422.56,-540.5600000000013
18525,18615.396666666667,-90.39666666666744
46120,45573.17333333333,546.8266666666677
49972,49734.956666666665,237.04333333333489
45432,40991.93666666667,4440.063333333332
43424,43032.75666666667,391.243333333332
35875,34357.4,1517.5999999999985
27940,26824.433333333334,1115.5666666666657
54584,54754.14666666667,-170.14666666666744
21286,21645.236666666668,-359.2366666666676
6133,10035.34,-3902.34
35054,34289.79,764.2099999999991
10986,11166.79,-180.79000000000087
6041,6256.266666666666,-215.26666666666642
8823,8829.586666666666,-6.586666666666133
27225,26811.543333333335,413.4566666666651
8967,8870.533333333333,96.46666666666715
17063,17921.296666666665,-858.2966666666653
10719,16023.946666666667,-5304.946666666667
16385,20266.7,-3881.7000000000007
7283,7165.393333333333,117.60666666666657
50802,49164.33,1637.6699999999983
45824,44686.653333333335,1137.3466666666645
43323,43720.096666666665,-397.09666666666453
72832,72381.5,450.5
7738,7678.92,59.07999999999993
38059,38856.996666666666,-797.996666666666
41829,44762.003333333334,-2933.003333333334
17198,20460.44,-3262.4399999999987
8234,6838.45,1395.5500000000002
3271,4739.6866666666665,-1468.6866666666665
45260,44159.05,1100.949999999997
6349,7784.466666666666,-1435.4666666666662
5880,9202.266666666666,-3322.2666666666664
2632,9047.763333333334,-6415.763333333334
1156,1859.58,-703.5799999999999
12597,12525.036666666667,71.96333333333314
48248,47200.42,1047.5800000000017
7930,8567.79,-637.7900000000009
5816,5696.816666666667,119.1833333333334
27835,26489.443333333333,1345.5566666666673
3147,4120.07,-973.0699999999997
17232,15359.24,1872.7600000000002
4367,4481.876666666667,-114.876666666667
1471,1657.43,-186.43000000000006
61704,60847.28333333333,856.7166666666672
14685,14134.35,550.6499999999996
53206,43973.76,9232.239999999998
14343,22243.14,-7900.139999999999
45248,45012.00166666667,235.99833333332936
30917,17906.94,13010.060000000001
75426,50710.60333333333,24715.396666666667
8141,9716.54,-1575.5400000000009
25063,24702.04,360.9599999999991
19728,19811.176666666666,-83.17666666666628
4526,4116.05,409.9499999999998
8474,8521.443333333333,-47.4433333333327
59410,59056.17,353.83000000000175
24743,23962.703333333335,780.2966666666653
11011,12186.39,-1175.3899999999994
15797,28149.44,-12352.439999999999
58942,58900.37333333334,41.62666666666337
1776,15382.593333333334,-13606.593333333334
20145,18893.236666666668,1251.7633333333324
24570,24291.613333333335,278.3866666666654
2161,5793.516666666666,-3632.5166666666664
24914,24028.123333333333,885.876666666667
29312,28747.173333333332,564.8266666666677
48653,49197.833333333336,-544.8333333333358
56042,43143.68,12898.32
7721,8567.763333333334,-846.7633333333342
12210,28489.09,-16279.09
37325,35877.37333333334,1447.6266666666634
61750,59981.276666666665,1768.7233333333352
17106,16728.12,377.880000000001
9881,10590.266666666666,-709.2666666666664
72213,64908.09,7304.9100000000035
46088,45170.40666666667,917.5933333333305
13849,15075.003333333334,-1226.003333333334
13505,18305.07,-4800.07
22454,24333.36,-1879.3600000000006
58279,57950.32888888888,328.6711111111217
34225,34351.50666666667,-126.50666666666802
32776,24637.896666666667,8138.103333333333
39532,33355.99333333333,6176.006666666668
28331,26182.96,2148.040000000001
4967,8738.196666666667,-3771.1966666666667
650,2207.383333333333,-1557.3833333333332
12458,12826.38,-368.3799999999992
24276,25092.923333333332,-816.9233333333323
66945,66207.35,737.6499999999942
8728,8619.936666666666,108.0633333333335
29077,29156.18666666667,-79.18666666666832
50393,49909.31333333333,483.6866666666683
62242,56591.04,5650.959999999999
11741,11453.986666666666,287.01333333333423
12525,12619.926666666666,-94.92666666666628
27527,21662.746666666666,5864.253333333334
14312,19162.886666666665,-4850.886666666665
61254,59892.781047619035,1361.2189523809648
18825,18779.793333333335,45.206666666665114
57965,57437.11,527.8899999999994
5096,2626.1433333333334,2469.8566666666666
42308,36466.1,5841.9000000000015
1962,2361.96,-399.96000000000004
29696,27799.143333333333,1896.8566666666666
16225,14657.69,1567.3099999999995
12347,12424.023333333333,-77.02333333333263
18537,18100.18666666667,436.8133333333317
40571,38481.056666666664,2089.9433333333363
8657,10338.376666666667,-1681.376666666667
35730,34906.503333333334,823.496666666666
31609,20475.796666666665,11133.203333333335
1149,4060.633333333333,-2911.633333333333
16160,17713.09,-1553.0900000000001
31496,31356.95,139.04999999999927
45993,44810.33666666667,1182.6633333333302
57724,56448.74,1275.260000000002
44219,44084.87,134.12999999999738
23418,22991.95,426.0499999999993
69218,65645.67333333334,3572.3266666666605
42457,41413.94444444444,1043.055555555562
34462,34655.79666666667,-193.7966666666689
14842,14712.88,129.1200000000008
7396,7859.456666666667,-463.45666666666693
16501,18468.49,-1967.4900000000016
17511,23753.18666666667,-6242.186666666668
39400,35720.083333333336,3679.9166666666642
20737,19782.64,954.3600000000006
22086,18376.43,3709.5699999999997
11480,10629.323333333334,850.6766666666663
9359,9884.92,-525.9200000000001
49887,46783.096666666665,3103.9033333333355
20665,20969.213333333333,-304.21333333333314
31944,29381.67,2562.3300000000017
31654,32661.076666666668,-1007.0766666666677
38249,37005.316666666666,1243.6833333333343
2598,2709.8433333333332,-111.84333333333325
33921,35983.1,-2062.0999999999985
71648,64299.96422222222,7348.035777777783
48707,40314.926666666666,8392.073333333334
36235,32641.366666666665,3593.633333333335
16792,17159.296666666665,-367.29666666666526
8841,8664.55,176.45000000000073
32273,32271.726666666666,1.273333333334449
44488,43092.29944444444,1395.7005555555588
19143,21425.36,-2282.3600000000006
45833,36226.00666666667,9606.993333333332
26408,26360.656666666666,47.34333333333416
37990,33075.89,4914.110000000001
28057,27945.343333333334,111.65666666666584
17354,11702.276666666667,5651.723333333333
44747,44333.26183333334,413.73816666666244
3936,4824.456666666667,-888.4566666666669
39907,39331.15666666667,575.8433333333305
18689,18610.29,78.70999999999913
42383,42022.34,360.6600000000035
11813,11728.576666666666,84.42333333333409
8954,10000.253333333334,-1046.253333333334
969,864.7966666666666,104.20333333333338
57804,57490.06333333333,313.9366666666683
7653,9608.453333333333,-1955.453333333333
8623,9232.533333333333,-609.5333333333328
9024,8941.853333333333,82.14666666666744
75851,75994.97666666667,-143.9766666666692
26368,24068.986666666668,2299.0133333333324
45690,45289.59,400.4100000000035
17806,17810.806666666667,-4.806666666667297
19111,19388.383333333335,-277.38333333333503
23134,23040.443333333333,93.5566666666673
52040,56607.18,-4567.18
5553,5541.803333333333,11.196666666666715
7306,7551.85,-245.85000000000036
26459,26509.31,-50.31000000000131
15550,15781.473333333333,-231.47333333333336
32670,26938.846666666668,5731.153333333332
25063,25029.653333333332,33.34666666666817
8628,8665.743333333334,-37.743333333333794
31660,30200.226666666666,1459.7733333333344
20410,23579.437777777777,-3169.4377777777772
7190,6339.433333333333,850.5666666666666
29573,26323.79,3249.209999999999
35909,34407.37333333334,1501.6266666666634
32659,32603.893333333333,55.10666666666657
20895,24510.44,-3615.4399999999987
4038,5086.553333333333,-1048.5533333333333
70182,61221.996666666666,8960.003333333334
1774,2613.3366666666666,-839.3366666666666
1310,1916.1466666666668,-606.1466666666668
64389,60031.10333333333,4357.896666666667
46313,48628.706666666665,-2315.706666666665
44515,43430.693333333336,1084.3066666666637
17972,18608.166666666668,-636.1666666666679
33814,33401.38,412.6200000000026
39977,38628.136666666665,1348.8633333333346
6950,7087.923333333333,-137.92333333333318
11202,13052.941666666668,-1850.9416666666675
7133,7592.926666666666,-459.9266666666663
33446,31721.626666666667,1724.373333333333
7160,6882.903333333334,277.09666666666635
19999,20047.07,-48.06999999999971
25855,32917.78666666667,-7062.786666666667
25072,26420.003333333334,-1348.003333333334
54917,42073.55,12843.449999999997
10190,24373.17,-14183.169999999998
4779,6043.446666666667,-1264.4466666666667
8215,7005.046666666667,1209.953333333333
73777,67322.21,6454.789999999994
46928,38390.056666666664,8537.943333333336
28663,27456.113333333335,1206.8866666666654
5851,10885.398333333333,-5034.398333333333
10035,10182.123333333333,-147.123333333333
6023,13876.486666666666,-7853.486666666666
8612,9102.95,-490.9500000000007
24843,23912.896666666667,930.1033333333326
26120,26193.353333333333,-73.35333333333256
2199,3595.1966666666667,-1396.1966666666667
310,3950.83,-3640.83
1969,6254.786666666667,-4285.786666666667
39376,40322.27333333333,-946.2733333333308
3583,3809.9266666666667,-226.92666666666673
50134,49241.60333333333,892.3966666666674
7306,7492.4766666666665,-186.47666666666646
52927,54396.34,-1469.3399999999965
13768,21841.976666666666,-8073.976666666666
3574,4067.1366666666668,-493.13666666666677
55160,54930.78661111111,229.21338888889295
27351,27131.548666666666,219.45133333333433
40241,32077.81,8163.189999999999
37501,22443.083333333332,15057.916666666668
13898,12298.07,1599.9300000000003
21001,20839.78,161.22000000000116
4390,833.7666666666667,3556.2333333333336
17589,17808.366666666665,-219.36666666666497
12784,11187.83,1596.17
63563,59244.49105555557,4318.508944444431
15569,15791.676666666666,-222.67666666666628
18493,32163.22333333333,-13670.223333333332
4367,4519.746666666667,-152.7466666666669
41849,40538.73,1310.2699999999968
78121,66327.65333333334,11793.346666666665
7609,5584.256666666667,2024.7433333333329
4278,3250.9366666666665,1027.0633333333335
3439,4512.193333333334,-1073.1933333333336
29536,31420.536666666667,-1884.5366666666669
8154,8019.623333333333,134.376666666667
21345,21257.29,87.70999999999913
12278,12682.796666666667,-404.7966666666671
15416,13946.186666666666,1469.8133333333335
36591,36476.738000000005,114.26199999999517
6709,6792.4,-83.39999999999964
56652,52998.17,3653.8300000000017
25755,25796.673333333332,-41.673333333332266
490,3012.3166666666666,-2522.3166666666666
42275,43697.89666666667,-1422.8966666666674
16828,18138.63,-1310.630000000001
8559,8470.556666666667,88.4433333333327
4849,5096.123333333333,-247.123333333333
659,1569.43,-910.4300000000001
61103,59327.77,1775.2300000000032
35390,34802.06,587.9400000000023
12773,13956.28,-1183.2800000000007
6389,6127.736666666667,261.2633333333333
976,13565.723333333333,-12589.723333333333
43489,38557.04666666667,4931.953333333331
35295,35204.47,90.52999999999884
819,13947.48,-13128.48
45133,40915.65,4217.3499999999985
5657,6090.676666666666,-433.6766666666663
8945,9124.443333333333,-179.4433333333327
31791,33018.39666666667,-1227.3966666666674
24420,24061.016666666666,358.9833333333336
57692,54938.0,2754.0
18814,18879.26,-65.2599999999984
26232,25491.183333333334,740.8166666666657
76013,76069.52666666667,-56.5266666666721
5653,5578.283333333334,74.71666666666624
52260,44725.66333333333,7534.33666666667
51485,49426.87777777777,2058.1222222222277
40444,39994.72666666667,449.2733333333308
18645,18166.18,478.8199999999997
1141,1586.46,-445.46000000000004
7625,8626.893333333333,-1001.8933333333334
60165,49329.63,10835.370000000003
20141,19628.68666666667,512.3133333333317
34206,29999.66,4206.34
34083,32864.04,1218.9599999999991
24533,24794.433333333334,-261.4333333333343
11245,10154.973333333333,1090.0266666666666
9019,10997.593333333334,-1978.5933333333342
26036,24093.693333333333,1942.3066666666673
154,2621.766666666667,-2467.766666666667
30847,30320.116666666665,526.883333333335
19891,22991.893333333333,-3100.8933333333334
33648,33312.46333333333,335.53666666666686
35654,35635.566666666666,18.433333333334303
20690,17801.086666666666,2888.913333333334
2039,3446.3533333333335,-1407.3533333333335
55407,55377.13,29.87000000000262
5755,7364.8,-1609.8000000000002
16335,19057.376666666667,-2722.376666666667
13595,14709.193333333333,-1114.1933333333327
11215,14349.916666666666,-3134.916666666666
25135,37501.00666666667,-12366.006666666668
22411,22355.39,55.61000000000058
41980,17820.423333333332,24159.576666666668
11534,11661.296666666667,-127.29666666666708
8306,11014.313333333334,-2708.3133333333335
45365,40950.456666666665,4414.543333333335
7816,8475.983333333334,-659.9833333333336
35726,36013.46,-287.4599999999991
8803,8505.443333333333,297.5566666666673
16169,16354.68,-185.6800000000003
30178,30094.26,83.7400000000016
53129,48512.50666666667,4616.493333333332
1135,2566.2566666666667,-1431.2566666666667
31860,33520.38,-1660.3799999999974
18377,18666.383333333335,-289.38333333333503
69817,68777.10333333333,1039.8966666666674
34208,31060.193333333333,3147.8066666666673
26613,14876.733333333334,11736.266666666666
17538,18092.163333333334,-554.1633333333339
37833,27835.366666666665,9997.633333333335
11741,12733.383333333333,-992.3833333333332
46703,45858.223333333335,844.7766666666648
26110,26268.355555555558,-158.35555555555766
12957,13060.856666666667,-103.85666666666657
4071,5440.2266666666665,-1369.2266666666665
3264,3338.86,-74.86000000000013
6651,8211.873333333333,-1560.873333333333
53296,49461.03333333333,3834.966666666667
6571,7376.473333333333,-805.4733333333334
33160,20551.806666666667,12608.193333333333
27012,25460.376666666667,1551.623333333333
62532,61063.12333333334,1468.8766666666634
3136,2061.79,1074.21
17437,16466.46,970.5400000000009
39695,36638.58666666667,3056.4133333333302
4388,7150.283333333334,-2762.2833333333338
12792,13100.913333333334,-308.91333333333387
10082,10034.7,47.29999999999927
24272,24510.263333333332,-238.2633333333324
73582,67354.07666666666,6227.9233333333395
7755,8242.036666666667,-487.03666666666686
32219,32598.263333333332,-379.2633333333324
6232,7245.35,-1013.3500000000004
4364,26830.933333333334,-22466.933333333334
16832,17507.036666666667,-675.0366666666669
33121,32326.503333333334,794.496666666666
32261,27947.993333333332,4313.006666666668
9588,10039.996666666666,-451.996666666666
47211,43758.1,3452.9000000000015
65902,49180.90666666667,16721.09333333333
30004,28948.87,1055.130000000001
54255,41856.97,12398.029999999999
10106,12664.43,-2558.4300000000003
23886,25360.786666666667,-1474.7866666666669
8737,9968.01,-1231.0100000000002
18786,20049.696666666667,-1263.6966666666667
13430,16401.37,-2971.369999999999
10208,10590.75,-382.75
8987,8977.313333333334,9.686666666666497
13537,13234.54,302.4599999999991
4510,4046.7566666666667,463.24333333333334
841,2223.91,-1382.9099999999999
22745,22752.78,-7.779999999998836
14122,14344.356666666667,-222.35666666666657
27396,27650.856666666667,-254.85666666666657
38191,38496.09,-305.0899999999965
1968,2168.57,-200.57000000000016
15519,26805.105555555554,-11286.105555555554
63393,53392.11666666667,10000.883333333331
39174,37024.753333333334,2149.246666666666
40226,39570.833333333336,655.1666666666642
19596,19228.896666666667,367.10333333333256
21548,13334.99,8213.01
12184,21385.273333333334,-9201.273333333334
3744,12345.99,-8601.99
6317,14197.263333333334,-7880.263333333334
12944,13261.126666666667,-317.126666666667
492,3405.5933333333332,-2913.5933333333332
26544,27444.956444444444,-900.9564444444441
40772,36882.19666666666,3889.803333333337
42658,47378.72,-4720.720000000001
46498,46226.88,271.1200000000026
24059,24244.29,-185.29000000000087
2742,2910.866666666667,-168.8666666666668
7994,7391.03,602.9700000000003
1764,5350.41,-3586.41
26114,18269.726666666666,7844.273333333334
12993,13727.276666666667,-734.2766666666666
25258,25980.736666666668,-722.7366666666676
53086,49573.46333333333,3512.536666666667
2785,7447.4766666666665,-4662.4766666666665
15797,18947.761333333336,-3150.7613333333356
3950,5239.486666666667,-1289.4866666666667
41343,37677.75666666667,3665.243333333332
23582,22649.36,932.6399999999994
17969,18069.216666666667,-100.21666666666715
45859,46467.863333333335,-608.8633333333346
5763,13084.22,-7321.219999999999
6034,10064.906666666666,-4030.906666666666
36096,41754.2,-5658.199999999997
23786,22928.58,857.4199999999983
18989,21995.516666666666,-3006.5166666666664
499,8524.496666666666,-8025.496666666666
3616,3850.7433333333333,-234.74333333333334
12292,12968.916666666666,-676.9166666666661
12643,14327.423333333334,-1684.423333333334
6266,7063.2266666666665,-797.2266666666665
3587,4084.38,-497.3800000000001
56855,35422.403333333335,21432.596666666665
19490,19382.356666666667,107.64333333333343
25255,25390.403333333332,-135.40333333333183
7528,8121.683333333333,-593.6833333333334
35434,35277.916666666664,156.08333333333576
38320,38100.21,219.79000000000087
11738,13059.94,-1321.9400000000005
1141,2593.77,-1452.77
10848,16124.443333333333,-5276.443333333333
30233,30100.406666666666,132.59333333333416
20100,19732.546666666665,367.45333333333474
52575,51639.238333333335,935.7616666666654
65204,65048.58666666667,155.41333333333023
38373,37021.823333333334,1351.1766666666663
39375,39622.263333333336,-247.26333333333605
18814,18157.743333333332,656.256666666668
13857,13582.163333333334,274.83666666666613
0,8471.133333333333,-8471.133333333333
13515,13491.14,23.860000000000582
29667,29222.683333333334,444.3166666666657
19596,19317.81,278.1899999999987
13560,12397.666666666666,1162.333333333334
15497,7316.09,8180.91
21119,20983.283333333333,135.71666666666715
2618,5722.14,-3104.1400000000003
35627,35603.51,23.489999999997963
68277,67230.28,1046.7200000000012
24963,24705.55,257.4500000000007
14165,14111.063333333334,53.9366666666665
26920,26445.22333333333,474.77666666666846
163,1455.8,-1292.8
76198,33150.013333333336,43047.986666666664
23748,25837.386666666665,-2089.3866666666654
58167,38502.45333333333,19664.54666666667
813,2072.2466666666664,-1259.2466666666664
25438,24614.616666666665,823.383333333335
55687,40584.121666666666,15102.878333333334
8233,8998.59,-765.5900000000001
7817,8552.43,-735.4300000000003
5186,6584.03,-1398.0299999999997
14772,14708.78,63.219999999999345
10514,10689.22,-175.21999999999935
11239,11169.343333333334,69.65666666666584
65289,64725.653333333335,563.3466666666645
4644,5061.326666666667,-417.3266666666668
2745,2639.33,105.67000000000007
19080,19066.623333333333,13.376666666667006
14070,12640.826666666666,1429.173333333334
21388,23501.806666666667,-2113.8066666666673
54905,54794.34911111111,110.65088888889295
7306,7789.126666666667,-483.126666666667
30877,31648.77,-771.7700000000004
6853,8224.8,-1371.7999999999993
31685,31099.0,586.0
21821,16220.046666666667,5600.953333333333
3469,3497.76,-28.76000000000022
28688,28786.39,-98.38999999999942
19761,21379.966666666667,-1618.9666666666672
2936,2875.6433333333334,60.35666666666657
25771,25933.003333333334,-162.003333333334
16074,16255.22,-181.21999999999935
61547,60195.7,1351.300000000003
32603,31777.246666666666,825.753333333334
67112,63687.056666666664,3424.9433333333363
16838,16590.193333333333,247.8066666666673
832,991.9066666666666,-159.90666666666664
1327,3738.4533333333334,-2411.4533333333334
28071,28127.55,-56.54999999999927
6510,7954.153333333334,-1444.1533333333336
3429,3880.5833333333335,-451.5833333333335
37754,39763.596666666665,-2009.5966666666645
22717,42078.721666666665,-19361.721666666665
32382,32681.051666666666,-299.0516666666663
63747,62544.03666666667,1202.9633333333331
6347,6406.933333333333,-59.933333333333394
3125,3212.08,-87.07999999999993
15534,15350.643333333333,183.35666666666657
24853,25179.18,-326.1800000000003
49735,49583.17333333333,151.82666666666773
48424,47549.33,874.6699999999983
43133,42072.6,1060.4000000000015
50602,36424.263333333336,14177.736666666664
14142,14982.983333333334,-840.9833333333336
14386,14510.933333333332,-124.93333333333248
6790,7819.836666666667,-1029.836666666667
70970,65340.43444444445,5629.5655555555495
6993,8389.343333333334,-1396.3433333333342
32356,29219.876666666667,3136.123333333333
8129,9199.266666666666,-1070.2666666666664
47305,47298.1,6.900000000001455
813,1054.7033333333334,-241.70333333333338
64222,61125.58666666667,3096.4133333333302
18825,19941.48,-1116.4799999999996
54268,47447.45,6820.550000000003
9196,12041.736666666666,-2845.7366666666658
26615,22917.53,3697.470000000001
10455,11061.49,-606.4899999999998
67721,53923.44,13797.559999999998
37051,36506.416666666664,544.5833333333358
8890,9225.976666666667,-335.97666666666737
12944,15966.243333333334,-3022.243333333334
4696,4227.863333333334,468.1366666666663
5014,16201.47,-11187.47
5015,4654.3533333333335,360.64666666666653
7931,7906.88,24.11999999999989
62193,7958.7266666666665,54234.27333333333
16023,19017.54,-2994.540000000001
5015,5070.97,-55.970000000000255
9872,9951.163333333334,-79.16333333333387
22253,22189.046666666665,63.95333333333474
17489,18428.566666666666,-939.5666666666657
7336,22163.636666666665,-14827.636666666665
9162,4890.713333333333,4271.286666666667
19095,18619.176666666666,475.8233333333337
16195,18785.613333333335,-2590.6133333333346
2441,2753.786666666667,-312.78666666666686
26014,24794.88,1219.119999999999
25272,25422.866666666665,-150.86666666666497
63727,35634.21666666667,28092.783333333333
49887,49088.386666666665,798.6133333333346
10106,16268.976666666667,-6162.976666666667
21727,23968.63,-2241.630000000001
11654,11217.62,436.3799999999992
58333,36018.386666666665,22314.613333333335
2297,3947.1766666666667,-1650.1766666666667
13269,13256.696666666667,12.303333333333285
57647,54220.68666666667,3426.3133333333317
39046,33007.263333333336,6038.736666666664
1631,3821.2733333333335,-2190.2733333333335
828,6009.083333333333,-5181.083333333333
3097,3547.9533333333334,-450.9533333333334
477,7950.846666666666,-7473.846666666666
12483,12504.696666666667,-21.696666666666715
22117,22319.356666666667,-202.35666666666657
1795,2598.66,-803.6599999999999
4049,4133.013333333333,-84.01333333333332
67343,58459.496666666666,8883.503333333334
1626,2681.036666666667,-1055.0366666666669
32771,32714.896666666667,56.10333333333256
13342,13227.976666666667,114.02333333333263
20518,18925.42,1592.5800000000017
26194,26768.926666666666,-574.9266666666663
12784,13896.25,-1112.25
13580,13930.646666666667,-350.64666666666744
45499,44851.8355,647.164499999999
9937,15288.29,-5351.290000000001
6283,26648.51615873016,-20365.51615873016
18421,17796.18666666667,624.8133333333317
7584,7054.663333333333,529.336666666667
26876,19941.1,6934.9000000000015
28353,28146.93,206.0699999999997
8882,8803.406666666666,78.59333333333416
1659,8016.386666666666,-6357.386666666666
4553,14887.44,-10334.44
24041,24510.79,-469.7900000000009
46340,46452.68,-112.68000000000029
12939,14920.013333333334,-1981.0133333333342
1936,2059.076666666667,-123.07666666666682
5214,4792.16,421.84000000000015
29489,18467.9,11021.099999999999
18470,19349.42,-879.4199999999983
42480,42095.056666666664,384.94333333333634
56239,56801.39333333333,-562.3933333333334
20611,21094.233333333334,-483.2333333333336
5207,10432.48,-5225.48
29545,29619.573333333334,-74.57333333333372
42938,35518.10666666667,7419.893333333333
24426,24354.246666666666,71.75333333333401
3549,4023.37,-474.3699999999999
40336,39687.26,648.739999999998
19217,18735.226666666666,481.77333333333445
5992,4661.083333333333,1330.916666666667
10022,9971.336666666666,50.66333333333387
26435,25575.44,859.5600000000013
1135,1443.73,-308.73
21471,22670.316666666666,-1199.3166666666657
5256,1416.0066666666667,3839.9933333333333
48637,48289.09333333333,347.9066666666695
15182,19721.86,-4539.860000000001
19488,19754.27,-266.27000000000044
25040,23154.256666666668,1885.743333333332
14827,12430.163333333334,2396.836666666666
29502,29679.606666666667,-177.60666666666657
57877,57747.49916666667,129.50083333333168
8642,9253.096666666666,-611.0966666666664
36821,35410.50666666667,1410.493333333332
20446,19391.94,1054.0600000000013
41668,39597.19666666666,2070.803333333337
38848,39011.953,-163.95300000000134
10676,10733.88,-57.8799999999992
5830,1414.8133333333333,4415.1866666666665
5458,9506.81,-4048.8099999999995
28948,31442.04,-2494.040000000001
5337,4771.156666666667,565.8433333333332
35711,34395.33,1315.6699999999983
8895,27787.56,-18892.56
27691,27906.82222222222,-215.82222222222117
14350,14999.98,-649.9799999999996
11826,13569.933333333332,-1743.9333333333325
59247,57919.096666666665,1327.9033333333355
19028,15758.786666666667,3269.213333333333
2131,2318.1833333333334,-187.1833333333334
16016,17828.696666666667,-1812.6966666666667
2256,4414.096666666666,-2158.0966666666664
7258,11566.35,-4308.35
14673,13377.763333333334,1295.2366666666658
65738,20109.196666666667,45628.80333333333
6578,6778.57,-200.5699999999997
3264,6524.466666666666,-3260.4666666666662
11621,12944.58,-1323.58
12788,13568.83,-780.8299999999999
24347,23616.54,730.4599999999991
10019,10068.03,-49.030000000000655
23120,22182.736666666668,937.2633333333324
14617,26879.463333333333,-12262.463333333333
11334,12790.623333333333,-1456.623333333333
17559,15684.21,1874.7900000000009
20890,23918.716666666667,-3028.716666666667
2975,2830.786666666667,144.21333333333314
12717,12827.293333333333,-110.29333333333307
4522,4755.5233333333335,-233.52333333333354
14071,11477.893333333333,2593.1066666666666
3392,4685.356666666667,-1293.3566666666666
327,13641.76,-13314.76
23258,23588.543333333335,-330.5433333333349
33210,33503.3,-293.3000000000029
9759,8873.773333333333,885.2266666666674
6776,7088.6466666666665,-312.64666666666653
3232,4359.406666666667,-1127.4066666666668
2612,2973.3966666666665,-361.39666666666653
74283,63633.456666666665,10649.543333333335
322,1795.16,-1473.16
4859,5523.0,-664.0
36307,35968.71666666667,338.28333333333285
21961,21424.986666666668,536.0133333333324
14513,14264.926666666666,248.07333333333372
33904,33850.17333333333,53.826666666667734
23520,25545.05555555556,-2025.0555555555584
2931,3165.88,-234.8800000000001
59414,58121.62666666666,1292.3733333333366
36546,35165.39666666667,1380.6033333333326
33317,33553.86,-236.86000000000058
320,3188.59,-2868.59
18214,18362.22,-148.22000000000116
638,677.29,-39.289999999999964
42628,41720.9,907.0999999999985
24570,24237.773333333334,332.22666666666555
1138,39002.97666666667,-37864.97666666667
10719,10078.623333333333,640.376666666667
18675,19061.26,-386.2599999999984
2598,2221.5666666666666,376.4333333333334
29594,27302.793333333335,2291.206666666665
14425,20037.396666666667,-5612.396666666667
21664,20686.506666666668,977.493333333332
8163,8378.566666666668,-215.56666666666752
41565,39915.176666666666,1649.8233333333337
38767,38009.21333333333,757.7866666666669
45160,44924.21666666667,235.78333333333285
10082,9547.163333333334,534.8366666666661
25152,26518.633333333335,-1366.633333333335
53363,49270.82,4092.1800000000003
45457,45237.1,219.90000000000146
17987,18076.98,-89.97999999999956
25744,23467.17,2276.8300000000017
6416,6302.376666666667,113.623333333333
2419,2585.56,-166.55999999999995
30004,30008.19,-4.18999999999869
19818,20262.706666666665,-444.7066666666651
36008,23459.053333333333,12548.946666666667
64817,22148.33,42668.67
28189,28347.266666666666,-158.26666666666642
23447,23159.26,287.7400000000016
1608,1726.5266666666666,-118.52666666666664
32823,32777.52,45.4800000000032
60918,58096.98333333333,2821.01666666667
16686,21247.263333333332,-4561.263333333332
57884,57918.64,-34.63999999999942
35689,33802.58,1886.4199999999983
828,4959.53,-4131.53
9306,10373.546666666667,-1067.546666666667
73456,61909.15444444444,11546.845555555563
66833,40625.736666666664,26207.263333333336
13597,12889.493333333334,707.5066666666662
56259,56359.236666666664,-100.23666666666395
19843,18667.163333333334,1175.8366666666661
46005,28937.803333333333,17067.196666666667
64402,10664.153333333334,53737.846666666665
7329,7892.3,-563.3000000000002
55029,47322.84,7706.1600000000035
38437,37317.683333333334,1119.3166666666657
820,1489.2233333333334,-669.2233333333334
2076,4002.1666666666665,-1926.1666666666665
68380,44901.968888888885,23478.031111111115
46958,45415.74333333333,1542.256666666668
20719,22846.073333333334,-2127.0733333333337
2908,2909.9866666666667,-1.9866666666666788
45323,44506.81,816.1900000000023
35124,23121.14,12002.86
21514,20144.505,1369.494999999999
12793,13929.78,-1136.7800000000007
38068,38342.95333333333,-274.9533333333311
13581,13469.286666666667,111.71333333333314
1992,2484.9133333333334,-492.9133333333334
66461,15471.95,50989.05
2319,2450.57,-131.57000000000016
14781,23469.376666666667,-8688.376666666667
13835,15046.563333333334,-1211.5633333333335
39729,34032.746666666666,5696.253333333334
4231,4400.816666666667,-169.8166666666666
42893,38225.003333333334,4667.996666666666
7955,8810.336666666666,-855.3366666666661
1450,1614.9166666666667,-164.91666666666674
52614,51887.776666666665,726.2233333333352
32496,32688.836666666666,-192.83666666666613
21183,21057.94,125.06000000000131
45091,43474.38,1616.6200000000026
24938,24174.183333333334,763.8166666666657
8435,9179.763333333334,-744.7633333333342
15813,15576.046666666667,236.95333333333292
64050,56706.53333333333,7343.466666666667
38153,28006.03,10146.970000000001
4130,4694.723333333333,-564.7233333333334
7481,7675.48,-194.47999999999956
3976,4389.713333333333,-413.71333333333314
58218,57839.165,378.8349999999991
5099,9443.27,-4344.27
17382,17829.76,-447.7599999999984
30401,19693.174444444445,10707.825555555555
31035,31620.418888888886,-585.4188888888857
68888,59280.111666666664,9607.888333333336
51408,51420.473333333335,-12.473333333335177
12455,13601.7,-1146.7000000000007
14498,20909.704444444447,-6411.704444444447
11082,12705.836666666666,-1623.8366666666661
26044,30353.046666666665,-4309.046666666665
10266,14727.063333333334,-4461.0633333333335
19678,19781.06333333333,-103.06333333333168
3726,4422.3533333333335,-696.3533333333335
60586,59187.47,1398.5299999999988
48243,47904.94,338.0599999999977
14667,20144.263333333332,-5477.263333333332
31609,30916.086666666666,692.9133333333339
40326,38872.741111111114,1453.2588888888858
46947,45955.17,991.8300000000017
23633,19975.676666666666,3657.3233333333337
61602,56876.82,4725.18
11218,6411.25,4806.75
42471,36607.26666666667,5863.73333333333
7680,7247.89,432.1099999999997
26612,26264.116666666665,347.88333333333503
18139,18310.27,-171.27000000000044
56409,56832.18,-423.1800000000003
31664,31507.49,156.5099999999984
7639,8042.913333333333,-403.91333333333296
22416,23385.553333333333,-969.5533333333333
6149,12810.09,-6661.09
11159,8573.223333333333,2585.7766666666666
13779,13552.06,226.9400000000005
36539,34737.456666666665,1801.5433333333349
38007,34785.87333333334,3221.1266666666634
35635,35869.12666666666,-234.12666666666337
9437,9412.45,24.549999999999272
4614,5561.923333333333,-947.9233333333332
32572,25060.483333333334,7511.516666666666
12955,13057.683333333332,-102.68333333333248
31427,33255.14,-1828.1399999999994
29375,29341.22,33.779999999998836
30227,30560.683333333334,-333.6833333333343
19209,20402.356666666667,-1193.3566666666666
35944,36115.77333333333,-171.7733333333308
15963,19267.733333333334,-3304.7333333333336
48488,47407.736666666664,1080.263333333336
5943,6660.8,-717.8000000000002
12867,23579.53,-10712.529999999999
52993,52372.952492063494,620.047507936506
10075,8670.016666666666,1404.9833333333336
8806,9092.293333333333,-286.29333333333307
7501,8490.17,-989.1700000000001
57309,49755.57222222222,7553.4277777777825
32708,32475.873888888895,232.12611111110527
31625,31747.0,-122.0
8131,11269.166666666666,-3138.166666666666
20165,19985.696666666667,179.30333333333328
51319,49752.29,1566.7099999999991
11538,36907.23922222223,-25369.239222222233
11753,11406.906666666666,346.09333333333416
1306,3278.8933333333334,-1972.8933333333334
34963,35133.56333333333,-170.56333333333168
56002,53984.07666666667,2017.9233333333323
60162,57699.0,2463.0
36612,38531.323333333334,-1919.3233333333337
24371,27085.43,-2714.4300000000003
21606,21328.693333333333,277.3066666666673
9036,10928.29,-1892.2900000000009
29313,39639.183333333334,-10326.183333333334
58819,55809.49,3009.510000000002
161,4127.4366666666665,-3966.4366666666665
59698,55917.23333333333,3780.76666666667
10011,10509.616666666667,-498.6166666666668
42374,41081.29,1292.7099999999991
23084,22913.876666666667,170.123333333333
3609,4136.69,-527.6899999999996
52217,42432.39833333333,9784.60166666667
39757,33057.54666666667,6699.453333333331
46450,45289.82555555555,1160.1744444444485
22273,21856.246666666666,416.753333333334
25525,26794.336666666666,-1269.3366666666661
19835,20018.463333333333,-183.46333333333314
18479,17864.09,614.9099999999999
41868,30145.823333333334,11722.176666666666
8805,8840.15,-35.149999999999636
9143,9850.346666666666,-707.3466666666664
48967,42628.957777777774,6338.042222222226
34763,30865.79,3897.209999999999
60564,60316.486666666664,247.51333333333605
14460,18270.123333333333,-3810.123333333333
12655,13197.756666666666,-542.7566666666662
42154,41525.505,628.4950000000026
29312,26961.633333333335,2350.366666666665
7795,9425.396666666667,-1630.3966666666674
5797,7020.43,-1223.4300000000003
25071,24757.126666666667,313.873333333333
49037,48180.46922222222,856.530777777778
30251,30080.296666666665,170.70333333333474
54280,43762.07,10517.93
8954,11870.531666666666,-2916.531666666666
44099,41640.83666666667,2458.1633333333302
19321,37458.95333333333,-18137.95333333333
27086,23972.27,3113.7299999999996
8755,9450.636666666667,-695.6366666666672
13594,14471.203333333333,-877.2033333333329
53653,51397.71222222222,2255.287777777783
3251,3410.55,-159.55000000000018
5519,6086.863333333334,-567.8633333333337
53261,49897.87,3363.1299999999974
71205,53034.25,18170.75
1969,1783.4766666666667,185.5233333333333
9279,9311.056666666667,-32.0566666666673
4206,4863.593333333333,-657.5933333333332
37735,37687.96,47.04000000000087
9543,12187.33,-2644.33
21152,19431.27666666667,1720.7233333333315
38313,29225.256666666668,9087.743333333332
10944,10708.01,235.98999999999978
25730,25104.266666666666,625.7333333333336
17063,19629.306944444445,-2566.3069444444445
15858,21556.94,-5698.939999999999
14352,14279.316666666668,72.68333333333248
25891,11087.253333333334,14803.746666666666
5860,8544.9,-2684.8999999999996
6749,17298.52,-10549.52
4773,3731.2066666666665,1041.7933333333335
72471,71916.36,554.6399999999994
10819,11358.996666666666,-539.996666666666
14393,4681.29,9711.71
11864,12329.08,-465.0799999999999
38008,38183.37666666666,-175.37666666666337
2095,3922.423333333333,-1827.4233333333332
22085,26366.79,-4281.790000000001
10886,7451.92,3434.08
43819,43619.81333333333,199.18666666666832
11210,10736.286666666667,473.71333333333314
5992,6009.016666666666,-17.016666666666424
14942,15862.016666666666,-920.0166666666664
3905,6654.07,-2749.0699999999997
11926,11656.63,269.3700000000008
39000,38284.10333333333,715.8966666666674
75555,47124.53333333333,28430.466666666667
17817,19296.22333333333,-1479.2233333333315
967,2885.016666666667,-1918.0166666666669
47917,48801.10166666667,-884.1016666666692
40188,33369.57,6818.43
17973,18925.43,-952.4300000000003
12929,13171.733333333334,-242.73333333333358
28257,31734.386111111107,-3477.3861111111073
21622,22259.02,-637.0200000000004
48816,39012.346666666665,9803.653333333335
7520,7779.236666666667,-259.2366666666667
35967,35946.28333333333,20.71666666666715
65236,51431.306666666664,13804.693333333336
496,945.4133333333333,-449.4133333333333
44816,42419.15,2396.8499999999985
59603,55681.75666666667,3921.243333333332
23203,25475.696666666667,-2272.6966666666667
50971,48773.06333333333,2197.9366666666683
20031,18913.953333333335,1117.0466666666653
58324,57867.846666666665,456.15333333333547
7499,7281.53,217.47000000000025
4855,4846.263333333333,8.736666666666679
13170,12912.856666666667,257.14333333333343
15993,17588.246666666666,-1595.246666666666
8134,8472.11,-338.1100000000006
17654,25564.24,-7910.240000000002
40189,42868.846666666665,-2679.8466666666645
23866,24095.638888888887,-229.63888888888687
56562,56377.73333333333,184.26666666667006
63397,59244.49105555557,4152.508944444431
345,1151.0633333333333,-806.0633333333333
76038,40756.92,35281.08
46138,45729.83714285714,408.16285714285914
8314,8228.333333333334,85.66666666666606
45521,45179.253333333334,341.746666666666
34729,34677.78333333333,51.21666666666715
2742,2509.826666666667,232.17333333333318
43813,42282.87333333334,1530.1266666666634
17315,15083.01,2231.99
31196,33434.678222222225,-2238.6782222222246
19849,27830.85,-7981.8499999999985
14066,12785.973333333333,1280.0266666666666
7520,7161.266666666666,358.7333333333336
11826,11868.886666666667,-42.886666666667224
7011,8272.226666666667,-1261.2266666666674
36328,35481.596666666665,846.4033333333355
26763,33072.1,-6309.0999999999985
37300,33971.526666666665,3328.473333333335
27919,28324.933333333334,-405.9333333333343
158,6334.92,-6176.92
26927,24322.68222222222,2604.3177777777782
60286,57297.403333333335,2988.5966666666645
5035,7050.496666666667,-2015.496666666667
50053,34379.70333333333,15673.296666666669
11888,12002.083333333334,-114.08333333333394
3101,3722.8766666666666,-621.8766666666666
10368,9105.406666666666,1262.5933333333342
76387,75879.78333333334,507.2166666666599
34237,33192.34333333333,1044.6566666666695
12591,12261.766666666666,329.2333333333336
44859,40621.096666666665,4237.9033333333355
3585,13973.6,-10388.6
43323,34843.73333333333,8479.26666666667
813,12883.073333333334,-12070.073333333334
73497,73093.73333333334,403.2666666666628
4526,4625.086666666667,-99.08666666666704
77219,74098.12,3120.8800000000047
1958,2156.69,-198.69000000000005
34752,37662.53333333333,-2910.533333333333
45323,44895.513333333336,427.48666666666395
968,1106.8466666666666,-138.84666666666658
34963,35085.433333333334,-122.4333333333343
17435,16976.88,458.119999999999
3480,3511.8733333333334,-31.87333333333345
46004,46154.22444444445,-150.22444444445136
20752,24176.85,-3424.8499999999985
20195,18926.583333333332,1268.4166666666679
0,2808.18,-2808.18
68606,66187.10666666667,2418.893333333326
7578,7888.053333333333,-310.0533333333333
7424,11669.2,-4245.200000000001
10423,10786.623333333333,-363.623333333333
33392,28099.786666666667,5292.213333333333
13160,18153.853333333333,-4993.853333333333
62433,62374.85333333333,58.14666666666744
30297,31656.06,-1359.0600000000013
29296,32349.783333333333,-3053.783333333333
37590,35773.043333333335,1816.9566666666651
18984,19102.726666666666,-118.72666666666555
9597,9659.77,-62.77000000000044
26247,26845.303333333333,-598.3033333333333
9124,12791.153333333334,-3667.1533333333336
28569,30032.05,-1463.0499999999993
18653,19922.926666666666,-1269.9266666666663
69780,70173.17666666667,-393.1766666666663
2938,3420.76,-482.7600000000002
3616,3689.1366666666668,-73.13666666666677
35499,35532.2,-33.19999999999709
46635,43111.11,3523.8899999999994
39951,40093.36666666667,-142.3666666666686
41415,41184.0,231.0
21178,19681.396666666667,1496.6033333333326
6540,6333.84,206.15999999999985
29963,38110.87333333334,-8147.873333333337
22048,22138.24,-90.2400000000016
10858,10678.473333333333,179.52666666666664
23797,20335.683333333334,3461.3166666666657
12413,12535.676666666666,-122.67666666666628
23418,25510.523333333334,-2092.5233333333344
2133,2305.266666666667,-172.26666666666688
158,680.4866666666667,-522.4866666666667
7320,7079.173333333333,240.82666666666682
5536,18597.536666666667,-13061.536666666667
71038,56448.61666666667,14589.383333333331
51451,50838.09,612.9100000000035
62583,62482.48,100.5199999999968
49756,49764.30333333334,-8.303333333336923
41329,41312.57,16.43000000000029
52315,51986.67,328.33000000000175
7268,9363.25,-2095.25
65866,65612.88666666667,253.11333333332732
56815,41667.00555555556,15147.99444444444
11408,11159.186666666666,248.8133333333335
18201,12256.973333333333,5944.026666666667
36733,36328.86666666667,404.1333333333314
52159,49531.11162698413,2627.8883730158705
15014,14861.946666666667,152.05333333333328
30551,32187.59833333333,-1636.5983333333315
36142,35689.543333333335,452.4566666666651
17276,13149.046666666667,4126.953333333333
10867,11105.186666666666,-238.1866666666665
1133,1591.8333333333333,-458.83333333333326
17870,18856.626666666667,-986.626666666667
27585,26870.176666666666,714.8233333333337
33671,32563.7,1107.2999999999993
30851,28814.846666666668,2036.1533333333318
35607,24940.593333333334,10666.406666666666
16121,18689.18666666667,-2568.1866666666683
24705,25775.116666666665,-1070.116666666665
35967,36087.88,-120.87999999999738
9573,9681.003333333334,-108.00333333333401
5622,7050.953333333333,-1428.953333333333
20559,20970.896666666667,-411.89666666666744
15218,16823.903333333332,-1605.9033333333318
4880,4907.626666666667,-27.626666666667006
28039,28833.053333333333,-794.0533333333333
18776,18897.58,-121.58000000000175
20929,20639.01,289.9900000000016
14071,20567.986666666668,-6496.986666666668
23893,23729.043333333335,163.95666666666511
7190,6829.77,360.22999999999956
37029,36423.496666666666,605.503333333334
11233,11459.476666666667,-226.47666666666737
4484,18232.895555555555,-13748.895555555555
49306,27776.39,21529.61
488,751.0233333333333,-263.0233333333333
27337,27849.976666666666,-512.9766666666656
13317,13382.803333333333,-65.80333333333328
7141,8675.35,-1534.3500000000004
318,2318.79,-2000.79
53573,50591.496666666666,2981.503333333334
70947,70944.98,2.0200000000040745
17305,15397.093333333334,1907.9066666666658
27105,27199.02,-94.02000000000044
18986,21752.31333333333,-2766.3133333333317
41959,36126.47666666667,5832.523333333331
44266,43173.83666666667,1092.1633333333302
8705,9466.813333333334,-761.8133333333335
31947,27230.986666666668,4716.013333333332
12929,13009.26,-80.26000000000022
2420,2578.8166666666666,-158.8166666666666
16538,16818.283333333333,-280.28333333333285
16001,17348.656666666666,-1347.6566666666658
11888,11997.186666666666,-109.1866666666665
31396,30776.923333333332,619.0766666666677
18352,18680.31,-328.3100000000013
18188,19450.146666666667,-1262.1466666666674
34888,34193.44666666666,694.5533333333369
30489,23698.753333333334,6790.246666666666
1432,5973.17,-4541.17
44478,42092.63,2385.3700000000026
76454,64623.653333333335,11830.346666666665
2133,6608.413333333333,-4475.413333333333
16497,20498.26,-4001.2599999999984
51966,50485.706666666665,1480.2933333333349
44803,43581.706666666665,1221.2933333333349
24739,24785.293333333335,-46.293333333334886
1312,1541.7833333333333,-229.7833333333333
15378,15618.74,-240.73999999999978
1128,1187.24,-59.24000000000001
13669,13335.253333333334,333.746666666666
4779,5156.19,-377.1899999999996
47069,9354.786666666667,37714.21333333333
33922,32967.15666666667,954.8433333333305
26038,24937.866666666665,1100.133333333335
29574,28832.383333333335,741.616666666665
4231,15502.803333333333,-11271.803333333333
30295,30557.903333333332,-262.90333333333183
58068,54405.71,3662.290000000001
17533,17568.843333333334,-35.84333333333416
54917,53646.13,1270.8700000000026
14144,16189.04,-2045.0400000000009
39254,38535.003333333334,718.996666666666
42320,42174.16333333333,145.83666666666977
20576,13414.87,7161.129999999999
5458,7327.113333333334,-1869.1133333333337
334,5822.9,-5488.9
24266,30189.238333333335,-5923.238333333335
21507,18669.433333333334,2837.5666666666657
11578,10389.896666666667,1188.1033333333326
26592,26996.886666666665,-404.8866666666654
19046,20296.943333333333,-1250.9433333333327
4343,3915.8,427.1999999999998
45474,45522.79666666667,-48.7966666666689
17153,17933.41,-780.4099999999999
24772,25312.826666666668,-540.8266666666677
50068,50117.70333333333,-49.7033333333311
11156,11424.826666666666,-268.8266666666659
319,4535.266666666666,-4216.266666666666
13055,11683.596666666666,1371.4033333333336
21750,18627.71,3122.290000000001
9290,8909.613333333333,380.3866666666672
56070,55770.59333333333,299.4066666666695
14402,10359.27,4042.7299999999996
71298,71023.91,274.0899999999965
23050,38494.14,-15444.14
19241,19734.11,-493.1100000000006
10022,10050.153333333334,-28.15333333333365
57611,57450.73444444445,160.2655555555466
8263,12518.753333333334,-4255.753333333334
69327,66926.97876984127,2400.0212301587308
66906,55631.6,11274.400000000001
42148,28299.03,13848.970000000001
49959,52603.87,-2644.8700000000026
8320,9725.086666666666,-1405.0866666666661
17669,17773.35,-104.34999999999854
983,1432.2566666666667,-449.25666666666666
54263,51471.43666666667,2791.5633333333317
5843,5648.78,194.22000000000025
30489,27801.253333333334,2687.746666666666
8058,7171.6033333333335,886.3966666666665
3901,4314.743333333333,-413.7433333333329
26705,25871.133333333335,833.866666666665
34698,31954.783333333333,2743.216666666667
15117,14429.05,687.9500000000007
54255,54006.97666666667,248.0233333333308
20502,20651.74,-149.7400000000016
13265,12994.043333333333,270.95666666666693
673,3391.9466666666667,-2718.9466666666667
44983,45074.9,-91.90000000000146
32367,32858.67333333333,-491.67333333333227
13838,13658.916666666666,179.08333333333394
66554,39950.816666666666,26603.183333333334
7357,7190.233333333334,166.76666666666642
823,1477.9766666666667,-654.9766666666667
29667,28280.19,1386.8100000000013
17354,23411.943333333333,-6057.943333333333
24903,24800.12,102.88000000000102
33349,31980.653333333332,1368.3466666666682
17972,17457.806666666667,514.1933333333327
22579,22309.626666666667,269.373333333333
5683,6196.046666666667,-513.0466666666671
6175,5077.413333333333,1097.586666666667
9776,14776.406666666666,-5000.406666666666
53465,50596.29666666667,2868.703333333331
40138,39657.793333333335,480.2066666666651
77009,77255.26333333334,-246.26333333333605
20294,17106.986666666668,3187.0133333333324
18304,19629.653333333332,-1325.6533333333318
36943,44490.87,-7547.870000000003
15048,35757.083333333336,-20709.083333333336
12035,29524.833333333332,-17489.833333333332
24609,25305.503333333334,-696.503333333334
4665,4411.74,253.26000000000022
34718,34788.81,-70.80999999999767
6175,8597.106666666667,-2422.1066666666666
169,2896.4533333333334,-2727.4533333333334
46020,46481.793333333335,-461.7933333333349
39212,38821.04666666667,390.9533333333311
53332,52685.6203888889,646.3796111111005
34432,25592.116666666665,8839.883333333335
30785,16038.196666666667,14746.803333333333
29039,29182.58,-143.58000000000175
17046,10701.613333333333,6344.386666666667
2955,8550.096666666666,-5595.096666666666
16851,19469.163333333334,-2618.163333333334
23418,22483.193333333333,934.8066666666673
72936,65335.17,7600.830000000002
41971,35840.7,6130.300000000003
10569,3387.383333333333,7181.616666666667
13322,14189.563333333334,-867.5633333333335
20249,19969.798333333332,279.20166666666773
16497,20245.286666666667,-3748.286666666667
33238,25753.153333333332,7484.846666666668
18150,17025.18666666667,1124.8133333333317
32113,26980.823333333334,5132.176666666666
19168,19827.243333333332,-659.243333333332
21644,20070.856666666667,1573.1433333333334
7817,25335.819722222222,-17518.819722222222
31394,31388.76,5.240000000001601
19760,19629.45,130.54999999999927
64878,63961.51666666667,916.4833333333299
4333,4392.943333333334,-59.94333333333361
27696,27809.243333333332,-113.24333333333198
12526,12580.983333333334,-54.983333333333576
17809,17833.083333333332,-24.08333333333212
10533,11016.503333333334,-483.503333333334
11888,11968.333333333334,-80.33333333333394
11830,13552.28,-1722.2800000000007
41905,40325.52555555556,1579.4744444444368
2132,5503.45,-3371.45
1777,2215.9766666666665,-438.97666666666646
18817,18745.083333333332,71.91666666666788
32164,32069.746666666666,94.25333333333401
20568,24488.507777777777,-3920.507777777777
46260,37994.316666666666,8265.683333333334
23407,24285.726666666666,-878.7266666666656
5383,7144.93,-1761.9300000000003
32407,32932.02333333333,-525.0233333333308
34795,34552.28,242.72000000000116
30941,30911.056666666667,29.943333333332703
12202,12241.223333333333,-39.22333333333336
13170,17396.593333333334,-4226.593333333334
8257,8013.16,243.84000000000015
15555,15532.683333333332,22.316666666667516
967,3027.91,-2060.91
29259,29364.203333333335,-105.20333333333474
8772,8457.81,314.1900000000005
38600,36581.14333333333,2018.8566666666666
3561,3175.116666666667,385.8833333333332
1968,2712.0133333333333,-744.0133333333333
21915,21806.416666666668,108.58333333333212
45581,44256.276666666665,1324.7233333333352
19928,20480.496666666666,-552.496666666666
8642,9651.47,-1009.4699999999993
11850,11779.2,70.79999999999927
49260,48963.806666666664,296.19333333333634
41658,40534.916666666664,1123.0833333333358
6876,6448.166666666667,427.83333333333303
23309,24168.753333333334,-859.753333333334
63938,63799.706666666665,138.29333333333489
19260,19301.383333333335,-41.38333333333503
15550,14321.76,1228.2399999999998
9573,9750.623333333333,-177.623333333333
30539,29929.77666666667,609.2233333333315
3882,3560.4766666666665,321.52333333333354
10734,10432.783333333333,301.21666666666715
55230,52401.823333333334,2828.1766666666663
29473,29502.736666666668,-29.73666666666759
16994,17249.863333333335,-255.8633333333346
59426,58647.82,778.1800000000003
15664,18397.11,-2733.1100000000006
19470,19835.133333333335,-365.13333333333503
16652,17769.983333333334,-1117.9833333333336
55358,52821.87,2536.1299999999974
75919,71622.87,4296.130000000005
16378,15192.71,1185.2900000000009
32746,24162.576666666668,8583.423333333332
32769,32623.206666666665,145.79333333333489
21786,20485.463333333333,1300.5366666666669
73259,66345.80666666667,6913.193333333329
12832,14422.44,-1590.4400000000005
8856,9885.29,-1029.2900000000009
0,5421.796666666667,-5421.796666666667
43840,39965.513333333336,3874.486666666664
18304,17488.736666666668,815.2633333333324
22143,21225.97333333333,917.0266666666685
10429,10183.153333333334,245.84666666666635
54163,53473.09972222222,689.9002777777787
3422,4976.946666666667,-1554.9466666666667
3120,3819.98,-699.98
14071,14183.426666666666,-112.42666666666628
73619,63306.201111111106,10312.798888888894
24036,20345.7,3690.2999999999993
41544,25752.906666666666,15791.093333333334
1795,1654.6766666666667,140.32333333333327
38121,36758.066666666666,1362.9333333333343
4036,4817.486666666667,-781.4866666666667
18206,18918.896666666667,-712.8966666666674
160,1322.59,-1162.59
20191,18595.463333333333,1595.5366666666669
22134,21663.44,470.5600000000013
10734,10693.773333333333,40.22666666666737
45805,47768.846666666665,-1963.8466666666645
13597,13442.366666666667,154.6333333333332
10051,11504.506666666666,-1453.5066666666662
10100,10746.253333333334,-646.253333333334
40087,30687.816666666666,9399.183333333334
31062,31239.81,-177.8100000000013
40492,40595.14666666667,-103.14666666666744
5061,7958.33,-2897.33
33434,34180.916666666664,-746.9166666666642
48112,47208.45333333333,903.5466666666689
1968,1818.8933333333334,149.10666666666657
13764,13029.236666666666,734.7633333333342
659,1588.3033333333333,-929.3033333333333
31793,26065.56,5727.439999999999
23569,24102.57,-533.5699999999997
22253,20500.716666666667,1752.2833333333328
3916,5454.393333333333,-1538.3933333333334
5343,5121.2733333333335,221.72666666666646
816,35004.81333333333,-34188.81333333333
18977,28467.116666666665,-9490.116666666665
